seed,max_neurons,layers,learn_rate,epoch,Hys_score,Hys_mse,Hys_rmse,Hys_mape
0,360,2,0.01,1,0.9856438040733337,0.013993557542562485,0.11829436817770525,1.9370251893997192
0,360,2,0.01,2,0.9816896915435791,0.017847778275609016,0.1335955773055718,4.648921966552734
0,360,2,0.01,3,0.9943515658378601,0.005505756009370089,0.07420078173018185,2.3317220211029053
0,360,2,0.01,4,0.9833838939666748,0.016196349635720253,0.1272648798204762,3.9620654582977295
0,360,2,0.01,5,0.9945306777954102,0.005331175401806831,0.07301489849206688,1.094764232635498
0,360,2,0.01,6,0.9808038473129272,0.01871124655008316,0.13678905859052895,1.532575249671936
0,360,2,0.01,7,0.9825199842453003,0.017038455232977867,0.13053143388846178,2.3132879734039307
0,360,2,0.01,8,0.9976205825805664,0.002319291001185775,0.04815901785943911,2.514686346054077
0,360,2,0.01,9,0.995904803276062,0.003991726785898209,0.06318011384841127,2.8308520317077637
0,360,2,0.01,10,0.9975643754005432,0.0023740886244922876,0.048724620311422516,0.6302962303161621
0,360,2,0.01,11,0.9973475933074951,0.002585433656349778,0.050847159766793056,2.048410177230835
0,360,2,0.01,12,0.9966852068901062,0.0032310737296938896,0.056842534511524816,0.6830766797065735
0,360,2,0.01,13,0.9920453429222107,0.007753742393106222,0.0880553371074475,1.3834764957427979
0,360,2,0.01,14,0.9980670809745789,0.0018840731354430318,0.04340591129607846,1.2279493808746338
0,360,2,0.01,15,0.9954648613929749,0.004420566838234663,0.06648734344395678,2.569706439971924
0,360,2,0.01,16,0.9938098192214966,0.006033804267644882,0.07767756605124083,1.0526247024536133
0,360,2,0.01,17,0.9972919821739197,0.002639615209773183,0.05137718569339102,1.5499690771102905
0,360,2,0.01,18,0.9982786774635315,0.001677840482443571,0.04096145117599682,0.9731662273406982
0,360,2,0.01,19,0.9956145286560059,0.004274668172001839,0.06538094655174272,0.6106477975845337
0,360,2,0.01,20,0.9968758821487427,0.003045173129066825,0.055183087346276895,2.096511125564575
0,360,2,0.01,21,0.9950748085975647,0.004800761118531227,0.06928752498488619,2.5591788291931152
0,360,2,0.01,22,0.9978113174438477,0.002133409958332777,0.04618885101767284,0.8716439604759216
0,360,2,0.01,23,0.9980218410491943,0.0019281785935163498,0.04391103043104716,0.9637464284896851
0,360,2,0.01,24,0.9978040456771851,0.002140503376722336,0.04626557442334782,1.1590635776519775
0,360,2,0.01,25,0.9968461990356445,0.0030741605442017317,0.05544511289736663,0.5206922292709351
0,360,2,0.01,26,0.9964920878410339,0.003419293090701103,0.058474721809522984,0.9339607357978821
0,360,2,0.01,27,0.9985683560371399,0.0013954949099570513,0.0373563235605038,0.5586974620819092
0,360,2,0.01,28,0.995230495929718,0.004649002104997635,0.06818359117117281,0.7009541392326355
0,360,2,0.01,29,0.9952380061149597,0.004641690291464329,0.06812995150052822,1.9516682624816895
0,360,2,0.01,30,0.9975973963737488,0.0023419097997248173,0.04839328258885542,0.6524055600166321
0,360,2,0.01,31,0.9984429478645325,0.0015177329769358039,0.03895809257312021,0.8280095458030701
0,360,2,0.01,32,0.9980406761169434,0.0019098316552117467,0.04370162073895826,1.0250921249389648
0,360,2,0.01,33,0.9987207055091858,0.0012469516368582845,0.035312202379040085,1.00155770778656
0,360,2,0.01,34,0.9982812404632568,0.0016753243980929255,0.040930726820970646,0.6851044297218323
0,360,2,0.01,35,0.9914392232894897,0.008344524540007114,0.09134836911520158,2.3676533699035645
0,360,2,0.01,36,0.9974308609962463,0.0025042586494237185,0.0500425683735729,0.6907010078430176
0,360,2,0.01,37,0.9981346130371094,0.0018182739149779081,0.04264122318810646,0.8060576915740967
0,360,2,0.01,38,0.993524432182312,0.006311976816505194,0.0794479503606304,2.1174497604370117
0,360,2,0.01,39,0.9980642795562744,0.001886826939880848,0.043437621250257796,0.8604507446289062
0,360,2,0.01,40,0.9983823895454407,0.00157674471847713,0.039708244968483936,0.6472364068031311
0,360,2,0.01,41,0.9926815629005432,0.007133543491363525,0.08446030719434737,0.776721179485321
0,360,2,0.01,42,0.9981006383895874,0.0018514110706746578,0.04302802657192935,1.3319438695907593
0,360,2,0.01,43,0.9985541701316833,0.0014093155041337013,0.0375408511375768,0.41633865237236023
0,360,2,0.01,44,0.9983657598495483,0.0015929804649204016,0.03991215936178349,1.036572813987732
0,360,2,0.01,45,0.9982819557189941,0.0016746189212426543,0.04092210797652846,0.6496032476425171
0,360,2,0.01,46,0.9968858361244202,0.0030354789923876524,0.05509518120841107,1.782910943031311
0,360,2,0.01,47,0.9978266954421997,0.002118390519171953,0.046025976569454265,0.48720669746398926
0,360,2,0.01,48,0.9972656965255737,0.002665257314220071,0.051626130149567385,0.5701872706413269
0,360,2,0.01,49,0.9986414909362793,0.0013241865672171116,0.036389374372433385,0.9680871367454529
0,360,2,0.01,50,0.9979051351547241,0.0020419510547071695,0.045187952539445395,0.4830918312072754
0,360,2,0.01,51,0.9979363083839417,0.002011585747823119,0.04485070509839415,0.5052689909934998
0,360,2,0.01,52,0.9958335161209106,0.004061239305883646,0.06372785345422868,0.34158986806869507
0,360,2,0.01,53,0.9983314275741577,0.0016264384612441063,0.04032912671065549,0.5422306060791016
0,360,2,0.01,54,0.9926655292510986,0.007149199489504099,0.08455293897614735,0.8975722789764404
0,360,2,0.01,55,0.9983361959457397,0.001621763571165502,0.040271125774747125,0.3904455900192261
0,360,2,0.01,56,0.9986733794212341,0.0012931214878335595,0.03595999844039985,0.5140782594680786
0,360,2,0.01,57,0.997624933719635,0.00231505767442286,0.048115046237355526,0.5386883020401001
0,360,2,0.01,58,0.9962310194969177,0.0036737702321261168,0.06061163446176086,1.4248677492141724
0,360,2,0.01,59,0.9905461668968201,0.009214994497597218,0.09599476286546688,1.2240362167358398
0,360,2,0.01,60,0.9977036714553833,0.002238320652395487,0.04731089359117503,0.5802059769630432
0,360,2,0.01,61,0.9955450296401978,0.004342432599514723,0.06589713650466705,0.7000879049301147
0,360,2,0.01,62,0.9989330768585205,0.0010399488965049386,0.03224823865740482,0.40662023425102234
0,360,2,0.01,63,0.992431104183197,0.0073777055367827415,0.08589357098632436,0.8469793796539307
0,360,2,0.01,64,0.9973608255386353,0.0025725315790623426,0.05072012991961222,1.2895550727844238
0,360,2,0.01,65,0.9960482120513916,0.0038519701920449734,0.06206424245928547,1.0066787004470825
0,360,2,0.01,66,0.9988914132118225,0.0010806092759594321,0.03287262198181691,0.5150160789489746
0,360,2,0.01,67,0.9990125894546509,0.0009624827071093023,0.03102390541355653,0.3342120945453644
0,360,2,0.01,68,0.9885498881340027,0.011160893365740776,0.10564512939904412,0.9315279126167297
0,360,2,0.01,69,0.9983457922935486,0.0016124439425766468,0.04015524800790859,0.5665138959884644
0,360,2,0.01,70,0.9987649917602539,0.0012038116110488772,0.03469598839994153,0.5311211943626404
0,360,2,0.01,71,0.9973031878471375,0.0026286772917956114,0.05127062796373389,0.904679536819458
0,360,2,0.01,72,0.9987461566925049,0.0012221678625792265,0.03495951748207098,0.28994181752204895
0,360,2,0.01,73,0.9720520377159119,0.027241960167884827,0.16505138644641804,2.24460768699646
0,360,2,0.01,74,0.996831476688385,0.0030884691514074802,0.055573997079636804,1.7117832899093628
0,360,2,0.01,75,0.9681044816970825,0.031089823693037033,0.1763230662535025,2.0812742710113525
0,360,2,0.01,76,0.9973806738853455,0.0025531474966555834,0.05052867994174777,1.9919716119766235
0,360,2,0.01,77,0.9980202913284302,0.0019297042163088918,0.04392839874510442,0.7149277925491333
0,360,2,0.01,78,0.998196005821228,0.0017584364395588636,0.041933714831372426,1.556308627128601
0,360,2,0.01,79,0.9985565543174744,0.001406978932209313,0.03750971783697277,1.0449974536895752
0,360,2,0.01,80,0.9949620962142944,0.004910667892545462,0.070076157803817,0.8524736762046814
0,360,2,0.01,81,0.9983366131782532,0.0016213549533858895,0.040266052120687096,1.0752512216567993
0,360,2,0.01,82,0.9969751238822937,0.0029484627302736044,0.054299748896966406,1.8508126735687256
0,360,2,0.01,83,0.9947950839996338,0.0050734421238303185,0.07122809925745821,2.287973403930664
0,360,2,0.01,84,0.9989560842514038,0.0010175236966460943,0.03189864725417199,1.2341928482055664
0,360,2,0.01,85,0.9978093504905701,0.0021353058982640505,0.04620937024310168,0.7100759148597717
0,360,2,0.01,86,0.9987918734550476,0.0011776051251217723,0.034316251618173164,0.5643760561943054
0,360,2,0.01,87,0.9974262118339539,0.0025087804533541203,0.05008772757227183,1.1585924625396729
0,360,2,0.01,88,0.9983900785446167,0.0015692751621827483,0.039614077828251264,1.0950132608413696
0,360,2,0.01,89,0.9978764057159424,0.002069976180791855,0.04549699089821056,0.5192810893058777
0,360,2,0.01,90,0.9973744750022888,0.0025591959711164236,0.05058849643067506,0.6274558305740356
0,360,2,0.01,91,0.998769998550415,0.0011989283375442028,0.034625544581193275,0.947170078754425
0,360,2,0.01,92,0.9988771677017212,0.0010944781824946404,0.03308289864105986,0.40696313977241516
0,360,2,0.01,93,0.9980396032333374,0.0019108668202534318,0.043713462688895185,0.5130878686904907
0,360,2,0.01,94,0.9988807439804077,0.001091008074581623,0.03303041135955807,0.9321557283401489
0,360,2,0.01,95,0.9987456798553467,0.001222660532221198,0.03496656305988906,0.4358682334423065
0,360,2,0.01,96,0.9985823631286621,0.0013818437000736594,0.03717315832793414,0.8470011949539185
0,360,2,0.01,97,0.9967168569564819,0.003200189210474491,0.0565702148703228,1.147120714187622
0,360,2,0.01,98,0.9982259273529053,0.001729259849525988,0.04158437025525321,0.3759227991104126
0,360,2,0.01,99,0.9983161091804504,0.0016413695411756635,0.04051381913835899,0.5047512054443359
0,360,2,0.01,100,0.9972845911979675,0.00264683342538774,0.05144738501991856,0.38394588232040405
1,360,2,0.01,1,0.9921413064002991,0.007660163566470146,0.08752236037990604,1.5369186401367188
1,360,2,0.01,2,0.9931284189224243,0.006697987671941519,0.08184123454556094,0.8018582463264465
1,360,2,0.01,3,0.9952751994132996,0.00460544228553772,0.06786340903268653,2.0611422061920166
1,360,2,0.01,4,0.990058422088623,0.009690428152680397,0.09843997233177383,1.5785987377166748
1,360,2,0.01,5,0.9964867830276489,0.003424455877393484,0.05851885061579289,1.5963011980056763
1,360,2,0.01,6,0.9937251210212708,0.006116343662142754,0.07820705634495365,1.3870548009872437
1,360,2,0.01,7,0.996711790561676,0.0032051338348537683,0.056613901427597875,1.163364052772522
1,360,2,0.01,8,0.9966964721679688,0.0032200522255152464,0.05674550401146549,0.9849293828010559
1,360,2,0.01,9,0.9930517673492432,0.006772711407393217,0.08229648478150946,1.3651905059814453
1,360,2,0.01,10,0.9959255456924438,0.00397154176607728,0.0630201695179986,0.9017318487167358
1,360,2,0.01,11,0.9837473034858704,0.015842150896787643,0.12586560648877693,1.5593886375427246
1,360,2,0.01,12,0.9980152249336243,0.0019346389453858137,0.04398453075100169,0.30744051933288574
1,360,2,0.01,13,0.9956911206245422,0.004200010560452938,0.06480748845969066,0.9541751146316528
1,360,2,0.01,14,0.9968697428703308,0.003051194129511714,0.05523761516857615,0.5059053301811218
1,360,2,0.01,15,0.9976097941398621,0.002329806797206402,0.04826807223420469,1.1016885042190552
1,360,2,0.01,16,0.9969445466995239,0.0029782948549836874,0.05457375610111226,2.2021665573120117
1,360,2,0.01,17,0.9954739809036255,0.004411677829921246,0.0664204624338106,1.8672109842300415
1,360,2,0.01,18,0.9971873760223389,0.0027416013181209564,0.05236030288415983,1.3724886178970337
1,360,2,0.01,19,0.9978238344192505,0.002121210563927889,0.046056601740987024,0.7980905771255493
1,360,2,0.01,20,0.994705080986023,0.005161138717085123,0.07184106567336765,0.7953962683677673
1,360,2,0.01,21,0.9982483983039856,0.0017073587514460087,0.04132019786310333,1.461419701576233
1,360,2,0.01,22,0.9983375668525696,0.0016204621642827988,0.040254964467538644,0.977005660533905
1,360,2,0.01,23,0.9915886521339417,0.008198881521821022,0.09054767540815735,0.6582565307617188
1,360,2,0.01,24,0.9949389696121216,0.004933203104883432,0.07023676462425808,0.7716063261032104
1,360,2,0.01,25,0.9983011484146118,0.0016559629002586007,0.04069352405799479,0.8658472895622253
1,360,2,0.01,26,0.9899349212646484,0.00981082022190094,0.0990495846629401,1.2152422666549683
1,360,2,0.01,27,0.9974656105041504,0.0024703489616513252,0.04970260517972197,0.5334925055503845
1,360,2,0.01,28,0.9981688261032104,0.0017849102150648832,0.042248197772980604,0.33655309677124023
1,360,2,0.01,29,0.9979411959648132,0.0020067847799509764,0.04479715147139354,0.6148685812950134
1,360,2,0.01,30,0.9928232431411743,0.006995490286499262,0.08363904761831797,2.044766426086426
1,360,2,0.01,31,0.9957135915756226,0.004178109113126993,0.0646382944787917,1.3612232208251953
1,360,2,0.01,32,0.9980387091636658,0.001911745173856616,0.04372350825193029,0.5520873665809631
1,360,2,0.01,33,0.9979081749916077,0.00203895615413785,0.04515480211603025,1.4211418628692627
1,360,2,0.01,34,0.9968406558036804,0.0030795156490057707,0.05549338383091962,0.6382692456245422
1,360,2,0.01,35,0.9972156882286072,0.002713959664106369,0.05209567797914112,0.620320737361908
1,360,2,0.01,36,0.99808669090271,0.0018649621633812785,0.043185207691769624,0.6603866815567017
1,360,2,0.01,37,0.9981287121772766,0.0018240174977108836,0.04270851785898082,0.7028139233589172
1,360,2,0.01,38,0.9981218576431274,0.001830700901336968,0.04278669070326622,0.8338869214057922
1,360,2,0.01,39,0.9977596402168274,0.0021837514359503984,0.04673062631669298,0.5589205622673035
1,360,2,0.01,40,0.9852752089500427,0.014352824538946152,0.11980327432481197,1.6299165487289429
1,360,2,0.01,41,0.9985015392303467,0.0014606345212087035,0.03821824853664416,0.6813652515411377
1,360,2,0.01,42,0.9970903992652893,0.002836098661646247,0.05325503414369619,0.6209481954574585
1,360,2,0.01,43,0.9960787892341614,0.00382218137383461,0.06182379294280326,0.946529746055603
1,360,2,0.01,44,0.997132420539856,0.002795154694467783,0.05286922256348946,0.9657902121543884
1,360,2,0.01,45,0.998173713684082,0.0017801522044464946,0.04219184997658309,0.3888123333454132
1,360,2,0.01,46,0.997778058052063,0.0021658106707036495,0.04653827103259907,0.6936602592468262
1,360,2,0.01,47,0.9969830513000488,0.002940741367638111,0.05422860285530239,0.3767157196998596
1,360,2,0.01,48,0.9941681623458862,0.005684494040906429,0.07539558369630432,0.7433618307113647
1,360,2,0.01,49,0.9980597496032715,0.0018912575906142592,0.04348859149954456,0.4030717611312866
1,360,2,0.01,50,0.9977683424949646,0.002175304340198636,0.04664015802072969,0.43880629539489746
1,360,2,0.01,51,0.9911954998970032,0.0085821021348238,0.09263963587376517,1.219473123550415
1,360,2,0.01,52,0.9967533349990845,0.0031646485440433025,0.056255209039193003,1.3025580644607544
1,360,2,0.01,53,0.9928784370422363,0.006941654719412327,0.08331659330176869,1.2567272186279297
1,360,2,0.01,54,0.9990712404251099,0.0009052924579009414,0.03008807833513037,0.5801441073417664
1,360,2,0.01,55,0.9981333613395691,0.0018194641452282667,0.04265517723827046,0.5166431069374084
1,360,2,0.01,56,0.9988449215888977,0.0011258941376581788,0.0335543460323425,0.3083071708679199
1,360,2,0.01,57,0.9975890517234802,0.0023500421084463596,0.04847723288767996,1.73841392993927
1,360,2,0.01,58,0.9988906383514404,0.0010813426924869418,0.032883775520565484,0.45450690388679504
1,360,2,0.01,59,0.9986562132835388,0.0013098414056003094,0.03619173117716683,0.7084636092185974
1,360,2,0.01,60,0.9983037710189819,0.0016533895395696163,0.0406618929658915,0.5136440992355347
1,360,2,0.01,61,0.9951286911964417,0.004748247098177671,0.06890752570059146,1.3465807437896729
1,360,2,0.01,62,0.9985315799713135,0.001431300537660718,0.037832532794682384,0.789819598197937
1,360,2,0.01,63,0.9986556172370911,0.0013104251120239496,0.03619979436438762,0.6366882920265198
1,360,2,0.01,64,0.9907610416412354,0.009005583822727203,0.09489775457157669,0.47291675209999084
1,360,2,0.01,65,0.9980651140213013,0.0018860289128497243,0.043428434381747226,1.3311920166015625
1,360,2,0.01,66,0.9955509901046753,0.004336617421358824,0.06585299857530273,1.014672875404358
1,360,2,0.01,67,0.9969973564147949,0.002926772693172097,0.05409965520381897,1.1416702270507812
1,360,2,0.01,68,0.9983811974525452,0.0015778926899656653,0.03972269741552889,0.4743511378765106
1,360,2,0.01,69,0.9990329146385193,0.0009426483884453773,0.030702579508005142,0.46786707639694214
1,360,2,0.01,70,0.9982980489730835,0.001658949302509427,0.04073020135611199,0.7229530215263367
1,360,2,0.01,71,0.9987888932228088,0.001180510502308607,0.03435855791951413,0.7247923612594604
1,360,2,0.01,72,0.9977040886878967,0.0022379409056156874,0.04730688010866588,0.842245876789093
1,360,2,0.01,73,0.9978423714637756,0.0021031443029642105,0.04586005127520259,0.45442670583724976
1,360,2,0.01,74,0.998504102230072,0.0014580830466002226,0.038184853628110485,1.1586270332336426
1,360,2,0.01,75,0.9979065656661987,0.002040565013885498,0.04517261353835417,0.9648719429969788
1,360,2,0.01,76,0.9991301894187927,0.000847863033413887,0.02911808773621453,0.7816206812858582
1,360,2,0.01,77,0.9977643489837646,0.0021791865583509207,0.046681758303976945,0.45232436060905457
1,360,2,0.01,78,0.995014488697052,0.004859568551182747,0.06971060572956418,1.5807271003723145
1,360,2,0.01,79,0.9987401366233826,0.001228043925948441,0.035043457676839494,0.7558823823928833
1,360,2,0.01,80,0.9929513335227966,0.006870611570775509,0.08288915231063416,2.059415817260742
1,360,2,0.01,81,0.9990082383155823,0.0009667325648479164,0.03109232324622778,0.4331604540348053
1,360,2,0.01,82,0.9981967806816101,0.001757694990374148,0.04192487317063879,0.622383713722229
1,360,2,0.01,83,0.9989696145057678,0.0010043367510661483,0.03169127247470742,0.5411383509635925
1,360,2,0.01,84,0.9990216493606567,0.0009536652360111475,0.030881470755311308,0.5378506183624268
1,360,2,0.01,85,0.9976391196250916,0.002301267348229885,0.047971526432143946,0.34058985114097595
1,360,2,0.01,86,0.9983186721801758,0.001638876972720027,0.04048304549709702,0.40819740295410156
1,360,2,0.01,87,0.9992855787277222,0.0006963686319068074,0.02638879746988876,0.559574544429779
1,360,2,0.01,88,0.9988795518875122,0.001092120655812323,0.033047248838781164,0.397365003824234
1,360,2,0.01,89,0.9983053207397461,0.0016518706688657403,0.0406432118423943,0.44722071290016174
1,360,2,0.01,90,0.9982593655586243,0.001696692779660225,0.041190930793807326,0.7103697657585144
1,360,2,0.01,91,0.9986661672592163,0.0013001285260543227,0.03605729504627771,0.6764172911643982
1,360,2,0.01,92,0.9990869164466858,0.000890031224116683,0.029833391093147338,1.1143745183944702
1,360,2,0.01,93,0.997691810131073,0.002249856246635318,0.04743264958480938,0.5308615565299988
1,360,2,0.01,94,0.9967250823974609,0.003192210104316473,0.05649964693975063,0.506955623626709
1,360,2,0.01,95,0.9985785484313965,0.001385545008815825,0.037222909730646056,0.4780358076095581
1,360,2,0.01,96,0.9974178075790405,0.0025169665459543467,0.05016937856854863,1.187461256980896
1,360,2,0.01,97,0.9975259304046631,0.0024115662090480328,0.04910770009935339,0.4887565076351166
1,360,2,0.01,98,0.9984806180000305,0.0014809847343713045,0.03848356447071015,0.38915887475013733
1,360,2,0.01,99,0.99608314037323,0.0038179189432412386,0.06178931091411555,0.6642969250679016
1,360,2,0.01,100,0.9980186820030212,0.0019312509102746844,0.04394599993485965,0.7841569185256958
2,360,2,0.01,1,0.9913918375968933,0.008390707895159721,0.09160080728443239,1.8195877075195312
2,360,2,0.01,2,0.9512556791305542,0.047513000667095184,0.2179747707123354,3.960177183151245
2,360,2,0.01,3,0.9951469898223877,0.004730399698019028,0.06877790123301981,1.4302036762237549
2,360,2,0.01,4,0.9964844584465027,0.0034267406444996595,0.05853836899418756,0.4964905381202698
2,360,2,0.01,5,0.9947913289070129,0.005077099893242121,0.07125377108084961,1.4001193046569824
2,360,2,0.01,6,0.9968939423561096,0.003027582075446844,0.055023468406188686,0.8629025220870972
2,360,2,0.01,7,0.988757312297821,0.010958712548017502,0.10468386956937302,1.5119553804397583
2,360,2,0.01,8,0.996187686920166,0.0037160241045057774,0.06095920032698737,1.301866054534912
2,360,2,0.01,9,0.996614933013916,0.0032995848450809717,0.0574420128919676,1.083650827407837
2,360,2,0.01,10,0.997819721698761,0.0021252117585390806,0.046100019073088035,0.7100507020950317
2,360,2,0.01,11,0.9982317686080933,0.0017235582927241921,0.04151575957060393,0.6995639204978943
2,360,2,0.01,12,0.9977390766143799,0.0022038149181753397,0.046944807148132366,0.7632865905761719
2,360,2,0.01,13,0.9944158792495728,0.005443088244646788,0.07377728813562333,1.3904778957366943
2,360,2,0.01,14,0.9983188509941101,0.001638689311221242,0.04048072765182516,0.9879229664802551
2,360,2,0.01,15,0.9958525896072388,0.004042640328407288,0.06358176097283944,2.0570952892303467
2,360,2,0.01,16,0.9978767037391663,0.0020696520805358887,0.045493428981951765,0.42629069089889526
2,360,2,0.01,17,0.9978561997413635,0.002089674584567547,0.04571295860658711,0.698379397392273
2,360,2,0.01,18,0.9984661936759949,0.001495080185122788,0.03866626675957724,0.37113144993782043
2,360,2,0.01,19,0.996787965297699,0.003130911849439144,0.055954551641838254,0.905181884765625
2,360,2,0.01,20,0.9972772598266602,0.0026539601385593414,0.051516600611447,0.776431679725647
2,360,2,0.01,21,0.9967326521873474,0.0031847995705902576,0.056434028480964016,1.676689863204956
2,360,2,0.01,22,0.9984077215194702,0.0015520601300522685,0.03939619436001742,0.4445323646068573
2,360,2,0.01,23,0.9936021566390991,0.006236236076802015,0.07896984283131134,0.6825942397117615
2,360,2,0.01,24,0.9979767203330994,0.001972173573449254,0.04440916091809497,0.5804087519645691
2,360,2,0.01,25,0.9953700304031372,0.0045130192302167416,0.06717900885110424,0.398346483707428
2,360,2,0.01,26,0.9977973103523254,0.002147060353308916,0.04633638260922961,1.4054591655731201
2,360,2,0.01,27,0.9971807599067688,0.002748029539361596,0.052421651436802295,0.546145498752594
2,360,2,0.01,28,0.9956032633781433,0.004285647999495268,0.0654648607994798,0.5388298630714417
2,360,2,0.01,29,0.9980456829071045,0.00190492975525558,0.04364550097381836,0.8779432773590088
2,360,2,0.01,30,0.9974994659423828,0.002437354065477848,0.049369566186850865,1.228715419769287
2,360,2,0.01,31,0.9971290230751038,0.002798437839373946,0.052900263131424465,0.338273823261261
2,360,2,0.01,32,0.998500645160675,0.0014615054242312908,0.03822964065004131,0.6003652811050415
2,360,2,0.01,33,0.997925341129303,0.002022254979237914,0.044969489426031004,1.7898585796356201
2,360,2,0.01,34,0.9956455826759338,0.004244415555149317,0.06514917923619082,0.4041138291358948
2,360,2,0.01,35,0.9981140494346619,0.0018382951384410262,0.04287534417868883,0.43736645579338074
2,360,2,0.01,36,0.9958046674728394,0.004089330788701773,0.06394787556050453,0.29870185256004333
2,360,2,0.01,37,0.9972781538963318,0.002653092611581087,0.05150818004531986,0.6188344359397888
2,360,2,0.01,38,0.9962656497955322,0.003639996750280261,0.060332385584197325,1.0858460664749146
2,360,2,0.01,39,0.9958702325820923,0.004025425761938095,0.06344624308765724,0.4742172360420227
2,360,2,0.01,40,0.994481086730957,0.005379511974751949,0.07334515645052472,1.1669973134994507
2,360,2,0.01,41,0.9968445897102356,0.003075702814385295,0.055459019233892834,0.8151120543479919
2,360,2,0.01,42,0.99504554271698,0.004829322919249535,0.06949333003425245,2.039325475692749
2,360,2,0.01,43,0.9987754821777344,0.001193614094518125,0.0345487205916243,0.2253352850675583
2,360,2,0.01,44,0.9986760020256042,0.0012905547628179193,0.035924292099050736,0.5325136780738831
2,360,2,0.01,45,0.9915804266929626,0.008206900209188461,0.09059194340110197,1.93743896484375
2,360,2,0.01,46,0.9977877736091614,0.002156367991119623,0.04643670952080502,1.6929690837860107
2,360,2,0.01,47,0.9975799322128296,0.0023589334450662136,0.04856885262250091,0.25418218970298767
2,360,2,0.01,48,0.9987505078315735,0.0012179468758404255,0.03489909563069544,0.534456729888916
2,360,2,0.01,49,0.997391402721405,0.002542708534747362,0.050425276744380514,0.698077917098999
2,360,2,0.01,50,0.9987835884094238,0.0011856937780976295,0.03443390448522545,0.4581070840358734
2,360,2,0.01,51,0.9985483884811401,0.0014149207854643464,0.03761543280974375,0.41007688641548157
2,360,2,0.01,52,0.9970919489860535,0.002834599930793047,0.053240961024318925,0.31331849098205566
2,360,2,0.01,53,0.9981395602226257,0.0018134453566744924,0.04258456711855238,0.3144857585430145
2,360,2,0.01,54,0.9973878860473633,0.002546151867136359,0.05045940811321868,0.4189950227737427
2,360,2,0.01,55,0.998770534992218,0.001198429032228887,0.034618333758702005,0.4638656973838806
2,360,2,0.01,56,0.9925920963287354,0.007220773957669735,0.08497513729126735,1.016286015510559
2,360,2,0.01,57,0.9967155456542969,0.0032014818862080574,0.05658163912620469,0.8570089936256409
2,360,2,0.01,58,0.9982144236564636,0.0017404737882316113,0.041718985944430756,1.2083187103271484
2,360,2,0.01,59,0.9988479018211365,0.001122996094636619,0.03351113389064326,0.5333223342895508
2,360,2,0.01,60,0.9966129064559937,0.003301511984318495,0.05745878509260786,0.6348148584365845
2,360,2,0.01,61,0.9981822967529297,0.0017717935843393207,0.042092678512293806,1.064581274986267
2,360,2,0.01,62,0.9964662194252014,0.0034445286728441715,0.05869010711222268,0.9620847105979919
2,360,2,0.01,63,0.9985895752906799,0.0013747758930549026,0.037077970454906274,0.7968900799751282
2,360,2,0.01,64,0.9964146614074707,0.00349474442191422,0.05911636340231205,1.3677983283996582
2,360,2,0.01,65,0.9955343008041382,0.004352887161076069,0.0659764136724335,0.4667271673679352
2,360,2,0.01,66,0.9980050921440125,0.0019444870995357633,0.0440963388450307,0.9533292651176453
2,360,2,0.01,67,0.9980306029319763,0.0019196529174223542,0.04381384390146971,0.6906283497810364
2,360,2,0.01,68,0.9983648657798767,0.0015938319265842438,0.039922824631834906,0.3512774407863617
2,360,2,0.01,69,0.9978631138801575,0.0020829318091273308,0.045639147769511765,0.4449498653411865
2,360,2,0.01,70,0.9983518123626709,0.001606548554264009,0.04008177334230621,0.5170130729675293
2,360,2,0.01,71,0.9968899488449097,0.003031496424227953,0.05505902672793947,0.8025259375572205
2,360,2,0.01,72,0.9976382255554199,0.00230212789028883,0.04798049489416329,1.6809580326080322
2,360,2,0.01,73,0.99863201379776,0.0013334383256733418,0.03651627480553488,0.2662176191806793
2,360,2,0.01,74,0.9990130066871643,0.0009620802593417466,0.031017418644073955,0.5354841947555542
2,360,2,0.01,75,0.9989689588546753,0.0010049802949652076,0.03170142417881581,0.8725640773773193
2,360,2,0.01,76,0.9972895979881287,0.002641926985234022,0.05139967884368561,0.4688265919685364
2,360,2,0.01,77,0.9983381628990173,0.0016198662342503667,0.0402475618423075,1.4078172445297241
2,360,2,0.01,78,0.9985380172729492,0.0014250596286728978,0.0377499619691583,0.4938375949859619
2,360,2,0.01,79,0.9982995390892029,0.0016574972542002797,0.04071237224972624,0.4806894361972809
2,360,2,0.01,80,0.9949195384979248,0.004952121991664171,0.07037131511961511,2.516205072402954
2,360,2,0.01,81,0.9991086721420288,0.0008688037050887942,0.02947547633353521,0.5282082557678223
2,360,2,0.01,82,0.9972652792930603,0.0026656233239918947,0.05162967483910677,0.9188700914382935
2,360,2,0.01,83,0.9985417127609253,0.0014214609982445836,0.03770226781301867,0.3750477135181427
2,360,2,0.01,84,0.9986997246742249,0.001267442014068365,0.035601151864347945,0.5074301958084106
2,360,2,0.01,85,0.965194046497345,0.03392675518989563,0.18419216918722583,2.1064422130584717
2,360,2,0.01,86,0.9982362985610962,0.0017191629158332944,0.04146278953270383,0.6578735709190369
2,360,2,0.01,87,0.999019205570221,0.0009560381295159459,0.030919866259671077,0.34045732021331787
2,360,2,0.01,88,0.9990805387496948,0.000896209676284343,0.02993676128582287,0.2610049247741699
2,360,2,0.01,89,0.9981532692909241,0.0018000707495957613,0.042427240654982046,0.8314580917358398
2,360,2,0.01,90,0.9984756708145142,0.00148579606320709,0.03854602525821683,0.6564748287200928
2,360,2,0.01,91,0.9984616041183472,0.0014995095552876592,0.038723501330428,0.9189906716346741
2,360,2,0.01,92,0.9979589581489563,0.0019894705619663,0.04460348150050958,0.7188525795936584
2,360,2,0.01,93,0.9986621737480164,0.0013040496269240975,0.03611162730927668,0.4947583079338074
2,360,2,0.01,94,0.9989905953407288,0.0009839166887104511,0.031367446321153576,0.5339402556419373
2,360,2,0.01,95,0.9990860819816589,0.0008908272138796747,0.02984672869645306,0.3896195590496063
2,360,2,0.01,96,0.9989107847213745,0.0010617010993883014,0.03258375514559826,0.4376864433288574
2,360,2,0.01,97,0.9975956082344055,0.002343640197068453,0.048411157774509515,0.672453761100769
2,360,2,0.01,98,0.9988864064216614,0.0010854835854843259,0.03294667791271718,1.3832019567489624
2,360,2,0.01,99,0.9977253079414368,0.0022172469180077314,0.0470876514386493,0.7146463990211487
2,360,2,0.01,100,0.9989491105079651,0.0010243398137390614,0.032005309149249934,0.46956250071525574
3,360,2,0.01,1,0.9889021515846252,0.01081752497702837,0.10400733136192068,1.907761812210083
3,360,2,0.01,2,0.9952325820922852,0.004646984860301018,0.0681687968230408,1.1677896976470947
3,360,2,0.01,3,0.9955893158912659,0.004299273248761892,0.06556884358261851,1.6072685718536377
3,360,2,0.01,4,0.9924947023391724,0.0073156822472810745,0.08553176162853816,1.9187897443771362
3,360,2,0.01,5,0.9965828657150269,0.0033308088313788176,0.057713159949692734,1.08882737159729
3,360,2,0.01,6,0.9974016547203064,0.0025326968170702457,0.05032590602334195,1.4364514350891113
3,360,2,0.01,7,0.9811702966690063,0.018354035913944244,0.1354770678526231,2.7787649631500244
3,360,2,0.01,8,0.9973191618919373,0.0026131209451705217,0.05111869467396954,1.642003059387207
3,360,2,0.01,9,0.9964473247528076,0.003462904365733266,0.058846447350143966,0.5476828813552856
3,360,2,0.01,10,0.9973385334014893,0.0025942535139620304,0.050933815034434934,0.810958206653595
3,360,2,0.01,11,0.9973716735839844,0.0025619384832680225,0.05061559525747003,0.8402700424194336
3,360,2,0.01,12,0.9976076483726501,0.002331929747015238,0.04829005846978483,1.1360362768173218
3,360,2,0.01,13,0.9972485899925232,0.0026819061022251844,0.05178712293828635,0.9169461131095886
3,360,2,0.01,14,0.9971182942390442,0.0028089266270399094,0.05299930779774307,0.7304028272628784
3,360,2,0.01,15,0.9980499148368835,0.0019008406670764089,0.043598631481692275,0.39685001969337463
3,360,2,0.01,16,0.997749388217926,0.0021937452256679535,0.04683743402096184,0.8465225696563721
3,360,2,0.01,17,0.995975136756897,0.003923209384083748,0.06263552812967851,1.2743287086486816
3,360,2,0.01,18,0.9977303743362427,0.0022123183589428663,0.04703528844328337,0.4718180000782013
3,360,2,0.01,19,0.997380793094635,0.0025530254933983088,0.050527472659913523,1.3923202753067017
3,360,2,0.01,20,0.9978710412979126,0.0020751964766532183,0.04555432445611743,0.8620898127555847
3,360,2,0.01,21,0.9941882491111755,0.005664933938533068,0.07526575541727504,1.988122582435608
3,360,2,0.01,22,0.9895395040512085,0.010196248069405556,0.1009764728508852,1.5947688817977905
3,360,2,0.01,23,0.9980534911155701,0.0018973341211676598,0.04355839897387942,0.4220898449420929
3,360,2,0.01,24,0.9980136752128601,0.0019361396552994847,0.04400158696342082,0.6859544515609741
3,360,2,0.01,25,0.9986296892166138,0.0013357128482311964,0.036547405492472325,0.4242681562900543
3,360,2,0.01,26,0.995015561580658,0.004858534783124924,0.06970319062370764,0.5190731883049011
3,360,2,0.01,27,0.9974793195724487,0.0024569795932620764,0.04956792907982011,0.3454911410808563
3,360,2,0.01,28,0.9877040982246399,0.01198528427630663,0.1094773231144543,2.7700464725494385
3,360,2,0.01,29,0.9985591769218445,0.0014044049894437194,0.037475391785059695,0.9470193982124329
3,360,2,0.01,30,0.9984863996505737,0.0014753475552424788,0.038410253256682375,0.6021676063537598
3,360,2,0.01,31,0.9972264170646667,0.002703510457649827,0.05199529264894878,1.2000800371170044
3,360,2,0.01,32,0.9977121353149414,0.002230051439255476,0.047223420452731674,0.4841897189617157
3,360,2,0.01,33,0.9980639219284058,0.0018871714128181338,0.043441586214342284,0.6569436192512512
3,360,2,0.01,34,0.9987517595291138,0.0012166850501671433,0.03488101274572089,0.7436002492904663
3,360,2,0.01,35,0.9972219467163086,0.0027079046703875065,0.05203753136331033,0.4749835431575775
3,360,2,0.01,36,0.9975116848945618,0.002425478771328926,0.049249149955394415,0.7887723445892334
3,360,2,0.01,37,0.9978832006454468,0.0020633062813431025,0.04542363130951886,0.46463266015052795
3,360,2,0.01,38,0.9987120628356934,0.001255396637134254,0.035431576836689814,0.6137155294418335
3,360,2,0.01,39,0.9948276877403259,0.0050416733138263226,0.07100474148834234,0.8149901628494263
3,360,2,0.01,40,0.9983205199241638,0.0016370307421311736,0.040460236555551345,0.39329975843429565
3,360,2,0.01,41,0.9973334670066833,0.002599187660962343,0.05098222887401396,0.5963607430458069
3,360,2,0.01,42,0.9982102513313293,0.0017445465782657266,0.04176776961085816,1.2332843542099
3,360,2,0.01,43,0.9980176687240601,0.001932258834131062,0.04395746619325393,1.7667347192764282
3,360,2,0.01,44,0.9974666833877563,0.0024693054147064686,0.049692106160903145,0.6778533458709717
3,360,2,0.01,45,0.9965507984161377,0.003362053306773305,0.05798321573329048,0.48982617259025574
3,360,2,0.01,46,0.9984956383705139,0.001466359943151474,0.038293079572573864,0.6050796508789062
3,360,2,0.01,47,0.9981635808944702,0.0017900299280881882,0.042308745290875596,0.3587362468242645
3,360,2,0.01,48,0.9979048371315002,0.0020422262605279684,0.04519099756066432,0.4440968632698059
3,360,2,0.01,49,0.9985969662666321,0.0013676118105649948,0.036981235925331035,1.1510250568389893
3,360,2,0.01,50,0.9973559975624084,0.002577206352725625,0.05076619300997097,0.296220988035202
3,360,2,0.01,51,0.9958785176277161,0.004017394967377186,0.06338292331044053,0.6370934844017029
3,360,2,0.01,52,0.9977913498878479,0.002152844099327922,0.046398751053535074,0.8761162757873535
3,360,2,0.01,53,0.9971600770950317,0.002768174512311816,0.05261344421639602,1.5214016437530518
3,360,2,0.01,54,0.991548478603363,0.008238027803599834,0.0907635819235878,1.2359563112258911
3,360,2,0.01,55,0.9954477548599243,0.004437271039932966,0.06661284440656295,1.9794365167617798
3,360,2,0.01,56,0.9975525140762329,0.0023856644984334707,0.04884326461686883,0.749366819858551
3,360,2,0.01,57,0.987212598323822,0.012464364990592003,0.1116439205267891,0.9018152356147766
3,360,2,0.01,58,0.9978350400924683,0.0021102791652083397,0.04593777492661502,1.7611300945281982
3,360,2,0.01,59,0.9976931810379028,0.0022485656663775444,0.047419043288298685,1.276955246925354
3,360,2,0.01,60,0.998557984828949,0.0014055827632546425,0.037491102454511024,0.24863040447235107
3,360,2,0.01,61,0.9984161257743835,0.00154388218652457,0.03929226624317526,0.35036471486091614
3,360,2,0.01,62,0.9978223443031311,0.0021226436365395784,0.04607215684705437,0.5004522204399109
3,360,2,0.01,63,0.9983729124069214,0.0015859862323850393,0.039824442650023856,0.7553105354309082
3,360,2,0.01,64,0.9989151358604431,0.0010574758052825928,0.03251885307452575,0.48690173029899597
3,360,2,0.01,65,0.9987351894378662,0.001232845475897193,0.035111899349041104,0.5264855027198792
3,360,2,0.01,66,0.9947372078895569,0.005129839759320021,0.07162289968522652,1.9536646604537964
3,360,2,0.01,67,0.9901062846183777,0.009643780067563057,0.09820274979634255,0.43513160943984985
3,360,2,0.01,68,0.9986852407455444,0.0012815259397029877,0.03579840694364747,0.47289514541625977
3,360,2,0.01,69,0.9988204836845398,0.001149745425209403,0.03390789620736449,0.9504479765892029
3,360,2,0.01,70,0.9985148906707764,0.0014476124197244644,0.03804750214829437,0.7966645956039429
3,360,2,0.01,71,0.9966340065002441,0.0032809905242174864,0.057279931251857194,0.6542080044746399
3,360,2,0.01,72,0.9986857175827026,0.001281083794310689,0.035792230921118745,0.4267968535423279
3,360,2,0.01,73,0.9961787462234497,0.0037247389554977417,0.06103063948131088,1.3315364122390747
3,360,2,0.01,74,0.9986542463302612,0.0013117691269144416,0.03621835345393881,1.8101094961166382
3,360,2,0.01,75,0.9988563656806946,0.001114742481149733,0.033387759450878594,0.4151717722415924
3,360,2,0.01,76,0.9966339468955994,0.0032810219563543797,0.0572802056242327,0.7958850264549255
3,360,2,0.01,77,0.9987421035766602,0.0012261366937309504,0.0350162347166418,0.9636538028717041
3,360,2,0.01,78,0.995080828666687,0.00479488167911768,0.06924508415127878,1.3716906309127808
3,360,2,0.01,79,0.998755693435669,0.0012128677917644382,0.034826251474490304,0.8309299945831299
3,360,2,0.01,80,0.9988988637924194,0.001073344610631466,0.03276193844435133,0.47808125615119934
3,360,2,0.01,81,0.9728599786758423,0.026454463601112366,0.16264828188798172,0.853032648563385
3,360,2,0.01,82,0.997778058052063,0.002165835350751877,0.04653853619047205,0.5102955102920532
3,360,2,0.01,83,0.9987632632255554,0.0012054831022396684,0.03472006771651905,0.7773229479789734
3,360,2,0.01,84,0.9950937032699585,0.004782360978424549,0.06915461646502385,0.48194631934165955
3,360,2,0.01,85,0.9990034103393555,0.0009713880717754364,0.03116709918769208,0.5079712271690369
3,360,2,0.01,86,0.9984419941902161,0.0015186253003776073,0.038969543240556556,0.4835631847381592
3,360,2,0.01,87,0.9965096116065979,0.003402202855795622,0.058328405222461056,0.5267354249954224
3,360,2,0.01,88,0.9985249042510986,0.001437826082110405,0.037918677219945386,0.5413207411766052
3,360,2,0.01,89,0.9987381100654602,0.0012300275266170502,0.0350717482686143,0.4773559868335724
3,360,2,0.01,90,0.9989322423934937,0.0010407676454633474,0.03226093063541949,0.3394608199596405
3,360,2,0.01,91,0.9987964034080505,0.001173167722299695,0.034251536057521494,0.7531377673149109
3,360,2,0.01,92,0.9974591135978699,0.0024766898714005947,0.04976635280388342,0.5969135761260986
3,360,2,0.01,93,0.9991012215614319,0.0008760950877331197,0.029598903488695653,0.35649070143699646
3,360,2,0.01,94,0.9987651109695435,0.0012037215055897832,0.03469468987597069,0.3616688549518585
3,360,2,0.01,95,0.9990060329437256,0.0009688729769550264,0.031126724481625536,0.27309074997901917
3,360,2,0.01,96,0.9983721971511841,0.0015866851899772882,0.03983321716830425,0.49305886030197144
3,360,2,0.01,97,0.9978392124176025,0.0021061941515654325,0.045893290921064187,1.2739274501800537
3,360,2,0.01,98,0.9985742568969727,0.0013897290918976068,0.03727907042695146,0.6576344966888428
3,360,2,0.01,99,0.9987179636955261,0.0012496364070102572,0.035350196703982525,0.6428093910217285
3,360,2,0.01,100,0.9967718124389648,0.0031466686632484198,0.056095175044280056,1.4735403060913086
4,360,2,0.01,1,0.9934874773025513,0.0063479929231107235,0.07967429273680893,1.0999013185501099
4,360,2,0.01,2,0.9925124049186707,0.007298466749489307,0.08543106431204815,0.5702144503593445
4,360,2,0.01,3,0.9956210851669312,0.00426828395575285,0.06533210509200549,1.332672357559204
4,360,2,0.01,4,0.975613534450531,0.023770462721586227,0.15417672561572393,2.4162771701812744
4,360,2,0.01,5,0.9970870614051819,0.0028393291868269444,0.05328535621375674,0.6430196762084961
4,360,2,0.01,6,0.997725784778595,0.002216791734099388,0.0470828178224221,1.3804996013641357
4,360,2,0.01,7,0.997837245464325,0.0021081287413835526,0.04591436312727808,0.6332319378852844
4,360,2,0.01,8,0.9975297451019287,0.0024078742135316133,0.049070094900373014,0.4290279150009155
4,360,2,0.01,9,0.9978805780410767,0.0020658746361732483,0.04545189364782559,0.8335866928100586
4,360,2,0.01,10,0.9982150793075562,0.0017398123163729906,0.041711057483274035,1.4488441944122314
4,360,2,0.01,11,0.995107889175415,0.004768514074385166,0.0690544283473925,0.9018242359161377
4,360,2,0.01,12,0.9970979690551758,0.0028287454042583704,0.053185951192569365,0.560429036617279
4,360,2,0.01,13,0.9978700876235962,0.0020760945044457912,0.045564180058965086,0.3624213635921478
4,360,2,0.01,14,0.9966552257537842,0.003260259982198477,0.05709868634389478,0.6641167998313904
4,360,2,0.01,15,0.9957676529884338,0.004125435370951891,0.06422955216216202,0.4898272454738617
4,360,2,0.01,16,0.9960823059082031,0.0038187436293810606,0.06179598392598876,0.47460952401161194
4,360,2,0.01,17,0.9979410171508789,0.002006949158385396,0.04479898613122172,0.9021961688995361
4,360,2,0.01,18,0.9971869587898254,0.0027419649995863438,0.05236377564296089,1.4126067161560059
4,360,2,0.01,19,0.9977152943611145,0.0022269838955253363,0.04719093022525977,0.8570850491523743
4,360,2,0.01,20,0.9382786750793457,0.06016218289732933,0.2452798053190057,1.156660556793213
4,360,2,0.01,21,0.9974140524864197,0.002520609414204955,0.050205671135888176,0.6640100479125977
4,360,2,0.01,22,0.9974641799926758,0.0024717706255614758,0.04971690482684411,0.9536001682281494
4,360,2,0.01,23,0.9972384572029114,0.0026917995419353247,0.051882555275692854,0.8274850845336914
4,360,2,0.01,24,0.9969619512557983,0.0029612944927066565,0.05441777735911911,0.36880403757095337
4,360,2,0.01,25,0.9987096190452576,0.00125779677182436,0.035465430658943926,0.6743206977844238
4,360,2,0.01,26,0.9981421232223511,0.001810970832593739,0.042555502964877985,0.6938768625259399
4,360,2,0.01,27,0.9929565191268921,0.0068655372597277164,0.08285853763932668,0.5402526259422302
4,360,2,0.01,28,0.9979574084281921,0.0019909986294806004,0.0446206076771776,1.4073283672332764
4,360,2,0.01,29,0.9990154504776001,0.0009596508461982012,0.030978231812003106,0.40064558386802673
4,360,2,0.01,30,0.9938207864761353,0.006023148540407419,0.07760894626528193,1.6766271591186523
4,360,2,0.01,31,0.9978543519973755,0.0020914291962981224,0.045732146202623405,0.7924140691757202
4,360,2,0.01,32,0.998580276966095,0.0013838621089234948,0.037200297161763304,0.39782997965812683
4,360,2,0.01,33,0.9983420372009277,0.001616070163436234,0.04020037516536673,0.34840258955955505
4,360,2,0.01,34,0.9962983131408691,0.003608164843171835,0.060068001824364316,0.953732967376709
4,360,2,0.01,35,0.9896450638771057,0.010093336924910545,0.1004656007044727,1.5383622646331787
4,360,2,0.01,36,0.9985597133636475,0.0014039145316928625,0.037468847482847165,0.36374256014823914
4,360,2,0.01,37,0.9965981245040894,0.0033159381709992886,0.05758418334056053,1.2939015626907349
4,360,2,0.01,38,0.9970282316207886,0.002896688412874937,0.053820891973981044,0.5615864396095276
4,360,2,0.01,39,0.9982122182846069,0.0017426363192498684,0.04174489572690137,0.6720159649848938
4,360,2,0.01,40,0.9985119104385376,0.0014505182625725865,0.038085670042321516,0.4277748465538025
4,360,2,0.01,41,0.9983186721801758,0.0016388415824621916,0.040482608394990946,0.7342889904975891
4,360,2,0.01,42,0.9989712238311768,0.0010027867974713445,0.03166680908256063,0.29412034153938293
4,360,2,0.01,43,0.9971374869346619,0.0027901949360966682,0.052822295823796495,1.3897533416748047
4,360,2,0.01,44,0.9989603757858276,0.001013345317915082,0.031833085271696204,0.5847509503364563
4,360,2,0.01,45,0.9985397458076477,0.001423345529474318,0.03772725181449502,0.8810346126556396
4,360,2,0.01,46,0.9971536993980408,0.0027744267135858536,0.05267282708936225,0.42695823311805725
4,360,2,0.01,47,0.9966142773628235,0.0033001727424561977,0.05744712997579773,0.7927404642105103
4,360,2,0.01,48,0.9977588653564453,0.0021845216397196054,0.04673886647876268,1.208608865737915
4,360,2,0.01,49,0.9985125660896301,0.001449886942282319,0.03807738097981949,0.6127861738204956
4,360,2,0.01,50,0.9976270198822021,0.0023130374029278755,0.048094047479161864,0.5493181943893433
4,360,2,0.01,51,0.9990646243095398,0.000911761773750186,0.03019539325377608,0.6865522265434265
4,360,2,0.01,52,0.998680830001831,0.001285839593037963,0.035858605564605586,0.4966599941253662
4,360,2,0.01,53,0.9981933832168579,0.0017609860515221953,0.04196410432169612,0.4347494840621948
4,360,2,0.01,54,0.9969196915626526,0.0030024799052625895,0.0547948894082522,1.4016162157058716
4,360,2,0.01,55,0.9939786791801453,0.005869193002581596,0.0766106585442365,0.40960896015167236
4,360,2,0.01,56,0.99898761510849,0.0009868210181593895,0.03141370748828271,0.28999531269073486
4,360,2,0.01,57,0.9958704113960266,0.004025271162390709,0.06344502472527463,0.6206613183021545
4,360,2,0.01,58,0.9990977644920349,0.0008794659515842795,0.029655791198082704,0.7162655591964722
4,360,2,0.01,59,0.9968977570533752,0.0030238498002290726,0.05498954264429804,0.29936179518699646
4,360,2,0.01,60,0.9950951337814331,0.004780966322869062,0.06914453212560674,1.0692169666290283
4,360,2,0.01,61,0.9979669451713562,0.0019816833082586527,0.044516101674098245,0.4542256295681
4,360,2,0.01,62,0.9977911114692688,0.0021530985832214355,0.04640149332964873,0.6221002340316772
4,360,2,0.01,63,0.9921997785568237,0.007603164296597242,0.0871961254678053,0.8198187351226807
4,360,2,0.01,64,0.9986414313316345,0.001324226032011211,0.03638991662550508,0.44962137937545776
4,360,2,0.01,65,0.9987479448318481,0.0012204180238768458,0.03493448187503066,0.5834648609161377
4,360,2,0.01,66,0.9976325035095215,0.0023076788056641817,0.04803830560775621,0.7210818529129028
4,360,2,0.01,67,0.9986169934272766,0.0013480858178809285,0.036716288182234984,0.8766452670097351
4,360,2,0.01,68,0.9983983635902405,0.0015611574053764343,0.039511484474471906,0.5519744753837585
4,360,2,0.01,69,0.9979455471038818,0.002002539811655879,0.044749746498230346,0.31675711274147034
4,360,2,0.01,70,0.99869704246521,0.0012700496008619666,0.03563775527249109,1.0154497623443604
4,360,2,0.01,71,0.9983327984809875,0.0016250674379989505,0.04031212519824464,0.5030875205993652
4,360,2,0.01,72,0.9988940358161926,0.0010780403390526772,0.03283352462122635,0.43804144859313965
4,360,2,0.01,73,0.9964050650596619,0.003504111897200346,0.059195539504259494,0.7211488485336304
4,360,2,0.01,74,0.9975670576095581,0.0023715030401945114,0.048698080456980146,0.4347850978374481
4,360,2,0.01,75,0.9978228807449341,0.0021221209317445755,0.04606648382223865,0.6594246625900269
4,360,2,0.01,76,0.9988417029380798,0.0011290374677628279,0.03360115277431457,0.4267956018447876
4,360,2,0.01,77,0.9989162087440491,0.0010563931427896023,0.03250220212215785,0.641726553440094
4,360,2,0.01,78,0.9990609884262085,0.0009152807178907096,0.030253606692272405,0.5667217373847961
4,360,2,0.01,79,0.9966498613357544,0.0032654968090355396,0.057144525626130975,1.1265308856964111
4,360,2,0.01,80,0.9981296062469482,0.0018231426365673542,0.04269827439800529,0.7326714992523193
4,360,2,0.01,81,0.9981962442398071,0.0017581969732418656,0.04193085943838816,1.4968159198760986
4,360,2,0.01,82,0.9974649548530579,0.0024710185825824738,0.04970934099927773,0.3858518898487091
4,360,2,0.01,83,0.9988067150115967,0.0011631466913968325,0.03410493646668811,0.2767551839351654
4,360,2,0.01,84,0.9986989498138428,0.0012681898660957813,0.035611653515328114,0.5491457581520081
4,360,2,0.01,85,0.9992372989654541,0.000743428769055754,0.027265890212053483,0.7658509612083435
4,360,2,0.01,86,0.9954841136932373,0.0044018179178237915,0.06634619746318392,0.6663665175437927
4,360,2,0.01,87,0.9982766509056091,0.0016798075521364808,0.04098545537305253,0.5658393502235413
4,360,2,0.01,88,0.9988530874252319,0.0011179456487298012,0.03343569423131216,0.5743613243103027
4,360,2,0.01,89,0.999011754989624,0.0009632819565013051,0.031036783926517018,0.25940605998039246
4,360,2,0.01,90,0.998478353023529,0.0014832345768809319,0.038512784590067385,1.2988523244857788
4,360,2,0.01,91,0.9991787075996399,0.0008005631389096379,0.028294224479735047,0.4267338812351227
4,360,2,0.01,92,0.9991417527198792,0.0008365599787794054,0.02892334660407411,0.9455185532569885
4,360,2,0.01,93,0.9973869323730469,0.002547077601775527,0.050468580342382593,0.5161489844322205
4,360,2,0.01,94,0.9785033464431763,0.020953617990016937,0.14475364586087958,1.3268643617630005
4,360,2,0.01,95,0.9988033175468445,0.0011664626654237509,0.03415351615022604,0.3018130660057068
4,360,2,0.01,96,0.9988753199577332,0.0010962565429508686,0.033109765069400124,0.29321762919425964
4,360,2,0.01,97,0.9983412623405457,0.0016168655129149556,0.04021026626267172,0.5214976072311401
4,360,2,0.01,98,0.9990874528884888,0.0008895027567632496,0.02982453280041868,0.7839590907096863
4,360,2,0.01,99,0.9990473389625549,0.000928624183870852,0.030473335621012215,0.5874330401420593
4,360,2,0.01,100,0.999107837677002,0.0008696071454323828,0.02948910214693528,0.4677746593952179
5,360,2,0.01,1,0.9926693439483643,0.007145488169044256,0.08453098940059944,0.9747452139854431
5,360,2,0.01,2,0.9953798651695251,0.004503450822085142,0.06710775530506993,1.1066219806671143
5,360,2,0.01,3,0.9966553449630737,0.0032601826824247837,0.057098009443629326,0.5806199908256531
5,360,2,0.01,4,0.996852695941925,0.0030677816830575466,0.05538755891946807,0.7696456909179688
5,360,2,0.01,5,0.9973562955856323,0.00257689761929214,0.05076315218041665,1.1613960266113281
5,360,2,0.01,6,0.9971110820770264,0.002815917832776904,0.053065222441603915,1.1832213401794434
5,360,2,0.01,7,0.9975075125694275,0.0024295460898429155,0.04929042594503435,0.7055832743644714
5,360,2,0.01,8,0.9976359605789185,0.0023043202236294746,0.048003335546912516,0.6091701984405518
5,360,2,0.01,9,0.9978119134902954,0.0021328411530703306,0.04618269322019159,0.4062122702598572
5,360,2,0.01,10,0.9960313439369202,0.0038684059400111437,0.0621965106739208,0.4488961100578308
5,360,2,0.01,11,0.9960763454437256,0.003824526211246848,0.061842753910598514,0.7182633280754089
5,360,2,0.01,12,0.9960209727287292,0.0038785275537520647,0.062277825538084294,0.5983574986457825
5,360,2,0.01,13,0.9935649037361145,0.006272545084357262,0.07919940078281693,1.6720632314682007
5,360,2,0.01,14,0.9981374740600586,0.0018154685385525227,0.042608315368628726,0.5515885949134827
5,360,2,0.01,15,0.9974365234375,0.0024986951611936092,0.04998694990888731,0.5409834980964661
5,360,2,0.01,16,0.9972864985466003,0.0026449731085449457,0.05142930204217189,0.8281774520874023
5,360,2,0.01,17,0.9953752160072327,0.004507973790168762,0.06714144614296569,1.056655764579773
5,360,2,0.01,18,0.9963145852088928,0.0035922976676374674,0.059935779528070436,0.6773848533630371
5,360,2,0.01,19,0.9934521317481995,0.006382466293871403,0.07989033917734611,1.1423815488815308
5,360,2,0.01,20,0.9955450892448425,0.004342368803918362,0.0658966524484997,1.2230955362319946
5,360,2,0.01,21,0.9985129237174988,0.0014495296636596322,0.03807268920971609,0.3882456421852112
5,360,2,0.01,22,0.9981013536453247,0.0018506983760744333,0.043019744026137965,0.73845374584198
5,360,2,0.01,23,0.9982193112373352,0.00173569330945611,0.04166165274513375,0.7007569074630737
5,360,2,0.01,24,0.9893670678138733,0.010364335030317307,0.10180537819937269,1.6755932569503784
5,360,2,0.01,25,0.9940760135650635,0.005774361081421375,0.07598921687595797,0.9202358722686768
5,360,2,0.01,26,0.9974876642227173,0.0024488845374435186,0.04948620552682857,0.3866412341594696
5,360,2,0.01,27,0.9978159070014954,0.002128942171111703,0.046140461323134846,0.929701566696167
5,360,2,0.01,28,0.9965359568595886,0.0033765286207199097,0.058107904976172645,0.5347102284431458
5,360,2,0.01,29,0.9986506104469299,0.001315278117544949,0.036266763262592774,0.5066655874252319
5,360,2,0.01,30,0.998464822769165,0.0014964157016947865,0.03868353269409073,0.6378895044326782
5,360,2,0.01,31,0.9969603419303894,0.002962869592010975,0.0544322477214654,0.373466432094574
5,360,2,0.01,32,0.998583972454071,0.00138025579508394,0.037151793968581655,1.142802357673645
5,360,2,0.01,33,0.9986175298690796,0.0013475457672029734,0.03670893307088852,1.075226068496704
5,360,2,0.01,34,0.9988782405853271,0.0010934206657111645,0.03306691194700776,0.3684704303741455
5,360,2,0.01,35,0.9975273609161377,0.002410189714282751,0.04909368303848013,0.9014238715171814
5,360,2,0.01,36,0.9974198341369629,0.002514977939426899,0.05014955572511983,0.42440617084503174
5,360,2,0.01,37,0.9976075291633606,0.0023320289328694344,0.04829108543892376,0.8614649176597595
5,360,2,0.01,38,0.9956293106079102,0.0042602852918207645,0.06527086097042664,0.3462343215942383
5,360,2,0.01,39,0.9986662864685059,0.0013000007020309567,0.036055522490056315,0.3176468312740326
5,360,2,0.01,40,0.9974383115768433,0.002496953820809722,0.049969528923232025,1.1492944955825806
5,360,2,0.01,41,0.9988719820976257,0.0010995303746312857,0.033159167278918295,0.728625476360321
5,360,2,0.01,42,0.9975314140319824,0.0024062369484454393,0.04905340914192855,0.6378927826881409
5,360,2,0.01,43,0.9952017068862915,0.00467710942029953,0.06838939552518014,1.0092791318893433
5,360,2,0.01,44,0.9967401623725891,0.00317746982909739,0.05636905027670229,0.5419397354125977
5,360,2,0.01,45,0.9973348379135132,0.0025978635530918837,0.05096924124500858,0.31771790981292725
5,360,2,0.01,46,0.994145393371582,0.005706711206585169,0.07554277732904165,1.0059175491333008
5,360,2,0.01,47,0.9977423548698425,0.0022006435319781303,0.04691101717057657,0.7061606049537659
5,360,2,0.01,48,0.9983499050140381,0.0016084039816632867,0.04010491218869936,0.5592724084854126
5,360,2,0.01,49,0.9930530786514282,0.006771435961127281,0.08228873532341642,1.1618640422821045
5,360,2,0.01,50,0.9977458715438843,0.0021971864625811577,0.04687415559326011,0.7196444869041443
5,360,2,0.01,51,0.9982832670211792,0.0016733696684241295,0.04090684134010018,0.4159619212150574
5,360,2,0.01,52,0.9969931244850159,0.0029309303499758244,0.0541380674754449,0.4614046514034271
5,360,2,0.01,53,0.99827641248703,0.001680022687651217,0.040988079823909986,0.5920000076293945
5,360,2,0.01,54,0.9975282549858093,0.0024093082174658775,0.049084704516436456,0.6693150401115417
5,360,2,0.01,55,0.9944943785667419,0.005366556346416473,0.07325678362047076,0.7581605315208435
5,360,2,0.01,56,0.9975098967552185,0.002427218947559595,0.04926681385638405,0.359591007232666
5,360,2,0.01,57,0.9917341470718384,0.008057047612965107,0.08976105844387702,1.1682814359664917
5,360,2,0.01,58,0.9963505268096924,0.0035573099739849567,0.059643188831458006,1.4852930307388306
5,360,2,0.01,59,0.997870683670044,0.00207551964558661,0.04555787138998715,1.0041919946670532
5,360,2,0.01,60,0.9967076182365417,0.003209206508472562,0.05664985885659877,0.4821547865867615
5,360,2,0.01,61,0.9977859258651733,0.0021581477485597134,0.04645586882795018,0.3509754240512848
5,360,2,0.01,62,0.9988239407539368,0.001146360533311963,0.03385794638355911,0.6045094728469849
5,360,2,0.01,63,0.9939895868301392,0.005858595948666334,0.07654146555081327,1.4834990501403809
5,360,2,0.01,64,0.9978174567222595,0.0021274301689118147,0.046124073637438125,0.5556758046150208
5,360,2,0.01,65,0.998904287815094,0.0010680349078029394,0.03268080335308389,0.9400245547294617
5,360,2,0.01,66,0.9977810382843018,0.002162893069908023,0.046506914216146646,0.43842121958732605
5,360,2,0.01,67,0.9986210465431213,0.0013441130286082625,0.03666214708126438,1.2575657367706299
5,360,2,0.01,68,0.9984110593795776,0.0015488285571336746,0.0393551592187565,0.31024691462516785
5,360,2,0.01,69,0.9985845685005188,0.0013796492712572217,0.037143630291844414,0.48160332441329956
5,360,2,0.01,70,0.9958624839782715,0.0040329997427761555,0.06350590321203341,0.5555703639984131
5,360,2,0.01,71,0.9987119436264038,0.0012555280700325966,0.035433431530584175,0.4254366457462311
5,360,2,0.01,72,0.9986578822135925,0.0013082005316391587,0.036169054890045974,0.588966965675354
5,360,2,0.01,73,0.9986481666564941,0.0013177016517147422,0.03630016049158381,0.2863589823246002
5,360,2,0.01,74,0.9984056949615479,0.0015540127642452717,0.0394209685858335,0.8546499013900757
5,360,2,0.01,75,0.9939472675323486,0.00589985866099596,0.07681053743462521,1.1541597843170166
5,360,2,0.01,76,0.9937637448310852,0.006078727543354034,0.07796619487543326,0.9826608896255493
5,360,2,0.01,77,0.9983033537864685,0.0016537894262000918,0.04066680988472162,0.5118833780288696
5,360,2,0.01,78,0.998297929763794,0.0016590517479926348,0.04073145894750929,0.8533223271369934
5,360,2,0.01,79,0.9987489581108093,0.0012194274459034204,0.03492030134325047,0.4453330934047699
5,360,2,0.01,80,0.996454119682312,0.003456303384155035,0.05879033410480872,0.30930790305137634
5,360,2,0.01,81,0.9988955855369568,0.0010765112238004804,0.03281023047466263,1.4066746234893799
5,360,2,0.01,82,0.9860434532165527,0.013603966683149338,0.11663604367068242,1.053084135055542
5,360,2,0.01,83,0.9968730211257935,0.003047970589250326,0.055208428606964774,1.1723686456680298
5,360,2,0.01,84,0.9988064765930176,0.0011633761459961534,0.03410830025076233,0.5173054933547974
5,360,2,0.01,85,0.9983945488929749,0.0015649236738681793,0.03955911619169694,0.5635055899620056
5,360,2,0.01,86,0.9984697103500366,0.0014916418585926294,0.03862177958862887,0.4992784261703491
5,360,2,0.01,87,0.9978514313697815,0.0020943114068359137,0.04576364721955532,0.9227566123008728
5,360,2,0.01,88,0.9983075261116028,0.0016497299075126648,0.04061686727841852,0.3855026960372925
5,360,2,0.01,89,0.9984410405158997,0.0015195580199360847,0.03898150869240549,0.45937496423721313
5,360,2,0.01,90,0.996566653251648,0.0033466278109699488,0.05785004590291998,0.7159414887428284
5,360,2,0.01,91,0.9981943368911743,0.001760049257427454,0.04195294098662755,0.36166873574256897
5,360,2,0.01,92,0.9990302920341492,0.0009452199446968734,0.0307444294905089,0.7836264371871948
5,360,2,0.01,93,0.9966757297515869,0.003240321297198534,0.056923820121268516,1.6205573081970215
5,360,2,0.01,94,0.9974865317344666,0.002449955092743039,0.04949702104918072,0.653230607509613
5,360,2,0.01,95,0.9989671111106873,0.0010067709954455495,0.031729654827078554,0.46595823764801025
5,360,2,0.01,96,0.9986841082572937,0.001282644341699779,0.035814024371742685,0.5461426377296448
5,360,2,0.01,97,0.9988415837287903,0.001129144337028265,0.03360274299857476,0.2811332941055298
5,360,2,0.01,98,0.9983052611351013,0.0016519264318048954,0.040643897842171775,0.5741250514984131
5,360,2,0.01,99,0.9991351366043091,0.0008430229499936104,0.02903485749910976,0.2637878358364105
5,360,2,0.01,100,0.9988158345222473,0.001154255704022944,0.033974338904869714,0.6039603352546692
6,360,2,0.01,1,0.9917129874229431,0.00807766243815422,0.08987581675931641,1.577802062034607
6,360,2,0.01,2,0.9959742426872253,0.003924089018255472,0.06264254958297492,1.461227297782898
6,360,2,0.01,3,0.9928575754165649,0.00696201017126441,0.08343866113058389,2.346397638320923
6,360,2,0.01,4,0.9963739514350891,0.0035344576463103294,0.05945130483269757,1.0116255283355713
6,360,2,0.01,5,0.9972878098487854,0.002643655054271221,0.05141648621085674,1.890433430671692
6,360,2,0.01,6,0.9953538775444031,0.00452876091003418,0.0672960690533569,2.1523618698120117
6,360,2,0.01,7,0.9943317174911499,0.005525114480406046,0.0743311138111494,1.011128544807434
6,360,2,0.01,8,0.9971499443054199,0.002778076333925128,0.052707459945676834,1.3439629077911377
6,360,2,0.01,9,0.9921716451644897,0.007630630861967802,0.0873534822543887,1.7149841785430908
6,360,2,0.01,10,0.9965260624885559,0.003386162454262376,0.05819074199786746,0.8373991847038269
6,360,2,0.01,11,0.9979631304740906,0.0019854444544762373,0.044558326432623536,1.2405633926391602
6,360,2,0.01,12,0.9977753162384033,0.0021685101091861725,0.04656726435153962,0.7155706882476807
6,360,2,0.01,13,0.9972940683364868,0.002637603785842657,0.05135760689364972,0.9284282922744751
6,360,2,0.01,14,0.9738041758537292,0.025534089654684067,0.1597938974262912,2.6686487197875977
6,360,2,0.01,15,0.9955256581306458,0.004361288156360388,0.06604004963929379,0.6135056614875793
6,360,2,0.01,16,0.9982353448867798,0.0017200862057507038,0.041473921996246076,0.6935230493545532
6,360,2,0.01,17,0.994025468826294,0.005823614075779915,0.07631260758079175,1.0198003053665161
6,360,2,0.01,18,0.9978262782096863,0.0021188154350966215,0.04603059238263854,0.9708251953125
6,360,2,0.01,19,0.9952794909477234,0.004601282067596912,0.06783275070050537,1.967613697052002
6,360,2,0.01,20,0.9970415830612183,0.0028836620040237904,0.053699739329197776,0.4383581876754761
6,360,2,0.01,21,0.9979296922683716,0.002018025377765298,0.04492243735334602,1.1614118814468384
6,360,2,0.01,22,0.9960552453994751,0.0038450928404927254,0.062008812603473754,0.724998950958252
6,360,2,0.01,23,0.9975520372390747,0.002386135281994939,0.048848083708523705,0.9776821732521057
6,360,2,0.01,24,0.9887380599975586,0.010977470315992832,0.10477342371037052,0.4311782419681549
6,360,2,0.01,25,0.9987050294876099,0.0012622678186744452,0.035528408614437616,0.8458645343780518
6,360,2,0.01,26,0.9964825510978699,0.0034286086447536945,0.058554322169705755,0.4789658784866333
6,360,2,0.01,27,0.9981209635734558,0.0018315729685127735,0.04279688035958665,1.1458343267440796
6,360,2,0.01,28,0.9975060224533081,0.002431004773825407,0.04930522055346074,1.0943927764892578
6,360,2,0.01,29,0.9983627200126648,0.0015959108714014292,0.03994885319256899,0.7306004166603088
6,360,2,0.01,30,0.9969292283058167,0.0029931729659438133,0.054709898244685244,1.5164402723312378
6,360,2,0.01,31,0.9980114698410034,0.0019382697064429522,0.04402578456362762,0.5435987114906311
6,360,2,0.01,32,0.9985199570655823,0.0014426648849621415,0.03798242863433224,1.1110763549804688
6,360,2,0.01,33,0.9981518387794495,0.0018014481756836176,0.042443470353914485,0.6577761769294739
6,360,2,0.01,34,0.9974532127380371,0.0024824687279760838,0.049824378851884184,1.188677430152893
6,360,2,0.01,35,0.9973381757736206,0.002594573423266411,0.05093695537884465,0.5340544581413269
6,360,2,0.01,36,0.9952822327613831,0.004598595667630434,0.06781294616539259,1.3327182531356812
6,360,2,0.01,37,0.9984989166259766,0.00146317423786968,0.038251460597860575,0.6052750945091248
6,360,2,0.01,38,0.9963147640228271,0.0035921288654208183,0.05993437131914223,0.6151912808418274
6,360,2,0.01,39,0.9981733560562134,0.0017805290408432484,0.042196315488952925,0.4906609058380127
6,360,2,0.01,40,0.998210608959198,0.0017441787058487535,0.04176336559532473,0.49497973918914795
6,360,2,0.01,41,0.9962324500083923,0.0036723774392157793,0.06060014388774815,0.41017282009124756
6,360,2,0.01,42,0.9968532919883728,0.0030671933200210333,0.05538224733631738,0.8656212687492371
6,360,2,0.01,43,0.9982495903968811,0.0017062211409211159,0.04130642977698649,0.5656334757804871
6,360,2,0.01,44,0.9979944229125977,0.0019549347925931215,0.04421464454898537,0.3870948255062103
6,360,2,0.01,45,0.9939281344413757,0.005918476264923811,0.07693163370762258,0.6410319805145264
6,360,2,0.01,46,0.9943591356277466,0.005498362705111504,0.07415094540942485,0.7009212970733643
6,360,2,0.01,47,0.9983245134353638,0.0016331610968336463,0.04041238791303536,0.28011152148246765
6,360,2,0.01,48,0.9973254203796387,0.0026070033200085163,0.05105882215649433,0.7484569549560547
6,360,2,0.01,49,0.9954184293746948,0.00446583004668355,0.0668268662042711,0.8259652853012085
6,360,2,0.01,50,0.9984734058380127,0.0014880346134305,0.03857505169705544,0.7478761672973633
6,360,2,0.01,51,0.9979017972946167,0.002045193687081337,0.04522381769688774,0.5219665169715881
6,360,2,0.01,52,0.9984480738639832,0.001512726303189993,0.038893782320442855,0.5915544033050537
6,360,2,0.01,53,0.9981253743171692,0.0018272942397743464,0.042746862338355854,0.7529473900794983
6,360,2,0.01,54,0.9924866557121277,0.00732356496155262,0.08557782984834694,0.5111868381500244
6,360,2,0.01,55,0.9977303743362427,0.0022123055532574654,0.04703515231459834,0.6909310817718506
6,360,2,0.01,56,0.9953740239143372,0.0045091137290000916,0.06714993469095924,0.9555068612098694
6,360,2,0.01,57,0.9974715709686279,0.0024645801167935133,0.049644537632991544,0.44659873843193054
6,360,2,0.01,58,0.9985193610191345,0.0014432313619181514,0.03798988499480028,0.5515622496604919
6,360,2,0.01,59,0.9980639815330505,0.0018871147185564041,0.04344093367500754,0.4044739603996277
6,360,2,0.01,60,0.9965270161628723,0.0033852378837764263,0.058182797146376745,0.5049664974212646
6,360,2,0.01,61,0.9984785914421082,0.0014830043073743582,0.03850979495367845,0.7273556590080261
6,360,2,0.01,62,0.9986138939857483,0.0013510951539501548,0.03675724627811712,0.4727679193019867
6,360,2,0.01,63,0.9982856512069702,0.0016710300697013736,0.04087823466958149,0.292837530374527
6,360,2,0.01,64,0.9984816908836365,0.001479967962950468,0.038470351739365055,0.5466064810752869
6,360,2,0.01,65,0.9981849789619446,0.0017691734246909618,0.042061543298968024,0.6432141065597534
6,360,2,0.01,66,0.9934225082397461,0.006411361508071423,0.08007097793877269,0.9256476759910583
6,360,2,0.01,67,0.9953609704971313,0.004521854221820831,0.06724473378503949,0.4362310469150543
6,360,2,0.01,68,0.9989615082740784,0.001012273016385734,0.03181623825007812,0.5390286445617676
6,360,2,0.01,69,0.9983034729957581,0.001653659506700933,0.04066521248808289,0.48955634236335754
6,360,2,0.01,70,0.9978258013725281,0.0021192890126258135,0.04603573625593289,0.28917860984802246
6,360,2,0.01,71,0.9991476535797119,0.0008308085380122066,0.028823749548110608,0.28082501888275146
6,360,2,0.01,72,0.9988790154457092,0.0010926430113613605,0.03305515105639907,0.5196442008018494
6,360,2,0.01,73,0.9989257454872131,0.00104711449239403,0.03235914851157289,0.5110013484954834
6,360,2,0.01,74,0.9936535358428955,0.006186160258948803,0.07865214719859086,1.2851433753967285
6,360,2,0.01,75,0.9970734119415283,0.0028526363894343376,0.053410077601837816,1.9828754663467407
6,360,2,0.01,76,0.9964860081672668,0.00342521327547729,0.05852532166060508,1.240957498550415
6,360,2,0.01,77,0.998780369758606,0.0011888082372024655,0.03447909855553746,0.790396511554718
6,360,2,0.01,78,0.9986532926559448,0.001312693697400391,0.036231115044949844,0.32401806116104126
6,360,2,0.01,79,0.9988916516304016,0.001080367132090032,0.0328689387125601,0.7326765656471252
6,360,2,0.01,80,0.9967369437217712,0.003180650994181633,0.056397260520185136,1.1939159631729126
6,360,2,0.01,81,0.9977606534957886,0.002182772383093834,0.04672014964759674,1.4599107503890991
6,360,2,0.01,82,0.9990656971931458,0.0009107001824304461,0.030177809437241236,0.8981502056121826
6,360,2,0.01,83,0.9979957938194275,0.0019535787869244814,0.044199307538970355,0.48663973808288574
6,360,2,0.01,84,0.9912213087081909,0.008556927554309368,0.09250366238322334,0.3944398760795593
6,360,2,0.01,85,0.99765944480896,0.002281433902680874,0.04776435807881096,0.8451682925224304
6,360,2,0.01,86,0.9977984428405762,0.0021459246054291725,0.046324125522552204,0.38673409819602966
6,360,2,0.01,87,0.9984252452850342,0.0015349569730460644,0.0391785269381847,0.2927156090736389
6,360,2,0.01,88,0.9982776641845703,0.0016788281500339508,0.04097350546431133,1.3649661540985107
6,360,2,0.01,89,0.999039351940155,0.0009363769786432385,0.030600277427553474,0.5927424430847168
6,360,2,0.01,90,0.998440682888031,0.0015199028421193361,0.03898593133579518,1.157157301902771
6,360,2,0.01,91,0.9989494681358337,0.001023995690047741,0.03199993265692509,0.5532083511352539
6,360,2,0.01,92,0.9988231658935547,0.0011470873141661286,0.033868677478846566,1.2353806495666504
6,360,2,0.01,93,0.9980280995368958,0.0019220772664994001,0.04384150164512388,0.7746490240097046
6,360,2,0.01,94,0.9969540238380432,0.002969022374600172,0.05448873621768238,0.2907378077507019
6,360,2,0.01,95,0.9989126324653625,0.001059926114976406,0.03255650649219609,0.6055227518081665
6,360,2,0.01,96,0.9989882707595825,0.0009861474391072989,0.031402984557320324,0.32349440455436707
6,360,2,0.01,97,0.99870765209198,0.001259721932001412,0.03549256164327128,0.7870156168937683
6,360,2,0.01,98,0.9965943694114685,0.0033195936121046543,0.05761591457318589,0.6274642944335938
6,360,2,0.01,99,0.998916506767273,0.001056147157214582,0.03249841776478637,1.3572078943252563
6,360,2,0.01,100,0.9958236813545227,0.004070830997079611,0.06380306416685338,1.5609745979309082
7,360,2,0.01,1,0.9769331812858582,0.022484146058559418,0.14994714421608507,2.162299633026123
7,360,2,0.01,2,0.9951598048210144,0.00471791997551918,0.06868711651772245,0.9101389050483704
7,360,2,0.01,3,0.9874989986419678,0.012185202911496162,0.1103866065765959,2.767072916030884
7,360,2,0.01,4,0.9930034875869751,0.006819757632911205,0.08258182386525019,2.7526774406433105
7,360,2,0.01,5,0.9971882104873657,0.0027407612651586533,0.05235228041985042,0.7273517847061157
7,360,2,0.01,6,0.9885948896408081,0.011116983368992805,0.10543710622448249,3.016476631164551
7,360,2,0.01,7,0.9959016442298889,0.00399483647197485,0.06320471874769201,1.643280029296875
7,360,2,0.01,8,0.9909191727638245,0.008851425722241402,0.09408201593419117,2.3742451667785645
7,360,2,0.01,9,0.9973444938659668,0.002588407602161169,0.05087639533380062,0.4960035979747772
7,360,2,0.01,10,0.9953746199607849,0.004508561454713345,0.0671458223176494,1.0773005485534668
7,360,2,0.01,11,0.9967992305755615,0.0031199012883007526,0.05585607655663574,0.9123010039329529
7,360,2,0.01,12,0.9976136684417725,0.0023260433226823807,0.04822907134376921,2.1739113330841064
7,360,2,0.01,13,0.9982193112373352,0.001735712867230177,0.041661887466006346,0.43832674622535706
7,360,2,0.01,14,0.9961296319961548,0.003772628027945757,0.06142172276927567,0.6845084428787231
7,360,2,0.01,15,0.9959469437599182,0.003950681537389755,0.06285444723637107,0.854152262210846
7,360,2,0.01,16,0.9965512752532959,0.0033616074360907078,0.057979370780396604,1.1480135917663574
7,360,2,0.01,17,0.9955885410308838,0.00430002436041832,0.06557457098920526,1.4987220764160156
7,360,2,0.01,18,0.9969980716705322,0.002926108194515109,0.05409351342365468,0.9835407137870789
7,360,2,0.01,19,0.9962791204452515,0.003626896534115076,0.060223720693054796,1.1763417720794678
7,360,2,0.01,20,0.9973238110542297,0.0026085879653692245,0.05107433764004409,0.9438360929489136
7,360,2,0.01,21,0.9972292184829712,0.0027007674798369408,0.05196890878050973,0.6071808934211731
7,360,2,0.01,22,0.9928565621376038,0.006963016930967569,0.08344469384549008,0.9150964021682739
7,360,2,0.01,23,0.9979825019836426,0.0019665537402033806,0.04434584242297558,1.3378629684448242
7,360,2,0.01,24,0.9979378581047058,0.0020100343972444534,0.04483340715632098,1.1209696531295776
7,360,2,0.01,25,0.9975904822349548,0.0023486590944230556,0.048462966215689435,0.9024727940559387
7,360,2,0.01,26,0.9984833002090454,0.0014783983351662755,0.038449945840875716,0.362690269947052
7,360,2,0.01,27,0.998163640499115,0.001789972186088562,0.04230806289690609,1.4133310317993164
7,360,2,0.01,28,0.9986721873283386,0.0012942759785801172,0.03597604728955249,0.49498847126960754
7,360,2,0.01,29,0.9911488890647888,0.008627522736787796,0.09288445907032992,1.4434345960617065
7,360,2,0.01,30,0.9977008104324341,0.0022411250974982977,0.0473405227843789,1.6839920282363892
7,360,2,0.01,31,0.9957826137542725,0.004110861569643021,0.0641160008862298,0.519445538520813
7,360,2,0.01,32,0.9986558556556702,0.0013102127704769373,0.03619686133460935,1.1664320230484009
7,360,2,0.01,33,0.9977596402168274,0.0021837730892002583,0.046730857997689904,0.7465136647224426
7,360,2,0.01,34,0.9971612691879272,0.0027670320123434067,0.05260258560511457,1.1812375783920288
7,360,2,0.01,35,0.9966799020767212,0.0032362439669668674,0.05688799492834026,1.22775399684906
7,360,2,0.01,36,0.9982722997665405,0.0016840482130646706,0.04103715649341059,2.0696585178375244
7,360,2,0.01,37,0.9977701306343079,0.002173536689952016,0.0466212042953849,0.6440942287445068
7,360,2,0.01,38,0.9981417655944824,0.0018113000551238656,0.042559370943704815,0.7316663265228271
7,360,2,0.01,39,0.9973403215408325,0.002592493314296007,0.05091653281887924,0.6962530612945557
7,360,2,0.01,40,0.9973354339599609,0.0025972595904022455,0.0509633161244659,0.7072284817695618
7,360,2,0.01,41,0.9985718727111816,0.0013920411001890898,0.03731006700863843,0.4203926622867584
7,360,2,0.01,42,0.9966174960136414,0.003297080984339118,0.057420214074305906,1.2818130254745483
7,360,2,0.01,43,0.9966980814933777,0.003218492493033409,0.056731759121619076,0.6960979700088501
7,360,2,0.01,44,0.9978978633880615,0.002049063565209508,0.045266583317161324,0.740635335445404
7,360,2,0.01,45,0.9984679222106934,0.0014933629427105188,0.03864405442898712,0.9035296440124512
7,360,2,0.01,46,0.9983676075935364,0.0015911678783595562,0.03988944570133253,0.8725753426551819
7,360,2,0.01,47,0.9963945746421814,0.003514352487400174,0.05928197438851184,1.0120158195495605
7,360,2,0.01,48,0.9976110458374023,0.0023285970091819763,0.048255538637362407,1.6002228260040283
7,360,2,0.01,49,0.998209536075592,0.0017452581087127328,0.04177628643994979,0.5851728916168213
7,360,2,0.01,50,0.9983058571815491,0.0016513194423168898,0.04063642998981197,0.4224681854248047
7,360,2,0.01,51,0.995904803276062,0.0039917235262691975,0.06318008805208487,1.503103256225586
7,360,2,0.01,52,0.9970308542251587,0.0028941230848431587,0.05379705461122531,0.9615949392318726
7,360,2,0.01,53,0.9969981908798218,0.0029259980656206608,0.05409249546490401,1.1157788038253784
7,360,2,0.01,54,0.9964833855628967,0.0034278109669685364,0.058547510339625346,0.8746657371520996
7,360,2,0.01,55,0.9979294538497925,0.002018225844949484,0.04492466855692409,1.9707584381103516
7,360,2,0.01,56,0.9983822107315063,0.001576912822201848,0.03971036164783504,1.2801721096038818
7,360,2,0.01,57,0.9983128309249878,0.0016445250948891044,0.04055274460365296,0.8057687282562256
7,360,2,0.01,58,0.9984122514724731,0.0015476334374397993,0.03933997251447692,0.653095543384552
7,360,2,0.01,59,0.9973716139793396,0.0025619957596063614,0.050616161051647936,1.2463728189468384
7,360,2,0.01,60,0.9988105297088623,0.001159411622211337,0.03405013395291327,0.7413432598114014
7,360,2,0.01,61,0.9974215030670166,0.002513364888727665,0.05013347074288459,0.5606620907783508
7,360,2,0.01,62,0.9972427487373352,0.002687572967261076,0.05184180713730065,0.9679031372070312
7,360,2,0.01,63,0.9949728846549988,0.004900143016129732,0.07000102153632996,1.1497200727462769
7,360,2,0.01,64,0.9970629811286926,0.0028628509026020765,0.05350561561744782,0.7968119382858276
7,360,2,0.01,65,0.9989628791809082,0.0010109208524227142,0.03179498156034556,0.7536993622779846
7,360,2,0.01,66,0.9990214705467224,0.0009538131416775286,0.03088386539404562,0.6068831086158752
7,360,2,0.01,67,0.9986962080001831,0.0012708472786471248,0.03564894498645261,0.3400505483150482
7,360,2,0.01,68,0.9985300898551941,0.0014327513054013252,0.03785170148621229,0.7032720446586609
7,360,2,0.01,69,0.9982154965400696,0.001739427214488387,0.0417064409232961,1.4666481018066406
7,360,2,0.01,70,0.9982732534408569,0.0016831379616633058,0.0410260644184073,0.29343804717063904
7,360,2,0.01,71,0.9962796568870544,0.003626376623287797,0.060219404042947795,0.9189623594284058
7,360,2,0.01,72,0.9972540140151978,0.002676603617146611,0.05173590259333079,1.7084747552871704
7,360,2,0.01,73,0.9980035424232483,0.0019460013136267662,0.04411350488939601,0.39147257804870605
7,360,2,0.01,74,0.9986302256584167,0.0013351825764402747,0.03654015019728675,0.6851908564567566
7,360,2,0.01,75,0.9985990524291992,0.0013655411312356591,0.036953228969004305,0.6514101624488831
7,360,2,0.01,76,0.9974107146263123,0.0025238983798772097,0.05023841537983866,0.6383722424507141
7,360,2,0.01,77,0.998106062412262,0.001846068655140698,0.04296590107446483,0.3655008375644684
7,360,2,0.01,78,0.9980236291885376,0.0019264522707089782,0.04389136897738527,0.7673817873001099
7,360,2,0.01,79,0.9986006021499634,0.0013640603283420205,0.036933187356929006,0.46101251244544983
7,360,2,0.01,80,0.9989418983459473,0.001031358609907329,0.03211477245610389,0.28393319249153137
7,360,2,0.01,81,0.9988273978233337,0.0011429813457652926,0.033808007125018365,0.7998771667480469
7,360,2,0.01,82,0.9574387073516846,0.041486162692308426,0.20368152270716267,2.3169171810150146
7,360,2,0.01,83,0.9976340532302856,0.002306208712980151,0.048023001915542006,0.9508593678474426
7,360,2,0.01,84,0.9983797073364258,0.0015793759375810623,0.03974136305640588,0.3511520028114319
7,360,2,0.01,85,0.998414158821106,0.001545764273032546,0.03931620878254344,0.901947021484375
7,360,2,0.01,86,0.9981971979141235,0.0017572555225342512,0.041919631707998714,0.32825595140457153
7,360,2,0.01,87,0.9917783141136169,0.008013998158276081,0.08952093698278678,0.727962076663971
7,360,2,0.01,88,0.9980708360671997,0.0018804557621479034,0.04336422214392763,0.9121280312538147
7,360,2,0.01,89,0.9976780414581299,0.0022632882464677095,0.04757402911744715,0.3244878649711609
7,360,2,0.01,90,0.9970738887786865,0.0028521851636469364,0.0534058532714059,0.675546407699585
7,360,2,0.01,91,0.9987121224403381,0.0012553430860862136,0.03543082113197793,0.47249099612236023
7,360,2,0.01,92,0.9983195066452026,0.0016380547313019633,0.040472888843051016,0.5063797235488892
7,360,2,0.01,93,0.9987870454788208,0.0011823270469903946,0.03438498287029375,0.5908277034759521
7,360,2,0.01,94,0.9981620907783508,0.0017914946656674147,0.042326051855416595,0.8325516581535339
7,360,2,0.01,95,0.9978671669960022,0.002078944817185402,0.045595447329589846,0.2997170686721802
7,360,2,0.01,96,0.9984399080276489,0.0015206910902634263,0.038996039417656586,0.45306652784347534
7,360,2,0.01,97,0.9984722137451172,0.0014892059843987226,0.0385902317225321,1.1136244535446167
7,360,2,0.01,98,0.9985223412513733,0.0014403053792193532,0.03795135543322996,0.356611967086792
7,360,2,0.01,99,0.9986947774887085,0.0012722427491098642,0.03566851201143474,0.26100969314575195
7,360,2,0.01,100,0.9985834956169128,0.001380697125568986,0.03715773305207122,0.4476983845233917
8,360,2,0.01,1,0.9914491772651672,0.008334824815392494,0.09129526173571383,1.1724961996078491
8,360,2,0.01,2,0.9869164228439331,0.012753096409142017,0.11292960820414644,1.4384047985076904
8,360,2,0.01,3,0.9960035085678101,0.003895548405125737,0.06241432852419176,0.46788376569747925
8,360,2,0.01,4,0.988279402256012,0.011424525640904903,0.10688557265087231,2.1605639457702637
8,360,2,0.01,5,0.9954218864440918,0.004462492652237415,0.06680189108279357,2.7938878536224365
8,360,2,0.01,6,0.996779203414917,0.0031394485849887133,0.056030782477034115,2.089337110519409
8,360,2,0.01,7,0.9937353134155273,0.006106425076723099,0.07814361827253137,2.555959463119507
8,360,2,0.01,8,0.9976223707199097,0.0023175766691565514,0.048141215908580365,1.3133327960968018
8,360,2,0.01,9,0.997684121131897,0.002257406711578369,0.04751217435119518,1.318200945854187
8,360,2,0.01,10,0.9932637214660645,0.006566125899553299,0.08103163517758542,0.5036333799362183
8,360,2,0.01,11,0.9962884187698364,0.0036178138107061386,0.06014826523438676,2.3577640056610107
8,360,2,0.01,12,0.9969785213470459,0.0029451281297951937,0.054269034723267315,0.9578641653060913
8,360,2,0.01,13,0.9980964064598083,0.0018554815324023366,0.04307530072329544,1.1325303316116333
8,360,2,0.01,14,0.9977675676345825,0.0021760649979114532,0.046648311844175595,0.7872129678726196
8,360,2,0.01,15,0.9957707524299622,0.004122405778616667,0.06420596373092352,1.6494449377059937
8,360,2,0.01,16,0.9887930750846863,0.010923821479082108,0.10451708701969313,2.561464786529541
8,360,2,0.01,17,0.9881585240364075,0.01154233142733574,0.10743524294818595,3.5275166034698486
8,360,2,0.01,18,0.9950494170188904,0.0048255533911287785,0.06946620322954737,0.794291615486145
8,360,2,0.01,19,0.9950289726257324,0.004845437128096819,0.06960917416617453,1.9835398197174072
8,360,2,0.01,20,0.9932834506034851,0.006546857301145792,0.08091265229335763,1.5175241231918335
8,360,2,0.01,21,0.9957529902458191,0.004139707889407873,0.0643405617741085,1.0110812187194824
8,360,2,0.01,22,0.9967286586761475,0.003188690636307001,0.05646849242105726,0.6211742162704468
8,360,2,0.01,23,0.9953237175941467,0.004558135289698839,0.0675139636645549,1.082919716835022
8,360,2,0.01,24,0.9978345632553101,0.0021107252687215805,0.04594263018941755,1.0829448699951172
8,360,2,0.01,25,0.9963447451591492,0.003562947968021035,0.059690434476731995,0.36310461163520813
8,360,2,0.01,26,0.9980072975158691,0.0019423716003075242,0.04407234507383881,1.1913233995437622
8,360,2,0.01,27,0.9973739385604858,0.0025597019121050835,0.050593496737279225,0.28673091530799866
8,360,2,0.01,28,0.9965814352035522,0.003332213731482625,0.057725330068199916,0.3254702687263489
8,360,2,0.01,29,0.9967162013053894,0.0032008609268814325,0.056576151573621836,0.4108605980873108
8,360,2,0.01,30,0.9955117702484131,0.004374864511191845,0.06614275856956561,1.2521392107009888
8,360,2,0.01,31,0.9965416789054871,0.0033709474373608828,0.058059860810726054,0.8642683029174805
8,360,2,0.01,32,0.9986568689346313,0.0013092042645439506,0.03618292780502914,0.8958268165588379
8,360,2,0.01,33,0.9985826015472412,0.0013815703568980098,0.03716948152581644,1.1397249698638916
8,360,2,0.01,34,0.9976640939712524,0.0022769218776375055,0.04771710256959768,0.7924213409423828
8,360,2,0.01,35,0.9981616139411926,0.0017919207457453012,0.04233108486378894,1.0607880353927612
8,360,2,0.01,36,0.9983767867088318,0.0015822371933609247,0.039777345227666024,0.6550758481025696
8,360,2,0.01,37,0.9971576929092407,0.0027705184184014797,0.05263571428603852,0.9482713341712952
8,360,2,0.01,38,0.9987576007843018,0.0012110358802601695,0.034799940808285426,0.37568429112434387
8,360,2,0.01,39,0.994404673576355,0.005453993566334248,0.07385115819223316,1.547542691230774
8,360,2,0.01,40,0.9982576370239258,0.0016983557725325227,0.0412111122457587,0.588895857334137
8,360,2,0.01,41,0.9980373382568359,0.0019130914006382227,0.04373890031354495,0.9198256731033325
8,360,2,0.01,42,0.9979053735733032,0.002041694475337863,0.045185113426192296,1.0340230464935303
8,360,2,0.01,43,0.9974465370178223,0.0024889642372727394,0.04988952031511968,1.2310540676116943
8,360,2,0.01,44,0.9972034692764282,0.002725911093875766,0.05221025851186494,0.47675085067749023
8,360,2,0.01,45,0.9987500905990601,0.0012183436192572117,0.034904779318271184,1.3298836946487427
8,360,2,0.01,46,0.9988134503364563,0.0011565966997295618,0.03400877386395402,1.0096515417099
8,360,2,0.01,47,0.9988262057304382,0.0011441154638305306,0.03382477588736592,0.8521071076393127
8,360,2,0.01,48,0.9720110893249512,0.02728191763162613,0.16517238761859118,1.3873721361160278
8,360,2,0.01,49,0.9967069029808044,0.003209891030564904,0.05665590022729234,1.01432204246521
8,360,2,0.01,50,0.9943552017211914,0.005502219311892986,0.07417694595959709,1.2286709547042847
8,360,2,0.01,51,0.9981082081794739,0.0018439790001139045,0.042941576590920655,0.5009791851043701
8,360,2,0.01,52,0.9982282519340515,0.001726998365484178,0.04155716984449468,0.8482348918914795
8,360,2,0.01,53,0.9978825449943542,0.002063942141830921,0.04543062999597211,0.8611711263656616
8,360,2,0.01,54,0.9982926249504089,0.0016642321133986115,0.04079500108344908,0.7957240343093872
8,360,2,0.01,55,0.9865263104438782,0.013133326545357704,0.11460072663538266,3.9014203548431396
8,360,2,0.01,56,0.9970846772193909,0.0028416540008038282,0.05330716650511288,1.445120096206665
8,360,2,0.01,57,0.9988785982131958,0.0010930922580882907,0.0330619457698468,0.5731992721557617
8,360,2,0.01,58,0.9958695769309998,0.0040260860696434975,0.06345144655280523,1.6374897956848145
8,360,2,0.01,59,0.998909056186676,0.0010634086793288589,0.03260994755176492,0.5207202434539795
8,360,2,0.01,60,0.9990012645721436,0.0009735121275298297,0.03120115586849035,0.5060085654258728
8,360,2,0.01,61,0.9973444938659668,0.0025884495116770267,0.050876807207970776,1.094693899154663
8,360,2,0.01,62,0.9985067844390869,0.0014555162051692605,0.038151228095164386,0.5334991216659546
8,360,2,0.01,63,0.9978209733963013,0.002123963786289096,0.04608648160023822,0.7908183932304382
8,360,2,0.01,64,0.9989205002784729,0.001052259118296206,0.032438543714171354,0.3751782178878784
8,360,2,0.01,65,0.9976226687431335,0.0023173026274889708,0.04813836959732819,0.4503811299800873
8,360,2,0.01,66,0.9985014200210571,0.001460740459151566,0.038219634471715794,0.5590344071388245
8,360,2,0.01,67,0.9979749321937561,0.0019739370327442884,0.044429011161000294,1.9448810815811157
8,360,2,0.01,68,0.9984734654426575,0.0014879704685881734,0.03857422025897832,0.2949042320251465
8,360,2,0.01,69,0.9948703050613403,0.005000136326998472,0.07071164208953482,1.4209189414978027
8,360,2,0.01,70,0.9944331645965576,0.005426239222288132,0.07366301122197036,2.005040168762207
8,360,2,0.01,71,0.9963672161102295,0.003541036741808057,0.05950661090843652,1.3837529420852661
8,360,2,0.01,72,0.9956533312797546,0.004236877430230379,0.06509130072621364,0.7730408906936646
8,360,2,0.01,73,0.9988343715667725,0.0011362050427123904,0.03370764071708951,0.6490021347999573
8,360,2,0.01,74,0.9990529417991638,0.000923110288567841,0.0303827301039232,0.3779696822166443
8,360,2,0.01,75,0.9986578226089478,0.0013082961086183786,0.03617037611939332,0.7744371294975281
8,360,2,0.01,76,0.9990004301071167,0.0009743235423229635,0.0312141561206284,0.9830082654953003
8,360,2,0.01,77,0.9985954761505127,0.0013690259074792266,0.037000350099414284,0.9174730777740479
8,360,2,0.01,78,0.9979471564292908,0.0020010066218674183,0.04473261250885553,0.7217363715171814
8,360,2,0.01,79,0.9989565014839172,0.001017142552882433,0.031892672401077224,0.33610787987709045
8,360,2,0.01,80,0.9990474581718445,0.000928455323446542,0.03047056486917402,0.8262341618537903
8,360,2,0.01,81,0.9990620613098145,0.000914254691451788,0.03023664484448941,1.172440528869629
8,360,2,0.01,82,0.9982778429985046,0.001678667264059186,0.040971542124494,1.143918752670288
8,360,2,0.01,83,0.9984155893325806,0.0015444112941622734,0.03929899864070678,0.30711206793785095
8,360,2,0.01,84,0.9922343492507935,0.00756948022171855,0.0870027598511596,1.2471452951431274
8,360,2,0.01,85,0.9978470802307129,0.0020985177252441645,0.04580958115115401,0.8035723567008972
8,360,2,0.01,86,0.9938333034515381,0.0060109347105026245,0.07753021804756274,1.7835084199905396
8,360,2,0.01,87,0.9985646605491638,0.0013990768929943442,0.03740423629743487,0.4622829556465149
8,360,2,0.01,88,0.9957093596458435,0.00418227631598711,0.06467052122866422,1.7085310220718384
8,360,2,0.01,89,0.9985673427581787,0.001396465813741088,0.03736931647409527,0.8456866145133972
8,360,2,0.01,90,0.997758150100708,0.002185216872021556,0.0467463032979246,0.7833105325698853
8,360,2,0.01,91,0.998448371887207,0.0015124342171475291,0.038890027219681,0.6648021936416626
8,360,2,0.01,92,0.9880479574203491,0.011650113388895988,0.10793569098725402,0.6615303754806519
8,360,2,0.01,93,0.9980068206787109,0.001942823058925569,0.044077466566552675,0.635001540184021
8,360,2,0.01,94,0.997552752494812,0.002385454485192895,0.048841114700556285,0.8814209699630737
8,360,2,0.01,95,0.9974881410598755,0.0024483813904225826,0.04948112155582756,1.0477267503738403
8,360,2,0.01,96,0.9976312518119812,0.0023088862653821707,0.04805087164019161,0.6682636737823486
8,360,2,0.01,97,0.9989351034164429,0.0010380056919530034,0.032218095722016275,0.2784424424171448
8,360,2,0.01,98,0.9989604353904724,0.0010133280884474516,0.03183281464852663,0.4919824004173279
8,360,2,0.01,99,0.9982037544250488,0.001750870724208653,0.041843407177339816,0.3928886353969574
8,360,2,0.01,100,0.9985923767089844,0.0013720722636207938,0.03704149380925118,0.5054637789726257
9,360,2,0.01,1,0.9907178282737732,0.009047707542777061,0.09511943830141693,0.812307596206665
9,360,2,0.01,2,0.9934945702552795,0.006341084837913513,0.07963092890274176,0.570412814617157
9,360,2,0.01,3,0.9956539869308472,0.004236200824379921,0.06508610315866145,1.239823341369629
9,360,2,0.01,4,0.9923315048217773,0.007474774029105902,0.0864567754956539,0.47799843549728394
9,360,2,0.01,5,0.994412899017334,0.005445962306112051,0.07379676352057758,1.0953419208526611
9,360,2,0.01,6,0.9962433576583862,0.003661749418824911,0.06051239062229248,0.7670105695724487
9,360,2,0.01,7,0.9974456429481506,0.002489856444299221,0.04989846134200153,1.46004056930542
9,360,2,0.01,8,0.9936810731887817,0.006159295327961445,0.07848117817643568,0.5701545476913452
9,360,2,0.01,9,0.9980857372283936,0.0018658802146092057,0.04319583561651755,1.4714126586914062
9,360,2,0.01,10,0.996716320514679,0.0032007587142288685,0.05657524824716961,1.0748652219772339
9,360,2,0.01,11,0.9973160028457642,0.002616221085190773,0.05114900864328431,1.300489068031311
9,360,2,0.01,12,0.9980485439300537,0.001902134157717228,0.04361346303284375,1.6052523851394653
9,360,2,0.01,13,0.9905147552490234,0.009245635941624641,0.09615422997260517,2.1595494747161865
9,360,2,0.01,14,0.9953241348266602,0.004557735752314329,0.06751100467564032,2.1465158462524414
9,360,2,0.01,15,0.9982465505599976,0.001709140371531248,0.041341750949025466,1.3470332622528076
9,360,2,0.01,16,0.9924535155296326,0.007355867885053158,0.08576635637039245,1.2974170446395874
9,360,2,0.01,17,0.9974541068077087,0.0024816016666591167,0.04981567691660043,0.9582366347312927
9,360,2,0.01,18,0.9951772093772888,0.004700950346887112,0.06856347677070579,2.1128175258636475
9,360,2,0.01,19,0.9742539525032043,0.02509567327797413,0.1584161395754048,4.677121639251709
9,360,2,0.01,20,0.9983847141265869,0.0015744989505037665,0.039679956533541796,0.9484731554985046
9,360,2,0.01,21,0.9929118752479553,0.006909096613526344,0.08312097577342523,0.6960375308990479
9,360,2,0.01,22,0.998054027557373,0.0018968170043081045,0.0435524626663993,1.2621822357177734
9,360,2,0.01,23,0.9986353516578674,0.0013301734579727054,0.0364715431257399,0.8827635645866394
9,360,2,0.01,24,0.9975658059120178,0.002372695365920663,0.048710320938387,1.3470100164413452
9,360,2,0.01,25,0.997776210308075,0.0021676141768693924,0.04655764359231889,1.7850147485733032
9,360,2,0.01,26,0.9971398115158081,0.00278791063465178,0.05280066888451111,1.2481167316436768
9,360,2,0.01,27,0.9979843497276306,0.0019647139124572277,0.04432509348503653,1.322981357574463
9,360,2,0.01,28,0.9843023419380188,0.015301133506000042,0.12369775061010625,0.7130699753761292
9,360,2,0.01,29,0.9978604912757874,0.002085463609546423,0.04566687650306755,0.8314871191978455
9,360,2,0.01,30,0.9963443279266357,0.003563329577445984,0.059693630962155284,0.540831983089447
9,360,2,0.01,31,0.9949034452438354,0.004967827349901199,0.07048281599014897,2.0200488567352295
9,360,2,0.01,32,0.9984743595123291,0.0014871261082589626,0.038563274086350116,0.646953821182251
9,360,2,0.01,33,0.995579719543457,0.004308616276830435,0.0656400508594443,0.5930814743041992
9,360,2,0.01,34,0.9982237815856934,0.001731364754959941,0.04160967141134307,1.35945463180542
9,360,2,0.01,35,0.9972229599952698,0.002706866944208741,0.05202755946811979,1.0489039421081543
9,360,2,0.01,36,0.9936252236366272,0.006213748827576637,0.07882733553518498,1.881232738494873
9,360,2,0.01,37,0.9974954128265381,0.0024413259234279394,0.049409775585686884,1.6176772117614746
9,360,2,0.01,38,0.9983751773834229,0.0015837594401091337,0.03979647522217431,1.6475591659545898
9,360,2,0.01,39,0.9977935552597046,0.002150711603462696,0.04637576526013017,1.7636147737503052
9,360,2,0.01,40,0.996558666229248,0.0033544127363711596,0.05791729220510192,1.1866514682769775
9,360,2,0.01,41,0.9974688291549683,0.002467233454808593,0.04967125380749506,1.9676358699798584
9,360,2,0.01,42,0.9987565875053406,0.001211995491757989,0.03481372562306409,2.0981578826904297
9,360,2,0.01,43,0.9946594834327698,0.005205639638006687,0.07215011876640735,1.1677567958831787
9,360,2,0.01,44,0.9983021020889282,0.0016549943247810006,0.04068162146204353,1.6096811294555664
9,360,2,0.01,45,0.9960546493530273,0.0038457007613033056,0.06201371430017159,1.0427368879318237
9,360,2,0.01,46,0.9987226128578186,0.0012451069196686149,0.03528607260192915,2.169905424118042
9,360,2,0.01,47,0.9976168274879456,0.0023229930084198713,0.048197437778577726,1.805019736289978
9,360,2,0.01,48,0.9971868991851807,0.002742036944255233,0.05236446260829221,2.2970893383026123
9,360,2,0.01,49,0.9976494908332825,0.0022911212872713804,0.047865658746865485,1.517552375793457
9,360,2,0.01,50,0.9974177479743958,0.0025170017033815384,0.05016972895463497,1.6322126388549805
9,360,2,0.01,51,0.9981924295425415,0.001761897699907422,0.041974965156714804,1.9272323846817017
9,360,2,0.01,52,0.9986717700958252,0.001294664922170341,0.035981452474439395,1.7195454835891724
9,360,2,0.01,53,0.998199999332428,0.0017545041628181934,0.04188680177356817,1.1221623420715332
9,360,2,0.01,54,0.9987748861312866,0.0011941910488530993,0.03455706944827786,1.3943531513214111
9,360,2,0.01,55,0.9968627691268921,0.0030580004677176476,0.055299190479767855,1.5488486289978027
9,360,2,0.01,56,0.9971305131912231,0.0027970231603831053,0.052886890250638724,0.6653916835784912
9,360,2,0.01,57,0.9938111901283264,0.006032492965459824,0.07766912491756182,1.3490551710128784
9,360,2,0.01,58,0.9980487823486328,0.001901935669593513,0.04361118743617873,0.4707004725933075
9,360,2,0.01,59,0.997063934803009,0.0028619146905839443,0.053496866175355956,2.1241824626922607
9,360,2,0.01,60,0.9988301396369934,0.0011402835370972753,0.03376808459325573,1.6015710830688477
9,360,2,0.01,61,0.996670126914978,0.0032457574270665646,0.05697154927739428,1.1393043994903564
9,360,2,0.01,62,0.9986705183982849,0.0012958947336301208,0.03599853793739575,2.1605799198150635
9,360,2,0.01,63,0.9951172471046448,0.0047594220377504826,0.06898856454333922,1.9994096755981445
9,360,2,0.01,64,0.9986980557441711,0.00126903154887259,0.035623469074089205,1.2801088094711304
9,360,2,0.01,65,0.9977066516876221,0.0022354095708578825,0.047280118134982306,1.154012680053711
9,360,2,0.01,66,0.9951996207237244,0.004679121542721987,0.06840410472129568,0.7449885606765747
9,360,2,0.01,67,0.9986351728439331,0.0013303554151207209,0.03647403754892953,1.811543345451355
9,360,2,0.01,68,0.9974415898323059,0.0024937763810157776,0.04993772502843694,1.180605411529541
9,360,2,0.01,69,0.9971822500228882,0.0027465505991131067,0.052407543341708995,1.44467031955719
9,360,2,0.01,70,0.9906752109527588,0.009089212864637375,0.095337363423987,1.295981526374817
9,360,2,0.01,71,0.9962126016616821,0.003691714955493808,0.060759484490026806,0.7447814345359802
9,360,2,0.01,72,0.9987468719482422,0.001221495564095676,0.03494990077376009,1.0191997289657593
9,360,2,0.01,73,0.9982100129127502,0.0017447699792683125,0.04177044384811242,1.2463518381118774
9,360,2,0.01,74,0.9979888796806335,0.0019603297114372253,0.044275610796884836,1.6421703100204468
9,360,2,0.01,75,0.9945632219314575,0.0052994186989963055,0.07279710639164379,0.8621710538864136
9,360,2,0.01,76,0.9982301592826843,0.0017251084791496396,0.04153442522955674,1.0774818658828735
9,360,2,0.01,77,0.996441125869751,0.0034689693711698055,0.058897957275017655,0.8183895945549011
9,360,2,0.01,78,0.9837169647216797,0.015871686860919,0.12598288320608875,1.278167724609375
9,360,2,0.01,79,0.9983956217765808,0.001563851023092866,0.039545556300207306,1.573830246925354
9,360,2,0.01,80,0.9964972138404846,0.003414314705878496,0.05843213761175006,1.0216681957244873
9,360,2,0.01,81,0.9987653493881226,0.0012034905375912786,0.03469136113777144,1.4281716346740723
9,360,2,0.01,82,0.9985569715499878,0.001406590803526342,0.037504543771739736,0.8643509745597839
9,360,2,0.01,83,0.9984086155891418,0.001551209599711001,0.03938539830585697,1.0907095670700073
9,360,2,0.01,84,0.9966340661048889,0.0032808836549520493,0.057278998375949707,1.388950228691101
9,360,2,0.01,85,0.998901903629303,0.001070359256118536,0.03271634539673611,1.3395006656646729
9,360,2,0.01,86,0.9988340735435486,0.0011364544043317437,0.03371133940281436,1.22756028175354
9,360,2,0.01,87,0.998984694480896,0.000989675521850586,0.03145910872625901,0.9952917695045471
9,360,2,0.01,88,0.997888445854187,0.00205821031704545,0.045367502874254055,1.0302982330322266
9,360,2,0.01,89,0.9966586232185364,0.003256969153881073,0.05706986204540075,0.3120926320552826
9,360,2,0.01,90,0.9981550574302673,0.0017983228899538517,0.04240663733372232,1.3272790908813477
9,360,2,0.01,91,0.9981197118759155,0.0018327927682548761,0.04281112902336116,1.6476160287857056
9,360,2,0.01,92,0.9986497163772583,0.00131618685554713,0.03627928962296712,0.8927001953125
9,360,2,0.01,93,0.9988332986831665,0.001137229846790433,0.03372283865261691,1.8042747974395752
9,360,2,0.01,94,0.9989986419677734,0.0009760864777490497,0.031242382715616454,1.1421363353729248
9,360,2,0.01,95,0.998972475528717,0.0010015831794589758,0.0316477989670526,0.35823965072631836
9,360,2,0.01,96,0.9989555478096008,0.001018097042106092,0.031907632975607766,0.36852341890335083
9,360,2,0.01,97,0.9937167763710022,0.006124491337686777,0.07825912942070579,1.3930386304855347
9,360,2,0.01,98,0.9990817904472351,0.0008949920884333551,0.0299164183757574,0.8420115113258362
9,360,2,0.01,99,0.9989044070243835,0.0010679453844204545,0.03267943366125635,0.5052951574325562
9,360,2,0.01,100,0.998886227607727,0.0010856199078261852,0.032948746680658204,1.1833597421646118
10,360,2,0.01,1,0.9924778938293457,0.007332117296755314,0.08562778343946148,1.836714267730713
10,360,2,0.01,2,0.9937310814857483,0.006110548507422209,0.07816999748894846,1.1497029066085815
10,360,2,0.01,3,0.9949320554733276,0.004939904902130365,0.07028445704514168,2.245464563369751
10,360,2,0.01,4,0.9934843182563782,0.00635108957067132,0.07969372353373458,0.9226242303848267
10,360,2,0.01,5,0.978844165802002,0.02062143199145794,0.1436016434148925,3.5636513233184814
10,360,2,0.01,6,0.9959695935249329,0.003928622230887413,0.06267872231377578,1.1265941858291626
10,360,2,0.01,7,0.9976005554199219,0.0023388219997286797,0.04836136887773835,0.6026208400726318
10,360,2,0.01,8,0.9960530400276184,0.003847247688099742,0.06202618550338028,0.754858136177063
10,360,2,0.01,9,0.9972870349884033,0.002644452964887023,0.05142424491314406,1.0544503927230835
10,360,2,0.01,10,0.9968104362487793,0.0031089854892343283,0.055758277315877756,0.8899796009063721
10,360,2,0.01,11,0.9972498416900635,0.0026806865353137255,0.051775346790859114,1.0513055324554443
10,360,2,0.01,12,0.9978287816047668,0.0021163930650800467,0.04600427224812981,0.6856842041015625
10,360,2,0.01,13,0.9974458813667297,0.002489592181518674,0.04989581326643222,1.100192904472351
10,360,2,0.01,14,0.9972884654998779,0.0026430508587509394,0.05141061037131284,0.5362237691879272
10,360,2,0.01,15,0.9974997043609619,0.0024371466133743525,0.04936746513012748,1.0258032083511353
10,360,2,0.01,16,0.9979538917541504,0.001994435442611575,0.04465910257284147,1.3655321598052979
10,360,2,0.01,17,0.996062695980072,0.0038378697354346514,0.06195054265649859,1.0632339715957642
10,360,2,0.01,18,0.997332751750946,0.00259987055324018,0.05098892579021625,0.45928364992141724
10,360,2,0.01,19,0.9979155659675598,0.0020317845046520233,0.04507532034996561,0.838618278503418
10,360,2,0.01,20,0.9984785318374634,0.001483052154071629,0.038510416176297406,1.3721009492874146
10,360,2,0.01,21,0.9983386397361755,0.001619405928067863,0.04024184300038783,0.3226138651371002
10,360,2,0.01,22,0.9985086917877197,0.0014536085072904825,0.038126218108940235,0.43185335397720337
10,360,2,0.01,23,0.9963624477386475,0.0035456877667456865,0.05954567798543977,1.3851031064987183
10,360,2,0.01,24,0.9886274337768555,0.011085291393101215,0.10528671042967017,0.5938690304756165
10,360,2,0.01,25,0.9985893964767456,0.0013749594800174236,0.03708044606011939,0.7556412816047668
10,360,2,0.01,26,0.9979924559593201,0.001956838881596923,0.04423617164263791,0.6651144623756409
10,360,2,0.01,27,0.997101366519928,0.0028253886848688126,0.05315438537758491,0.4638220965862274
10,360,2,0.01,28,0.9930453896522522,0.006778940558433533,0.08233432187389128,1.8557192087173462
10,360,2,0.01,29,0.997816801071167,0.002128078369423747,0.046131099807220584,0.7630372047424316
10,360,2,0.01,30,0.9985772967338562,0.0013867554953321815,0.037239166147111584,0.49933475255966187
10,360,2,0.01,31,0.9972618818283081,0.0026689539663493633,0.05166191988640534,0.9952796101570129
10,360,2,0.01,32,0.9823915362358093,0.01716366410255432,0.13101016793575346,2.0090911388397217
10,360,2,0.01,33,0.9985682964324951,0.0013955301837995648,0.037356795684313784,0.4007156789302826
10,360,2,0.01,34,0.9978416562080383,0.002103842794895172,0.04586766611563283,0.7327550649642944
10,360,2,0.01,35,0.9987885355949402,0.0011808780254796147,0.03436390585308391,0.4649202823638916
10,360,2,0.01,36,0.9981959462165833,0.0017584976740181446,0.041934444958985025,1.0521718263626099
10,360,2,0.01,37,0.9961931705474854,0.0037106492090970278,0.06091509836729337,1.0517767667770386
10,360,2,0.01,38,0.9986986517906189,0.0012684714747592807,0.035615607179427404,0.5082244277000427
10,360,2,0.01,39,0.995634138584137,0.004255601670593023,0.06523497275689646,1.1155098676681519
10,360,2,0.01,40,0.9974709153175354,0.0024652075953781605,0.04965085694505343,0.4218447804450989
10,360,2,0.01,41,0.9976366758346558,0.002303628483787179,0.04799612988343101,0.5426847338676453
10,360,2,0.01,42,0.9978463053703308,0.0020992914214730263,0.045818025071722876,0.9264785647392273
10,360,2,0.01,43,0.9973229169845581,0.002609435934573412,0.05108263828908421,0.39385557174682617
10,360,2,0.01,44,0.9957029819488525,0.00418849615380168,0.06471859202579797,1.303305983543396
10,360,2,0.01,45,0.9979020357131958,0.002044990658760071,0.04522157293549253,1.4974467754364014
10,360,2,0.01,46,0.9944572448730469,0.00540273217484355,0.0735032800277889,1.607936978340149
10,360,2,0.01,47,0.9980928897857666,0.001858941512182355,0.04311544401003375,0.6590544581413269
10,360,2,0.01,48,0.9967923760414124,0.0031266044825315475,0.055916048523939416,1.0718753337860107
10,360,2,0.01,49,0.998694658279419,0.0012723415857180953,0.035669897472772404,1.0089799165725708
10,360,2,0.01,50,0.9954812526702881,0.004404579289257526,0.06636700452225885,0.46197959780693054
10,360,2,0.01,51,0.997677743434906,0.002263611415401101,0.04757742548101044,0.9257429838180542
10,360,2,0.01,52,0.9966009855270386,0.003313148859888315,0.05755995882458843,1.510363221168518
10,360,2,0.01,53,0.9988219738006592,0.0011482888367027044,0.03388641079699507,0.3126089572906494
10,360,2,0.01,54,0.9963037967681885,0.0036028430331498384,0.060023687267193426,0.54623943567276
10,360,2,0.01,55,0.9976787567138672,0.002262613270431757,0.04756693463354305,1.0773488283157349
10,360,2,0.01,56,0.9988600015640259,0.0011112105567008257,0.03333482498380373,0.6667258739471436
10,360,2,0.01,57,0.9960190057754517,0.003880453296005726,0.0622932845177209,0.4440588057041168
10,360,2,0.01,58,0.9970697164535522,0.0028562808874994516,0.05344418478655514,0.6279484629631042
10,360,2,0.01,59,0.9966352581977844,0.003279766533523798,0.05726924596608373,0.45863667130470276
10,360,2,0.01,60,0.9980113506317139,0.0019384403713047504,0.044027722758561455,0.4989488124847412
10,360,2,0.01,61,0.9984503984451294,0.001510464120656252,0.03886468989527965,0.40404316782951355
10,360,2,0.01,62,0.9974179863929749,0.0025168152060359716,0.05016787025613078,0.9465175867080688
10,360,2,0.01,63,0.997889518737793,0.002057156292721629,0.04535588487419939,0.38780221343040466
10,360,2,0.01,64,0.9987191557884216,0.001248472835868597,0.0353337350964853,0.650100588798523
10,360,2,0.01,65,0.9960324764251709,0.0038672799710184336,0.062187458309681976,0.28356969356536865
10,360,2,0.01,66,0.9958900809288025,0.004006088245660067,0.06329366671050167,0.4525333344936371
10,360,2,0.01,67,0.9794033169746399,0.020076408982276917,0.14169124525628574,1.007009506225586
10,360,2,0.01,68,0.9983100295066833,0.0016473067225888371,0.04058702653051634,0.47448787093162537
10,360,2,0.01,69,0.9970153570175171,0.00290926662273705,0.053937617881558785,0.7655752897262573
10,360,2,0.01,70,0.9987348914146423,0.0012331717880442739,0.03511654578748134,0.36126089096069336
10,360,2,0.01,71,0.9986855983734131,0.0012812070781365037,0.035793953094573165,0.45158493518829346
10,360,2,0.01,72,0.9858115911483765,0.013829993084073067,0.11760099099953651,0.49625667929649353
10,360,2,0.01,73,0.998649537563324,0.0013163575204089284,0.03628164164434857,0.3293781578540802
10,360,2,0.01,74,0.9983906149864197,0.0015687276609241962,0.03960716678739084,0.5717538595199585
10,360,2,0.01,75,0.9989033341407776,0.0010689814807847142,0.03269528224048103,0.3242807686328888
10,360,2,0.01,76,0.98436039686203,0.01524453703314066,0.12346876946475437,1.1163504123687744
10,360,2,0.01,77,0.9980934858322144,0.0018583774799481034,0.0431089025602381,1.432604432106018
10,360,2,0.01,78,0.9971754550933838,0.002753171371296048,0.05247067153463969,0.49036887288093567
10,360,2,0.01,79,0.9983936548233032,0.001565764774568379,0.03956974569754498,0.41704827547073364
10,360,2,0.01,80,0.9985650777816772,0.0013986785197630525,0.03739891067615543,0.3573164641857147
10,360,2,0.01,81,0.9975835680961609,0.002355362754315138,0.04853207964135823,0.5831044316291809
10,360,2,0.01,82,0.9985833764076233,0.00138082355260849,0.037159434234235726,0.6768366694450378
10,360,2,0.01,83,0.9984616041183472,0.001499532489106059,0.03872379745203276,0.46553993225097656
10,360,2,0.01,84,0.9957575798034668,0.00413525989279151,0.06430598644598735,0.5795475840568542
10,360,2,0.01,85,0.9981529712677002,0.0018003587611019611,0.04243063470067306,0.7932611107826233
10,360,2,0.01,86,0.9975943565368652,0.0023448995780199766,0.048424163162825815,0.6151213645935059
10,360,2,0.01,87,0.9976800680160522,0.0022613483015447855,0.047553636049673276,0.827705442905426
10,360,2,0.01,88,0.9980813264846802,0.001870214706286788,0.043245979076519794,0.40560242533683777
10,360,2,0.01,89,0.9987403154373169,0.001227858942002058,0.03504081822677744,0.8502607345581055
10,360,2,0.01,90,0.9987513422966003,0.0012171176495030522,0.034887213266511445,0.6301262378692627
10,360,2,0.01,91,0.998715341091156,0.001252228394150734,0.03538683927890048,0.3634378910064697
10,360,2,0.01,92,0.9986162781715393,0.001348741352558136,0.036725214125422546,0.37004947662353516
10,360,2,0.01,93,0.9984579682350159,0.0015030980575829744,0.038769808583264564,0.33907702565193176
10,360,2,0.01,94,0.9990145564079285,0.0009605685481801629,0.03099304031843541,0.5213655829429626
10,360,2,0.01,95,0.9962368607521057,0.003668069839477539,0.06056459229184606,0.8377679586410522
10,360,2,0.01,96,0.9989960789680481,0.0009785534348338842,0.03128183873805829,0.5133061408996582
10,360,2,0.01,97,0.9982397556304932,0.001715784310363233,0.04142202687415517,0.4373508095741272
10,360,2,0.01,98,0.9988368153572083,0.0011338306358084083,0.033672401693499804,0.8312070965766907
10,360,2,0.01,99,0.9985641837120056,0.001399544533342123,0.03741048694339761,0.808957040309906
10,360,2,0.01,100,0.9987090826034546,0.0012582959607243538,0.035472467643573286,0.73470139503479
11,360,2,0.01,1,0.9896979928016663,0.010041783563792706,0.10020870004042916,0.5834848880767822
11,360,2,0.01,2,0.9871718287467957,0.012504100799560547,0.11182173670427654,1.9613239765167236
11,360,2,0.01,3,0.9803987741470337,0.019106106832623482,0.13822484159015513,2.9498212337493896
11,360,2,0.01,4,0.9597089886665344,0.039273228496313095,0.19817474232684926,3.9259397983551025
11,360,2,0.01,5,0.995038628578186,0.004836044739931822,0.06954167628071545,1.490894079208374
11,360,2,0.01,6,0.9866514205932617,0.013011392205953598,0.11406748969778198,2.089590072631836
11,360,2,0.01,7,0.9968380928039551,0.003082029055804014,0.05551602521618433,0.46154406666755676
11,360,2,0.01,8,0.9976157546043396,0.0023240267764776945,0.04820816089084601,0.38289281725883484
11,360,2,0.01,9,0.997596263885498,0.002343012485653162,0.048404674212860495,1.045685052871704
11,360,2,0.01,10,0.9974091649055481,0.0025254148058593273,0.05025350540867102,1.3548814058303833
11,360,2,0.01,11,0.994099497795105,0.00575143750756979,0.07583823249238994,0.789853572845459
11,360,2,0.01,12,0.9966645240783691,0.00325119704939425,0.057019269106103505,1.2361180782318115
11,360,2,0.01,13,0.9959647059440613,0.003933382220566273,0.06271668215527886,0.9332941770553589
11,360,2,0.01,14,0.9965437054634094,0.0033690037671476603,0.058043119895019944,0.4704759418964386
11,360,2,0.01,15,0.9977748990058899,0.002168895909562707,0.046571406566290295,2.0263304710388184
11,360,2,0.01,16,0.995509922504425,0.004376672673970461,0.06615642579500847,0.6682286262512207
11,360,2,0.01,17,0.9975666403770447,0.0023718925658613443,0.04870207968723045,1.1600221395492554
11,360,2,0.01,18,0.9966551661491394,0.003260314231738448,0.05709916139260233,0.4870977997779846
11,360,2,0.01,19,0.9976547956466675,0.0022859645541757345,0.04781176167195405,1.0811164379119873
11,360,2,0.01,20,0.9961615204811096,0.0037415442056953907,0.06116816333433096,2.2228236198425293
11,360,2,0.01,21,0.9970657229423523,0.0028601717203855515,0.0534805732989611,0.41326525807380676
11,360,2,0.01,22,0.9964982867240906,0.0034132746513932943,0.058423237255336116,0.8812163472175598
11,360,2,0.01,23,0.9976862668991089,0.002255258383229375,0.04748956078160099,0.7156760692596436
11,360,2,0.01,24,0.9976395964622498,0.0023007523268461227,0.04796615814140343,1.5883469581604004
11,360,2,0.01,25,0.998107373714447,0.0018448152113705873,0.04295131210301482,1.102696418762207
11,360,2,0.01,26,0.9983165860176086,0.0016409119125455618,0.04050817093557251,0.8745619058609009
11,360,2,0.01,27,0.9958705306053162,0.0040251766331493855,0.06344427975120677,0.4097242057323456
11,360,2,0.01,28,0.9976491332054138,0.002291463315486908,0.047869231406895474,0.815873920917511
11,360,2,0.01,29,0.9970998764038086,0.002826882293447852,0.05316843324236527,1.320858359336853
11,360,2,0.01,30,0.9987738728523254,0.0011951255146414042,0.0345705874211215,0.35801970958709717
11,360,2,0.01,31,0.9967425465583801,0.003175141755491495,0.056348396210464544,0.7074493765830994
11,360,2,0.01,32,0.9983034133911133,0.0016537484480068088,0.040666306053129646,0.8638362884521484
11,360,2,0.01,33,0.9983475804328918,0.0016107013216242194,0.04013354359665017,0.5101738572120667
11,360,2,0.01,34,0.9963759183883667,0.00353250908665359,0.059434914710577234,1.2684317827224731
11,360,2,0.01,35,0.997701108455658,0.002240794477984309,0.047337030726317314,0.7554827928543091
11,360,2,0.01,36,0.9981972575187683,0.0017572272336110473,0.04191929428808466,0.3815425634384155
11,360,2,0.01,37,0.9961703419685364,0.0037328973412513733,0.06109744136419604,0.7855364084243774
11,360,2,0.01,38,0.9954105019569397,0.00447354931384325,0.06688459698498041,1.4763602018356323
11,360,2,0.01,39,0.997284471988678,0.0026469132862985134,0.051448161155657576,0.6979867815971375
11,360,2,0.01,40,0.9979723691940308,0.001976385246962309,0.0444565546006695,0.42714598774909973
11,360,2,0.01,41,0.9968737959861755,0.003047205740585923,0.05520150125300872,1.2654175758361816
11,360,2,0.01,42,0.99795001745224,0.0019981961231678724,0.04470118704428186,0.7704125046730042
11,360,2,0.01,43,0.9985610246658325,0.001402651658281684,0.037451991379387074,0.30542150139808655
11,360,2,0.01,44,0.9973982572555542,0.0025360416620969772,0.050359126899669114,0.6421278119087219
11,360,2,0.01,45,0.997594952583313,0.002344273030757904,0.048417693364697825,0.8564108610153198
11,360,2,0.01,46,0.9987961649894714,0.0011734019499272108,0.03425495511494959,0.39912721514701843
11,360,2,0.01,47,0.9977288842201233,0.0022137451451271772,0.04705045318726672,0.6230481266975403
11,360,2,0.01,48,0.9979274868965149,0.002020140876993537,0.044945977317147494,0.5250803232192993
11,360,2,0.01,49,0.9976040720939636,0.0023354084696620703,0.04832606408204656,0.25223925709724426
11,360,2,0.01,50,0.9978922605514526,0.0020545003935694695,0.045326596977596605,0.47858211398124695
11,360,2,0.01,51,0.9886755347251892,0.011038422584533691,0.10506389762679515,1.4345276355743408
11,360,2,0.01,52,0.9985593557357788,0.0014042733237147331,0.03747363504805389,0.45720839500427246
11,360,2,0.01,53,0.999006986618042,0.0009679484064690769,0.031111869221714675,0.8900052309036255
11,360,2,0.01,54,0.9984863996505737,0.0014753787545487285,0.03841065938705984,0.6948801279067993
11,360,2,0.01,55,0.995651125907898,0.004239019006490707,0.0651077492046124,0.5907031297683716
11,360,2,0.01,56,0.9984928965568542,0.0014690617099404335,0.03832834081903929,0.6221114993095398
11,360,2,0.01,57,0.9986714720726013,0.0012949715601280332,0.03598571327802234,0.43675756454467773
11,360,2,0.01,58,0.9987418055534363,0.0012264144606888294,0.03502020075169229,0.33877992630004883
11,360,2,0.01,59,0.9970046877861023,0.002919643884524703,0.05403372913768494,1.3936355113983154
11,360,2,0.01,60,0.9947060942649841,0.005160168744623661,0.07183431453437598,0.7205007672309875
11,360,2,0.01,61,0.9945764541625977,0.005286542233079672,0.07270861182198207,1.061012625694275
11,360,2,0.01,62,0.9988240599632263,0.0011462619295343757,0.03385649021287315,0.3610565662384033
11,360,2,0.01,63,0.9978517293930054,0.002094013150781393,0.04576038844657455,1.0518629550933838
11,360,2,0.01,64,0.9978117942810059,0.0021329347509890795,0.04618370655316742,0.49206817150115967
11,360,2,0.01,65,0.9988073110580444,0.001162536907941103,0.03409599548247716,0.5904249548912048
11,360,2,0.01,66,0.9965737462043762,0.003339719958603382,0.05779031024837453,0.757952094078064
11,360,2,0.01,67,0.9957578778266907,0.004134948365390301,0.06430356417330459,0.7281990647315979
11,360,2,0.01,68,0.99824458360672,0.0017110970802605152,0.04136540922389763,0.7535105347633362
11,360,2,0.01,69,0.997570812702179,0.002367831766605377,0.04866037162420132,1.3291014432907104
11,360,2,0.01,70,0.9976031184196472,0.002336343051865697,0.04833573266089692,1.1610381603240967
11,360,2,0.01,71,0.99737948179245,0.0025543011724948883,0.05054009470207677,0.9353078603744507
11,360,2,0.01,72,0.9991253018379211,0.0008526041638106108,0.02919938636017221,0.25734955072402954
11,360,2,0.01,73,0.9968823790550232,0.0030388610903173685,0.05512586589176961,1.2536085844039917
11,360,2,0.01,74,0.9990377426147461,0.0009379764669574797,0.030626401469279405,0.5543169379234314
11,360,2,0.01,75,0.9963141679763794,0.003592740511521697,0.05993947373410695,0.6771711707115173
11,360,2,0.01,76,0.9986597299575806,0.0013064241502434015,0.0361444899015521,0.45787113904953003
11,360,2,0.01,77,0.9984024167060852,0.0015572322299703956,0.03946178189046201,0.3940674364566803
11,360,2,0.01,78,0.996842086315155,0.0030781656969338655,0.0554812193172957,0.4143877923488617
11,360,2,0.01,79,0.9989606142044067,0.0010131376329809427,0.03182982301208951,0.44188192486763
11,360,2,0.01,80,0.9962307214736938,0.003674078965559602,0.06061418122485531,1.0330556631088257
11,360,2,0.01,81,0.9985176920890808,0.0014448653673753142,0.03801138470741778,0.934963047504425
11,360,2,0.01,82,0.9984285831451416,0.0015317038632929325,0.039136988429016,0.4386725425720215
11,360,2,0.01,83,0.9985459446907043,0.0014173118397593498,0.03764720228329523,0.36353540420532227
11,360,2,0.01,84,0.9959099292755127,0.003986738156527281,0.06314062207903309,0.49619391560554504
11,360,2,0.01,85,0.998687744140625,0.0012791294138878584,0.035764918759698845,1.021795392036438
11,360,2,0.01,86,0.9989491701126099,0.0010242856806144118,0.03200446344831314,0.27938178181648254
11,360,2,0.01,87,0.9985697865486145,0.001394072431139648,0.03733727937517205,0.7861838340759277
11,360,2,0.01,88,0.9989638924598694,0.0010099264327436686,0.031779339715350734,0.4678173065185547
11,360,2,0.01,89,0.9950098991394043,0.004864038899540901,0.0697426619763033,0.3462591767311096
11,360,2,0.01,90,0.9981755018234253,0.001778398989699781,0.04217106815934096,0.3124607801437378
11,360,2,0.01,91,0.9981645941734314,0.00178904936183244,0.042297155481573936,0.821823239326477
11,360,2,0.01,92,0.9987715482711792,0.001197409932501614,0.03460361155286561,0.3792145848274231
11,360,2,0.01,93,0.9987680912017822,0.0012007723562419415,0.03465216236026175,0.3512132465839386
11,360,2,0.01,94,0.9987480044364929,0.0012203509686514735,0.034933522133496264,0.8028767704963684
11,360,2,0.01,95,0.9981592893600464,0.0017941847909241915,0.04235781853358588,0.8514323830604553
11,360,2,0.01,96,0.9985564947128296,0.001407018513418734,0.037510245445994274,0.41157644987106323
11,360,2,0.01,97,0.9984163045883179,0.0015436819521710277,0.03928971814827675,0.6322400569915771
11,360,2,0.01,98,0.9986085295677185,0.0013563060201704502,0.03682806022817996,0.7441694736480713
11,360,2,0.01,99,0.998688817024231,0.001278032548725605,0.03574958109860317,0.5690758228302002
11,360,2,0.01,100,0.9975236654281616,0.0024137834552675486,0.04913027025437117,0.5591903924942017
12,360,2,0.01,1,0.991948664188385,0.00784795731306076,0.08858869743404493,0.6606650948524475
12,360,2,0.01,2,0.9955927729606628,0.004295882768929005,0.06554298413201069,1.6255265474319458
12,360,2,0.01,3,0.9942032694816589,0.005650297272950411,0.07516845929610644,0.8259290456771851
12,360,2,0.01,4,0.9964687824249268,0.0034420068841427565,0.05866861924523839,0.6765376925468445
12,360,2,0.01,5,0.9881381988525391,0.011562165804207325,0.10752751184793279,2.827030897140503
12,360,2,0.01,6,0.9968708753585815,0.0030501082073897123,0.05522778474092287,0.7075421214103699
12,360,2,0.01,7,0.9965354204177856,0.0033770869486033916,0.058112709011053615,0.43189042806625366
12,360,2,0.01,8,0.9976993799209595,0.0022425223141908646,0.04735527757484761,0.6990146040916443
12,360,2,0.01,9,0.9975298047065735,0.0024077913258224726,0.04906925030833947,1.2247364521026611
12,360,2,0.01,10,0.9976024031639099,0.002337029669433832,0.04834283472691514,1.3204233646392822
12,360,2,0.01,11,0.9983216524124146,0.0016359720611944795,0.0404471514595834,0.4777598977088928
12,360,2,0.01,12,0.9955689907073975,0.004319049883633852,0.0657194787230837,1.5324727296829224
12,360,2,0.01,13,0.9977162480354309,0.002226058393716812,0.047181123277395716,1.4040462970733643
12,360,2,0.01,14,0.9962345957756042,0.0036703122314065695,0.060583101863527666,0.7507432699203491
12,360,2,0.01,15,0.997924268245697,0.002023317851126194,0.04498130557382916,0.5283984541893005
12,360,2,0.01,16,0.9978582262992859,0.0020876703783869743,0.045691031706309435,0.6249929070472717
12,360,2,0.01,17,0.9984169006347656,0.0015430859057232738,0.03928213214329479,0.3928496241569519
12,360,2,0.01,18,0.9980354905128479,0.001914873719215393,0.04375927009463701,0.9273653626441956
12,360,2,0.01,19,0.997646152973175,0.002294371835887432,0.04789960162556085,1.0192781686782837
12,360,2,0.01,20,0.9943208694458008,0.005535700358450413,0.07440228732001734,0.6357559561729431
12,360,2,0.01,21,0.9976487755775452,0.0022918262984603643,0.0478730226584907,0.44186651706695557
12,360,2,0.01,22,0.9983149766921997,0.0016424371860921383,0.040526993301898656,0.46948373317718506
12,360,2,0.01,23,0.9951362013816833,0.004740911535918713,0.06885427754263865,1.1587576866149902
12,360,2,0.01,24,0.9972254633903503,0.0027044399175792933,0.05200422980469274,1.1848856210708618
12,360,2,0.01,25,0.9964997172355652,0.0034118411131203175,0.05841096740442087,0.6347962021827698
12,360,2,0.01,26,0.9976710677146912,0.002270078519359231,0.04764534100370393,0.618912935256958
12,360,2,0.01,27,0.9917515516281128,0.008040108717978,0.08966665332205725,2.3052685260772705
12,360,2,0.01,28,0.9985319972038269,0.0014308963436633348,0.03782719053357432,1.1408580541610718
12,360,2,0.01,29,0.9926822781562805,0.007132878061383963,0.08445636779653719,0.5263046026229858
12,360,2,0.01,30,0.998378336429596,0.0015806718729436398,0.03975766432958103,0.8026625514030457
12,360,2,0.01,31,0.9985460042953491,0.0014172899536788464,0.03764691160877405,1.0527766942977905
12,360,2,0.01,32,0.9946597814559937,0.005205323453992605,0.07214792757933249,0.8905230760574341
12,360,2,0.01,33,0.9962208867073059,0.003683655057102442,0.06069312199172524,0.28404301404953003
12,360,2,0.01,34,0.9970904588699341,0.0028360229916870594,0.053254323690072894,0.9946526288986206
12,360,2,0.01,35,0.9979051947593689,0.0020418937783688307,0.04518731877826821,0.8816837072372437
12,360,2,0.01,36,0.992619514465332,0.007194042205810547,0.08481769983800873,0.6697258949279785
12,360,2,0.01,37,0.9984010457992554,0.0015585722867399454,0.03947875741129583,1.1490516662597656
12,360,2,0.01,38,0.9986956119537354,0.0012714369222521782,0.035657214168414476,0.8478410840034485
12,360,2,0.01,39,0.9975887537002563,0.002350330352783203,0.048480205783218405,1.2401639223098755
12,360,2,0.01,40,0.9988006949424744,0.0011690350947901607,0.034191155212864054,0.7613763213157654
12,360,2,0.01,41,0.9860866069793701,0.013561940751969814,0.11645574589503867,0.4817214906215668
12,360,2,0.01,42,0.9982765316963196,0.0016799335135146976,0.04098699200374062,0.6484705805778503
12,360,2,0.01,43,0.9985886812210083,0.0013756550615653396,0.03708982423206316,0.32187455892562866
12,360,2,0.01,44,0.9985041618347168,0.0014580682618543506,0.03818466003324307,0.284415066242218
12,360,2,0.01,45,0.9986699819564819,0.0012964149937033653,0.03600576334010106,0.36210891604423523
12,360,2,0.01,46,0.9988349080085754,0.0011356477625668049,0.033699373326024996,0.3175409436225891
12,360,2,0.01,47,0.9866302013397217,0.013032039627432823,0.11415795910681314,2.043185234069824
12,360,2,0.01,48,0.9980859160423279,0.001865715952590108,0.043193934210605404,0.5199621319770813
12,360,2,0.01,49,0.9984599947929382,0.001501079648733139,0.03874376916012611,0.42223110795021057
12,360,2,0.01,50,0.9976099729537964,0.002329665469005704,0.04826660821940676,0.5081097483634949
12,360,2,0.01,51,0.9985050559043884,0.0014572092331945896,0.038173410028376945,1.2848418951034546
12,360,2,0.01,52,0.9985666275024414,0.0013971742009744048,0.03737879346600696,0.7199504375457764
12,360,2,0.01,53,0.9988256692886353,0.001144680194556713,0.03383312274320408,0.9924601912498474
12,360,2,0.01,54,0.9984656572341919,0.0014956034719944,0.038673032878149084,0.7069761157035828
12,360,2,0.01,55,0.9966462850570679,0.0032689848449081182,0.057175036903425944,1.4254400730133057
12,360,2,0.01,56,0.997348427772522,0.0025845663622021675,0.05083863060903753,0.47553011775016785
12,360,2,0.01,57,0.9942834377288818,0.005572156049311161,0.07464687568352182,1.60837721824646
12,360,2,0.01,58,0.9965977668762207,0.0033162685576826334,0.05758705199680422,1.0337361097335815
12,360,2,0.01,59,0.9985345005989075,0.001428455114364624,0.037794908577275646,0.4690919816493988
12,360,2,0.01,60,0.998893678188324,0.0010783844627439976,0.03283876463486405,0.5511041283607483
12,360,2,0.01,61,0.9960880875587463,0.0038131040055304766,0.0617503360762553,0.6595040559768677
12,360,2,0.01,62,0.994239330291748,0.005615176633000374,0.07493448226951577,0.4412630498409271
12,360,2,0.01,63,0.9987598061561584,0.0012088555376976728,0.034768599881181195,0.3907695710659027
12,360,2,0.01,64,0.9986009001731873,0.0013637776719406247,0.036929360567719345,0.9817960858345032
12,360,2,0.01,65,0.9987014532089233,0.001265753642655909,0.0355774316478285,0.6359854340553284
12,360,2,0.01,66,0.9991167187690735,0.0008609826909378171,0.029342506555129492,0.42554137110710144
12,360,2,0.01,67,0.9989646673202515,0.001009207684546709,0.031768029283333096,0.43959102034568787
12,360,2,0.01,68,0.9968664050102234,0.003054444445297122,0.055267028554981334,0.8451658487319946
12,360,2,0.01,69,0.9983423948287964,0.001615717075765133,0.04019598332874981,0.33029118180274963
12,360,2,0.01,70,0.9987837076187134,0.001185546861961484,0.03443177111275986,0.5305474996566772
12,360,2,0.01,71,0.9990864396095276,0.0008904578280635178,0.0298405400095829,0.523023784160614
12,360,2,0.01,72,0.9975695013999939,0.002369080437347293,0.04867320040173332,0.576726496219635
12,360,2,0.01,73,0.9961436986923218,0.0037588980048894882,0.06130985242919353,1.0021032094955444
12,360,2,0.01,74,0.9984027147293091,0.0015569275710731745,0.03945792152500147,0.56913822889328
12,360,2,0.01,75,0.9987346529960632,0.001233382965438068,0.03511955246636933,0.6427997350692749
12,360,2,0.01,76,0.996073842048645,0.003826994216069579,0.06186270456478264,1.4311282634735107
12,360,2,0.01,77,0.9977710843086243,0.00217261491343379,0.046611317439370775,0.7204189896583557
12,360,2,0.01,78,0.9957392811775208,0.004153077024966478,0.06444437155381746,0.5004065036773682
12,360,2,0.01,79,0.9986701607704163,0.0012962428154423833,0.03600337227875166,0.356282502412796
12,360,2,0.01,80,0.9990561604499817,0.0009200056083500385,0.03033159422697789,0.45629772543907166
12,360,2,0.01,81,0.9976239204406738,0.002316050697118044,0.04812536438426252,1.1738734245300293
12,360,2,0.01,82,0.9979024529457092,0.002044588327407837,0.04521712427176055,0.8480292558670044
12,360,2,0.01,83,0.9987905621528625,0.0011788844130933285,0.03433488623970274,0.8559953570365906
12,360,2,0.01,84,0.9979435205459595,0.002004514914005995,0.04477180936712291,0.9472338557243347
12,360,2,0.01,85,0.9976290464401245,0.002311045303940773,0.048073332565371135,0.6457444429397583
12,360,2,0.01,86,0.9989877939224243,0.0009866312611848116,0.031410687053689414,0.7768934965133667
12,360,2,0.01,87,0.9974007606506348,0.0025336025282740593,0.05033490367800518,1.6033802032470703
12,360,2,0.01,88,0.9984716176986694,0.0014897549990564585,0.03859734445601742,1.2590306997299194
12,360,2,0.01,89,0.9927037358283997,0.0071119763888418674,0.08433253458091881,1.5211015939712524
12,360,2,0.01,90,0.9990911483764648,0.0008858779910951853,0.029763702577051552,0.32138779759407043
12,360,2,0.01,91,0.9980407953262329,0.0019097289768978953,0.04370044595765466,0.7488179206848145
12,360,2,0.01,92,0.9977169036865234,0.0022254139184951782,0.047174292983522055,0.44307011365890503
12,360,2,0.01,93,0.9985706210136414,0.0013932720758020878,0.037326559924564275,0.3552387058734894
12,360,2,0.01,94,0.998920202255249,0.0010525330435484648,0.032442765658131936,0.3614495098590851
12,360,2,0.01,95,0.9970054626464844,0.0029189209453761578,0.054027039020995385,0.7859370708465576
12,360,2,0.01,96,0.9973635673522949,0.002569854026660323,0.05069372768558575,0.8929133415222168
12,360,2,0.01,97,0.9986953735351562,0.0012716683559119701,0.03566045927791691,1.4917110204696655
12,360,2,0.01,98,0.9962804913520813,0.0036255582235753536,0.06021260850997367,0.5491829514503479
12,360,2,0.01,99,0.9979504942893982,0.0019977446645498276,0.04469613702043866,0.6725276708602905
12,360,2,0.01,100,0.9986609220504761,0.0013052227441221476,0.03612786658691802,0.9206399321556091
13,360,2,0.01,1,0.9913344979286194,0.008446614257991314,0.0919054637004314,1.6105290651321411
13,360,2,0.01,2,0.9930954575538635,0.006730155553668737,0.08203752527757488,1.2909599542617798
13,360,2,0.01,3,0.9881430864334106,0.011557383462786674,0.10750527179067394,1.8864949941635132
13,360,2,0.01,4,0.996951162815094,0.0029717956203967333,0.0545141781594177,0.9378770589828491
13,360,2,0.01,5,0.9902546405792236,0.0094992034137249,0.09746385696105454,3.580889940261841
13,360,2,0.01,6,0.9970775842666626,0.0028485835064202547,0.05337212293342147,2.0079565048217773
13,360,2,0.01,7,0.9978657364845276,0.00208036950789392,0.045611067822338036,0.6706677675247192
13,360,2,0.01,8,0.9941853284835815,0.005667765159159899,0.07528456122711946,0.8241706490516663
13,360,2,0.01,9,0.9944391846656799,0.00542035698890686,0.07362307375345627,0.4980284869670868
13,360,2,0.01,10,0.9972924590110779,0.0026391257997602224,0.05137242256074968,0.5445045828819275
13,360,2,0.01,11,0.9981755614280701,0.0017783785006031394,0.04217082523028379,1.06678307056427
13,360,2,0.01,12,0.9876388311386108,0.012048936448991299,0.10976764755150444,0.7424339652061462
13,360,2,0.01,13,0.9968574643135071,0.0030631322879344225,0.055345571529567046,0.6964228749275208
13,360,2,0.01,14,0.9981818795204163,0.0017722161719575524,0.04209769794130734,0.6798191666603088
13,360,2,0.01,15,0.9888831973075867,0.010835975408554077,0.1040959913183696,1.663792371749878
13,360,2,0.01,16,0.9983252882957458,0.00163243617862463,0.040403417907704665,0.4605034589767456
13,360,2,0.01,17,0.9982708096504211,0.001685535185970366,0.041055269892796536,0.7762097120285034
13,360,2,0.01,18,0.993560254573822,0.006277097389101982,0.07922813508534693,0.8559645414352417
13,360,2,0.01,19,0.9964996576309204,0.003411893267184496,0.05841141384339619,0.4821053147315979
13,360,2,0.01,20,0.9984703660011292,0.0014909657184034586,0.03861302524283041,0.4323383867740631
13,360,2,0.01,21,0.9968885183334351,0.0030328871216624975,0.055071654430046836,0.690662145614624
13,360,2,0.01,22,0.9959429502487183,0.003954571206122637,0.06288538149779038,0.8164340257644653
13,360,2,0.01,23,0.9971288442611694,0.0027986522763967514,0.052902289897477514,0.5473411679267883
13,360,2,0.01,24,0.9947477579116821,0.005119554698467255,0.0715510635732779,0.7415434718132019
13,360,2,0.01,25,0.996498703956604,0.003412858350202441,0.058419674341804076,1.265236496925354
13,360,2,0.01,26,0.9966629147529602,0.0032527735456824303,0.057033091672137416,1.1415598392486572
13,360,2,0.01,27,0.9961634874343872,0.0037395984400063753,0.06115225621353946,1.1804646253585815
13,360,2,0.01,28,0.9972658753395081,0.0026650801301002502,0.05162441408965578,0.6539400219917297
13,360,2,0.01,29,0.9958441257476807,0.004050878342241049,0.06364651084105906,0.690331757068634
13,360,2,0.01,30,0.9984207153320312,0.0015393997309729457,0.03923518485967596,0.9328446388244629
13,360,2,0.01,31,0.998818576335907,0.001151598640717566,0.033935212401244315,0.828402578830719
13,360,2,0.01,32,0.9975763559341431,0.0023624389432370663,0.048604927149796924,0.3553730249404907
13,360,2,0.01,33,0.9986128807067871,0.0013520773500204086,0.03677060442827135,0.6802155375480652
13,360,2,0.01,34,0.9986842274665833,0.0012825458543375134,0.0358126493621669,0.9491850733757019
13,360,2,0.01,35,0.9982896447181702,0.0016671516932547092,0.04083076895252782,0.3649534583091736
13,360,2,0.01,36,0.9990296959877014,0.0009457697160542011,0.030753369182159557,0.8191779851913452
13,360,2,0.01,37,0.9940192699432373,0.005829641129821539,0.07635208661078975,0.44639697670936584
13,360,2,0.01,38,0.9939565062522888,0.005890825297683477,0.07675171201793142,0.46124404668807983
13,360,2,0.01,39,0.9983327388763428,0.0016251435736194253,0.04031306951373742,1.0356382131576538
13,360,2,0.01,40,0.9986944198608398,0.0012726052664220333,0.03567359340495478,1.0024125576019287
13,360,2,0.01,41,0.9975757002830505,0.002363064559176564,0.048611362449293316,0.4874221682548523
13,360,2,0.01,42,0.9978524446487427,0.0020933260675519705,0.04575288042901748,0.6207147836685181
13,360,2,0.01,43,0.997872531414032,0.002073712181299925,0.04553803005510806,0.4466443955898285
13,360,2,0.01,44,0.9976596236228943,0.002281266264617443,0.047762603201850745,1.6385301351547241
13,360,2,0.01,45,0.9985962510108948,0.0013683142606168985,0.036990732090848084,1.13583505153656
13,360,2,0.01,46,0.9986556768417358,0.0013103405945003033,0.03619862696982171,1.3633941411972046
13,360,2,0.01,47,0.9979580640792847,0.001990365330129862,0.04461351062323903,1.4410923719406128
13,360,2,0.01,48,0.9941306114196777,0.005721106193959713,0.07563799438086466,0.510962724685669
13,360,2,0.01,49,0.9986668825149536,0.0012994167627766728,0.03604742380221745,0.4414534270763397
13,360,2,0.01,50,0.9978906512260437,0.0020560401026159525,0.045343578405502495,0.5772810578346252
13,360,2,0.01,51,0.9945604205131531,0.005302152596414089,0.0728158814848388,0.6327285766601562
13,360,2,0.01,52,0.9987180233001709,0.0012496212730184197,0.035349982645235055,0.6311260461807251
13,360,2,0.01,53,0.9957950711250305,0.004098738078027964,0.06402138766090566,1.1211936473846436
13,360,2,0.01,54,0.993169367313385,0.006658068858087063,0.08159699049650705,0.5605735778808594
13,360,2,0.01,55,0.9980438947677612,0.0019066683016717434,0.04366541310547449,0.8389139175415039
13,360,2,0.01,56,0.9988148212432861,0.0011552517535164952,0.03398899459408141,0.5096585750579834
13,360,2,0.01,57,0.9976174831390381,0.002322323387488723,0.04819049063340944,1.0939642190933228
13,360,2,0.01,58,0.9955045580863953,0.004381891805678606,0.06619585943001727,0.3808327913284302
13,360,2,0.01,59,0.9975064992904663,0.002430516295135021,0.04930026668421806,0.5803540945053101
13,360,2,0.01,60,0.9987123608589172,0.0012551082763820887,0.03542750734079507,0.3321188986301422
13,360,2,0.01,61,0.9966837763786316,0.0032324588391929865,0.056854716947611184,1.0896843671798706
13,360,2,0.01,62,0.9987875819206238,0.001181783271022141,0.03437707478861663,0.491434782743454
13,360,2,0.01,63,0.9992194175720215,0.0007608908927068114,0.027584250809235537,0.3335984945297241
13,360,2,0.01,64,0.9981632828712463,0.0017903303960338235,0.04231229603831283,0.6699838638305664
13,360,2,0.01,65,0.998624861240387,0.0013403752818703651,0.03661113603632596,0.46226993203163147
13,360,2,0.01,66,0.9985259175300598,0.0014368739211931825,0.03790611983826863,1.2854191064834595
13,360,2,0.01,67,0.9971556663513184,0.0027724902611225843,0.05265444198852158,1.2600175142288208
13,360,2,0.01,68,0.99922114610672,0.0007591605535708368,0.027552868336542326,0.622842013835907
13,360,2,0.01,69,0.9983391165733337,0.0016189340967684984,0.04023598012685286,0.7670448422431946
13,360,2,0.01,70,0.9980700016021729,0.0018812704365700483,0.0433736145204668,0.8155245780944824
13,360,2,0.01,71,0.9978286027908325,0.0021165255457162857,0.04600571209878493,0.5414941310882568
13,360,2,0.01,72,0.9992215633392334,0.0007587968721054494,0.027546267843492872,0.29195284843444824
13,360,2,0.01,73,0.9963691234588623,0.0035391307901591063,0.059490594131838236,0.8556614518165588
13,360,2,0.01,74,0.9976770877838135,0.002264215610921383,0.047583774660291324,0.907573401927948
13,360,2,0.01,75,0.9793200492858887,0.020157553255558014,0.14197729838096657,1.1892939805984497
13,360,2,0.01,76,0.9929230213165283,0.006898215971887112,0.08305549934764772,1.0421183109283447
13,360,2,0.01,77,0.9989453554153442,0.0010279846610501409,0.032062199878519576,0.33686748147010803
13,360,2,0.01,78,0.9987013339996338,0.001265845145098865,0.03557871758648511,0.35389360785484314
13,360,2,0.01,79,0.9989181756973267,0.0010545123368501663,0.03247325571682282,0.7953861355781555
13,360,2,0.01,80,0.9986667633056641,0.0012995328288525343,0.03604903367432384,0.6708493828773499
13,360,2,0.01,81,0.9985585808753967,0.0014049859018996358,0.037483141569239306,0.553971529006958
13,360,2,0.01,82,0.9992522597312927,0.000728823768440634,0.026996736255344534,0.31620824337005615
13,360,2,0.01,83,0.9956515431404114,0.004238609690219164,0.06510460575273583,0.7629595398902893
13,360,2,0.01,84,0.9984806180000305,0.001481011975556612,0.03848391840180274,0.9574993252754211
13,360,2,0.01,85,0.9986974596977234,0.0012696542544290423,0.035632208104873914,0.2651589810848236
13,360,2,0.01,86,0.9991734623908997,0.0008056688238866627,0.028384305943367064,0.4314471185207367
13,360,2,0.01,87,0.99910968542099,0.0008678015437908471,0.02945847151144891,0.5420207381248474
13,360,2,0.01,88,0.9972748756408691,0.0026563010178506374,0.0515393152636959,0.9752076268196106
13,360,2,0.01,89,0.9984933733940125,0.0014685941860079765,0.038322241401149496,0.5199664831161499
13,360,2,0.01,90,0.9985890984535217,0.0013752705417573452,0.037084640240365625,0.6625476479530334
13,360,2,0.01,91,0.9988110661506653,0.0011589042842388153,0.03404268327025376,0.5915768146514893
13,360,2,0.01,92,0.9991368651390076,0.0008413364994339645,0.029005801134151847,0.3763929605484009
13,360,2,0.01,93,0.9990406632423401,0.0009350908221676946,0.030579254768023607,0.4245133399963379
13,360,2,0.01,94,0.9975601434707642,0.002378234174102545,0.048767142361456295,0.563271164894104
13,360,2,0.01,95,0.9984424710273743,0.0015182080678641796,0.038964189557389485,0.22972136735916138
13,360,2,0.01,96,0.9977568984031677,0.0021864615846425295,0.04675961488980132,0.721912145614624
13,360,2,0.01,97,0.9989466071128845,0.0010267659090459347,0.03204318818479108,0.8676103949546814
13,360,2,0.01,98,0.9982600212097168,0.0016960455104708672,0.041183073106203075,0.5904081463813782
13,360,2,0.01,99,0.9977355003356934,0.0022073164582252502,0.046982086567384916,0.3938179612159729
13,360,2,0.01,100,0.9991788268089294,0.0008004531846381724,0.028292281361498094,0.34844639897346497
14,360,2,0.01,1,0.9875027537345886,0.012181580998003483,0.11037019977332416,0.7925844788551331
14,360,2,0.01,2,0.9948083758354187,0.005060471128672361,0.07113698847064276,2.0452444553375244
14,360,2,0.01,3,0.9941718578338623,0.005680893547832966,0.07537170256689818,0.6825208067893982
14,360,2,0.01,4,0.9937412142753601,0.006100671831518412,0.07810679760122298,2.439145803451538
14,360,2,0.01,5,0.9966669082641602,0.003248899709433317,0.05699912025139789,1.6333833932876587
14,360,2,0.01,6,0.9969320297241211,0.0029904735274612904,0.05468522220363826,1.898629069328308
14,360,2,0.01,7,0.9969695210456848,0.0029539335519075394,0.05435010167338732,1.1004881858825684
14,360,2,0.01,8,0.9946870803833008,0.005178713705390692,0.07196328025729992,2.1568546295166016
14,360,2,0.01,9,0.9973487854003906,0.002584225730970502,0.050835280376629204,0.9175992012023926
14,360,2,0.01,10,0.997671365737915,0.002269809367135167,0.04764251638122369,1.261616587638855
14,360,2,0.01,11,0.9975699186325073,0.0023687134962528944,0.048669430819076716,1.705152153968811
14,360,2,0.01,12,0.9971960186958313,0.002733164932578802,0.05227967992039356,1.5623230934143066
14,360,2,0.01,13,0.9957922101020813,0.00410149060189724,0.06404288096187771,2.1646621227264404
14,360,2,0.01,14,0.99807208776474,0.0018792010378092527,0.043349752453840526,0.5343982577323914
14,360,2,0.01,15,0.9978655576705933,0.0020805452950298786,0.04561299480444009,0.41578271985054016
14,360,2,0.01,16,0.9970092177391052,0.002915251301601529,0.05399306716238233,1.1942644119262695
14,360,2,0.01,17,0.9937064051628113,0.006134593393653631,0.07832364517598521,1.1366404294967651
14,360,2,0.01,18,0.9983561038970947,0.0016023810021579266,0.04002975146260499,0.4468408524990082
14,360,2,0.01,19,0.9985478520393372,0.0014154636301100254,0.03762264783491488,0.3260345160961151
14,360,2,0.01,20,0.9974092841148376,0.002525295363739133,0.05025231699871294,0.9324027895927429
14,360,2,0.01,21,0.9888638257980347,0.010854884050786495,0.10418677483628377,0.4066599905490875
14,360,2,0.01,22,0.997829258441925,0.0021159343887120485,0.0459992868282982,0.8828201293945312
14,360,2,0.01,23,0.9974687099456787,0.0024673636071383953,0.049672563927568664,1.1580411195755005
14,360,2,0.01,24,0.9923883676528931,0.007419357541948557,0.08613569261315866,1.2524908781051636
14,360,2,0.01,25,0.997849702835083,0.00209595263004303,0.04578157522457074,0.6677750945091248
14,360,2,0.01,26,0.9981761574745178,0.0017777658067643642,0.042163560176583334,0.5891153216362
14,360,2,0.01,27,0.9983086585998535,0.0016486069653183222,0.04060304133089444,0.5543303489685059
14,360,2,0.01,28,0.9948278069496155,0.0050415657460689545,0.07100398401546884,0.6633175015449524
14,360,2,0.01,29,0.9954355955123901,0.004449110012501478,0.06670164924873656,1.9893993139266968
14,360,2,0.01,30,0.9979231953620911,0.002024367218837142,0.04499296854884263,0.4566475749015808
14,360,2,0.01,31,0.998088538646698,0.0018631711136549711,0.04316446586782896,0.7629384398460388
14,360,2,0.01,32,0.9978620409965515,0.002083957428112626,0.04565038256260977,1.1017972230911255
14,360,2,0.01,33,0.9909633994102478,0.008808315731585026,0.0938526277287164,1.1515827178955078
14,360,2,0.01,34,0.9983693361282349,0.0015894457465037704,0.03986785354773656,0.9589117169380188
14,360,2,0.01,35,0.9972469210624695,0.002683532191440463,0.05180282030392229,0.6644092798233032
14,360,2,0.01,36,0.9972711205482483,0.0026599233970046043,0.051574445193376575,1.1068243980407715
14,360,2,0.01,37,0.997797966003418,0.0021464203018695116,0.046329475519042,0.5440261960029602
14,360,2,0.01,38,0.9982197284698486,0.001735279685817659,0.041656688368347995,0.696886420249939
14,360,2,0.01,39,0.9970774054527283,0.0028487462550401688,0.05337364757106421,0.46335285902023315
14,360,2,0.01,40,0.996957004070282,0.0029661234002560377,0.05446212812823272,1.0737000703811646
14,360,2,0.01,41,0.996770441532135,0.0031479864846915007,0.05610692011411338,0.45941945910453796
14,360,2,0.01,42,0.9963498115539551,0.0035579795949161053,0.05964880212473764,0.7323129773139954
14,360,2,0.01,43,0.9938411116600037,0.006003325339406729,0.07748112892444668,0.4456856846809387
14,360,2,0.01,44,0.9957879781723022,0.0041056363843381405,0.06407524002559913,0.5956633687019348
14,360,2,0.01,45,0.9984354376792908,0.001525021274574101,0.03905152077159225,0.382713258266449
14,360,2,0.01,46,0.9986469149589539,0.0013188766315579414,0.036316341109174824,0.9091231226921082
14,360,2,0.01,47,0.9793665409088135,0.020112263038754463,0.14181771059622442,1.3490992784500122
14,360,2,0.01,48,0.998766303062439,0.001202510204166174,0.03467722889975746,1.0432380437850952
14,360,2,0.01,49,0.9986569881439209,0.001309079583734274,0.0361812048408324,0.42228347063064575
14,360,2,0.01,50,0.990845263004303,0.008923467248678207,0.09446410560989929,0.503005862236023
14,360,2,0.01,51,0.9982492327690125,0.0017065510619431734,0.04131042316344839,0.6495100855827332
14,360,2,0.01,52,0.9988197088241577,0.0011504966532811522,0.03391897187830362,0.40675291419029236
14,360,2,0.01,53,0.9985848665237427,0.0013794013066217303,0.03714029222585264,0.7387839555740356
14,360,2,0.01,54,0.9988231658935547,0.0011470929021015763,0.03386875997289503,0.3693373501300812
14,360,2,0.01,55,0.9882075190544128,0.011494571343064308,0.10721273871636854,1.696262240409851
14,360,2,0.01,56,0.9988008737564087,0.0011688515078276396,0.03418847039321355,0.7425168752670288
14,360,2,0.01,57,0.9970533847808838,0.002872191835194826,0.053592833804481974,1.45668625831604
14,360,2,0.01,58,0.9780995845794678,0.02134716510772705,0.146106690838329,1.3784797191619873
14,360,2,0.01,59,0.9950381517410278,0.0048365164548158646,0.06954506779647184,1.0221554040908813
14,360,2,0.01,60,0.9989762902259827,0.0009978626621887088,0.031588964246849066,0.6607723832130432
14,360,2,0.01,61,0.9763542413711548,0.02304842881858349,0.15181709000828428,1.011218547821045
14,360,2,0.01,62,0.9955171942710876,0.004369564354419708,0.06610268038755848,0.35869506001472473
14,360,2,0.01,63,0.9954534769058228,0.004431696608662605,0.06657098924203099,1.118931531906128
14,360,2,0.01,64,0.9968196153640747,0.003100058063864708,0.0556781650547565,0.7229174375534058
14,360,2,0.01,65,0.9957107901573181,0.004180856980383396,0.0646595467072218,0.5896312594413757
14,360,2,0.01,66,0.9989019632339478,0.0010702705476433039,0.03271498964761114,0.6939441561698914
14,360,2,0.01,67,0.9990292191505432,0.0009462385205551982,0.030760990240159665,0.30534476041793823
14,360,2,0.01,68,0.9984687566757202,0.0014925400028005242,0.03863340527057541,0.5167670249938965
14,360,2,0.01,69,0.997438371181488,0.0024969226215034723,0.04996921673894311,0.563299298286438
14,360,2,0.01,70,0.9980090856552124,0.001940606627613306,0.044052316938082904,0.45819634199142456
14,360,2,0.01,71,0.9984211325645447,0.001538961660116911,0.039229601834799586,0.8820090293884277
14,360,2,0.01,72,0.9982304573059082,0.0017248450312763453,0.04153125366848857,0.6225970983505249
14,360,2,0.01,73,0.9990260601043701,0.000949336972553283,0.030811312412055463,0.3350241184234619
14,360,2,0.01,74,0.9988070726394653,0.0011627880157902837,0.03409967764936032,0.31599923968315125
14,360,2,0.01,75,0.9935202598571777,0.006316042970865965,0.07947353629269284,1.1085171699523926
14,360,2,0.01,76,0.9978012442588806,0.0021432305220514536,0.04629503776919783,0.4958533048629761
14,360,2,0.01,77,0.9968412518501282,0.003078945679590106,0.055488248121472586,0.4852147400379181
14,360,2,0.01,78,0.9973600506782532,0.0025732526555657387,0.05072723780737266,1.0267860889434814
14,360,2,0.01,79,0.9985063672065735,0.0014558935072273016,0.03815617259667565,0.33649230003356934
14,360,2,0.01,80,0.9981731176376343,0.0017807625699788332,0.04219908257271517,1.2349129915237427
14,360,2,0.01,81,0.9987847805023193,0.0011845446424558759,0.03441721433317746,0.5358137488365173
14,360,2,0.01,82,0.9989736676216125,0.0010004000505432487,0.03162910132367419,0.9251222014427185
14,360,2,0.01,83,0.9988933801651001,0.001078667351976037,0.03284307159776681,0.7362768650054932
14,360,2,0.01,84,0.9975270628929138,0.0024104558397084475,0.049096393347255636,1.1531131267547607
14,360,2,0.01,85,0.9989309310913086,0.0010420404141768813,0.03228065077065333,0.4750656187534332
14,360,2,0.01,86,0.9984669089317322,0.0014943759888410568,0.03865715960648243,0.3974619209766388
14,360,2,0.01,87,0.9974620342254639,0.0024738507345318794,0.049737819961593405,1.020593285560608
14,360,2,0.01,88,0.9979789853096008,0.001969947712495923,0.0443840930119781,0.6653956770896912
14,360,2,0.01,89,0.9989684224128723,0.0010055066086351871,0.03170972419676947,0.35980352759361267
14,360,2,0.01,90,0.9985651969909668,0.0013985566329210997,0.037397281089954916,0.5759193897247314
14,360,2,0.01,91,0.9955015182495117,0.00438482454046607,0.06621800767514884,1.2571183443069458
14,360,2,0.01,92,0.9987427592277527,0.001225481042638421,0.0350068713631827,0.3366874158382416
14,360,2,0.01,93,0.9985705018043518,0.0013934110756963491,0.03732842182166759,0.5302321910858154
14,360,2,0.01,94,0.9990947246551514,0.0008824178366921842,0.02970551862351816,0.2923450171947479
14,360,2,0.01,95,0.9965837001800537,0.0033300239592790604,0.057706359781908446,0.27656516432762146
14,360,2,0.01,96,0.9981727004051208,0.001781123923137784,0.04220336388414772,0.5543451309204102
14,360,2,0.01,97,0.9955788850784302,0.00430942652747035,0.06564622249200902,0.6889550685882568
14,360,2,0.01,98,0.9980283379554749,0.0019218403613194823,0.04383879972489532,0.6137481331825256
14,360,2,0.01,99,0.9985353946685791,0.0014275849098339677,0.0377833946308953,0.386663019657135
14,360,2,0.01,100,0.9991236925125122,0.0008541680290363729,0.029226153168632592,0.3394085764884949
15,360,2,0.01,1,0.9927026033401489,0.007113033905625343,0.08433880426959671,2.0472240447998047
15,360,2,0.01,2,0.9951966404914856,0.00468201469630003,0.06842524896776064,0.8521398305892944
15,360,2,0.01,3,0.9961057901382446,0.0037958521861582994,0.06161048763123288,1.2326878309249878
15,360,2,0.01,4,0.9966414570808411,0.003273693611845374,0.05721620060651855,0.5930403470993042
15,360,2,0.01,5,0.9971623420715332,0.00276594958268106,0.0525922958491171,0.43817421793937683
15,360,2,0.01,6,0.997565746307373,0.0023727475199848413,0.04871085628466042,0.5233149528503418
15,360,2,0.01,7,0.9960306882858276,0.003869052045047283,0.062201704518825555,1.8232800960540771
15,360,2,0.01,8,0.9869779944419861,0.012693035416305065,0.11266337211492058,1.9109090566635132
15,360,2,0.01,9,0.9979616403579712,0.001986895455047488,0.04457460549514138,1.4203898906707764
15,360,2,0.01,10,0.9960081577301025,0.00389100075699389,0.06237788676280954,1.3139970302581787
15,360,2,0.01,11,0.9973711967468262,0.0025624206755310297,0.0506203583109704,0.4610135555267334
15,360,2,0.01,12,0.9971367716789246,0.0027909278869628906,0.05282923326116792,1.0061413049697876
15,360,2,0.01,13,0.9986847639083862,0.0012819882249459624,0.035804863146588935,1.176012396812439
15,360,2,0.01,14,0.9979218244552612,0.0020256813149899244,0.04500756952991268,0.5848296284675598
15,360,2,0.01,15,0.9954408407211304,0.00444396398961544,0.06666306315805957,0.655107855796814
15,360,2,0.01,16,0.9958524107933044,0.004042846616357565,0.06358338317797792,1.6108043193817139
15,360,2,0.01,17,0.9973358511924744,0.002596873790025711,0.05095953090468662,1.6967358589172363
15,360,2,0.01,18,0.9964631199836731,0.0034475326538085938,0.058715693420146146,1.6998145580291748
15,360,2,0.01,19,0.9968886971473694,0.003032709937542677,0.05507004573761199,0.8186153173446655
15,360,2,0.01,20,0.9982110857963562,0.0017437313217669725,0.04175800907331398,0.8331222534179688
15,360,2,0.01,21,0.9965169429779053,0.003395055653527379,0.058267106102220134,0.6651543974876404
15,360,2,0.01,22,0.9970501065254211,0.002875401871278882,0.05362277381186917,0.9593237042427063
15,360,2,0.01,23,0.9977620244026184,0.0021814240608364344,0.046705717646091625,0.8725725412368774
15,360,2,0.01,24,0.9974380731582642,0.002497199224308133,0.049971984394339725,2.0926308631896973
15,360,2,0.01,25,0.9958351850509644,0.0040595876052975655,0.06371489312003564,0.6664254665374756
15,360,2,0.01,26,0.9982116222381592,0.0017432186286896467,0.04175186976279801,0.6954267024993896
15,360,2,0.01,27,0.9138069152832031,0.08401579409837723,0.2898547810514383,2.5666933059692383
15,360,2,0.01,28,0.9966799020767212,0.003236243035644293,0.05688798674275873,0.4909639358520508
15,360,2,0.01,29,0.9980554580688477,0.0018954124534502625,0.04353633486468817,1.2172683477401733
15,360,2,0.01,30,0.9972389936447144,0.0026912640314549208,0.05187739422383241,0.52290940284729
15,360,2,0.01,31,0.9967488646507263,0.0031690308824181557,0.05629414607593009,1.2706936597824097
15,360,2,0.01,32,0.9960299730300903,0.0038697144482284784,0.06220702892944236,0.6239808201789856
15,360,2,0.01,33,0.9965229630470276,0.003389200894162059,0.058216843732394656,0.968090832233429
15,360,2,0.01,34,0.9970678091049194,0.0028581195510923862,0.053461383737164775,1.0535269975662231
15,360,2,0.01,35,0.9980154037475586,0.001934468629769981,0.043982594622986725,0.7764688730239868
15,360,2,0.01,36,0.9980041980743408,0.0019453942077234387,0.04410662317298207,1.1089521646499634
15,360,2,0.01,37,0.9964109063148499,0.0034984222147613764,0.05914746160877385,0.349953830242157
15,360,2,0.01,38,0.9987172484397888,0.0012503607431426644,0.035360440369750265,0.4066334664821625
15,360,2,0.01,39,0.9985148906707764,0.0014476008946076035,0.03804735069104817,1.6991372108459473
15,360,2,0.01,40,0.9984816908836365,0.0014799678465351462,0.03847035022631255,0.4978824555873871
15,360,2,0.01,41,0.9971874356269836,0.0027415098156780005,0.0523594291000007,0.5245195031166077
15,360,2,0.01,42,0.9987398982048035,0.0012282778043299913,0.035046794494361266,0.2912006378173828
15,360,2,0.01,43,0.9984728097915649,0.001488611800596118,0.03858253232482438,0.6682901978492737
15,360,2,0.01,44,0.9980144500732422,0.0019354108953848481,0.04399330512003898,0.5681381821632385
15,360,2,0.01,45,0.9985495209693909,0.0014138648984953761,0.0376013949009259,0.42174413800239563
15,360,2,0.01,46,0.996899425983429,0.003022228367626667,0.05497479756785528,0.6704466938972473
15,360,2,0.01,47,0.9982250332832336,0.0017301503103226423,0.04159507555375567,1.4258302450180054
15,360,2,0.01,48,0.9988054633140564,0.001164352404884994,0.034122608412678446,0.36378639936447144
15,360,2,0.01,49,0.9980073571205139,0.0019422821933403611,0.04407133074165518,0.7362000346183777
15,360,2,0.01,50,0.9983195662498474,0.001637995825149119,0.04047216111290721,0.851697564125061
15,360,2,0.01,51,0.9982388615608215,0.001716666272841394,0.041432671562927174,1.3919001817703247
15,360,2,0.01,52,0.9976639747619629,0.0022770054638385773,0.04771797841315763,0.5093107223510742
15,360,2,0.01,53,0.9979131817817688,0.002034106058999896,0.045101064943079736,0.5364224314689636
15,360,2,0.01,54,0.9989757537841797,0.0009983772179111838,0.03159710774598181,0.9929782152175903
15,360,2,0.01,55,0.9989452362060547,0.0010281007271260023,0.032064009841658955,0.4633990228176117
15,360,2,0.01,56,0.998683512210846,0.0012832473730668426,0.03582244231018933,1.2581555843353271
15,360,2,0.01,57,0.9975802898406982,0.002358567900955677,0.048565089323048476,0.32652756571769714
15,360,2,0.01,58,0.9976378679275513,0.0023024892434477806,0.04798426037199886,1.9975701570510864
15,360,2,0.01,59,0.9990770816802979,0.0008995932876132429,0.029993220694237602,0.5373404026031494
15,360,2,0.01,60,0.9977408051490784,0.0022021252661943436,0.04692680754317668,0.4026045799255371
15,360,2,0.01,61,0.9982960224151611,0.0016609125304967165,0.04075429462641596,0.9511432647705078
15,360,2,0.01,62,0.9978213906288147,0.0021235723979771137,0.04608223516689608,0.5867870450019836
15,360,2,0.01,63,0.99880450963974,0.0011653155088424683,0.03413671789792434,0.9622565507888794
15,360,2,0.01,64,0.9982107281684875,0.0017440764931961894,0.041762141865524446,1.0662959814071655
15,360,2,0.01,65,0.9979016184806824,0.0020453569013625383,0.04522562217772729,1.833247184753418
15,360,2,0.01,66,0.9986138939857483,0.0013511088909581304,0.036757433138864995,0.9415403604507446
15,360,2,0.01,67,0.9987069964408875,0.001260325196199119,0.03550105908559798,0.4125242233276367
15,360,2,0.01,68,0.9991449117660522,0.0008335080347023904,0.02887053921738197,0.7453101873397827
15,360,2,0.01,69,0.9948922991752625,0.004978668875992298,0.07055968307746498,0.4941408932209015
15,360,2,0.01,70,0.9980782270431519,0.001873236964456737,0.04328090762052867,0.38289064168930054
15,360,2,0.01,71,0.997378408908844,0.0025553680025041103,0.050550647894009336,1.08037269115448
15,360,2,0.01,72,0.9983076453208923,0.001649621524848044,0.04061553304892161,0.4323975145816803
15,360,2,0.01,73,0.9974769353866577,0.0024593262933194637,0.0495915949866453,0.4040163457393646
15,360,2,0.01,74,0.9981832504272461,0.0017708736704662442,0.04208174985033589,0.7843276858329773
15,360,2,0.01,75,0.9991245865821838,0.0008532715728506446,0.02921081260168304,0.8782893419265747
15,360,2,0.01,76,0.9984975457191467,0.001464479137212038,0.03826851365302862,0.7823292016983032
15,360,2,0.01,77,0.9989969730377197,0.0009776647202670574,0.031267630550891726,0.622911274433136
15,360,2,0.01,78,0.9960800409317017,0.003820965997874737,0.061813962806753754,0.33724352717399597
15,360,2,0.01,79,0.9978311061859131,0.0021141008473932743,0.04597935240293489,1.1197260618209839
15,360,2,0.01,80,0.9980480074882507,0.0019026922527700663,0.0436198607605534,0.9488877654075623
15,360,2,0.01,81,0.9957560300827026,0.004136788193136454,0.06431786838147276,1.6500093936920166
15,360,2,0.01,82,0.9988749623298645,0.0010966198751702905,0.033115251398264975,0.799700140953064
15,360,2,0.01,83,0.998598575592041,0.0013660116819664836,0.03695959526248202,0.9147729277610779
15,360,2,0.01,84,0.9991323351860046,0.000845759641379118,0.029081947001174422,0.5784361958503723
15,360,2,0.01,85,0.9992225766181946,0.0007577898213639855,0.02752798251532403,1.0171279907226562
15,360,2,0.01,86,0.9991903305053711,0.0007891881396062672,0.028092492584430227,0.5419281721115112
15,360,2,0.01,87,0.9990209937095642,0.0009542814223095775,0.03089144577888153,1.0524863004684448
15,360,2,0.01,88,0.9991841316223145,0.0007952551241032779,0.028200268156584572,0.8436325192451477
15,360,2,0.01,89,0.9990310072898865,0.000944517261814326,0.030732999557712002,0.9043974280357361
15,360,2,0.01,90,0.9980133771896362,0.0019364289473742247,0.04400487413201207,0.7028016448020935
15,360,2,0.01,91,0.9992002248764038,0.000779581256210804,0.027920982364716396,0.6261187195777893
15,360,2,0.01,92,0.9986402988433838,0.001325348624959588,0.03640533786355495,0.6271241903305054
15,360,2,0.01,93,0.9974844455718994,0.00245202356018126,0.04951791150867795,0.49061983823776245
15,360,2,0.01,94,0.998826801776886,0.0011435759952291846,0.03381680048776325,0.6553119421005249
15,360,2,0.01,95,0.9987081289291382,0.0012592356652021408,0.035485710718571505,0.5124502778053284
15,360,2,0.01,96,0.9991267919540405,0.0008511397172696888,0.02917429891650678,0.686293363571167
15,360,2,0.01,97,0.9988580346107483,0.001113128731958568,0.03336358391957567,0.9551356434822083
15,360,2,0.01,98,0.9993975162506104,0.0005872920155525208,0.024234108515737086,0.4578084349632263
15,360,2,0.01,99,0.9992598295211792,0.0007214691722765565,0.02686017818772907,0.4542851150035858
15,360,2,0.01,100,0.9991954565048218,0.0007842123741284013,0.028003792138358713,0.7067664265632629
16,360,2,0.01,1,0.9907199740409851,0.009045622311532497,0.09510847654931971,3.1041767597198486
16,360,2,0.01,2,0.9951216578483582,0.004755123984068632,0.06895740702831446,1.0962613821029663
16,360,2,0.01,3,0.9964455962181091,0.003464607521891594,0.05886091676054319,2.6080245971679688
16,360,2,0.01,4,0.9966733455657959,0.0032426153775304556,0.05694396699853686,1.5233594179153442
16,360,2,0.01,5,0.9963219165802002,0.003585179802030325,0.059876370982469576,1.4589943885803223
16,360,2,0.01,6,0.9978227019309998,0.0021223018411546946,0.04606844734907716,1.8289265632629395
16,360,2,0.01,7,0.9907053112983704,0.00905990693718195,0.09518354341577093,2.101472854614258
16,360,2,0.01,8,0.9960059523582458,0.0038931621238589287,0.06239520914187986,1.560424566268921
16,360,2,0.01,9,0.9977012872695923,0.002240624977275729,0.04733524033186828,0.8461160063743591
16,360,2,0.01,10,0.9983829855918884,0.0015761768445372581,0.03970109374484862,1.0014313459396362
16,360,2,0.01,11,0.9918766617774963,0.007918154820799828,0.08898401441157748,1.5541576147079468
16,360,2,0.01,12,0.9977534413337708,0.002189819235354662,0.04679550443530513,1.2642173767089844
16,360,2,0.01,13,0.9679520130157471,0.031238455325365067,0.17674403900942479,1.7691010236740112
16,360,2,0.01,14,0.9976829886436462,0.0022584579419344664,0.04752323581085853,0.6702355146408081
16,360,2,0.01,15,0.9957582354545593,0.0041346014477312565,0.06430086661726463,0.4347865581512451
16,360,2,0.01,16,0.9982346296310425,0.001720793661661446,0.04148245004410234,0.5024088621139526
16,360,2,0.01,17,0.9909332394599915,0.008837711066007614,0.09400910097436106,2.4045820236206055
16,360,2,0.01,18,0.9986583590507507,0.0013077486073598266,0.03616280696184723,0.6223077774047852
16,360,2,0.01,19,0.9981305003166199,0.0018222684739157557,0.04268803666035433,0.42353564500808716
16,360,2,0.01,20,0.9901860356330872,0.009566052816808224,0.09780620029838713,0.6746242642402649
16,360,2,0.01,21,0.9984266757965088,0.0015335623174905777,0.03916072416963938,0.525416374206543
16,360,2,0.01,22,0.9985954761505127,0.001369069330394268,0.0370009368853583,1.2089818716049194
16,360,2,0.01,23,0.9985387921333313,0.001424300018697977,0.037739899558663074,0.31280484795570374
16,360,2,0.01,24,0.9981679916381836,0.001785705448128283,0.04225760816856869,1.1240440607070923
16,360,2,0.01,25,0.9909296035766602,0.008841253817081451,0.0940279416826799,1.9806355237960815
16,360,2,0.01,26,0.997619092464447,0.0023207515478134155,0.04817417926455432,0.5832565426826477
16,360,2,0.01,27,0.998307466506958,0.0016497884644195437,0.04061758811672037,0.45882970094680786
16,360,2,0.01,28,0.995020866394043,0.004853365942835808,0.06966610325571403,0.35736462473869324
16,360,2,0.01,29,0.9983443021774292,0.0016138749197125435,0.04017306211521028,0.5290088653564453
16,360,2,0.01,30,0.9980968832969666,0.0018550456734374166,0.043070241158338275,0.7648789882659912
16,360,2,0.01,31,0.9975506663322449,0.002387467073276639,0.048861713777523595,0.5031466484069824
16,360,2,0.01,32,0.9984467029571533,0.001514087081886828,0.03891127191299236,0.7954127192497253
16,360,2,0.01,33,0.9982874393463135,0.0016693130601197481,0.040857227758619996,0.5033205151557922
16,360,2,0.01,34,0.9980442523956299,0.0019063720246776938,0.04366202039161374,0.3790340721607208
16,360,2,0.01,35,0.9985736012458801,0.0013903479557484388,0.03728736992264859,0.5311431884765625
16,360,2,0.01,36,0.9891009330749512,0.010623765178024769,0.1030716507000095,0.8652949929237366
16,360,2,0.01,37,0.993948221206665,0.0058989147655665874,0.07680439287935677,0.7454081773757935
16,360,2,0.01,38,0.9980159997940063,0.0019338928395882249,0.043976048476281095,0.32005220651626587
16,360,2,0.01,39,0.9982407689094543,0.0017147701000794768,0.04140978266158224,0.37587398290634155
16,360,2,0.01,40,0.9966129660606384,0.0033014544751495123,0.057458284651993506,1.1385600566864014
16,360,2,0.01,41,0.9990153908729553,0.0009597553871572018,0.03097991909539471,1.1234015226364136
16,360,2,0.01,42,0.9981496334075928,0.0018035988323390484,0.04246879833876923,0.27618056535720825
16,360,2,0.01,43,0.9988192915916443,0.0011508762836456299,0.033924567552816795,0.4397716522216797
16,360,2,0.01,44,0.9979797005653381,0.0019692806527018547,0.04437657774887395,0.4067903161048889
16,360,2,0.01,45,0.986689031124115,0.012974745593965054,0.11390674077492101,0.5888600945472717
16,360,2,0.01,46,0.9930192232131958,0.006804425735026598,0.08248894310770746,1.26772141456604
16,360,2,0.01,47,0.996594250202179,0.0033197165466845036,0.057616981408995245,1.1962096691131592
16,360,2,0.01,48,0.9988396167755127,0.001131053431890905,0.033631137832236736,0.7998058199882507
16,360,2,0.01,49,0.9795444011688232,0.01993890292942524,0.14120518024996548,1.671062707901001
16,360,2,0.01,50,0.995287299156189,0.004593640565872192,0.06777640124609886,0.9685183167457581
16,360,2,0.01,51,0.9965062737464905,0.0034054978750646114,0.05835664379541212,0.5281341671943665
16,360,2,0.01,52,0.9971567392349243,0.002771445084363222,0.05264451618509968,0.7654533982276917
16,360,2,0.01,53,0.9978656768798828,0.0020803820807486773,0.04561120564892664,0.8642834424972534
16,360,2,0.01,54,0.9981628060340881,0.0017907768487930298,0.04231757139526121,1.0741527080535889
16,360,2,0.01,55,0.9988536834716797,0.0011173344682902098,0.03342655334147106,0.8916227221488953
16,360,2,0.01,56,0.9985710382461548,0.0013928567059338093,0.037320995511023136,0.5225980281829834
16,360,2,0.01,57,0.9980309009552002,0.0019193509360775352,0.04381039757954195,0.6650698781013489
16,360,2,0.01,58,0.9985280632972717,0.0014347436372190714,0.037878009942697244,0.869387149810791
16,360,2,0.01,59,0.996799111366272,0.0031200088560581207,0.05585703944945633,0.2794359028339386
16,360,2,0.01,60,0.9989597201347351,0.0010139887453988194,0.03184318993754896,0.47438880801200867
16,360,2,0.01,61,0.9979810118675232,0.0019680142868310213,0.04436230705036677,0.7906838655471802
16,360,2,0.01,62,0.9966884255409241,0.0032279458828270435,0.05681501458969313,0.543368935585022
16,360,2,0.01,63,0.9970244765281677,0.0029003829695284367,0.05385520373676472,0.562944769859314
16,360,2,0.01,64,0.9922273755073547,0.007576258387416601,0.08704170487425325,1.0618706941604614
16,360,2,0.01,65,0.992311954498291,0.007493853103369474,0.08656704397962006,1.4178411960601807
16,360,2,0.01,66,0.9982656240463257,0.0016905582742765546,0.04111639909180465,0.7993626594543457
16,360,2,0.01,67,0.999133825302124,0.000844268302898854,0.029056295409065038,0.6565203666687012
16,360,2,0.01,68,0.9979053139686584,0.002041787141934037,0.045186138825241945,0.28123998641967773
16,360,2,0.01,69,0.9983260631561279,0.0016316642286255956,0.0403938637496538,1.1376328468322754
16,360,2,0.01,70,0.9968715310096741,0.0030494460370391607,0.0552217895131909,0.9588527083396912
16,360,2,0.01,71,0.9978627562522888,0.0020832836162298918,0.04564300183193357,0.3940877914428711
16,360,2,0.01,72,0.9984415173530579,0.0015190955018624663,0.0389755757091857,0.438755065202713
16,360,2,0.01,73,0.9987505078315735,0.00121792103163898,0.03489872535837061,1.153519630432129
16,360,2,0.01,74,0.997256338596344,0.0026743540074676275,0.051714156741337544,0.7730504870414734
16,360,2,0.01,75,0.9983189105987549,0.0016386150382459164,0.040479810254569086,0.2815873324871063
16,360,2,0.01,76,0.9987406134605408,0.0012275762856006622,0.03503678474975497,0.3926127254962921
16,360,2,0.01,77,0.9989374279975891,0.001035728259012103,0.03218273231116499,0.40323713421821594
16,360,2,0.01,78,0.9990276098251343,0.0009478161227889359,0.030786622464780637,0.5282868146896362
16,360,2,0.01,79,0.9960824251174927,0.003818587167188525,0.06179471795540882,1.044249176979065
16,360,2,0.01,80,0.9991607069969177,0.0008180837030522525,0.02860216255901383,0.4471190571784973
16,360,2,0.01,81,0.9984691739082336,0.0014921579277142882,0.03862846007433235,0.388633131980896
16,360,2,0.01,82,0.9933225512504578,0.006508777383714914,0.08067699414154518,2.213801860809326
16,360,2,0.01,83,0.9941216111183167,0.005729899276047945,0.07569609815603408,1.0616514682769775
16,360,2,0.01,84,0.9983218908309937,0.0016357421409338713,0.040444309129145366,1.1271086931228638
16,360,2,0.01,85,0.9980037212371826,0.0019458322785794735,0.04411158893736966,0.9903478622436523
16,360,2,0.01,86,0.9990557432174683,0.0009203939116559923,0.030337994522644247,0.9139222502708435
16,360,2,0.01,87,0.9979987144470215,0.00195070612244308,0.044166798870226946,0.891802966594696
16,360,2,0.01,88,0.9989105463027954,0.0010619491804391146,0.032587561744308435,0.40671536326408386
16,360,2,0.01,89,0.9985760450363159,0.0013880124315619469,0.037256038860323665,0.7172878980636597
16,360,2,0.01,90,0.9966344833374023,0.0032804887741804123,0.05727555127783941,2.6185293197631836
16,360,2,0.01,91,0.9991093277931213,0.0008681828621774912,0.02946494293524919,0.394968181848526
16,360,2,0.01,92,0.9980044960975647,0.0019451011903584003,0.04410330135441564,0.538092315196991
16,360,2,0.01,93,0.9980745315551758,0.0018768039299175143,0.043322095169988195,0.9441533088684082
16,360,2,0.01,94,0.9992249011993408,0.0007555283373221755,0.027486875728648674,0.25342613458633423
16,360,2,0.01,95,0.9991340041160583,0.0008441466488875449,0.029054201914482953,0.4244638979434967
16,360,2,0.01,96,0.9989248514175415,0.001048006466589868,0.03237292798913728,0.26826736330986023
16,360,2,0.01,97,0.9987941384315491,0.0011754202423617244,0.03428440231886396,0.732302725315094
16,360,2,0.01,98,0.9987525939941406,0.0012159068137407303,0.03486985537309741,0.28620678186416626
16,360,2,0.01,99,0.9992039799690247,0.0007759385625831783,0.027855673795174625,0.2521483302116394
16,360,2,0.01,100,0.9985332489013672,0.0014297121670097113,0.03781153484070319,0.7059202790260315
17,360,2,0.01,1,0.9912984371185303,0.008481754921376705,0.09209644358701755,1.5505561828613281
17,360,2,0.01,2,0.9750492572784424,0.024320466443896294,0.15595020501396045,2.278290033340454
17,360,2,0.01,3,0.9960942268371582,0.0038070848677307367,0.061701579134822285,1.813292384147644
17,360,2,0.01,4,0.9936369061470032,0.006202379707247019,0.0787551884465209,1.7130454778671265
17,360,2,0.01,5,0.9968146681785583,0.0031048674136400223,0.055721337148708326,1.9310935735702515
17,360,2,0.01,6,0.9946971535682678,0.005168904084712267,0.07189509082484191,0.8547317981719971
17,360,2,0.01,7,0.9975788593292236,0.0023599581327289343,0.04857940029198523,0.6523240208625793
17,360,2,0.01,8,0.9972599148750305,0.002670855959877372,0.051680324688196104,1.299996256828308
17,360,2,0.01,9,0.9916740655899048,0.008115611970424652,0.09008669141679393,1.3364503383636475
17,360,2,0.01,10,0.9843383431434631,0.015266009606420994,0.12355569435044665,2.674010753631592
17,360,2,0.01,11,0.9976961016654968,0.002245707903057337,0.04738890063144889,0.7957586050033569
17,360,2,0.01,12,0.9970913529396057,0.0028351822402328253,0.0532464293660413,0.5413981080055237
17,360,2,0.01,13,0.9937514066696167,0.006090769078582525,0.07804337946669483,2.082554340362549
17,360,2,0.01,14,0.997970461845398,0.001978268614038825,0.044477731664719876,0.3988102078437805
17,360,2,0.01,15,0.9976198673248291,0.002319991122931242,0.048166286165026696,0.43994349241256714
17,360,2,0.01,16,0.9977696537971497,0.002174011431634426,0.04662629549550796,0.8770872354507446
17,360,2,0.01,17,0.9878948926925659,0.01179934199899435,0.10862477617465709,2.097562074661255
17,360,2,0.01,18,0.9982187151908875,0.0017363030929118395,0.04166897038459001,0.7171510457992554
17,360,2,0.01,19,0.9981969594955444,0.0017574902158230543,0.04192243093885485,0.903560996055603
17,360,2,0.01,20,0.9976974725723267,0.0022443782072514296,0.047374868941786316,0.7192748188972473
17,360,2,0.01,21,0.9957855343818665,0.004108010325580835,0.06409376198649004,1.412280797958374
17,360,2,0.01,22,0.9984319806098938,0.0015284107066690922,0.03909489361373288,0.30821692943573
17,360,2,0.01,23,0.9983890056610107,0.0015702989185228944,0.03962699734427142,0.723400354385376
17,360,2,0.01,24,0.9978844523429871,0.002062093233689666,0.045410276740950016,0.9115027785301208
17,360,2,0.01,25,0.9976736307144165,0.0022676181979477406,0.047619514885682536,0.4572138786315918
17,360,2,0.01,26,0.9971590638160706,0.0027691626455634832,0.052622833880013375,0.5907435417175293
17,360,2,0.01,27,0.9919188022613525,0.007877054624259472,0.08875277248773399,1.0586286783218384
17,360,2,0.01,28,0.9979790449142456,0.0019698815885931253,0.04438334810030813,0.4083384573459625
17,360,2,0.01,29,0.9960260391235352,0.0038735780399292707,0.06223807548381674,1.2852373123168945
17,360,2,0.01,30,0.9982101321220398,0.0017446416895836592,0.041768908168441025,0.5648488998413086
17,360,2,0.01,31,0.9979618787765503,0.0019866400398314,0.044571740372475924,1.2000470161437988
17,360,2,0.01,32,0.9978720545768738,0.002074187621474266,0.04554325001000989,0.6273459792137146
17,360,2,0.01,33,0.9976975917816162,0.0022442322224378586,0.04737332817565026,0.4819488525390625
17,360,2,0.01,34,0.9987353682518005,0.0012326681753620505,0.03510937446554767,0.34930992126464844
17,360,2,0.01,35,0.9965724945068359,0.0033409413881599903,0.05780087705355335,1.4776109457015991
17,360,2,0.01,36,0.9955424070358276,0.004345012363046408,0.06591670776856508,0.4102683365345001
17,360,2,0.01,37,0.9985570311546326,0.0014065018622204661,0.03750335801258957,0.46830081939697266
17,360,2,0.01,38,0.9986511468887329,0.001314760884270072,0.03625963160692717,0.43335264921188354
17,360,2,0.01,39,0.9931008815765381,0.00672484515234828,0.08200515320605334,1.582770586013794
17,360,2,0.01,40,0.9967538118362427,0.00316417682915926,0.056251016250013296,1.5742738246917725
17,360,2,0.01,41,0.9980130791664124,0.0019367523491382599,0.04400854859158911,0.7011309862136841
17,360,2,0.01,42,0.996793806552887,0.0031252221670001745,0.055903686524237155,1.6237225532531738
17,360,2,0.01,43,0.9990118741989136,0.0009631814900785685,0.03103516537862443,0.40204712748527527
17,360,2,0.01,44,0.9938544034957886,0.005990325473248959,0.07739719292874231,1.1660740375518799
17,360,2,0.01,45,0.9976182579994202,0.0023215755354613066,0.0481827306766782,0.8230628967285156
17,360,2,0.01,46,0.9981029629707336,0.001849109772592783,0.04300127640655313,1.2224187850952148
17,360,2,0.01,47,0.9981209635734558,0.0018315931083634496,0.04279711565471965,0.8176841735839844
17,360,2,0.01,48,0.9959341883659363,0.003963094670325518,0.06295311485800777,2.688436508178711
17,360,2,0.01,49,0.998157262802124,0.0017962092533707619,0.042381708948209744,0.7499916553497314
17,360,2,0.01,50,0.998720645904541,0.001247054897248745,0.03531366445511914,0.988436758518219
17,360,2,0.01,51,0.9967530965805054,0.003164885798469186,0.056257317732622,0.6196125745773315
17,360,2,0.01,52,0.9954779148101807,0.004407873842865229,0.0663918206021286,1.6323649883270264
17,360,2,0.01,53,0.9982783198356628,0.001678197062574327,0.04096580357535205,0.5701571106910706
17,360,2,0.01,54,0.9974198341369629,0.002514962572604418,0.050149402514929504,0.41561517119407654
17,360,2,0.01,55,0.9986376166343689,0.0013279466656967998,0.03644100253418942,0.33585125207901
17,360,2,0.01,56,0.9978154301643372,0.002129384083673358,0.04614524984950626,0.7451911568641663
17,360,2,0.01,57,0.9983805418014526,0.001578528550453484,0.039730700351912805,1.1149682998657227
17,360,2,0.01,58,0.9981991648674011,0.0017553579527884722,0.04189699216875207,0.5492187142372131
17,360,2,0.01,59,0.9934253692626953,0.006408526562154293,0.08005327327570243,0.7785051465034485
17,360,2,0.01,60,0.9985008835792542,0.0014612629311159253,0.03822646898571624,0.5371590256690979
17,360,2,0.01,61,0.9980620741844177,0.0018889759667217731,0.04346235114120925,0.7925077676773071
17,360,2,0.01,62,0.993514358997345,0.0063218288123607635,0.0795099290174552,1.4788572788238525
17,360,2,0.01,63,0.9973475337028503,0.0025854348205029964,0.050847171214365466,2.0798256397247314
17,360,2,0.01,64,0.9977571368217468,0.0021862115245312452,0.046756940923581014,0.4503117501735687
17,360,2,0.01,65,0.9963545799255371,0.0035533420741558075,0.05960991590461949,1.783445954322815
17,360,2,0.01,66,0.9985293745994568,0.001433457131497562,0.03786102390978831,0.44169530272483826
17,360,2,0.01,67,0.9949067234992981,0.004964613821357489,0.07046001576325035,1.2331676483154297
17,360,2,0.01,68,0.9983981251716614,0.0015614160802215338,0.03951475775228204,0.47168833017349243
17,360,2,0.01,69,0.9983616471290588,0.0015969430096447468,0.03996176935077758,0.689795196056366
17,360,2,0.01,70,0.9972466230392456,0.002683828119188547,0.05180567651511316,0.8265860080718994
17,360,2,0.01,71,0.9955537915229797,0.004333910532295704,0.06583244285529517,1.0627888441085815
17,360,2,0.01,72,0.9959529042243958,0.003944857977330685,0.06280810439211396,0.5429385304450989
17,360,2,0.01,73,0.9988223910331726,0.0011478493688628078,0.0338799257505504,0.4923616647720337
17,360,2,0.01,74,0.9984384179115295,0.0015221278881654143,0.039014457424977916,0.8206496834754944
17,360,2,0.01,75,0.9982059597969055,0.001748731592670083,0.04181783821134329,0.714542031288147
17,360,2,0.01,76,0.9983512759208679,0.001607053098268807,0.040088066781385295,0.34824609756469727
17,360,2,0.01,77,0.9969667792320251,0.0029566052835434675,0.05437467502011821,0.6714667081832886
17,360,2,0.01,78,0.9990276098251343,0.00094784633256495,0.030787113092411732,0.4743974506855011
17,360,2,0.01,79,0.9982742071151733,0.0016821755561977625,0.04101433354569793,0.6125502586364746
17,360,2,0.01,80,0.998305082321167,0.0016520954668521881,0.04064597725300977,1.2407811880111694
17,360,2,0.01,81,0.9981597065925598,0.001793833915144205,0.04235367652452624,0.3157772421836853
17,360,2,0.01,82,0.9982525110244751,0.0017033220501616597,0.04127132236991759,1.1541169881820679
17,360,2,0.01,83,0.996338963508606,0.003568545915186405,0.05973730756559426,0.4921945035457611
17,360,2,0.01,84,0.9955318570137024,0.004355300683528185,0.06599470193529315,0.4005934000015259
17,360,2,0.01,85,0.9979207515716553,0.002026699483394623,0.045018879188565133,0.4711156189441681
17,360,2,0.01,86,0.9950373768806458,0.004837284795939922,0.06955059162897123,0.5994158387184143
17,360,2,0.01,87,0.9990115761756897,0.0009634838788770139,0.03104003670869308,0.6093927025794983
17,360,2,0.01,88,0.9989230632781982,0.0010497262701392174,0.03239947947327576,1.0048290491104126
17,360,2,0.01,89,0.9957770109176636,0.004116312600672245,0.0641584959352403,0.5942403674125671
17,360,2,0.01,90,0.9984122514724731,0.0015476149274036288,0.03933973725641325,0.3743543028831482
17,360,2,0.01,91,0.9956310987472534,0.004258552100509405,0.06525758270507272,0.4476405382156372
17,360,2,0.01,92,0.9983672499656677,0.0015914798714220524,0.039893356231608945,0.5795524716377258
17,360,2,0.01,93,0.9974960684776306,0.0024406679440289736,0.049403116744077734,0.40418729186058044
17,360,2,0.01,94,0.9966618418693542,0.0032538382802158594,0.057042425265900636,0.304569810628891
17,360,2,0.01,95,0.9985805153846741,0.0013836341677233577,0.03719723333425966,0.8771870136260986
17,360,2,0.01,96,0.9975355863571167,0.002402153331786394,0.04901176727875046,0.5733625888824463
17,360,2,0.01,97,0.9886429309844971,0.011070208624005318,0.10521505892221568,0.4795866906642914
17,360,2,0.01,98,0.9961563944816589,0.0037465235218405724,0.06120885166248892,1.3651827573776245
17,360,2,0.01,99,0.9962263703346252,0.0036783316172659397,0.06064925075601462,1.0519330501556396
17,360,2,0.01,100,0.995577871799469,0.004310424905270338,0.06565382628050202,0.6557533740997314
18,360,2,0.01,1,0.9883595108985901,0.011346430517733097,0.10651962503563885,1.6039888858795166
18,360,2,0.01,2,0.9953832030296326,0.004500156734138727,0.06708320754211688,1.6327722072601318
18,360,2,0.01,3,0.9966514110565186,0.0032640043646097183,0.057131465626305424,1.16506826877594
18,360,2,0.01,4,0.9915931224822998,0.008194494061172009,0.09052344481498706,2.1834652423858643
18,360,2,0.01,5,0.9953660368919373,0.004516896326094866,0.06720785910959272,1.80092191696167
18,360,2,0.01,6,0.9966471791267395,0.0032681510783731937,0.05716774508735843,1.4777451753616333
18,360,2,0.01,7,0.9695767760276794,0.029654722660779953,0.17220546640795104,5.522653579711914
18,360,2,0.01,8,0.9980491399765015,0.001901566400192678,0.043606953576152026,1.3763039112091064
18,360,2,0.01,9,0.996837317943573,0.0030827715527266264,0.05552271204405118,1.7288371324539185
18,360,2,0.01,10,0.9974893927574158,0.002447204664349556,0.04946922946993976,0.636833906173706
18,360,2,0.01,11,0.9974420070648193,0.002493388019502163,0.04993383641882689,1.2248778343200684
18,360,2,0.01,12,0.9981445670127869,0.0018085462506860495,0.042527006133585864,1.114714503288269
18,360,2,0.01,13,0.9981606006622314,0.0017929284367710352,0.042342985685601284,0.8336606025695801
18,360,2,0.01,14,0.991765558719635,0.008026407100260258,0.08959021765940887,1.6515109539031982
18,360,2,0.01,15,0.9952322244644165,0.004647315014153719,0.06817121837075907,1.1158198118209839
18,360,2,0.01,16,0.998347818851471,0.001610462204553187,0.0401305644684097,0.49867668747901917
18,360,2,0.01,17,0.995130717754364,0.004746273625642061,0.06889320449537865,2.2654902935028076
18,360,2,0.01,18,0.9984249472618103,0.0015352859627455473,0.03918272531033985,0.7469449639320374
18,360,2,0.01,19,0.9982573986053467,0.0016985863912850618,0.041213910167382344,0.8641465902328491
18,360,2,0.01,20,0.9986476898193359,0.001318152411840856,0.03630636875041149,0.5442821383476257
18,360,2,0.01,21,0.9977845549583435,0.0021595056168735027,0.046470481134517024,1.7527416944503784
18,360,2,0.01,22,0.992928683757782,0.006892672739923,0.08302212199120787,1.3081326484680176
18,360,2,0.01,23,0.9923463463783264,0.007460304070264101,0.08637305175958587,0.38683173060417175
18,360,2,0.01,24,0.9967696666717529,0.003148710587993264,0.05611337263071312,1.000504732131958
18,360,2,0.01,25,0.9975848197937012,0.0023541462142020464,0.048519544661940577,0.5983248353004456
18,360,2,0.01,26,0.99766606092453,0.002274983562529087,0.04769678775902091,0.336900919675827
18,360,2,0.01,27,0.9983959794044495,0.0015634800074622035,0.03954086503178963,0.4738425612449646
18,360,2,0.01,28,0.9972423315048218,0.002688020234927535,0.051846120731714684,0.625897228717804
18,360,2,0.01,29,0.9967795014381409,0.003139162203297019,0.05602822684412759,1.0816715955734253
18,360,2,0.01,30,0.9986154437065125,0.0013495597522705793,0.03673635464047269,0.6405377388000488
18,360,2,0.01,31,0.9967602491378784,0.003157889936119318,0.05619510598014135,0.9656463861465454
18,360,2,0.01,32,0.9972085952758789,0.0027209061663597822,0.05216230599158536,0.47517678141593933
18,360,2,0.01,33,0.9977090358734131,0.0022330915089696646,0.04725559764694194,1.1708850860595703
18,360,2,0.01,34,0.9984953999519348,0.0014665690250694752,0.038295809497508666,1.1808079481124878
18,360,2,0.01,35,0.9986078143119812,0.0013570374576374888,0.0368379893267465,0.9418814778327942
18,360,2,0.01,36,0.9984925985336304,0.0014692990807816386,0.038331437238664015,1.0894381999969482
18,360,2,0.01,37,0.9977701306343079,0.002173560904338956,0.04662146398751283,0.8402692079544067
18,360,2,0.01,38,0.9973198175430298,0.0026124713476747274,0.051112340463675965,0.878200888633728
18,360,2,0.01,39,0.9951446652412415,0.0047326781786978245,0.06879446328519341,1.0383530855178833
18,360,2,0.01,40,0.9915933609008789,0.008194295689463615,0.0905223491159151,1.3088719844818115
18,360,2,0.01,41,0.9984819889068604,0.0014796730829402804,0.0384665189865197,0.3303261995315552
18,360,2,0.01,42,0.9984498620033264,0.0015109921805560589,0.03887148287055767,0.7879809737205505
18,360,2,0.01,43,0.9962689876556396,0.0036367857828736305,0.06030576906792277,0.6547118425369263
18,360,2,0.01,44,0.9726361632347107,0.026672596111893654,0.16331747032051916,3.7629952430725098
18,360,2,0.01,45,0.9978848099708557,0.0020617484115064144,0.0454064798405075,1.1764237880706787
18,360,2,0.01,46,0.9976422786712646,0.002298148814588785,0.04793901140604367,2.0165657997131348
18,360,2,0.01,47,0.9985421299934387,0.001421016058884561,0.0376963666536254,0.4436781108379364
18,360,2,0.01,48,0.9967741966247559,0.0031442975159734488,0.056074036023577335,0.5433772206306458
18,360,2,0.01,49,0.9981265068054199,0.0018261735094711185,0.04273375140882343,0.759238600730896
18,360,2,0.01,50,0.9981501698493958,0.0018030779901891947,0.042462665839407616,0.616743266582489
18,360,2,0.01,51,0.9963902831077576,0.0035185108426958323,0.059317036698539084,0.38745367527008057
18,360,2,0.01,52,0.9978637099266052,0.0020823541563004255,0.04563281885113416,0.519658088684082
18,360,2,0.01,53,0.9974026679992676,0.002531735459342599,0.0503163537961824,1.4043530225753784
18,360,2,0.01,54,0.995914101600647,0.003982705995440483,0.06310868399388854,0.8119208216667175
18,360,2,0.01,55,0.9988582730293274,0.0011129017220810056,0.033360181685371644,0.5139188170433044
18,360,2,0.01,56,0.9985676407814026,0.0013961773365736008,0.037365456461464525,0.5235214829444885
18,360,2,0.01,57,0.9989039301872253,0.001068371580913663,0.032685953877983474,0.35508430004119873
18,360,2,0.01,58,0.9970669150352478,0.0028589696157723665,0.053469333414326074,0.557566225528717
18,360,2,0.01,59,0.9982013702392578,0.0017532074125483632,0.04187131968959616,0.9046909809112549
18,360,2,0.01,60,0.9989480972290039,0.0010253143263980746,0.03202052976448195,1.1318788528442383
18,360,2,0.01,61,0.9985914826393127,0.0013729443307965994,0.03705326342977902,0.5167731642723083
18,360,2,0.01,62,0.9976570010185242,0.002283803652971983,0.04778915832039714,0.6873869299888611
18,360,2,0.01,63,0.9974093437194824,0.0025252115447074175,0.05025148301003083,0.4075733423233032
18,360,2,0.01,64,0.9990231990814209,0.0009521478787064552,0.030856893536233606,0.8968295454978943
18,360,2,0.01,65,0.9988731741905212,0.001098348875530064,0.03314134691786175,0.3569542467594147
18,360,2,0.01,66,0.9989011883735657,0.0010710795177146792,0.03272735121751651,0.5519520044326782
18,360,2,0.01,67,0.9980049133300781,0.0019446808146312833,0.04409853528895584,0.7801963090896606
18,360,2,0.01,68,0.9989230632781982,0.001049756770953536,0.03239995016899773,0.8071901798248291
18,360,2,0.01,69,0.9980626702308655,0.0018884199671447277,0.04345595433475979,0.7420287132263184
18,360,2,0.01,70,0.9970689415931702,0.002857041545212269,0.05345130068775005,0.83472740650177
18,360,2,0.01,71,0.9986025094985962,0.001362215611152351,0.036908205200908255,1.1463109254837036
18,360,2,0.01,72,0.998654842376709,0.0013111920561641455,0.03621038602616859,0.6098078489303589
18,360,2,0.01,73,0.9976808428764343,0.002260554116219282,0.047545284899969655,0.5198027491569519
18,360,2,0.01,74,0.9983620047569275,0.0015966106439009309,0.0399576105879835,0.3125932216644287
18,360,2,0.01,75,0.9933915138244629,0.006441526580601931,0.08025912147913114,0.45963338017463684
18,360,2,0.01,76,0.998930811882019,0.0010421539191156626,0.032282408818359,0.3487948477268219
18,360,2,0.01,77,0.9988967776298523,0.0010753251845017076,0.03279215126370497,0.9491062164306641
18,360,2,0.01,78,0.9909694790840149,0.008802388794720173,0.0938210466511655,1.1657016277313232
18,360,2,0.01,79,0.9975610375404358,0.002377334050834179,0.04875791269972679,0.8462657928466797
18,360,2,0.01,80,0.9986065626144409,0.0013582565588876605,0.03685453240630873,0.4728805124759674
18,360,2,0.01,81,0.9989640712738037,0.0010097883641719818,0.03177716734027723,0.3298777937889099
18,360,2,0.01,82,0.9984803199768066,0.0014813049929216504,0.03848772522404579,1.0302786827087402
18,360,2,0.01,83,0.9974905848503113,0.00244603562168777,0.049457412201688936,0.4784665107727051
18,360,2,0.01,84,0.9985356330871582,0.0014273516135290265,0.037780307218563305,0.4853303134441376
18,360,2,0.01,85,0.9699928760528564,0.029249092563986778,0.1710236608308534,1.3754829168319702
18,360,2,0.01,86,0.9979784488677979,0.0019704571459442377,0.044389831560214754,0.3802315294742584
18,360,2,0.01,87,0.9987449645996094,0.0012233452871441841,0.034976353256796,0.5583041906356812
18,360,2,0.01,88,0.9990580081939697,0.0009181771310977638,0.030301437772781735,0.6315194964408875
18,360,2,0.01,89,0.9992481470108032,0.0007328886422328651,0.027071916116759544,0.5348199605941772
18,360,2,0.01,90,0.9985653162002563,0.0013984203105792403,0.03739545842183567,1.1534652709960938
18,360,2,0.01,91,0.9832355976104736,0.016340937465429306,0.12783167629906644,0.9243108034133911
18,360,2,0.01,92,0.9982523918151855,0.0017034502234309912,0.0412728751534345,1.4402704238891602
18,360,2,0.01,93,0.9991593360900879,0.0008194010588340461,0.028625182249796176,0.3923967480659485
18,360,2,0.01,94,0.9993019104003906,0.0006804446456953883,0.02608533391956845,0.3597901165485382
18,360,2,0.01,95,0.9992987513542175,0.0006835272652097046,0.02614435436589905,0.3778015673160553
18,360,2,0.01,96,0.999298632144928,0.000683653517626226,0.02614676877983637,0.2643097937107086
18,360,2,0.01,97,0.9987741708755493,0.0011948405299335718,0.03456646539543162,0.3755822777748108
18,360,2,0.01,98,0.9992979168891907,0.0006843639421276748,0.026160350573485723,0.24288421869277954
18,360,2,0.01,99,0.9991458654403687,0.0008325614035129547,0.028854140145097976,0.3183614909648895
18,360,2,0.01,100,0.9992731213569641,0.0007085298420861363,0.026618223871741262,0.5957117080688477
19,360,2,0.01,1,0.9930887818336487,0.006736613344401121,0.08207687460180925,1.8223944902420044
19,360,2,0.01,2,0.9947414398193359,0.005125744733959436,0.07159430657503037,1.0159910917282104
19,360,2,0.01,3,0.9911147952079773,0.00866075698286295,0.09306318811894931,2.1809768676757812
19,360,2,0.01,4,0.9924520254135132,0.007357303518801928,0.08577472540790747,0.8880907297134399
19,360,2,0.01,5,0.9965134859085083,0.0033984389156103134,0.058296131223352324,0.7078193426132202
19,360,2,0.01,6,0.9891922473907471,0.01053471490740776,0.10263875928423805,1.0671851634979248
19,360,2,0.01,7,0.9977073073387146,0.0022347925696521997,0.047273592730531916,0.9961182475090027
19,360,2,0.01,8,0.9966408610343933,0.0032743073534220457,0.05722156371003894,1.5131006240844727
19,360,2,0.01,9,0.9982770681381226,0.0016794138355180621,0.040980651965507604,0.4441491961479187
19,360,2,0.01,10,0.996057391166687,0.0038429955020546913,0.06199189868083322,1.4624037742614746
19,360,2,0.01,11,0.9938015937805176,0.006041801068931818,0.07772902333705099,0.7136362195014954
19,360,2,0.01,12,0.9846599102020264,0.014952583238482475,0.12228075579780522,2.4953036308288574
19,360,2,0.01,13,0.9979247450828552,0.0020228431094437838,0.04497602816438757,0.9041532278060913
19,360,2,0.01,14,0.9941649436950684,0.005687686149030924,0.0754167497909511,0.9587119221687317
19,360,2,0.01,15,0.9934712648391724,0.006363804452121258,0.07977345706512447,0.9533177018165588
19,360,2,0.01,16,0.9977930188179016,0.0021512231323868036,0.046381279977883355,1.176709532737732
19,360,2,0.01,17,0.998624861240387,0.0013403946068137884,0.03661139995703235,0.8277027010917664
19,360,2,0.01,18,0.996432363986969,0.003477506572380662,0.05897038724970917,0.5697326064109802
19,360,2,0.01,19,0.9976094365119934,0.0023302030749619007,0.048272177027371584,0.7373420000076294
19,360,2,0.01,20,0.9976314306259155,0.002308748196810484,0.04804943492706739,0.5874907970428467
19,360,2,0.01,21,0.9963229894638062,0.00358413765206933,0.059867667835563215,1.0845887660980225
19,360,2,0.01,22,0.9912415742874146,0.008537206798791885,0.09239700643847659,1.4764951467514038
19,360,2,0.01,23,0.9986079931259155,0.0013568468857556581,0.03683540261427392,0.5431827306747437
19,360,2,0.01,24,0.9978800415992737,0.002066379878669977,0.04545745129975918,0.6970161199569702
19,360,2,0.01,25,0.9981175065040588,0.0018349132733419538,0.042835887680097794,0.5786368250846863
19,360,2,0.01,26,0.9967019557952881,0.0032147534657269716,0.0566987959812814,0.3868273198604584
19,360,2,0.01,27,0.9915342330932617,0.008251936174929142,0.0908401682898548,0.6471076011657715
19,360,2,0.01,28,0.9980195164680481,0.0019304516026750207,0.04393690479170125,0.4805654287338257
19,360,2,0.01,29,0.9978395700454712,0.0021058672573417425,0.04588972932303853,1.5339175462722778
19,360,2,0.01,30,0.9980504512786865,0.0019002965418621898,0.04359239087113931,0.9051030874252319
19,360,2,0.01,31,0.9981185793876648,0.0018338658846914768,0.04282366033738215,0.5333775877952576
19,360,2,0.01,32,0.9985747933387756,0.001389222452417016,0.03727227458067211,0.2989600598812103
19,360,2,0.01,33,0.993337869644165,0.006493829190731049,0.08058429866128419,1.340147614479065
19,360,2,0.01,34,0.9969980120658875,0.0029261508025228977,0.054093907258793,0.4605504870414734
19,360,2,0.01,35,0.9978711009025574,0.002075094496831298,0.045553205121388524,0.48699280619621277
19,360,2,0.01,36,0.9988130331039429,0.0011569663183763623,0.034014207595890904,0.37213870882987976
19,360,2,0.01,37,0.9984440803527832,0.0015166066586971283,0.03894363437966632,0.8991949558258057
19,360,2,0.01,38,0.9985094666481018,0.001452855416573584,0.038116340545408925,0.36099788546562195
19,360,2,0.01,39,0.9988423585891724,0.0011283952044323087,0.033591594252614876,0.49706512689590454
19,360,2,0.01,40,0.9955825805664062,0.0043058316223323345,0.065618835880655,0.44169536232948303
19,360,2,0.01,41,0.9972273111343384,0.0027026766911149025,0.051987274318961,0.5149442553520203
19,360,2,0.01,42,0.9984582662582397,0.0015028052730485797,0.03876603246462784,0.42468106746673584
19,360,2,0.01,43,0.99775630235672,0.0021870415657758713,0.04676581620987568,1.2044161558151245
19,360,2,0.01,44,0.9979937076568604,0.0019556337501853704,0.04422254798386645,0.5005161166191101
19,360,2,0.01,45,0.9988418817520142,0.001128888688981533,0.033598938807372074,1.3153932094573975
19,360,2,0.01,46,0.9943972229957581,0.005461274180561304,0.07390043423797525,1.0769842863082886
19,360,2,0.01,47,0.9949231743812561,0.004948577843606472,0.07034612884591783,0.6886775493621826
19,360,2,0.01,48,0.9980009198188782,0.0019485668744891882,0.04414257439807049,0.37395361065864563
19,360,2,0.01,49,0.995208740234375,0.00467021344229579,0.06833895991523276,0.8939470648765564
19,360,2,0.01,50,0.9983977675437927,0.0015617657918483019,0.039519182580720236,0.44081252813339233
19,360,2,0.01,51,0.9988556504249573,0.0011154210660606623,0.0333979200858476,0.5674734115600586
19,360,2,0.01,52,0.9978936314582825,0.002053187694400549,0.04531211421243274,0.6680641174316406
19,360,2,0.01,53,0.9990708827972412,0.0009056373964995146,0.03009380993658853,0.6308958530426025
19,360,2,0.01,54,0.9951662421226501,0.004711668938398361,0.06864159772614825,0.5345851182937622
19,360,2,0.01,55,0.998139500617981,0.0018135292921215296,0.042585552622004676,0.7474885582923889
19,360,2,0.01,56,0.9980565905570984,0.0018943340983241796,0.04352394856081166,1.2645496129989624
19,360,2,0.01,57,0.9988625645637512,0.0011087170569226146,0.033297403155841065,0.3926036059856415
19,360,2,0.01,58,0.998943567276001,0.001029772451147437,0.032090067795930835,0.6691791415214539
19,360,2,0.01,59,0.9942724108695984,0.005582917481660843,0.07471892318322611,0.4111134111881256
19,360,2,0.01,60,0.9936153292655945,0.006223374977707863,0.07888837035779014,0.9834656119346619
19,360,2,0.01,61,0.9974405169487,0.0024948136415332556,0.04994810948908132,0.29229581356048584
19,360,2,0.01,62,0.9976420998573303,0.002298337873071432,0.04794098323012819,0.6237273812294006
19,360,2,0.01,63,0.9984472990036011,0.0015135006979107857,0.03890373629756897,0.3641441762447357
19,360,2,0.01,64,0.9957037568092346,0.00418769009411335,0.06471236430631591,0.6214126944541931
19,360,2,0.01,65,0.9972742795944214,0.0026568525936454535,0.051544666005761,1.2885758876800537
19,360,2,0.01,66,0.9988189339637756,0.0011512184282764792,0.03392960990457272,0.43256083130836487
19,360,2,0.01,67,0.9988299012184143,0.0011405505938455462,0.03377203863916933,0.8450961112976074
19,360,2,0.01,68,0.9933660626411438,0.006466332823038101,0.08041351144576452,0.6368348598480225
19,360,2,0.01,69,0.9990113377571106,0.000963715196121484,0.031043762596075303,0.8578055500984192
19,360,2,0.01,70,0.9981261491775513,0.0018265051767230034,0.042737631856748955,0.900447428226471
19,360,2,0.01,71,0.9961636066436768,0.0037394610699266195,0.06115113302242747,1.0708513259887695
19,360,2,0.01,72,0.9986413717269897,0.001324298675172031,0.03639091473392818,0.9384806752204895
19,360,2,0.01,73,0.9990013241767883,0.0009734326740726829,0.031199882597097748,0.40478482842445374
19,360,2,0.01,74,0.9987700581550598,0.001198881771415472,0.03462487215016789,0.2535620927810669
19,360,2,0.01,75,0.9988115429878235,0.0011584345484152436,0.034035783352454864,0.38536983728408813
19,360,2,0.01,76,0.9981573224067688,0.0017961517442017794,0.04238103047593085,0.5354620814323425
19,360,2,0.01,77,0.998889684677124,0.0010822461917996407,0.03289751041947765,0.4972119629383087
19,360,2,0.01,78,0.9987578988075256,0.001210731454193592,0.034795566588196145,0.5066882967948914
19,360,2,0.01,79,0.9985857605934143,0.0013785060727968812,0.03712823821294085,0.5517053604125977
19,360,2,0.01,80,0.9988434314727783,0.001127338968217373,0.0335758688378629,0.37956544756889343
19,360,2,0.01,81,0.9984205961227417,0.0015395263908430934,0.039236798937261605,0.3653660714626312
19,360,2,0.01,82,0.996372640132904,0.0035357282031327486,0.059461989565879385,1.038374662399292
19,360,2,0.01,83,0.9984102249145508,0.0015496398555114865,0.03936546526476585,0.8473067283630371
19,360,2,0.01,84,0.9981511235237122,0.0018021924188360572,0.04245223691204101,0.5585412979125977
19,360,2,0.01,85,0.999172568321228,0.0008065580623224378,0.028399965885937923,0.6853460669517517
19,360,2,0.01,86,0.9989930987358093,0.0009814902441576123,0.03132874469489022,0.3937828242778778
19,360,2,0.01,87,0.9963183999061584,0.003588622435927391,0.05990511193485403,0.32061970233917236
19,360,2,0.01,88,0.9981974363327026,0.001757057965733111,0.04191727526608941,1.0535601377487183
19,360,2,0.01,89,0.9981762766838074,0.0017776290187612176,0.04216193803374339,0.3563438057899475
19,360,2,0.01,90,0.9989050626754761,0.0010672641219571233,0.032669008585464045,0.6200293302536011
19,360,2,0.01,91,0.9989339709281921,0.0010391195537522435,0.032235377363267266,0.9326090216636658
19,360,2,0.01,92,0.9990068674087524,0.000968020292930305,0.031113024490240497,0.3921937346458435
19,360,2,0.01,93,0.9979570508003235,0.0019913313444703817,0.04462433578744206,0.4259936511516571
19,360,2,0.01,94,0.9987995624542236,0.0011701169423758984,0.03420697213107144,0.361113578081131
19,360,2,0.01,95,0.9975714683532715,0.0023671677336096764,0.04865354800638568,0.8395546674728394
19,360,2,0.01,96,0.9988381266593933,0.0011325317900627851,0.03365310966408283,0.8108575344085693
19,360,2,0.01,97,0.999136209487915,0.00084194220835343,0.029016240424173324,0.2697153091430664
19,360,2,0.01,98,0.9987559914588928,0.0012125823413953185,0.03482215302641866,0.6359306573867798
19,360,2,0.01,99,0.998788595199585,0.0011807887349277735,0.03436260663756132,0.5818442106246948
19,360,2,0.01,100,0.9987524747848511,0.0012160047190263867,0.0348712592119411,0.701326310634613
20,360,2,0.01,1,0.9902341961860657,0.009519116953015327,0.09756596206165,3.1534550189971924
20,360,2,0.01,2,0.9943553805351257,0.005502009764313698,0.0741755334616051,1.2849940061569214
20,360,2,0.01,3,0.995788037776947,0.004105585161596537,0.06407484031659023,0.4662812650203705
20,360,2,0.01,4,0.996755063533783,0.003162986831739545,0.056240437691571575,1.391440987586975
20,360,2,0.01,5,0.9959486126899719,0.00394906010478735,0.06284154760019321,1.4136384725570679
20,360,2,0.01,6,0.9961444139480591,0.00375817040912807,0.06130391838315125,0.5536397695541382
20,360,2,0.01,7,0.996254026889801,0.0036513637751340866,0.06042651549720608,2.319535732269287
20,360,2,0.01,8,0.9967482089996338,0.003169664880260825,0.05629977691128825,1.3530932664871216
20,360,2,0.01,9,0.9973584413528442,0.002574802376329899,0.05074251054421627,0.5689669251441956
20,360,2,0.01,10,0.9983589053153992,0.0015996339498087764,0.039995424110875186,0.6403756737709045
20,360,2,0.01,11,0.9969045519828796,0.0030172572005540133,0.05492956581435915,1.120487928390503
20,360,2,0.01,12,0.9971913695335388,0.0027376809157431126,0.052322852710293924,0.5733866095542908
20,360,2,0.01,13,0.9960822463035583,0.0038188158068805933,0.06179656792153261,1.2884290218353271
20,360,2,0.01,14,0.9956899881362915,0.004201130475848913,0.06481612820779187,0.9584512710571289
20,360,2,0.01,15,0.9974538087844849,0.0024818796664476395,0.0498184671226207,1.0978732109069824
20,360,2,0.01,16,0.9926192164421082,0.007194331847131252,0.08481940725524585,1.9566854238510132
20,360,2,0.01,17,0.9978455901145935,0.0021000010892748833,0.045825768834520206,0.680191695690155
20,360,2,0.01,18,0.9981809854507446,0.0017730924300849438,0.04210810409036417,0.36226707696914673
20,360,2,0.01,19,0.9976551532745361,0.002285601571202278,0.04780796556226042,0.7083004117012024
20,360,2,0.01,20,0.996637225151062,0.003277819138020277,0.05725224133621563,0.535502016544342
20,360,2,0.01,21,0.9958059787750244,0.0040880595333874226,0.06393793501034752,1.4021154642105103
20,360,2,0.01,22,0.998259961605072,0.0016960576176643372,0.041183220098291694,0.4625808596611023
20,360,2,0.01,23,0.9980231523513794,0.001926883589476347,0.04389628218284946,0.3298139274120331
20,360,2,0.01,24,0.9981120228767395,0.0018402767600491643,0.04289844705871256,1.3086026906967163
20,360,2,0.01,25,0.99754399061203,0.0023939923848956823,0.048928441472171194,0.6476125717163086
20,360,2,0.01,26,0.9954437017440796,0.0044412314891815186,0.06664256514556983,0.8410753607749939
20,360,2,0.01,27,0.9983683824539185,0.0015904133906587958,0.03987998734526875,1.0058000087738037
20,360,2,0.01,28,0.9959572553634644,0.00394061766564846,0.06277433922908676,1.1721124649047852
20,360,2,0.01,29,0.9906448125839233,0.009118891321122646,0.09549288623307313,1.7486612796783447
20,360,2,0.01,30,0.9851809740066528,0.014444688335061073,0.1201860571574801,1.1054526567459106
20,360,2,0.01,31,0.994377076625824,0.005480867810547352,0.07403288330564568,0.4004477858543396
20,360,2,0.01,32,0.9982660412788391,0.0016901365015655756,0.041111269763479404,0.48323115706443787
20,360,2,0.01,33,0.997145414352417,0.00278247008100152,0.05274912398326175,0.5812911987304688
20,360,2,0.01,34,0.9981016516685486,0.0018503773026168346,0.0430160121654348,0.68230140209198
20,360,2,0.01,35,0.9984703660011292,0.0014910009922459722,0.03861348200105725,0.4415092170238495
20,360,2,0.01,36,0.9973564147949219,0.0025767795741558075,0.05076198946215374,0.6898959279060364
20,360,2,0.01,37,0.992387592792511,0.0074201119132339954,0.08614007147218997,1.952359914779663
20,360,2,0.01,38,0.9987302422523499,0.001237710122950375,0.035181104629479376,0.499295711517334
20,360,2,0.01,39,0.997314453125,0.0026177128311246634,0.051163588919510554,0.40367069840431213
20,360,2,0.01,40,0.9906721115112305,0.009092270396649837,0.09535339740486354,0.718295156955719
20,360,2,0.01,41,0.9982692003250122,0.001687100506387651,0.041074329043669734,0.3297650218009949
20,360,2,0.01,42,0.998000979423523,0.0019485424272716045,0.04414229748519672,0.6128990054130554
20,360,2,0.01,43,0.9989607334136963,0.00101303996052593,0.03182828868358979,0.319054514169693
20,360,2,0.01,44,0.9973389506340027,0.0025938425678759813,0.050929780756213565,0.566482663154602
20,360,2,0.01,45,0.9978659749031067,0.0020801182836294174,0.045608313755601815,1.033122181892395
20,360,2,0.01,46,0.998487114906311,0.0014746668748557568,0.038401391574469756,0.41870689392089844
20,360,2,0.01,47,0.99677973985672,0.0031389305368065834,0.05602615939725463,0.4557409882545471
20,360,2,0.01,48,0.9938204884529114,0.006023431662470102,0.07761077027365533,1.0529752969741821
20,360,2,0.01,49,0.9928067922592163,0.0070115006528794765,0.08373470399350245,0.7403146028518677
20,360,2,0.01,50,0.9970847964286804,0.0028415743727236986,0.05330641962018926,0.5268033742904663
20,360,2,0.01,51,0.9991404414176941,0.0008378515485674143,0.028945665453870884,0.5417526364326477
20,360,2,0.01,52,0.9989345073699951,0.0010385863715782762,0.032227106162022616,0.7714821696281433
20,360,2,0.01,53,0.9872879981994629,0.01239086501300335,0.1113142623970682,0.39587801694869995
20,360,2,0.01,54,0.9978347420692444,0.00211054808460176,0.045940701829660376,0.5096108913421631
20,360,2,0.01,55,0.9988935589790344,0.0010784839978441596,0.0328402801121452,0.2560872733592987
20,360,2,0.01,56,0.9961416721343994,0.0037608593702316284,0.061325845858264595,0.6249334216117859
20,360,2,0.01,57,0.9988874197006226,0.0010844870703294873,0.032931551289447136,0.3415142893791199
20,360,2,0.01,58,0.9980456233024597,0.0019050067057833076,0.043646382505120714,0.709403395652771
20,360,2,0.01,59,0.9988374710083008,0.0011331901187077165,0.033662889339860835,0.507866382598877
20,360,2,0.01,60,0.9980320930480957,0.0019181674579158425,0.04379688867848768,0.7862234115600586
20,360,2,0.01,61,0.9971839189529419,0.002744942670688033,0.052392200475719984,0.6023090481758118
20,360,2,0.01,62,0.9922856688499451,0.007519490085542202,0.08671499342986888,0.3658408224582672
20,360,2,0.01,63,0.9973592162132263,0.00257408176548779,0.050735409385238926,0.9907357096672058
20,360,2,0.01,64,0.9968732595443726,0.003047727746888995,0.05520622923990549,0.4478020668029785
20,360,2,0.01,65,0.9987866878509521,0.0011826376430690289,0.034389499023234245,0.502420961856842
20,360,2,0.01,66,0.9985485076904297,0.00141483498737216,0.03761429232847748,0.3157901465892792
20,360,2,0.01,67,0.9990822076797485,0.0008946077432483435,0.029909994036247205,0.31852373480796814
20,360,2,0.01,68,0.9977949261665344,0.002149381907656789,0.046361426937237264,0.31899145245552063
20,360,2,0.01,69,0.9987214803695679,0.0012462417362257838,0.03530214917290141,0.42317596077919006
20,360,2,0.01,70,0.997928261756897,0.00201940955594182,0.044937841024484254,0.5926880240440369
20,360,2,0.01,71,0.9987568855285645,0.0012117410078644753,0.03481007049496561,0.5599396228790283
20,360,2,0.01,72,0.9974018931388855,0.002532458398491144,0.050323537221574004,0.7431341409683228
20,360,2,0.01,73,0.997418999671936,0.002515817992389202,0.05015793050345281,1.0123623609542847
20,360,2,0.01,74,0.9981522560119629,0.001801042351871729,0.042438689327920213,0.44685789942741394
20,360,2,0.01,75,0.9963498115539551,0.003557979827746749,0.05964880407641673,0.6103665232658386
20,360,2,0.01,76,0.9968553781509399,0.003065197728574276,0.05536422787842594,0.48940569162368774
20,360,2,0.01,77,0.9977757930755615,0.002168034203350544,0.046562154195768736,1.0273494720458984
20,360,2,0.01,78,0.9981292486190796,0.0018235176103189588,0.04270266514304416,1.3191335201263428
20,360,2,0.01,79,0.9980996251106262,0.0018523980397731066,0.04303949395349702,0.7959913611412048
20,360,2,0.01,80,0.9986892342567444,0.0012776604853570461,0.035744376975365595,1.6703388690948486
20,360,2,0.01,81,0.997292160987854,0.002639434300363064,0.051375425062602294,0.840074896812439
20,360,2,0.01,82,0.9955079555511475,0.004378551617264748,0.06617062503305185,1.0347418785095215
20,360,2,0.01,83,0.9955551624298096,0.004332546144723892,0.06582207946216749,0.31152957677841187
20,360,2,0.01,84,0.9865686893463135,0.013092045672237873,0.11442047750397598,0.6143893003463745
20,360,2,0.01,85,0.9985027313232422,0.001459443592466414,0.038202664729916604,0.4693606495857239
20,360,2,0.01,86,0.998924195766449,0.0010486101964488626,0.032382251256650806,0.3547947108745575
20,360,2,0.01,87,0.9988181591033936,0.0011519991094246507,0.033941112377537816,0.33346766233444214
20,360,2,0.01,88,0.9987316727638245,0.0012363053392618895,0.03516113393026296,0.5576721429824829
20,360,2,0.01,89,0.9990406036376953,0.0009351725457236171,0.03058059099696435,0.48149681091308594
20,360,2,0.01,90,0.9984678030014038,0.001493477844633162,0.03864554107051889,0.32618358731269836
20,360,2,0.01,91,0.9973962903022766,0.0025379396975040436,0.05037796837412207,0.7911365628242493
20,360,2,0.01,92,0.9987624287605286,0.001206316752359271,0.03473207094832197,0.5928424596786499
20,360,2,0.01,93,0.9990910887718201,0.0008859369554556906,0.029764693101990664,0.24772007763385773
20,360,2,0.01,94,0.9992378354072571,0.0007429348188452423,0.027256830682330663,0.7794597148895264
20,360,2,0.01,95,0.9991198182106018,0.0008579644490964711,0.029291030181549965,0.9826587438583374
20,360,2,0.01,96,0.994382381439209,0.005475723650306463,0.07399813274878268,1.8109766244888306
20,360,2,0.01,97,0.9989762902259827,0.0009978252928704023,0.03158837274806036,0.605160117149353
20,360,2,0.01,98,0.9990034103393555,0.0009714078041724861,0.03116741574421091,0.43787670135498047
20,360,2,0.01,99,0.9981091618537903,0.0018430986674502492,0.042931325013913196,0.584987223148346
20,360,2,0.01,100,0.99929279088974,0.0006893164245411754,0.02625483621242333,0.8511995077133179
21,360,2,0.01,1,0.9929826855659485,0.006840039044618607,0.08270452856173359,2.9407689571380615
21,360,2,0.01,2,0.9958031177520752,0.0040908572264015675,0.0639598094618923,2.1606743335723877
21,360,2,0.01,3,0.9957023859024048,0.0041890391148626804,0.06472278667411255,2.3993115425109863
21,360,2,0.01,4,0.9868131279945374,0.012853735126554966,0.11337431422749585,1.2121729850769043
21,360,2,0.01,5,0.9917599558830261,0.008031882345676422,0.08962076961104731,2.739342451095581
21,360,2,0.01,6,0.9967140555381775,0.0032029254361987114,0.05659439403508718,1.545623779296875
21,360,2,0.01,7,0.9945064187049866,0.005354822147637606,0.07317665028981311,0.6168410778045654
21,360,2,0.01,8,0.9979147911071777,0.002032563090324402,0.045083956019014146,0.6271718740463257
21,360,2,0.01,9,0.9953248500823975,0.004557047970592976,0.06750591063449908,2.1130998134613037
21,360,2,0.01,10,0.9918339252471924,0.007959789596498013,0.08921765294210565,2.775355577468872
21,360,2,0.01,11,0.9977315068244934,0.002211182378232479,0.04702321105828992,1.1025111675262451
21,360,2,0.01,12,0.9973201155662537,0.00261218030937016,0.051109493339008556,1.4660239219665527
21,360,2,0.01,13,0.9961355328559875,0.0037668251898139715,0.06137446692081302,1.4925378561019897
21,360,2,0.01,14,0.997582733631134,0.0023562065325677395,0.048540771857972544,0.7022801041603088
21,360,2,0.01,15,0.9981390833854675,0.0018139187013730407,0.0425901244582948,1.2255537509918213
21,360,2,0.01,16,0.9981953501701355,0.0017590532079339027,0.04194106827363727,1.0606623888015747
21,360,2,0.01,17,0.997887372970581,0.002059265272691846,0.045379128161433926,1.0973354578018188
21,360,2,0.01,18,0.9976255893707275,0.0023144155275076628,0.04810837273809688,0.7935765385627747
21,360,2,0.01,19,0.9963206052780151,0.003586458507925272,0.05988704791459729,0.6332979202270508
21,360,2,0.01,20,0.9935828447341919,0.006255035754293203,0.07908878399806893,0.9745525121688843
21,360,2,0.01,21,0.9975100159645081,0.002427103230729699,0.04926563945316958,1.9330066442489624
21,360,2,0.01,22,0.982025146484375,0.017520779743790627,0.13236608230128527,1.9698022603988647
21,360,2,0.01,23,0.9981546998023987,0.0017986943712458014,0.04241101709751608,1.2475446462631226
21,360,2,0.01,24,0.9975515604019165,0.002386578591540456,0.04885262113275454,1.1241798400878906
21,360,2,0.01,25,0.9958797693252563,0.004016130696982145,0.0633729492526752,0.6344881653785706
21,360,2,0.01,26,0.9978304505348206,0.0021147364750504494,0.045986263982307256,0.4569384455680847
21,360,2,0.01,27,0.9979252815246582,0.0020223259925842285,0.044970278991620996,0.5927973985671997
21,360,2,0.01,28,0.9983117580413818,0.0016456081066280603,0.0405660955309734,0.8569851517677307
21,360,2,0.01,29,0.997373640537262,0.0025600281078368425,0.05059672032688327,0.4083549976348877
21,360,2,0.01,30,0.9985273480415344,0.0014354541199281812,0.03788738734629483,0.583916962146759
21,360,2,0.01,31,0.9878339767456055,0.011858711950480938,0.10889771324725299,1.6562739610671997
21,360,2,0.01,32,0.997478723526001,0.002457589842379093,0.04957408438265999,0.4482986629009247
21,360,2,0.01,33,0.9939243197441101,0.005922215990722179,0.07695593538332296,1.0510280132293701
21,360,2,0.01,34,0.9953203201293945,0.004561448469758034,0.06753849620592714,1.8938814401626587
21,360,2,0.01,35,0.9986234307289124,0.0013417925219982862,0.03663048623753562,0.4610968828201294
21,360,2,0.01,36,0.9970323443412781,0.0028927167877554893,0.05378398263196478,2.4308998584747314
21,360,2,0.01,37,0.998007595539093,0.0019420463358983397,0.04406865480019035,0.6089150309562683
21,360,2,0.01,38,0.9945704936981201,0.00529233505949378,0.07274843681821473,0.483064204454422
21,360,2,0.01,39,0.9940339922904968,0.005815296899527311,0.07625809399353822,2.703341007232666
21,360,2,0.01,40,0.998730480670929,0.0012374466750770807,0.035177360263059544,0.9258232116699219
21,360,2,0.01,41,0.9979379177093506,0.0020100101828575134,0.04483313710702736,0.7495229244232178
21,360,2,0.01,42,0.9988713264465332,0.0011001450475305319,0.0331684345052722,0.6908277273178101
21,360,2,0.01,43,0.9977232217788696,0.002219280693680048,0.04710924212593584,1.1670823097229004
21,360,2,0.01,44,0.9883299469947815,0.011375281028449535,0.10665496251206287,1.0414762496948242
21,360,2,0.01,45,0.9987139701843262,0.0012535351561382413,0.03540529841899714,0.2439829260110855
21,360,2,0.01,46,0.9921335577964783,0.0076677449978888035,0.08756566106578996,1.728206992149353
21,360,2,0.01,47,0.9982492327690125,0.0017065700376406312,0.04131065283483948,0.673236072063446
21,360,2,0.01,48,0.9979895949363708,0.0019596037454903126,0.04426741177763065,1.0594050884246826
21,360,2,0.01,49,0.9970400333404541,0.002885199384763837,0.05371405202331916,0.9628516435623169
21,360,2,0.01,50,0.9987232089042664,0.0012445640750229359,0.03527837971085032,0.8511624932289124
21,360,2,0.01,51,0.9976204633712769,0.0023194318637251854,0.048160480310366356,0.8749836683273315
21,360,2,0.01,52,0.9901834726333618,0.009568563662469387,0.09781903527672611,0.8739961981773376
21,360,2,0.01,53,0.9957606196403503,0.004132274072617292,0.06428276652896399,1.3346736431121826
21,360,2,0.01,54,0.9981445670127869,0.0018085894407704473,0.04252751392652111,0.509465217590332
21,360,2,0.01,55,0.9964966177940369,0.0034148800186812878,0.058436974756409896,0.6720580458641052
21,360,2,0.01,56,0.9972001314163208,0.0027291597798466682,0.05224136081541778,1.3804347515106201
21,360,2,0.01,57,0.9973808526992798,0.0025529784616082907,0.05052700724967085,1.0020372867584229
21,360,2,0.01,58,0.997346818447113,0.00258618057705462,0.05085450399969131,0.7002899050712585
21,360,2,0.01,59,0.9986497759819031,0.0013161342358216643,0.03627856441235877,0.6793516278266907
21,360,2,0.01,60,0.9896529316902161,0.010085699148476124,0.10042758161220514,0.7711567282676697
21,360,2,0.01,61,0.996664822101593,0.003250922542065382,0.05701686191001204,0.5346079468727112
21,360,2,0.01,62,0.9916867017745972,0.00810327660292387,0.09001820150904966,0.6832643151283264
21,360,2,0.01,63,0.9982884526252747,0.001668322365731001,0.04084510210210033,1.0302764177322388
21,360,2,0.01,64,0.9983809590339661,0.0015781372785568237,0.039725775996911926,0.5279459357261658
21,360,2,0.01,65,0.9985246062278748,0.001438118051737547,0.03792252696930344,0.5389502644538879
21,360,2,0.01,66,0.9984913468360901,0.0014705696376040578,0.03834800695739034,0.5821292400360107
21,360,2,0.01,67,0.9988603591918945,0.0011108474573120475,0.033329378291712064,0.494180291891098
21,360,2,0.01,68,0.9986491799354553,0.0013167044380679727,0.036286422227438914,0.4717843532562256
21,360,2,0.01,69,0.9941479563713074,0.005704202223569155,0.07552616913076655,2.2286570072174072
21,360,2,0.01,70,0.996852457523346,0.0030680231284350157,0.05538973847595794,1.2619636058807373
21,360,2,0.01,71,0.9984062314033508,0.0015535368584096432,0.0394149319219207,0.4287864565849304
21,360,2,0.01,72,0.9986947774887085,0.0012722646351903677,0.03566881880845464,0.6557648181915283
21,360,2,0.01,73,0.9980649352073669,0.0018861588323488832,0.04342993014441634,0.7603476047515869
21,360,2,0.01,74,0.9989916682243347,0.0009828392649069428,0.03135026738174561,0.5967522859573364
21,360,2,0.01,75,0.9972608685493469,0.002669967245310545,0.05167172578219684,1.6635727882385254
21,360,2,0.01,76,0.9602833390235901,0.03871336951851845,0.19675713333579153,1.1075690984725952
21,360,2,0.01,77,0.9981073141098022,0.0018448753980919719,0.042952012736214955,0.464446485042572
21,360,2,0.01,78,0.9983614087104797,0.0015972270630300045,0.03996532325691867,0.9028425216674805
21,360,2,0.01,79,0.9984633326530457,0.0014978771796450019,0.038702418266111,0.7901363372802734
21,360,2,0.01,80,0.998420238494873,0.001539883203804493,0.03924134559115542,0.5094367861747742
21,360,2,0.01,81,0.9987338185310364,0.001234211027622223,0.03513133967872878,0.5242450833320618
21,360,2,0.01,82,0.9987744688987732,0.0011945939622819424,0.034562898638307846,0.870146632194519
21,360,2,0.01,83,0.998509407043457,0.0014529111795127392,0.038117072021769186,0.48776954412460327
21,360,2,0.01,84,0.9987112879753113,0.001256168237887323,0.03544246376717232,0.9205344319343567
21,360,2,0.01,85,0.9988816380500793,0.00109008327126503,0.033016409121299516,0.5157861113548279
21,360,2,0.01,86,0.996327817440033,0.0035794018767774105,0.05982810273422859,0.5323906540870667
21,360,2,0.01,87,0.9986345171928406,0.0013310076901689172,0.036482978087992175,0.8863557577133179
21,360,2,0.01,88,0.9986339211463928,0.0013315576361492276,0.03649051433111388,0.5607365965843201
21,360,2,0.01,89,0.9985333681106567,0.00142956362105906,0.03780957049556448,0.6144974827766418
21,360,2,0.01,90,0.997822642326355,0.0021223784424364567,0.046069278727113326,0.5363553166389465
21,360,2,0.01,91,0.9989690184593201,0.0010049492120742798,0.03170093393063176,0.6645258069038391
21,360,2,0.01,92,0.9987450838088989,0.0012232299195602536,0.03497470399532001,0.6554697751998901
21,360,2,0.01,93,0.9973527193069458,0.0025804031174629927,0.050797668425460164,0.7347171902656555
21,360,2,0.01,94,0.9982697367668152,0.001686565694399178,0.04106781823276199,0.5242184400558472
21,360,2,0.01,95,0.9988425374031067,0.0011282338527962565,0.03358919249991367,0.5377939939498901
21,360,2,0.01,96,0.9970768690109253,0.0028492924757301807,0.05337876427691241,0.4451698064804077
21,360,2,0.01,97,0.9990103840827942,0.0009646327816881239,0.031058537983751328,0.4265441298484802
21,360,2,0.01,98,0.9983269572257996,0.0016307615442201495,0.0403826886700248,0.73079913854599
21,360,2,0.01,99,0.9988861680030823,0.001085714204236865,0.03295017760554357,0.8827048540115356
21,360,2,0.01,100,0.998375415802002,0.0015835287049412727,0.03979357617683126,0.4253024756908417
22,360,2,0.01,1,0.993581235408783,0.006256595253944397,0.07909864255437256,0.8549025058746338
22,360,2,0.01,2,0.9957271814346313,0.004164878278970718,0.06453586815849553,1.3101322650909424
22,360,2,0.01,3,0.9964035749435425,0.0035055552143603563,0.05920772934643209,1.0265920162200928
22,360,2,0.01,4,0.9962901473045349,0.0036161616444587708,0.060134529552153065,1.093165636062622
22,360,2,0.01,5,0.9968066215515137,0.003112731734290719,0.055791860824771916,1.9378288984298706
22,360,2,0.01,6,0.9972766041755676,0.002654595300555229,0.05152276487685059,0.582127571105957
22,360,2,0.01,7,0.9965317845344543,0.0033806082792580128,0.05814299854030589,0.6557386517524719
22,360,2,0.01,8,0.9969786405563354,0.0029450112488120794,0.05426795784633948,1.515099048614502
22,360,2,0.01,9,0.9958043694496155,0.0040896194986999035,0.06395013290603783,0.5833426713943481
22,360,2,0.01,10,0.9941868782043457,0.005666306708008051,0.0752748743473415,2.038551092147827
22,360,2,0.01,11,0.9974411129951477,0.0024942720774561167,0.049942687927825,1.096044898033142
22,360,2,0.01,12,0.9971121549606323,0.0028149192221462727,0.05305581233141448,1.6985023021697998
22,360,2,0.01,13,0.9981930255889893,0.001761314575560391,0.041968018485036805,0.5175036787986755
22,360,2,0.01,14,0.9957671165466309,0.004125951323658228,0.06423356851100698,1.3358368873596191
22,360,2,0.01,15,0.9829983115196228,0.016572220250964165,0.1287331357924764,0.7455183863639832
22,360,2,0.01,16,0.9941378235816956,0.00571406539529562,0.07559143731465635,1.3897558450698853
22,360,2,0.01,17,0.998509407043457,0.001452948898077011,0.038117566791139895,0.4314306974411011
22,360,2,0.01,18,0.9966201186180115,0.0032945014536380768,0.05739774780980589,0.5617078542709351
22,360,2,0.01,19,0.9979691505432129,0.0019795424304902554,0.04449204907048287,0.977057695388794
22,360,2,0.01,20,0.9965937733650208,0.0033202057238668203,0.057621226330813374,0.8033852577209473
22,360,2,0.01,21,0.9981110095977783,0.0018412853823974729,0.0429102013791298,0.6067509651184082
22,360,2,0.01,22,0.9986814260482788,0.0012852895306423306,0.03585093486427279,0.41043952107429504
22,360,2,0.01,23,0.9982693791389465,0.0016868860693648458,0.04107171860739268,1.0693233013153076
22,360,2,0.01,24,0.9986009001731873,0.0013637854717671871,0.036929466172247696,0.604438304901123
22,360,2,0.01,25,0.9976027011871338,0.002336754696443677,0.0483399906541538,0.5107502341270447
22,360,2,0.01,26,0.9973990321159363,0.002535263542085886,0.0503514005970627,0.9848328828811646
22,360,2,0.01,27,0.9936728477478027,0.006167329382151365,0.07853234608841993,1.1753287315368652
22,360,2,0.01,28,0.9985089302062988,0.0014534230576828122,0.03812378598306852,0.4442916512489319
22,360,2,0.01,29,0.9981423020362854,0.0018107922514900565,0.042553404699154876,0.8974985480308533
22,360,2,0.01,30,0.991845428943634,0.00794859230518341,0.08915487819061507,2.7389111518859863
22,360,2,0.01,31,0.9985114336013794,0.0014509429456666112,0.03809124500021772,0.5903306603431702
22,360,2,0.01,32,0.9950830936431885,0.004792730323970318,0.06922954805551108,0.6980714797973633
22,360,2,0.01,33,0.9986048340797424,0.0013599023222923279,0.036876853476026504,1.2107220888137817
22,360,2,0.01,34,0.9979240298271179,0.0020235043484717607,0.04498337858000175,1.12730872631073
22,360,2,0.01,35,0.9984934329986572,0.0014684972120448947,0.038320976136378554,0.9351715445518494
22,360,2,0.01,36,0.9915114045143127,0.00827415194362402,0.09096236553445616,1.623497486114502
22,360,2,0.01,37,0.9984554052352905,0.0015055825933814049,0.03880183750006441,0.34881916642189026
22,360,2,0.01,38,0.9967644810676575,0.00315378257073462,0.05615854850986286,1.246354341506958
22,360,2,0.01,39,0.9982317090034485,0.0017236354760825634,0.041516689127175876,0.4482903480529785
22,360,2,0.01,40,0.9976683259010315,0.0022727823816239834,0.047673707445760743,1.0862462520599365
22,360,2,0.01,41,0.9956086277961731,0.004280468448996544,0.06542528906314854,1.5358439683914185
22,360,2,0.01,42,0.9988946914672852,0.0010774090187624097,0.03282390925472482,0.9639237523078918
22,360,2,0.01,43,0.998656153678894,0.0013098884373903275,0.0361923809301119,0.43053117394447327
22,360,2,0.01,44,0.9975835680961609,0.002355399774387479,0.048532461037819614,0.6476916670799255
22,360,2,0.01,45,0.9972139000892639,0.0027156921569257975,0.05211230331625918,1.037380337715149
22,360,2,0.01,46,0.9914488792419434,0.00833510234951973,0.09129678170406517,0.37409383058547974
22,360,2,0.01,47,0.998975932598114,0.0009981710463762283,0.031593845071093016,0.4296569228172302
22,360,2,0.01,48,0.9985710382461548,0.0013928408734500408,0.03732078339812873,0.40380704402923584
22,360,2,0.01,49,0.9960439205169678,0.0038561250548809767,0.06209770571350424,1.0504671335220337
22,360,2,0.01,50,0.997980535030365,0.00196844688616693,0.044367182535821795,0.39472731947898865
22,360,2,0.01,51,0.9982821941375732,0.0016743986634537578,0.04091941670471071,1.4626169204711914
22,360,2,0.01,52,0.9981713891029358,0.0017823991365730762,0.04221846914056781,0.6231834292411804
22,360,2,0.01,53,0.9962372779846191,0.0036676758900284767,0.060561339896244674,1.025076150894165
22,360,2,0.01,54,0.9964063167572021,0.0035029167775064707,0.059185443966455725,0.7638909220695496
22,360,2,0.01,55,0.9985975027084351,0.0013670707121491432,0.036973919350660446,1.0526394844055176
22,360,2,0.01,56,0.9988577961921692,0.0011133664520457387,0.033367146297604455,0.3919605016708374
22,360,2,0.01,57,0.9967067241668701,0.003210093593224883,0.05665768785632611,0.7159066796302795
22,360,2,0.01,58,0.9972120523452759,0.002717495895922184,0.052129606711754345,0.6834245920181274
22,360,2,0.01,59,0.9983823299407959,0.001576834823936224,0.03970937954609999,0.8537335395812988
22,360,2,0.01,60,0.9987974762916565,0.0011721517657861114,0.0342367020284681,0.8132972121238708
22,360,2,0.01,61,0.9964005947113037,0.0035084588453173637,0.05923224497954947,0.49713990092277527
22,360,2,0.01,62,0.9986521005630493,0.0013138259528204799,0.03624673713343699,1.1452440023422241
22,360,2,0.01,63,0.9962162375450134,0.00368817918933928,0.06073038110648805,1.0560500621795654
22,360,2,0.01,64,0.9879429936408997,0.011752410791814327,0.10840853652648544,1.4772834777832031
22,360,2,0.01,65,0.9976838827133179,0.002257611369714141,0.04751432804653919,0.4265994429588318
22,360,2,0.01,66,0.9986429214477539,0.0013227781746536493,0.036370017523416856,1.3109395503997803
22,360,2,0.01,67,0.8586074709892273,0.13782083988189697,0.37124229269022807,2.957064390182495
22,360,2,0.01,68,0.9974283576011658,0.0025066849775612354,0.05006680514633658,0.7960928082466125
22,360,2,0.01,69,0.996620774269104,0.0032938567455857992,0.05739213139086054,0.46263572573661804
22,360,2,0.01,70,0.9982517957687378,0.001704030204564333,0.04127990073346026,0.42203977704048157
22,360,2,0.01,71,0.9979557991027832,0.0019925835076719522,0.04463836363120799,0.4220361113548279
22,360,2,0.01,72,0.9986819624900818,0.001284760539419949,0.03584355645607658,0.38536134362220764
22,360,2,0.01,73,0.9983784556388855,0.0015805638395249844,0.03975630565740464,0.3873807191848755
22,360,2,0.01,74,0.9985805153846741,0.001383607741445303,0.03719687811423565,0.6131038069725037
22,360,2,0.01,75,0.9976369142532349,0.0023033875040709972,0.04799361940999029,0.5930701494216919
22,360,2,0.01,76,0.9988491535186768,0.001121766516007483,0.03349278304362722,0.35930782556533813
22,360,2,0.01,77,0.9986868500709534,0.0012799736578017473,0.03577671949469022,0.2763339877128601
22,360,2,0.01,78,0.9987439513206482,0.0012243203818798065,0.03499028982274663,0.28858518600463867
22,360,2,0.01,79,0.99802166223526,0.0019283824367448688,0.04391335146336327,0.310172438621521
22,360,2,0.01,80,0.9979982972145081,0.0019511447753757238,0.04417176445848325,1.271918535232544
22,360,2,0.01,81,0.998809278011322,0.0011606189655140042,0.034067858246652434,0.4424974322319031
22,360,2,0.01,82,0.9979363083839417,0.002011575037613511,0.04485058569978224,0.4428626596927643
22,360,2,0.01,83,0.9990794062614441,0.0008973248768597841,0.029955381434055954,0.5879980325698853
22,360,2,0.01,84,0.9986364841461182,0.001329100807197392,0.03645683484886465,0.3918217718601227
22,360,2,0.01,85,0.9989479184150696,0.001025512581691146,0.032023625367705415,0.2860759198665619
22,360,2,0.01,86,0.9983556866645813,0.001602768199518323,0.040034587540254775,1.1041027307510376
22,360,2,0.01,87,0.9988703727722168,0.001101100817322731,0.03318283919924169,0.3344336748123169
22,360,2,0.01,88,0.9988964200019836,0.0010757152922451496,0.03279809891205814,0.4255741238594055
22,360,2,0.01,89,0.9987674951553345,0.0012013824889436364,0.03466096491651143,0.9186161756515503
22,360,2,0.01,90,0.9975422620773315,0.0023956613149493933,0.04894549330581308,0.9551215767860413
22,360,2,0.01,91,0.9961445927619934,0.003758004866540432,0.061302568188783345,0.5188868045806885
22,360,2,0.01,92,0.9938713908195496,0.0059737847186625,0.07729026276745668,1.336561679840088
22,360,2,0.01,93,0.9987720847129822,0.0011968970065936446,0.034596199308502724,0.6640275120735168
22,360,2,0.01,94,0.9986715912818909,0.0012948736548423767,0.035984352916821734,0.6347739696502686
22,360,2,0.01,95,0.9990898966789246,0.0008871139143593609,0.029784457597199263,0.5998923778533936
22,360,2,0.01,96,0.9970660209655762,0.002859854605048895,0.05347760844548768,0.43336743116378784
22,360,2,0.01,97,0.9986504316329956,0.0013154903426766396,0.03626968903473863,0.6564675569534302
22,360,2,0.01,98,0.9991443157196045,0.0008340799831785262,0.02888044291866948,0.7127442955970764
22,360,2,0.01,99,0.9986343383789062,0.0013311459915712476,0.036484873462453556,0.2787539064884186
22,360,2,0.01,100,0.9969326853752136,0.002989851636812091,0.054679535813795005,0.8394719362258911
23,360,2,0.01,1,0.9930905103683472,0.0067349569872021675,0.08206678370206894,1.6394306421279907
23,360,2,0.01,2,0.995269775390625,0.004610728472471237,0.06790234511761165,0.5654540061950684
23,360,2,0.01,3,0.9961652755737305,0.0037378817796707153,0.061138218649799694,1.1994714736938477
23,360,2,0.01,4,0.9928197264671326,0.006998909171670675,0.08365948345328625,2.3231289386749268
23,360,2,0.01,5,0.9958934783935547,0.004002774599939585,0.06326748453937128,0.6304149031639099
23,360,2,0.01,6,0.9978503584861755,0.0020953521598130465,0.04577501676474894,0.8303963541984558
23,360,2,0.01,7,0.9946456551551819,0.005219073500484228,0.07224315538848111,0.5511520504951477
23,360,2,0.01,8,0.9922911524772644,0.0075141373090445995,0.08668412374272812,0.9544271230697632
23,360,2,0.01,9,0.9963809251785278,0.0035276382695883512,0.059393924517482016,1.57164466381073
23,360,2,0.01,10,0.9972898364067078,0.002641711849719286,0.051397586030078164,0.8394313454627991
23,360,2,0.01,11,0.9983109831809998,0.00164634152315557,0.040575134296211145,0.6312642693519592
23,360,2,0.01,12,0.9971622824668884,0.002766028046607971,0.05259304180790431,1.5224661827087402
23,360,2,0.01,13,0.9983175992965698,0.001639930997043848,0.04049606150039591,0.9079205989837646
23,360,2,0.01,14,0.9985413551330566,0.001421825378201902,0.03770709983811937,0.49934443831443787
23,360,2,0.01,15,0.9954472184181213,0.0044377692975103855,0.06661658425279988,0.7744905948638916
23,360,2,0.01,16,0.9931224584579468,0.0067037902772426605,0.08187667724842441,1.8309282064437866
23,360,2,0.01,17,0.9978601336479187,0.0020858091302216053,0.04567065940208884,0.890534520149231
23,360,2,0.01,18,0.9986053705215454,0.0013594083720818162,0.036870155574418396,0.7708002924919128
23,360,2,0.01,19,0.9972585439682007,0.0026722082402557135,0.05169340615838459,2.3046963214874268
23,360,2,0.01,20,0.99778151512146,0.0021624648943543434,0.04650231063457324,1.1762539148330688
23,360,2,0.01,21,0.9983303546905518,0.001627440913580358,0.040341553187505784,0.5801258087158203
23,360,2,0.01,22,0.9978475570678711,0.002098098397254944,0.04580500406347481,1.2940834760665894
23,360,2,0.01,23,0.9987056255340576,0.00126170483417809,0.0355204847120375,0.5555899143218994
23,360,2,0.01,24,0.9974105954170227,0.0025240012910217047,0.05023943959701088,1.3143863677978516
23,360,2,0.01,25,0.9973025918006897,0.002629265422001481,0.05127636319008478,0.7178831696510315
23,360,2,0.01,26,0.9968329668045044,0.003087024437263608,0.05556099744662264,1.4664709568023682
23,360,2,0.01,27,0.9936803579330444,0.006159995216876268,0.07848563701006872,1.5853233337402344
23,360,2,0.01,28,0.9956847429275513,0.0042062485590577126,0.06485559774651463,1.7961649894714355
23,360,2,0.01,29,0.9974682927131653,0.0024677535984665155,0.04967648939354023,0.6369941830635071
23,360,2,0.01,30,0.9927191138267517,0.007096949964761734,0.0842433971582446,0.4352264702320099
23,360,2,0.01,31,0.9987456202507019,0.0012226899852976203,0.03496698421793936,0.6901105642318726
23,360,2,0.01,32,0.998271644115448,0.0016847106162458658,0.04104522647331679,0.49446481466293335
23,360,2,0.01,33,0.9947026371955872,0.005163548048585653,0.07185783220071179,0.8534277081489563
23,360,2,0.01,34,0.997449517250061,0.0024860594421625137,0.04986039953873729,0.6318588256835938
23,360,2,0.01,35,0.9644170999526978,0.03468405827879906,0.1862365653645896,2.985931634902954
23,360,2,0.01,36,0.9976543188095093,0.0022864097263664007,0.04781641691267133,1.8638263940811157
23,360,2,0.01,37,0.997117817401886,0.0028093645814806223,0.053003439336335736,0.7934322357177734
23,360,2,0.01,38,0.9984901547431946,0.0014717052690684795,0.038362811016249575,0.28838682174682617
23,360,2,0.01,39,0.9986001253128052,0.0013644853606820107,0.03693894097943268,0.39698290824890137
23,360,2,0.01,40,0.9981598258018494,0.0017936666263267398,0.04235170157534098,1.0402191877365112
23,360,2,0.01,41,0.9972629547119141,0.0026679139118641615,0.05165185293737449,0.35811302065849304
23,360,2,0.01,42,0.9973843097686768,0.002549610333517194,0.05049366627129777,0.5445058345794678
23,360,2,0.01,43,0.9967526793479919,0.003165297908708453,0.05626098033902763,1.739479422569275
23,360,2,0.01,44,0.9924777746200562,0.007332185748964548,0.08562818314646498,0.7843349575996399
23,360,2,0.01,45,0.9986246824264526,0.001340600778348744,0.036614215522782184,1.0568568706512451
23,360,2,0.01,46,0.9975640773773193,0.002374371513724327,0.04872752316426854,1.472514033317566
23,360,2,0.01,47,0.9983718991279602,0.0015869589988142252,0.039836653961072395,0.7066483497619629
23,360,2,0.01,48,0.9990377426147461,0.0009379648836329579,0.03062621236184713,0.33434122800827026
23,360,2,0.01,49,0.9968481063842773,0.003072280203923583,0.055428153531608675,0.4446946084499359
23,360,2,0.01,50,0.9932419061660767,0.00658738799393177,0.08116272539738775,2.314152956008911
23,360,2,0.01,51,0.9980999827384949,0.0018520061857998371,0.043034941452264545,0.6154748797416687
23,360,2,0.01,52,0.9978943467140198,0.0020524696446955204,0.0453041901450133,0.8848809599876404
23,360,2,0.01,53,0.9989715814590454,0.0010024303337559104,0.031661180233148456,0.5960277318954468
23,360,2,0.01,54,0.9990331530570984,0.0009424182935617864,0.030698832120486057,0.6893828511238098
23,360,2,0.01,55,0.9989416003227234,0.0010316858533769846,0.03211986695764764,0.4706694781780243
23,360,2,0.01,56,0.9910559058189392,0.008718140423297882,0.09337098276926233,0.44175171852111816
23,360,2,0.01,57,0.9942957758903503,0.005560142453759909,0.07456636274996863,0.7554365396499634
23,360,2,0.01,58,0.9991603493690491,0.0008184451144188643,0.028608479764203904,0.9831070899963379
23,360,2,0.01,59,0.9988455176353455,0.0011253246339038014,0.03354585866994317,0.8597602844238281
23,360,2,0.01,60,0.9983100295066833,0.001647273893468082,0.04058662209975206,1.4955378770828247
23,360,2,0.01,61,0.9981916546821594,0.0017626527696847916,0.04198395848041001,0.6761547923088074
23,360,2,0.01,62,0.9972323179244995,0.0026977411471307278,0.05193978385718146,1.393839955329895
23,360,2,0.01,63,0.9974857568740845,0.0024507464841008186,0.04950501473690134,0.4992455840110779
23,360,2,0.01,64,0.999031126499176,0.000944390194490552,0.030730932209917614,0.3121088147163391
23,360,2,0.01,65,0.999074399471283,0.0009022122249007225,0.030036847785690202,0.403456449508667
23,360,2,0.01,66,0.9978673458099365,0.002078777411952615,0.04559361152565801,0.8976495265960693
23,360,2,0.01,67,0.9983333945274353,0.0016244821017608047,0.040304864492525024,0.5504351854324341
23,360,2,0.01,68,0.9988903999328613,0.0010815940331667662,0.03288759695032105,0.7153148651123047
23,360,2,0.01,69,0.9990899562835693,0.0008870713645592332,0.029783743293267103,0.5005762577056885
23,360,2,0.01,70,0.9989960789680481,0.0009785573929548264,0.031281902003472015,1.0372439622879028
23,360,2,0.01,71,0.9980027675628662,0.0019467563834041357,0.04412206232038724,1.244929313659668
23,360,2,0.01,72,0.9923380613327026,0.007468390744179487,0.08641985156304938,1.2312968969345093
23,360,2,0.01,73,0.9985709190368652,0.0013929699780419469,0.03732251301884624,0.49583372473716736
23,360,2,0.01,74,0.9985016584396362,0.0014605069300159812,0.03821657925581489,0.4635850787162781
23,360,2,0.01,75,0.9953013062477112,0.004580021370202303,0.06767585514939803,0.8902935981750488
23,360,2,0.01,76,0.9978741407394409,0.0020721449982374907,0.045520819393300584,0.45330291986465454
23,360,2,0.01,77,0.9992110133171082,0.0007690811762586236,0.027732312854477602,0.6213343143463135
23,360,2,0.01,78,0.9947088360786438,0.005157524719834328,0.07181590854284535,0.5480512380599976
23,360,2,0.01,79,0.9988589286804199,0.0011122555006295443,0.03335049475839218,0.2795257866382599
23,360,2,0.01,80,0.9955210089683533,0.004365876317024231,0.06607477822152891,0.6699573993682861
23,360,2,0.01,81,0.9986538290977478,0.0013121505035087466,0.036223618034491624,0.8364983797073364
23,360,2,0.01,82,0.9969084858894348,0.0030134147964417934,0.05489457893491664,0.6135339140892029
23,360,2,0.01,83,0.9967544078826904,0.003163631772622466,0.05624617118188994,0.5527085065841675
23,360,2,0.01,84,0.9988282918930054,0.001142134191468358,0.03379547590238016,0.2732929289340973
23,360,2,0.01,85,0.9986506700515747,0.0013152708997949958,0.03626666375330099,0.770351767539978
23,360,2,0.01,86,0.9988327622413635,0.0011377738555893302,0.033730903569120854,0.8206657767295837
23,360,2,0.01,87,0.9990941882133484,0.0008829240687191486,0.029714038243213402,0.305329293012619
23,360,2,0.01,88,0.9981256723403931,0.0018270034343004227,0.042743460719745455,0.6050387620925903
23,360,2,0.01,89,0.9989880919456482,0.0009863566374406219,0.031406315247743115,0.3425042927265167
23,360,2,0.01,90,0.9984418153762817,0.001518844859674573,0.03897236020148861,0.36719125509262085
23,360,2,0.01,91,0.9988741278648376,0.0010974491015076637,0.0331277693409572,0.3186974823474884
23,360,2,0.01,92,0.9985344409942627,0.0014285146025940776,0.0377956955564265,0.453487366437912
23,360,2,0.01,93,0.9985415935516357,0.0014215570408850908,0.03770354148995941,0.7271699905395508
23,360,2,0.01,94,0.9988529086112976,0.0011181340087205172,0.033438510862783904,0.6948839426040649
23,360,2,0.01,95,0.9986951351165771,0.0012718845391646028,0.03566349028298552,0.44800180196762085
23,360,2,0.01,96,0.9988947510719299,0.0010773122776299715,0.03282243558345376,0.3222450315952301
23,360,2,0.01,97,0.999340832233429,0.0006425219471566379,0.025348016631615143,0.38779762387275696
23,360,2,0.01,98,0.9942206740379333,0.0056333341635763645,0.07505554052550927,0.754604697227478
23,360,2,0.01,99,0.9916421175003052,0.008146771229803562,0.09025946615066789,0.8438973426818848
23,360,2,0.01,100,0.9988043308258057,0.0011654901318252087,0.03413927550234786,0.6843448877334595
24,360,2,0.01,1,0.9914306998252869,0.008352847769856453,0.09139391538749422,2.0501482486724854
24,360,2,0.01,2,0.9762954115867615,0.02310577966272831,0.15200585404098196,3.779474973678589
24,360,2,0.01,3,0.9957395195960999,0.004152841400355101,0.06444254340383455,0.8394201993942261
24,360,2,0.01,4,0.996208667755127,0.0036955506075173616,0.06079104052010758,0.5081034302711487
24,360,2,0.01,5,0.9832457900047302,0.016331002116203308,0.12779280932902018,2.288332462310791
24,360,2,0.01,6,0.992936909198761,0.0068846773356199265,0.08297395576697501,1.027462124824524
24,360,2,0.01,7,0.9969359636306763,0.002986661624163389,0.05465035795091729,1.8625006675720215
24,360,2,0.01,8,0.9972442388534546,0.002686125924810767,0.05182784893096343,1.9540430307388306
24,360,2,0.01,9,0.9963434934616089,0.0035641330759972334,0.05970036076940602,0.4589548110961914
24,360,2,0.01,10,0.9780724048614502,0.021373704075813293,0.14619748313775205,1.9516911506652832
24,360,2,0.01,11,0.9976927638053894,0.0022489738184958696,0.04742334676607999,0.726060152053833
24,360,2,0.01,12,0.9949464797973633,0.004925883840769529,0.07018464106034546,1.4198919534683228
24,360,2,0.01,13,0.9959501624107361,0.0039475541561841965,0.06282956434819675,0.9258388876914978
24,360,2,0.01,14,0.995529055595398,0.0043580313213169575,0.06601538700422015,0.9167354702949524
24,360,2,0.01,15,0.9913707375526428,0.008411269634962082,0.09171297419101662,2.2075860500335693
24,360,2,0.01,16,0.9959543943405151,0.003943394869565964,0.06279645586787493,1.0158579349517822
24,360,2,0.01,17,0.9979248642921448,0.0020227141212671995,0.044974594175681004,1.2984626293182373
24,360,2,0.01,18,0.9956013560295105,0.0042875586077570915,0.06547945179792736,1.712245225906372
24,360,2,0.01,19,0.9982698559761047,0.0016864665085449815,0.04106661062889146,0.5293450951576233
24,360,2,0.01,20,0.9978470206260681,0.0020986180752515793,0.045810676433027914,0.5698468685150146
24,360,2,0.01,21,0.9981305003166199,0.001822268241085112,0.042688033933236044,0.6547608971595764
24,360,2,0.01,22,0.995760977268219,0.004131947178393602,0.0642802238514584,2.0297961235046387
24,360,2,0.01,23,0.9975862503051758,0.0023527974262833595,0.04850564324162045,1.1389046907424927
24,360,2,0.01,24,0.9985482096672058,0.0014151198556646705,0.037618078840694014,0.8405318260192871
24,360,2,0.01,25,0.9971339702606201,0.002793641295284033,0.0528549079583347,0.7037146091461182
24,360,2,0.01,26,0.995200514793396,0.004678233526647091,0.06839761345724785,0.8061711192131042
24,360,2,0.01,27,0.9974291324615479,0.0025059047620743513,0.05005901279564302,0.768551230430603
24,360,2,0.01,28,0.9975931644439697,0.002346051624044776,0.04843605706542158,0.744074821472168
24,360,2,0.01,29,0.9981350302696228,0.0018178456230089068,0.042636200851024555,0.5013369917869568
24,360,2,0.01,30,0.9980334043502808,0.0019169189035892487,0.04378263244243371,0.506274938583374
24,360,2,0.01,31,0.9894109964370728,0.010321501642465591,0.10159479141405622,2.396527051925659
24,360,2,0.01,32,0.9965990781784058,0.0033150024246424437,0.05757605773793864,1.1367195844650269
24,360,2,0.01,33,0.9963052272796631,0.003601423464715481,0.06001186103359469,0.9691961407661438
24,360,2,0.01,34,0.9980499148368835,0.0019008192466571927,0.04359838582628023,0.42415517568588257
24,360,2,0.01,35,0.9969823956489563,0.0029413558077067137,0.05423426783599751,0.8918617367744446
24,360,2,0.01,36,0.9962776303291321,0.0036283424124121666,0.06023572372282221,0.5446304678916931
24,360,2,0.01,37,0.9902319312095642,0.009521346539258957,0.09757738743817113,0.6701255440711975
24,360,2,0.01,38,0.9978252053260803,0.0021198454778641462,0.04604177969914006,0.713722288608551
24,360,2,0.01,39,0.9980223774909973,0.001927668577991426,0.04390522267329282,1.027098536491394
24,360,2,0.01,40,0.9983687996864319,0.0015900020953267813,0.03987483034856426,0.8577997088432312
24,360,2,0.01,41,0.997062623500824,0.002863171510398388,0.053508611553640485,0.3822985291481018
24,360,2,0.01,42,0.998988926410675,0.0009855550015345216,0.03139355031745409,0.3228166103363037
24,360,2,0.01,43,0.9946385025978088,0.00522605748847127,0.07229147590464086,1.6652839183807373
24,360,2,0.01,44,0.997597873210907,0.002341453218832612,0.04838856495942623,1.0927726030349731
24,360,2,0.01,45,0.9980193376541138,0.0019306344911456108,0.043938986004977525,0.3106004297733307
24,360,2,0.01,46,0.9987671971321106,0.0012016658438369632,0.03466505219723408,0.47969168424606323
24,360,2,0.01,47,0.9975996017456055,0.0023397684562951326,0.04837115314208596,0.90121990442276
24,360,2,0.01,48,0.9989094734191895,0.0010629508178681135,0.03260292652306099,0.5190219879150391
24,360,2,0.01,49,0.9983572363853455,0.0016012886771932244,0.04001610522268783,0.5287579298019409
24,360,2,0.01,50,0.9981740713119507,0.0017798314802348614,0.042188049021433326,0.4696510136127472
24,360,2,0.01,51,0.9982017278671265,0.0017528645694255829,0.041867225480387196,0.7689393162727356
24,360,2,0.01,52,0.9976675510406494,0.002273538149893284,0.0476816332553037,0.7144180536270142
24,360,2,0.01,53,0.9980428218841553,0.001907756202854216,0.043677868570412365,1.2964131832122803
24,360,2,0.01,54,0.9904780387878418,0.009281408041715622,0.09634006457188837,3.301478862762451
24,360,2,0.01,55,0.9974364638328552,0.002498750574886799,0.04998750418741467,0.7447035312652588
24,360,2,0.01,56,0.992868185043335,0.006951643154025078,0.08337651440318837,0.7699636220932007
24,360,2,0.01,57,0.9935011863708496,0.006334628909826279,0.07959038201834616,0.9326170682907104
24,360,2,0.01,58,0.9942723512649536,0.005582975689321756,0.07471931269304982,1.4466692209243774
24,360,2,0.01,59,0.9986647963523865,0.0013014712603762746,0.03607590969575507,0.3918791711330414
24,360,2,0.01,60,0.9984807372093201,0.0014808595879003406,0.03848193846339267,0.8908370137214661
24,360,2,0.01,61,0.9966944456100464,0.003222074592486024,0.056763320837368424,1.558735966682434
24,360,2,0.01,62,0.9986355900764465,0.001329918042756617,0.03646804138909323,0.5005584359169006
24,360,2,0.01,63,0.9984804391860962,0.001481188228353858,0.03848620828756527,1.3094160556793213
24,360,2,0.01,64,0.9983351230621338,0.0016228343592956662,0.04028441831894394,1.7431015968322754
24,360,2,0.01,65,0.9984831213951111,0.0014785563107579947,0.03845200008787572,0.4813573956489563
24,360,2,0.01,66,0.9984831809997559,0.0014785034582018852,0.0384513128280672,0.6558637619018555
24,360,2,0.01,67,0.9988595843315125,0.001111632096581161,0.03334114719953651,0.7583860754966736
24,360,2,0.01,68,0.9963972568511963,0.0035117364022880793,0.05925990552041135,0.6006537079811096
24,360,2,0.01,69,0.9984968304634094,0.0014651828678324819,0.03827770719142517,0.4236799478530884
24,360,2,0.01,70,0.9974052309989929,0.00252924975939095,0.05029164701410116,0.5467512607574463
24,360,2,0.01,71,0.9988153576850891,0.0011547142639756203,0.03398108685689174,1.055178165435791
24,360,2,0.01,72,0.9978942275047302,0.002052582334727049,0.04530543383223528,0.6850140690803528
24,360,2,0.01,73,0.9985817670822144,0.0013824240304529667,0.03718096328032622,0.549213707447052
24,360,2,0.01,74,0.9987054467201233,0.0012618686305359006,0.035522790297721554,1.1673638820648193
24,360,2,0.01,75,0.9977209568023682,0.0022215007338672876,0.047132798918240446,0.449057400226593
24,360,2,0.01,76,0.9989920258522034,0.0009825299493968487,0.03134533377389446,1.1085426807403564
24,360,2,0.01,77,0.9985188841819763,0.0014437114587053657,0.03799620321433927,0.4737004041671753
24,360,2,0.01,78,0.9983399510383606,0.0016180898528546095,0.0402254876024469,1.155021071434021
24,360,2,0.01,79,0.9980129599571228,0.0019368614302948117,0.04400978789195435,0.5139055252075195
24,360,2,0.01,80,0.9940750002861023,0.0057753524743020535,0.07599573984311261,0.5601658225059509
24,360,2,0.01,81,0.997151255607605,0.0027768046129494905,0.052695394608537574,0.48974621295928955
24,360,2,0.01,82,0.9986086487770081,0.0013561949599534273,0.036826552376694556,0.37933292984962463
24,360,2,0.01,83,0.9918129444122314,0.007980252616107464,0.08933225966081605,0.5046016573905945
24,360,2,0.01,84,0.9960342049598694,0.0038655998650938272,0.06217394844381228,1.2500953674316406
24,360,2,0.01,85,0.997119665145874,0.0028075724840164185,0.05298653115666677,1.0382298231124878
24,360,2,0.01,86,0.9981229305267334,0.0018296650378033519,0.04277458401671899,0.7686304450035095
24,360,2,0.01,87,0.9955348372459412,0.004352369345724583,0.06597248930974625,0.6392664313316345
24,360,2,0.01,88,0.9973483681678772,0.002584624569863081,0.05083920308052715,0.8204016089439392
24,360,2,0.01,89,0.9981587529182434,0.0017947227461263537,0.04236416818640906,0.8541367650032043
24,360,2,0.01,90,0.9986156821250916,0.001349321915768087,0.03673311742512588,0.8895644545555115
24,360,2,0.01,91,0.9990411400794983,0.0009346141014248133,0.03057145893517045,0.40587443113327026
24,360,2,0.01,92,0.9965355396270752,0.003376961685717106,0.05811163124295433,1.2943243980407715
24,360,2,0.01,93,0.9988772869110107,0.001094374223612249,0.03308132741611571,0.9067205786705017
24,360,2,0.01,94,0.9988837838172913,0.0010880102636292577,0.03298500058555794,1.3292467594146729
24,360,2,0.01,95,0.9957858324050903,0.004107734188437462,0.06409160778477524,1.362902283668518
24,360,2,0.01,96,0.9990550875663757,0.0009210302378050983,0.030348479991675007,1.186622977256775
24,360,2,0.01,97,0.9987355470657349,0.001232506474480033,0.035107071573687726,0.5419219136238098
24,360,2,0.01,98,0.9971069693565369,0.0028199220541864634,0.053102938282042954,0.7837908864021301
24,360,2,0.01,99,0.9984904527664185,0.0014713905984535813,0.038358709551464074,0.9024738669395447
24,360,2,0.01,100,0.9982879757881165,0.0016687721945345402,0.040850608251708324,0.5124112367630005
25,360,2,0.01,1,0.9909915328025818,0.008780906908214092,0.09370649341541969,1.040320873260498
25,360,2,0.01,2,0.9873401522636414,0.012340059503912926,0.11108582044488363,2.257230758666992
25,360,2,0.01,3,0.9834389686584473,0.016142666339874268,0.12705379309518575,2.9135687351226807
25,360,2,0.01,4,0.9965278506278992,0.003384436247870326,0.05817590779584214,1.3579356670379639
25,360,2,0.01,5,0.9964332580566406,0.0034766143653541803,0.05896282189103724,1.4130221605300903
25,360,2,0.01,6,0.9958699941635132,0.00402570515871048,0.06344844488803866,1.052140712738037
25,360,2,0.01,7,0.9919310808181763,0.00786510482430458,0.08868542622271475,0.702833354473114
25,360,2,0.01,8,0.9969497323036194,0.0029731965623795986,0.05452702598143052,2.0161736011505127
25,360,2,0.01,9,0.9968605637550354,0.0030601059552282095,0.055318224440307276,1.563883662223816
25,360,2,0.01,10,0.9879153370857239,0.011779416352510452,0.1085330196415379,1.4804494380950928
25,360,2,0.01,11,0.9960697889328003,0.003830916481092572,0.06189439781670529,1.6695393323898315
25,360,2,0.01,12,0.9964947700500488,0.0034166646655648947,0.0584522426050951,0.8363198637962341
25,360,2,0.01,13,0.9969263076782227,0.0029960765969008207,0.054736428426604714,0.7168813943862915
25,360,2,0.01,14,0.9979568719863892,0.0019915273878723383,0.04462653233080449,1.0038700103759766
25,360,2,0.01,15,0.9977144598960876,0.0022278022952377796,0.04719960058345599,0.8740410208702087
25,360,2,0.01,16,0.9874247908592224,0.012257564812898636,0.11071388717274196,1.6467115879058838
25,360,2,0.01,17,0.9980926513671875,0.0018591959960758686,0.0431183951008832,0.4470703899860382
25,360,2,0.01,18,0.9959626197814941,0.003935373853892088,0.06273255816473682,0.4533158540725708
25,360,2,0.01,19,0.9976049661636353,0.0023345157969743013,0.048316827265190966,0.5725494623184204
25,360,2,0.01,20,0.9955428242683411,0.004344556014984846,0.06591324612689657,1.98691987991333
25,360,2,0.01,21,0.998064398765564,0.0018866839818656445,0.04343597566379331,0.7818026542663574
25,360,2,0.01,22,0.9981833100318909,0.0017708111554384232,0.04208100706302575,1.2578047513961792
25,360,2,0.01,23,0.996727705001831,0.003189646638929844,0.05647695670740274,0.711273729801178
25,360,2,0.01,24,0.9974848031997681,0.002451654989272356,0.04951418977699581,1.5381890535354614
25,360,2,0.01,25,0.9971667528152466,0.002761690178886056,0.05255178568693985,0.5010570883750916
25,360,2,0.01,26,0.9897474646568298,0.009993569925427437,0.09996784445724254,3.1723594665527344
25,360,2,0.01,27,0.998036801815033,0.0019135860493406653,0.04374455451071214,0.7093135714530945
25,360,2,0.01,28,0.9974392056465149,0.0024961039889603853,0.04996102469886286,0.6389021873474121
25,360,2,0.01,29,0.9962566494941711,0.003648787271231413,0.06040519241945524,1.7185910940170288
25,360,2,0.01,30,0.9973701238632202,0.0025634588673710823,0.05063061195927897,0.9824739694595337
25,360,2,0.01,31,0.9882432818412781,0.011459724977612495,0.10705010498646181,1.1294772624969482
25,360,2,0.01,32,0.9977046847343445,0.002237320179119706,0.047300319017102896,1.014390230178833
25,360,2,0.01,33,0.9971979856491089,0.0027312219608575106,0.052261094141411835,0.608208179473877
25,360,2,0.01,34,0.9974297881126404,0.0025052723940461874,0.05005269617159686,0.7397066950798035
25,360,2,0.01,35,0.9984902739524841,0.0014715626602992415,0.03836095228613651,0.6587987542152405
25,360,2,0.01,36,0.9976140260696411,0.0023257266730070114,0.04822578846433733,1.1794170141220093
25,360,2,0.01,37,0.9975093603134155,0.0024277435149997473,0.04927213730902839,1.309271216392517
25,360,2,0.01,38,0.9961593151092529,0.0037436813581734896,0.06118563032423127,1.0396902561187744
25,360,2,0.01,39,0.9966937303543091,0.003222770756110549,0.0567694526669982,1.0302834510803223
25,360,2,0.01,40,0.9962804913520813,0.003625529585406184,0.06021237070076368,0.7394561171531677
25,360,2,0.01,41,0.9987027049064636,0.0012645185925066471,0.03556007019828064,0.6153038144111633
25,360,2,0.01,42,0.9969751238822937,0.0029484883416444063,0.05429998472968852,1.0252330303192139
25,360,2,0.01,43,0.9985583424568176,0.0014052147744223475,0.03748619445105555,0.4938226342201233
25,360,2,0.01,44,0.995074987411499,0.004800590220838785,0.06928629172382358,0.6326015591621399
25,360,2,0.01,45,0.9983450174331665,0.001613155473023653,0.04016410677487616,0.8268365859985352
25,360,2,0.01,46,0.9984476566314697,0.0015131492400541902,0.038899219015992983,0.9637833833694458
25,360,2,0.01,47,0.9984186887741089,0.0015413690125569701,0.039260272701001075,0.6102257966995239
25,360,2,0.01,48,0.9967660307884216,0.003152291988953948,0.05614527574920216,0.4531900882720947
25,360,2,0.01,49,0.9956739544868469,0.004216793924570084,0.0649368456623055,0.880207359790802
25,360,2,0.01,50,0.9970864057540894,0.0028400144074112177,0.053291785552852494,1.6173185110092163
25,360,2,0.01,51,0.9977098703384399,0.0022322896402329206,0.047247112506828615,0.6700896620750427
25,360,2,0.01,52,0.998090922832489,0.0018608588725328445,0.043137673471489446,1.863076090812683
25,360,2,0.01,53,0.9982931017875671,0.0016637876396998763,0.04078955307060714,1.1680245399475098
25,360,2,0.01,54,0.9982971549034119,0.001659843954257667,0.040741182533864516,1.4313926696777344
25,360,2,0.01,55,0.9970889687538147,0.002837473526597023,0.053267940889403856,0.3860672116279602
25,360,2,0.01,56,0.9984715580940247,0.001489842077717185,0.03859847247906561,0.8499330878257751
25,360,2,0.01,57,0.9987345933914185,0.0012334617786109447,0.03512067451816586,0.3508671522140503
25,360,2,0.01,58,0.9990324974060059,0.0009430559002794325,0.030709215233858264,1.0065598487854004
25,360,2,0.01,59,0.9981410503387451,0.0018119836458936334,0.04256740121141568,0.9234831929206848
25,360,2,0.01,60,0.9988221526145935,0.0011481033870950341,0.03388367434466094,0.5338605642318726
25,360,2,0.01,61,0.9940013885498047,0.0058470554649829865,0.07646604125350669,0.836642324924469
25,360,2,0.01,62,0.992440402507782,0.00736864423379302,0.08584080750897571,0.6307893991470337
25,360,2,0.01,63,0.9986302852630615,0.001335088163614273,0.036538858269166995,0.9349417686462402
25,360,2,0.01,64,0.9978736639022827,0.002072622999548912,0.04552606944980987,1.7927742004394531
25,360,2,0.01,65,0.9984440803527832,0.0015165999066084623,0.0389435476890391,0.746138870716095
25,360,2,0.01,66,0.9989234805107117,0.0010493348818272352,0.032393438870043346,0.30837759375572205
25,360,2,0.01,67,0.9988852143287659,0.0010866342345252633,0.03296413557982771,1.1254011392593384
25,360,2,0.01,68,0.9977830648422241,0.0021609324030578136,0.046485830131964015,0.9353188872337341
25,360,2,0.01,69,0.9984650611877441,0.00149618461728096,0.03868054572108517,0.480665385723114
25,360,2,0.01,70,0.9988527894020081,0.0011182486778125167,0.033440225445001366,1.1184059381484985
25,360,2,0.01,71,0.9985172748565674,0.0014452568721026182,0.03801653419372442,0.7422670722007751
25,360,2,0.01,72,0.9984910488128662,0.0014708209782838821,0.03835128391962754,1.369056224822998
25,360,2,0.01,73,0.9979448914527893,0.0020031961612403393,0.04475707945387343,1.5393810272216797
25,360,2,0.01,74,0.9965267777442932,0.003385466057807207,0.058184757950920506,1.481454849243164
25,360,2,0.01,75,0.9982829093933105,0.001673721824772656,0.040911145483506765,0.6363494992256165
25,360,2,0.01,76,0.9978304505348206,0.002114773029461503,0.04598666142982662,1.784582495689392
25,360,2,0.01,77,0.9984862804412842,0.0014754895819351077,0.038412102024428546,1.3826930522918701
25,360,2,0.01,78,0.9983234405517578,0.0016342104645445943,0.040425369071223016,0.930280864238739
25,360,2,0.01,79,0.9989468455314636,0.0010265540331602097,0.03203988191551601,0.799018919467926
25,360,2,0.01,80,0.9969046115875244,0.003017180133610964,0.05492886430294153,0.6610738635063171
25,360,2,0.01,81,0.9987179636955261,0.0012496401323005557,0.03535024939516772,1.784270167350769
25,360,2,0.01,82,0.998615562915802,0.0013494627783074975,0.036735034753046,0.633886992931366
25,360,2,0.01,83,0.9986327290534973,0.001332710264250636,0.036506304445268575,1.1999832391738892
25,360,2,0.01,84,0.9896557927131653,0.01008290983736515,0.10041369347536794,1.0159164667129517
25,360,2,0.01,85,0.9953129887580872,0.0045686038210988045,0.06759144783993612,0.9120574593544006
25,360,2,0.01,86,0.998674750328064,0.0012917476706206799,0.0359408913442708,0.7174298167228699
25,360,2,0.01,87,0.9987947344779968,0.001174841308966279,0.03427595817721627,1.535936713218689
25,360,2,0.01,88,0.9958994388580322,0.003996975254267454,0.06322163596639567,2.2554924488067627
25,360,2,0.01,89,0.994910717010498,0.004960733465850353,0.07043247451176449,0.7608988285064697
25,360,2,0.01,90,0.9989209771156311,0.0010517436312511563,0.03243059714607729,0.6132906675338745
25,360,2,0.01,91,0.9990524649620056,0.0009236157638952136,0.030391047430044487,0.5134159326553345
25,360,2,0.01,92,0.9980892539024353,0.0018624690128490329,0.043156332245095075,1.3670027256011963
25,360,2,0.01,93,0.9978442192077637,0.0021013154182583094,0.04584010709257025,1.4041638374328613
25,360,2,0.01,94,0.9988908171653748,0.0010811911197379231,0.03288147076603969,0.6972491145133972
25,360,2,0.01,95,0.9973485469818115,0.0025844862684607506,0.050837842877729876,0.41531166434288025
25,360,2,0.01,96,0.9948415756225586,0.00502813933417201,0.07090937409237237,1.2708303928375244
25,360,2,0.01,97,0.9985259771347046,0.0014367911498993635,0.03790502802926498,0.5933926701545715
25,360,2,0.01,98,0.9986031651496887,0.0013615562347695231,0.0368992714666499,0.5374674797058105
25,360,2,0.01,99,0.9985194206237793,0.0014431606978178024,0.03798895494506005,0.35749658942222595
25,360,2,0.01,100,0.9961674213409424,0.003735756501555443,0.06112083524916395,1.1831058263778687
26,360,2,0.01,1,0.9925363063812256,0.007275138515979052,0.08529442253734444,0.6999121308326721
26,360,2,0.01,2,0.9916682243347168,0.008121313527226448,0.09011833069485058,1.7389799356460571
26,360,2,0.01,3,0.996234118938446,0.0036707741674035788,0.060586914159771986,0.6173529028892517
26,360,2,0.01,4,0.9967441558837891,0.003173590637743473,0.05633463089204963,0.6036289930343628
26,360,2,0.01,5,0.9930492639541626,0.006775164045393467,0.08231138466453755,2.057420253753662
26,360,2,0.01,6,0.997033417224884,0.002891652286052704,0.053774085636602915,0.8180594444274902
26,360,2,0.01,7,0.9969475865364075,0.002975291572511196,0.054546233348520004,0.4514807462692261
26,360,2,0.01,8,0.9960371851921082,0.003862718353047967,0.0621507711379993,0.43754348158836365
26,360,2,0.01,9,0.9967865943908691,0.0031322066206485033,0.055966120292981744,0.4268605411052704
26,360,2,0.01,10,0.9938539862632751,0.0059907324612140656,0.07739982210066161,1.7604426145553589
26,360,2,0.01,11,0.9977591633796692,0.002184215933084488,0.0467355959958198,1.0863282680511475
26,360,2,0.01,12,0.997992217540741,0.0019570381846278906,0.04423842430091617,0.5873047709465027
26,360,2,0.01,13,0.9943935871124268,0.005464766174554825,0.07392405680531085,1.9366289377212524
26,360,2,0.01,14,0.9976698756217957,0.0022712370846420527,0.047657497674993936,1.1994092464447021
26,360,2,0.01,15,0.9908038377761841,0.008963841013610363,0.09467756341187897,1.1360281705856323
26,360,2,0.01,16,0.9939971566200256,0.00585120590403676,0.07649317553897707,0.6587907671928406
26,360,2,0.01,17,0.9978485107421875,0.0020971260964870453,0.045794389355979466,0.7877749800682068
26,360,2,0.01,18,0.9974991083145142,0.0024377426598221064,0.04937350159571535,0.5086386799812317
26,360,2,0.01,19,0.9979014992713928,0.0020455087069422007,0.04522730046047631,0.7011401653289795
26,360,2,0.01,20,0.9978805184364319,0.002065952168777585,0.04545274654822946,0.6045274138450623
26,360,2,0.01,21,0.9976444840431213,0.0022960107307881117,0.047916706176323424,0.49521127343177795
26,360,2,0.01,22,0.9922869801521301,0.007518204860389233,0.08670758248497783,0.8654869198799133
26,360,2,0.01,23,0.9930822849273682,0.006742982659488916,0.08211566634625159,1.391072154045105
26,360,2,0.01,24,0.9954078197479248,0.00447618355974555,0.06690428655733166,0.8827394247055054
26,360,2,0.01,25,0.9973699450492859,0.0025636323262006044,0.05063232491403693,1.3474541902542114
26,360,2,0.01,26,0.9986698627471924,0.0012965346686542034,0.036007425187788746,0.5780038833618164
26,360,2,0.01,27,0.9980632662773132,0.0018878139089792967,0.043448980528653335,0.3755593001842499
26,360,2,0.01,28,0.9905679821968079,0.009193750098347664,0.0958840450666724,1.570936918258667
26,360,2,0.01,29,0.9942827224731445,0.005572835449129343,0.07465142630338246,0.6673049926757812
26,360,2,0.01,30,0.9969088435173035,0.0030130790546536446,0.054891520790133375,0.7004294395446777
26,360,2,0.01,31,0.9980177283287048,0.0019322136649861932,0.043956952407852315,0.47391006350517273
26,360,2,0.01,32,0.9973188638687134,0.0026133896317332983,0.05112132267198589,0.6500966548919678
26,360,2,0.01,33,0.9979031085968018,0.0020439024083316326,0.04520953890863777,0.7328159809112549
26,360,2,0.01,34,0.9986976385116577,0.0012694693868979812,0.035629613903296525,0.31997746229171753
26,360,2,0.01,35,0.9987581968307495,0.0012104288907721639,0.03479121858705389,0.6290021538734436
26,360,2,0.01,36,0.9981151223182678,0.0018372857011854649,0.04286357079368756,0.9601435661315918
26,360,2,0.01,37,0.9966883659362793,0.003227955661714077,0.05681510064863106,0.5553891658782959
26,360,2,0.01,38,0.9953195452690125,0.004562231712043285,0.06754429444478109,1.3697541952133179
26,360,2,0.01,39,0.9953514337539673,0.004531145095825195,0.06731378087602267,1.0548299551010132
26,360,2,0.01,40,0.9979954361915588,0.001953944331035018,0.04420344252470635,0.5011229515075684
26,360,2,0.01,41,0.9983403086662292,0.0016177642391994596,0.040221440043830596,0.6987159252166748
26,360,2,0.01,42,0.9987254738807678,0.0012423379812389612,0.03524681519285056,0.8514147996902466
26,360,2,0.01,43,0.9957460761070251,0.004146449267864227,0.0643929287101016,0.6234962344169617
26,360,2,0.01,44,0.9988643527030945,0.0011069531319662929,0.03327090518705935,0.7825609445571899
26,360,2,0.01,45,0.9973678588867188,0.0025656467769294977,0.05065221393907178,0.6708319187164307
26,360,2,0.01,46,0.9970912337303162,0.002835302846506238,0.05324756188320962,0.8493789434432983
26,360,2,0.01,47,0.991939902305603,0.007856480777263641,0.08863679132991921,1.58027184009552
26,360,2,0.01,48,0.9983134865760803,0.0016439149621874094,0.040545221200375875,0.796204149723053
26,360,2,0.01,49,0.9981478452682495,0.0018053859239444137,0.04248983318329708,0.54117751121521
26,360,2,0.01,50,0.9977309107780457,0.0022117493208497763,0.04702923899926275,1.221003770828247
26,360,2,0.01,51,0.9927687644958496,0.007048572413623333,0.08395577653516959,1.9907110929489136
26,360,2,0.01,52,0.9965943694114685,0.0033195868600159883,0.05761585597746499,0.6835759282112122
26,360,2,0.01,53,0.9984613656997681,0.001499790814705193,0.0387271327973708,0.4512394666671753
26,360,2,0.01,54,0.9985067844390869,0.0014555065426975489,0.03815110146113149,0.49802514910697937
26,360,2,0.01,55,0.9978667497634888,0.0020793837029486895,0.04560025990001251,1.2233455181121826
26,360,2,0.01,56,0.9944339394569397,0.005425450392067432,0.07365765671040203,1.3412455320358276
26,360,2,0.01,57,0.9984449148178101,0.0015157960588112473,0.03893322564097724,0.6387889981269836
26,360,2,0.01,58,0.9976555109024048,0.0022852797992527485,0.04780460018923648,0.738114595413208
26,360,2,0.01,59,0.9985834360122681,0.0013807659270241857,0.037158658843184665,0.2653656005859375
26,360,2,0.01,60,0.9983472228050232,0.0016110361320897937,0.040137714584786634,0.294377863407135
26,360,2,0.01,61,0.9985747933387756,0.0013892026618123055,0.03727200909278041,0.4558268189430237
26,360,2,0.01,62,0.9959376454353333,0.003959740046411753,0.06292646538946672,1.3576143980026245
26,360,2,0.01,63,0.9975641369819641,0.0023743482306599617,0.04872728425286968,1.2389265298843384
26,360,2,0.01,64,0.9986633658409119,0.0013028752291575074,0.036095362986919906,0.5949659943580627
26,360,2,0.01,65,0.997852623462677,0.0020931416656821966,0.045750865190531606,0.47572383284568787
26,360,2,0.01,66,0.9988945722579956,0.0010775149567052722,0.03282552294640974,0.5418955087661743
26,360,2,0.01,67,0.9983731508255005,0.0015857600374147296,0.03982160264749185,0.3973934054374695
26,360,2,0.01,68,0.9960741996765137,0.003826636355370283,0.061859812118776135,0.7903900146484375
26,360,2,0.01,69,0.9975311160087585,0.0024065361358225346,0.04905645865553826,0.4490709602832794
26,360,2,0.01,70,0.9981427788734436,0.0018103101756423712,0.042547739959278345,0.3998027741909027
26,360,2,0.01,71,0.9988390803337097,0.0011316145537421107,0.033639479094393104,0.8596028685569763
26,360,2,0.01,72,0.9959232211112976,0.003973798360675573,0.06303807072456749,0.5886161923408508
26,360,2,0.01,73,0.9988045692443848,0.0011652079410851002,0.03413514231821951,1.0969364643096924
26,360,2,0.01,74,0.9985756278038025,0.0013883888022974133,0.037261089655261204,0.4406667947769165
26,360,2,0.01,75,0.9987218379974365,0.0012458639685064554,0.035296798275572465,0.6402099132537842
26,360,2,0.01,76,0.987055778503418,0.012617222033441067,0.1123264084418311,1.885509967803955
26,360,2,0.01,77,0.9971563220024109,0.0027718544006347656,0.05264840359056261,0.8453972935676575
26,360,2,0.01,78,0.9829086661338806,0.016659608110785484,0.12907210430912439,2.968616485595703
26,360,2,0.01,79,0.9964427947998047,0.0034673260524868965,0.058884005064931653,0.735159695148468
26,360,2,0.01,80,0.9988141059875488,0.0011559593258425593,0.03399940184536427,0.9118319153785706
26,360,2,0.01,81,0.9956809878349304,0.004209932871162891,0.06488399549320997,1.0921399593353271
26,360,2,0.01,82,0.9981254935264587,0.00182714918628335,0.042745165648098146,0.332110196352005
26,360,2,0.01,83,0.9990054368972778,0.0009694224572740495,0.03113554973457269,0.32653334736824036
26,360,2,0.01,84,0.996891438961029,0.003030058229342103,0.05504596469626182,0.44809725880622864
26,360,2,0.01,85,0.994464635848999,0.0053955139592289925,0.07345416230023315,1.342715859413147
26,360,2,0.01,86,0.9991679787635803,0.0008110287017188966,0.028478565654170448,0.3166329264640808
26,360,2,0.01,87,0.9989913702011108,0.0009831374045461416,0.03135502199881451,0.6259555220603943
26,360,2,0.01,88,0.9990376830101013,0.0009380042902193964,0.030626855702461465,1.0015325546264648
26,360,2,0.01,89,0.9968608617782593,0.0030598121229559183,0.055315568540474376,1.7881730794906616
26,360,2,0.01,90,0.9988514184951782,0.00111957429908216,0.033460040332942816,0.30755501985549927
26,360,2,0.01,91,0.9973300695419312,0.0026024740654975176,0.0510144495755616,0.4869735836982727
26,360,2,0.01,92,0.9973437190055847,0.002589202718809247,0.05088420893370798,0.6275925040245056
26,360,2,0.01,93,0.9958429932594299,0.004052021075040102,0.06365548739142685,1.2648049592971802
26,360,2,0.01,94,0.9985412955284119,0.0014218423748388886,0.03770732521459045,0.46409526467323303
26,360,2,0.01,95,0.9987897276878357,0.0011796969920396805,0.03434671734008478,0.753836452960968
26,360,2,0.01,96,0.9988619685173035,0.0011092715431004763,0.033305728382674295,0.5485935807228088
26,360,2,0.01,97,0.9989283084869385,0.0010446361266076565,0.032320831155891655,0.2941893935203552
26,360,2,0.01,98,0.9974589943885803,0.0024767990689724684,0.049767449894207644,0.2906389534473419
26,360,2,0.01,99,0.9986311793327332,0.0013342229649424553,0.03652701691819981,0.29802751541137695
26,360,2,0.01,100,0.9982178211212158,0.00173717993311584,0.04167949055729736,0.5630050301551819
27,360,2,0.01,1,0.9928024411201477,0.007015768904238939,0.08376018686845761,1.3998122215270996
27,360,2,0.01,2,0.9901770353317261,0.009574802592396736,0.09785092024297337,1.8011080026626587
27,360,2,0.01,3,0.9902644157409668,0.009489668533205986,0.09741492972438047,2.1806328296661377
27,360,2,0.01,4,0.9969207048416138,0.0030015052761882544,0.05478599525597992,0.6306442022323608
27,360,2,0.01,5,0.991354763507843,0.00842687115073204,0.09179799099507592,2.005077362060547
27,360,2,0.01,6,0.9941902160644531,0.005663035903126001,0.0752531454699802,2.42722749710083
27,360,2,0.01,7,0.9966264367103577,0.0032883253879845142,0.057343921979443595,0.763556718826294
27,360,2,0.01,8,0.9912281632423401,0.008550232276320457,0.09246746604249766,2.3971664905548096
27,360,2,0.01,9,0.9973919987678528,0.002542110625654459,0.050419347731346736,0.43981194496154785
27,360,2,0.01,10,0.9983919858932495,0.0015674023889005184,0.039590433047650773,0.6303045749664307
27,360,2,0.01,11,0.9982954859733582,0.0016614659689366817,0.04076108400100127,0.9711549878120422
27,360,2,0.01,12,0.9968713521957397,0.003049639519304037,0.05522354135062362,1.0133097171783447
27,360,2,0.01,13,0.9977718591690063,0.0021718796342611313,0.04660342942596748,0.5070587396621704
27,360,2,0.01,14,0.997883677482605,0.002062856452539563,0.04541867955521784,1.3714940547943115
27,360,2,0.01,15,0.997458279132843,0.0024774926714599133,0.04977441784149678,1.1404882669448853
27,360,2,0.01,16,0.9979656934738159,0.001982900081202388,0.044529766237904146,0.6772938966751099
27,360,2,0.01,17,0.995707631111145,0.0041839564219117165,0.0646835096598176,1.0149840116500854
27,360,2,0.01,18,0.9981935024261475,0.0017608751077204943,0.04196278241156673,0.48805373907089233
27,360,2,0.01,19,0.997262179851532,0.0026686887722462416,0.05165935319229463,0.9454790353775024
27,360,2,0.01,20,0.9987048506736755,0.0012624355731531978,0.03553076938588859,1.310607671737671
27,360,2,0.01,21,0.9986225962638855,0.0013426211662590504,0.036641795347103975,0.483506977558136
27,360,2,0.01,22,0.9971519112586975,0.0027761259116232395,0.05268895436069347,0.7721956372261047
27,360,2,0.01,23,0.9987045526504517,0.0012627247488126159,0.03553483852239399,0.9954946637153625
27,360,2,0.01,24,0.9938404560089111,0.00600392697378993,0.07748501128469899,0.5718234181404114
27,360,2,0.01,25,0.9947924017906189,0.005076070781797171,0.07124654926238302,0.5522390604019165
27,360,2,0.01,26,0.9970475435256958,0.0028778896667063236,0.053645965987260624,1.079561710357666
27,360,2,0.01,27,0.9528683423995972,0.045941062271595,0.214338662568364,3.973334789276123
27,360,2,0.01,28,0.9974200129508972,0.002514840569347143,0.0501481861022624,1.121957540512085
27,360,2,0.01,29,0.9961636066436768,0.00373949040658772,0.06115137289209229,1.1177735328674316
27,360,2,0.01,30,0.995851993560791,0.004043240565806627,0.06358648099876756,0.7795519828796387
27,360,2,0.01,31,0.9979029893875122,0.0020440106745809317,0.0452107362755898,0.6525815725326538
27,360,2,0.01,32,0.9960063099861145,0.0038927788846194744,0.06239213800327309,0.6614905595779419
27,360,2,0.01,33,0.9923710823059082,0.007436197251081467,0.08623338826163256,1.547521710395813
27,360,2,0.01,34,0.9982924461364746,0.001664424198679626,0.040797355290259026,0.5669499635696411
27,360,2,0.01,35,0.9958208799362183,0.004073580726981163,0.06382460910167145,1.2380272150039673
27,360,2,0.01,36,0.9978847503662109,0.002061831997707486,0.04540740025268443,0.7846505641937256
27,360,2,0.01,37,0.9979352951049805,0.0020125743467360735,0.04486172474098687,0.6884011030197144
27,360,2,0.01,38,0.9964134097099304,0.0034960072953253984,0.05912704368836141,1.4854146242141724
27,360,2,0.01,39,0.9973900318145752,0.002544055925682187,0.05043863524801387,0.48657581210136414
27,360,2,0.01,40,0.9982827305793762,0.0016738857375457883,0.04091314871219017,0.5555176734924316
27,360,2,0.01,41,0.9969634413719177,0.002959839766845107,0.05440440944303235,0.2911054193973541
27,360,2,0.01,42,0.9990835189819336,0.0008933560457080603,0.029889062308946064,0.3204927444458008
27,360,2,0.01,43,0.9969009160995483,0.003020777367055416,0.054961599022002774,0.3845064342021942
27,360,2,0.01,44,0.9965120553970337,0.003399837762117386,0.058308127753490646,0.4090671241283417
27,360,2,0.01,45,0.9980534911155701,0.0018973269034177065,0.043558316122385934,0.47756099700927734
27,360,2,0.01,46,0.9977236390113831,0.0022188727743923664,0.04710491242314719,1.7174338102340698
27,360,2,0.01,47,0.9986685514450073,0.0012978173326700926,0.0360252318891925,0.885459840297699
27,360,2,0.01,48,0.9951184391975403,0.004758230876177549,0.06897993096674966,1.8149410486221313
27,360,2,0.01,49,0.9915677905082703,0.008219189941883087,0.09065974819004897,0.5105671882629395
27,360,2,0.01,50,0.9986349940299988,0.001330544357188046,0.03647662754680106,0.4730153977870941
27,360,2,0.01,51,0.9986737966537476,0.0012927305651828647,0.03595456250857274,0.4487800598144531
27,360,2,0.01,52,0.9970651268959045,0.0028607542626559734,0.05348601931959392,0.3000553846359253
27,360,2,0.01,53,0.9984801411628723,0.001481474842876196,0.0384899317078661,0.3801836371421814
27,360,2,0.01,54,0.9990788102149963,0.0008979469421319664,0.0299657628324721,0.76639723777771
27,360,2,0.01,55,0.9984002709388733,0.0015593161806464195,0.03948817773266348,0.44087761640548706
27,360,2,0.01,56,0.9964454174041748,0.003464797977358103,0.05886253458149847,0.8767344951629639
27,360,2,0.01,57,0.9987608194351196,0.0012078528525307775,0.034754177483157005,0.34981298446655273
27,360,2,0.01,58,0.9986315369606018,0.0013339106226339936,0.03652274117086495,0.5368184447288513
27,360,2,0.01,59,0.9888800382614136,0.010839049704372883,0.1041107569099989,1.1401550769805908
27,360,2,0.01,60,0.9988044500350952,0.001165361376479268,0.034137389713908534,1.5056049823760986
27,360,2,0.01,61,0.9967435598373413,0.0031741587445139885,0.056339672918060045,0.479018896818161
27,360,2,0.01,62,0.9990919828414917,0.000885071640368551,0.029750153619242894,0.8443654179573059
27,360,2,0.01,63,0.9928604364395142,0.006959216203540564,0.08342191680572057,0.3662971556186676
27,360,2,0.01,64,0.9989311695098877,0.0010418323799967766,0.03227742833617289,0.3555416464805603
27,360,2,0.01,65,0.9985490441322327,0.001414287369698286,0.03760701224104736,0.37264418601989746
27,360,2,0.01,66,0.9939398169517517,0.005907089915126562,0.0768575950386594,0.7074869275093079
27,360,2,0.01,67,0.9980249404907227,0.001925189164467156,0.04387697761317609,0.40932559967041016
27,360,2,0.01,68,0.998648464679718,0.0013173747574910522,0.036295657556945464,0.5000495910644531
27,360,2,0.01,69,0.9977816343307495,0.0021623317152261734,0.0465008786500446,0.5541917085647583
27,360,2,0.01,70,0.9986557364463806,0.0013103228993713856,0.03619838255186805,0.41367262601852417
27,360,2,0.01,71,0.9972749948501587,0.0026561482809484005,0.05153783349102289,1.041969656944275
27,360,2,0.01,72,0.9979509711265564,0.001997260609641671,0.0446907217399951,0.43958497047424316
27,360,2,0.01,73,0.9983640909194946,0.0015945988707244396,0.03993242881073526,0.975420355796814
27,360,2,0.01,74,0.9984733462333679,0.0014880942180752754,0.03857582426955094,0.9271659851074219
27,360,2,0.01,75,0.9979488253593445,0.001999353989958763,0.044714136354834844,0.7607824206352234
27,360,2,0.01,76,0.9987080693244934,0.001259293407201767,0.035486524304329484,0.4386940598487854
27,360,2,0.01,77,0.9957169890403748,0.004174801521003246,0.06461270402175756,1.1519653797149658
27,360,2,0.01,78,0.9991497993469238,0.0008287315722554922,0.028787698279916236,0.3720654845237732
27,360,2,0.01,79,0.9983773827552795,0.00158162962179631,0.039769707338580075,0.9534193277359009
27,360,2,0.01,80,0.9980791211128235,0.0018723596585914493,0.043270771412021874,0.5521743297576904
27,360,2,0.01,81,0.9989213943481445,0.0010513868182897568,0.032425095501628934,0.620803713798523
27,360,2,0.01,82,0.9987207055091858,0.0012470058863982558,0.035312970512238924,0.6019511818885803
27,360,2,0.01,83,0.9950838685035706,0.0047919717617332935,0.06922406923703123,2.964846134185791
27,360,2,0.01,84,0.9987800717353821,0.001189098577015102,0.034483308672676724,0.585760235786438
27,360,2,0.01,85,0.9989599585533142,0.0010137674398720264,0.03183971482083384,0.31069111824035645
27,360,2,0.01,86,0.9960190653800964,0.0038803897332400084,0.062292774326080616,1.8694486618041992
27,360,2,0.01,87,0.9980019927024841,0.0019475631415843964,0.044131203717827555,0.5852495431900024
27,360,2,0.01,88,0.9983183145523071,0.0016392320394515991,0.04048743063534162,0.5590740442276001
27,360,2,0.01,89,0.9966282844543457,0.003286520252004266,0.05732818026070831,0.6659608483314514
27,360,2,0.01,90,0.9991404414176941,0.0008378244820050895,0.028945197909240307,0.26928892731666565
27,360,2,0.01,91,0.9875766038894653,0.012109550647437572,0.11004340347080134,1.1902525424957275
27,360,2,0.01,92,0.9979501366615295,0.001998083433136344,0.044699926545088906,0.29571086168289185
27,360,2,0.01,93,0.998893141746521,0.001078892033547163,0.03284649195191418,0.47730720043182373
27,360,2,0.01,94,0.9990736246109009,0.0009029741631820798,0.030049528501826444,0.6313707232475281
27,360,2,0.01,95,0.9990418553352356,0.000933959789108485,0.030560755702509795,0.45199647545814514
27,360,2,0.01,96,0.9990608096122742,0.000915490323677659,0.03025707063940029,0.2959033250808716
27,360,2,0.01,97,0.9984884262084961,0.001473394688218832,0.03838482367054501,0.3252091705799103
27,360,2,0.01,98,0.9984961152076721,0.0014659056905657053,0.03828714785101791,0.7885502576828003
27,360,2,0.01,99,0.9950132369995117,0.004860781133174896,0.06971930244326098,0.4174346625804901
27,360,2,0.01,100,0.9986687302589417,0.001297630020417273,0.03602263205843339,0.5964149832725525
28,360,2,0.01,1,0.9889139533042908,0.010806014761328697,0.10395198296006045,3.8390467166900635
28,360,2,0.01,2,0.9949777126312256,0.004895444959402084,0.06996745643084422,0.975006103515625
28,360,2,0.01,3,0.9898809790611267,0.009863383136689663,0.09931456658864128,2.1443161964416504
28,360,2,0.01,4,0.9791032075881958,0.020368898287415504,0.1427196492688218,4.4118475914001465
28,360,2,0.01,5,0.9948751926422119,0.004995355848222971,0.07067783137747628,0.47669851779937744
28,360,2,0.01,6,0.9964450597763062,0.0034651290625333786,0.058865346873465195,0.5340961217880249
28,360,2,0.01,7,0.9975545406341553,0.002383657032623887,0.048822710213832735,0.6856616139411926
28,360,2,0.01,8,0.9946388602256775,0.005225684959441423,0.0722888992822648,1.5200238227844238
28,360,2,0.01,9,0.9973183274269104,0.002613935386762023,0.05112666023477402,0.3911483883857727
28,360,2,0.01,10,0.9976670742034912,0.002274008933454752,0.0476865697388138,1.1226235628128052
28,360,2,0.01,11,0.9977887868881226,0.0021553419064730406,0.046425660000403234,0.7122847437858582
28,360,2,0.01,12,0.9955772161483765,0.004311082884669304,0.06565883706455136,0.8963102102279663
28,360,2,0.01,13,0.9957261085510254,0.004165920428931713,0.06454394184531739,0.5622665882110596
28,360,2,0.01,14,0.9979826211929321,0.0019664238207042217,0.04434437755459222,0.42803671956062317
28,360,2,0.01,15,0.997521698474884,0.002415688009932637,0.04914964913336246,0.5562217831611633
28,360,2,0.01,16,0.9969775676727295,0.002946096006780863,0.054277951387104346,0.4423460364341736
28,360,2,0.01,17,0.9978772401809692,0.0020691596437245607,0.04548801648483434,0.4892317056655884
28,360,2,0.01,18,0.9981746077537537,0.0017792703583836555,0.04218139825069406,0.37034961581230164
28,360,2,0.01,19,0.9860579967498779,0.01358980592340231,0.11657532296074632,2.2626025676727295
28,360,2,0.01,20,0.9969400763511658,0.002982646692544222,0.054613612703649464,0.3694274127483368
28,360,2,0.01,21,0.9981644749641418,0.0017891621682792902,0.04229848895976416,0.4736410677433014
28,360,2,0.01,22,0.9986006617546082,0.0013639637036249042,0.03693187923224195,0.7269420027732849
28,360,2,0.01,23,0.9970359206199646,0.0028892019763588905,0.05375129743884226,0.6520636677742004
28,360,2,0.01,24,0.9979782700538635,0.001970655983313918,0.044392071176212515,0.3212072253227234
28,360,2,0.01,25,0.9950112700462341,0.004862739238888025,0.06973334380974446,1.3535597324371338
28,360,2,0.01,26,0.9974724650382996,0.0024636818561702967,0.049635489885466996,1.2517086267471313
28,360,2,0.01,27,0.9986456632614136,0.0013201525434851646,0.03633390349914477,1.2091281414031982
28,360,2,0.01,28,0.9982832074165344,0.0016734236851334572,0.040907501575303484,0.42745378613471985
28,360,2,0.01,29,0.9824237823486328,0.017132241278886795,0.13089018786328788,1.73586905002594
28,360,2,0.01,30,0.9978585839271545,0.002087327651679516,0.04568728107120751,0.9043590426445007
28,360,2,0.01,31,0.9985482096672058,0.0014151111245155334,0.03761796279060754,1.1789807081222534
28,360,2,0.01,32,0.9979016184806824,0.0020453655160963535,0.04522571741936609,0.5974889397621155
28,360,2,0.01,33,0.9982984662055969,0.0016585466219112277,0.040725257788149456,1.3389331102371216
28,360,2,0.01,34,0.9863489270210266,0.01330625731498003,0.1153527516576004,1.1056486368179321
28,360,2,0.01,35,0.9982954859733582,0.0016614433843642473,0.04076080696409539,0.32630395889282227
28,360,2,0.01,36,0.9979269504547119,0.0020206612534821033,0.04495176585499287,0.4313585162162781
28,360,2,0.01,37,0.9980224967002869,0.0019275500671938062,0.04390387303181584,0.5095340609550476
28,360,2,0.01,38,0.9973605871200562,0.002572739263996482,0.05072217724030074,0.48369523882865906
28,360,2,0.01,39,0.9975104331970215,0.0024266685359179974,0.049261227511279065,0.8147913813591003
28,360,2,0.01,40,0.9974113702774048,0.002523217350244522,0.05023163694569909,1.7022289037704468
28,360,2,0.01,41,0.9972959756851196,0.002635712269693613,0.05133918844015372,0.6860015988349915
28,360,2,0.01,42,0.9970917105674744,0.0028348283376544714,0.05324310601058574,1.655543327331543
28,360,2,0.01,43,0.9978793263435364,0.0020671223755925894,0.0454656175102966,0.4688588082790375
28,360,2,0.01,44,0.9987253546714783,0.0012424717424437404,0.03524871263526855,0.3966204822063446
28,360,2,0.01,45,0.997567892074585,0.0023706997744739056,0.04868983235208256,0.5672776103019714
28,360,2,0.01,46,0.9929906725883484,0.006832259241491556,0.08265748146109676,1.5196338891983032
28,360,2,0.01,47,0.997052013874054,0.0028735334053635597,0.053605348663762646,1.0089199542999268
28,360,2,0.01,48,0.9960184097290039,0.0038810204714536667,0.06229783681199265,0.5664848685264587
28,360,2,0.01,49,0.9986761808395386,0.0012903950409963727,0.035922068996598354,0.9868691563606262
28,360,2,0.01,50,0.9963386654853821,0.0035688586067408323,0.0597399247299562,1.321079134941101
28,360,2,0.01,51,0.9986751079559326,0.0012914182152599096,0.0359363077577526,0.3986508250236511
28,360,2,0.01,52,0.9943705201148987,0.005487274378538132,0.07407613906338621,0.9031158685684204
28,360,2,0.01,53,0.9971053004264832,0.002821560949087143,0.05311836734207051,0.8702095746994019
28,360,2,0.01,54,0.9955182075500488,0.004368585534393787,0.06609527618819508,0.6620633006095886
28,360,2,0.01,55,0.9987679123878479,0.0012009646743535995,0.03465493722911065,0.5100464224815369
28,360,2,0.01,56,0.9984809160232544,0.0014807152329012752,0.0384800627975225,0.3682735860347748
28,360,2,0.01,57,0.9986712336540222,0.0012951745884492993,0.03598853412476395,0.7093366384506226
28,360,2,0.01,58,0.9980106949806213,0.0019390679663047194,0.04403484945250431,0.7142554521560669
28,360,2,0.01,59,0.9934122562408447,0.006421312689781189,0.08013309359921897,1.7378591299057007
28,360,2,0.01,60,0.9987565279006958,0.0012120591709390283,0.03481464018109376,0.5999084711074829
28,360,2,0.01,61,0.997408926486969,0.002525594085454941,0.050255289129154765,0.3701961636543274
28,360,2,0.01,62,0.9985836744308472,0.0013805471826344728,0.03715571534279044,0.4837843179702759
28,360,2,0.01,63,0.9841500520706177,0.015449555590748787,0.12429624125752471,2.7512497901916504
28,360,2,0.01,64,0.9986912608146667,0.0012756864307448268,0.0357167528023591,1.0764963626861572
28,360,2,0.01,65,0.9984006881713867,0.0015589159447699785,0.039483109613732026,0.2973756790161133
28,360,2,0.01,66,0.9979689121246338,0.0019797831773757935,0.04449475449281402,0.7588239312171936
28,360,2,0.01,67,0.9982823133468628,0.0016742798034101725,0.040917964311658665,2.188647985458374
28,360,2,0.01,68,0.9990410804748535,0.0009346971637569368,0.030572817399725147,0.8971372842788696
28,360,2,0.01,69,0.9986867904663086,0.001280053984373808,0.0357778420866017,0.8758840560913086
28,360,2,0.01,70,0.9986448884010315,0.0013208867749199271,0.03634400603840924,0.4621315598487854
28,360,2,0.01,71,0.9990865588188171,0.0008903441485017538,0.029838635164862248,0.3279438018798828
28,360,2,0.01,72,0.9874576926231384,0.012225454673171043,0.11056877802151494,0.9136617183685303
28,360,2,0.01,73,0.9949662685394287,0.004906586371362209,0.07004702971120338,0.9027840495109558
28,360,2,0.01,74,0.9973567128181458,0.002576495287939906,0.05075918919703019,0.8330591917037964
28,360,2,0.01,75,0.9979720115661621,0.001976769883185625,0.044460880368989826,0.49134525656700134
28,360,2,0.01,76,0.9984628558158875,0.0014983380679041147,0.03870837206476287,0.6964050531387329
28,360,2,0.01,77,0.9965491890907288,0.0033636637963354588,0.05799710162012804,0.6096822023391724
28,360,2,0.01,78,0.9985044598579407,0.001457739039324224,0.03818034886331218,0.7380409240722656
28,360,2,0.01,79,0.9988722801208496,0.0010992567986249924,0.03315504182812913,0.3852120041847229
28,360,2,0.01,80,0.9989850521087646,0.0009893134701997042,0.03145335387839752,0.43459343910217285
28,360,2,0.01,81,0.9980619549751282,0.0018890600185841322,0.04346331808070033,0.6302822232246399
28,360,2,0.01,82,0.9986287951469421,0.001336592948064208,0.03655944403384997,0.6927454471588135
28,360,2,0.01,83,0.9984344840049744,0.0015259600477293134,0.03906353859712806,0.3125479519367218
28,360,2,0.01,84,0.9983924031257629,0.0015669920248910785,0.03958525009256703,0.780415952205658
28,360,2,0.01,85,0.9981593489646912,0.001794127863831818,0.04235714654968885,0.5039857029914856
28,360,2,0.01,86,0.9984675645828247,0.0014937521191313863,0.03864908949938389,1.1972157955169678
28,360,2,0.01,87,0.9986852407455444,0.0012815597001463175,0.03579887847609639,1.3995144367218018
28,360,2,0.01,88,0.9976962804794312,0.0022455172147601843,0.04738688863768315,0.7825467586517334
28,360,2,0.01,89,0.9986085295677185,0.0013562986860051751,0.036827960654985704,1.3081704378128052
28,360,2,0.01,90,0.9990079998970032,0.0009669465362094343,0.03109576395925069,0.34295621514320374
28,360,2,0.01,91,0.9961232542991638,0.003778828075155616,0.06147217317742733,0.3096146583557129
28,360,2,0.01,92,0.9985137581825256,0.0014487056760117412,0.03806186642837869,0.40440186858177185
28,360,2,0.01,93,0.9984210133552551,0.0015390769112855196,0.03923107073845321,1.0622996091842651
28,360,2,0.01,94,0.9982109069824219,0.001743920031003654,0.041760268569582426,0.3994826376438141
28,360,2,0.01,95,0.9979943633079529,0.00195498438552022,0.0442152053655778,0.5451618432998657
28,360,2,0.01,96,0.9980320930480957,0.0019181757234036922,0.04379698303997311,0.8687540292739868
28,360,2,0.01,97,0.9969372749328613,0.0029853503219783306,0.05463835943710545,0.63972407579422
28,360,2,0.01,98,0.9982849955558777,0.001671655336394906,0.04088588187131233,0.5504100322723389
28,360,2,0.01,99,0.9980811476707458,0.001870383508503437,0.043247930684640126,0.3224233090877533
28,360,2,0.01,100,0.9981759190559387,0.0017779882764443755,0.042166198268807395,0.8002793192863464
29,360,2,0.01,1,0.9927297830581665,0.007086553145200014,0.0841816675125886,1.4962389469146729
29,360,2,0.01,2,0.9949779510498047,0.004895173944532871,0.06996551968314729,2.448185920715332
29,360,2,0.01,3,0.9955759644508362,0.004312254022806883,0.06566775481777097,1.5157548189163208
29,360,2,0.01,4,0.9961573481559753,0.0037455668207257986,0.06120103610827025,2.6952500343322754
29,360,2,0.01,5,0.9957080483436584,0.004183554090559483,0.064680399585651,2.2992827892303467
29,360,2,0.01,6,0.9948824048042297,0.004988335072994232,0.07062814646438226,1.2646845579147339
29,360,2,0.01,7,0.9934208393096924,0.006412971764802933,0.08008103249086473,0.7451751232147217
29,360,2,0.01,8,0.9971717596054077,0.002756819361820817,0.05250542221352779,1.3524060249328613
29,360,2,0.01,9,0.9976519346237183,0.00228874827735126,0.04784086409494774,1.3162319660186768
29,360,2,0.01,10,0.9968778491020203,0.0030432776547968388,0.05516591025984108,1.8190691471099854
29,360,2,0.01,11,0.9980989098548889,0.001853050198405981,0.0430470695681597,1.019911527633667
29,360,2,0.01,12,0.9978938102722168,0.0020530009642243385,0.0453100536771293,1.110436201095581
29,360,2,0.01,13,0.9976381659507751,0.002302147913724184,0.04798070355595241,0.7649297118186951
29,360,2,0.01,14,0.995294451713562,0.004586709197610617,0.06772524785935166,1.1225346326828003
29,360,2,0.01,15,0.9958578944206238,0.004037482663989067,0.06354118872030226,0.5363314747810364
29,360,2,0.01,16,0.9969596266746521,0.0029635874088853598,0.0544388409950594,1.4737733602523804
29,360,2,0.01,17,0.9964039921760559,0.0035051447339355946,0.059204262802061765,0.40915706753730774
29,360,2,0.01,18,0.9972562789916992,0.0026744012720882893,0.05171461371883473,0.4716116189956665
29,360,2,0.01,19,0.9975076913833618,0.0024293605238199234,0.049288543535185976,0.7217068672180176
29,360,2,0.01,20,0.9982548952102661,0.001701042870990932,0.04124370098561636,0.9121270775794983
29,360,2,0.01,21,0.9983011484146118,0.0016559655778110027,0.040693556956980334,0.5727067589759827
29,360,2,0.01,22,0.9984886646270752,0.001473148469813168,0.038381616300166,0.6948041319847107
29,360,2,0.01,23,0.9959734082221985,0.00392485735937953,0.06264868202428149,0.6144382953643799
29,360,2,0.01,24,0.9983670711517334,0.0015916557749733329,0.03989556084294759,0.47517648339271545
29,360,2,0.01,25,0.9984154105186462,0.001544549479149282,0.039300756724893755,0.42093977332115173
29,360,2,0.01,26,0.9984287023544312,0.001531604677438736,0.039135721245924876,0.8923420906066895
29,360,2,0.01,27,0.995038628578186,0.004836043808609247,0.06954166958456812,0.48554956912994385
29,360,2,0.01,28,0.9914262890815735,0.008357146754860878,0.09141743135125203,0.8641564846038818
29,360,2,0.01,29,0.9958174824714661,0.004076846409589052,0.0638501872322161,1.1285035610198975
29,360,2,0.01,30,0.9975534081459045,0.00238479464314878,0.04883435924785724,1.4374991655349731
29,360,2,0.01,31,0.9980835318565369,0.0018680437933653593,0.04322087219579632,1.2789274454116821
29,360,2,0.01,32,0.9969046115875244,0.0030171989928931,0.054929035972726664,0.887603223323822
29,360,2,0.01,33,0.9981674551963806,0.0017862445674836636,0.042263986649198906,0.3773936331272125
29,360,2,0.01,34,0.9966417551040649,0.0032734088599681854,0.05721371216734836,1.3489187955856323
29,360,2,0.01,35,0.9941806197166443,0.005672364495694637,0.07531510137877155,1.1110692024230957
29,360,2,0.01,36,0.9960081577301025,0.0038910263683646917,0.0623780920545402,2.007695436477661
29,360,2,0.01,37,0.9987303018569946,0.0012376040685921907,0.03517959733413944,1.3314191102981567
29,360,2,0.01,38,0.9949327111244202,0.004939268343150616,0.0702799284515189,0.7903660535812378
29,360,2,0.01,39,0.9986025094985962,0.001362161128781736,0.03690746711414556,0.533048152923584
29,360,2,0.01,40,0.9982798099517822,0.0016767557244747877,0.040948207829828005,0.6218626499176025
29,360,2,0.01,41,0.9910593628883362,0.008714796043932438,0.0933530719576621,1.2894446849822998
29,360,2,0.01,42,0.9983469247817993,0.0016113119199872017,0.04014114995845537,0.769519567489624
29,360,2,0.01,43,0.9968879818916321,0.003033432876691222,0.05507660916116044,0.9511260986328125
29,360,2,0.01,44,0.998297393321991,0.001659615896642208,0.04073838357915306,0.42739617824554443
29,360,2,0.01,45,0.9985550045967102,0.0014085060684010386,0.03753006885686514,0.532564103603363
29,360,2,0.01,46,0.9979647994041443,0.0019837759900838137,0.044539600246115967,1.3027852773666382
29,360,2,0.01,47,0.995467483997345,0.0044180117547512054,0.06646812585556483,1.499077558517456
29,360,2,0.01,48,0.994747519493103,0.005119824782013893,0.07155295089661846,0.5457430481910706
29,360,2,0.01,49,0.9945526123046875,0.005309753585606813,0.07286805600266014,1.0648020505905151
29,360,2,0.01,50,0.994810938835144,0.0050580003298819065,0.07111961986598288,1.4941349029541016
29,360,2,0.01,51,0.9985781908035278,0.0013859034515917301,0.037227724233314746,1.0189003944396973
29,360,2,0.01,52,0.9954617619514465,0.004423576407134533,0.06650997223826313,1.0335681438446045
29,360,2,0.01,53,0.9949920177459717,0.004881488159298897,0.06986764744356931,1.8775606155395508
29,360,2,0.01,54,0.9888907074928284,0.010828687809407711,0.10406098120528996,2.1945841312408447
29,360,2,0.01,55,0.998864471912384,0.001106842770241201,0.033269246613670124,0.3708432912826538
29,360,2,0.01,56,0.9983530044555664,0.0016053771832957864,0.0400671584130418,0.8280993700027466
29,360,2,0.01,57,0.9982654452323914,0.0016907580429688096,0.04111882832679951,0.612909197807312
29,360,2,0.01,58,0.9962334036827087,0.003671470331028104,0.0605926590522986,0.6105613708496094
29,360,2,0.01,59,0.9982885122299194,0.001668246346525848,0.04084417151229595,0.988713800907135
29,360,2,0.01,60,0.9985370635986328,0.0014260092284530401,0.037762537367780784,0.6716926693916321
29,360,2,0.01,61,0.9953401684761047,0.004542147275060415,0.06739545440948087,0.9511247277259827
29,360,2,0.01,62,0.9980515837669373,0.0018992132972925901,0.04357996440214919,2.400026798248291
29,360,2,0.01,63,0.985112726688385,0.014511234126985073,0.12046258392955496,1.6455090045928955
29,360,2,0.01,64,0.9986376762390137,0.0013279212871566415,0.03644065431844826,0.37209904193878174
29,360,2,0.01,65,0.9983165860176086,0.0016409133095294237,0.04050818817880434,0.6002100706100464
29,360,2,0.01,66,0.998628556728363,0.0013367782812565565,0.03656197862885099,1.5636473894119263
29,360,2,0.01,67,0.9976084232330322,0.002331190276890993,0.04828240131653554,0.9932384490966797
29,360,2,0.01,68,0.9973132014274597,0.00261895265430212,0.05117570374994486,0.8575449585914612
29,360,2,0.01,69,0.9987000226974487,0.0012671274598687887,0.035596733837092255,0.40044522285461426
29,360,2,0.01,70,0.9988712668418884,0.0011002217652276158,0.03316959097166584,0.67619389295578
29,360,2,0.01,71,0.995539128780365,0.004348203539848328,0.06594090945572656,1.7751693725585938
29,360,2,0.01,72,0.9985247254371643,0.0014379897620528936,0.0379208354609032,1.344802737236023
29,360,2,0.01,73,0.998109757900238,0.0018424695590510964,0.042923997472871706,0.7350006103515625
29,360,2,0.01,74,0.9983577728271484,0.0016007304657250643,0.04000912977965235,0.47782161831855774
29,360,2,0.01,75,0.9943071007728577,0.00554910022765398,0.074492283007396,0.5873323082923889
29,360,2,0.01,76,0.9961400032043457,0.003762476611882448,0.06133903008592855,0.40850356221199036
29,360,2,0.01,77,0.9916317462921143,0.008156845346093178,0.09031525533426331,1.1346831321716309
29,360,2,0.01,78,0.9968319535255432,0.0030880027916282415,0.05556980107601827,0.6108281016349792
29,360,2,0.01,79,0.9991520047187805,0.000826577190309763,0.028750255482512897,0.6111451387405396
29,360,2,0.01,80,0.9981526732444763,0.0018006454920396209,0.04243401338595751,0.387434720993042
29,360,2,0.01,81,0.9979744553565979,0.0019743640441447496,0.04443381644811471,0.7684040665626526
29,360,2,0.01,82,0.9990041255950928,0.0009706951095722616,0.03115598031794637,0.19748185575008392
29,360,2,0.01,83,0.9983940720558167,0.001565370592288673,0.039564764529675556,0.6176945567131042
29,360,2,0.01,84,0.999008297920227,0.0009666318655945361,0.031090703845274008,0.767289936542511
29,360,2,0.01,85,0.9985976219177246,0.0013669629115611315,0.0369724615296457,0.6263240575790405
29,360,2,0.01,86,0.9985265135765076,0.0014362460933625698,0.037897837581616314,0.5842714905738831
29,360,2,0.01,87,0.9990046620368958,0.0009702217648737133,0.031148383021815326,0.4525219798088074
29,360,2,0.01,88,0.9991084337234497,0.0008690361864864826,0.029479419710816607,0.4220280349254608
29,360,2,0.01,89,0.998932957649231,0.0010400866158306599,0.03225037388668013,0.42962345480918884
29,360,2,0.01,90,0.9969815611839294,0.0029421851504594088,0.05424191322639172,2.3983829021453857
29,360,2,0.01,91,0.9988089203834534,0.0011610009241849184,0.03407346363645643,0.3731890618801117
29,360,2,0.01,92,0.9991408586502075,0.0008374470053240657,0.028938676633945542,0.26751959323883057
29,360,2,0.01,93,0.9948726296424866,0.004997828509658575,0.07069532169570045,1.1865575313568115
29,360,2,0.01,94,0.995361864566803,0.004520980641245842,0.06723823793977532,0.8172110915184021
29,360,2,0.01,95,0.9978492259979248,0.0020964713767170906,0.045787240326504615,1.0534672737121582
29,360,2,0.01,96,0.9987320303916931,0.001235959236510098,0.035156211919234105,0.5415052175521851
29,360,2,0.01,97,0.9991133809089661,0.0008641949971206486,0.029397193694647942,0.5323761701583862
29,360,2,0.01,98,0.9985846281051636,0.001379628200083971,0.03714334664625646,0.6050208210945129
29,360,2,0.01,99,0.9978091716766357,0.0021354653872549534,0.04621109593219959,0.6973015666007996
29,360,2,0.01,100,0.9988508224487305,0.0011201576562598348,0.03346875641938067,0.660397469997406
