seed,max_neurons,layers,lr,unlock_layers,epoch,Hys_score,Hys_mse,Hys_rmse,Hys_mape
1,360,2,0.01,4,1,0.989387035369873,0.010344862937927246,0.10170969933063044,4.2535271644592285
1,360,2,0.01,4,2,0.9936537742614746,0.006185907870531082,0.07865054272241917,2.037391424179077
1,360,2,0.01,4,3,0.9953137040138245,0.0045678927563130856,0.06758618761487502,0.7164611220359802
1,360,2,0.01,4,4,0.9954226016998291,0.004461769014596939,0.06679647456712771,0.8235316872596741
1,360,2,0.01,4,5,0.9969540238380432,0.0029690328519791365,0.054488832360210626,1.019900918006897
1,360,2,0.01,4,6,0.9966943860054016,0.0032221246510744095,0.05676376177698594,0.5026068687438965
1,360,2,0.01,4,7,0.9973015189170837,0.0026302917394787073,0.051286369919099434,0.7432472109794617
1,360,2,0.01,4,8,0.9972158670425415,0.002713814377784729,0.05209428354229213,0.9953729510307312
1,360,2,0.01,4,9,0.9970743656158447,0.002851753495633602,0.053401811726135305,0.45315614342689514
1,360,2,0.01,4,10,0.9968754053115845,0.003045642049983144,0.05518733595656837,1.6998690366744995
1,360,2,0.01,4,11,0.9963570237159729,0.0035509406588971615,0.05958976975032847,1.3141568899154663
1,360,2,0.01,4,12,0.9980605840682983,0.001890396000817418,0.04347868444211966,0.6706222891807556
1,360,2,0.01,4,13,0.9972682595252991,0.0026627432089298964,0.051601775249790545,0.8104313015937805
1,360,2,0.01,4,14,0.9939219355583191,0.005924505647271872,0.07697081035867995,0.5348721742630005
1,360,2,0.01,4,15,0.9970508217811584,0.0028746656607836485,0.0536159086539028,0.38094350695610046
1,360,2,0.01,4,16,0.9979658126831055,0.001982785062864423,0.044528474742173946,0.9865269660949707
1,360,2,0.01,4,17,0.9983009696006775,0.0016561370575800538,0.04069566386705166,0.7625638246536255
1,360,2,0.01,4,18,0.9959705471992493,0.003927685786038637,0.0626712516712299,0.5801565647125244
1,360,2,0.01,4,19,0.9976218342781067,0.0023180770222097635,0.04814641235034822,0.47600656747817993
1,360,2,0.01,4,20,0.9982121586799622,0.0017426999984309077,0.041745658438104766,0.8324720859527588
1,360,2,0.01,4,21,0.9976580739021301,0.0022827584762126207,0.04777822177742303,0.5818373560905457
1,360,2,0.01,4,22,0.9974534511566162,0.002482214942574501,0.04982183198733765,1.293330192565918
1,360,2,0.01,4,23,0.9981207847595215,0.0018317176727578044,0.04279857091957399,0.45422637462615967
1,360,2,0.01,4,24,0.9932688474655151,0.006561135407537222,0.08100083584468262,1.5828019380569458
1,360,2,0.01,4,25,0.9982319474220276,0.0017233660910278559,0.04151344470202221,0.42637860774993896
1,360,2,0.01,4,26,0.9983602166175842,0.0015983529156073928,0.039979406143755974,0.4553770422935486
1,360,2,0.01,4,27,0.9961556792259216,0.0037472331896424294,0.06121464848908657,1.279309630393982
1,360,2,0.01,4,28,0.9984301924705505,0.001530175912193954,0.03911746300814962,0.3191416561603546
1,360,2,0.01,4,29,0.9985470771789551,0.001416197046637535,0.03763239358102983,0.6278648376464844
1,360,2,0.01,4,30,0.9962232708930969,0.0036813037004321814,0.06067374803349618,0.9829708337783813
1,360,2,0.01,4,31,0.997661828994751,0.002279111882671714,0.04774004485410245,1.1825041770935059
1,360,2,0.01,4,32,0.995842695236206,0.0040522729977965355,0.06365746615909665,0.3812115788459778
1,360,2,0.01,4,33,0.997952401638031,0.0019959004130214453,0.044675501262117306,1.5392369031906128
1,360,2,0.01,4,34,0.9972541928291321,0.0026764310896396637,0.051734235179807804,0.4593954384326935
1,360,2,0.01,4,35,0.9985198974609375,0.0014426979469135404,0.03798286385876584,0.9841302633285522
1,360,2,0.01,4,36,0.9984362125396729,0.0015242763329297304,0.03904198167267807,1.00091552734375
1,360,2,0.01,4,37,0.9984874725341797,0.0014743427745997906,0.03839717144009166,0.44908177852630615
1,360,2,0.01,4,38,0.9933593273162842,0.0064729247242212296,0.08045448852749752,2.073148250579834
1,360,2,0.01,4,39,0.9983360767364502,0.0016219181707128882,0.04027304521280813,1.1301640272140503
1,360,2,0.01,4,40,0.9915353655815125,0.008250788785517216,0.09083385264050631,1.0176565647125244
1,360,2,0.01,4,41,0.9983125925064087,0.0016447571106255054,0.040555605169020785,1.09995436668396
1,360,2,0.01,4,42,0.9963983297348022,0.0035107049625366926,0.059251202203302954,0.4471210241317749
1,360,2,0.01,4,43,0.9984902143478394,0.0014716305304318666,0.03836183690116868,0.627203643321991
1,360,2,0.01,4,44,0.9987379908561707,0.0012301027309149504,0.03507282040148682,0.8444474935531616
1,360,2,0.01,4,45,0.995376467704773,0.004506759345531464,0.06713240160705905,1.0457621812820435
1,360,2,0.01,4,46,0.992221474647522,0.007582036312669516,0.08707488910512327,0.8695985078811646
1,360,2,0.01,4,47,0.9981441497802734,0.0018089883960783482,0.042532204223133654,1.4847214221954346
1,360,2,0.01,4,48,0.9981592893600464,0.0017942393897101283,0.04235846302346354,0.5523295998573303
1,360,2,0.01,4,49,0.9982383251190186,0.0017171684885397553,0.04143873174386199,0.7082546353340149
1,360,2,0.01,4,50,0.9986264109611511,0.0013388878433033824,0.036590816379296356,0.878485381603241
1,360,2,0.01,4,51,0.9958212971687317,0.004073126707226038,0.06382105222593903,0.8225817084312439
1,360,2,0.01,4,52,0.9979586601257324,0.001989765092730522,0.04460678303498832,0.6389215588569641
1,360,2,0.01,4,53,0.9937097430229187,0.006131338886916637,0.07830286640293979,0.621192991733551
1,360,2,0.01,4,54,0.9965563416481018,0.003356644418090582,0.057936555110660336,0.5294505953788757
1,360,2,0.01,4,55,0.9982168674468994,0.0017380822682753205,0.04169031384237015,1.0167534351348877
1,360,2,0.01,4,56,0.9983221888542175,0.0016354542458429933,0.04044074981801145,0.6030075550079346
1,360,2,0.01,4,57,0.9985033869743347,0.001458830782212317,0.038194643370665436,1.245512843132019
1,360,2,0.01,4,58,0.9983221888542175,0.0016354360850527883,0.0404405252816131,0.8026562929153442
1,360,2,0.01,4,59,0.9865656495094299,0.013094989582896233,0.11443334122053866,0.7136799693107605
1,360,2,0.01,4,60,0.9977940320968628,0.0021502221934497356,0.046370488389165535,0.6655907034873962
1,360,2,0.01,4,61,0.9969281554222107,0.002994256792590022,0.05471980256351463,0.8599722981452942
1,360,2,0.01,4,62,0.9982895851135254,0.0016672108322381973,0.040831493142404154,0.4763883352279663
1,360,2,0.01,4,63,0.9985477924346924,0.0014155417447909713,0.03762368595434226,0.5700076818466187
1,360,2,0.01,4,64,0.9986423254013062,0.0013233583886176348,0.036377993191181325,0.9140968322753906
1,360,2,0.01,4,65,0.9984366297721863,0.0015238960040733218,0.039037110600982264,0.5653454661369324
1,360,2,0.01,4,66,0.9983100891113281,0.0016471972921863198,0.04058567841229613,0.6360177993774414
1,360,2,0.01,4,67,0.9987791180610657,0.001190050272271037,0.03449710527379127,0.8001161813735962
1,360,2,0.01,4,68,0.9963144063949585,0.003592488821595907,0.059937374163337415,0.5253477096557617
1,360,2,0.01,4,69,0.9975414872169495,0.0023963951971381903,0.0489529896649652,0.8999996781349182
1,360,2,0.01,4,70,0.9980391263961792,0.0019113656599074602,0.04371916810630619,1.1531769037246704
1,360,2,0.01,4,71,0.9951841831207275,0.004694168921560049,0.06851400529497637,1.663852572441101
1,360,2,0.01,4,72,0.9988430142402649,0.0011277729645371437,0.03358233113613681,0.6685671806335449
1,360,2,0.01,4,73,0.9986534118652344,0.001312591484747827,0.03622970445294616,0.6806631088256836
1,360,2,0.01,4,74,0.9943149089813232,0.005541467107832432,0.07444103107717162,1.1348950862884521
1,360,2,0.01,4,75,0.9909142255783081,0.008856275118887424,0.09410778458176254,1.252211093902588
1,360,2,0.01,4,76,0.9982737898826599,0.0016825823113322258,0.0410192919408932,0.6993895769119263
1,360,2,0.01,4,77,0.9984641671180725,0.0014970185002312064,0.03869132331972126,0.4108680188655853
1,360,2,0.01,4,78,0.998746931552887,0.001221417565830052,0.03494878489776221,0.6833708882331848
1,360,2,0.01,4,79,0.9985607862472534,0.0014028819277882576,0.03745506544899178,0.3640334904193878
1,360,2,0.01,4,80,0.9890109300613403,0.01071146223694086,0.10349619431138934,1.3984752893447876
1,360,2,0.01,4,81,0.9984038472175598,0.0015558501472696662,0.03944426634213984,0.7605987191200256
1,360,2,0.01,4,82,0.9979750514030457,0.0019738003611564636,0.044427473044912916,0.5365768671035767
1,360,2,0.01,4,83,0.9988659620285034,0.0011053872294723988,0.03324736424849944,0.5958108901977539
1,360,2,0.01,4,84,0.998132586479187,0.0018202654318884015,0.04266456881170137,0.8283529281616211
1,360,2,0.01,4,85,0.9975327253341675,0.0024049647618085146,0.04904044006540433,0.537485659122467
1,360,2,0.01,4,86,0.998401939868927,0.0015577006852254272,0.03946771700042235,0.6240828633308411
1,360,2,0.01,4,87,0.9987082481384277,0.0012591396225616336,0.035484357434813915,0.31981632113456726
1,360,2,0.01,4,88,0.9984529614448547,0.001507963752374053,0.03883250896316195,0.7231358885765076
1,360,2,0.01,4,89,0.9988093972206116,0.0011605544714257121,0.034066911680187745,0.27862581610679626
1,360,2,0.01,4,90,0.9971170425415039,0.00281014502979815,0.053010801067312215,0.4785028100013733
1,360,2,0.01,4,91,0.9989837408065796,0.0009905850747600198,0.03147356152010795,0.7099098563194275
1,360,2,0.01,4,92,0.9985196590423584,0.001442922162823379,0.037985815284437154,0.8116716742515564
1,360,2,0.01,4,93,0.9990353584289551,0.0009402703144587576,0.03066382745938213,0.3662223219871521
1,360,2,0.01,4,94,0.9991059303283691,0.0008715035510249436,0.029521238981874448,0.8963778018951416
1,360,2,0.01,4,95,0.9980641603469849,0.001886913669295609,0.043438619560197914,0.3901861011981964
1,360,2,0.01,4,96,0.9985451102256775,0.0014181522419676185,0.03765836217850716,0.6451822519302368
1,360,2,0.01,4,97,0.9981893301010132,0.0017649211222305894,0.042010964309696454,0.5857110619544983
1,360,2,0.01,4,98,0.9983578324317932,0.0016006618971005082,0.040008272858254056,0.7509996294975281
1,360,2,0.01,4,99,0.9948370456695557,0.005032555665820837,0.070940507933203,0.64605712890625
1,360,2,0.01,4,100,0.9972647428512573,0.0026661730371415615,0.05163499818090015,1.0857921838760376
2,360,2,0.01,4,1,0.9836292862892151,0.015957171097397804,0.1263216968592403,3.579423427581787
2,360,2,0.01,4,2,0.9952406883239746,0.004639082588255405,0.0681108110967371,1.0070749521255493
2,360,2,0.01,4,3,0.9958731532096863,0.004022587556391954,0.06342387213338488,0.6369107365608215
2,360,2,0.01,4,4,0.9955022931098938,0.004384086932986975,0.06621243790245888,0.5156012773513794
2,360,2,0.01,4,5,0.996580183506012,0.0033334039617329836,0.057735638575605826,1.2190922498703003
2,360,2,0.01,4,6,0.9965447187423706,0.003367975354194641,0.05803426017616354,0.46374619007110596
2,360,2,0.01,4,7,0.9963863492012024,0.003522338578477502,0.05934929299054456,0.44766002893447876
2,360,2,0.01,4,8,0.9955874681472778,0.004301085602492094,0.06558266236203052,0.6025220155715942
2,360,2,0.01,4,9,0.9970464110374451,0.0028789546340703964,0.053655890954026626,0.5854215621948242
2,360,2,0.01,4,10,0.9964691400527954,0.0034416813869029284,0.05866584514777681,0.5345960259437561
2,360,2,0.01,4,11,0.996946394443512,0.0029764685314148664,0.05455702091770468,0.4781734347343445
2,360,2,0.01,4,12,0.9975520372390747,0.0023861511144787073,0.0488482457666466,0.9280513525009155
2,360,2,0.01,4,13,0.9972179532051086,0.002711782231926918,0.05207477539007651,0.40754368901252747
2,360,2,0.01,4,14,0.9892032146453857,0.010524071753025055,0.10258689854472186,0.7105042338371277
2,360,2,0.01,4,15,0.9946161508560181,0.0052478560246527195,0.07244208738470144,0.4374217092990875
2,360,2,0.01,4,16,0.9969834685325623,0.00294033857062459,0.05422488884843002,0.6272825002670288
2,360,2,0.01,4,17,0.9979320168495178,0.002015756443142891,0.04489717633819404,0.44477739930152893
2,360,2,0.01,4,18,0.9972637891769409,0.002667101798579097,0.05164399092420237,0.8693554997444153
2,360,2,0.01,4,19,0.9973242282867432,0.00260818749666214,0.05107041704022144,0.5290780067443848
2,360,2,0.01,4,20,0.9941055774688721,0.005745545029640198,0.07579937354385059,0.6908125281333923
2,360,2,0.01,4,21,0.9979673027992249,0.0019813610706478357,0.0445124821892448,0.6444680094718933
2,360,2,0.01,4,22,0.9981000423431396,0.001851969282142818,0.04303451268624774,0.5433328747749329
2,360,2,0.01,4,23,0.997567355632782,0.0023711808025836945,0.04869477181981341,0.405426025390625
2,360,2,0.01,4,24,0.9968365430831909,0.0030835538636893034,0.05552975656068828,0.3853084146976471
2,360,2,0.01,4,25,0.9979559779167175,0.0019923849031329155,0.0446361389810198,1.2405662536621094
2,360,2,0.01,4,26,0.9892075061798096,0.010519852861762047,0.10256633395886804,1.0049198865890503
2,360,2,0.01,4,27,0.9956226348876953,0.00426679290831089,0.06532069280335973,1.129460096359253
2,360,2,0.01,4,28,0.993042528629303,0.0067816926166415215,0.08235103288144917,1.294691801071167
2,360,2,0.01,4,29,0.9973927140235901,0.0025414028204977512,0.05041232806068126,1.1684582233428955
2,360,2,0.01,4,30,0.9982002973556519,0.0017542632995173335,0.04188392650549055,0.5409907102584839
2,360,2,0.01,4,31,0.9975928068161011,0.0023464097175747156,0.048439753483835106,0.33006924390792847
2,360,2,0.01,4,32,0.9924513101577759,0.00735801225528121,0.08577885669138526,1.0704455375671387
2,360,2,0.01,4,33,0.9975157380104065,0.0024214815348386765,0.049208551440158003,1.5904319286346436
2,360,2,0.01,4,34,0.9976353645324707,0.002304929541423917,0.04800968174674684,0.36231595277786255
2,360,2,0.01,4,35,0.9972198009490967,0.002709990134462714,0.0520575655833301,1.0778230428695679
2,360,2,0.01,4,36,0.9981073141098022,0.0018448580522090197,0.04295181081408582,0.3999524712562561
2,360,2,0.01,4,37,0.9984831213951111,0.0014785368693992496,0.03845174728668711,0.6024755835533142
2,360,2,0.01,4,38,0.9966956973075867,0.003220854327082634,0.05675257110548062,0.8652617335319519
2,360,2,0.01,4,39,0.9981049299240112,0.0018472048686817288,0.042979121311187,0.48566174507141113
2,360,2,0.01,4,40,0.9949800372123718,0.004893146455287933,0.06995102897947916,0.7532321810722351
2,360,2,0.01,4,41,0.9974165558815002,0.0025181558448821306,0.05018123000567175,0.35339224338531494
2,360,2,0.01,4,42,0.9982775449752808,0.0016789687797427177,0.04097522153378451,0.958757221698761
2,360,2,0.01,4,43,0.9957195520401001,0.004172320943325758,0.06459350542682878,1.1929322481155396
2,360,2,0.01,4,44,0.9953577518463135,0.004524966701865196,0.06726787273182643,0.5355191826820374
2,360,2,0.01,4,45,0.9976538419723511,0.0022869016975164413,0.04782156101087083,0.7819948792457581
2,360,2,0.01,4,46,0.9972537755966187,0.002676868112757802,0.05173845873968225,0.6140377521514893
2,360,2,0.01,4,47,0.9983378648757935,0.0016201634425669909,0.04025125392539953,0.3670675754547119
2,360,2,0.01,4,48,0.9986965656280518,0.0012705170083791018,0.03564431242679681,1.0903772115707397
2,360,2,0.01,4,49,0.9979031085968018,0.0020439079962670803,0.04520960070899853,0.8922377228736877
2,360,2,0.01,4,50,0.9978266358375549,0.0021184543147683144,0.04602666960326713,2.2577922344207764
2,360,2,0.01,4,51,0.9944872856140137,0.005373459309339523,0.07330388331691251,1.2374355792999268
2,360,2,0.01,4,52,0.9958386421203613,0.004056233447045088,0.0636885660620891,0.283665269613266
2,360,2,0.01,4,53,0.9980797171592712,0.0018717973725870252,0.043264273628330165,0.9952186942100525
2,360,2,0.01,4,54,0.998835027217865,0.0011355391470715404,0.03369776175165853,0.6799851655960083
2,360,2,0.01,4,55,0.9976284503936768,0.0023116515949368477,0.048079638049145584,0.6338606476783752
2,360,2,0.01,4,56,0.9986572265625,0.0013088766718283296,0.03617840062562647,0.9489891529083252
2,360,2,0.01,4,57,0.998702347278595,0.001264857011847198,0.035564828297732554,0.4147561192512512
2,360,2,0.01,4,58,0.9968181848526001,0.003101466689258814,0.05569081332911932,0.8413766622543335
2,360,2,0.01,4,59,0.9945729374885559,0.005289965309202671,0.07273214770101781,0.7445740103721619
2,360,2,0.01,4,60,0.9988393783569336,0.0011312998831272125,0.03363480166623868,0.7679014801979065
2,360,2,0.01,4,61,0.9966700673103333,0.003245832398533821,0.056972207246462035,0.8642866015434265
2,360,2,0.01,4,62,0.9985622763633728,0.001401429413817823,0.03743567034016919,0.6135194301605225
2,360,2,0.01,4,63,0.9987897276878357,0.0011796721955761313,0.03434635636535747,0.3219451904296875
2,360,2,0.01,4,64,0.9987649321556091,0.001203880412504077,0.034696979875834685,0.797529399394989
2,360,2,0.01,4,65,0.9986286759376526,0.0013366738567128778,0.03656055055265002,0.7983932495117188
2,360,2,0.01,4,66,0.998198926448822,0.0017555789090692997,0.04189962898486453,0.9904618263244629
2,360,2,0.01,4,67,0.9985170960426331,0.0014454515185207129,0.038019094130722166,0.984741747379303
2,360,2,0.01,4,68,0.9982060790061951,0.0017485801363363862,0.041816027266305275,1.1511344909667969
2,360,2,0.01,4,69,0.9986240267753601,0.0013411932159215212,0.036622304896354096,1.1014429330825806
2,360,2,0.01,4,70,0.9965763688087463,0.0033371378667652607,0.057767965748892876,1.5883419513702393
2,360,2,0.01,4,71,0.9977600574493408,0.002183363074436784,0.04672647081084536,0.4473075866699219
2,360,2,0.01,4,72,0.9979413747787476,0.0020066318102180958,0.04479544407881337,0.7127290368080139
2,360,2,0.01,4,73,0.9988728165626526,0.0010987060377374291,0.03314673494836903,0.591536819934845
2,360,2,0.01,4,74,0.9987484812736511,0.0012198941549286246,0.034926983192492086,0.5285873413085938
2,360,2,0.01,4,75,0.9987444281578064,0.0012238819617778063,0.03498402437939075,0.8866569995880127
2,360,2,0.01,4,76,0.9986838102340698,0.0012829245533794165,0.035817936196540084,0.48372209072113037
2,360,2,0.01,4,77,0.9978457093238831,0.002099877456203103,0.045824419867611016,0.4742394685745239
2,360,2,0.01,4,78,0.9988938570022583,0.001078217988833785,0.03283622982063844,0.5084244012832642
2,360,2,0.01,4,79,0.9965959191322327,0.0033181190956383944,0.05760311706529773,0.7721256017684937
2,360,2,0.01,4,80,0.997652530670166,0.0022881871555000544,0.04783499927354504,0.9846722483634949
2,360,2,0.01,4,81,0.9970456957817078,0.00287968129850924,0.053662662052019375,0.8778049945831299
2,360,2,0.01,4,82,0.9974830746650696,0.002453338587656617,0.04953118802993339,1.5276342630386353
2,360,2,0.01,4,83,0.9947640895843506,0.005103653762489557,0.07143986115950644,0.6047452688217163
2,360,2,0.01,4,84,0.9975172877311707,0.0024199876934289932,0.049193370421521165,0.6672863960266113
2,360,2,0.01,4,85,0.99872887134552,0.0012390168849378824,0.03519967165951811,1.1493890285491943
2,360,2,0.01,4,86,0.9984158873558044,0.0015440764836966991,0.03929473862614051,0.5159267783164978
2,360,2,0.01,4,87,0.998458743095398,0.0015023405430838466,0.0387600379654593,0.7002435922622681
2,360,2,0.01,4,88,0.9978302121162415,0.0021149844396859407,0.04598895997612841,0.6469062566757202
2,360,2,0.01,4,89,0.9988337159156799,0.0011368003906682134,0.033716470614051725,0.31961551308631897
2,360,2,0.01,4,90,0.9987050890922546,0.0012622064677998424,0.03552754519805502,0.6093615293502808
2,360,2,0.01,4,91,0.9988816380500793,0.0010901176137849689,0.0330169291998055,0.7136232852935791
2,360,2,0.01,4,92,0.9944432973861694,0.005416356027126312,0.07359589680903625,0.7695707678794861
2,360,2,0.01,4,93,0.9960559010505676,0.0038444646634161472,0.06200374717237779,1.305423378944397
2,360,2,0.01,4,94,0.9975482821464539,0.002389770932495594,0.04888528339383535,0.2570034861564636
2,360,2,0.01,4,95,0.9957348704338074,0.004157382529228926,0.06447776771282429,1.0201524496078491
2,360,2,0.01,4,96,0.9967305064201355,0.003186881775036454,0.05645247359537449,0.711484968662262
2,360,2,0.01,4,97,0.9970438480377197,0.002881461288779974,0.05367924448779038,0.769465446472168
2,360,2,0.01,4,98,0.9985036849975586,0.0014585262397304177,0.03819065644539797,0.45274484157562256
2,360,2,0.01,4,99,0.9988048076629639,0.0011650106171146035,0.034132251861173815,0.5184895396232605
2,360,2,0.01,4,100,0.9986851811408997,0.0012815860100090504,0.03579924594190568,0.3998112380504608
3,360,2,0.01,4,1,0.989582896232605,0.010153982788324356,0.10076697270596331,2.651160717010498
3,360,2,0.01,4,2,0.9928706288337708,0.006949272472411394,0.08336229646795602,1.090168833732605
3,360,2,0.01,4,3,0.9956396818161011,0.004250184167176485,0.06519343653448931,1.359786868095398
3,360,2,0.01,4,4,0.9959420561790466,0.003955454099923372,0.06289240097120934,0.9740661382675171
3,360,2,0.01,4,5,0.9957760572433472,0.004117242060601711,0.06416573899365385,0.9040934443473816
3,360,2,0.01,4,6,0.9972376823425293,0.0026925134006887674,0.05188943438397423,0.345289945602417
3,360,2,0.01,4,7,0.9966607093811035,0.003254952607676387,0.05705219196206564,0.9649309515953064
3,360,2,0.01,4,8,0.9969056844711304,0.003016131464391947,0.05491931777063465,1.0240141153335571
3,360,2,0.01,4,9,0.9978877902030945,0.0020588391926139593,0.04537443324840498,0.4209096133708954
3,360,2,0.01,4,10,0.997787594795227,0.0021564923226833344,0.04643804822215652,0.7249664068222046
3,360,2,0.01,4,11,0.9981132745742798,0.0018390718614682555,0.0428844011438688,0.5468571186065674
3,360,2,0.01,4,12,0.9969695806503296,0.0029538441449403763,0.05434927915750471,0.4308307468891144
3,360,2,0.01,4,13,0.9979400634765625,0.0020079168025404215,0.04480978467411355,0.702701210975647
3,360,2,0.01,4,14,0.997402012348175,0.002532373182475567,0.05032269053295508,1.0137399435043335
3,360,2,0.01,4,15,0.9974218606948853,0.0025130382273346186,0.050130212719822154,0.7822248935699463
3,360,2,0.01,4,16,0.9977576732635498,0.0021856611128896475,0.04675105467141514,0.3469880223274231
3,360,2,0.01,4,17,0.9938758015632629,0.005969484802335501,0.07726244108449784,0.5745412707328796
3,360,2,0.01,4,18,0.9958516955375671,0.004043509718030691,0.06358859739002498,0.7239236831665039
3,360,2,0.01,4,19,0.9971545934677124,0.002773548010736704,0.05266448528882347,0.45963168144226074
3,360,2,0.01,4,20,0.9979963302612305,0.0019530531717464328,0.04419336117276477,1.134324312210083
3,360,2,0.01,4,21,0.9963495135307312,0.0035582715645432472,0.05965124948015127,1.0452241897583008
3,360,2,0.01,4,22,0.9959313869476318,0.0039658211171627045,0.06297476571741022,0.5109235048294067
3,360,2,0.01,4,23,0.9980624914169312,0.0018885511672124267,0.043457463883807425,0.4838382601737976
3,360,2,0.01,4,24,0.9977907538414001,0.002153458772227168,0.04640537438947313,0.4534171223640442
3,360,2,0.01,4,25,0.997355580329895,0.002577616134658456,0.050770228822199094,0.5007365942001343
3,360,2,0.01,4,26,0.9980402588844299,0.0019102197838947177,0.04370606118028388,0.6255953907966614
3,360,2,0.01,4,27,0.9977817535400391,0.0021621850319206715,0.04649930141325428,0.5040650963783264
3,360,2,0.01,4,28,0.9945985674858093,0.005265011917799711,0.07256040185803625,0.7193411588668823
3,360,2,0.01,4,29,0.9980659484863281,0.0018851918866857886,0.04341879646749537,0.4109589457511902
3,360,2,0.01,4,30,0.9979331493377686,0.0020146286115050316,0.04488461441858481,0.44160380959510803
3,360,2,0.01,4,31,0.9984820485115051,0.0014796026516705751,0.038465603487669024,0.424944132566452
3,360,2,0.01,4,32,0.9969263076782227,0.0029960311949253082,0.05473601369231512,0.9154514074325562
3,360,2,0.01,4,33,0.9983523488044739,0.001606027944944799,0.040075278476197754,0.6251839995384216
3,360,2,0.01,4,34,0.9926121234893799,0.007201237138360739,0.08486010333696713,0.3959479033946991
3,360,2,0.01,4,35,0.9953657388687134,0.004517224617302418,0.0672103014224934,1.312375783920288
3,360,2,0.01,4,36,0.9973723888397217,0.002561212982982397,0.050608427983710354,0.6836726069450378
3,360,2,0.01,4,37,0.9943285584449768,0.005528160836547613,0.07435160278398585,0.629831075668335
3,360,2,0.01,4,38,0.9894004464149475,0.010331804864108562,0.10164548619642962,0.8276052474975586
3,360,2,0.01,4,39,0.9943985342979431,0.005459954962134361,0.0738915080515641,0.7666974663734436
3,360,2,0.01,4,40,0.9982742071151733,0.001682192669250071,0.04101454216799294,0.35948169231414795
3,360,2,0.01,4,41,0.994620144367218,0.005243947729468346,0.07241510705279905,0.455641508102417
3,360,2,0.01,4,42,0.9961503148078918,0.0037524516228586435,0.06125725771578943,0.5942761301994324
3,360,2,0.01,4,43,0.9981352686882019,0.0018176436424255371,0.04263383213394659,0.4963926672935486
3,360,2,0.01,4,44,0.9958083033561707,0.004085790831595659,0.06392019111044381,0.7542971968650818
3,360,2,0.01,4,45,0.9946576952934265,0.00520734628662467,0.0721619448644829,0.5179476737976074
3,360,2,0.01,4,46,0.9985977411270142,0.0013668639585375786,0.03697112330640737,0.5032730102539062
3,360,2,0.01,4,47,0.9968578815460205,0.003062738571316004,0.05534201452166341,0.6508545875549316
3,360,2,0.01,4,48,0.9983890056610107,0.001570313237607479,0.039627178017207824,0.5141783356666565
3,360,2,0.01,4,49,0.9985018968582153,0.0014602778246626258,0.03821358167801895,0.3237074911594391
3,360,2,0.01,4,50,0.9968037605285645,0.0031155229080468416,0.05581686938593781,0.6543602347373962
3,360,2,0.01,4,51,0.9956623315811157,0.004228114616125822,0.06502395417171908,0.5642088055610657
3,360,2,0.01,4,52,0.9987245798110962,0.0012432194780558348,0.03525931760621347,0.46613505482673645
3,360,2,0.01,4,53,0.9986629486083984,0.001303252181969583,0.03610058423307832,0.5248546004295349
3,360,2,0.01,4,54,0.9982358813285828,0.0017195376567542553,0.041467308289232556,0.6399849057197571
3,360,2,0.01,4,55,0.9928752183914185,0.006944785825908184,0.08333538159694347,0.8412269949913025
3,360,2,0.01,4,56,0.9982501864433289,0.0017056198557838798,0.04129915078768424,0.33406418561935425
3,360,2,0.01,4,57,0.9824496507644653,0.017107022926211357,0.13079381837920076,0.5189251899719238
3,360,2,0.01,4,58,0.9983514547348022,0.0016069122357293963,0.040086309829284565,0.6075135469436646
3,360,2,0.01,4,59,0.9982396364212036,0.0017159158596768975,0.041423614758696485,1.147455096244812
3,360,2,0.01,4,60,0.9983081221580505,0.001649131067097187,0.04060949478997722,0.37279605865478516
3,360,2,0.01,4,61,0.996055543422699,0.0038448316045105457,0.06200670612530991,0.6107715368270874
3,360,2,0.01,4,62,0.9981173872947693,0.001835038186982274,0.042837345704213214,0.40753716230392456
3,360,2,0.01,4,63,0.9964367151260376,0.0034732765052467585,0.058934510308025455,0.6281418800354004
3,360,2,0.01,4,64,0.9966228008270264,0.00329186231829226,0.05737475331792077,0.42951518297195435
3,360,2,0.01,4,65,0.9964854121208191,0.003425797214731574,0.05853031022241018,0.3688962757587433
3,360,2,0.01,4,66,0.9985491633415222,0.0014142015716060996,0.037605871504408715,0.367660790681839
3,360,2,0.01,4,67,0.9984383583068848,0.0015221904031932354,0.03901525859446834,0.5303900837898254
3,360,2,0.01,4,68,0.9986568093299866,0.0013092743465676904,0.03618389623254647,0.735986053943634
3,360,2,0.01,4,69,0.9905310869216919,0.009229700081050396,0.09607132809038499,0.9427964091300964
3,360,2,0.01,4,70,0.9987533688545227,0.0012151282280683517,0.03485868941983264,0.3584718108177185
3,360,2,0.01,4,71,0.9976113438606262,0.0023283238988369703,0.048252708720205234,0.46538498997688293
3,360,2,0.01,4,72,0.9983838796615601,0.001575323287397623,0.03969034249534291,0.5464426279067993
3,360,2,0.01,4,73,0.9985905289649963,0.0013738725101575255,0.03706578624766411,0.40649163722991943
3,360,2,0.01,4,74,0.9945299625396729,0.005331843625754118,0.07301947429113768,0.6028203368186951
3,360,2,0.01,4,75,0.995690107345581,0.004201018717139959,0.06481526608091615,0.45262494683265686
3,360,2,0.01,4,76,0.9976030588150024,0.002336403587833047,0.04833635885990014,0.5947659611701965
3,360,2,0.01,4,77,0.9986791014671326,0.0012875451939180493,0.03588237999238692,0.6395958662033081
3,360,2,0.01,4,78,0.9977470636367798,0.0021960162557661533,0.04686167149991721,0.5505650043487549
3,360,2,0.01,4,79,0.997556746006012,0.002381520811468363,0.0488008279793321,0.9379673004150391
3,360,2,0.01,4,80,0.9968847632408142,0.0030365223065018654,0.055104648683226946,1.1163418292999268
3,360,2,0.01,4,81,0.9986978769302368,0.001269245520234108,0.03562647218339346,0.421409010887146
3,360,2,0.01,4,82,0.9954302906990051,0.004454292822629213,0.06674048863043493,0.970984697341919
3,360,2,0.01,4,83,0.9981545209884644,0.0017988794716075063,0.04241319926163913,0.4389140009880066
3,360,2,0.01,4,84,0.9982510209083557,0.001704807160422206,0.041289310486156174,0.6918371915817261
3,360,2,0.01,4,85,0.9983959794044495,0.0015634732553735375,0.03954077965055238,0.3569658100605011
3,360,2,0.01,4,86,0.9980841279029846,0.001867466839030385,0.043214197192940944,0.5767530798912048
3,360,2,0.01,4,87,0.9981667399406433,0.00178695993963629,0.04227244894297336,1.007010579109192
3,360,2,0.01,4,88,0.9980652928352356,0.0018858551047742367,0.04342643324951102,0.45001649856567383
3,360,2,0.01,4,89,0.9955655336380005,0.004322423599660397,0.06574514126276099,0.8392235040664673
3,360,2,0.01,4,90,0.9978927969932556,0.0020539816468954086,0.04532087429535543,0.6316190958023071
3,360,2,0.01,4,91,0.998453676700592,0.0015072791138663888,0.0388236926871516,0.4555300772190094
3,360,2,0.01,4,92,0.9986835718154907,0.0012831931235268712,0.03582168510172115,0.2559051811695099
3,360,2,0.01,4,93,0.9984819889068604,0.0014796367613598704,0.03846604686421352,0.5821800827980042
3,360,2,0.01,4,94,0.9978439807891846,0.002101527526974678,0.04584242060553389,0.4434187114238739
3,360,2,0.01,4,95,0.9985834956169128,0.0013807297218590975,0.03715817167002566,0.4647527039051056
3,360,2,0.01,4,96,0.996448278427124,0.0034619972575455904,0.05883873942859067,0.29209673404693604
3,360,2,0.01,4,97,0.9985114336013794,0.0014509359607473016,0.03809115331343095,0.5326722860336304
3,360,2,0.01,4,98,0.9986515045166016,0.0013144143158569932,0.03625485230775314,0.4906761050224304
3,360,2,0.01,4,99,0.9979773163795471,0.001971560763195157,0.044402260789234115,0.3647056221961975
3,360,2,0.01,4,100,0.9983657598495483,0.0015929368091747165,0.0399116124602191,0.4566066265106201
4,360,2,0.01,4,1,0.9853984117507935,0.014232734218239784,0.11930102354229734,3.215988874435425
4,360,2,0.01,4,2,0.9860780239105225,0.01357029564678669,0.11649161191599458,1.077377438545227
4,360,2,0.01,4,3,0.993681013584137,0.006159369368106127,0.07848164988139665,1.3540042638778687
4,360,2,0.01,4,4,0.9948431253433228,0.005026611499488354,0.07089860012361565,1.977538824081421
4,360,2,0.01,4,5,0.995081901550293,0.004793851170688868,0.06923764272914602,1.7201420068740845
4,360,2,0.01,4,6,0.9971475601196289,0.0027804113924503326,0.052729606412814545,1.5967137813568115
4,360,2,0.01,4,7,0.9970621466636658,0.0028636346105486155,0.053512938720916975,1.660698652267456
4,360,2,0.01,4,8,0.9848937392234802,0.014724682085216045,0.12134530104299897,0.7945570349693298
4,360,2,0.01,4,9,0.9953203201293945,0.004561451729387045,0.06753852033756029,1.6370540857315063
4,360,2,0.01,4,10,0.9969004988670349,0.0030212141573429108,0.05496557247353029,1.1866599321365356
4,360,2,0.01,4,11,0.9939188957214355,0.0059274956583976746,0.0769902309283306,1.2707093954086304
4,360,2,0.01,4,12,0.9976486563682556,0.002291952259838581,0.047874338218283304,0.6709476709365845
4,360,2,0.01,4,13,0.9948104619979858,0.005058440379798412,0.0711227135294936,2.257857322692871
4,360,2,0.01,4,14,0.9969719052314758,0.002951606409624219,0.05432868864259673,0.5383211970329285
4,360,2,0.01,4,15,0.9948183298110962,0.0050507658161222935,0.0710687400769304,0.8665280342102051
4,360,2,0.01,4,16,0.9978371858596802,0.0021081657614558935,0.04591476626811786,0.4252825379371643
4,360,2,0.01,4,17,0.992702305316925,0.007113373372703791,0.08434081676569057,1.3919916152954102
4,360,2,0.01,4,18,0.9967089295387268,0.0032079629600048065,0.0566388820511564,0.7386465072631836
4,360,2,0.01,4,19,0.9977535605430603,0.0021897132974117994,0.046794372497254405,1.1098936796188354
4,360,2,0.01,4,20,0.9976099729537964,0.002329649869352579,0.04826644662032393,1.4780702590942383
4,360,2,0.01,4,21,0.9915382266044617,0.00824799481779337,0.09081847178737026,2.5352766513824463
4,360,2,0.01,4,22,0.9973788857460022,0.0025549083948135376,0.05054610167771138,0.5491761565208435
4,360,2,0.01,4,23,0.9983722567558289,0.0015865982277318835,0.039832125573861656,0.7951072454452515
4,360,2,0.01,4,24,0.9969792366027832,0.002944439649581909,0.05426269113840475,0.47116121649742126
4,360,2,0.01,4,25,0.9977933764457703,0.00215091067366302,0.04637791148448817,0.6581628918647766
4,360,2,0.01,4,26,0.9976844787597656,0.0022570560686290264,0.047508484175239965,1.2702854871749878
4,360,2,0.01,4,27,0.9947546720504761,0.005112855229526758,0.07150423224905472,1.924730896949768
4,360,2,0.01,4,28,0.9975313544273376,0.0024062651209533215,0.049053696302657164,1.0397450923919678
4,360,2,0.01,4,29,0.9973723888397217,0.002561260713264346,0.0506088995460714,0.3957376480102539
4,360,2,0.01,4,30,0.9979407787322998,0.0020072036422789097,0.04480182632749372,0.569430410861969
4,360,2,0.01,4,31,0.9982583522796631,0.0016976381884887815,0.04120240512990451,0.8479058146476746
4,360,2,0.01,4,32,0.9965421557426453,0.0033704922534525394,0.05805594072489515,0.8672338128089905
4,360,2,0.01,4,33,0.9921530485153198,0.007648753467947245,0.08745715218292467,1.4565258026123047
4,360,2,0.01,4,34,0.9926614165306091,0.007153188809752464,0.08457652635189308,1.0703315734863281
4,360,2,0.01,4,35,0.9968587756156921,0.003061884781345725,0.055334300224596004,0.8577927947044373
4,360,2,0.01,4,36,0.9984551668167114,0.001505811233073473,0.03880478363647288,0.9221542477607727
4,360,2,0.01,4,37,0.9983762502670288,0.0015827567549422383,0.03978387556463345,0.6647672057151794
4,360,2,0.01,4,38,0.9978493452072144,0.0020963537972420454,0.045785956332068084,0.633684515953064
4,360,2,0.01,4,39,0.9985030293464661,0.0014591289218515158,0.03819854606986391,1.0474063158035278
4,360,2,0.01,4,40,0.9979555010795593,0.001992859411984682,0.04464145396360519,1.5340886116027832
4,360,2,0.01,4,41,0.9963170886039734,0.003589859465137124,0.05991543595048879,0.8745667934417725
4,360,2,0.01,4,42,0.9980207085609436,0.001929270918481052,0.0439234666036397,0.9775671362876892
4,360,2,0.01,4,43,0.9980705976486206,0.0018806846346706152,0.04336686101933843,0.49646031856536865
4,360,2,0.01,4,44,0.9981347918510437,0.0018180839251726866,0.04263899535838862,0.7326849102973938
4,360,2,0.01,4,45,0.9987362623214722,0.0012318231165409088,0.03509733774149983,0.45617663860321045
4,360,2,0.01,4,46,0.9975773096084595,0.0023614868987351656,0.04859513245928203,0.41782352328300476
4,360,2,0.01,4,47,0.9979978203773499,0.0019516312750056386,0.04417727102261568,0.6680047512054443
4,360,2,0.01,4,48,0.9965900778770447,0.0033238076139241457,0.05765247274769874,1.012636661529541
4,360,2,0.01,4,49,0.9957302808761597,0.004161858931183815,0.06451247112910662,0.5818970799446106
4,360,2,0.01,4,50,0.9975844025611877,0.002354555996134877,0.0485237673324617,1.1895771026611328
4,360,2,0.01,4,51,0.9979405999183655,0.0020073915366083384,0.04480392322786408,0.7189840078353882
4,360,2,0.01,4,52,0.9982944130897522,0.0016624918207526207,0.04077366577526015,0.36189523339271545
4,360,2,0.01,4,53,0.9972019195556641,0.002727386076003313,0.05222438200690663,0.892856240272522
4,360,2,0.01,4,54,0.9978743195533752,0.0020719992462545633,0.045519218427545124,0.582954466342926
4,360,2,0.01,4,55,0.9980568885803223,0.0018940536538138986,0.04352072671513998,0.5762807726860046
4,360,2,0.01,4,56,0.9986073970794678,0.001357451779767871,0.03684361246902739,0.7021679282188416
4,360,2,0.01,4,57,0.9984773397445679,0.001484182197600603,0.038525085302963356,0.3810592293739319
4,360,2,0.01,4,58,0.9983918070793152,0.0015675871400162578,0.03959276625870258,1.146346926689148
4,360,2,0.01,4,59,0.9985344409942627,0.0014285537181422114,0.03779621301323998,0.489672988653183
4,360,2,0.01,4,60,0.9973253607749939,0.0026070652529597282,0.05105942863918209,0.3281296491622925
4,360,2,0.01,4,61,0.9981685876846313,0.001785138389095664,0.0422508980862616,0.507420539855957
4,360,2,0.01,4,62,0.9947308301925659,0.005136095918715,0.07166656067312704,0.5721542835235596
4,360,2,0.01,4,63,0.9977603554725647,0.0021830841433256865,0.04672348599286751,1.0331456661224365
4,360,2,0.01,4,64,0.9976351261138916,0.0023051283787935972,0.048011752507001834,0.7859026789665222
4,360,2,0.01,4,65,0.9951891899108887,0.004689261317253113,0.06847818132261628,1.1683772802352905
4,360,2,0.01,4,66,0.9970925450325012,0.002833993174135685,0.05323526250649737,0.3600187599658966
4,360,2,0.01,4,67,0.998360276222229,0.001598320552147925,0.03997900139007883,1.188950538635254
4,360,2,0.01,4,68,0.9982864856719971,0.001670205732807517,0.04086815059196485,0.544011652469635
4,360,2,0.01,4,69,0.9956651329994202,0.00422534067183733,0.06500262049977162,1.1132177114486694
4,360,2,0.01,4,70,0.9985255002975464,0.001437262981198728,0.03791125138001551,0.761587917804718
4,360,2,0.01,4,71,0.9982985854148865,0.0016584305558353662,0.040723832774376315,1.1148508787155151
4,360,2,0.01,4,72,0.9988722205162048,0.0010993104660883546,0.03315585115915975,0.6951809525489807
4,360,2,0.01,4,73,0.9983192682266235,0.0016382711473852396,0.04047556234798029,0.5802961587905884
4,360,2,0.01,4,74,0.9980671405792236,0.0018840295961126685,0.043405409756304206,1.019223690032959
4,360,2,0.01,4,75,0.9987097978591919,0.0012575947912409902,0.03546258297474946,0.7243942022323608
4,360,2,0.01,4,76,0.9982650876045227,0.0016910720150917768,0.04112264601277229,0.3898032605648041
4,360,2,0.01,4,77,0.9982531666755676,0.0017027342692017555,0.041264200818648546,0.9269882440567017
4,360,2,0.01,4,78,0.9985426664352417,0.0014205188490450382,0.037689771146095306,0.8640968799591064
4,360,2,0.01,4,79,0.9977953433990479,0.00214897352270782,0.04635702236671182,1.2602463960647583
4,360,2,0.01,4,80,0.9985443949699402,0.0014188571367412806,0.03766772008950476,0.6462342739105225
4,360,2,0.01,4,81,0.991978645324707,0.007818732410669327,0.08842359645857732,1.580343246459961
4,360,2,0.01,4,82,0.9966794848442078,0.003236629068851471,0.05689137956537415,0.5772081613540649
4,360,2,0.01,4,83,0.9987038969993591,0.0012633848236873746,0.03554412502351654,0.6369988918304443
4,360,2,0.01,4,84,0.9919838905334473,0.007813597097992897,0.08839455355389775,0.6668576598167419
4,360,2,0.01,4,85,0.9983161687850952,0.0016412929398939013,0.04051287375506583,1.0741983652114868
4,360,2,0.01,4,86,0.998889684677124,0.0010822433978319168,0.03289746795472133,0.47023868560791016
4,360,2,0.01,4,87,0.9986089468002319,0.0013559298822656274,0.03682295319859106,0.5333567261695862
4,360,2,0.01,4,88,0.9981136918067932,0.0018386848969385028,0.042879889189904666,0.32283106446266174
4,360,2,0.01,4,89,0.9987608790397644,0.0012078327126801014,0.03475388773475712,0.4032618999481201
4,360,2,0.01,4,90,0.9959859251976013,0.003912704065442085,0.06255161121379757,0.4599934220314026
4,360,2,0.01,4,91,0.9983060956001282,0.0016511384164914489,0.0406342025452875,0.2926788628101349
4,360,2,0.01,4,92,0.9975516200065613,0.002386515960097313,0.0488519801041607,0.3735206425189972
4,360,2,0.01,4,93,0.9982147812843323,0.0017400954384356737,0.04171445119422853,0.31564295291900635
4,360,2,0.01,4,94,0.9984455108642578,0.0015152298146858811,0.038925952970812173,0.3706884980201721
4,360,2,0.01,4,95,0.9989135265350342,0.0010590240126475692,0.032542649133830044,0.3503893315792084
4,360,2,0.01,4,96,0.9985942840576172,0.001370205543935299,0.03701628754933832,0.7045045495033264
4,360,2,0.01,4,97,0.9966214299201965,0.0032932532485574484,0.057386873486516485,0.5668832063674927
4,360,2,0.01,4,98,0.9970329403877258,0.0028921051416546106,0.05377829619516233,0.3592900037765503
4,360,2,0.01,4,99,0.994242250919342,0.005612324923276901,0.07491545183256189,1.2676151990890503
4,360,2,0.01,4,100,0.9985527396202087,0.0014106800081208348,0.03755902032962035,0.3726964294910431
5,360,2,0.01,4,1,0.9906976819038391,0.009067350998520851,0.09522263910709916,1.2484798431396484
5,360,2,0.01,4,2,0.9948179721832275,0.005051096901297569,0.07107106936931208,0.943234384059906
5,360,2,0.01,4,3,0.9960559606552124,0.0038444260135293007,0.06200343549779561,0.8937468528747559
5,360,2,0.01,4,4,0.9964774250984192,0.0034335630480200052,0.05859661293982789,0.4276787042617798
5,360,2,0.01,4,5,0.9963380098342896,0.0035694914404302835,0.05974522106771623,0.47598087787628174
5,360,2,0.01,4,6,0.9972284436225891,0.0027015397790819407,0.05197633864636812,0.39322733879089355
5,360,2,0.01,4,7,0.9972897171974182,0.002641795901581645,0.051398403687095626,0.5192772746086121
5,360,2,0.01,4,8,0.9898880124092102,0.009856573306024075,0.099280276520687,0.5600674152374268
5,360,2,0.01,4,9,0.9961667656898499,0.003736384678632021,0.06112597384608298,0.4180219769477844
5,360,2,0.01,4,10,0.9960553050041199,0.0038450409192591906,0.06200839394194298,0.5613618493080139
5,360,2,0.01,4,11,0.9977594614028931,0.0021839523687958717,0.046732776172573695,0.6040112376213074
5,360,2,0.01,4,12,0.9957839846611023,0.004109535366296768,0.0641056578337417,1.2031346559524536
5,360,2,0.01,4,13,0.9956451654434204,0.004244817886501551,0.06515226693294371,0.4407159090042114
5,360,2,0.01,4,14,0.9975941181182861,0.0023451209999620914,0.04842644938421659,0.45507729053497314
5,360,2,0.01,4,15,0.9966714978218079,0.003244411200284958,0.05695973314794371,0.6898527145385742
5,360,2,0.01,4,16,0.9974957704544067,0.0024409734178334475,0.0494062082924145,0.6450574994087219
5,360,2,0.01,4,17,0.9975462555885315,0.002391741843894124,0.048905437774281545,0.7431121468544006
5,360,2,0.01,4,18,0.9966617822647095,0.003253917908295989,0.05704312323405854,0.9673065543174744
5,360,2,0.01,4,19,0.99763423204422,0.0023060357198119164,0.04802120073271717,0.6007384061813354
5,360,2,0.01,4,20,0.9961662292480469,0.003736946266144514,0.06113056736318185,0.45658427476882935
5,360,2,0.01,4,21,0.9979744553565979,0.001974398735910654,0.04443420682211683,0.470919132232666
5,360,2,0.01,4,22,0.9976721405982971,0.002269043819978833,0.04763448141817892,0.5820091366767883
5,360,2,0.01,4,23,0.9983142018318176,0.0016431999392807484,0.04053640264355914,0.44374632835388184
5,360,2,0.01,4,24,0.9937100410461426,0.006131088361144066,0.07830126666372687,0.7604799866676331
5,360,2,0.01,4,25,0.9979277849197388,0.002019883831962943,0.04494311773745723,0.7204108238220215
5,360,2,0.01,4,26,0.9979603886604309,0.001988102914765477,0.044588147693815194,0.6655184626579285
5,360,2,0.01,4,27,0.9962248206138611,0.003679843619465828,0.0606617146103358,0.39107614755630493
5,360,2,0.01,4,28,0.9982345700263977,0.0017208160134032369,0.041482719455253135,0.3367921710014343
5,360,2,0.01,4,29,0.9970405101776123,0.0028847509529441595,0.0537098776105863,1.0997982025146484
5,360,2,0.01,4,30,0.9979868531227112,0.0019623206462711096,0.044298088517125765,0.42663854360580444
5,360,2,0.01,4,31,0.9897187352180481,0.01002154778689146,0.10010768095851318,0.7959699630737305
5,360,2,0.01,4,32,0.9981272220611572,0.001825446030125022,0.042725238795412505,0.34619277715682983
5,360,2,0.01,4,33,0.9949793219566345,0.004893863573670387,0.06995615465182736,0.6762341856956482
5,360,2,0.01,4,34,0.9971194863319397,0.0028077338356524706,0.052988053706967485,0.6175863146781921
5,360,2,0.01,4,35,0.9980705976486206,0.0018806896405294538,0.0433669187345545,0.36681362986564636
5,360,2,0.01,4,36,0.9934150576591492,0.0064185974188148975,0.08011614955060495,0.9333047270774841
5,360,2,0.01,4,37,0.9983850121498108,0.0015741894021630287,0.039676055778807305,0.7482967376708984
5,360,2,0.01,4,38,0.997055172920227,0.002870456548407674,0.053576641817191885,0.8297404646873474
5,360,2,0.01,4,39,0.9981679320335388,0.0017857879865914583,0.04225858476796707,0.7078742980957031
5,360,2,0.01,4,40,0.9983617663383484,0.0015968276420608163,0.03996032585028326,0.7015846967697144
5,360,2,0.01,4,41,0.9980388879776001,0.001911558792926371,0.04372137684161343,0.350228875875473
5,360,2,0.01,4,42,0.9982122778892517,0.0017425644909963012,0.041744035394248855,0.5573318600654602
5,360,2,0.01,4,43,0.991303563117981,0.008476762101054192,0.09206933311941709,1.0001381635665894
5,360,2,0.01,4,44,0.9963836073875427,0.0035250617656856775,0.05937223059381951,1.5176271200180054
5,360,2,0.01,4,45,0.9979001879692078,0.002046778332442045,0.04524133433534035,0.397421658039093
5,360,2,0.01,4,46,0.9982921481132507,0.0016646838048473,0.04080053682057749,0.7929676175117493
5,360,2,0.01,4,47,0.9978489875793457,0.0020966834854334593,0.045789556510556634,0.36042898893356323
5,360,2,0.01,4,48,0.9957382082939148,0.004154147580265999,0.06445267706050695,0.622033953666687
5,360,2,0.01,4,49,0.9981871843338013,0.0017670022789388895,0.042035726221143,0.4627824127674103
5,360,2,0.01,4,50,0.9980772733688354,0.0018741494277492166,0.043291447512750325,0.4555116295814514
5,360,2,0.01,4,51,0.9977158308029175,0.0022264609578996897,0.047185389241794856,0.43179774284362793
5,360,2,0.01,4,52,0.9980904459953308,0.0018613258143886924,0.04314308536009789,0.4628444314002991
5,360,2,0.01,4,53,0.9984837174415588,0.0014779632911086082,0.03844428814672744,0.6266008019447327
5,360,2,0.01,4,54,0.9976863265037537,0.0022552337031811476,0.04748930093380137,0.42491915822029114
5,360,2,0.01,4,55,0.9979370832443237,0.0020108080934733152,0.04484203489443042,0.6366053819656372
5,360,2,0.01,4,56,0.9971243143081665,0.0028030218090862036,0.05294357193358041,0.4051991105079651
5,360,2,0.01,4,57,0.9982816576957703,0.0016749096103012562,0.04092565955853682,0.5070713758468628
5,360,2,0.01,4,58,0.998429536819458,0.001530765206553042,0.03912499465243467,0.6837213039398193
5,360,2,0.01,4,59,0.9953562021255493,0.004526520147919655,0.06727941845705605,0.715571403503418
5,360,2,0.01,4,60,0.9966089725494385,0.003305380465462804,0.0574924383329043,0.6047834157943726
5,360,2,0.01,4,61,0.9987376928329468,0.0012304163537919521,0.035077291141021025,0.5242510437965393
5,360,2,0.01,4,62,0.9950639009475708,0.0048114280216395855,0.06936445791354233,1.4511942863464355
5,360,2,0.01,4,63,0.9957438707351685,0.0041486360132694244,0.0644099061734251,0.8775054812431335
5,360,2,0.01,4,64,0.9971528649330139,0.0027751997113227844,0.05268016430614833,0.6462260484695435
5,360,2,0.01,4,65,0.9759958982467651,0.023397738113999367,0.15296319202343867,0.6651021838188171
5,360,2,0.01,4,66,0.9980953931808472,0.0018565049394965172,0.04308717836545481,0.8878812193870544
5,360,2,0.01,4,67,0.9962685704231262,0.003637191839516163,0.060309135622359594,0.8465332984924316
5,360,2,0.01,4,68,0.9986193776130676,0.0013457532040774822,0.03668450904779131,0.8377829790115356
5,360,2,0.01,4,69,0.9983243346214294,0.0016333401435986161,0.040414603098367995,0.48511701822280884
5,360,2,0.01,4,70,0.998458743095398,0.0015023327432572842,0.038759937348469546,1.1255508661270142
5,360,2,0.01,4,71,0.9928625226020813,0.0069571686908602715,0.08340964387203839,0.4207717478275299
5,360,2,0.01,4,72,0.9988123774528503,0.0011576453689485788,0.03402418799837226,0.8986119627952576
5,360,2,0.01,4,73,0.9983932375907898,0.0015661767683923244,0.03957495127466772,0.9720401167869568
5,360,2,0.01,4,74,0.9983605146408081,0.0015980639727786183,0.039975792334594425,0.7535156607627869
5,360,2,0.01,4,75,0.9978746175765991,0.0020716937724500895,0.04551586286614909,0.7529624104499817
5,360,2,0.01,4,76,0.9899657964706421,0.009780706837773323,0.0988974561744301,0.7451373934745789
5,360,2,0.01,4,77,0.997722327709198,0.0022201156243681908,0.047118102936856344,0.5634691119194031
5,360,2,0.01,4,78,0.998206615447998,0.001748063717968762,0.04180985192474092,0.8984253406524658
5,360,2,0.01,4,79,0.998077929019928,0.001873501343652606,0.04328396173702918,0.7239346504211426
5,360,2,0.01,4,80,0.9984292984008789,0.0015310156159102917,0.03912819464159178,0.6455479264259338
5,360,2,0.01,4,81,0.9984774589538574,0.0014840823132544756,0.03852378892651235,0.5918280482292175
5,360,2,0.01,4,82,0.9984766244888306,0.0014848964056000113,0.038534353577035795,0.5932651162147522
5,360,2,0.01,4,83,0.9981011152267456,0.001850925269536674,0.043022381030536586,0.2619827687740326
5,360,2,0.01,4,84,0.9983813762664795,0.001577763119712472,0.03972106644732077,0.76130211353302
5,360,2,0.01,4,85,0.9984502196311951,0.001510634203441441,0.03886687797394384,0.4370684027671814
5,360,2,0.01,4,86,0.998643696308136,0.0013220233377069235,0.036359638855562405,0.44819143414497375
5,360,2,0.01,4,87,0.9968217611312866,0.003097929060459137,0.05565904293517036,0.550708532333374
5,360,2,0.01,4,88,0.9981666803359985,0.0017869946314021945,0.042272859276398546,0.6967648863792419
5,360,2,0.01,4,89,0.998699963092804,0.0012671914882957935,0.035597633183904145,0.5986260175704956
5,360,2,0.01,4,90,0.994261622428894,0.005593407433480024,0.07478908632601433,0.6932634115219116
5,360,2,0.01,4,91,0.9975503087043762,0.0023878386709839106,0.04886551617433208,0.8756121397018433
5,360,2,0.01,4,92,0.9987462759017944,0.001222072052769363,0.03495814715870054,0.25937989354133606
5,360,2,0.01,4,93,0.9983394742012024,0.001618553651496768,0.04023125217410922,0.43334829807281494
5,360,2,0.01,4,94,0.9979528188705444,0.001995440572500229,0.04467035451504979,0.497911274433136
5,360,2,0.01,4,95,0.9986574053764343,0.001308657694607973,0.03617537414606756,0.9665579795837402
5,360,2,0.01,4,96,0.9979384541511536,0.002009493764489889,0.04482737739919534,0.39710864424705505
5,360,2,0.01,4,97,0.9974989891052246,0.002437826944515109,0.04937435513011901,0.28019529581069946
5,360,2,0.01,4,98,0.9988412261009216,0.0011294787982478738,0.03360771932529599,0.530816912651062
5,360,2,0.01,4,99,0.9986955523490906,0.0012714959448203444,0.03565804179733296,0.4439246654510498
5,360,2,0.01,4,100,0.9981909990310669,0.0017633121460676193,0.04199181046427528,0.7988514304161072
6,360,2,0.01,4,1,0.9872618317604065,0.01241639070212841,0.11142885937731037,2.6345620155334473
6,360,2,0.01,4,2,0.9931111931800842,0.0067148166708648205,0.08194398495841425,2.3232665061950684
6,360,2,0.01,4,3,0.9951046705245972,0.00477166473865509,0.06907723748569489,2.251033067703247
6,360,2,0.01,4,4,0.9959691166877747,0.003929074853658676,0.06268233286707409,1.8497886657714844
6,360,2,0.01,4,5,0.9967755675315857,0.0031429948285222054,0.05606241903915853,0.8000069260597229
6,360,2,0.01,4,6,0.9960616230964661,0.003838892327621579,0.0619587954016343,0.6474183797836304
6,360,2,0.01,4,7,0.996346116065979,0.0035615793894976377,0.05967896940713401,1.4225990772247314
6,360,2,0.01,4,8,0.9974891543388367,0.0024474402889609337,0.04947161093961802,0.5970442891120911
6,360,2,0.01,4,9,0.9975876212120056,0.0023514574859291315,0.04849182906355597,1.3420394659042358
6,360,2,0.01,4,10,0.9966851472854614,0.0032311049290001392,0.05684280894713191,0.695746123790741
6,360,2,0.01,4,11,0.9971420168876648,0.002785770921036601,0.052780402812375365,0.775215744972229
6,360,2,0.01,4,12,0.9959860444068909,0.003912580665200949,0.0625506248186295,1.4822510480880737
6,360,2,0.01,4,13,0.997757613658905,0.002185721881687641,0.046751704585904046,0.9974093437194824
6,360,2,0.01,4,14,0.9965181350708008,0.0033939117565751076,0.05825728929992458,0.980857789516449
6,360,2,0.01,4,15,0.9980834722518921,0.001868140185251832,0.043221987289478396,1.010003685951233
6,360,2,0.01,4,16,0.9982106685638428,0.0017441388918086886,0.04176288893034926,1.207865595817566
6,360,2,0.01,4,17,0.9971294403076172,0.002798023633658886,0.05289634801816555,0.7785756587982178
6,360,2,0.01,4,18,0.9967536330223083,0.0031643833499401808,0.0562528519271706,0.7076407074928284
6,360,2,0.01,4,19,0.9965161681175232,0.0033958007115870714,0.05827349922209127,1.3907462358474731
6,360,2,0.01,4,20,0.9982372522354126,0.0017182192532345653,0.04145140833837332,1.2003417015075684
6,360,2,0.01,4,21,0.9977093935012817,0.0022327578626573086,0.047252067284483,0.9903118014335632
6,360,2,0.01,4,22,0.9979883432388306,0.001960821682587266,0.04428116622885249,0.8515817523002625
6,360,2,0.01,4,23,0.9968093037605286,0.0031100811902433634,0.05576810190640671,1.816314458847046
6,360,2,0.01,4,24,0.9965056777000427,0.0034060401376336813,0.05836128971873121,0.656762421131134
6,360,2,0.01,4,25,0.9974451661109924,0.0024902960285544395,0.0499028659352791,1.0698730945587158
6,360,2,0.01,4,26,0.9964298009872437,0.0034800339490175247,0.058991812559180824,1.3735803365707397
6,360,2,0.01,4,27,0.9981922507286072,0.0017620741855353117,0.04197706737654873,0.8405967354774475
6,360,2,0.01,4,28,0.9981648921966553,0.001788763445802033,0.042293775497134714,0.7816502451896667
6,360,2,0.01,4,29,0.9971498847007751,0.0027781478129327297,0.052708138014283236,1.4014619588851929
6,360,2,0.01,4,30,0.9971605539321899,0.002767730038613081,0.05260922009128325,0.8672409057617188
6,360,2,0.01,4,31,0.9976153373718262,0.002324410481378436,0.04821214039407954,0.3685561716556549
6,360,2,0.01,4,32,0.9945951104164124,0.005268384702503681,0.07258363935835459,1.3858582973480225
6,360,2,0.01,4,33,0.9942626953125,0.005592390429228544,0.0747822868681384,0.9933960437774658
6,360,2,0.01,4,34,0.9980419874191284,0.0019085346721112728,0.04368677914554096,0.44875556230545044
6,360,2,0.01,4,35,0.9977494478225708,0.0021936860866844654,0.046836802694937084,0.3269113004207611
6,360,2,0.01,4,36,0.997431218624115,0.0025038958992809057,0.05003894382659276,0.5438072681427002
6,360,2,0.01,4,37,0.9963806867599487,0.003527908818796277,0.05939620205700258,0.9373341202735901
6,360,2,0.01,4,38,0.9979757070541382,0.001973147736862302,0.044420127609703035,0.568376898765564
6,360,2,0.01,4,39,0.9975307583808899,0.002406860003247857,0.049059759510701406,0.8945605754852295
6,360,2,0.01,4,40,0.9984544515609741,0.001506479224190116,0.03881338975392533,0.7588638663291931
6,360,2,0.01,4,41,0.9985188841819763,0.0014436839846894145,0.03799584167628629,1.0108987092971802
6,360,2,0.01,4,42,0.9928354024887085,0.006983603350818157,0.08356795648344022,0.6462427377700806
6,360,2,0.01,4,43,0.9964177012443542,0.0034918186720460653,0.05909161253550342,0.6148003339767456
6,360,2,0.01,4,44,0.9976444244384766,0.002296059625223279,0.047917216375988274,0.6073634028434753
6,360,2,0.01,4,45,0.9981639385223389,0.0017896764911711216,0.04230456820688661,0.8466336131095886
6,360,2,0.01,4,46,0.9984760880470276,0.0014854207402095199,0.03854115644618775,0.30917659401893616
6,360,2,0.01,4,47,0.9969146847724915,0.003007381223142147,0.05483959539550002,1.1035499572753906
6,360,2,0.01,4,48,0.9969795346260071,0.0029441567603498697,0.05426008441156233,1.080312728881836
6,360,2,0.01,4,49,0.998159646987915,0.0017938597593456507,0.042353981623286026,1.55594003200531
6,360,2,0.01,4,50,0.9950717687606812,0.004803751595318317,0.06930910182161011,1.3518059253692627
6,360,2,0.01,4,51,0.9984225034713745,0.0015376339433714747,0.039212675799688484,0.46255335211753845
6,360,2,0.01,4,52,0.997175395488739,0.0027532323729246855,0.05247125282404343,1.171091079711914
6,360,2,0.01,4,53,0.9974744319915771,0.0024617675226181746,0.049616202218813306,0.8008245825767517
6,360,2,0.01,4,54,0.9979731440544128,0.00197566207498312,0.0444484203879409,0.5373691320419312
6,360,2,0.01,4,55,0.9968599677085876,0.0030607248190790415,0.0553238178281203,1.0597667694091797
6,360,2,0.01,4,56,0.9985745549201965,0.0013894200092181563,0.03727492467085824,0.8911706805229187
6,360,2,0.01,4,57,0.9979352355003357,0.0020125876180827618,0.044861872654658116,1.156793475151062
6,360,2,0.01,4,58,0.9984881281852722,0.0014736680313944817,0.03838838406854972,0.7234980463981628
6,360,2,0.01,4,59,0.9983718395233154,0.0015870477072894573,0.039837767348201845,0.5487459301948547
6,360,2,0.01,4,60,0.9981182813644409,0.00183418660890311,0.04282740488172392,0.614630937576294
6,360,2,0.01,4,61,0.9877330660820007,0.011957088485360146,0.10934847271617536,0.9501635432243347
6,360,2,0.01,4,62,0.9966686367988586,0.003247228916734457,0.05698446206409653,0.8042152523994446
6,360,2,0.01,4,63,0.998480498790741,0.0014811087166890502,0.038485175284634604,0.8950228095054626
6,360,2,0.01,4,64,0.998322069644928,0.001635547261685133,0.04044189982784109,1.4189250469207764
6,360,2,0.01,4,65,0.9881192445755005,0.011580637656152248,0.10761337117734138,0.8384266495704651
6,360,2,0.01,4,66,0.9984554648399353,0.0015055331168696284,0.03880119994110528,0.5253880620002747
6,360,2,0.01,4,67,0.998559296131134,0.0014043033588677645,0.03747403579637192,1.1407318115234375
6,360,2,0.01,4,68,0.9966812133789062,0.0032349310349673033,0.056876454134969626,0.9880795478820801
6,360,2,0.01,4,69,0.9967225193977356,0.0031946897506713867,0.05652158659018151,0.4595212936401367
6,360,2,0.01,4,70,0.9980050325393677,0.0019445752259343863,0.04409733808218345,1.2437660694122314
6,360,2,0.01,4,71,0.9979293346405029,0.002018345519900322,0.044926000488584805,0.9064404964447021
6,360,2,0.01,4,72,0.9958116412162781,0.004082534462213516,0.06389471388318063,1.2048648595809937
6,360,2,0.01,4,73,0.9985402822494507,0.0014228224754333496,0.037720319132177944,0.7076767683029175
6,360,2,0.01,4,74,0.9986604452133179,0.0013057440519332886,0.03613508062718677,0.9850732684135437
6,360,2,0.01,4,75,0.9980373978614807,0.0019130193395540118,0.043738076541544574,0.5686681270599365
6,360,2,0.01,4,76,0.9972958564758301,0.002635825891047716,0.05134029500351275,0.43044888973236084
6,360,2,0.01,4,77,0.9952701926231384,0.004610339645296335,0.06789948192214972,0.9760866165161133
6,360,2,0.01,4,78,0.9955686926841736,0.004319376777857542,0.06572196571814892,0.4314969480037689
6,360,2,0.01,4,79,0.9986719489097595,0.00129449472296983,0.03597908730040036,0.6919934153556824
6,360,2,0.01,4,80,0.998679518699646,0.0012871538056060672,0.03587692581041563,0.6606341600418091
6,360,2,0.01,4,81,0.9987984895706177,0.0011711333645507693,0.034221825850628856,0.34181302785873413
6,360,2,0.01,4,82,0.9983183145523071,0.0016392022371292114,0.04048706258953854,0.46099746227264404
6,360,2,0.01,4,83,0.9987098574638367,0.0012575736036524177,0.03546228424188743,0.3508715331554413
6,360,2,0.01,4,84,0.9986361265182495,0.0013294295640662313,0.036461343421029226,0.35196420550346375
6,360,2,0.01,4,85,0.997382640838623,0.002551264362409711,0.05051004219370353,1.2145391702651978
6,360,2,0.01,4,86,0.9983306527137756,0.0016272043576464057,0.04033862116689669,0.9958952069282532
6,360,2,0.01,4,87,0.9985639452934265,0.0013997768983244896,0.03741359242741185,0.6095332503318787
6,360,2,0.01,4,88,0.9945230484008789,0.005338601768016815,0.07306573593700959,0.9856032729148865
6,360,2,0.01,4,89,0.9981092810630798,0.001842948142439127,0.04292957188744289,0.7475442290306091
6,360,2,0.01,4,90,0.9979392886161804,0.0020086809527128935,0.0448183104624984,0.7934879660606384
6,360,2,0.01,4,91,0.9978611469268799,0.002084850799292326,0.045660166439603855,0.4748753011226654
6,360,2,0.01,4,92,0.9945869445800781,0.0052763428539037704,0.07263843923091802,0.9159975051879883
6,360,2,0.01,4,93,0.9984135627746582,0.0015463728923350573,0.0393239480766499,0.6102553606033325
6,360,2,0.01,4,94,0.9933194518089294,0.00651178415864706,0.08069562663891433,1.4872740507125854
6,360,2,0.01,4,95,0.9981071352958679,0.0018450765637680888,0.04295435442150294,1.0163016319274902
6,360,2,0.01,4,96,0.9973455667495728,0.0025873726699501276,0.050866223271932895,0.487106591463089
6,360,2,0.01,4,97,0.9974505305290222,0.0024850661866366863,0.049850438178983804,0.46171244978904724
6,360,2,0.01,4,98,0.9980897903442383,0.00186194758862257,0.04315029071307133,0.3016826808452606
6,360,2,0.01,4,99,0.9984596967697144,0.0015014165546745062,0.03874811678874866,0.8164206743240356
6,360,2,0.01,4,100,0.998436689376831,0.001523796352557838,0.03903583421111733,0.45988741517066956
7,360,2,0.01,4,1,0.9881770014762878,0.0115243224427104,0.10735139702263032,3.465884208679199
7,360,2,0.01,4,2,0.9945496916770935,0.0053126011043787,0.07288759225258233,1.0774781703948975
7,360,2,0.01,4,3,0.9939147233963013,0.005931570194661617,0.07701668776740284,0.5802859663963318
7,360,2,0.01,4,4,0.9950083494186401,0.004865571390837431,0.0697536478676021,1.0978641510009766
7,360,2,0.01,4,5,0.9915885925292969,0.008198907598853111,0.09054781940418616,0.5305745005607605
7,360,2,0.01,4,6,0.9963580965995789,0.003549886168912053,0.059580921182137266,0.5527331829071045
7,360,2,0.01,4,7,0.9971547722816467,0.002773367566987872,0.052662772116437925,0.6242132782936096
7,360,2,0.01,4,8,0.9969110488891602,0.0030109200160950422,0.05487185085355735,1.046905279159546
7,360,2,0.01,4,9,0.9913887977600098,0.008393658325076103,0.09161691069380207,0.6798374056816101
7,360,2,0.01,4,10,0.9969406127929688,0.0029821309726685286,0.05460889096720907,0.443313330411911
7,360,2,0.01,4,11,0.9980603456497192,0.001890644314698875,0.04348153993016893,0.5071756839752197
7,360,2,0.01,4,12,0.996619701385498,0.0032949105370789766,0.057401311283619444,0.6100077629089355
7,360,2,0.01,4,13,0.9967373013496399,0.0031802859157323837,0.05639402375901532,1.3205845355987549
7,360,2,0.01,4,14,0.9967026710510254,0.0032140070106834173,0.056692212963364,0.5028176307678223
7,360,2,0.01,4,15,0.9959883689880371,0.003910311963409185,0.06253248726389496,0.7820493578910828
7,360,2,0.01,4,16,0.9977315664291382,0.0022111530415713787,0.04702289911916723,0.5586739182472229
7,360,2,0.01,4,17,0.9950049519538879,0.00486884918063879,0.06977713938417647,0.8592175841331482
7,360,2,0.01,4,18,0.9976561665534973,0.002284629037603736,0.047797793229434095,0.30206865072250366
7,360,2,0.01,4,19,0.9978992342948914,0.002047700807452202,0.045251528233333754,0.4047751724720001
7,360,2,0.01,4,20,0.9976949691772461,0.0022468259558081627,0.047400695731267095,0.36386770009994507
7,360,2,0.01,4,21,0.9952531456947327,0.004626919515430927,0.0680214636378175,1.6376187801361084
7,360,2,0.01,4,22,0.9950194358825684,0.004854761995375156,0.06967612213215627,0.6242778301239014
7,360,2,0.01,4,23,0.9971194267272949,0.002807811601087451,0.05298878750346578,0.3354235291481018
7,360,2,0.01,4,24,0.9956093430519104,0.004279731772840023,0.06541965891717888,0.5187915563583374
7,360,2,0.01,4,25,0.9966884851455688,0.0032278818544000387,0.056814451105330926,0.9665453433990479
7,360,2,0.01,4,26,0.9973570704460144,0.0025761399883776903,0.05075568922177779,0.8068599104881287
7,360,2,0.01,4,27,0.99713134765625,0.0027961679734289646,0.05287880457639871,0.519686758518219
7,360,2,0.01,4,28,0.9979856014251709,0.00196348805911839,0.04431126334374128,0.6330674886703491
7,360,2,0.01,4,29,0.9982604384422302,0.0016956012696027756,0.041177679264411876,0.3775314688682556
7,360,2,0.01,4,30,0.9983408451080322,0.0016172422328963876,0.040214950365459703,1.0386182069778442
7,360,2,0.01,4,31,0.9950027465820312,0.00487101823091507,0.06979268035342295,0.3208451271057129
7,360,2,0.01,4,32,0.9939245581626892,0.005921955220401287,0.07695424108131589,1.2150683403015137
7,360,2,0.01,4,33,0.9985288977622986,0.0014339529443532228,0.03786757114409667,0.3419283926486969
7,360,2,0.01,4,34,0.9932368993759155,0.00659227604046464,0.08119283244514038,0.908394455909729
7,360,2,0.01,4,35,0.9973793625831604,0.002554429229348898,0.050541361569994316,1.11394464969635
7,360,2,0.01,4,36,0.9972995519638062,0.00263221631757915,0.05130512954451192,0.33989137411117554
7,360,2,0.01,4,37,0.9978631138801575,0.0020829166751354933,0.04563898196865804,0.43502935767173767
7,360,2,0.01,4,38,0.997869074344635,0.002077073324471712,0.0455749199063664,0.40038368105888367
7,360,2,0.01,4,39,0.9983649849891663,0.0015936914132907987,0.03992106478152604,0.4604925513267517
7,360,2,0.01,4,40,0.9967349171638489,0.0031826146878302097,0.05641466731117192,0.3609522581100464
7,360,2,0.01,4,41,0.9983774423599243,0.0015815788647159934,0.03976906919599695,0.33624592423439026
7,360,2,0.01,4,42,0.9964661598205566,0.0034445910714566708,0.05869063870377175,0.6298321485519409
7,360,2,0.01,4,43,0.9973227381706238,0.002609647111967206,0.051084705264562366,1.0038658380508423
7,360,2,0.01,4,44,0.9966629147529602,0.003252788446843624,0.05703322230808657,0.5212115049362183
7,360,2,0.01,4,45,0.9982464909553528,0.0017091874033212662,0.041342319762215404,0.2847726047039032
7,360,2,0.01,4,46,0.9987788796424866,0.00119024608284235,0.03449994322955257,0.7390607595443726
7,360,2,0.01,4,47,0.998413622379303,0.0015462922165170312,0.03932292227845015,0.3426586985588074
7,360,2,0.01,4,48,0.9987840056419373,0.0011852856259793043,0.03442797737276043,0.5102013349533081
7,360,2,0.01,4,49,0.9982481002807617,0.0017076509539037943,0.041323733542648275,0.7582565546035767
7,360,2,0.01,4,50,0.9987013339996338,0.0012658589985221624,0.03557891227289225,0.5854285359382629
7,360,2,0.01,4,51,0.9982089400291443,0.0017458361107856035,0.041783203692220675,1.2543554306030273
7,360,2,0.01,4,52,0.9983397126197815,0.0016183502739295363,0.0402287244879767,0.4314194321632385
7,360,2,0.01,4,53,0.9984737038612366,0.0014877240173518658,0.03857102561965219,0.7406104803085327
7,360,2,0.01,4,54,0.9979657530784607,0.00198287027888,0.04452943160292976,0.3418359160423279
7,360,2,0.01,4,55,0.9932587146759033,0.006570983678102493,0.08106160421619162,0.6426990032196045
7,360,2,0.01,4,56,0.9967978000640869,0.003121322486549616,0.05586879707448171,0.9844210743904114
7,360,2,0.01,4,57,0.9912919402122498,0.008488090708851814,0.09213083473437009,0.7859982252120972
7,360,2,0.01,4,58,0.9985600113868713,0.0014036259381100535,0.037464996171227,0.4711076617240906
7,360,2,0.01,4,59,0.998432993888855,0.0015274261822924018,0.039082300115172365,0.38892820477485657
7,360,2,0.01,4,60,0.998400092124939,0.0015594736905768514,0.03949017207580706,0.5474172830581665
7,360,2,0.01,4,61,0.997868537902832,0.0020776104647666216,0.045580812462774525,0.6519401669502258
7,360,2,0.01,4,62,0.9988285899162292,0.0011418252252042294,0.03379090447449179,0.3626924455165863
7,360,2,0.01,4,63,0.9985941648483276,0.001370333251543343,0.03701801252827255,0.43972134590148926
7,360,2,0.01,4,64,0.998237669467926,0.0017177868867293,0.04144619266867947,0.4055521786212921
7,360,2,0.01,4,65,0.9976799488067627,0.00226143398322165,0.047554536936255096,0.3196776211261749
7,360,2,0.01,4,66,0.9977844953536987,0.002159527037292719,0.04647071160734166,0.5438404679298401
7,360,2,0.01,4,67,0.9977135062217712,0.0022287622559815645,0.047209768649947484,0.48627424240112305
7,360,2,0.01,4,68,0.9985031485557556,0.0014590141363441944,0.0381970435550213,0.8913329243659973
7,360,2,0.01,4,69,0.9983628392219543,0.0015957930590957403,0.03994737862608434,0.5734126567840576
7,360,2,0.01,4,70,0.9982379078865051,0.0017175517277792096,0.04144335565297783,0.66373610496521
7,360,2,0.01,4,71,0.9981191754341125,0.001833310117945075,0.042817170830696825,0.7855024933815002
7,360,2,0.01,4,72,0.9974886178970337,0.002447966020554304,0.049476924121799486,0.5391802787780762
7,360,2,0.01,4,73,0.9980983734130859,0.0018535696435719728,0.04305310260099698,0.2929454445838928
7,360,2,0.01,4,74,0.9989460110664368,0.001027377089485526,0.03205272358919794,0.5103702545166016
7,360,2,0.01,4,75,0.9972221851348877,0.0027076180558651686,0.052034777369228444,0.629027247428894
7,360,2,0.01,4,76,0.9987162351608276,0.0012513418914750218,0.035374311180219775,0.41701602935791016
7,360,2,0.01,4,77,0.9956298470497131,0.004259733483195305,0.06526663376638407,0.444466233253479
7,360,2,0.01,4,78,0.9975972175598145,0.0023420911747962236,0.04839515652207588,0.4826354384422302
7,360,2,0.01,4,79,0.9986346364021301,0.001330863917246461,0.03648100762378228,0.2610856592655182
7,360,2,0.01,4,80,0.9963247179985046,0.0035824659280478954,0.05985370438032967,0.49755585193634033
7,360,2,0.01,4,81,0.9964379072189331,0.0034721209667623043,0.05892470591154702,0.9898284077644348
7,360,2,0.01,4,82,0.9981657266616821,0.00178795144893229,0.042284174923158786,0.7005429267883301
7,360,2,0.01,4,83,0.9980406761169434,0.0019098503980785608,0.04370183517975602,0.7536448836326599
7,360,2,0.01,4,84,0.9981257915496826,0.0018268546555191278,0.04274172031539124,0.6735111474990845
7,360,2,0.01,4,85,0.9985662698745728,0.0013975038891658187,0.037383203302630695,0.41791027784347534
7,360,2,0.01,4,86,0.9988752007484436,0.001096377382054925,0.03311158984487041,0.6065528392791748
7,360,2,0.01,4,87,0.9957637190818787,0.0041292752139270306,0.06425943676945069,0.42815396189689636
7,360,2,0.01,4,88,0.9981561899185181,0.0017972313798964024,0.042393765814048676,0.4981536567211151
7,360,2,0.01,4,89,0.9987098574638367,0.0012575694127008319,0.03546222515157265,0.4301914572715759
7,360,2,0.01,4,90,0.9985256195068359,0.0014371498255059123,0.03790975897451621,0.5663556456565857
7,360,2,0.01,4,91,0.9985644817352295,0.001399284228682518,0.03740700774831526,0.2438647747039795
7,360,2,0.01,4,92,0.9963164925575256,0.0035904620308429003,0.0599204642075051,0.49353182315826416
7,360,2,0.01,4,93,0.9983392357826233,0.0016188129084184766,0.04023447412876769,0.30095601081848145
7,360,2,0.01,4,94,0.9988773465156555,0.0010943065863102674,0.033080305112109645,0.778607189655304
7,360,2,0.01,4,95,0.9986603260040283,0.001305839978158474,0.03613640793103921,0.31505703926086426
7,360,2,0.01,4,96,0.9951884746551514,0.004689995665103197,0.0684835430238769,0.6782344579696655
7,360,2,0.01,4,97,0.9958203434944153,0.004074095282703638,0.06382863998788975,0.4285624325275421
7,360,2,0.01,4,98,0.9989873766899109,0.0009870459325611591,0.0314172871610704,0.3213217854499817
7,360,2,0.01,4,99,0.998108983039856,0.0018432631622999907,0.042933240761675456,0.321275532245636
7,360,2,0.01,4,100,0.9988832473754883,0.0010885411174967885,0.03299304650220692,0.31662625074386597
8,360,2,0.01,4,1,0.9860838651657104,0.013564602471888065,0.11646717336609516,1.4891245365142822
8,360,2,0.01,4,2,0.9948505759239197,0.005019358824938536,0.07084743343931758,0.5427715182304382
8,360,2,0.01,4,3,0.9959300756454468,0.003967097960412502,0.06298490263874751,0.6064730286598206
8,360,2,0.01,4,4,0.9946339130401611,0.005230509676039219,0.07232226265845959,0.71389240026474
8,360,2,0.01,4,5,0.9968384504318237,0.0030817037913948298,0.05551309567475795,0.3775763213634491
8,360,2,0.01,4,6,0.9963229894638062,0.0035841078497469425,0.05986741893339768,1.0306355953216553
8,360,2,0.01,4,7,0.9956269860267639,0.004262535832822323,0.0652880987073626,0.8766395449638367
8,360,2,0.01,4,8,0.9968604445457458,0.0030602540355175734,0.055319562864483786,0.6501204371452332
8,360,2,0.01,4,9,0.9976494312286377,0.0022912118583917618,0.047866604834600104,0.8870046734809875
8,360,2,0.01,4,10,0.9969978332519531,0.002926306799054146,0.05409534914439638,0.6048498153686523
8,360,2,0.01,4,11,0.9976035356521606,0.0023359355982393026,0.04833151764883142,0.41858410835266113
8,360,2,0.01,4,12,0.9968914985656738,0.0030299783684313297,0.055045239289436554,1.0156207084655762
8,360,2,0.01,4,13,0.99760901927948,0.0023305751383304596,0.04827603068118235,1.7047863006591797
8,360,2,0.01,4,14,0.9972991943359375,0.0026325939688831568,0.051308809856428717,1.2659988403320312
8,360,2,0.01,4,15,0.9978166818618774,0.0021281633526086807,0.046132020903150134,0.6710070371627808
8,360,2,0.01,4,16,0.9980907440185547,0.001861023367382586,0.04313958005570506,1.1925395727157593
8,360,2,0.01,4,17,0.9966475963592529,0.003267734544351697,0.05716410188528896,0.9127954244613647
8,360,2,0.01,4,18,0.9980922937393188,0.0018595409346744418,0.04312239481608648,1.1052979230880737
8,360,2,0.01,4,19,0.9959030747413635,0.003993411082774401,0.06319344177028499,0.9942195415496826
8,360,2,0.01,4,20,0.9972463846206665,0.002684051636606455,0.05180783373782825,0.8719519972801208
8,360,2,0.01,4,21,0.9948364496231079,0.005033086985349655,0.07094425265903966,1.7171413898468018
8,360,2,0.01,4,22,0.9980087280273438,0.00194097263738513,0.044056471004667745,1.4412343502044678
8,360,2,0.01,4,23,0.9983053803443909,0.001651825732551515,0.04064265902412778,0.32775071263313293
8,360,2,0.01,4,24,0.9980782866477966,0.0018731853924691677,0.0432803118342413,0.7381255626678467
8,360,2,0.01,4,25,0.9895732998847961,0.01016331184655428,0.10081325233596167,0.8997348546981812
8,360,2,0.01,4,26,0.9978026747703552,0.0021418039686977863,0.046279628009500966,0.3280171751976013
8,360,2,0.01,4,27,0.9973102807998657,0.0026217796839773655,0.05120331711888758,1.0692137479782104
8,360,2,0.01,4,28,0.9978703260421753,0.002075851196423173,0.045561510032297796,0.5553253293037415
8,360,2,0.01,4,29,0.9967274069786072,0.003189945826306939,0.05647960540148045,0.46545666456222534
8,360,2,0.01,4,30,0.9981791377067566,0.0017748395912349224,0.04212884512106785,0.3377504050731659
8,360,2,0.01,4,31,0.9979929327964783,0.00195639138109982,0.04423111326995761,0.5150754451751709
8,360,2,0.01,4,32,0.9967765808105469,0.0031420018058270216,0.05605356193701718,0.5531551837921143
8,360,2,0.01,4,33,0.9979423880577087,0.002005655551329255,0.0447845458984375,0.3399195075035095
8,360,2,0.01,4,34,0.9983649253845215,0.0015937858261168003,0.039922247257848605,0.7217000126838684
8,360,2,0.01,4,35,0.9974534511566162,0.0024822179693728685,0.0498218623635535,1.167588710784912
8,360,2,0.01,4,36,0.9907418489456177,0.0090243024751544,0.09499632874566469,1.2849633693695068
8,360,2,0.01,4,37,0.9982423186302185,0.0017133090877905488,0.04139213799492059,0.7735334634780884
8,360,2,0.01,4,38,0.9982985258102417,0.001658476423472166,0.04072439592519656,0.3608545958995819
8,360,2,0.01,4,39,0.9971991181373596,0.0027301437221467495,0.05225077723964257,0.4688105881214142
8,360,2,0.01,4,40,0.9963039755821228,0.003602674463763833,0.06002228306024216,1.2488032579421997
8,360,2,0.01,4,41,0.9981539845466614,0.0017993736546486616,0.042419024678187284,0.7725179195404053
8,360,2,0.01,4,42,0.996645450592041,0.003269811859354377,0.05718226874962532,0.7464591860771179
8,360,2,0.01,4,43,0.9969223141670227,0.0029999518301337957,0.05477181602004626,0.5312061309814453
8,360,2,0.01,4,44,0.9931722283363342,0.00665532099083066,0.08158015071591042,1.3902060985565186
8,360,2,0.01,4,45,0.9954073429107666,0.004476616159081459,0.06690751945096649,1.195665955543518
8,360,2,0.01,4,46,0.9972027540206909,0.0027265746612101793,0.05221661288527033,0.9134083390235901
8,360,2,0.01,4,47,0.9931229948997498,0.006703311111778021,0.08187375105476737,0.5677171349525452
8,360,2,0.01,4,48,0.9986850619316101,0.0012817387469112873,0.035801379120241825,0.456070214509964
8,360,2,0.01,4,49,0.9964097142219543,0.003499589627608657,0.059157329449601226,0.7073753476142883
8,360,2,0.01,4,50,0.9984642863273621,0.0014969329349696636,0.038690217561673956,0.3909341096878052
8,360,2,0.01,4,51,0.9977694153785706,0.002174259861931205,0.04662895947725195,0.5233790278434753
8,360,2,0.01,4,52,0.9809844493865967,0.018535226583480835,0.13614413899790484,0.7436217069625854
8,360,2,0.01,4,53,0.9973127841949463,0.0026193568482995033,0.051179652678574356,0.6765028238296509
8,360,2,0.01,4,54,0.9976354837417603,0.0023048059083521366,0.048008394144692414,0.9434311985969543
8,360,2,0.01,4,55,0.997852087020874,0.002093643182888627,0.04575634582097468,0.617671549320221
8,360,2,0.01,4,56,0.997889518737793,0.0020571884233504534,0.045356239078548535,0.7154942750930786
8,360,2,0.01,4,57,0.9967437982559204,0.003173959208652377,0.05633790206115575,0.42657411098480225
8,360,2,0.01,4,58,0.9979742169380188,0.0019746217876672745,0.044436716661644504,0.3481482267379761
8,360,2,0.01,4,59,0.9986771941184998,0.0012893670937046409,0.035907758126965277,0.6862800717353821
8,360,2,0.01,4,60,0.995762050151825,0.004130898509174585,0.06427206632102772,0.6215052008628845
8,360,2,0.01,4,61,0.9987273812294006,0.0012404537992551923,0.03522007665033102,0.7897993326187134
8,360,2,0.01,4,62,0.9945032596588135,0.005357895977795124,0.0731976500838321,1.4018226861953735
8,360,2,0.01,4,63,0.9966175556182861,0.0032970067113637924,0.05741956732128685,0.6913125514984131
8,360,2,0.01,4,64,0.9984807968139648,0.0014808544656261802,0.03848187190907142,0.7362139225006104
8,360,2,0.01,4,65,0.9984151124954224,0.001544871018268168,0.0393048472617331,0.46910083293914795
8,360,2,0.01,4,66,0.9987687468528748,0.0012001668801531196,0.03464342477517371,0.31237003207206726
8,360,2,0.01,4,67,0.9980967044830322,0.0018552399706095457,0.04307249668418985,0.3610909581184387
8,360,2,0.01,4,68,0.9964150190353394,0.0034943975042551756,0.0591134291363238,0.6611992120742798
8,360,2,0.01,4,69,0.9979360103607178,0.002011858159676194,0.04485374186928215,1.034010648727417
8,360,2,0.01,4,70,0.9983551502227783,0.0016033172141760588,0.04004144370743966,0.6494823694229126
8,360,2,0.01,4,71,0.9973738193511963,0.0025598567444831133,0.05059502687501127,0.9410611987113953
8,360,2,0.01,4,72,0.995347797870636,0.004534679930657148,0.0673400321551538,1.1101890802383423
8,360,2,0.01,4,73,0.998492419719696,0.001469482434913516,0.038333828857988035,0.5964140295982361
8,360,2,0.01,4,74,0.9961988925933838,0.0037050829268991947,0.060869392365122184,1.13261878490448
8,360,2,0.01,4,75,0.9981710314750671,0.0017827560659497976,0.042222696099962605,0.8534274697303772
8,360,2,0.01,4,76,0.9982299208641052,0.0017253498081117868,0.04153733029591318,1.3054301738739014
8,360,2,0.01,4,77,0.9975889325141907,0.002350172493606806,0.0484785776772257,1.3197256326675415
8,360,2,0.01,4,78,0.9879787564277649,0.011717576533555984,0.1082477553280251,0.5903186798095703
8,360,2,0.01,4,79,0.9978677034378052,0.0020784104708582163,0.045589587307390884,0.813683271408081
8,360,2,0.01,4,80,0.9975561499595642,0.002382117323577404,0.0488069392973725,1.3350180387496948
8,360,2,0.01,4,81,0.996334969997406,0.0035724651534110308,0.05977010250460535,1.2125529050827026
8,360,2,0.01,4,82,0.9984972476959229,0.0014647789066657424,0.03827243011184085,0.6160188913345337
8,360,2,0.01,4,83,0.9978088736534119,0.002135785296559334,0.04621455719315434,0.5347691178321838
8,360,2,0.01,4,84,0.9986046552658081,0.0013600728707388043,0.03687916580860804,0.42275112867355347
8,360,2,0.01,4,85,0.998518705368042,0.0014438808429986238,0.037998432112373054,0.32407885789871216
8,360,2,0.01,4,86,0.9981517791748047,0.001801511854864657,0.04244422051192196,0.40413570404052734
8,360,2,0.01,4,87,0.9985561370849609,0.0014074062928557396,0.03751541407016241,0.3836137354373932
8,360,2,0.01,4,88,0.9939055442810059,0.005940528120845556,0.07707482157517821,0.3443942666053772
8,360,2,0.01,4,89,0.996498703956604,0.0034128641709685326,0.05841972416032561,0.7839378714561462
8,360,2,0.01,4,90,0.9987146854400635,0.001252859365195036,0.035395753490991486,0.3128129541873932
8,360,2,0.01,4,91,0.9975305795669556,0.00240704626776278,0.049061657817105815,0.286728173494339
8,360,2,0.01,4,92,0.9975243210792542,0.002413123846054077,0.049123556936098156,1.3444963693618774
8,360,2,0.01,4,93,0.9987084269523621,0.0012589478865265846,0.035481655633955195,0.5051528811454773
8,360,2,0.01,4,94,0.9976341724395752,0.002306050155311823,0.048021351035886346,0.826758861541748
8,360,2,0.01,4,95,0.996760368347168,0.003157772356644273,0.05619405979856121,0.9161967635154724
8,360,2,0.01,4,96,0.9979258179664612,0.0020218119025230408,0.04496456274137491,0.8838241100311279
8,360,2,0.01,4,97,0.9963422417640686,0.0035653605591505766,0.05971064025071726,0.47211965918540955
8,360,2,0.01,4,98,0.9982323050498962,0.0017230493249371648,0.041509629303779196,0.887681245803833
8,360,2,0.01,4,99,0.9987573623657227,0.0012112718541175127,0.03480333107789415,1.0202420949935913
8,360,2,0.01,4,100,0.9959454536437988,0.00395213533192873,0.06286601094334465,0.5439267158508301
9,360,2,0.01,4,1,0.9872390031814575,0.012438647449016571,0.11152868442251335,2.67087984085083
9,360,2,0.01,4,2,0.9896339178085327,0.010104222223162651,0.10051976036164556,0.9979082942008972
9,360,2,0.01,4,3,0.9939672946929932,0.0058803013525903225,0.07668312299711275,1.0634195804595947
9,360,2,0.01,4,4,0.996782660484314,0.0031360932625830173,0.056000832695443176,1.0601892471313477
9,360,2,0.01,4,5,0.9966010451316833,0.0033131157979369164,0.05755967162811925,1.1804746389389038
9,360,2,0.01,4,6,0.9964879155158997,0.00342338508926332,0.05850970081331232,0.5072834491729736
9,360,2,0.01,4,7,0.9970478415489197,0.0028775790706276894,0.05364307104023491,1.3091939687728882
9,360,2,0.01,4,8,0.9947993755340576,0.005069243721663952,0.07119862162755647,1.6762094497680664
9,360,2,0.01,4,9,0.9927316904067993,0.007084679324179888,0.08417053715035855,1.468881368637085
9,360,2,0.01,4,10,0.995362401008606,0.004520448390394449,0.06723427987562929,1.4147632122039795
9,360,2,0.01,4,11,0.9957302808761597,0.00416183564811945,0.06451229067487411,1.5959237813949585
9,360,2,0.01,4,12,0.997667670249939,0.0022734003141522408,0.047680187857770034,0.8977935910224915
9,360,2,0.01,4,13,0.9972255229949951,0.0027043954469263554,0.05200380223528233,1.042661190032959
9,360,2,0.01,4,14,0.9957318305969238,0.004160367883741856,0.06450091382098284,0.7778337001800537
9,360,2,0.01,4,15,0.9977954030036926,0.002148926258087158,0.04635651257468748,0.6552417874336243
9,360,2,0.01,4,16,0.9979507327079773,0.001997505547478795,0.044693462021629014,1.079157829284668
9,360,2,0.01,4,17,0.9977924823760986,0.0021517546847462654,0.0463870098707199,0.7044458389282227
9,360,2,0.01,4,18,0.997825026512146,0.002120056189596653,0.04604406790887022,1.0549672842025757
9,360,2,0.01,4,19,0.9976485967636108,0.0022919948678463697,0.04787478321461487,0.7242892384529114
9,360,2,0.01,4,20,0.9977540969848633,0.002189181512221694,0.04678869000326568,1.2234675884246826
9,360,2,0.01,4,21,0.9960160255432129,0.003883336903527379,0.06231642563182984,0.7553257942199707
9,360,2,0.01,4,22,0.9951394200325012,0.004737772513180971,0.06883147908610544,0.7677097916603088
9,360,2,0.01,4,23,0.9959123730659485,0.003984373062849045,0.06312189052023905,0.6466229557991028
9,360,2,0.01,4,24,0.9978766441345215,0.0020697261206805706,0.04549424272015714,0.9740450382232666
9,360,2,0.01,4,25,0.9981449842453003,0.0018081548623740673,0.04252240424028335,0.6789096593856812
9,360,2,0.01,4,26,0.9976958632469177,0.0022459246683865786,0.047391187665921375,0.6679637432098389
9,360,2,0.01,4,27,0.9969059228897095,0.0030159219168126583,0.054917409960891804,0.40054672956466675
9,360,2,0.01,4,28,0.9982737302780151,0.0016826728824526072,0.041020395932421315,0.5406045317649841
9,360,2,0.01,4,29,0.9985549449920654,0.0014085638104006648,0.03753083812547576,0.5998108983039856
9,360,2,0.01,4,30,0.996902346611023,0.003019386902451515,0.05494894814690737,0.9119318127632141
9,360,2,0.01,4,31,0.9934460520744324,0.0063883778639137745,0.07992732864242226,0.40041568875312805
9,360,2,0.01,4,32,0.9970571994781494,0.002868492156267166,0.053558306137023844,0.44403982162475586
9,360,2,0.01,4,33,0.9976844787597656,0.002257027430459857,0.04750818277370601,0.9387865662574768
9,360,2,0.01,4,34,0.9978734850883484,0.0020728230010718107,0.04552826595722498,0.7546044588088989
9,360,2,0.01,4,35,0.9961617588996887,0.003741268999874592,0.06116591370914516,0.7427871227264404
9,360,2,0.01,4,36,0.9980093836784363,0.0019403524929657578,0.044049432379609135,0.8973007798194885
9,360,2,0.01,4,37,0.9984353184700012,0.0015251440927386284,0.039053093254422605,0.40435779094696045
9,360,2,0.01,4,38,0.9974035620689392,0.002530839294195175,0.050307447701062866,0.29578885436058044
9,360,2,0.01,4,39,0.9984646439552307,0.0014965767040848732,0.03868561365785572,0.8655931353569031
9,360,2,0.01,4,40,0.9971290230751038,0.002798442728817463,0.0529003093451963,0.3449869751930237
9,360,2,0.01,4,41,0.9970885515213013,0.002837900537997484,0.053271948884919575,0.3530310392379761
9,360,2,0.01,4,42,0.9963398575782776,0.0035676697734743357,0.05972997382783903,0.7504193782806396
9,360,2,0.01,4,43,0.9983541965484619,0.0016042175702750683,0.040052684932162394,0.5578013062477112
9,360,2,0.01,4,44,0.9973627924919128,0.00257057324051857,0.05070082090576611,0.8850352168083191
9,360,2,0.01,4,45,0.9978889226913452,0.0020577667746692896,0.0453626142838934,0.637747585773468
9,360,2,0.01,4,46,0.9961923360824585,0.003711484372615814,0.06092195312541953,0.49363407492637634
9,360,2,0.01,4,47,0.9982352256774902,0.001720190397463739,0.04147517808839088,0.7355293035507202
9,360,2,0.01,4,48,0.9956631064414978,0.004227335099130869,0.0650179598198134,0.3137792944908142
9,360,2,0.01,4,49,0.9985540509223938,0.001409399090334773,0.03754196439099548,0.5533137321472168
9,360,2,0.01,4,50,0.998091995716095,0.0018597963498905301,0.04312535622914355,0.6071243286132812
9,360,2,0.01,4,51,0.9985744953155518,0.0013895066222175956,0.037276086465958244,0.5119696259498596
9,360,2,0.01,4,52,0.9980619549751282,0.0018890970386564732,0.043463743955813025,0.7158248424530029
9,360,2,0.01,4,53,0.9981672763824463,0.0017864517867565155,0.04226643806563921,0.41063612699508667
9,360,2,0.01,4,54,0.9969505071640015,0.0029724843334406614,0.05452049461845207,1.2226024866104126
9,360,2,0.01,4,55,0.9975771307945251,0.0023616745602339506,0.04859706328816537,0.6793426871299744
9,360,2,0.01,4,56,0.9979982972145081,0.0019511390710249543,0.044171699888332965,0.6208163499832153
9,360,2,0.01,4,57,0.9985350370407104,0.001427929732017219,0.0377879574999393,0.9421698451042175
9,360,2,0.01,4,58,0.9976474642753601,0.0022930833511054516,0.04788614988809866,0.5312883853912354
9,360,2,0.01,4,59,0.9983989596366882,0.0015605840599164367,0.03950422838021819,0.5202695727348328
9,360,2,0.01,4,60,0.9948743581771851,0.004996182397007942,0.07068367843433124,0.4071926176548004
9,360,2,0.01,4,61,0.9921957850456238,0.00760708237066865,0.08721858959343845,0.766162633895874
9,360,2,0.01,4,62,0.9971519112586975,0.0027761247474700212,0.05268894331327988,1.0480937957763672
9,360,2,0.01,4,63,0.9921410083770752,0.007660453207790852,0.08752401503467978,0.8611633777618408
9,360,2,0.01,4,64,0.9987797737121582,0.0011893947375938296,0.03448760266521623,0.5171547532081604
9,360,2,0.01,4,65,0.9970104098320007,0.002914054784923792,0.05398198574454067,0.8242123126983643
9,360,2,0.01,4,66,0.9981276988983154,0.0018250003922730684,0.0427200233177964,0.3753618896007538
9,360,2,0.01,4,67,0.9979252815246582,0.002022283151745796,0.04496980266518629,0.6551356911659241
9,360,2,0.01,4,68,0.9986234903335571,0.0013417401351034641,0.03662977115821861,0.49243178963661194
9,360,2,0.01,4,69,0.9959724545478821,0.003925794269889593,0.06265615907386594,0.7223911285400391
9,360,2,0.01,4,70,0.9987696409225464,0.0011992770014330745,0.034630578993615956,1.075495958328247
9,360,2,0.01,4,71,0.9968815445899963,0.0030396722722798586,0.05513322294478946,0.7777793407440186
9,360,2,0.01,4,72,0.9964582324028015,0.0034523196518421173,0.05875644349211512,1.5005311965942383
9,360,2,0.01,4,73,0.9986358284950256,0.0013297145487740636,0.03646525125066415,1.1213183403015137
9,360,2,0.01,4,74,0.9942269921302795,0.005627158563584089,0.07501438904359675,1.1881303787231445
9,360,2,0.01,4,75,0.9979657530784607,0.0019828712102025747,0.04452944206031078,0.9368022680282593
9,360,2,0.01,4,76,0.9977080225944519,0.0022340891882777214,0.04726615267057095,0.9576615691184998
9,360,2,0.01,4,77,0.9983812570571899,0.0015778489178046584,0.03972214644004851,0.9869391918182373
9,360,2,0.01,4,78,0.997676432132721,0.002264863345772028,0.04759058043113183,0.7404794096946716
9,360,2,0.01,4,79,0.9980780482292175,0.001873391098342836,0.04328268820605804,1.4389623403549194
9,360,2,0.01,4,80,0.998099148273468,0.0018528420478105545,0.04304465179102457,0.9813026189804077
9,360,2,0.01,4,81,0.9950700402259827,0.004805429372936487,0.06932120435289975,0.7010697722434998
9,360,2,0.01,4,82,0.9986144304275513,0.0013505789684131742,0.03675022405936016,0.8243495225906372
9,360,2,0.01,4,83,0.9984637498855591,0.0014974528457969427,0.038696935870905114,1.1239463090896606
9,360,2,0.01,4,84,0.9979366660118103,0.0020112269558012486,0.04484670507184724,0.9166620969772339
9,360,2,0.01,4,85,0.9974185228347778,0.002516253851354122,0.0501622751811969,0.8853064775466919
9,360,2,0.01,4,86,0.9973692893981934,0.0025642341934144497,0.050638268072816725,0.40246880054473877
9,360,2,0.01,4,87,0.9985859394073486,0.0013783660251647234,0.0371263521661464,0.862540066242218
9,360,2,0.01,4,88,0.9979251027107239,0.002022478496655822,0.044971974569233915,1.3585935831069946
9,360,2,0.01,4,89,0.993958592414856,0.005888804327696562,0.07673854525397626,1.780211091041565
9,360,2,0.01,4,90,0.997652530670166,0.002288190647959709,0.047835035778806614,1.0980645418167114
9,360,2,0.01,4,91,0.9974678754806519,0.0024681752547621727,0.049680733234949065,0.6925414800643921
9,360,2,0.01,4,92,0.9985120892524719,0.0014503406127914786,0.03808333773176241,1.1538116931915283
9,360,2,0.01,4,93,0.9986976981163025,0.0012693945318460464,0.035628563426639115,1.2040337324142456
9,360,2,0.01,4,94,0.9978677034378052,0.0020784458611160517,0.045589975445442514,0.5387915968894958
9,360,2,0.01,4,95,0.9969385266304016,0.0029841260984539986,0.054627155320902426,0.8900824785232544
9,360,2,0.01,4,96,0.9984915852546692,0.0014702994376420975,0.038344483796787475,0.9165446758270264
9,360,2,0.01,4,97,0.9984962940216064,0.0014657436404377222,0.038285031545471165,0.8866069912910461
9,360,2,0.01,4,98,0.997983992099762,0.0019650545436888933,0.04432893573828378,0.8214809894561768
9,360,2,0.01,4,99,0.9979962706565857,0.001953127095475793,0.04419419753175515,0.38328200578689575
9,360,2,0.01,4,100,0.9987729787826538,0.0011960315750911832,0.034583689437235915,0.7845338582992554
10,360,2,0.01,4,1,0.989382266998291,0.010349524207413197,0.1017326113270135,1.543462872505188
10,360,2,0.01,4,2,0.9944987893104553,0.00536224665120244,0.0732273627218845,0.9717056155204773
10,360,2,0.01,4,3,0.9944025278091431,0.005456090439110994,0.07386535344199603,0.917485237121582
10,360,2,0.01,4,4,0.9969984292984009,0.002925766399130225,0.054090354030365016,0.9281372427940369
10,360,2,0.01,4,5,0.9975443482398987,0.0023936147335916758,0.04892458209930541,0.9277672171592712
10,360,2,0.01,4,6,0.9970514178276062,0.0028740980196744204,0.05361061480410778,0.5722759366035461
10,360,2,0.01,4,7,0.9958012104034424,0.004092729184776545,0.06397444165271429,0.8561160564422607
10,360,2,0.01,4,8,0.9960623979568481,0.0038381225895136595,0.06195258339660792,1.2292492389678955
10,360,2,0.01,4,9,0.9979627728462219,0.0019857436418533325,0.044561683561702786,0.6506811380386353
10,360,2,0.01,4,10,0.9981065988540649,0.00184555200394243,0.04295988831389614,0.43785977363586426
10,360,2,0.01,4,11,0.998129665851593,0.0018231087597087026,0.042697877695603355,0.4583323001861572
10,360,2,0.01,4,12,0.9977946877479553,0.0021495793480426073,0.04636355624887512,0.7838773727416992
10,360,2,0.01,4,13,0.9971302151679993,0.0027972646057605743,0.05288917285948585,0.599188506603241
10,360,2,0.01,4,14,0.9885745048522949,0.011136850342154503,0.10553127660629574,0.6712338328361511
10,360,2,0.01,4,15,0.9940840005874634,0.005766541231423616,0.07593774576206233,0.9667841792106628
10,360,2,0.01,4,16,0.9973573088645935,0.0025759385898709297,0.05075370518367038,0.5332580208778381
10,360,2,0.01,4,17,0.989373505115509,0.010358085855841637,0.10177468180172138,0.7170812487602234
10,360,2,0.01,4,18,0.9958810210227966,0.004014958627521992,0.06336370118231724,0.7670660614967346
10,360,2,0.01,4,19,0.9970308542251587,0.0028941361233592033,0.053797175793522875,0.4014705717563629
10,360,2,0.01,4,20,0.9979318976402283,0.002015862613916397,0.04489835869958274,0.7682260870933533
10,360,2,0.01,4,21,0.9974057674407959,0.0025287200696766376,0.05028638055852337,0.42459216713905334
10,360,2,0.01,4,22,0.9980736374855042,0.0018776870565488935,0.04333228653727949,0.8325532078742981
10,360,2,0.01,4,23,0.9980570077896118,0.0018939112778753042,0.04351909095874251,0.3532533645629883
10,360,2,0.01,4,24,0.9971601963043213,0.002768059493973851,0.052612351154209515,0.5560197234153748
10,360,2,0.01,4,25,0.9960927963256836,0.003808515379205346,0.06171317022488268,0.7647247314453125
10,360,2,0.01,4,26,0.997344434261322,0.002588472794741392,0.05087703602551344,0.6939499974250793
10,360,2,0.01,4,27,0.9983500242233276,0.0016083184164017439,0.04010384540666573,0.591159999370575
10,360,2,0.01,4,28,0.9981302618980408,0.0018224782543256879,0.04269049372314272,0.5700269937515259
10,360,2,0.01,4,29,0.9873350262641907,0.012345031835138798,0.1111081987755125,0.8593249917030334
10,360,2,0.01,4,30,0.9971235394477844,0.002803799696266651,0.05295091780381763,0.9002041816711426
10,360,2,0.01,4,31,0.9982757568359375,0.0016807073261588812,0.04099643065144673,0.4238380491733551
10,360,2,0.01,4,32,0.9963263273239136,0.0035808817483484745,0.05984046915214213,0.9910883903503418
10,360,2,0.01,4,33,0.9970947504043579,0.0028318739496171474,0.05321535445355172,0.5533955693244934
10,360,2,0.01,4,34,0.9923602342605591,0.007446777541190386,0.0862947132864487,1.1946903467178345
10,360,2,0.01,4,35,0.9978837966918945,0.00206275493837893,0.045417562003909125,0.29552170634269714
10,360,2,0.01,4,36,0.9984474182128906,0.0015133568085730076,0.03890188695388705,0.5732978582382202
10,360,2,0.01,4,37,0.9981583952903748,0.001795090502128005,0.042368508377425854,0.9686594009399414
10,360,2,0.01,4,38,0.9986056685447693,0.0013591336319223046,0.0368664296063818,0.38974541425704956
10,360,2,0.01,4,39,0.9981564283370972,0.001796993426978588,0.0423909592599482,0.5603183507919312
10,360,2,0.01,4,40,0.9970881342887878,0.002838326385244727,0.05327594565321884,0.8816023468971252
10,360,2,0.01,4,41,0.9963598847389221,0.0035481732338666916,0.05956654458558673,0.9130716323852539
10,360,2,0.01,4,42,0.9979439973831177,0.002004059264436364,0.04476672050124249,0.9022738337516785
10,360,2,0.01,4,43,0.9976937770843506,0.002247966593131423,0.04741272606728517,0.370068222284317
10,360,2,0.01,4,44,0.9964317083358765,0.0034781803842633963,0.05897610011066683,0.28844818472862244
10,360,2,0.01,4,45,0.9976097941398621,0.002329855225980282,0.04826857389627626,1.3732964992523193
10,360,2,0.01,4,46,0.9975399971008301,0.0023978338576853275,0.04896768176752221,0.5857560038566589
10,360,2,0.01,4,47,0.9983512163162231,0.0016071224818006158,0.04008893216089218,1.0838971138000488
10,360,2,0.01,4,48,0.9951016902923584,0.00477459654211998,0.06909845542499471,0.6571706533432007
10,360,2,0.01,4,49,0.9974755644798279,0.002460640389472246,0.049604842399429576,0.49229133129119873
10,360,2,0.01,4,50,0.9979146122932434,0.002032737946137786,0.04508589520169014,0.9028596878051758
10,360,2,0.01,4,51,0.9971523284912109,0.002775747561827302,0.05268536382931508,0.7839865684509277
10,360,2,0.01,4,52,0.9976734519004822,0.002267749747261405,0.04762089611989053,0.42832696437835693
10,360,2,0.01,4,53,0.9981603622436523,0.0017931866459548473,0.0423460345954004,0.338801771402359
10,360,2,0.01,4,54,0.9965704679489136,0.00334287341684103,0.05781758743532136,0.6792475581169128
10,360,2,0.01,4,55,0.9960945248603821,0.0038068012800067663,0.06169928103314305,0.5190871357917786
10,360,2,0.01,4,56,0.9978877902030945,0.002058864338323474,0.045374710338728044,0.4441942870616913
10,360,2,0.01,4,57,0.9947065114974976,0.00515975384041667,0.07183142655145218,1.1923061609268188
10,360,2,0.01,4,58,0.9974151849746704,0.002519493456929922,0.050194556048738216,0.7544493675231934
10,360,2,0.01,4,59,0.9979376196861267,0.0020102851558476686,0.04483620362884963,1.228041172027588
10,360,2,0.01,4,60,0.9923652410507202,0.007441870402544737,0.08626627616018172,1.332816481590271
10,360,2,0.01,4,61,0.9980747103691101,0.0018766551511362195,0.04332037801238835,0.9726980924606323
10,360,2,0.01,4,62,0.9939972758293152,0.00585106760263443,0.07649227152225531,0.4111644923686981
10,360,2,0.01,4,63,0.9981392621994019,0.001813759794458747,0.04258825888033869,0.5697027444839478
10,360,2,0.01,4,64,0.9980595707893372,0.0018914161482825875,0.04349041444137532,0.3805925250053406
10,360,2,0.01,4,65,0.9984117746353149,0.0015481202863156796,0.03934615974038228,0.7423376441001892
10,360,2,0.01,4,66,0.9974250197410583,0.0025099313352257013,0.050099214916260924,1.5528420209884644
10,360,2,0.01,4,67,0.997349739074707,0.0025833018589764833,0.050826192646867455,1.006674885749817
10,360,2,0.01,4,68,0.9976271986961365,0.0023128478787839413,0.04809207708951591,0.35171690583229065
10,360,2,0.01,4,69,0.998426079750061,0.0015341577818617225,0.039168326258109655,0.2794666886329651
10,360,2,0.01,4,70,0.9979515671730042,0.0019966824911534786,0.044684253279578014,0.5046153664588928
10,360,2,0.01,4,71,0.9984274506568909,0.0015328293666243553,0.03915136481177068,0.8348920345306396
10,360,2,0.01,4,72,0.9985342025756836,0.0014287806116044521,0.03779921443104939,1.1673952341079712
10,360,2,0.01,4,73,0.9985020160675049,0.0014601474395021796,0.03821187563444354,0.7292518615722656
10,360,2,0.01,4,74,0.9980176091194153,0.0019323322921991348,0.04395830174380187,1.0564982891082764
10,360,2,0.01,4,75,0.9977784752845764,0.0021653787698596716,0.04653363052524133,0.6377928256988525
10,360,2,0.01,4,76,0.9973819255828857,0.002551954472437501,0.050516873145885634,0.9010958671569824
10,360,2,0.01,4,77,0.9972599148750305,0.002670877380296588,0.05168053192737656,0.6639984250068665
10,360,2,0.01,4,78,0.997602641582489,0.002336794277653098,0.04834040005681685,0.29631516337394714
10,360,2,0.01,4,79,0.9976631999015808,0.002277765655890107,0.04772594321634835,0.4342823624610901
10,360,2,0.01,4,80,0.9977191686630249,0.002223232528194785,0.04715116677447956,1.0519527196884155
10,360,2,0.01,4,81,0.9978876709938049,0.002058987971395254,0.04537607267487188,1.3155324459075928
10,360,2,0.01,4,82,0.9979009032249451,0.0020460900850594044,0.045233727295674014,0.6414210796356201
10,360,2,0.01,4,83,0.9964964389801025,0.003415069542825222,0.05843859634543956,0.8018590211868286
10,360,2,0.01,4,84,0.9973752498626709,0.002558430889621377,0.05058093405248046,0.9522944092750549
10,360,2,0.01,4,85,0.9976476430892944,0.0022929487749934196,0.047884744700096495,0.5897355675697327
10,360,2,0.01,4,86,0.9970511198043823,0.00287439557723701,0.053613389906225946,0.49627500772476196
10,360,2,0.01,4,87,0.9933139085769653,0.006517214234918356,0.08072926504631611,1.9594504833221436
10,360,2,0.01,4,88,0.9975147843360901,0.002422422170639038,0.049218108157862366,1.3080512285232544
10,360,2,0.01,4,89,0.9960843920707703,0.003816677024587989,0.06177926047297741,1.6115930080413818
10,360,2,0.01,4,90,0.9987351894378662,0.0012328324373811483,0.03511171367764821,0.778870701789856
10,360,2,0.01,4,91,0.9975470304489136,0.002390992594882846,0.04889777699326265,1.4925726652145386
10,360,2,0.01,4,92,0.99779212474823,0.0021521078888326883,0.0463908168588643,0.46580949425697327
10,360,2,0.01,4,93,0.9977359771728516,0.002206855220720172,0.04697717765809449,0.9267328977584839
10,360,2,0.01,4,94,0.9984161853790283,0.0015437863767147064,0.03929104703001317,0.5598669052124023
10,360,2,0.01,4,95,0.9983119368553162,0.0016453982098028064,0.040563508351753874,0.47553709149360657
10,360,2,0.01,4,96,0.9988459348678589,0.0011249356903135777,0.03354006097659302,1.2151583433151245
10,360,2,0.01,4,97,0.9986336827278137,0.001331792096607387,0.03649372681170542,0.5518395900726318
10,360,2,0.01,4,98,0.9987154603004456,0.0012520944001153111,0.03538494595326254,0.8485855460166931
10,360,2,0.01,4,99,0.9947320222854614,0.005134927574545145,0.07165840895906875,0.5985134840011597
10,360,2,0.01,4,100,0.9986721277236938,0.0012943149777129292,0.035976589300723456,0.7758700251579285
11,360,2,0.01,4,1,0.9881845116615295,0.0115169957280159,0.1073172666816291,2.440502882003784
11,360,2,0.01,4,2,0.9901652932167053,0.009586267173290253,0.09790948459311924,1.0205121040344238
11,360,2,0.01,4,3,0.9947107434272766,0.005155649501830339,0.0718028516274273,0.6322515606880188
11,360,2,0.01,4,4,0.9959306120872498,0.0039665852673351765,0.06298083253923512,0.777716875076294
11,360,2,0.01,4,5,0.997150719165802,0.002777308225631714,0.05270017291842327,0.8196609616279602
11,360,2,0.01,4,6,0.997117280960083,0.002809895435348153,0.05300844683018126,0.6507633924484253
11,360,2,0.01,4,7,0.9966323971748352,0.00328251626342535,0.05729324797413173,0.9997461438179016
11,360,2,0.01,4,8,0.9965665936470032,0.0033466953318566084,0.05785062948539634,1.017598032951355
11,360,2,0.01,4,9,0.997740626335144,0.002202290575951338,0.046928568867496245,0.6493358016014099
11,360,2,0.01,4,10,0.9957262277603149,0.00416580680757761,0.06454306165326844,1.002624750137329
11,360,2,0.01,4,11,0.9981435537338257,0.001809540786780417,0.042538697520968095,0.8937772512435913
11,360,2,0.01,4,12,0.9973652362823486,0.0025681809056550264,0.05067722275001883,0.8515486121177673
11,360,2,0.01,4,13,0.9975858926773071,0.002353133400902152,0.04850910637088826,0.899735689163208
11,360,2,0.01,4,14,0.9974757432937622,0.0024605130311101675,0.049603558653691045,1.0528626441955566
11,360,2,0.01,4,15,0.9971966743469238,0.002732509281486273,0.0522734089330921,0.6224066019058228
11,360,2,0.01,4,16,0.9952729940414429,0.0046076043508946896,0.06787933670046202,1.7485557794570923
11,360,2,0.01,4,17,0.9971421360969543,0.002785644493997097,0.052779205128507735,1.146742820739746
11,360,2,0.01,4,18,0.9977887868881226,0.0021553447004407644,0.04642569009116358,0.5061591863632202
11,360,2,0.01,4,19,0.9978470802307129,0.0020985419396311045,0.04580984544430492,0.3889128267765045
11,360,2,0.01,4,20,0.9975771307945251,0.00236166431568563,0.048596957885094307,0.9342700839042664
11,360,2,0.01,4,21,0.9982642531394958,0.0016918845940381289,0.04113252477101459,0.4021316468715668
11,360,2,0.01,4,22,0.9965732097625732,0.003340215655043721,0.05779459883971617,0.39969033002853394
11,360,2,0.01,4,23,0.9941912293434143,0.0056620389223098755,0.07524652099804931,1.0667650699615479
11,360,2,0.01,4,24,0.9930874109268188,0.006737951189279556,0.08208502414740192,0.7933720946311951
11,360,2,0.01,4,25,0.99700528383255,0.002919052727520466,0.05402825860159168,0.4475097060203552
11,360,2,0.01,4,26,0.9973621964454651,0.0025711494963616133,0.0507065034917772,0.8803275227546692
11,360,2,0.01,4,27,0.9957761764526367,0.0041171167977154255,0.06416476289767949,0.8427872061729431
11,360,2,0.01,4,28,0.997815728187561,0.002129094675183296,0.04614211390024623,1.0336352586746216
11,360,2,0.01,4,29,0.9977413415908813,0.002201605821028352,0.046921272585346105,1.0119041204452515
11,360,2,0.01,4,30,0.9983439445495605,0.0016141969244927168,0.04017706963546143,0.6977110505104065
11,360,2,0.01,4,31,0.9905174970626831,0.009242967702448368,0.09614035418308156,1.7405195236206055
11,360,2,0.01,4,32,0.9969580769538879,0.0029650733340531588,0.054452486940939245,0.6916547417640686
11,360,2,0.01,4,33,0.990289032459259,0.009465646930038929,0.09729155631419886,0.4165685772895813
11,360,2,0.01,4,34,0.9980507493019104,0.0019000348402187228,0.04358938907829201,0.3063242733478546
11,360,2,0.01,4,35,0.9966059923171997,0.0033082447480410337,0.05751734301965829,0.3765220642089844
11,360,2,0.01,4,36,0.9903874397277832,0.009369718842208385,0.09679730803182693,1.5435774326324463
11,360,2,0.01,4,37,0.9973831176757812,0.0025508045218884945,0.05050549001730895,0.5352761745452881
11,360,2,0.01,4,38,0.9916269779205322,0.008161485195159912,0.09034093864444796,0.757546067237854
11,360,2,0.01,4,39,0.9981650710105896,0.0017885577399283648,0.04229134355785312,0.44945260882377625
11,360,2,0.01,4,40,0.9933748245239258,0.00645781634375453,0.0803605397179146,0.8594303727149963
11,360,2,0.01,4,41,0.9978523254394531,0.002093419199809432,0.04575389819249757,0.7118759155273438
11,360,2,0.01,4,42,0.997089684009552,0.0028368029743433,0.053261646372819715,0.4968426525592804
11,360,2,0.01,4,43,0.9979618191719055,0.001986686373129487,0.0445722601303713,0.4244454503059387
11,360,2,0.01,4,44,0.9979206919670105,0.0020268012303858995,0.0450200092224102,0.5032644867897034
11,360,2,0.01,4,45,0.9973122477531433,0.0026198772247880697,0.05118473624810496,0.7486943006515503
11,360,2,0.01,4,46,0.9954514503479004,0.004433630034327507,0.06658550919177166,0.5160297751426697
11,360,2,0.01,4,47,0.9982815980911255,0.001675000530667603,0.04092677034249836,0.7126233577728271
11,360,2,0.01,4,48,0.998078465461731,0.0018729795701801777,0.043277933986965895,0.3314501643180847
11,360,2,0.01,4,49,0.9977558851242065,0.002187441335991025,0.04677009018583378,0.4230588972568512
11,360,2,0.01,4,50,0.998017430305481,0.0019324644235894084,0.043959804635478175,0.3892391622066498
11,360,2,0.01,4,51,0.9972760081291199,0.002655160380527377,0.05152824837433713,0.6209101676940918
11,360,2,0.01,4,52,0.997830867767334,0.002114342525601387,0.045981980444532694,0.2648102939128876
11,360,2,0.01,4,53,0.9979813694953918,0.0019676329102367163,0.044358008411522674,0.81252121925354
11,360,2,0.01,4,54,0.9969836473464966,0.002940133912488818,0.05422300169198325,0.8737857341766357
11,360,2,0.01,4,55,0.9968768954277039,0.003044185461476445,0.05517413761425225,0.5396482348442078
11,360,2,0.01,4,56,0.9869195818901062,0.012750010006129742,0.11291594221424069,0.6293563842773438
11,360,2,0.01,4,57,0.9981288313865662,0.0018238895572721958,0.04270701999990395,0.4162607789039612
11,360,2,0.01,4,58,0.9980328679084778,0.0019174121553078294,0.04378826504107955,1.1206305027008057
11,360,2,0.01,4,59,0.9982854723930359,0.001671220874413848,0.04088056842087507,0.44402313232421875
11,360,2,0.01,4,60,0.9982698559761047,0.0016864363569766283,0.04106624352161552,0.4669637382030487
11,360,2,0.01,4,61,0.9972964525222778,0.002635279670357704,0.05133497511792232,1.2429839372634888
11,360,2,0.01,4,62,0.996722400188446,0.0031948061659932137,0.056522616411426085,0.6485042572021484
11,360,2,0.01,4,63,0.9985437989234924,0.0014194222167134285,0.037675220194624326,0.6540891528129578
11,360,2,0.01,4,64,0.9942750930786133,0.005580283235758543,0.07470129340084108,1.5143145322799683
11,360,2,0.01,4,65,0.9986749887466431,0.0012915683910250664,0.03593839716828042,0.7111272811889648
11,360,2,0.01,4,66,0.9983236789703369,0.0016339754220098257,0.04042246184993964,1.0635534524917603
11,360,2,0.01,4,67,0.998222291469574,0.0017328187823295593,0.041627139972973876,1.3313020467758179
11,360,2,0.01,4,68,0.9960480332374573,0.0038521159440279007,0.06206541665072346,0.6262897253036499
11,360,2,0.01,4,69,0.9970458149909973,0.0028795807156711817,0.05366172486671652,1.185609221458435
11,360,2,0.01,4,70,0.9982506036758423,0.0017052243929356337,0.041294362725868936,0.5285978317260742
11,360,2,0.01,4,71,0.9971050024032593,0.002821847330778837,0.0531210629673281,0.9294717907905579
11,360,2,0.01,4,72,0.9977089762687683,0.0022331513464450836,0.0472562307684932,1.0981929302215576
11,360,2,0.01,4,73,0.9976979494094849,0.002243917901068926,0.047370010566485266,0.9958754181861877
11,360,2,0.01,4,74,0.9957668781280518,0.004126195330172777,0.064235467852058,0.799970805644989
11,360,2,0.01,4,75,0.9985275864601135,0.0014351987047120929,0.03788401648072829,1.1040012836456299
11,360,2,0.01,4,76,0.9982579946517944,0.0016980157233774662,0.04120698634185065,1.4306329488754272
11,360,2,0.01,4,77,0.9984731078147888,0.001488298294134438,0.038578469307820364,0.29200583696365356
11,360,2,0.01,4,78,0.9962100982666016,0.003694175509735942,0.060779729431249874,1.887736439704895
11,360,2,0.01,4,79,0.9987017512321472,0.0012654655147343874,0.03557338210986393,0.5596113801002502
11,360,2,0.01,4,80,0.9980495572090149,0.0019011514959856868,0.04360219599957881,0.44012632966041565
11,360,2,0.01,4,81,0.9984086155891418,0.001551156397908926,0.0393847228999891,0.6844411492347717
11,360,2,0.01,4,82,0.9986039400100708,0.0013607990695163608,0.03688901014552113,0.41309696435928345
11,360,2,0.01,4,83,0.9951367974281311,0.004740369971841574,0.0688503447474417,1.658908486366272
11,360,2,0.01,4,84,0.9985062479972839,0.0014560020063072443,0.03815759434643704,0.511835515499115
11,360,2,0.01,4,85,0.9984597563743591,0.0015013193478807807,0.038746862426276285,0.5276488661766052
11,360,2,0.01,4,86,0.9972534775733948,0.0026771228294819593,0.051740920261258976,0.8768195509910583
11,360,2,0.01,4,87,0.9981587529182434,0.0017947453306987882,0.04236443473833668,0.8194010853767395
11,360,2,0.01,4,88,0.9987773299217224,0.001191812800243497,0.03452264184913282,0.9337971806526184
11,360,2,0.01,4,89,0.9979181289672852,0.002029284369200468,0.04504757894937827,0.6633885502815247
11,360,2,0.01,4,90,0.9979803562164307,0.0019686406012624502,0.04436936557200757,0.3967830240726471
11,360,2,0.01,4,91,0.9985716342926025,0.001392310718074441,0.03731368003928909,0.6856143474578857
11,360,2,0.01,4,92,0.9979422688484192,0.0020057668443769217,0.04478578841973112,0.35371193289756775
11,360,2,0.01,4,93,0.9987146854400635,0.0012528634397312999,0.035395811047796315,0.2635907232761383
11,360,2,0.01,4,94,0.998506486415863,0.0014557662652805448,0.03815450517672251,0.6720755696296692
11,360,2,0.01,4,95,0.9977326393127441,0.0022100741043686867,0.04701142525353477,0.807776927947998
11,360,2,0.01,4,96,0.9985858201980591,0.00137842888943851,0.03712719878254364,1.0358805656433105
11,360,2,0.01,4,97,0.9982365965843201,0.0017188823549076915,0.04145940610896026,0.4196324646472931
11,360,2,0.01,4,98,0.9985628724098206,0.0014008129946887493,0.03742743638948237,0.7489882111549377
11,360,2,0.01,4,99,0.998642086982727,0.0013236310333013535,0.036381740383073395,1.2718901634216309
11,360,2,0.01,4,100,0.9970735907554626,0.0028524582739919424,0.05340841014289737,0.36772823333740234
12,360,2,0.01,4,1,0.9878771305084229,0.011816641315817833,0.10870437578965178,3.366145372390747
12,360,2,0.01,4,2,0.9929528832435608,0.00686910655349493,0.08288007331979702,0.7040145993232727
12,360,2,0.01,4,3,0.9943423867225647,0.005514681804925203,0.0742609036096734,0.9564250707626343
12,360,2,0.01,4,4,0.9964087605476379,0.0035005377139896154,0.059165342169124786,0.7049658298492432
12,360,2,0.01,4,5,0.996935248374939,0.002987355925142765,0.05465670979068137,0.6623979806900024
12,360,2,0.01,4,6,0.9950045943260193,0.004869208671152592,0.0697797153272539,0.8038932681083679
12,360,2,0.01,4,7,0.9952791929244995,0.004601546097546816,0.06783469685601032,0.5102198123931885
12,360,2,0.01,4,8,0.995671272277832,0.0042193736881017685,0.06495670625964473,0.6334558725357056
12,360,2,0.01,4,9,0.9972284436225891,0.0027015532832592726,0.051976468553175795,0.8887959122657776
12,360,2,0.01,4,10,0.9951429963111877,0.004734320100396872,0.06880639578118354,0.6185867786407471
12,360,2,0.01,4,11,0.9973120093345642,0.00262010027654469,0.05118691509111181,0.9140313267707825
12,360,2,0.01,4,12,0.9962295889854431,0.003675176529213786,0.06062323423584217,0.6642781496047974
12,360,2,0.01,4,13,0.9975441098213196,0.0023938543163239956,0.04892703052836944,0.7645223736763
12,360,2,0.01,4,14,0.9959154725074768,0.003981338813900948,0.0630978511036703,0.5509745478630066
12,360,2,0.01,4,15,0.9972763657569885,0.002654832322150469,0.05152506498928913,0.8177372813224792
12,360,2,0.01,4,16,0.9970093369483948,0.002915117423981428,0.053991827381386415,0.607628583908081
12,360,2,0.01,4,17,0.9971551895141602,0.002772948471829295,0.05265879292035942,0.6420325040817261
12,360,2,0.01,4,18,0.9961633086204529,0.0037398003041744232,0.061153906695929273,0.4709819555282593
12,360,2,0.01,4,19,0.9979142546653748,0.00203307974152267,0.04508968553364139,0.8807991147041321
12,360,2,0.01,4,20,0.9956069588661194,0.00428209500387311,0.0654377185106045,0.931066632270813
12,360,2,0.01,4,21,0.9972110986709595,0.0027184647042304277,0.05213889818772955,1.4997062683105469
12,360,2,0.01,4,22,0.9968432784080505,0.0030769614968448877,0.05547036593393708,0.9348459839820862
12,360,2,0.01,4,23,0.9979604482650757,0.0019880400504916906,0.04458744274447336,0.44371384382247925
12,360,2,0.01,4,24,0.9962765574455261,0.0036294080782681704,0.06024456886946881,0.8118022680282593
12,360,2,0.01,4,25,0.997288167476654,0.0026433104649186134,0.05141313513994856,0.652131974697113
12,360,2,0.01,4,26,0.9980973601341248,0.0018545801285654306,0.04306483633505915,0.5925878286361694
12,360,2,0.01,4,27,0.9975922703742981,0.0023468921426683664,0.048444732868170165,0.5921960473060608
12,360,2,0.01,4,28,0.9968041181564331,0.0031151529401540756,0.055813555164978296,1.0250550508499146
12,360,2,0.01,4,29,0.9981444478034973,0.0018086631316691637,0.04252838030855588,0.37815195322036743
12,360,2,0.01,4,30,0.9941957592964172,0.005657619796693325,0.07521715094772817,1.5676311254501343
12,360,2,0.01,4,31,0.9982571601867676,0.001698800246231258,0.04121650453679033,0.570652961730957
12,360,2,0.01,4,32,0.9977778196334839,0.0021660267375409603,0.046540592363451504,0.6791847944259644
12,360,2,0.01,4,33,0.99837327003479,0.0015856537502259016,0.03982026808330026,0.43189769983291626
12,360,2,0.01,4,34,0.9963503479957581,0.003557456424459815,0.059644416540526365,0.8340334892272949
12,360,2,0.01,4,35,0.9980089068412781,0.0019408207153901458,0.04405474679748081,0.472791850566864
12,360,2,0.01,4,36,0.9953276515007019,0.004554313607513905,0.06748565482762914,0.8878933787345886
12,360,2,0.01,4,37,0.9964920282363892,0.003419349668547511,0.0584752055879029,0.9694567322731018
12,360,2,0.01,4,38,0.996988832950592,0.002935125259682536,0.05417679632169602,0.9220831990242004
12,360,2,0.01,4,39,0.9975539445877075,0.0023842526134103537,0.048828809256527585,1.0537989139556885
12,360,2,0.01,4,40,0.9980199933052063,0.001929992693476379,0.043931682115261404,0.5628462433815002
12,360,2,0.01,4,41,0.9980252981185913,0.0019247966120019555,0.04387250405438417,0.43303635716438293
12,360,2,0.01,4,42,0.9974038004875183,0.002530634170398116,0.05030540895766693,0.579177737236023
12,360,2,0.01,4,43,0.9981105923652649,0.0018416717648506165,0.0429147033643554,0.32029008865356445
12,360,2,0.01,4,44,0.9980610609054565,0.0018899664282798767,0.04347374412538994,0.5370398163795471
12,360,2,0.01,4,45,0.9972442388534546,0.002686156891286373,0.051828147673695354,0.6305669546127319
12,360,2,0.01,4,46,0.9950301647186279,0.0048443046398460865,0.06960103907159781,1.4878071546554565
12,360,2,0.01,4,47,0.9926040768623352,0.007209096569567919,0.08490639887292312,0.6358240246772766
12,360,2,0.01,4,48,0.9982306361198425,0.0017246564384549856,0.04152898311366395,0.6737861633300781
12,360,2,0.01,4,49,0.9980072379112244,0.0019424501806497574,0.04407323655745919,0.2981511652469635
12,360,2,0.01,4,50,0.9970652461051941,0.0028606306295841932,0.05348486355581543,0.7584714293479919
12,360,2,0.01,4,51,0.998405396938324,0.00155431788880378,0.03942483847530361,0.338557630777359
12,360,2,0.01,4,52,0.997755765914917,0.0021875272504985332,0.046771008653850234,0.8765491843223572
12,360,2,0.01,4,53,0.9980522394180298,0.0018985571805387735,0.0435724360179549,0.33952125906944275
12,360,2,0.01,4,54,0.997334361076355,0.002598301274701953,0.05097353504223494,0.6096746921539307
12,360,2,0.01,4,55,0.9981756806373596,0.0017782419454306364,0.042169206127583625,0.4449771046638489
12,360,2,0.01,4,56,0.9983882308006287,0.0015710731968283653,0.039636765721087354,0.5432805418968201
12,360,2,0.01,4,57,0.9971485137939453,0.0027794786728918552,0.052720761307969134,0.5132241249084473
12,360,2,0.01,4,58,0.9982876777648926,0.001669055549427867,0.04085407628900532,0.8273851871490479
12,360,2,0.01,4,59,0.996748149394989,0.0031697191298007965,0.05630025870101128,0.3582492768764496
12,360,2,0.01,4,60,0.9972431063652039,0.0026872691232711077,0.05183887656258677,0.6019022464752197
12,360,2,0.01,4,61,0.996088445186615,0.003812748473137617,0.06174745722001528,0.5771968364715576
12,360,2,0.01,4,62,0.998263955116272,0.0016921727219596505,0.04113602705609343,0.7513200044631958
12,360,2,0.01,4,63,0.9986571669578552,0.0013088927371427417,0.03617862265403068,0.5752993226051331
12,360,2,0.01,4,64,0.9987081289291382,0.0012592183193191886,0.035485466311141925,0.7893886566162109
12,360,2,0.01,4,65,0.9966049790382385,0.0033092584926635027,0.05752615485727777,1.0621099472045898
12,360,2,0.01,4,66,0.9984954595565796,0.0014665499329566956,0.03829556022513179,1.0343477725982666
12,360,2,0.01,4,67,0.9835721254348755,0.01601288467645645,0.126542027312891,0.8377116322517395
12,360,2,0.01,4,68,0.998198390007019,0.0017561061540618539,0.04190592027460862,0.4687477648258209
12,360,2,0.01,4,69,0.9974758625030518,0.002460361458361149,0.0496020307886799,0.9688741564750671
12,360,2,0.01,4,70,0.997135579586029,0.002792085986584425,0.052840192908281715,0.5674178600311279
12,360,2,0.01,4,71,0.9985286593437195,0.0014341973001137376,0.037870797458117215,0.3543614447116852
12,360,2,0.01,4,72,0.997425377368927,0.002509570447728038,0.050095613058710416,0.4788722097873688
12,360,2,0.01,4,73,0.9980774521827698,0.0018739913357421756,0.04328962157078964,0.7079172134399414
12,360,2,0.01,4,74,0.9963893294334412,0.003519475692883134,0.059325169134888556,0.44580304622650146
12,360,2,0.01,4,75,0.9915714263916016,0.008215664885938168,0.09064030497487399,0.41851863265037537
12,360,2,0.01,4,76,0.9983706474304199,0.0015881967265158892,0.039852185969101984,0.45144185423851013
12,360,2,0.01,4,77,0.9983245134353638,0.0016331658698618412,0.040412446967015514,0.5976449251174927
12,360,2,0.01,4,78,0.9984795451164246,0.0014820507494732738,0.03849741224385444,0.3446970582008362
12,360,2,0.01,4,79,0.9985526204109192,0.0014108250616118312,0.03756095128736533,0.7423771619796753
12,360,2,0.01,4,80,0.9982813596725464,0.0016752248629927635,0.040929510905858175,0.6359662413597107
12,360,2,0.01,4,81,0.9976940751075745,0.002247702330350876,0.047409939151520496,0.924476683139801
12,360,2,0.01,4,82,0.9984901547431946,0.001471712370403111,0.03836290357106864,1.2061008214950562
12,360,2,0.01,4,83,0.9977655410766602,0.002178018447011709,0.046669245194364446,0.6391222476959229
12,360,2,0.01,4,84,0.9977982044219971,0.002146154874935746,0.04632661087254005,1.378149390220642
12,360,2,0.01,4,85,0.9984697699546814,0.0014915495412424207,0.0386205844238849,0.32074135541915894
12,360,2,0.01,4,86,0.9975759983062744,0.002362793078646064,0.048608570012355475,0.4165523052215576
12,360,2,0.01,4,87,0.9964151978492737,0.0034942245110869408,0.05911196588751672,0.4081456661224365
12,360,2,0.01,4,88,0.9970425963401794,0.0028826750349253416,0.05369054884172206,0.8564520478248596
12,360,2,0.01,4,89,0.9964188933372498,0.003490656614303589,0.05908177903807221,1.428731918334961
12,360,2,0.01,4,90,0.9982813000679016,0.001675285748206079,0.040930254680444866,0.8356407880783081
12,360,2,0.01,4,91,0.9968669414520264,0.003053908934816718,0.055262183587121476,0.582465410232544
12,360,2,0.01,4,92,0.9948636889457703,0.0050065829418599606,0.07075721123574587,0.7316933870315552
12,360,2,0.01,4,93,0.9986827969551086,0.0012839342234656215,0.0358320279005476,0.9652045965194702
12,360,2,0.01,4,94,0.9978014826774597,0.0021429869811981916,0.04629240738175313,0.6934432983398438
12,360,2,0.01,4,95,0.9976761341094971,0.0022651623003184795,0.04759372122789391,1.094553828239441
12,360,2,0.01,4,96,0.9984594583511353,0.001501598977483809,0.03875047067435193,0.32615357637405396
12,360,2,0.01,4,97,0.997501790523529,0.002435077913105488,0.04934650862123366,1.1039361953735352
12,360,2,0.01,4,98,0.998083233833313,0.0018683297093957663,0.043224179684474826,0.713973879814148
12,360,2,0.01,4,99,0.998586118221283,0.0013781909365206957,0.037123994080926905,0.39016133546829224
12,360,2,0.01,4,100,0.9988616108894348,0.0011096072848886251,0.03331076830228665,0.4010019600391388
13,360,2,0.01,4,1,0.9849456548690796,0.014674066565930843,0.12113656163987338,1.3537755012512207
13,360,2,0.01,4,2,0.9928713440895081,0.006948570720851421,0.08335808731521747,1.6612293720245361
13,360,2,0.01,4,3,0.9949142932891846,0.004957225173711777,0.0704075647477725,0.7820002436637878
13,360,2,0.01,4,4,0.9902225732803345,0.009530455805361271,0.09762405341595519,1.1482607126235962
13,360,2,0.01,4,5,0.9968088269233704,0.0031105331145226955,0.05577215357615927,0.5522621870040894
13,360,2,0.01,4,6,0.9960721135139465,0.0038286426570266485,0.061876026512912484,0.8965474963188171
13,360,2,0.01,4,7,0.9966760873794556,0.0032399590127170086,0.05692063784531063,0.9851633906364441
13,360,2,0.01,4,8,0.9967485070228577,0.003169357543811202,0.05629704738093466,0.6120867729187012
13,360,2,0.01,4,9,0.9963569045066833,0.0035510461311787367,0.05959065473024052,1.0967367887496948
13,360,2,0.01,4,10,0.9915533065795898,0.008233332075178623,0.09073771032585418,0.9244843125343323
13,360,2,0.01,4,11,0.9975319504737854,0.0024057235568761826,0.0490481758771535,0.7825266122817993
13,360,2,0.01,4,12,0.9973472952842712,0.0025856909342110157,0.05084968961764679,1.4314615726470947
13,360,2,0.01,4,13,0.9970805644989014,0.0028456603176891804,0.053344730927142,1.1779335737228394
13,360,2,0.01,4,14,0.9975689649581909,0.002369621768593788,0.04867876095992777,1.0291305780410767
13,360,2,0.01,4,15,0.9978079795837402,0.00213666632771492,0.046224088176133014,1.1258361339569092
13,360,2,0.01,4,16,0.9959542751312256,0.003943543881177902,0.06279764232180936,0.9018608927726746
13,360,2,0.01,4,17,0.9969456791877747,0.0029771688859909773,0.05456343909607401,0.9161010384559631
13,360,2,0.01,4,18,0.9978734254837036,0.0020728802774101496,0.045528894972425474,0.8431963920593262
13,360,2,0.01,4,19,0.9967585802078247,0.0031595381442457438,0.05620976911752746,0.48292604088783264
13,360,2,0.01,4,20,0.9981036186218262,0.0018484513275325298,0.04299361961422334,0.32710400223731995
13,360,2,0.01,4,21,0.9981669187545776,0.0017868016147986054,0.0422705762297914,0.39481666684150696
13,360,2,0.01,4,22,0.9967575669288635,0.0031605118419975042,0.056218429736141724,0.36173608899116516
13,360,2,0.01,4,23,0.9973711967468262,0.0025623689871281385,0.05061984775883999,0.8582351803779602
13,360,2,0.01,4,24,0.9972716569900513,0.0026594458613544703,0.051569815409350364,0.6277735233306885
13,360,2,0.01,4,25,0.9972073435783386,0.002722140634432435,0.052174137601233385,0.37931469082832336
13,360,2,0.01,4,26,0.9920514822006226,0.007747750263661146,0.0880213057370836,0.8174323439598083
13,360,2,0.01,4,27,0.9979686141014099,0.0019800865557044744,0.0444981635093458,0.5529811978340149
13,360,2,0.01,4,28,0.9968552589416504,0.003065306693315506,0.055365211941394266,0.7214828729629517
13,360,2,0.01,4,29,0.9972105622291565,0.002718998584896326,0.05214401772875126,1.019672155380249
13,360,2,0.01,4,30,0.9982931017875671,0.0016637559747323394,0.040789164918300785,0.873579204082489
13,360,2,0.01,4,31,0.9980527758598328,0.0018980511231347919,0.04356662854909468,0.9141432046890259
13,360,2,0.01,4,32,0.9985647201538086,0.0013990063453093171,0.03740329324149569,0.3875957727432251
13,360,2,0.01,4,33,0.9986405372619629,0.0013251506024971604,0.0364026180720173,0.4664868414402008
13,360,2,0.01,4,34,0.9943503141403198,0.00550694577395916,0.07420879849424299,0.7690593600273132
13,360,2,0.01,4,35,0.9960554242134094,0.0038449338171631098,0.06200753032626852,0.3498796224594116
13,360,2,0.01,4,36,0.9982739686965942,0.0016824185149744153,0.04101729531520107,1.2710295915603638
13,360,2,0.01,4,37,0.995692253112793,0.004198911599814892,0.064799009250257,0.8923506736755371
13,360,2,0.01,4,38,0.9908684492111206,0.008900889195501804,0.09434452392959437,0.5513848662376404
13,360,2,0.01,4,39,0.9978593587875366,0.002086584223434329,0.0456791442940247,0.5701685547828674
13,360,2,0.01,4,40,0.9978505373001099,0.002095166826620698,0.04577299232758,0.5602668523788452
13,360,2,0.01,4,41,0.9982132315635681,0.0017416145419701934,0.04173265558253145,0.8539487719535828
13,360,2,0.01,4,42,0.9944167137145996,0.005442230496555567,0.07377147481618872,0.3620779812335968
13,360,2,0.01,4,43,0.9972745180130005,0.002656614175066352,0.051542353216227445,0.5811147689819336
13,360,2,0.01,4,44,0.9984044432640076,0.0015552620170637965,0.03943681043218121,0.9639947414398193
13,360,2,0.01,4,45,0.9985926747322083,0.0013717606198042631,0.03703728688503335,0.6710041761398315
13,360,2,0.01,4,46,0.9975358247756958,0.002401927253231406,0.049009460854322874,0.3985399901866913
13,360,2,0.01,4,47,0.9987016916275024,0.0012655399041250348,0.03557442767108186,0.6700915098190308
13,360,2,0.01,4,48,0.9986263513565063,0.0013389281230047345,0.03659136678240831,0.3277212679386139
13,360,2,0.01,4,49,0.9974315166473389,0.0025035785511136055,0.050035772714265195,0.2596317231655121
13,360,2,0.01,4,50,0.9979622960090637,0.001986223738640547,0.044567070115058574,0.5181256532669067
13,360,2,0.01,4,51,0.9977418184280396,0.002201116643846035,0.04691605955156544,0.5825400948524475
13,360,2,0.01,4,52,0.9985630512237549,0.0014006330166012049,0.03742503195190627,0.3441069722175598
13,360,2,0.01,4,53,0.9984737038612366,0.0014877136563882232,0.038570891309227265,0.4483131170272827
13,360,2,0.01,4,54,0.9979110360145569,0.0020362157374620438,0.045124447226110635,0.24833625555038452
13,360,2,0.01,4,55,0.9960964322090149,0.003804957726970315,0.06168433939802156,0.3334019184112549
13,360,2,0.01,4,56,0.9984729290008545,0.0014884838601574302,0.03858087427932952,0.7788388729095459
13,360,2,0.01,4,57,0.998727023601532,0.0012408316833898425,0.03522544085444272,0.49976810812950134
13,360,2,0.01,4,58,0.9981285333633423,0.0018241684883832932,0.042710285510439906,0.328535795211792
13,360,2,0.01,4,59,0.9970886707305908,0.0028377906419336796,0.05327091741216477,1.232978105545044
13,360,2,0.01,4,60,0.9925020337104797,0.007308547850698233,0.08549004533101051,1.8138501644134521
13,360,2,0.01,4,61,0.998012900352478,0.0019368893699720502,0.044010105316529866,0.6368805766105652
13,360,2,0.01,4,62,0.9985392689704895,0.0014238336589187384,0.03773372044893981,0.4169565737247467
13,360,2,0.01,4,63,0.9985236525535583,0.0014390258584171534,0.03793449430817753,0.3583543002605438
13,360,2,0.01,4,64,0.9951974749565125,0.004681237041950226,0.06841956622158771,0.7516152858734131
13,360,2,0.01,4,65,0.9968059659004211,0.003113372251391411,0.05579760076733955,0.4425663948059082
13,360,2,0.01,4,66,0.9971643090248108,0.0027640785556286573,0.052574504806309465,0.3498467206954956
13,360,2,0.01,4,67,0.9966480731964111,0.0032672747038304806,0.05716007963457084,0.3335858881473541
13,360,2,0.01,4,68,0.9987255930900574,0.0012422000290825963,0.03524485819353791,0.5509982109069824
13,360,2,0.01,4,69,0.9983144998550415,0.0016429282259196043,0.04053305103146819,0.6775464415550232
13,360,2,0.01,4,70,0.998757004737854,0.0012115888530388474,0.03480788492624692,0.30689969658851624
13,360,2,0.01,4,71,0.9983589053153992,0.0015996507136151195,0.03999563368187982,0.4225015938282013
13,360,2,0.01,4,72,0.9931790232658386,0.006648647598922253,0.08153923962683397,0.8704367876052856
13,360,2,0.01,4,73,0.9964122772216797,0.003497087862342596,0.05913618065400061,1.3960809707641602
13,360,2,0.01,4,74,0.9985381960868835,0.001424861722625792,0.037747340603356314,0.5600107908248901
13,360,2,0.01,4,75,0.9954789876937866,0.004406797233968973,0.06638371211350698,0.7557926774024963
13,360,2,0.01,4,76,0.9932371377944946,0.006592054385691881,0.08119146744388774,2.217052936553955
13,360,2,0.01,4,77,0.9983729720115662,0.0015859483974054456,0.039823967625105434,0.6385412812232971
13,360,2,0.01,4,78,0.9967785477638245,0.0031400856096297503,0.05603646678395909,1.0537554025650024
13,360,2,0.01,4,79,0.998133659362793,0.001819176017306745,0.042651799695988736,0.3478086590766907
13,360,2,0.01,4,80,0.9974866509437561,0.002449881052598357,0.0494962731182698,0.30819812417030334
13,360,2,0.01,4,81,0.9963343143463135,0.0035731082316488028,0.05977548186044846,1.0588436126708984
13,360,2,0.01,4,82,0.9985777139663696,0.0013863850617781281,0.03723419210588741,0.4564738869667053
13,360,2,0.01,4,83,0.9969519376754761,0.002971067326143384,0.05450749788922056,0.8389509916305542
13,360,2,0.01,4,84,0.9988987445831299,0.0010734362294897437,0.03276333666600128,0.6478294134140015
13,360,2,0.01,4,85,0.9982881546020508,0.0016686124727129936,0.040848653254581035,0.348001092672348
13,360,2,0.01,4,86,0.9978346824645996,0.0021106284111738205,0.04594157606323297,0.28288277983665466
13,360,2,0.01,4,87,0.9975348711013794,0.0024028783664107323,0.04901916325694199,0.6995602250099182
13,360,2,0.01,4,88,0.9976005554199219,0.0023388180416077375,0.04836132795537916,0.7214678525924683
13,360,2,0.01,4,89,0.9988868236541748,0.0010850843973457813,0.03294061926172277,0.3376166820526123
13,360,2,0.01,4,90,0.9979166388511658,0.002030719770118594,0.04506350818698644,1.0667028427124023
13,360,2,0.01,4,91,0.9969000220298767,0.0030216416344046593,0.05496946092517789,0.40243834257125854
13,360,2,0.01,4,92,0.9986258745193481,0.0013393984409049153,0.036597792841985916,0.36296746134757996
13,360,2,0.01,4,93,0.9932174682617188,0.006611203774809837,0.08130930927519824,0.9865404367446899
13,360,2,0.01,4,94,0.9984152317047119,0.001544760656543076,0.039303443316624005,0.9000309705734253
13,360,2,0.01,4,95,0.9968684911727905,0.003052390180528164,0.0552484405257575,1.4319742918014526
13,360,2,0.01,4,96,0.998313307762146,0.0016440813196823,0.04054727265405529,0.596198320388794
13,360,2,0.01,4,97,0.9985846281051636,0.001379605964757502,0.03714304732729266,0.7679854035377502
13,360,2,0.01,4,98,0.9958522915840149,0.004042941145598888,0.06358412652226095,0.4760614037513733
13,360,2,0.01,4,99,0.9982780814170837,0.0016784463077783585,0.040968845575368104,0.8974876403808594
13,360,2,0.01,4,100,0.9974402189254761,0.002495116088539362,0.04995113700947519,1.2478419542312622
14,360,2,0.01,4,1,0.9741101861000061,0.025235794484615326,0.15885778068642192,2.6517114639282227
14,360,2,0.01,4,2,0.9920992851257324,0.007701165974140167,0.0877562873766898,1.443397879600525
14,360,2,0.01,4,3,0.9964144229888916,0.003495004726573825,0.05911856499082014,1.544041395187378
14,360,2,0.01,4,4,0.9970145225524902,0.0029100847896188498,0.053945201729336874,1.4592690467834473
14,360,2,0.01,4,5,0.9957507848739624,0.004141862504184246,0.06435730342536304,0.8435237407684326
14,360,2,0.01,4,6,0.997523307800293,0.0024141480680555105,0.049133980787796044,0.8245776891708374
14,360,2,0.01,4,7,0.9971843957901001,0.002744508208706975,0.05238805406490085,0.776381254196167
14,360,2,0.01,4,8,0.9977117776870728,0.002230399753898382,0.04722710825255324,0.35403481125831604
14,360,2,0.01,4,9,0.9953372478485107,0.004544971510767937,0.06741640387003697,0.5549420118331909
14,360,2,0.01,4,10,0.9971290230751038,0.0027984753251075745,0.052900617435976814,0.5552440881729126
14,360,2,0.01,4,11,0.9966539144515991,0.003261570120230317,0.057110157767513804,0.5958760380744934
14,360,2,0.01,4,12,0.9979191422462463,0.0020283011253923178,0.04503666423473566,0.5311174988746643
14,360,2,0.01,4,13,0.9983418583869934,0.0016162391984835267,0.040202477516734295,0.4119991958141327
14,360,2,0.01,4,14,0.9982967972755432,0.0016601620009168983,0.04074508560448607,0.7390610575675964
14,360,2,0.01,4,15,0.9980466961860657,0.0019039377802982926,0.04363413549388016,0.7190981507301331
14,360,2,0.01,4,16,0.9975600242614746,0.002378362463787198,0.04876845767283602,0.42156198620796204
14,360,2,0.01,4,17,0.9977882504463196,0.0021558727603405714,0.046431376894731126,0.6983881592750549
14,360,2,0.01,4,18,0.9964568614959717,0.003453620010986924,0.05876750812300045,0.39566731452941895
14,360,2,0.01,4,19,0.9983025789260864,0.001654559513553977,0.04067627703654769,0.6766856908798218
14,360,2,0.01,4,20,0.9947362542152405,0.005130799487233162,0.07162959923965205,1.1452841758728027
14,360,2,0.01,4,21,0.998468816280365,0.0014924961142241955,0.038632837253095915,0.8688248991966248
14,360,2,0.01,4,22,0.9972747564315796,0.002656415803357959,0.05154042882396264,0.691107988357544
14,360,2,0.01,4,23,0.9985702037811279,0.0013936599716544151,0.037331755539411954,0.8933581709861755
14,360,2,0.01,4,24,0.9965837001800537,0.0033300258219242096,0.05770637592089985,0.9802295565605164
14,360,2,0.01,4,25,0.9942936897277832,0.005562163423746824,0.0745799130044198,0.4756386876106262
14,360,2,0.01,4,26,0.9888370633125305,0.010880958288908005,0.10431183196985855,0.7475983500480652
14,360,2,0.01,4,27,0.9985438585281372,0.0014193481765687466,0.0376742375711672,1.039974331855774
14,360,2,0.01,4,28,0.9930541515350342,0.006770389154553413,0.08228237450726257,0.9145901799201965
14,360,2,0.01,4,29,0.9985148906707764,0.001447585760615766,0.03804715180687992,0.4420612156391144
14,360,2,0.01,4,30,0.9982876181602478,0.001669125398620963,0.04085493114204163,0.47045326232910156
14,360,2,0.01,4,31,0.9975731372833252,0.0023655870463699102,0.048637300977438194,0.3452207148075104
14,360,2,0.01,4,32,0.9980593323707581,0.0018916234839707613,0.04349279807014905,0.673404335975647
14,360,2,0.01,4,33,0.9982555508613586,0.0017003938555717468,0.0412358321799348,1.0339359045028687
14,360,2,0.01,4,34,0.994248628616333,0.005606065969914198,0.07487366673213085,0.6371491551399231
14,360,2,0.01,4,35,0.9971877932548523,0.0027411608025431633,0.0523560961354374,0.6937015652656555
14,360,2,0.01,4,36,0.998477041721344,0.001484500477090478,0.03852921588989942,0.45733147859573364
14,360,2,0.01,4,37,0.9977410435676575,0.002201915718615055,0.04692457478352953,1.0595418214797974
14,360,2,0.01,4,38,0.9983950257301331,0.0015644205268472433,0.03955275624842399,0.7052386403083801
14,360,2,0.01,4,39,0.9984663724899292,0.0014948820462450385,0.038663704507522795,0.4369390308856964
14,360,2,0.01,4,40,0.9969784021377563,0.002945279935374856,0.05427043334427003,0.8866348266601562
14,360,2,0.01,4,41,0.9983292818069458,0.0016285227611660957,0.0403549595609523,0.6762096285820007
14,360,2,0.01,4,42,0.99665766954422,0.003257893957197666,0.05707796384943725,0.8235313296318054
14,360,2,0.01,4,43,0.9964116811752319,0.0034976766910403967,0.05914115902686044,0.7281807065010071
14,360,2,0.01,4,44,0.9986221194267273,0.0013430742546916008,0.036647977497968436,0.5340567827224731
14,360,2,0.01,4,45,0.9984039664268494,0.0015557000879198313,0.03944236412691094,0.4821350872516632
14,360,2,0.01,4,46,0.9936113357543945,0.0062272981740534306,0.07891323193263237,0.7384512424468994
14,360,2,0.01,4,47,0.9984334111213684,0.0015270201256498694,0.0390771048780468,0.40492478013038635
14,360,2,0.01,4,48,0.9977911710739136,0.0021530217491090298,0.046400665395110764,1.084938883781433
14,360,2,0.01,4,49,0.9928387999534607,0.006980301812291145,0.08354820053293276,0.5706477761268616
14,360,2,0.01,4,50,0.9957484602928162,0.0041441465727984905,0.06437504619647655,0.6584550738334656
14,360,2,0.01,4,51,0.9982240796089172,0.001731065334752202,0.04160607329167464,0.5126431584358215
14,360,2,0.01,4,52,0.9986610412597656,0.0013051519636064768,0.03612688699025252,0.3753320574760437
14,360,2,0.01,4,53,0.998831570148468,0.001138937077485025,0.03374814183751492,0.8722615242004395
14,360,2,0.01,4,54,0.9967571496963501,0.0031609535217285156,0.05622235784568729,0.5525850653648376
14,360,2,0.01,4,55,0.9985554814338684,0.0014080038527026772,0.037523377415987984,0.4144292175769806
14,360,2,0.01,4,56,0.9988312125205994,0.0011392849264666438,0.03375329504606393,0.3169426918029785
14,360,2,0.01,4,57,0.9985079169273376,0.0014543702127411962,0.03813620606118543,0.8876544237136841
14,360,2,0.01,4,58,0.9976617097854614,0.0022792285308241844,0.04774126653979956,0.6060941815376282
14,360,2,0.01,4,59,0.9987210035324097,0.0012466675834730268,0.035308180121227245,0.9147127866744995
14,360,2,0.01,4,60,0.9985154271125793,0.0014470885507762432,0.03804061711876193,0.7232058048248291
14,360,2,0.01,4,61,0.9973791241645813,0.002554676029831171,0.05054380308040909,0.6711611747741699
14,360,2,0.01,4,62,0.9973220229148865,0.0026103246491402388,0.05109133634130388,1.1707017421722412
14,360,2,0.01,4,63,0.9982574582099915,0.0016985395923256874,0.04121334240662467,0.26750099658966064
14,360,2,0.01,4,64,0.9983969926834106,0.0015625242376700044,0.03952877733588536,0.3245997726917267
14,360,2,0.01,4,65,0.9932538866996765,0.006575683131814003,0.08109058596294642,1.5217971801757812
14,360,2,0.01,4,66,0.9981954097747803,0.001759010017849505,0.04194055338034424,0.6487551331520081
14,360,2,0.01,4,67,0.9986099600791931,0.0013549044961109757,0.03680902737252067,0.304647296667099
14,360,2,0.01,4,68,0.9989016056060791,0.001070649130269885,0.03272077520887739,0.699812650680542
14,360,2,0.01,4,69,0.9983429312705994,0.0016152245225384831,0.04018985596563495,0.9642174243927002
14,360,2,0.01,4,70,0.9975497126579285,0.0023884084075689316,0.04887134546509776,0.7819268107414246
14,360,2,0.01,4,71,0.9982563257217407,0.001699642394669354,0.04122671942647576,0.778450608253479
14,360,2,0.01,4,72,0.9986252784729004,0.0013399742310866714,0.0366056584572204,0.42172837257385254
14,360,2,0.01,4,73,0.9984846711158752,0.001477077603340149,0.038432767313064366,0.34505385160446167
14,360,2,0.01,4,74,0.9961217045783997,0.0037803256418555975,0.06148435282131217,2.143806219100952
14,360,2,0.01,4,75,0.9978834986686707,0.0020630517974495888,0.04542082999516399,0.4121536314487457
14,360,2,0.01,4,76,0.9971100091934204,0.002816959749907255,0.05307503885921569,0.6901834607124329
14,360,2,0.01,4,77,0.9976971745491028,0.0022446687798947096,0.047377935580760686,0.29044678807258606
14,360,2,0.01,4,78,0.9990147948265076,0.000960338453296572,0.030989328054938075,0.7613893151283264
14,360,2,0.01,4,79,0.9981088638305664,0.001843340345658362,0.04293413962871926,0.34350037574768066
14,360,2,0.01,4,80,0.9979084730148315,0.002038687700405717,0.04515182942479426,0.23927362263202667
14,360,2,0.01,4,81,0.9976410865783691,0.0022993222810328007,0.04795124900388728,0.8489362001419067
14,360,2,0.01,4,82,0.9979917407035828,0.001957542262971401,0.04424412122498764,0.8134517669677734
14,360,2,0.01,4,83,0.9980137944221497,0.001936035812832415,0.04400040696212269,1.192326307296753
14,360,2,0.01,4,84,0.996123194694519,0.0037788772024214268,0.061472572765595444,1.0105270147323608
14,360,2,0.01,4,85,0.9899967312812805,0.009750605560839176,0.09874515461955172,0.4155743420124054
14,360,2,0.01,4,86,0.9989771842956543,0.0009969815146178007,0.031575014087372955,0.42645931243896484
14,360,2,0.01,4,87,0.9984466433525085,0.001514132716692984,0.03891185830428796,0.7307644486427307
14,360,2,0.01,4,88,0.991311252117157,0.008469290100038052,0.092028746052731,0.395648330450058
14,360,2,0.01,4,89,0.9983091354370117,0.0016481754137203097,0.040597726706310906,0.522486686706543
14,360,2,0.01,4,90,0.998814582824707,0.0011555005330592394,0.03399265410436848,0.7152823209762573
14,360,2,0.01,4,91,0.998505175113678,0.0014570534694939852,0.038171369761825225,0.37947961688041687
14,360,2,0.01,4,92,0.9926568865776062,0.007157634943723679,0.08460280694943684,1.7773592472076416
14,360,2,0.01,4,93,0.9990155696868896,0.0009595344890840352,0.03097635370866034,0.4194144308567047
14,360,2,0.01,4,94,0.9987956285476685,0.0011739435140043497,0.034262859104347225,0.5709505677223206
14,360,2,0.01,4,95,0.9986121654510498,0.0013527562841773033,0.03677983529296051,0.8183004260063171
14,360,2,0.01,4,96,0.9990847706794739,0.0008920812979340553,0.029867730043209768,0.43115314841270447
14,360,2,0.01,4,97,0.9987080097198486,0.0012593682622537017,0.03548757898552255,0.4226877689361572
14,360,2,0.01,4,98,0.9974691271781921,0.0024669526610523462,0.04966842720534189,0.4114965796470642
14,360,2,0.01,4,99,0.9987518191337585,0.0012166628148406744,0.03488069401317403,0.38631370663642883
14,360,2,0.01,4,100,0.9984179139137268,0.001542107667773962,0.039269678732757184,1.3684204816818237
15,360,2,0.01,4,1,0.9912768602371216,0.008502792567014694,0.0922105881502482,1.9800536632537842
15,360,2,0.01,4,2,0.995141863822937,0.004735390655696392,0.06881417481664945,2.0610198974609375
15,360,2,0.01,4,3,0.9948069453239441,0.005061857867985964,0.07114673476686027,1.369431972503662
15,360,2,0.01,4,4,0.9956770539283752,0.004213729873299599,0.06491324882718164,0.9719132781028748
15,360,2,0.01,4,5,0.9967052340507507,0.003211531788110733,0.05667037840098417,0.8295796513557434
15,360,2,0.01,4,6,0.9952653050422668,0.004615109879523516,0.06793460001739553,0.5712300539016724
15,360,2,0.01,4,7,0.9975963830947876,0.002342905616387725,0.04840357028554531,0.550394594669342
15,360,2,0.01,4,8,0.9968281984329224,0.003091663122177124,0.05560272585204006,0.33123716711997986
15,360,2,0.01,4,9,0.992702841758728,0.007112814579159021,0.08433750398938197,1.5942435264587402
15,360,2,0.01,4,10,0.9956119060516357,0.004277246538549662,0.06540066160636039,0.723315954208374
15,360,2,0.01,4,11,0.9919117093086243,0.007883971557021141,0.08879173135501493,0.6216608285903931
15,360,2,0.01,4,12,0.9972853660583496,0.0026460771914571524,0.05144003490917509,1.3020869493484497
15,360,2,0.01,4,13,0.99687260389328,0.003048419952392578,0.055212498153883405,0.7344164848327637
15,360,2,0.01,4,14,0.9978131055831909,0.002131673274561763,0.04617004737448038,0.2672644853591919
15,360,2,0.01,4,15,0.9969435930252075,0.0029792040586471558,0.05458208551024004,0.37947145104408264
15,360,2,0.01,4,16,0.9970975518226624,0.0028291158378124237,0.053189433516558755,0.37076687812805176
15,360,2,0.01,4,17,0.997353732585907,0.002579407999292016,0.05078787256119335,0.3425665497779846
15,360,2,0.01,4,18,0.9965964555740356,0.0033175579737871885,0.057598246273538475,0.7907897233963013
15,360,2,0.01,4,19,0.9978491067886353,0.002096588257700205,0.045788516657566065,0.7219001650810242
15,360,2,0.01,4,20,0.9977694749832153,0.0021741590462625027,0.04662787842334779,0.826550304889679
15,360,2,0.01,4,21,0.9970777034759521,0.0028485008515417576,0.0533713486014899,0.8777544498443604
15,360,2,0.01,4,22,0.9978240132331848,0.002121026162058115,0.04605459979261697,0.8910984396934509
15,360,2,0.01,4,23,0.9833484292030334,0.016230927780270576,0.12740065847659726,0.6572320461273193
15,360,2,0.01,4,24,0.9971400499343872,0.002787728561088443,0.05279894469673085,0.8828103542327881
15,360,2,0.01,4,25,0.9985207319259644,0.0014419187791645527,0.03797260564096903,0.43915486335754395
15,360,2,0.01,4,26,0.9975936412811279,0.0023455992341041565,0.04843138686951011,0.6615409255027771
15,360,2,0.01,4,27,0.998550534248352,0.0014128271723166108,0.03758759332966944,0.7913367748260498
15,360,2,0.01,4,28,0.9981635808944702,0.0017900208476930857,0.04230863797965004,1.1837202310562134
15,360,2,0.01,4,29,0.997183084487915,0.002745763398706913,0.05240003243039944,0.8916693925857544
15,360,2,0.01,4,30,0.9981517195701599,0.0018016151152551174,0.04244543691912144,0.7595282196998596
15,360,2,0.01,4,31,0.9986380934715271,0.0013274940429255366,0.03643479165475681,1.0442320108413696
15,360,2,0.01,4,32,0.9977459907531738,0.002197066554799676,0.046872876536432836,0.629547655582428
15,360,2,0.01,4,33,0.9963591694831848,0.003548878012225032,0.059572460182747464,0.4609302878379822
15,360,2,0.01,4,34,0.9977275133132935,0.002215062966570258,0.047064455447505794,0.6823492050170898
15,360,2,0.01,4,35,0.9958935379981995,0.0040027122013270855,0.06326699140410491,0.7981971502304077
15,360,2,0.01,4,36,0.9970166683197021,0.0029079467058181763,0.05392538090563827,0.8089321851730347
15,360,2,0.01,4,37,0.9982457160949707,0.0017099421238526702,0.04135144645417703,0.3232891857624054
15,360,2,0.01,4,38,0.9983518123626709,0.0016065523959696293,0.04008182126562651,0.6618186831474304
15,360,2,0.01,4,39,0.9981061816215515,0.001845984486863017,0.042964921585672854,0.42824846506118774
15,360,2,0.01,4,40,0.9984368681907654,0.0015236479230225086,0.039033932968924726,0.4571104347705841
15,360,2,0.01,4,41,0.9975162148475647,0.002421024488285184,0.049203907246124105,0.6014614105224609
15,360,2,0.01,4,42,0.9981449246406555,0.00180823914706707,0.04252339529091098,0.39589422941207886
15,360,2,0.01,4,43,0.9979908466339111,0.001958421664312482,0.04425405816772606,0.5755908489227295
15,360,2,0.01,4,44,0.9981577396392822,0.0017956973752006888,0.04237566961359654,1.116550326347351
15,360,2,0.01,4,45,0.9985203146934509,0.001442293869331479,0.037977544277263096,0.4329603314399719
15,360,2,0.01,4,46,0.9967349171638489,0.0031826074700802565,0.056414603340626764,0.28024858236312866
15,360,2,0.01,4,47,0.9983729124069214,0.00158600730355829,0.039824707199906564,0.44140636920928955
15,360,2,0.01,4,48,0.9973230957984924,0.002609293907880783,0.051081248104179904,0.49478426575660706
15,360,2,0.01,4,49,0.9980493783950806,0.0019013435812667012,0.043604398645855684,0.9301930665969849
15,360,2,0.01,4,50,0.9956967234611511,0.004194583743810654,0.06476560617959701,0.7810057401657104
15,360,2,0.01,4,51,0.9983110427856445,0.0016462651547044516,0.040574193210764546,0.3365897536277771
15,360,2,0.01,4,52,0.9983424544334412,0.0016157031059265137,0.040195809556799744,0.8082609176635742
15,360,2,0.01,4,53,0.9976590871810913,0.0022817777935415506,0.047767957812131244,0.867872953414917
15,360,2,0.01,4,54,0.9989117383956909,0.0010607948061078787,0.032569845042736675,0.5151684880256653
15,360,2,0.01,4,55,0.9982844591140747,0.0016722081927582622,0.04089264228144548,0.6966699957847595
15,360,2,0.01,4,56,0.997195303440094,0.002733824076130986,0.05228598355325245,0.5535219311714172
15,360,2,0.01,4,57,0.998907208442688,0.0010651987977325916,0.03263738343882045,0.4221113920211792
15,360,2,0.01,4,58,0.9974184632301331,0.0025163087993860245,0.050162822880954624,0.5971445441246033
15,360,2,0.01,4,59,0.9977031946182251,0.0022387716453522444,0.047315659620808886,0.3764324188232422
15,360,2,0.01,4,60,0.998704731464386,0.0012625737581402063,0.035532713914647816,0.5675184726715088
15,360,2,0.01,4,61,0.9977452158927917,0.002197809750214219,0.04688080364300743,0.6184459924697876
15,360,2,0.01,4,62,0.9957822561264038,0.0041112289763987064,0.0641188659943289,0.5878944396972656
15,360,2,0.01,4,63,0.9987820386886597,0.001187172601930797,0.034455371162284656,0.8767805695533752
15,360,2,0.01,4,64,0.9966950416564941,0.003221464343369007,0.05675794520037707,0.3992786407470703
15,360,2,0.01,4,65,0.998773992061615,0.001195017248392105,0.03456902151337386,0.5039024353027344
15,360,2,0.01,4,66,0.9979779124259949,0.0019710115157067776,0.04439607545388193,0.4994867146015167
15,360,2,0.01,4,67,0.9982373714447021,0.0017180930590257049,0.04144988611595579,0.43424785137176514
15,360,2,0.01,4,68,0.992723822593689,0.007092404644936323,0.08421641553127468,0.4907953441143036
15,360,2,0.01,4,69,0.9976511597633362,0.0022894993890076876,0.04784871355645507,0.46507683396339417
15,360,2,0.01,4,70,0.9987339973449707,0.0012340206885710359,0.03512863061052958,0.2545472979545593
15,360,2,0.01,4,71,0.9965863823890686,0.0033273587469011545,0.057683262276861165,0.7225555181503296
15,360,2,0.01,4,72,0.997010350227356,0.00291410437785089,0.05398244508959269,0.6839061379432678
15,360,2,0.01,4,73,0.9963327050209045,0.003574658650904894,0.05978844914283104,1.005570411682129
15,360,2,0.01,4,74,0.9776195883750916,0.021815074607729912,0.14769927084359594,0.6686853170394897
15,360,2,0.01,4,75,0.9978727102279663,0.0020735764410346746,0.045536539625169965,0.832545816898346
15,360,2,0.01,4,76,0.9983444213867188,0.0016137375496327877,0.04017135235006145,0.6334982514381409
15,360,2,0.01,4,77,0.9980500340461731,0.001900729606859386,0.04359735779676775,0.42140012979507446
15,360,2,0.01,4,78,0.9984825253486633,0.001479150727391243,0.03845972864427469,0.33992013335227966
15,360,2,0.01,4,79,0.9984744191169739,0.0014870213344693184,0.03856191559647055,0.674789547920227
15,360,2,0.01,4,80,0.997808039188385,0.0021365988068282604,0.046223357805640436,1.2118171453475952
15,360,2,0.01,4,81,0.9987111687660217,0.0012563028139993548,0.03544436223152216,0.5017040371894836
15,360,2,0.01,4,82,0.9968851804733276,0.0030361274257302284,0.055101065558936596,0.547882616519928
15,360,2,0.01,4,83,0.9988068342208862,0.0011630302760750055,0.03410322970152542,0.6358633637428284
15,360,2,0.01,4,84,0.99848872423172,0.0014731058618053794,0.03838106123865492,0.5987686514854431
15,360,2,0.01,4,85,0.9985166788101196,0.0014458714285865426,0.03802461608729985,0.9537355303764343
15,360,2,0.01,4,86,0.995324432849884,0.004557453561574221,0.06750891468224193,1.4803012609481812
15,360,2,0.01,4,87,0.997812807559967,0.0021319675724953413,0.04617323437333951,0.6074818968772888
15,360,2,0.01,4,88,0.9982558488845825,0.001700094435364008,0.041232201437274824,1.1143298149108887
15,360,2,0.01,4,89,0.9981471300125122,0.0018060746369883418,0.04249793685566797,0.3807714581489563
15,360,2,0.01,4,90,0.9988673329353333,0.0011040514800697565,0.033227270126655856,0.8879920244216919
15,360,2,0.01,4,91,0.9989811778068542,0.0009930998785421252,0.031513487248194624,0.6542914509773254
15,360,2,0.01,4,92,0.9974501729011536,0.002485442440956831,0.04985421186777333,0.5233185887336731
15,360,2,0.01,4,93,0.9982306957244873,0.0017245947383344173,0.04152824025087527,0.5314006209373474
15,360,2,0.01,4,94,0.9986580014228821,0.0013080714270472527,0.03616727010775423,0.8650520443916321
15,360,2,0.01,4,95,0.9975491166114807,0.0023889474105089903,0.04887685966292219,0.9440770149230957
15,360,2,0.01,4,96,0.9983422756195068,0.0016158365178853273,0.040197469048253866,0.43994787335395813
15,360,2,0.01,4,97,0.998877227306366,0.0010944379027932882,0.033082289866230366,0.6220821738243103
15,360,2,0.01,4,98,0.9981287121772766,0.001824009232223034,0.04270842109260226,1.28717839717865
15,360,2,0.01,4,99,0.999049186706543,0.00092680798843503,0.03044352128836331,0.2861539423465729
15,360,2,0.01,4,100,0.9921749830245972,0.007627338636666536,0.08733463595084448,0.9533061385154724
16,360,2,0.01,4,1,0.9889073967933655,0.010812410153448582,0.10398273969004944,1.265708327293396
16,360,2,0.01,4,2,0.9938470125198364,0.005997560918331146,0.07744392111929216,0.8680523037910461
16,360,2,0.01,4,3,0.9961282014846802,0.0037739838007837534,0.06143275836867292,1.2000665664672852
16,360,2,0.01,4,4,0.9939305186271667,0.005916186608374119,0.07691675115587059,0.5184887051582336
16,360,2,0.01,4,5,0.9946728944778442,0.005192566197365522,0.07205946292726252,1.3935884237289429
16,360,2,0.01,4,6,0.99544757604599,0.004437424708157778,0.06661399783947648,1.2795301675796509
16,360,2,0.01,4,7,0.9972333908081055,0.0026967430021613836,0.05193017429357794,0.5923202037811279
16,360,2,0.01,4,8,0.9971276521682739,0.002799778012558818,0.05291292859555988,0.9197887182235718
16,360,2,0.01,4,9,0.997692883014679,0.002248820150271058,0.04742172656358115,0.6377918720245361
16,360,2,0.01,4,10,0.9963473677635193,0.00356037518940866,0.05966887957225827,0.6970317363739014
16,360,2,0.01,4,11,0.997776210308075,0.00216761976480484,0.04655770360321523,0.5815698504447937
16,360,2,0.01,4,12,0.995967447757721,0.003930675331503153,0.06269509814573347,1.406321406364441
16,360,2,0.01,4,13,0.9962601661682129,0.0036453697830438614,0.06037689775935711,0.5939608812332153
16,360,2,0.01,4,14,0.9971920251846313,0.0027370464522391558,0.052316789391543855,0.6289522051811218
16,360,2,0.01,4,15,0.9980369210243225,0.001913500833325088,0.04374358048131278,0.35431820154190063
16,360,2,0.01,4,16,0.9981914162635803,0.0017629008507356048,0.04198691285073963,0.47116535902023315
16,360,2,0.01,4,17,0.9964985847473145,0.0034129945561289787,0.05842084008407427,0.8284359574317932
16,360,2,0.01,4,18,0.997100293636322,0.002826457377523184,0.05316443715044093,0.5609427094459534
16,360,2,0.01,4,19,0.9961981177330017,0.0037058405578136444,0.06087561546147722,0.7403438091278076
16,360,2,0.01,4,20,0.9972768425941467,0.0026543792337179184,0.051520668024763794,0.4700325131416321
16,360,2,0.01,4,21,0.9883398413658142,0.011365589685738087,0.10660951967689418,0.8484302759170532
16,360,2,0.01,4,22,0.997745156288147,0.0021978719159960747,0.04688146665790304,0.8716546297073364
16,360,2,0.01,4,23,0.9966041445732117,0.003310055937618017,0.05753308559097119,0.9802052974700928
16,360,2,0.01,4,24,0.9975905418395996,0.00234859436750412,0.04846229841334519,1.0029258728027344
16,360,2,0.01,4,25,0.9969097971916199,0.003012138418853283,0.054882951987418487,1.048272728919983
16,360,2,0.01,4,26,0.9966055750846863,0.0033086626790463924,0.05752097599177532,0.8515255451202393
16,360,2,0.01,4,27,0.9980604648590088,0.0018905213801190257,0.0434801262661348,0.7251039147377014
16,360,2,0.01,4,28,0.9957129955291748,0.00417870981618762,0.06464294096177571,1.5838983058929443
16,360,2,0.01,4,29,0.9917663931846619,0.008025635965168476,0.08958591387695097,0.5274238586425781
16,360,2,0.01,4,30,0.9978522062301636,0.002093542367219925,0.04575524414993242,1.454142451286316
16,360,2,0.01,4,31,0.9983739852905273,0.0015849526971578598,0.039811464393536944,0.6033760905265808
16,360,2,0.01,4,32,0.9979186654090881,0.0020287332590669394,0.04504146155562605,0.6509751081466675
16,360,2,0.01,4,33,0.9978218078613281,0.0021231831051409245,0.04607801108056775,0.5350908637046814
16,360,2,0.01,4,34,0.9972440004348755,0.002686389721930027,0.05183039380450458,0.8042822480201721
16,360,2,0.01,4,35,0.9966675043106079,0.0032482962124049664,0.0569938260902439,1.0188430547714233
16,360,2,0.01,4,36,0.9966753125190735,0.0032407152466475964,0.05692728033770449,0.9979116916656494
16,360,2,0.01,4,37,0.9968448877334595,0.0030754406470805407,0.055456655570639495,0.7021891474723816
16,360,2,0.01,4,38,0.9983617067337036,0.0015969008672982454,0.039961242064008036,0.8095927834510803
16,360,2,0.01,4,39,0.9964148998260498,0.0034945092629641294,0.059114374419121866,0.9256925582885742
16,360,2,0.01,4,40,0.9982026815414429,0.0017519074026495218,0.04185579294015969,1.1382685899734497
16,360,2,0.01,4,41,0.9980344772338867,0.001915892236866057,0.04377090628335284,0.9361293315887451
16,360,2,0.01,4,42,0.9958723187446594,0.004023424815386534,0.06343047229357932,0.7678564190864563
16,360,2,0.01,4,43,0.9959960579872131,0.0039028069004416466,0.06247244913113017,1.0555615425109863
16,360,2,0.01,4,44,0.9954420924186707,0.0044427718967199326,0.06665412137835089,0.6705156564712524
16,360,2,0.01,4,45,0.9979235529899597,0.0020240009762346745,0.044988898366537876,0.7890898585319519
16,360,2,0.01,4,46,0.9976491332054138,0.002291500335559249,0.04786961808453509,0.7881774306297302
16,360,2,0.01,4,47,0.9961996674537659,0.003704349510371685,0.06086336755694418,1.7591160535812378
16,360,2,0.01,4,48,0.9971029758453369,0.002823833143338561,0.0531397510658317,0.6300138235092163
16,360,2,0.01,4,49,0.9984841346740723,0.0014775553718209267,0.03843898245038397,0.6922131180763245
16,360,2,0.01,4,50,0.9970459342002869,0.0028794226236641407,0.053660251803957656,1.0554065704345703
16,360,2,0.01,4,51,0.9917910099029541,0.00800164695829153,0.089451925402931,1.4571386575698853
16,360,2,0.01,4,52,0.99854576587677,0.0014174849493429065,0.03764950131599231,0.7837687134742737
16,360,2,0.01,4,53,0.9981141090393066,0.0018382379785180092,0.042874677590834534,0.9034876227378845
16,360,2,0.01,4,54,0.9984185099601746,0.0015415282687172294,0.0392623008586765,0.9271795749664307
16,360,2,0.01,4,55,0.996982991695404,0.0029408042319118977,0.054229182475046565,0.508033275604248
16,360,2,0.01,4,56,0.9978267550468445,0.0021183236967772245,0.0460252506432852,0.7918192148208618
16,360,2,0.01,4,57,0.998336136341095,0.0016218494856730103,0.04027219246170998,0.7800400257110596
16,360,2,0.01,4,58,0.9925310611724854,0.007280251476913691,0.08532438969552428,1.1602271795272827
16,360,2,0.01,4,59,0.9970386028289795,0.002886598464101553,0.05372707384644685,0.31930702924728394
16,360,2,0.01,4,60,0.9963073134422302,0.0035994132049381733,0.05999510984187106,1.097510576248169
16,360,2,0.01,4,61,0.9983878135681152,0.001571433269418776,0.03964130761489555,0.6470145583152771
16,360,2,0.01,4,62,0.9980101585388184,0.0019396013813093305,0.04404090577303481,0.4181399643421173
16,360,2,0.01,4,63,0.9982292652130127,0.0017259939340874553,0.04154508315176966,0.3214731812477112
16,360,2,0.01,4,64,0.9982334971427917,0.0017218692228198051,0.0414954120695265,0.5840896368026733
16,360,2,0.01,4,65,0.9977448582649231,0.0021982036996632814,0.04688500506199483,0.9063873887062073
16,360,2,0.01,4,66,0.9977316856384277,0.0022110098507255316,0.04702137652946298,0.4436628520488739
16,360,2,0.01,4,67,0.9976313710212708,0.0023087854497134686,0.048049822577336004,0.4874517321586609
16,360,2,0.01,4,68,0.9962040781974792,0.0037000062875449657,0.06082767698626149,0.7896481156349182
16,360,2,0.01,4,69,0.9977664947509766,0.002177064074203372,0.04665901921604624,0.6745837926864624
16,360,2,0.01,4,70,0.9986580610275269,0.001308042905293405,0.03616687580222274,0.45098137855529785
16,360,2,0.01,4,71,0.9979621171951294,0.001986407907679677,0.04456913626804627,0.30197566747665405
16,360,2,0.01,4,72,0.99811190366745,0.0018404218135401607,0.042900137686727305,1.2874510288238525
16,360,2,0.01,4,73,0.9924020171165466,0.007406066171824932,0.08605850435503125,0.4878773093223572
16,360,2,0.01,4,74,0.9961234331130981,0.0037786616012454033,0.06147081910342015,0.5489462614059448
16,360,2,0.01,4,75,0.9961749911308289,0.0037283671554178,0.06106035665976575,0.8551424741744995
16,360,2,0.01,4,76,0.9975247383117676,0.002412717090919614,0.04911941663863297,0.6979463696479797
16,360,2,0.01,4,77,0.9977816343307495,0.0021623452194035053,0.04650102385328204,1.334842324256897
16,360,2,0.01,4,78,0.9983385801315308,0.0016194286290556192,0.04024212505640848,0.6669549942016602
16,360,2,0.01,4,79,0.9977062344551086,0.0022358086425811052,0.0472843382377411,0.502034604549408
16,360,2,0.01,4,80,0.996722936630249,0.0031942888163030148,0.05651803974221872,0.7378591299057007
16,360,2,0.01,4,81,0.9983052611351013,0.0016519477358087897,0.04064415992253733,0.7764655351638794
16,360,2,0.01,4,82,0.998191773891449,0.001762525294907391,0.04198244031624878,0.7806400060653687
16,360,2,0.01,4,83,0.9844270348548889,0.015179558657109737,0.12320535157658427,0.3384499251842499
16,360,2,0.01,4,84,0.9982701539993286,0.001686166157014668,0.041062953583670375,0.7711092829704285
16,360,2,0.01,4,85,0.9983843564987183,0.0015748555306345224,0.03968444948130845,0.6143658757209778
16,360,2,0.01,4,86,0.9971284866333008,0.00279897078871727,0.052905300194945215,0.9906986951828003
16,360,2,0.01,4,87,0.997821569442749,0.0021233807783573866,0.0460801560148985,0.6803120374679565
16,360,2,0.01,4,88,0.9985613226890564,0.0014023330295458436,0.037447737308759305,0.5475961565971375
16,360,2,0.01,4,89,0.9985739588737488,0.001389992656186223,0.037282605276270905,0.9945963025093079
16,360,2,0.01,4,90,0.9980579018592834,0.001893057837150991,0.0435092844936686,0.8791931867599487
16,360,2,0.01,4,91,0.9964566230773926,0.00345387845300138,0.05876970693309079,1.0215749740600586
16,360,2,0.01,4,92,0.9984556436538696,0.001505348365753889,0.03879881912834319,0.590648353099823
16,360,2,0.01,4,93,0.9969331622123718,0.0029893654864281416,0.05467509018216743,0.6701226234436035
16,360,2,0.01,4,94,0.9986754655838013,0.0012910759542137384,0.03593154539139304,0.39858075976371765
16,360,2,0.01,4,95,0.9981471300125122,0.001806049607694149,0.04249764237806786,0.7582346796989441
16,360,2,0.01,4,96,0.9981629252433777,0.0017906551947817206,0.042316133977263574,0.8614411354064941
16,360,2,0.01,4,97,0.9977339506149292,0.002208779798820615,0.046997657375880075,0.5823473930358887
16,360,2,0.01,4,98,0.9985860586166382,0.0013781983871012926,0.03712409442803006,1.0604248046875
16,360,2,0.01,4,99,0.9980978965759277,0.0018540765158832073,0.04305898879308718,1.3255683183670044
16,360,2,0.01,4,100,0.9962518811225891,0.0036534504033625126,0.060443778864019686,0.4412156641483307
17,360,2,0.01,4,1,0.9843838810920715,0.015221661888062954,0.12337609933882232,3.1830034255981445
17,360,2,0.01,4,2,0.9941835403442383,0.0056695472449064255,0.07529639596226652,0.6512823104858398
17,360,2,0.01,4,3,0.9930711388587952,0.00675382511690259,0.0821816592489017,0.9488780498504639
17,360,2,0.01,4,4,0.9964738488197327,0.003437071805819869,0.058626545231830515,0.9217947125434875
17,360,2,0.01,4,5,0.9969743490219116,0.0029492489993572235,0.05430698849464241,0.5908224582672119
17,360,2,0.01,4,6,0.993094801902771,0.006730744149535894,0.08204111255666816,0.46965304017066956
17,360,2,0.01,4,7,0.9949777722358704,0.00489538861438632,0.0699670537780913,0.4796801805496216
17,360,2,0.01,4,8,0.995944619178772,0.003952928353101015,0.06287231786009655,0.3874298334121704
17,360,2,0.01,4,9,0.9945622086524963,0.0053004492074251175,0.07280418399669841,0.6983552575111389
17,360,2,0.01,4,10,0.9968982338905334,0.0030234192963689566,0.05498562808924671,0.7322912216186523
17,360,2,0.01,4,11,0.9963737726211548,0.0035346418153494596,0.059452853719140004,0.6313339471817017
17,360,2,0.01,4,12,0.9930950403213501,0.0067305369302630424,0.08203984964797925,0.6863755583763123
17,360,2,0.01,4,13,0.9954235553741455,0.004460818134248257,0.06678935644433368,0.9846539497375488
17,360,2,0.01,4,14,0.9972701072692871,0.002660930622369051,0.051584209040839726,0.48257744312286377
17,360,2,0.01,4,15,0.9971055388450623,0.002821320900693536,0.05311610773290468,0.8762741684913635
17,360,2,0.01,4,16,0.997832179069519,0.0021130687091499567,0.04596812710074184,0.6571637988090515
17,360,2,0.01,4,17,0.9967472553253174,0.0031705619767308235,0.0563077434881813,0.7243125438690186
17,360,2,0.01,4,18,0.998014509677887,0.0019353365059942007,0.043992459649287635,0.8106909394264221
17,360,2,0.01,4,19,0.9979851245880127,0.0019639753736555576,0.04431676176860802,0.4363383948802948
17,360,2,0.01,4,20,0.9978439211845398,0.0021016260143369436,0.04584349478755894,0.6408905982971191
17,360,2,0.01,4,21,0.9972299933433533,0.0027000177651643753,0.05196169517215903,0.6602675318717957
17,360,2,0.01,4,22,0.9979863166809082,0.0019628170412033796,0.04430369105620185,1.2782212495803833
17,360,2,0.01,4,23,0.9974288940429688,0.0025061825290322304,0.05006178711384793,0.9742182493209839
17,360,2,0.01,4,24,0.9976769685745239,0.0022643711417913437,0.04758540891692897,0.6173940896987915
17,360,2,0.01,4,25,0.9966477155685425,0.0032676050905138254,0.05716296957396305,0.48726531863212585
17,360,2,0.01,4,26,0.9956902861595154,0.004200875759124756,0.06481416326023777,1.0859729051589966
17,360,2,0.01,4,27,0.9983228445053101,0.0016348072094842792,0.040432749219961275,0.8185148239135742
17,360,2,0.01,4,28,0.996232807636261,0.003672057995572686,0.060597508163064646,1.013826847076416
17,360,2,0.01,4,29,0.9978287816047668,0.0021163825877010822,0.04600415837401096,0.6676768064498901
17,360,2,0.01,4,30,0.9973819255828857,0.0025519568007439375,0.05051689619071957,0.9155592322349548
17,360,2,0.01,4,31,0.9897251129150391,0.010015332140028477,0.1000766313383323,0.6252963542938232
17,360,2,0.01,4,32,0.9982452988624573,0.0017103479476645589,0.04135635317172633,1.0192211866378784
17,360,2,0.01,4,33,0.9975685477256775,0.002370015252381563,0.04868280242941611,0.3204800486564636
17,360,2,0.01,4,34,0.992831289768219,0.00698764156550169,0.0835921142542865,1.546796202659607
17,360,2,0.01,4,35,0.9978586435317993,0.0020872384775429964,0.045686305142164825,0.6155562400817871
17,360,2,0.01,4,36,0.998316764831543,0.0016406942158937454,0.04050548377557964,0.8346428275108337
17,360,2,0.01,4,37,0.9986075758934021,0.0013572477037087083,0.03684084287456937,0.7172792553901672
17,360,2,0.01,4,38,0.9982816576957703,0.0016749422065913677,0.040926057794409755,0.6263301968574524
17,360,2,0.01,4,39,0.9976053833961487,0.0023341504856944084,0.048313046744067056,0.5327611565589905
17,360,2,0.01,4,40,0.9920361638069153,0.007762657944113016,0.08810594726868905,0.46677514910697937
17,360,2,0.01,4,41,0.9973649978637695,0.0025684109423309565,0.05067949232511072,0.916579008102417
17,360,2,0.01,4,42,0.9965788125991821,0.0033347418066114187,0.057747223367114534,0.4105556011199951
17,360,2,0.01,4,43,0.9982070922851562,0.001747592817991972,0.041804220097879735,0.5415636301040649
17,360,2,0.01,4,44,0.9985417127609253,0.001421447261236608,0.03770208563510258,0.3704776465892792
17,360,2,0.01,4,45,0.9983924627304077,0.0015669515123590827,0.03958473837679217,0.8222838640213013
17,360,2,0.01,4,46,0.9978826642036438,0.002063835272565484,0.04542945379999064,0.6040561199188232
17,360,2,0.01,4,47,0.9983553886413574,0.0016030570259317756,0.04003819458881451,0.7602190375328064
17,360,2,0.01,4,48,0.9979946613311768,0.0019546642433851957,0.0442115849454099,0.4327491521835327
17,360,2,0.01,4,49,0.9976305365562439,0.0023096187505871058,0.0480584930120276,0.8388776779174805
17,360,2,0.01,4,50,0.9947414398193359,0.005125714931637049,0.07159409844140122,0.9178939461708069
17,360,2,0.01,4,51,0.9984763860702515,0.0014851074665784836,0.03853709208773391,0.9130948185920715
17,360,2,0.01,4,52,0.9970472455024719,0.002878187457099557,0.05364874143071351,0.3799052834510803
17,360,2,0.01,4,53,0.9980744123458862,0.0018769705202430487,0.04332401782202395,0.5382404327392578
17,360,2,0.01,4,54,0.9944119453430176,0.005446883849799633,0.07380300705120106,1.323468804359436
17,360,2,0.01,4,55,0.9956458210945129,0.004244170151650906,0.06514729581226611,0.5467697978019714
17,360,2,0.01,4,56,0.9981648325920105,0.0017888372531160712,0.04229464804341172,1.1885900497436523
17,360,2,0.01,4,57,0.994611918926239,0.005251970142126083,0.07247047772801062,1.574319839477539
17,360,2,0.01,4,58,0.9986297488212585,0.0013356538256630301,0.036546598003959686,0.45962807536125183
17,360,2,0.01,4,59,0.9985125660896301,0.0014498446835204959,0.03807682606941518,0.6969367861747742
17,360,2,0.01,4,60,0.9985950589179993,0.0013694696826860309,0.03700634651902334,0.7942542433738708
17,360,2,0.01,4,61,0.9975087642669678,0.002428322331979871,0.04927801063334305,1.2829208374023438
17,360,2,0.01,4,62,0.9953576922416687,0.0045250398106873035,0.06726841614522601,0.6853897571563721
17,360,2,0.01,4,63,0.9940764904022217,0.005773868411779404,0.0759859750992208,1.2547779083251953
17,360,2,0.01,4,64,0.9980691075325012,0.0018821107223629951,0.04338330004002686,1.1363184452056885
17,360,2,0.01,4,65,0.9978209733963013,0.0021239544730633497,0.04608638055937296,0.5443426966667175
17,360,2,0.01,4,66,0.9982318878173828,0.0017234740080311894,0.04151474446544492,1.2806867361068726
17,360,2,0.01,4,67,0.9782415628433228,0.021208802238106728,0.14563242165845738,0.5551900267601013
17,360,2,0.01,4,68,0.998630166053772,0.0013352589448913932,0.03654119517601187,0.31896063685417175
17,360,2,0.01,4,69,0.9972385764122009,0.0026916570495814085,0.05188118203724168,0.46888479590415955
17,360,2,0.01,4,70,0.9984094500541687,0.0015503535978496075,0.03937452981115593,0.5311573147773743
17,360,2,0.01,4,71,0.9987921118736267,0.0011773536680266261,0.03431258760319055,0.8213697671890259
17,360,2,0.01,4,72,0.9987174272537231,0.0012501459568738937,0.035357403140981576,0.4483736455440521
17,360,2,0.01,4,73,0.9939972162246704,0.005851120688021183,0.07649261851983617,1.014832615852356
17,360,2,0.01,4,74,0.9973706603050232,0.00256290752440691,0.05062516690744743,0.4301174581050873
17,360,2,0.01,4,75,0.9968094825744629,0.0031099230982363224,0.05576668448308831,0.8273817896842957
17,360,2,0.01,4,76,0.9984501004219055,0.0015107693616300821,0.03886861666730734,0.6130377054214478
17,360,2,0.01,4,77,0.9981577396392822,0.0017957498785108328,0.04237628910736325,0.5091449022293091
17,360,2,0.01,4,78,0.9981913566589355,0.0017629446228966117,0.0419874341070827,0.4781343340873718
17,360,2,0.01,4,79,0.9982103109359741,0.001744496519677341,0.04176717035755883,0.4439677894115448
17,360,2,0.01,4,80,0.9980894923210144,0.0018622559728100896,0.04315386393835539,0.7768130898475647
17,360,2,0.01,4,81,0.9982410073280334,0.0017145314486697316,0.04140690097881912,0.4583796262741089
17,360,2,0.01,4,82,0.9985871911048889,0.0013771328376606107,0.03710974046878542,0.4137234687805176
17,360,2,0.01,4,83,0.9988232254981995,0.0011470397002995014,0.03386797455265817,0.5098877549171448
17,360,2,0.01,4,84,0.9985790848731995,0.0013850366231054068,0.037216080168462215,0.28865620493888855
17,360,2,0.01,4,85,0.9955865740776062,0.004301942884922028,0.06558919792863782,0.4078204333782196
17,360,2,0.01,4,86,0.9984544515609741,0.0015065345214679837,0.038814102095346525,0.49122312664985657
17,360,2,0.01,4,87,0.9985265731811523,0.0014362034853547812,0.03789727543445282,0.6578704714775085
17,360,2,0.01,4,88,0.9962535500526428,0.003651790088042617,0.06043004292603652,0.5200734734535217
17,360,2,0.01,4,89,0.9982666969299316,0.001689534867182374,0.041103951965502955,0.3550582528114319
17,360,2,0.01,4,90,0.9986481666564941,0.0013177021173760295,0.036300166905622204,0.3785872161388397
17,360,2,0.01,4,91,0.9973230957984924,0.0026093055494129658,0.0510813620551857,0.2641262114048004
17,360,2,0.01,4,92,0.9983341693878174,0.0016237323870882392,0.0402955628709693,0.46795761585235596
17,360,2,0.01,4,93,0.9986556768417358,0.0013103527016937733,0.03619879420220753,0.5791259407997131
17,360,2,0.01,4,94,0.998487114906311,0.0014746811939403415,0.038401578013674664,0.9097989201545715
17,360,2,0.01,4,95,0.9988149404525757,0.0011551107745617628,0.03398692063958962,0.5449433922767639
17,360,2,0.01,4,96,0.9977328777313232,0.0022098575718700886,0.047009122219736126,0.5028127431869507
17,360,2,0.01,4,97,0.9985195994377136,0.0014430007431656122,0.03798684960832646,0.6336678862571716
17,360,2,0.01,4,98,0.9896407723426819,0.010097536258399487,0.10048649789100766,0.47335392236709595
17,360,2,0.01,4,99,0.9965405464172363,0.003372093429788947,0.05806972903147514,0.6195576190948486
17,360,2,0.01,4,100,0.9983807802200317,0.0015783219132572412,0.039728099794191535,0.6824338436126709
18,360,2,0.01,4,1,0.9899125695228577,0.00983261875808239,0.09915956211118719,1.0798821449279785
18,360,2,0.01,4,2,0.9913028478622437,0.008477428928017616,0.09207295437867526,0.6099766492843628
18,360,2,0.01,4,3,0.9962966442108154,0.003609792795032263,0.0600815512036121,0.3981984853744507
18,360,2,0.01,4,4,0.9951593279838562,0.004718394950032234,0.06869057395328877,0.8559348583221436
18,360,2,0.01,4,5,0.9956944584846497,0.004196780268102884,0.06478256145061635,0.7535060048103333
18,360,2,0.01,4,6,0.9952980875968933,0.004583120811730623,0.06769875044438134,0.48067188262939453
18,360,2,0.01,4,7,0.9964187741279602,0.0034907327499240637,0.05908242335859341,0.7667642831802368
18,360,2,0.01,4,8,0.9932372570037842,0.00659193703904748,0.08119074478687506,1.3628134727478027
18,360,2,0.01,4,9,0.9977883696556091,0.0021557449363172054,0.04643000039109633,0.5572820901870728
18,360,2,0.01,4,10,0.9963237643241882,0.003583353478461504,0.05986111825268138,0.47982272505760193
18,360,2,0.01,4,11,0.9972059726715088,0.0027234305161982775,0.05218649745095255,1.962286353111267
18,360,2,0.01,4,12,0.9968549609184265,0.0030656156595796347,0.05536800212739877,1.2564870119094849
18,360,2,0.01,4,13,0.9979896545410156,0.0019595464691519737,0.04426676483720008,0.7617642283439636
18,360,2,0.01,4,14,0.9981109499931335,0.0018413489451631904,0.04291094202139112,0.6557984948158264
18,360,2,0.01,4,15,0.9962992668151855,0.003607233753427863,0.060060251027013394,0.8045730590820312
18,360,2,0.01,4,16,0.997835099697113,0.0021102239843457937,0.04593717431825551,0.7733277678489685
18,360,2,0.01,4,17,0.9978317022323608,0.002113496186211705,0.04597277657714079,0.948231041431427
18,360,2,0.01,4,18,0.9972333312034607,0.0026967760641127825,0.0519304926234364,1.1693007946014404
18,360,2,0.01,4,19,0.9949673414230347,0.004905554931610823,0.0700396668439451,0.7612947821617126
18,360,2,0.01,4,20,0.9975126385688782,0.0024245174136012793,0.04923938884268649,0.4559001326560974
18,360,2,0.01,4,21,0.9922981262207031,0.007507322356104851,0.08664480570758325,1.584953784942627
18,360,2,0.01,4,22,0.9981638789176941,0.0017897344660013914,0.042305253409019916,0.9784056544303894
18,360,2,0.01,4,23,0.9957854747772217,0.004108086694031954,0.06409435773944501,1.3661003112792969
18,360,2,0.01,4,24,0.9977719783782959,0.002171733183786273,0.04660185815808499,0.6618183851242065
18,360,2,0.01,4,25,0.9926661849021912,0.0071485391817986965,0.08454903418607865,1.114200234413147
18,360,2,0.01,4,26,0.9975828528404236,0.002356109442189336,0.048539771756667086,1.617268681526184
18,360,2,0.01,4,27,0.9968847036361694,0.00303659331984818,0.05510529302932868,1.051960825920105
18,360,2,0.01,4,28,0.9979448318481445,0.0020032706670463085,0.04475791178156448,0.6099452972412109
18,360,2,0.01,4,29,0.9978789687156677,0.0020674297120422125,0.04546899726233483,0.9879415035247803
18,360,2,0.01,4,30,0.9978442788124084,0.0021012562792748213,0.04583946203081818,1.2770887613296509
18,360,2,0.01,4,31,0.9941447973251343,0.005707308650016785,0.07554673156409074,0.3788735270500183
18,360,2,0.01,4,32,0.9970728158950806,0.00285325082950294,0.0534158293907615,0.6326199769973755
18,360,2,0.01,4,33,0.9981423020362854,0.0018107816576957703,0.04255328022251364,1.2019909620285034
18,360,2,0.01,4,34,0.9982022643089294,0.0017523184651508927,0.041860703113431964,0.7467949986457825
18,360,2,0.01,4,35,0.9975621104240417,0.0023763328790664673,0.048747644856612996,1.0988842248916626
18,360,2,0.01,4,36,0.9984745383262634,0.001486948924139142,0.038560976701052865,0.48686811327934265
18,360,2,0.01,4,37,0.9941223859786987,0.005729162134230137,0.07569122891214104,0.5324296355247498
18,360,2,0.01,4,38,0.9981892108917236,0.001765022287145257,0.04201216832234748,1.3990108966827393
18,360,2,0.01,4,39,0.961599588394165,0.03743040934205055,0.1934694015653394,0.590073823928833
18,360,2,0.01,4,40,0.9983484745025635,0.0016098043415695429,0.040122367098285004,0.923299252986908
18,360,2,0.01,4,41,0.9978256225585938,0.0021194315049797297,0.04603728385754018,0.8904417157173157
18,360,2,0.01,4,42,0.9916303157806396,0.008158260025084019,0.09032308688859132,1.0457860231399536
18,360,2,0.01,4,43,0.9981903433799744,0.0017639213474467397,0.04199906364964271,0.3682388961315155
18,360,2,0.01,4,44,0.9982327818870544,0.0017225814517587423,0.041503993202567174,0.48570317029953003
18,360,2,0.01,4,45,0.9985700845718384,0.0013938071206212044,0.03733372631577518,0.6294265389442444
18,360,2,0.01,4,46,0.9981505274772644,0.0018027701880782843,0.04245904129956639,0.6093279123306274
18,360,2,0.01,4,47,0.9971534609794617,0.002774605993181467,0.05267452888428588,1.4963608980178833
18,360,2,0.01,4,48,0.9987692832946777,0.0011996317189186811,0.034635700063932316,0.35201525688171387
18,360,2,0.01,4,49,0.9987285733222961,0.001239282893948257,0.0352034500290562,0.757280170917511
18,360,2,0.01,4,50,0.9979455471038818,0.0020025360863655806,0.044749704874619906,0.5090876817703247
18,360,2,0.01,4,51,0.9985514283180237,0.0014120044652372599,0.03757664787121464,0.27344951033592224
18,360,2,0.01,4,52,0.9986310005187988,0.0013344389153644443,0.03652997283552842,0.648332953453064
18,360,2,0.01,4,53,0.9987977147102356,0.0011719128815457225,0.03423321313499103,0.44399169087409973
18,360,2,0.01,4,54,0.9956701397895813,0.004220492206513882,0.06496531541148616,0.7659827470779419
18,360,2,0.01,4,55,0.9984004497528076,0.0015591316623613238,0.0394858412897753,1.5213208198547363
18,360,2,0.01,4,56,0.9979021549224854,0.002044862834736705,0.04522015960538734,0.5506443977355957
18,360,2,0.01,4,57,0.99799644947052,0.0019529102137312293,0.044191743728113166,0.6255515813827515
18,360,2,0.01,4,58,0.9969884157180786,0.0029355138540267944,0.054180382557036215,0.4515634775161743
18,360,2,0.01,4,59,0.9980310201644897,0.0019192500039935112,0.04380924564510911,0.3776598572731018
18,360,2,0.01,4,60,0.9986575841903687,0.0013085079845041037,0.03617330486013275,0.38756346702575684
18,360,2,0.01,4,61,0.9980471134185791,0.0019035805016756058,0.04363004127519943,0.5245833396911621
18,360,2,0.01,4,62,0.9959821105003357,0.003916403744369745,0.0625811772370075,1.4270156621932983
18,360,2,0.01,4,63,0.9986379742622375,0.0013276421232149005,0.036436823725661115,1.0679038763046265
18,360,2,0.01,4,64,0.9985326528549194,0.0014302663039416075,0.037818861748360535,1.23389732837677
18,360,2,0.01,4,65,0.997233510017395,0.002696628449484706,0.05192907133277762,0.42228034138679504
18,360,2,0.01,4,66,0.998123824596405,0.0018287691054865718,0.04276411001630423,0.6879314184188843
18,360,2,0.01,4,67,0.9986836910247803,0.0012830778723582625,0.03582007638682897,0.7500116229057312
18,360,2,0.01,4,68,0.9944398403167725,0.005419683177024126,0.07361849751946943,0.48436346650123596
18,360,2,0.01,4,69,0.9987665414810181,0.0012023283634334803,0.03467460689659625,0.44411447644233704
18,360,2,0.01,4,70,0.9979774951934814,0.001971401972696185,0.0444004726629817,0.5422092080116272
18,360,2,0.01,4,71,0.9959658980369568,0.003932212945073843,0.06270735957663856,2.3540260791778564
18,360,2,0.01,4,72,0.9986749887466431,0.0012915460392832756,0.03593808619394299,0.43243730068206787
18,360,2,0.01,4,73,0.9968878626823425,0.0030335255432873964,0.05507745040656291,0.6374271512031555
18,360,2,0.01,4,74,0.9990361332893372,0.0009395359666086733,0.030651850949146176,0.670037031173706
18,360,2,0.01,4,75,0.998119592666626,0.0018329353770241141,0.042812794548173494,0.2800641655921936
18,360,2,0.01,4,76,0.9981261491775513,0.001826521591283381,0.04273782389503917,0.7527721524238586
18,360,2,0.01,4,77,0.9972164630889893,0.0027132052928209305,0.05208843722767012,0.8930191397666931
18,360,2,0.01,4,78,0.9980906844139099,0.0018610835541039705,0.043140277631280616,1.114388108253479
18,360,2,0.01,4,79,0.9978267550468445,0.0021183269564062357,0.04602528605458347,0.5303475260734558
18,360,2,0.01,4,80,0.9962932467460632,0.0036130992230027914,0.06010906107237736,0.867508590221405
18,360,2,0.01,4,81,0.9969787001609802,0.0029450037982314825,0.05426788920007376,0.7461113929748535
18,360,2,0.01,4,82,0.9987819790840149,0.001187262823805213,0.0344566803944491,0.7626639008522034
18,360,2,0.01,4,83,0.9982273578643799,0.0017278380692005157,0.04156727161121494,0.806465208530426
18,360,2,0.01,4,84,0.9987586140632629,0.0012100390158593655,0.03478561507087902,0.5111765265464783
18,360,2,0.01,4,85,0.9988787174224854,0.001092933933250606,0.03305955131653492,0.49971142411231995
18,360,2,0.01,4,86,0.9859679341316223,0.013677616603672504,0.11695134288956456,0.447783887386322
18,360,2,0.01,4,87,0.998590886592865,0.0013735031243413687,0.037060803071997356,1.0427056550979614
18,360,2,0.01,4,88,0.9987589120864868,0.0012097363360226154,0.0347812641521641,0.7395250201225281
18,360,2,0.01,4,89,0.995029628276825,0.004844800569117069,0.06960460163751438,1.6117254495620728
18,360,2,0.01,4,90,0.9983546733856201,0.0016037357272580266,0.04004666936535455,0.8840910792350769
18,360,2,0.01,4,91,0.998746931552887,0.0012214358430355787,0.034949046382348956,1.1411255598068237
18,360,2,0.01,4,92,0.9982419013977051,0.0017136815004050732,0.04139663634167724,0.8051216006278992
18,360,2,0.01,4,93,0.9987306594848633,0.0012372903292998672,0.03517513794286907,0.9371800422668457
18,360,2,0.01,4,94,0.9990237355232239,0.0009515882120467722,0.03084782345720314,0.7656396627426147
18,360,2,0.01,4,95,0.9982719421386719,0.0016844342462718487,0.04104185968339944,0.8640193939208984
18,360,2,0.01,4,96,0.9982703924179077,0.0016859135357663035,0.041059877444608914,1.3428540229797363
18,360,2,0.01,4,97,0.9987671375274658,0.0012016913387924433,0.03466541992811342,0.7771759629249573
18,360,2,0.01,4,98,0.9986916184425354,0.0012753516202792525,0.035712065472039735,0.7783151268959045
18,360,2,0.01,4,99,0.9987258911132812,0.0012419193517416716,0.0352408761488938,0.6743364334106445
18,360,2,0.01,4,100,0.9982045292854309,0.0017501094844192266,0.041834309895338616,0.5524985790252686
19,360,2,0.01,4,1,0.9805804491043091,0.0189290139824152,0.13758275321571087,1.5465348958969116
19,360,2,0.01,4,2,0.9934087991714478,0.006424708291888237,0.08015427806354591,2.1493420600891113
19,360,2,0.01,4,3,0.9954888820648193,0.004397135693579912,0.0663109017702211,0.7422418594360352
19,360,2,0.01,4,4,0.9961949586868286,0.0037089253310114145,0.06090094688107414,0.7026825547218323
19,360,2,0.01,4,5,0.9965804815292358,0.0033331383019685745,0.05773333787309179,0.6543576121330261
19,360,2,0.01,4,6,0.9970831274986267,0.0028432172257453203,0.053321826916801346,0.7266749143600464
19,360,2,0.01,4,7,0.9970366358757019,0.002888523740693927,0.05374498805185398,1.1797749996185303
19,360,2,0.01,4,8,0.9973363876342773,0.0025963406078517437,0.05095429920871981,0.4827624261379242
19,360,2,0.01,4,9,0.9952561259269714,0.004624021239578724,0.06800015617319363,1.0599743127822876
19,360,2,0.01,4,10,0.993838906288147,0.0060054706409573555,0.07749497171402385,1.305065631866455
19,360,2,0.01,4,11,0.9975519776344299,0.0023861730005592108,0.04884846978728413,0.6895601153373718
19,360,2,0.01,4,12,0.9966660141944885,0.003249744651839137,0.05700653165944353,0.5817529559135437
19,360,2,0.01,4,13,0.9976922273635864,0.0022494804579764605,0.047428688132568675,0.9248698353767395
19,360,2,0.01,4,14,0.997366189956665,0.0025672803167253733,0.05066833643139839,0.5664485692977905
19,360,2,0.01,4,15,0.9978405833244324,0.0021048723720014095,0.0458788880859313,0.7529256939888
19,360,2,0.01,4,16,0.9978376030921936,0.0021077825222164392,0.04591059270164609,0.38753506541252136
19,360,2,0.01,4,17,0.996760368347168,0.003157768165692687,0.05619402250856124,0.5342504978179932
19,360,2,0.01,4,18,0.9899577498435974,0.009788574650883675,0.09893722580951861,1.1503397226333618
19,360,2,0.01,4,19,0.9961639046669006,0.0037391665391623974,0.061148724754997115,0.675139844417572
19,360,2,0.01,4,20,0.9970788955688477,0.002847338793799281,0.053360460959396526,0.8502458930015564
19,360,2,0.01,4,21,0.9953070282936096,0.004574421793222427,0.06763447192979648,0.5154612064361572
19,360,2,0.01,4,22,0.9975053668022156,0.002431632950901985,0.04931159043168234,0.34558114409446716
19,360,2,0.01,4,23,0.9961882829666138,0.00371541571803391,0.06095421001074421,1.142596960067749
19,360,2,0.01,4,24,0.9950953125953674,0.004780803341418505,0.06914335355924317,0.4449286162853241
19,360,2,0.01,4,25,0.9979797005653381,0.0019692755304276943,0.04437652003512324,0.6083690524101257
19,360,2,0.01,4,26,0.9982065558433533,0.0017481319373473525,0.04181066774577216,0.41909220814704895
19,360,2,0.01,4,27,0.9946931004524231,0.005172839388251305,0.07192245399213867,0.44138696789741516
19,360,2,0.01,4,28,0.9960247278213501,0.003874844405800104,0.06224824821470966,1.2390059232711792
19,360,2,0.01,4,29,0.9976890683174133,0.002252528676763177,0.047460812011207484,1.1216384172439575
19,360,2,0.01,4,30,0.9974767565727234,0.002459525130689144,0.049593599694810864,0.5656110644340515
19,360,2,0.01,4,31,0.9972198605537415,0.0027099186554551125,0.052056879040671585,0.28404393792152405
19,360,2,0.01,4,32,0.9958479404449463,0.004047170281410217,0.06361737405308567,0.8876262903213501
19,360,2,0.01,4,33,0.9972770810127258,0.0026541429106146097,0.05151837449507321,0.7743170261383057
19,360,2,0.01,4,34,0.9985113143920898,0.0014510606415569782,0.03809278988938692,0.8636441230773926
19,360,2,0.01,4,35,0.9973980188369751,0.002536241663619876,0.05036111261300604,0.7680980563163757
19,360,2,0.01,4,36,0.9987309575080872,0.0012369997566565871,0.03517100733070617,0.7201008796691895
19,360,2,0.01,4,37,0.9986125826835632,0.0013523501111194491,0.036774313197114224,0.6149818301200867
19,360,2,0.01,4,38,0.9980809092521667,0.0018705865368247032,0.043250277881473814,0.46572813391685486
19,360,2,0.01,4,39,0.9968892335891724,0.0030321571975946426,0.055065026991681774,0.4561213254928589
19,360,2,0.01,4,40,0.9948927760124207,0.00497819297015667,0.07055631063311538,0.9709681868553162
19,360,2,0.01,4,41,0.9979949593544006,0.0019544099923223257,0.04420870946230308,1.1444432735443115
19,360,2,0.01,4,42,0.9981365203857422,0.001816395903006196,0.042619196414364686,1.0483897924423218
19,360,2,0.01,4,43,0.9981731176376343,0.001780706923455,0.0421984232342276,0.6131321787834167
19,360,2,0.01,4,44,0.9971851706504822,0.0027437368407845497,0.052380691488224454,0.5048846006393433
19,360,2,0.01,4,45,0.9978702068328857,0.0020760176703333855,0.04556333690955246,0.44087448716163635
19,360,2,0.01,4,46,0.9922667741775513,0.007537899538874626,0.08682107773389262,0.6871923804283142
19,360,2,0.01,4,47,0.9962289929389954,0.0036757674533873796,0.060628107783332476,0.8234100341796875
19,360,2,0.01,4,48,0.9959368109703064,0.003960527945309877,0.06293272555125733,0.7286261320114136
19,360,2,0.01,4,49,0.9946796894073486,0.005185933317989111,0.07201342456784784,0.9022727608680725
19,360,2,0.01,4,50,0.9962488412857056,0.003656429937109351,0.0604684209907068,0.3774857819080353
19,360,2,0.01,4,51,0.9978750348091125,0.0020713056437671185,0.045511599002530316,0.8701717257499695
19,360,2,0.01,4,52,0.9983025789260864,0.0016545475227758288,0.04067612964351241,1.0569242238998413
19,360,2,0.01,4,53,0.9986062049865723,0.0013586151180788875,0.03685939660492135,0.4566776156425476
19,360,2,0.01,4,54,0.997382402420044,0.0025514813605695963,0.050512190217506865,0.47656160593032837
19,360,2,0.01,4,55,0.994136393070221,0.005715470295399427,0.07560072946340814,1.1660830974578857
19,360,2,0.01,4,56,0.9980752468109131,0.0018761515384539962,0.04331456496900316,0.5081772804260254
19,360,2,0.01,4,57,0.9979638457298279,0.001984702656045556,0.044550001751353006,1.5577400922775269
19,360,2,0.01,4,58,0.9971734881401062,0.0027551245875656605,0.05248928069201997,0.5183873772621155
19,360,2,0.01,4,59,0.9973536133766174,0.002579520456492901,0.05078897967564323,0.5478455424308777
19,360,2,0.01,4,60,0.9956881999969482,0.004202875308692455,0.06482958667685963,0.9721125364303589
19,360,2,0.01,4,61,0.998088002204895,0.0018636834574863315,0.043170400247001785,0.4037824869155884
19,360,2,0.01,4,62,0.9978761076927185,0.0020702576730400324,0.04550008431904311,1.1070998907089233
19,360,2,0.01,4,63,0.9985288977622986,0.001433918601833284,0.03786711768584036,1.2576704025268555
19,360,2,0.01,4,64,0.9978753328323364,0.002071024151518941,0.04550850636440336,0.7863938212394714
19,360,2,0.01,4,65,0.9986057877540588,0.0013589983573183417,0.036864594902403874,1.0011948347091675
19,360,2,0.01,4,66,0.9953391551971436,0.004543090704828501,0.06740245325526735,0.5108776092529297
19,360,2,0.01,4,67,0.9964216947555542,0.00348792620934546,0.059058667520910595,0.8353782892227173
19,360,2,0.01,4,68,0.9986666440963745,0.0012996885925531387,0.036051194051697356,0.36742302775382996
19,360,2,0.01,4,69,0.9976422786712646,0.00229814276099205,0.047938948267479235,0.5887598991394043
19,360,2,0.01,4,70,0.9906285405158997,0.009134753607213497,0.09557590495105708,1.1698052883148193
19,360,2,0.01,4,71,0.9987868070602417,0.0011825462570413947,0.034388170306682425,0.8418295979499817
19,360,2,0.01,4,72,0.9969504475593567,0.0029725152999162674,0.0545207786070253,0.8773546814918518
19,360,2,0.01,4,73,0.9984121918678284,0.0015476752305403352,0.039340503689458975,0.5874474048614502
19,360,2,0.01,4,74,0.9986753463745117,0.0012911887606605887,0.03593311509820139,0.5880570411682129
19,360,2,0.01,4,75,0.9986710548400879,0.001295394147746265,0.035991584401721816,0.88514244556427
19,360,2,0.01,4,76,0.9984670281410217,0.001494222437031567,0.03865517348339763,1.3101061582565308
19,360,2,0.01,4,77,0.9987257719039917,0.001242039492353797,0.035242580671026306,0.6423152089118958
19,360,2,0.01,4,78,0.998151421546936,0.0018018785631284118,0.04244854017664697,0.6611263155937195
19,360,2,0.01,4,79,0.9983354210853577,0.0016225266736000776,0.040280599220965885,0.4458690583705902
19,360,2,0.01,4,80,0.9972025156021118,0.002726790029555559,0.05221867510341065,0.9782913327217102
19,360,2,0.01,4,81,0.9987872838973999,0.0011821063235402107,0.03438177312967164,0.6278418898582458
19,360,2,0.01,4,82,0.9980636835098267,0.0018873907392844558,0.043444110524724244,0.5440670251846313
19,360,2,0.01,4,83,0.9928568005561829,0.00696277990937233,0.08344327360172496,1.716432809829712
19,360,2,0.01,4,84,0.9985803961753845,0.0013837390579283237,0.0371986432269824,0.9780980944633484
19,360,2,0.01,4,85,0.9984788298606873,0.0014827691484242678,0.038506741597079695,0.9426681995391846
19,360,2,0.01,4,86,0.9983686804771423,0.0015901244478300214,0.039876364526245635,0.5911186933517456
19,360,2,0.01,4,87,0.9989374279975891,0.0010357381543144584,0.032182886047004214,0.8378068208694458
19,360,2,0.01,4,88,0.9982907176017761,0.0016661044210195541,0.04081794239081086,1.134508728981018
19,360,2,0.01,4,89,0.998002827167511,0.0019466944504529238,0.04412136047826408,1.2265311479568481
19,360,2,0.01,4,90,0.9977083206176758,0.002233771374449134,0.0472627905910044,0.8994561433792114
19,360,2,0.01,4,91,0.9983612298965454,0.0015973589615896344,0.03996697338540454,0.6534613966941833
19,360,2,0.01,4,92,0.9986213445663452,0.0013438223395496607,0.03665818243652651,0.8625146746635437
19,360,2,0.01,4,93,0.9983131289482117,0.0016442877240478992,0.0405498178053601,1.3371838331222534
19,360,2,0.01,4,94,0.9985554218292236,0.0014080877881497145,0.037524495841379596,0.3992912769317627
19,360,2,0.01,4,95,0.9982609748840332,0.0016951136058196425,0.04117175738075365,0.7460906505584717
19,360,2,0.01,4,96,0.997934103012085,0.002013690071180463,0.04487415816681649,0.29105857014656067
19,360,2,0.01,4,97,0.9986138343811035,0.0013511617435142398,0.03675815206881652,0.7038789987564087
19,360,2,0.01,4,98,0.9983057379722595,0.001651474041864276,0.04063833217375285,0.3808543384075165
19,360,2,0.01,4,99,0.9987574815750122,0.0012111127143725753,0.034801044731050466,0.7278667092323303
19,360,2,0.01,4,100,0.9943629503250122,0.005494678393006325,0.0741260979210853,0.8322672843933105
20,360,2,0.01,4,1,0.9911694526672363,0.00860750675201416,0.09277664982103072,1.1492778062820435
20,360,2,0.01,4,2,0.9958732724189758,0.00402250699698925,0.06342323704281617,0.6816735863685608
20,360,2,0.01,4,3,0.996015727519989,0.0038836284074932337,0.062318764489463635,1.2122201919555664
20,360,2,0.01,4,4,0.9971936345100403,0.002735487185418606,0.05230188510387179,0.7390572428703308
20,360,2,0.01,4,5,0.995975136756897,0.0039231800474226475,0.06263529394377142,0.8458162546157837
20,360,2,0.01,4,6,0.9973501563072205,0.002582897199317813,0.05082221167282877,0.8188417553901672
20,360,2,0.01,4,7,0.996867299079895,0.0030535501427948475,0.055258937221003876,0.48301440477371216
20,360,2,0.01,4,8,0.9977473616600037,0.0021957349963486195,0.046858670450073796,0.9518027305603027
20,360,2,0.01,4,9,0.9970254898071289,0.002899396698921919,0.05384604627010157,0.7154944539070129
20,360,2,0.01,4,10,0.9964341521263123,0.003475750330835581,0.05895549449233363,1.2134747505187988
20,360,2,0.01,4,11,0.9968624711036682,0.0030582735780626535,0.05530165981290845,0.5228193402290344
20,360,2,0.01,4,12,0.9971044659614563,0.0028223805129528046,0.05312608128737527,0.7942282557487488
20,360,2,0.01,4,13,0.99704909324646,0.0028763513546437025,0.05363162644041016,0.4499164819717407
20,360,2,0.01,4,14,0.9950987696647644,0.004777444526553154,0.06911906051555644,1.372645616531372
20,360,2,0.01,4,15,0.9982531666755676,0.0017027012072503567,0.04126380020369375,0.36104443669319153
20,360,2,0.01,4,16,0.9961708784103394,0.003732399782165885,0.06109336937971162,1.1049598455429077
20,360,2,0.01,4,17,0.9977323412895203,0.0022103639785200357,0.04701450817056407,0.5263593196868896
20,360,2,0.01,4,18,0.995087742805481,0.0047881631180644035,0.0691965542354849,0.6311370730400085
20,360,2,0.01,4,19,0.9976373314857483,0.0023029609583318233,0.047989175428755006,0.47302189469337463
20,360,2,0.01,4,20,0.9969919919967651,0.002932025119662285,0.054148177436200796,0.39340490102767944
20,360,2,0.01,4,21,0.9980782270431519,0.001873201341368258,0.043280496085052654,0.3186566233634949
20,360,2,0.01,4,22,0.9959968328475952,0.003902026452124119,0.062466202478813446,0.8689519166946411
20,360,2,0.01,4,23,0.9982752799987793,0.0016811726382002234,0.04100210528985339,0.44228366017341614
20,360,2,0.01,4,24,0.9972007870674133,0.0027285125106573105,0.052235165460227176,1.1015629768371582
20,360,2,0.01,4,25,0.997808575630188,0.002136061666533351,0.046217547171321746,0.8870291709899902
20,360,2,0.01,4,26,0.998083770275116,0.0018678141059353948,0.04321821497858738,0.5082525014877319
20,360,2,0.01,4,27,0.9957510828971863,0.00414160406216979,0.06435529552546387,1.7915397882461548
20,360,2,0.01,4,28,0.9971787929534912,0.002749944105744362,0.052439909474982525,0.5794145464897156
20,360,2,0.01,4,29,0.9979990124702454,0.0019504223018884659,0.044163585700081755,0.8281230926513672
20,360,2,0.01,4,30,0.9972095489501953,0.0027199494652450085,0.052153134759523406,0.4870188534259796
20,360,2,0.01,4,31,0.9984681010246277,0.001493185176514089,0.0386417543146541,0.5071828961372375
20,360,2,0.01,4,32,0.998475968837738,0.0014855526387691498,0.03854286754730569,1.1127593517303467
20,360,2,0.01,4,33,0.9985305070877075,0.0014323702780529857,0.03784666799142278,0.7178507447242737
20,360,2,0.01,4,34,0.998229444026947,0.0017258572624996305,0.04154343826044771,0.6759756803512573
20,360,2,0.01,4,35,0.9985069632530212,0.0014552990905940533,0.03814838254230516,0.3809804618358612
20,360,2,0.01,4,36,0.9962420463562012,0.0036630264949053526,0.06052294188905024,0.8266714811325073
20,360,2,0.01,4,37,0.9978185296058655,0.0021263842936605215,0.04611273461486015,0.39319470524787903
20,360,2,0.01,4,38,0.9982237219810486,0.0017313985154032707,0.0416100770896098,0.8415326476097107
20,360,2,0.01,4,39,0.9985222816467285,0.0014404109679162502,0.037952746513477124,0.9819855093955994
20,360,2,0.01,4,40,0.998569905757904,0.0013939730124548078,0.03733594799191267,0.8422642946243286
20,360,2,0.01,4,41,0.9984272122383118,0.0015330355381593108,0.0391539977289588,0.7462931275367737
20,360,2,0.01,4,42,0.9970895648002625,0.002836894942447543,0.05326250972727011,1.9823185205459595
20,360,2,0.01,4,43,0.9981727600097656,0.0017810994759202003,0.04220307424726545,0.5575329661369324
20,360,2,0.01,4,44,0.9987130165100098,0.0012544587953016162,0.03541833981571717,0.8327903151512146
20,360,2,0.01,4,45,0.9987888336181641,0.0011805660324171185,0.03435936600720564,0.612738847732544
20,360,2,0.01,4,46,0.9980642199516296,0.0018869041232392192,0.04343850968022751,0.6624377965927124
20,360,2,0.01,4,47,0.9985021948814392,0.0014599699061363935,0.038209552550852954,0.8654119372367859
20,360,2,0.01,4,48,0.9946538805961609,0.0052110981196165085,0.07218793610858056,0.4978318214416504
20,360,2,0.01,4,49,0.997607409954071,0.0023321695625782013,0.04829254147979998,1.0870925188064575
20,360,2,0.01,4,50,0.9970053434371948,0.002918980782851577,0.054027592791568796,0.7068031430244446
20,360,2,0.01,4,51,0.9982532858848572,0.0017025901470333338,0.04126245444751601,0.5811213254928589
20,360,2,0.01,4,52,0.9985737800598145,0.0013902168720960617,0.03728561213251114,0.8268815875053406
20,360,2,0.01,4,53,0.9937500953674316,0.006092039402574301,0.07805151761864916,1.339565396308899
20,360,2,0.01,4,54,0.997893750667572,0.002053034259006381,0.04531042108617377,0.8628826141357422
20,360,2,0.01,4,55,0.9978048801422119,0.002139655640348792,0.04625641188363827,0.592643678188324
20,360,2,0.01,4,56,0.9970200657844543,0.002904655644670129,0.05389485731190063,0.6242673993110657
20,360,2,0.01,4,57,0.9980373978614807,0.0019130395958200097,0.04373830810422381,0.8135434985160828
20,360,2,0.01,4,58,0.9987419247627258,0.0012262992095202208,0.03501855521748749,0.5819436311721802
20,360,2,0.01,4,59,0.9983682632446289,0.0015904958127066493,0.03988102070793386,0.391112744808197
20,360,2,0.01,4,60,0.9978232979774475,0.0021216897293925285,0.046061803366699926,1.023248553276062
20,360,2,0.01,4,61,0.9985092282295227,0.001453106990084052,0.03811964047684674,1.3903049230575562
20,360,2,0.01,4,62,0.9894911050796509,0.010243426077067852,0.10120981215805043,1.1726657152175903
20,360,2,0.01,4,63,0.9979192018508911,0.0020282126497477293,0.04503568196161494,0.9360154271125793
20,360,2,0.01,4,64,0.9987720251083374,0.0011969365878030658,0.034596771349405794,0.7870081663131714
20,360,2,0.01,4,65,0.997823178768158,0.00212181662209332,0.04606318076396071,0.5723469257354736
20,360,2,0.01,4,66,0.996905505657196,0.0030163126066327095,0.054920966912762104,0.7611492872238159
20,360,2,0.01,4,67,0.9989519119262695,0.0010216407245025039,0.031963115062560846,0.5620250701904297
20,360,2,0.01,4,68,0.998096227645874,0.0018556598806753755,0.043077370865401886,0.3857634961605072
20,360,2,0.01,4,69,0.9970245361328125,0.002900288673117757,0.0538543282672596,0.5435143709182739
20,360,2,0.01,4,70,0.998317301273346,0.0016401865286752582,0.040499216395817564,0.6621188521385193
20,360,2,0.01,4,71,0.9965638518333435,0.003349354024976492,0.05787360387064635,1.2694048881530762
20,360,2,0.01,4,72,0.9947683811187744,0.005099443253129721,0.07141038617126867,0.46471482515335083
20,360,2,0.01,4,73,0.9983968734741211,0.001562620047479868,0.03952998921679423,0.6886955499649048
20,360,2,0.01,4,74,0.9988033175468445,0.0011664454359561205,0.03415326391366015,0.6292535662651062
20,360,2,0.01,4,75,0.9966103434562683,0.0033040442503988743,0.057480816368584,0.3642982244491577
20,360,2,0.01,4,76,0.9983466863632202,0.0016115418402478099,0.04014401375358236,0.5055155754089355
20,360,2,0.01,4,77,0.997224748134613,0.0027051500510424376,0.05201105700754829,0.5007330775260925
20,360,2,0.01,4,78,0.9986487627029419,0.0013171086320653558,0.03629199129374628,0.6318157911300659
20,360,2,0.01,4,79,0.9987627863883972,0.0012059469008818269,0.03472674618909504,0.38055419921875
20,360,2,0.01,4,80,0.9974541068077087,0.0024815937504172325,0.0498155974612092,0.6307326555252075
20,360,2,0.01,4,81,0.9985253214836121,0.0014374005841091275,0.037913066139645415,0.6960556507110596
20,360,2,0.01,4,82,0.9989577531814575,0.0010159010998904705,0.031873203477066285,0.7964596748352051
20,360,2,0.01,4,83,0.9989054799079895,0.0010668494505807757,0.0326626614130076,0.7997159957885742
20,360,2,0.01,4,84,0.9983779788017273,0.0015810697805136442,0.03976266817648992,0.6912477612495422
20,360,2,0.01,4,85,0.9985817074775696,0.0013824370689690113,0.03718113861851209,0.7594830989837646
20,360,2,0.01,4,86,0.9980978965759277,0.0018540761666372418,0.04305898473765077,0.37055692076683044
20,360,2,0.01,4,87,0.9966400265693665,0.0032751255203038454,0.05722871237677679,0.6304630637168884
20,360,2,0.01,4,88,0.9982174634933472,0.0017375224269926548,0.041683599016791424,1.5824156999588013
20,360,2,0.01,4,89,0.9984056949615479,0.0015540110180154443,0.03942094643733765,0.8847045302391052
20,360,2,0.01,4,90,0.9990015029907227,0.0009732614853419363,0.031197139057002266,0.8456241488456726
20,360,2,0.01,4,91,0.9985156059265137,0.0014468961162492633,0.03803808770494731,0.37811216711997986
20,360,2,0.01,4,92,0.9986265897750854,0.0013387203216552734,0.03658852718619968,0.33120235800743103
20,360,2,0.01,4,93,0.998923122882843,0.0010496506001800299,0.03239831168718564,0.6047741174697876
20,360,2,0.01,4,94,0.9985015988349915,0.001460573635995388,0.03821745198198577,0.8252739906311035
20,360,2,0.01,4,95,0.9985337853431702,0.0014291774714365602,0.037804463644344435,0.8539103865623474
20,360,2,0.01,4,96,0.9985311627388,0.001431745127774775,0.037838408103073984,0.7751359343528748
20,360,2,0.01,4,97,0.9943736791610718,0.0054841917008161545,0.07405532864565624,1.1966346502304077
20,360,2,0.01,4,98,0.9988675117492676,0.0011038553202524781,0.033224318205983976,0.5466263294219971
20,360,2,0.01,4,99,0.9986153841018677,0.0013496358878910542,0.03673739086939972,0.5489882230758667
20,360,2,0.01,4,100,0.9972732067108154,0.002657897537574172,0.05155480130476862,0.3295113146305084
21,360,2,0.01,4,1,0.988815426826477,0.01090201735496521,0.10441272602018017,0.670863687992096
21,360,2,0.01,4,2,0.995266854763031,0.004613568540662527,0.06792325478554842,0.9669316411018372
21,360,2,0.01,4,3,0.9964850544929504,0.0034261394757777452,0.05853323394258808,1.0204178094863892
21,360,2,0.01,4,4,0.9957860112190247,0.00410753907635808,0.06409008563231976,0.599498987197876
21,360,2,0.01,4,5,0.996629536151886,0.003285321407020092,0.057317723323768645,0.9034072756767273
21,360,2,0.01,4,6,0.9970384240150452,0.002886782167479396,0.053728783417079116,0.6332195401191711
21,360,2,0.01,4,7,0.9954132437705994,0.004470878280699253,0.06686462652777815,0.35268786549568176
21,360,2,0.01,4,8,0.9974886178970337,0.0024479194544255733,0.04947645353524819,0.6132115721702576
21,360,2,0.01,4,9,0.9975450038909912,0.0023929800372570753,0.04891809519244464,0.49865514039993286
21,360,2,0.01,4,10,0.9974983930587769,0.002438428346067667,0.04938044497640404,0.5844479203224182
21,360,2,0.01,4,11,0.9976860284805298,0.0022555470932275057,0.0474926004049842,0.5006886124610901
21,360,2,0.01,4,12,0.9976035356521606,0.002335902536287904,0.0483311756145855,0.6260512471199036
21,360,2,0.01,4,13,0.9976809024810791,0.002260491717606783,0.04754462869354206,1.3627277612686157
21,360,2,0.01,4,14,0.9966639280319214,0.003251785645261407,0.05702443024933618,0.4495146870613098
21,360,2,0.01,4,15,0.998005747795105,0.0019438841845840216,0.04408950197704689,0.5459873080253601
21,360,2,0.01,4,16,0.9976075291633606,0.0023320424370467663,0.04829122525932394,0.8923641443252563
21,360,2,0.01,4,17,0.997784435749054,0.0021596094593405724,0.04647159841602796,0.7321918606758118
21,360,2,0.01,4,18,0.9874933362007141,0.012190737761557102,0.11041167402750988,0.4931117296218872
21,360,2,0.01,4,19,0.9935092926025391,0.006326755508780479,0.07954090462636491,0.6625298261642456
21,360,2,0.01,4,20,0.9974918365478516,0.002444824669510126,0.049445168313093306,1.1021226644515991
21,360,2,0.01,4,21,0.9968910217285156,0.003030436811968684,0.055049403375229095,1.2095979452133179
21,360,2,0.01,4,22,0.9974432587623596,0.002492148894816637,0.04992142721133518,0.5512474179267883
21,360,2,0.01,4,23,0.996181845664978,0.003721733810380101,0.061006014542667034,0.4308560788631439
21,360,2,0.01,4,24,0.9980905055999756,0.0018612486310303211,0.043142190846436175,0.34220412373542786
21,360,2,0.01,4,25,0.9935594201087952,0.006277912296354771,0.07923327770801086,0.469658762216568
21,360,2,0.01,4,26,0.9979377388954163,0.0020101864356547594,0.04483510271712065,0.5295981764793396
21,360,2,0.01,4,27,0.9980730414390564,0.0018782834522426128,0.043339167645936774,0.3235585391521454
21,360,2,0.01,4,28,0.9984574913978577,0.001503556384705007,0.03877571900951686,0.3564562201499939
21,360,2,0.01,4,29,0.9980517029762268,0.0018990926910191774,0.04357858064484406,0.3962360620498657
21,360,2,0.01,4,30,0.9979766607284546,0.0019722492434084415,0.04441001287331993,0.3676954209804535
21,360,2,0.01,4,31,0.9978227019309998,0.002122297650203109,0.04606840186291585,1.0382548570632935
21,360,2,0.01,4,32,0.991574227809906,0.0082129230722785,0.09062517901929076,2.3401615619659424
21,360,2,0.01,4,33,0.9946146607398987,0.005249310750514269,0.0724521273015104,0.7469877004623413
21,360,2,0.01,4,34,0.9981160163879395,0.0018363769631832838,0.042852969129143006,0.8947731256484985
21,360,2,0.01,4,35,0.9978272914886475,0.0021178382448852062,0.04601997658501367,0.6309599876403809
21,360,2,0.01,4,36,0.9979882836341858,0.001960913185030222,0.04428219941500447,0.5033648014068604
21,360,2,0.01,4,37,0.9969677329063416,0.0029556446243077517,0.05436584060150042,0.6535308957099915
21,360,2,0.01,4,38,0.9979767799377441,0.001972098834812641,0.044408319432428886,0.43166691064834595
21,360,2,0.01,4,39,0.9982708096504211,0.001685491530224681,0.041054738218927675,0.2951722741127014
21,360,2,0.01,4,40,0.9976856112480164,0.0022559110075235367,0.04749643152410017,0.522721529006958
21,360,2,0.01,4,41,0.9979649186134338,0.001983667491003871,0.044538382222571476,0.577677845954895
21,360,2,0.01,4,42,0.9983304142951965,0.001627404591999948,0.040341103009213175,0.4761437177658081
21,360,2,0.01,4,43,0.9975628852844238,0.002375558717176318,0.04873970370423191,0.647417426109314
21,360,2,0.01,4,44,0.9980646371841431,0.001886452198959887,0.04343330748354179,0.5071401000022888
21,360,2,0.01,4,45,0.9971292614936829,0.0027982299216091633,0.05289829790843145,0.37985745072364807
21,360,2,0.01,4,46,0.9984421730041504,0.0015184545191004872,0.03896735196418262,0.6313059329986572
21,360,2,0.01,4,47,0.9936073422431946,0.006231169681996107,0.0789377582782543,0.8919311165809631
21,360,2,0.01,4,48,0.9976093769073486,0.0023302456829696894,0.0482726183562658,0.8030279874801636
21,360,2,0.01,4,49,0.9964641332626343,0.00344656128436327,0.058707421033147675,0.9225550293922424
21,360,2,0.01,4,50,0.996393084526062,0.0035157997626811266,0.059294179838168995,1.488176941871643
21,360,2,0.01,4,51,0.9984696507453918,0.001491679111495614,0.0386222618640547,0.8350638151168823
21,360,2,0.01,4,52,0.9981406927108765,0.0018123637419193983,0.04257186561473902,1.3214837312698364
21,360,2,0.01,4,53,0.9974871277809143,0.002449410269036889,0.049491517142202145,1.1497864723205566
21,360,2,0.01,4,54,0.997483491897583,0.0024529441725462675,0.04952720638746211,0.31154245138168335
21,360,2,0.01,4,55,0.9973986148834229,0.0025356998667120934,0.05035573320598255,0.5754963159561157
21,360,2,0.01,4,56,0.9972334504127502,0.0026966705918312073,0.05192947709953574,0.4495749771595001
21,360,2,0.01,4,57,0.99879390001297,0.0011756275780498981,0.03428742594669215,0.28087660670280457
21,360,2,0.01,4,58,0.9948654770851135,0.0050048381090164185,0.07074488044386264,0.7952439188957214
21,360,2,0.01,4,59,0.9986752271652222,0.001291304244659841,0.03593472199224367,0.2917255461215973
21,360,2,0.01,4,60,0.9982759356498718,0.0016804978949949145,0.04099387631091886,0.7329291701316833
21,360,2,0.01,4,61,0.9987233281135559,0.0012444347376003861,0.03527654656567712,0.43752557039260864
21,360,2,0.01,4,62,0.9980718493461609,0.001879424788057804,0.043352333132806176,0.4408891201019287
21,360,2,0.01,4,63,0.9981202483177185,0.0018322402611374855,0.04280467569246946,1.046416163444519
21,360,2,0.01,4,64,0.996961772441864,0.002961483085528016,0.05441951015516417,0.8392731547355652
21,360,2,0.01,4,65,0.9982396364212036,0.0017159068956971169,0.04142350655964699,0.33961227536201477
21,360,2,0.01,4,66,0.9917489290237427,0.008042664267122746,0.08968090246603647,0.6080156564712524
21,360,2,0.01,4,67,0.9956295490264893,0.004260021261870861,0.06526883836771466,1.2644844055175781
21,360,2,0.01,4,68,0.9986106157302856,0.0013542920351028442,0.03680070699188868,0.8032190799713135
21,360,2,0.01,4,69,0.9970011115074158,0.0029231542721390724,0.054066202679114356,0.8034579157829285
21,360,2,0.01,4,70,0.9978657960891724,0.0020802710205316544,0.04560998816631785,0.6652976870536804
21,360,2,0.01,4,71,0.9987819790840149,0.0011872478062286973,0.034456462474094715,0.6404125094413757
21,360,2,0.01,4,72,0.9987573027610779,0.0012113112024962902,0.03480389636946257,0.36131641268730164
21,360,2,0.01,4,73,0.9987788796424866,0.0011902519036084414,0.034500027588517106,0.8875870704650879
21,360,2,0.01,4,74,0.9981500506401062,0.0018031955696642399,0.04246405032099788,0.38483306765556335
21,360,2,0.01,4,75,0.997660756111145,0.0022801642771810293,0.04775106571775157,0.45022958517074585
21,360,2,0.01,4,76,0.998833417892456,0.0011371209984645247,0.033721224747397964,0.34052231907844543
21,360,2,0.01,4,77,0.9883211851119995,0.011383804492652416,0.10669491315265417,1.0212068557739258
21,360,2,0.01,4,78,0.9962501525878906,0.003655099542811513,0.0604574192536492,0.7635207176208496
21,360,2,0.01,4,79,0.9963275790214539,0.003579640993848443,0.05983010106834555,1.629407286643982
21,360,2,0.01,4,80,0.9981566071510315,0.0017968174070119858,0.042388883059264325,0.6047912836074829
21,360,2,0.01,4,81,0.9982240200042725,0.0017311398405581713,0.0416069686537985,0.6988643407821655
21,360,2,0.01,4,82,0.9978256225585938,0.0021194557193666697,0.04603754684349145,1.626767635345459
21,360,2,0.01,4,83,0.984865128993988,0.014752534218132496,0.12146001077775556,1.2764805555343628
21,360,2,0.01,4,84,0.9983724355697632,0.0015864685410633683,0.039830497625103406,0.9213281273841858
21,360,2,0.01,4,85,0.998541533946991,0.0014216314302757382,0.03770452798107594,0.40994855761528015
21,360,2,0.01,4,86,0.9967635869979858,0.0031546771060675383,0.05616651231888569,0.6310920119285583
21,360,2,0.01,4,87,0.9988235235214233,0.0011467315489426255,0.03386342494406946,0.5269737243652344
21,360,2,0.01,4,88,0.9973838329315186,0.0025500881019979715,0.050498397024043955,0.9507352113723755
21,360,2,0.01,4,89,0.9981713891029358,0.0017823909875005484,0.0422183726297041,0.6388963460922241
21,360,2,0.01,4,90,0.998458743095398,0.0015023135347291827,0.03875968955924677,0.42779672145843506
21,360,2,0.01,4,91,0.9984599947929382,0.0015010889619588852,0.03874388934992053,0.30536356568336487
21,360,2,0.01,4,92,0.9965091943740845,0.0034026417415589094,0.05833216729694611,0.4054604768753052
21,360,2,0.01,4,93,0.9970900416374207,0.00283642765134573,0.053258122867274715,0.9586897492408752
21,360,2,0.01,4,94,0.9988093376159668,0.0011606089537963271,0.034067711308456386,0.4773007035255432
21,360,2,0.01,4,95,0.997940719127655,0.0020072748884558678,0.04480262144624874,0.7825231552124023
21,360,2,0.01,4,96,0.9985708594322205,0.0013930202694609761,0.037323186753826045,0.622829794883728
21,360,2,0.01,4,97,0.9987577199935913,0.001210919115692377,0.03479826311315519,0.4485991597175598
21,360,2,0.01,4,98,0.9881594181060791,0.011541479267179966,0.1074312769503368,0.6779255867004395
21,360,2,0.01,4,99,0.9985674023628235,0.001396395149640739,0.03736837097922171,0.5236784219741821
21,360,2,0.01,4,100,0.9978652596473694,0.0020808326080441475,0.04561614416019999,0.34883472323417664
22,360,2,0.01,4,1,0.9878588914871216,0.011834421195089817,0.1087861259310663,2.207996368408203
22,360,2,0.01,4,2,0.9926186800003052,0.007194848265498877,0.08482245142354043,0.6420764923095703
22,360,2,0.01,4,3,0.9961011409759521,0.003800362115725875,0.06164707710610354,0.7096210718154907
22,360,2,0.01,4,4,0.9895291924476624,0.010206293314695358,0.10102620112968397,0.9595369696617126
22,360,2,0.01,4,5,0.9959638714790344,0.003934178501367569,0.06272303007163771,1.392076015472412
22,360,2,0.01,4,6,0.997157096862793,0.002771064406260848,0.05264090050769314,0.4976002275943756
22,360,2,0.01,4,7,0.9965749382972717,0.003338559065014124,0.05778026535949903,0.5782758593559265
22,360,2,0.01,4,8,0.996017336845398,0.0038820598274469376,0.06230617808409482,0.8741145133972168
22,360,2,0.01,4,9,0.9972062110900879,0.002723202109336853,0.05218430903381641,0.4217449724674225
22,360,2,0.01,4,10,0.9976164698600769,0.0023233082611113787,0.04820070809761386,0.48035088181495667
22,360,2,0.01,4,11,0.9977083206176758,0.0022337916307151318,0.047263004884530266,0.5963457822799683
22,360,2,0.01,4,12,0.9972344636917114,0.002695677801966667,0.05191991719915073,0.4717938005924225
22,360,2,0.01,4,13,0.9931553602218628,0.006671750918030739,0.08168078671285395,1.7154302597045898
22,360,2,0.01,4,14,0.996871829032898,0.003049134975299239,0.055218972964907985,1.2598742246627808
22,360,2,0.01,4,15,0.9945360422134399,0.005325916688889265,0.07297887837511115,0.6613534092903137
22,360,2,0.01,4,16,0.9978468418121338,0.002098746132105589,0.04581207408648498,0.5352665185928345
22,360,2,0.01,4,17,0.9977938532829285,0.002150429878383875,0.04637272774361968,1.2608686685562134
22,360,2,0.01,4,18,0.9873461723327637,0.012334196828305721,0.11105942926337106,1.90021812915802
22,360,2,0.01,4,19,0.9936448335647583,0.006194643210619688,0.0787060557429966,0.623781144618988
22,360,2,0.01,4,20,0.9977409243583679,0.0022020188625901937,0.046925673810721075,0.9253188967704773
22,360,2,0.01,4,21,0.9578388929367065,0.041096094995737076,0.20272171811559084,1.2764102220535278
22,360,2,0.01,4,22,0.9959917664527893,0.003906982485204935,0.06250585960695954,1.0552668571472168
22,360,2,0.01,4,23,0.99690842628479,0.003013499081134796,0.05489534662550913,0.5923020243644714
22,360,2,0.01,4,24,0.9952166676521301,0.004662525840103626,0.06828269063315846,1.0430033206939697
22,360,2,0.01,4,25,0.9964529275894165,0.003457452403381467,0.05880010547083625,0.9737534523010254
22,360,2,0.01,4,26,0.991217315196991,0.00856082420796156,0.09252472214474118,0.6739765405654907
22,360,2,0.01,4,27,0.9979161024093628,0.002031249925494194,0.04506939011673215,0.49825048446655273
22,360,2,0.01,4,28,0.9963785409927368,0.0035299945157021284,0.05941375695663529,0.9472657442092896
22,360,2,0.01,4,29,0.9967290759086609,0.0031883225310593843,0.056465232940805125,0.4631406366825104
22,360,2,0.01,4,30,0.997696042060852,0.002245781011879444,0.047389671995904804,1.051023006439209
22,360,2,0.01,4,31,0.9982729554176331,0.0016833986155688763,0.04102924098212001,0.47065576910972595
22,360,2,0.01,4,32,0.9976845383644104,0.0022569496650248766,0.04750736432412218,0.9355456829071045
22,360,2,0.01,4,33,0.9981793165206909,0.0017746990779414773,0.042127177426709676,0.39315590262413025
22,360,2,0.01,4,34,0.9967304468154907,0.0031869644299149513,0.05645320566553286,0.7615188956260681
22,360,2,0.01,4,35,0.9940489530563354,0.0058007086627185345,0.07616238351521395,0.6397768259048462
22,360,2,0.01,4,36,0.9952226281166077,0.00465670321136713,0.06824004111492848,1.2565613985061646
22,360,2,0.01,4,37,0.9889572858810425,0.010763740167021751,0.10374844657642712,0.930156409740448
22,360,2,0.01,4,38,0.9966427087783813,0.0032724991906434298,0.057205761865772135,0.34686246514320374
22,360,2,0.01,4,39,0.9951385259628296,0.004738692194223404,0.06883815943372835,1.3646039962768555
22,360,2,0.01,4,40,0.9980288147926331,0.0019214052008464932,0.043833836255186394,0.4241926968097687
22,360,2,0.01,4,41,0.9962934255599976,0.0036129660438746214,0.06010795324975408,1.3510493040084839
22,360,2,0.01,4,42,0.996702253818512,0.00321443984284997,0.05669603022125949,0.4543028473854065
22,360,2,0.01,4,43,0.9983298182487488,0.0016280007548630238,0.04034849135795567,0.30609381198883057
22,360,2,0.01,4,44,0.9983126521110535,0.0016447006491944194,0.040554909064063,0.7241399884223938
22,360,2,0.01,4,45,0.9983828663825989,0.001576296635903418,0.03970260238200284,0.7174913287162781
22,360,2,0.01,4,46,0.9974918961524963,0.0024447275791317225,0.04944418650490392,0.832429051399231
22,360,2,0.01,4,47,0.99566251039505,0.004227895755320787,0.06502227122548694,0.5954629182815552
22,360,2,0.01,4,48,0.9975588917732239,0.0023794283624738455,0.048779384605321184,0.382447749376297
22,360,2,0.01,4,49,0.9970625638961792,0.0028632322791963816,0.053509179391917246,0.43127956986427307
22,360,2,0.01,4,50,0.9978865385055542,0.002060097176581621,0.04538829338696952,0.34328755736351013
22,360,2,0.01,4,51,0.9980549812316895,0.001895869616419077,0.04354158490936081,0.652101993560791
22,360,2,0.01,4,52,0.9973841309547424,0.002549779135733843,0.05049533776235032,0.95407634973526
22,360,2,0.01,4,53,0.9963279962539673,0.0035792719572782516,0.05982701695119231,0.7702930569648743
22,360,2,0.01,4,54,0.9985211491584778,0.0014415084151551127,0.03796720183467716,0.49600476026535034
22,360,2,0.01,4,55,0.9835187792778015,0.016064908355474472,0.12674741952195506,0.8947922587394714
22,360,2,0.01,4,56,0.998358964920044,0.0015995841240510345,0.039994801212795576,0.5327734351158142
22,360,2,0.01,4,57,0.9984993934631348,0.001462722197175026,0.038245551338358635,0.276650607585907
22,360,2,0.01,4,58,0.9984402656555176,0.0015203144866973162,0.03899121037743399,0.6002244353294373
22,360,2,0.01,4,59,0.9977039098739624,0.002238087821751833,0.04730843288201199,0.5578327178955078
22,360,2,0.01,4,60,0.9972232580184937,0.002706590574234724,0.052024903404376675,0.9637913107872009
22,360,2,0.01,4,61,0.9978210926055908,0.0021238564513623714,0.04608531709083026,0.9433148503303528
22,360,2,0.01,4,62,0.9981286525726318,0.0018240729114040732,0.0427091665969271,0.584882915019989
22,360,2,0.01,4,63,0.9936005473136902,0.006237794645130634,0.0789797103383561,0.6026546359062195
22,360,2,0.01,4,64,0.9983194470405579,0.0016381209716200829,0.04047370716428238,0.3893266022205353
22,360,2,0.01,4,65,0.9985688924789429,0.0013949611457064748,0.03734917864835149,0.26876726746559143
22,360,2,0.01,4,66,0.9977158308029175,0.0022264921572059393,0.0471857198441005,0.41455185413360596
22,360,2,0.01,4,67,0.996721088886261,0.003196083242073655,0.056533912318834395,0.8780393004417419
22,360,2,0.01,4,68,0.9971809983253479,0.002747809048742056,0.05241954834546036,0.28198015689849854
22,360,2,0.01,4,69,0.9956493973731995,0.0042406911961734295,0.06512058964853919,0.5404461026191711
22,360,2,0.01,4,70,0.9962757229804993,0.0036301773507148027,0.060250953110426414,1.1305590867996216
22,360,2,0.01,4,71,0.9981001019477844,0.001851928303949535,0.043034036575128935,0.8224515318870544
22,360,2,0.01,4,72,0.9981721639633179,0.0017816750332713127,0.04220989259961831,0.31402865052223206
22,360,2,0.01,4,73,0.9985719919204712,0.0013919578632339835,0.037308951516143996,0.4517689645290375
22,360,2,0.01,4,74,0.9985415935516357,0.0014215733390301466,0.0377037576248064,0.4809645414352417
22,360,2,0.01,4,75,0.9983839392662048,0.0015752582112327218,0.03968952268839626,0.3077693283557892
22,360,2,0.01,4,76,0.9967901110649109,0.0031288249883800745,0.05593590071126123,0.6485512852668762
22,360,2,0.01,4,77,0.9983947277069092,0.0015647448599338531,0.03955685604208015,1.1999332904815674
22,360,2,0.01,4,78,0.9986578822135925,0.0013081918004900217,0.036168934190683885,0.7876007556915283
22,360,2,0.01,4,79,0.9956291913986206,0.00426042266190052,0.06527191326980174,0.49000781774520874
22,360,2,0.01,4,80,0.9985752105712891,0.0013887957902625203,0.03726655055492151,0.7118152976036072
22,360,2,0.01,4,81,0.9986758828163147,0.0012906467309221625,0.03592557210292082,0.4279743432998657
22,360,2,0.01,4,82,0.9969443678855896,0.0029784312937408686,0.054575006126805596,0.5750160813331604
22,360,2,0.01,4,83,0.9978583455085754,0.0020875418558716774,0.045689625254226776,0.2640311121940613
22,360,2,0.01,4,84,0.9972516894340515,0.002678864635527134,0.05175774952146909,0.989886462688446
22,360,2,0.01,4,85,0.9986547827720642,0.0013112580636516213,0.03621129745882659,0.4563354253768921
22,360,2,0.01,4,86,0.9983872175216675,0.0015720661031082273,0.03964928880961457,0.8428477048873901
22,360,2,0.01,4,87,0.9979894161224365,0.0019598156213760376,0.04426980484908464,0.6896175146102905
22,360,2,0.01,4,88,0.9986657500267029,0.0013005179353058338,0.036062694509781626,0.8529142141342163
22,360,2,0.01,4,89,0.9971583485603333,0.0027698674239218235,0.052629529961057256,0.48413145542144775
22,360,2,0.01,4,90,0.9945056438446045,0.005355562549084425,0.07318170911562824,0.3964380919933319
22,360,2,0.01,4,91,0.995586633682251,0.004301885608583689,0.06558876129782974,1.013211727142334
22,360,2,0.01,4,92,0.9982938170433044,0.0016630857717245817,0.04078094863688904,0.3082970082759857
22,360,2,0.01,4,93,0.997039794921875,0.0028854236006736755,0.05371613910803415,0.8297785520553589
22,360,2,0.01,4,94,0.998077392578125,0.001874058390967548,0.04329039605925947,0.5498349666595459
22,360,2,0.01,4,95,0.9963876008987427,0.0035211588256061077,0.05933935309393007,0.45056870579719543
22,360,2,0.01,4,96,0.9976832270622253,0.0022582767996937037,0.047521329944496545,0.4521035850048065
22,360,2,0.01,4,97,0.9988876581192017,0.0010842223418876529,0.032927531670133625,0.36521926522254944
22,360,2,0.01,4,98,0.9973567724227905,0.0025764296296983957,0.05075854243079086,0.8099431991577148
22,360,2,0.01,4,99,0.9982553720474243,0.001700528315268457,0.04123746252218311,0.5119087100028992
22,360,2,0.01,4,100,0.9940771460533142,0.005773212295025587,0.07598165762225503,0.4917612075805664
23,360,2,0.01,4,1,0.9785374402999878,0.02092042565345764,0.14463894929602344,2.68977427482605
23,360,2,0.01,4,2,0.9931408762931824,0.00668583856895566,0.0817669772521625,0.9627869129180908
23,360,2,0.01,4,3,0.9955816268920898,0.004306783899664879,0.06562609160741541,1.0170975923538208
23,360,2,0.01,4,4,0.9958136081695557,0.004080631770193577,0.06387982287227773,1.413659930229187
23,360,2,0.01,4,5,0.995788037776947,0.0041055865585803986,0.06407485121777809,0.7982922196388245
23,360,2,0.01,4,6,0.9968874454498291,0.003033944871276617,0.0550812569870788,1.0230334997177124
23,360,2,0.01,4,7,0.9966922998428345,0.0032241593580693007,0.05678168153611956,1.496168613433838
23,360,2,0.01,4,8,0.9960273504257202,0.0038723202887922525,0.06222797030911624,0.95586758852005
23,360,2,0.01,4,9,0.9963618516921997,0.0035462279338389635,0.05955021354990227,0.8875789642333984
23,360,2,0.01,4,10,0.9951372742652893,0.004739874508231878,0.06884674653338296,0.4317726194858551
23,360,2,0.01,4,11,0.9945166707038879,0.005344823468476534,0.0731082995868221,0.897495687007904
23,360,2,0.01,4,12,0.9961718916893005,0.003731435164809227,0.06108547425378006,0.8257502317428589
23,360,2,0.01,4,13,0.9964579939842224,0.0034525131341069937,0.058758089946040565,0.6178573966026306
23,360,2,0.01,4,14,0.9968329071998596,0.0030870616901665926,0.055561332688899685,0.4776275157928467
23,360,2,0.01,4,15,0.9963653087615967,0.003542898688465357,0.059522253724681465,1.8224141597747803
23,360,2,0.01,4,16,0.9972562789916992,0.002674394054338336,0.051714543934355026,0.6318562626838684
23,360,2,0.01,4,17,0.9974536299705505,0.0024820277467370033,0.049819953299225436,0.46643996238708496
23,360,2,0.01,4,18,0.9969371557235718,0.0029854634776711464,0.054639394924094344,0.7445303797721863
23,360,2,0.01,4,19,0.9974405169487,0.002494855783879757,0.049948531348576776,0.5354385375976562
23,360,2,0.01,4,20,0.9958491921424866,0.004045975394546986,0.0636079821606297,0.4684140682220459
23,360,2,0.01,4,21,0.9972396492958069,0.002690593246370554,0.05187092872091798,2.046144485473633
23,360,2,0.01,4,22,0.9957873225212097,0.004106275737285614,0.06408022891099574,0.4710915982723236
23,360,2,0.01,4,23,0.9951483607292175,0.004729062784463167,0.06876818148288616,1.2613754272460938
23,360,2,0.01,4,24,0.997844398021698,0.0021011570934206247,0.045838380135216655,0.856346845626831
23,360,2,0.01,4,25,0.9967650771141052,0.0031532002612948418,0.056153363757613324,0.9719926118850708
23,360,2,0.01,4,26,0.9960222244262695,0.0038773161359131336,0.06226809886220338,0.4990192651748657
23,360,2,0.01,4,27,0.9964606761932373,0.003449938492849469,0.05873617703638422,0.7073017358779907
23,360,2,0.01,4,28,0.9938795566558838,0.005965809337794781,0.07723865183827835,1.5937213897705078
23,360,2,0.01,4,29,0.9965086579322815,0.003403123700991273,0.058336298314096625,0.48934584856033325
23,360,2,0.01,4,30,0.9975435137748718,0.0023944068234413862,0.04893267643856594,0.6165668964385986
23,360,2,0.01,4,31,0.9973587393760681,0.0025745234452188015,0.050739761974400326,0.40161651372909546
23,360,2,0.01,4,32,0.9968715310096741,0.0030494441743940115,0.05522177264805986,1.1181986331939697
23,360,2,0.01,4,33,0.9976343512535095,0.002305886009708047,0.048019641915658294,1.0415023565292358
23,360,2,0.01,4,34,0.997036337852478,0.002888804767280817,0.053747602432860364,0.5358319282531738
23,360,2,0.01,4,35,0.9948862195014954,0.004984600469470024,0.07060170302103218,0.7571659684181213
23,360,2,0.01,4,36,0.9982521533966064,0.0017037233337759972,0.04127618361447673,0.8042136430740356
23,360,2,0.01,4,37,0.9966198205947876,0.003294773166999221,0.05740011469500057,0.3881687521934509
23,360,2,0.01,4,38,0.994074821472168,0.005775486584752798,0.0759966221930475,0.8131611943244934
23,360,2,0.01,4,39,0.9981052279472351,0.0018469166243448853,0.042975767873824955,0.5520772337913513
23,360,2,0.01,4,40,0.9967203140258789,0.0031968411058187485,0.05654061465724217,0.8515317440032959
23,360,2,0.01,4,41,0.9934304356575012,0.006403595674782991,0.08002246981181593,1.306989073753357
23,360,2,0.01,4,42,0.9963414669036865,0.0035660918802022934,0.05971676381220179,0.5344333648681641
23,360,2,0.01,4,43,0.9976669549942017,0.002274123951792717,0.0476877757060729,0.5567976236343384
23,360,2,0.01,4,44,0.9975133538246155,0.0024238349869847298,0.04923245867296016,1.1205415725708008
23,360,2,0.01,4,45,0.9973593354225159,0.0025739518459886312,0.050734129005913085,0.590779185295105
23,360,2,0.01,4,46,0.9976157546043396,0.00232398952357471,0.04820777451381374,1.2066888809204102
23,360,2,0.01,4,47,0.9955285787582397,0.004358460661023855,0.06601863873955487,0.6025258898735046
23,360,2,0.01,4,48,0.997409462928772,0.002525079995393753,0.05025017408321839,0.9675699472427368
23,360,2,0.01,4,49,0.9961310625076294,0.0037712068296968937,0.06141015249693566,0.7003216743469238
23,360,2,0.01,4,50,0.9986069798469543,0.0013578275684267282,0.0368487118964385,0.5809078812599182
23,360,2,0.01,4,51,0.9974047541618347,0.002529687946662307,0.05029600328716295,0.9349715113639832
23,360,2,0.01,4,52,0.9963822960853577,0.003526289016008377,0.05938256491604566,1.5060805082321167
23,360,2,0.01,4,53,0.987777829170227,0.011913448572158813,0.1091487451698773,1.2398327589035034
23,360,2,0.01,4,54,0.9977701902389526,0.0021735092159360647,0.046620909642949536,0.692169189453125
23,360,2,0.01,4,55,0.996990442276001,0.0029335161671042442,0.05416194390071542,0.8075242638587952
23,360,2,0.01,4,56,0.9974753260612488,0.002460887422785163,0.04960733234901029,0.8665313720703125
23,360,2,0.01,4,57,0.99859619140625,0.0013683757279068232,0.03699156292868447,0.8487786650657654
23,360,2,0.01,4,58,0.9982357025146484,0.0017197447596117854,0.041469805396357785,0.5672762393951416
23,360,2,0.01,4,59,0.9986775517463684,0.0012890523066744208,0.035903374586164195,1.142805576324463
23,360,2,0.01,4,60,0.9985907673835754,0.0013736551627516747,0.037062854217554196,0.4533484876155853
23,360,2,0.01,4,61,0.9987534284591675,0.0012150733964517713,0.03485790292676499,0.43416377902030945
23,360,2,0.01,4,62,0.9985986351966858,0.0013659519609063864,0.03695878733003,1.596353530883789
23,360,2,0.01,4,63,0.9977492094039917,0.002193942666053772,0.04683954169346421,1.499060869216919
23,360,2,0.01,4,64,0.997744619846344,0.002198427217081189,0.046887388678419586,0.4237809479236603
23,360,2,0.01,4,65,0.9916974902153015,0.008092805743217468,0.08996002302810659,0.9252405166625977
23,360,2,0.01,4,66,0.9969816207885742,0.0029421530198305845,0.054241617046605316,0.8229877352714539
23,360,2,0.01,4,67,0.9983885884284973,0.001570720924064517,0.039632321709237736,1.2538789510726929
23,360,2,0.01,4,68,0.9984928369522095,0.0014691000105813146,0.03832884045443215,0.5816766619682312
23,360,2,0.01,4,69,0.9980564713478088,0.0018944267649203539,0.04352501309500497,0.904871940612793
23,360,2,0.01,4,70,0.9789770245552063,0.020491907373070717,0.14314994716405144,1.3319841623306274
23,360,2,0.01,4,71,0.998141884803772,0.001811171299777925,0.04255785826117105,1.0364527702331543
23,360,2,0.01,4,72,0.9987814426422119,0.0011877813376486301,0.03446420371412388,1.0282783508300781
23,360,2,0.01,4,73,0.9988418221473694,0.0011288973037153482,0.03359906700662011,0.9377847909927368
23,360,2,0.01,4,74,0.9981099367141724,0.0018423417350277305,0.04292250848945959,0.5761958360671997
23,360,2,0.01,4,75,0.9981740713119507,0.0017798056360334158,0.04218774272266076,0.6128717064857483
23,360,2,0.01,4,76,0.998110294342041,0.0018419526750221848,0.042917976129148785,0.48068565130233765
23,360,2,0.01,4,77,0.9988547563552856,0.0011163086164742708,0.03341120495394129,0.37458592653274536
23,360,2,0.01,4,78,0.9973270297050476,0.0026054733898490667,0.051043837922408096,1.4843889474868774
23,360,2,0.01,4,79,0.9977381825447083,0.0022046598605811596,0.04695380560275343,0.3373943567276001
23,360,2,0.01,4,80,0.9985867142677307,0.001377579290419817,0.037115755285590205,0.33959752321243286
23,360,2,0.01,4,81,0.9982337951660156,0.0017215658444911242,0.041491756343774173,0.4146708846092224
23,360,2,0.01,4,82,0.9986348152160645,0.0013306975597515702,0.03647872749633093,0.517306923866272
23,360,2,0.01,4,83,0.9986037611961365,0.0013609573943540454,0.03689115604523726,0.5847503542900085
23,360,2,0.01,4,84,0.9973151683807373,0.0026169847697019577,0.051156473390001754,0.6029228568077087
23,360,2,0.01,4,85,0.9983057379722595,0.0016514399321749806,0.0406379124977524,0.3259372115135193
23,360,2,0.01,4,86,0.9970523118972778,0.00287322117947042,0.053602436320286974,0.8509045839309692
23,360,2,0.01,4,87,0.9883579015731812,0.011348027735948563,0.10652712206733346,0.6657154560089111
23,360,2,0.01,4,88,0.9983612895011902,0.001597312861122191,0.03996639664921259,0.6668451428413391
23,360,2,0.01,4,89,0.9985288381576538,0.0014339827466756105,0.037867964649233664,0.34138989448547363
23,360,2,0.01,4,90,0.9979442358016968,0.002003815956413746,0.0447640029087407,0.6142722964286804
23,360,2,0.01,4,91,0.9978558421134949,0.0020899672526866198,0.04571615964499446,0.8517860174179077
23,360,2,0.01,4,92,0.9986574053764343,0.0013086788821965456,0.03617566699034788,0.3926239013671875
23,360,2,0.01,4,93,0.9981229305267334,0.0018296613125130534,0.0427745404710916,0.7838194370269775
23,360,2,0.01,4,94,0.997416615486145,0.0025181276723742485,0.05018094929726069,0.6628524661064148
23,360,2,0.01,4,95,0.9984993934631348,0.0014627022901549935,0.0382452910847204,0.6482720375061035
23,360,2,0.01,4,96,0.9988096952438354,0.0011602514423429966,0.034062463832538546,0.7002741098403931
23,360,2,0.01,4,97,0.9987033605575562,0.0012639079941436648,0.035551483712268114,0.6039759516716003
23,360,2,0.01,4,98,0.9975521564483643,0.002386020263656974,0.04884690638778441,1.2256853580474854
23,360,2,0.01,4,99,0.9976773262023926,0.002263999078422785,0.047581499329285376,0.6517032384872437
23,360,2,0.01,4,100,0.9986627697944641,0.0013034507865086198,0.0361033348391616,0.38046082854270935
24,360,2,0.01,4,1,0.9908607006072998,0.008908449672162533,0.09438458386920257,1.733420729637146
24,360,2,0.01,4,2,0.9905487298965454,0.009212508797645569,0.09598181493202537,2.5700464248657227
24,360,2,0.01,4,3,0.9940128922462463,0.005835872143507004,0.07639288018858173,3.1041085720062256
24,360,2,0.01,4,4,0.9928316473960876,0.006987257394939661,0.08358981633512338,2.3083252906799316
24,360,2,0.01,4,5,0.9951862692832947,0.0046921540051698685,0.0684992993042255,2.0507428646087646
24,360,2,0.01,4,6,0.9947446584701538,0.005122607108205557,0.07157239068387723,1.1564998626708984
24,360,2,0.01,4,7,0.9972187876701355,0.002710940083488822,0.052066688808573396,1.4138704538345337
24,360,2,0.01,4,8,0.9967978596687317,0.003121232148259878,0.055867988582549474,0.45434972643852234
24,360,2,0.01,4,9,0.9965603351593018,0.0033527605701237917,0.057903027296712144,2.1187033653259277
24,360,2,0.01,4,10,0.9963920712471008,0.003516762750223279,0.059302299704339284,1.5491251945495605
24,360,2,0.01,4,11,0.9952239990234375,0.004655343014746904,0.06823007412239052,1.6148310899734497
24,360,2,0.01,4,12,0.9952266812324524,0.004652763716876507,0.06821117003010949,0.8611775040626526
24,360,2,0.01,4,13,0.9978625774383545,0.002083411207422614,0.04564439951869905,0.9676326513290405
24,360,2,0.01,4,14,0.9964965581893921,0.0034149412531405687,0.058437498689972764,0.8508042693138123
24,360,2,0.01,4,15,0.9960293173789978,0.0038703724276274443,0.062212317330472784,0.5971164703369141
24,360,2,0.01,4,16,0.9974876046180725,0.0024489532224833965,0.04948689950364032,1.2647643089294434
24,360,2,0.01,4,17,0.9980450868606567,0.0019055049633607268,0.043652090022823956,0.47362756729125977
24,360,2,0.01,4,18,0.9979851841926575,0.0019639013335108757,0.04431592640925919,0.48395445942878723
24,360,2,0.01,4,19,0.9954867362976074,0.004399282857775688,0.06632708992391938,0.9448934197425842
24,360,2,0.01,4,20,0.99701327085495,0.0029113097116351128,0.05395655392660944,0.3406214118003845
24,360,2,0.01,4,21,0.9975208640098572,0.0024165052454918623,0.049157962177981525,0.6231733560562134
24,360,2,0.01,4,22,0.9982959032058716,0.0016610288294032216,0.04075572143151464,0.4392579197883606
24,360,2,0.01,4,23,0.9864341616630554,0.013223140500485897,0.11499191493529402,2.3702375888824463
24,360,2,0.01,4,24,0.9973143339157104,0.002617795020341873,0.0511643921134794,0.299905925989151
24,360,2,0.01,4,25,0.9973476529121399,0.002585331443697214,0.05084615465988764,0.821592390537262
24,360,2,0.01,4,26,0.9964753985404968,0.003435551654547453,0.05861357909689062,0.5573165416717529
24,360,2,0.01,4,27,0.9976590871810913,0.002281775465235114,0.04776793344111836,1.0765749216079712
24,360,2,0.01,4,28,0.9977646470069885,0.0021788820158690214,0.046678496289715904,0.5260224938392639
24,360,2,0.01,4,29,0.9983134269714355,0.0016439667670056224,0.04054586004767469,0.6241368055343628
24,360,2,0.01,4,30,0.9979745745658875,0.0019742590375244617,0.04443263482536751,0.4158174693584442
24,360,2,0.01,4,31,0.997748613357544,0.0021944991312921047,0.046845481439431326,0.6865600943565369
24,360,2,0.01,4,32,0.9913415908813477,0.008439713157713413,0.0918679114692035,0.6369678974151611
24,360,2,0.01,4,33,0.9981653094291687,0.0017883607652038336,0.042289014710724035,0.4046681523323059
24,360,2,0.01,4,34,0.9980429410934448,0.0019076275639235973,0.043676395958499106,0.4667346477508545
24,360,2,0.01,4,35,0.9970454573631287,0.0028798843268305063,0.05366455372804759,0.5001752376556396
24,360,2,0.01,4,36,0.9976966977119446,0.002245130483061075,0.0473828078849394,0.35406094789505005
24,360,2,0.01,4,37,0.9970686435699463,0.002857327228412032,0.05345397298996616,1.014295220375061
24,360,2,0.01,4,38,0.9969862699508667,0.0029375930316746235,0.05419956671113362,0.5959292054176331
24,360,2,0.01,4,39,0.9974408745765686,0.002494454151019454,0.04994451071959214,0.4984157681465149
24,360,2,0.01,4,40,0.9966268539428711,0.0032879633363336325,0.057340765048381,2.4136831760406494
24,360,2,0.01,4,41,0.9976632595062256,0.00227769510820508,0.04772520411905097,0.7032241821289062
24,360,2,0.01,4,42,0.9983100891113281,0.0016472293063998222,0.04058607281321786,0.7389243245124817
24,360,2,0.01,4,43,0.9974935054779053,0.002443192759528756,0.04942866333949115,0.4330171048641205
24,360,2,0.01,4,44,0.9972301721572876,0.0026998515240848064,0.05196009549726412,0.46949175000190735
24,360,2,0.01,4,45,0.9981284141540527,0.0018242938676849008,0.04271175327336611,0.7405455112457275
24,360,2,0.01,4,46,0.9973803758621216,0.002553466474637389,0.05053183624842253,0.543799102306366
24,360,2,0.01,4,47,0.9968259334564209,0.003093868028372526,0.055622549639265245,0.5550505518913269
24,360,2,0.01,4,48,0.9984865784645081,0.001475185388699174,0.038408142218794884,0.8960758447647095
24,360,2,0.01,4,49,0.9981037378311157,0.0018483608728274703,0.04299256764636732,0.49626976251602173
24,360,2,0.01,4,50,0.9881700277328491,0.011531144380569458,0.10738316618804578,0.4942217767238617
24,360,2,0.01,4,51,0.997756838798523,0.002186486264690757,0.04675987879251567,0.9213237762451172
24,360,2,0.01,4,52,0.9984093904495239,0.001550440676510334,0.03937563556960489,0.42399516701698303
24,360,2,0.01,4,53,0.9983698725700378,0.0015889613423496485,0.039861777962725754,0.7188079357147217
24,360,2,0.01,4,54,0.9979413151741028,0.002006672555580735,0.044795898870105676,0.3526517450809479
24,360,2,0.01,4,55,0.9972943663597107,0.002637308556586504,0.05135473256270062,0.8190795183181763
24,360,2,0.01,4,56,0.9983835220336914,0.001575632020831108,0.03969423158131554,0.9504779577255249
24,360,2,0.01,4,57,0.9975862503051758,0.0023527718149125576,0.048505379236869775,0.46399685740470886
24,360,2,0.01,4,58,0.9976581335067749,0.0022826928179711103,0.04777753465773543,0.4951276183128357
24,360,2,0.01,4,59,0.9975140690803528,0.0024231181014329195,0.0492251775155044,0.4101746380329132
24,360,2,0.01,4,60,0.9965195059776306,0.003392566926777363,0.05824574599726029,1.6279958486557007
24,360,2,0.01,4,61,0.9982898235321045,0.0016669529723003507,0.0408283354093741,0.33093714714050293
24,360,2,0.01,4,62,0.9983077645301819,0.0016494946321472526,0.04061397089853752,0.4091416597366333
24,360,2,0.01,4,63,0.996204674243927,0.0036994668189436197,0.06082324242379405,0.40713363885879517
24,360,2,0.01,4,64,0.9903538823127747,0.009402445517480373,0.09696620812159447,1.1920990943908691
24,360,2,0.01,4,65,0.9981460571289062,0.0018071149243041873,0.042510174362194605,0.6588555574417114
24,360,2,0.01,4,66,0.9970510005950928,0.002874521305784583,0.05361456244141682,1.00616455078125
24,360,2,0.01,4,67,0.9981414079666138,0.0018116580322384834,0.042563576356298864,0.5811384916305542
24,360,2,0.01,4,68,0.9978744983673096,0.002071821829304099,0.04551726957215359,0.9411382079124451
24,360,2,0.01,4,69,0.9979415535926819,0.002006470924243331,0.04479364825779801,0.5986060500144958
24,360,2,0.01,4,70,0.9962403178215027,0.0036647003144025803,0.060536768285089186,0.8696967959403992
24,360,2,0.01,4,71,0.9953469634056091,0.0045354790054261684,0.06734596502706133,1.4524344205856323
24,360,2,0.01,4,72,0.9986436367034912,0.0013220991240814328,0.03636068101784444,0.2813427746295929
24,360,2,0.01,4,73,0.9981855750083923,0.0017685897182673216,0.04205460400797185,0.46690693497657776
24,360,2,0.01,4,74,0.9972316026687622,0.002698486438021064,0.051946957928458756,0.5785988569259644
24,360,2,0.01,4,75,0.9976382255554199,0.0023021039087325335,0.04798024498408208,0.5226227641105652
24,360,2,0.01,4,76,0.9976893067359924,0.002252301899716258,0.047458422853232894,0.832938551902771
24,360,2,0.01,4,77,0.9980026483535767,0.0019468724494799972,0.04412337758467723,0.35103413462638855
24,360,2,0.01,4,78,0.9983106851577759,0.0016466461820527911,0.040578888378722144,0.4824586808681488
24,360,2,0.01,4,79,0.9985908269882202,0.0013735507382079959,0.0370614454414287,0.6715566515922546
24,360,2,0.01,4,80,0.9983082413673401,0.0016490044072270393,0.04060793527411902,0.5964957475662231
24,360,2,0.01,4,81,0.9987288117408752,0.0012391043128445745,0.03520091352287003,0.3518133759498596
24,360,2,0.01,4,82,0.9967135190963745,0.0032034816686064005,0.056599308022328335,0.9545241594314575
24,360,2,0.01,4,83,0.9958985447883606,0.0039978609420359135,0.06322864020391324,0.4563702344894409
24,360,2,0.01,4,84,0.996374785900116,0.0035336536820977926,0.05944454291268285,2.155001401901245
24,360,2,0.01,4,85,0.9971335530281067,0.002794009866192937,0.05285839447233464,0.46538245677948
24,360,2,0.01,4,86,0.9981361627578735,0.0018167307134717703,0.04262312416367165,0.5244905948638916
24,360,2,0.01,4,87,0.995531439781189,0.004355703014880419,0.0659977500743807,0.9139923453330994
24,360,2,0.01,4,88,0.9981514811515808,0.0018018170958384871,0.04244781614922595,1.1503944396972656
24,360,2,0.01,4,89,0.9980352520942688,0.0019151353044435382,0.04376225890471764,0.8402603268623352
24,360,2,0.01,4,90,0.9962692856788635,0.003636453067883849,0.060303010437986006,0.5814937353134155
24,360,2,0.01,4,91,0.9972459077835083,0.0026845077518373728,0.05181223554178465,0.7895789742469788
24,360,2,0.01,4,92,0.9986763000488281,0.0012902723392471671,0.03592036106788415,0.31115758419036865
24,360,2,0.01,4,93,0.9981107115745544,0.0018415701342746615,0.04291351924830521,0.5428527593612671
24,360,2,0.01,4,94,0.9934572577476501,0.006377442739903927,0.07985889267892415,0.4441841244697571
24,360,2,0.01,4,95,0.998576819896698,0.0013872296549379826,0.037245532013088264,0.3765767216682434
24,360,2,0.01,4,96,0.9971808791160583,0.002747912425547838,0.052420534388232236,0.49400511384010315
24,360,2,0.01,4,97,0.9960267543792725,0.0038729067891836166,0.06223268264492233,1.4142694473266602
24,360,2,0.01,4,98,0.998733639717102,0.0012343976413831115,0.035133995522614724,0.9609246850013733
24,360,2,0.01,4,99,0.9987630844116211,0.0012056541163474321,0.034722530385146645,0.5080392360687256
24,360,2,0.01,4,100,0.9973565340042114,0.0025766927283257246,0.05076113403309391,0.2933706045150757
25,360,2,0.01,4,1,0.9881231784820557,0.011576799675822258,0.10759553743451565,3.254758596420288
25,360,2,0.01,4,2,0.9950137734413147,0.004860299173742533,0.06971584593005045,1.2434152364730835
25,360,2,0.01,4,3,0.995894730091095,0.00400154385715723,0.06325775728839295,1.7025771141052246
25,360,2,0.01,4,4,0.9954081177711487,0.004475878085941076,0.06690200360184347,1.5260347127914429
25,360,2,0.01,4,5,0.9969821572303772,0.002941601676866412,0.0542365345211732,0.47547999024391174
25,360,2,0.01,4,6,0.9971262812614441,0.0028011398389935493,0.052925795591502914,0.5244471430778503
25,360,2,0.01,4,7,0.9971731901168823,0.0027553741820156574,0.0524916582136215,0.6427369713783264
25,360,2,0.01,4,8,0.9963440895080566,0.0035635835956782103,0.05969575860710885,0.7457337379455566
25,360,2,0.01,4,9,0.9974062442779541,0.0025282278656959534,0.05028148631152378,0.40700721740722656
25,360,2,0.01,4,10,0.9971667528152466,0.0027616966981440783,0.05255184771389183,0.4513082206249237
25,360,2,0.01,4,11,0.997856855392456,0.002089013112708926,0.04570572297545381,0.3744683265686035
25,360,2,0.01,4,12,0.996993362903595,0.002930667018517852,0.05413563538481701,0.5228678584098816
25,360,2,0.01,4,13,0.9980646967887878,0.0018864207668229938,0.04343294563833996,0.3785707354545593
25,360,2,0.01,4,14,0.9965268969535828,0.0033853845670819283,0.05818405767116907,0.40220755338668823
25,360,2,0.01,4,15,0.9933998584747314,0.0064334142953157425,0.0802085674682932,0.9566653370857239
25,360,2,0.01,4,16,0.9981288313865662,0.0018239235505461693,0.04270741798032479,0.49304917454719543
25,360,2,0.01,4,17,0.9900221824645996,0.00972574483603239,0.09861919101286722,1.013538122177124
25,360,2,0.01,4,18,0.9973015189170837,0.0026303280610591173,0.05128672402346554,1.1966172456741333
25,360,2,0.01,4,19,0.9971637725830078,0.002764576580375433,0.05257924096423828,0.7226349711418152
25,360,2,0.01,4,20,0.9975964426994324,0.0023428399581462145,0.04840289204320559,1.8224555253982544
25,360,2,0.01,4,21,0.9981185793876648,0.0018338856752961874,0.04282389140767321,0.4353083074092865
25,360,2,0.01,4,22,0.9956364035606384,0.004253386985510588,0.06521799587161957,0.5098994374275208
25,360,2,0.01,4,23,0.9980946779251099,0.0018572071567177773,0.043095326390663026,0.778213381767273
25,360,2,0.01,4,24,0.9960253238677979,0.003874293528497219,0.06224382321561891,0.45518720149993896
25,360,2,0.01,4,25,0.9982444643974304,0.0017111696070060134,0.04136628587395796,0.7649899125099182
25,360,2,0.01,4,26,0.996349036693573,0.0035587111487984657,0.059654933985366754,0.35793039202690125
25,360,2,0.01,4,27,0.9982343912124634,0.001720994827337563,0.04148487468147352,0.3252917528152466
25,360,2,0.01,4,28,0.9981030821800232,0.001849027001298964,0.04300031396744638,1.3211427927017212
25,360,2,0.01,4,29,0.9981450438499451,0.0018081135349348187,0.042521918288511144,0.391921728849411
25,360,2,0.01,4,30,0.9982529282569885,0.0017029171576723456,0.0412664168261838,0.8234588503837585
25,360,2,0.01,4,31,0.9984461069107056,0.001514660194516182,0.038918635568531715,0.5199366807937622
25,360,2,0.01,4,32,0.9958533048629761,0.0040419562719762325,0.06357638140045588,0.39304080605506897
25,360,2,0.01,4,33,0.9981345534324646,0.0018183332867920399,0.04264191936102361,1.0211222171783447
25,360,2,0.01,4,34,0.9925550222396851,0.007256915792822838,0.08518753308332645,0.8328872323036194
25,360,2,0.01,4,35,0.9980807900428772,0.001870728679932654,0.04325192111262405,0.3667221963405609
25,360,2,0.01,4,36,0.9955727458000183,0.004315393511205912,0.06569165480642052,0.4165673851966858
25,360,2,0.01,4,37,0.9945030808448792,0.005358038004487753,0.07319862023622954,0.7229756116867065
25,360,2,0.01,4,38,0.9979519844055176,0.0019962561782449484,0.044679482743704056,0.447003573179245
25,360,2,0.01,4,39,0.997028648853302,0.0028962737414985895,0.053817039508863636,1.004715919494629
25,360,2,0.01,4,40,0.9979216456413269,0.0020258654840290546,0.04500961546191052,0.9211126565933228
25,360,2,0.01,4,41,0.995285153388977,0.004595731385052204,0.06779182388055513,0.47758960723876953
25,360,2,0.01,4,42,0.9915251731872559,0.008260717615485191,0.09088849000552926,0.5548831820487976
25,360,2,0.01,4,43,0.9980591535568237,0.0018918290734291077,0.04349516149445944,0.5292048454284668
25,360,2,0.01,4,44,0.9974091053009033,0.0025254590436816216,0.05025394555337542,0.46046289801597595
25,360,2,0.01,4,45,0.9958035349845886,0.004090461414307356,0.06395671516195431,0.449466347694397
25,360,2,0.01,4,46,0.9974960088729858,0.0024407128803431988,0.04940357153428483,0.9964873194694519
25,360,2,0.01,4,47,0.9977241158485413,0.002218384062871337,0.04709972465812658,0.4180988371372223
25,360,2,0.01,4,48,0.9977520108222961,0.002191181993111968,0.04681006294710538,0.46227923035621643
25,360,2,0.01,4,49,0.998304545879364,0.0016526483232155442,0.040652777558434355,0.6564475297927856
25,360,2,0.01,4,50,0.998568594455719,0.001395238796249032,0.037352895419887226,0.31660526990890503
25,360,2,0.01,4,51,0.9960051774978638,0.003893899731338024,0.06240111963208692,0.6728200316429138
25,360,2,0.01,4,52,0.9986547827720642,0.0013112548040226102,0.036211252450344907,0.4149228036403656
25,360,2,0.01,4,53,0.9983799457550049,0.0015791233163326979,0.03973818461294751,0.42667463421821594
25,360,2,0.01,4,54,0.9979004859924316,0.0020464789122343063,0.045238025070003955,0.35146990418434143
25,360,2,0.01,4,55,0.9964836835861206,0.003427472896873951,0.0585446231252192,0.3986770212650299
25,360,2,0.01,4,56,0.9920673966407776,0.007732226513326168,0.08793307974434973,0.5165099501609802
25,360,2,0.01,4,57,0.9981009364128113,0.0018510804511606693,0.04302418449152371,0.7374529242515564
25,360,2,0.01,4,58,0.9980021715164185,0.0019473553402349353,0.044128849296519564,0.3931303918361664
25,360,2,0.01,4,59,0.9981610178947449,0.0017925020074471831,0.04233794996746044,0.9131240844726562
25,360,2,0.01,4,60,0.9984351992607117,0.0015252986922860146,0.039055072555124186,1.053024172782898
25,360,2,0.01,4,61,0.9977355599403381,0.0022072624415159225,0.046981511698921764,0.47036346793174744
25,360,2,0.01,4,62,0.9741705060005188,0.0251770056784153,0.15867263682946503,1.0834327936172485
25,360,2,0.01,4,63,0.9971016645431519,0.0028250999748706818,0.05315166953982426,1.207319736480713
25,360,2,0.01,4,64,0.9979339838027954,0.0020138099789619446,0.04487549419184088,0.41521942615509033
25,360,2,0.01,4,65,0.9981992244720459,0.0017553138313814998,0.04189646561920826,0.49444663524627686
25,360,2,0.01,4,66,0.997992753982544,0.001956550171598792,0.04423290824260589,0.9722727537155151
25,360,2,0.01,4,67,0.996712863445282,0.0032041154336184263,0.05660490644474581,0.631946861743927
25,360,2,0.01,4,68,0.9969929456710815,0.0029310863465070724,0.054139508184938956,0.7727657556533813
25,360,2,0.01,4,69,0.9964374303817749,0.0034725770819932222,0.058928576106955295,0.6400189995765686
25,360,2,0.01,4,70,0.9983464479446411,0.0016117591876536608,0.04014672075840891,0.4379606246948242
25,360,2,0.01,4,71,0.9978671073913574,0.0020789860282093287,0.04559589924773201,0.46144431829452515
25,360,2,0.01,4,72,0.9984254837036133,0.0015347374137490988,0.03917572480183486,0.5249030590057373
25,360,2,0.01,4,73,0.9984830617904663,0.0014786133542656898,0.03845274183027382,0.3168357312679291
25,360,2,0.01,4,74,0.9974936246871948,0.0024430728517472744,0.04942745038687788,0.40626224875450134
25,360,2,0.01,4,75,0.9756195545196533,0.023764586076140404,0.1541576662905235,1.934609293937683
25,360,2,0.01,4,76,0.998065710067749,0.0018854399677366018,0.043421653212845336,0.5082297921180725
25,360,2,0.01,4,77,0.9982966184616089,0.0016603401163592935,0.040747271275010474,0.8501874804496765
25,360,2,0.01,4,78,0.9984418749809265,0.0015187707031145692,0.0389714087904783,0.3115091919898987
25,360,2,0.01,4,79,0.9980382919311523,0.0019121482037007809,0.04372811685518576,0.41311100125312805
25,360,2,0.01,4,80,0.9937717914581299,0.006070885807275772,0.07791588931197392,0.6614781022071838
25,360,2,0.01,4,81,0.9975810647010803,0.0023578531108796597,0.048557729671800554,0.8594139814376831
25,360,2,0.01,4,82,0.9978843331336975,0.002062206855043769,0.04541152777702782,0.9146125316619873
25,360,2,0.01,4,83,0.9884251952171326,0.01128244400024414,0.10621884955244121,0.8774030804634094
25,360,2,0.01,4,84,0.9973792433738708,0.0025545344687998295,0.050542402681311355,1.5278823375701904
25,360,2,0.01,4,85,0.9977691769599915,0.0021744919940829277,0.04663144855226918,0.3064109981060028
25,360,2,0.01,4,86,0.9979792833328247,0.0019696985837072134,0.0443812864133884,0.28875064849853516
25,360,2,0.01,4,87,0.997144877910614,0.002782996743917465,0.05275411589551535,0.8345714211463928
25,360,2,0.01,4,88,0.9954963326454163,0.004389919340610504,0.06625646640600828,1.1050024032592773
25,360,2,0.01,4,89,0.9974793791770935,0.0024569653905928135,0.049567785814910205,0.8317236304283142
25,360,2,0.01,4,90,0.9947699308395386,0.005097964312881231,0.07140003020224313,0.584385335445404
25,360,2,0.01,4,91,0.9975321292877197,0.002405528211966157,0.049046184479184074,0.6492738127708435
25,360,2,0.01,4,92,0.9976869821548462,0.0022545994725078344,0.04748262284781491,0.5365050435066223
25,360,2,0.01,4,93,0.9954559206962585,0.00442930543795228,0.066553027263621,1.0574536323547363
25,360,2,0.01,4,94,0.9985440373420715,0.0014192116213962436,0.03767242521256421,0.942085325717926
25,360,2,0.01,4,95,0.9980206489562988,0.0019293329678475857,0.04392417293299426,0.8629340529441833
25,360,2,0.01,4,96,0.9982101321220398,0.0017446530982851982,0.041769044737523006,0.4488837718963623
25,360,2,0.01,4,97,0.9930705428123474,0.006754407659173012,0.0821852034077486,0.5558796525001526
25,360,2,0.01,4,98,0.995545506477356,0.004341971129179001,0.06589363496711197,0.3901294469833374
25,360,2,0.01,4,99,0.9976815581321716,0.0022598905488848686,0.04753830612132566,0.45752736926078796
25,360,2,0.01,4,100,0.9984812140464783,0.001480425475165248,0.03847629757610844,0.4027312695980072
26,360,2,0.01,4,1,0.9828722476959229,0.016695095226168633,0.1292095012998991,2.4354584217071533
26,360,2,0.01,4,2,0.9947227239608765,0.005143996328115463,0.07172165871001217,1.5060471296310425
26,360,2,0.01,4,3,0.9956875443458557,0.0042035081423819065,0.06483446724067304,1.6568511724472046
26,360,2,0.01,4,4,0.9953672885894775,0.004515707027167082,0.06719901061151928,0.8364977836608887
26,360,2,0.01,4,5,0.9944345355033875,0.005424884147942066,0.07365381285406795,1.0548452138900757
26,360,2,0.01,4,6,0.9970479011535645,0.002877512015402317,0.0536424460236697,0.8822311162948608
26,360,2,0.01,4,7,0.997454047203064,0.0024816449731588364,0.04981611158208593,0.5762670636177063
26,360,2,0.01,4,8,0.9956520795822144,0.004238111432641745,0.06510077904788655,1.0280914306640625
26,360,2,0.01,4,9,0.9971153736114502,0.0028117666952311993,0.053026094474618805,1.065332055091858
26,360,2,0.01,4,10,0.9969773292541504,0.0029463160317391157,0.05427997818477008,0.4785672128200531
26,360,2,0.01,4,11,0.9972455501556396,0.0026848597917705774,0.05181563269680857,0.7138398289680481
26,360,2,0.01,4,12,0.9953576326370239,0.004525085911154747,0.06726875880492182,1.350165605545044
26,360,2,0.01,4,13,0.9974450469017029,0.002490395214408636,0.04990385971454148,1.1668286323547363
26,360,2,0.01,4,14,0.9977748394012451,0.002168973907828331,0.04657224396384966,0.6208145022392273
26,360,2,0.01,4,15,0.995246410369873,0.004633493255823851,0.06806976756111226,1.3682200908660889
26,360,2,0.01,4,16,0.9946673512458801,0.005197957623749971,0.07209686278715581,0.4689059853553772
26,360,2,0.01,4,17,0.9978576302528381,0.002088241744786501,0.04569728377908802,0.29434725642204285
26,360,2,0.01,4,18,0.9971972107887268,0.0027319639921188354,0.05226819292953254,0.5252963304519653
26,360,2,0.01,4,19,0.9983154535293579,0.0016419797902926803,0.040521349808374844,0.35500630736351013
26,360,2,0.01,4,20,0.9927661418914795,0.007051142863929272,0.0839710834986025,0.7311549186706543
26,360,2,0.01,4,21,0.9974491596221924,0.00248641986399889,0.04986401371729807,1.0009647607803345
26,360,2,0.01,4,22,0.9981075525283813,0.0018446320900693536,0.04294918031894618,0.40179651975631714
26,360,2,0.01,4,23,0.9972032904624939,0.0027260626666247845,0.05221171005267673,0.3835928738117218
26,360,2,0.01,4,24,0.9983717203140259,0.001587160862982273,0.03983918752914363,0.39112237095832825
26,360,2,0.01,4,25,0.9982762336730957,0.0016802158206701279,0.04099043572188673,0.5771406888961792
26,360,2,0.01,4,26,0.9976719617843628,0.002269258489832282,0.0476367346680299,0.4036037027835846
26,360,2,0.01,4,27,0.9974319338798523,0.0025032071862369776,0.050032061582918785,0.4483051300048828
26,360,2,0.01,4,28,0.9979974627494812,0.0019519469933584332,0.044180844190196654,0.8872146606445312
26,360,2,0.01,4,29,0.9974545836448669,0.0024811241310089827,0.04981088366018999,0.38712355494499207
26,360,2,0.01,4,30,0.9973043203353882,0.0026275659911334515,0.05125978922248366,0.6238601803779602
26,360,2,0.01,4,31,0.9982652068138123,0.0016909633995965123,0.041121325362839564,0.46077948808670044
26,360,2,0.01,4,32,0.9968581795692444,0.0030624326318502426,0.055339250373042125,0.950980544090271
26,360,2,0.01,4,33,0.9977748394012451,0.0021689385175704956,0.0465718640121962,0.9831416606903076
26,360,2,0.01,4,34,0.9963192343711853,0.0035877737682312727,0.059898028082995124,0.43403610587120056
26,360,2,0.01,4,35,0.9958879947662354,0.004008141811937094,0.06330988715782941,0.734406054019928
26,360,2,0.01,4,36,0.9965938925743103,0.0033200739417225122,0.05762008279864332,0.6609649062156677
26,360,2,0.01,4,37,0.9974744915962219,0.0024616909213364124,0.04961543027462739,0.5682945251464844
26,360,2,0.01,4,38,0.9978606700897217,0.002085266634821892,0.04566471980448245,0.5780500769615173
26,360,2,0.01,4,39,0.9979843497276306,0.001964716939255595,0.04432512762819296,0.4790930151939392
26,360,2,0.01,4,40,0.9981533885002136,0.0017999536357820034,0.042425860460125066,0.5016037821769714
26,360,2,0.01,4,41,0.9975494146347046,0.0023887003771960735,0.048874332498726504,0.5002450346946716
26,360,2,0.01,4,42,0.9983165264129639,0.0016409659292548895,0.04050883766852475,0.344686359167099
26,360,2,0.01,4,43,0.9985952377319336,0.0013692815555259585,0.037003804608796084,0.3874814808368683
26,360,2,0.01,4,44,0.9979698061943054,0.001978896325454116,0.04448478757344038,1.0509036779403687
26,360,2,0.01,4,45,0.9984403848648071,0.0015202382346615195,0.038990232554596535,0.5270494222640991
26,360,2,0.01,4,46,0.9973344802856445,0.0025981776416301727,0.05097232230956495,0.48763248324394226
26,360,2,0.01,4,47,0.9975633025169373,0.0023751265835016966,0.04873527042606511,0.5778958797454834
26,360,2,0.01,4,48,0.9978548884391785,0.0020909346640110016,0.045726739048515166,0.4373321235179901
26,360,2,0.01,4,49,0.9967916011810303,0.0031273681670427322,0.05592287695606094,0.4418039619922638
26,360,2,0.01,4,50,0.9981222152709961,0.0018303230172023177,0.04278227456788988,0.8447778224945068
26,360,2,0.01,4,51,0.9984766244888306,0.001484884531237185,0.03853419950170478,0.5926352143287659
26,360,2,0.01,4,52,0.9974627494812012,0.0024731445591896772,0.049730720477283226,0.4243209660053253
26,360,2,0.01,4,53,0.9977480173110962,0.002195092150941491,0.04685181054069833,0.4508172869682312
26,360,2,0.01,4,54,0.9976423978805542,0.0022980528883635998,0.0479380108928562,0.41289612650871277
26,360,2,0.01,4,55,0.9974165558815002,0.002518197288736701,0.05018164294576953,0.4898886978626251
26,360,2,0.01,4,56,0.9979694485664368,0.0019792323000729084,0.04448856369981963,0.3744889795780182
26,360,2,0.01,4,57,0.9979455471038818,0.0020025332923978567,0.04474967365688667,0.49967360496520996
26,360,2,0.01,4,58,0.9983842372894287,0.0015749656595289707,0.03968583701434267,0.366533488035202
26,360,2,0.01,4,59,0.9976274371147156,0.002312615280970931,0.048089658773700306,0.4336296021938324
26,360,2,0.01,4,60,0.9965023398399353,0.0034093132708221674,0.058389324973167546,0.49037274718284607
26,360,2,0.01,4,61,0.9971650242805481,0.002763371914625168,0.05256778399956734,0.7317599654197693
26,360,2,0.01,4,62,0.9960720539093018,0.00382872112095356,0.06187666055107984,0.6815671920776367
26,360,2,0.01,4,63,0.9981644749641418,0.0017891484312713146,0.04229832657767107,1.152112603187561
26,360,2,0.01,4,64,0.9983115792274475,0.001645779237151146,0.040568204756325436,0.5284963846206665
26,360,2,0.01,4,65,0.9981206655502319,0.0018318603979423642,0.04280023829305585,0.809299647808075
26,360,2,0.01,4,66,0.9976311326026917,0.002309007802978158,0.04805213629983747,0.6059080362319946
26,360,2,0.01,4,67,0.9983257055282593,0.0016319779679179192,0.040397747064878746,0.6030707955360413
26,360,2,0.01,4,68,0.9978098273277283,0.0021348558366298676,0.046204500177254026,0.6672535538673401
26,360,2,0.01,4,69,0.9980952143669128,0.0018566768849268556,0.0430891736394057,1.1266475915908813
26,360,2,0.01,4,70,0.9982432723045349,0.0017123540164902806,0.0413805995182559,0.3113265037536621
26,360,2,0.01,4,71,0.9962224960327148,0.0036820825189352036,0.06068016577873864,0.3493521809577942
26,360,2,0.01,4,72,0.9986122846603394,0.0013526873663067818,0.03677889838354028,0.30889758467674255
26,360,2,0.01,4,73,0.9983300566673279,0.0016277674585580826,0.0403456002379204,0.5227466821670532
26,360,2,0.01,4,74,0.996318519115448,0.0035884962417185307,0.05990405864145209,0.30275052785873413
26,360,2,0.01,4,75,0.998304009437561,0.0016531458823010325,0.04065889671770537,0.6468790769577026
26,360,2,0.01,4,76,0.9987242221832275,0.001243538223206997,0.03526383732957882,0.5243299603462219
26,360,2,0.01,4,77,0.9981240034103394,0.0018286261474713683,0.042762438511751974,0.684613823890686
26,360,2,0.01,4,78,0.9984009861946106,0.001558625022880733,0.039479425310922814,0.475629061460495
26,360,2,0.01,4,79,0.9977548122406006,0.0021884713787585497,0.04678110065783563,0.49204134941101074
26,360,2,0.01,4,80,0.9975828528404236,0.0023560943081974983,0.04853961586372,0.3161429762840271
26,360,2,0.01,4,81,0.9980771541595459,0.0018742764368653297,0.0432929143956067,0.4585478901863098
26,360,2,0.01,4,82,0.9981926083564758,0.0017617193516343832,0.04197284064290125,0.5715610384941101
26,360,2,0.01,4,83,0.9985548257827759,0.0014086413430050015,0.0375318710298994,0.3852497339248657
26,360,2,0.01,4,84,0.9977564811706543,0.0021868424955755472,0.04676368778844914,0.984485924243927
26,360,2,0.01,4,85,0.9865624904632568,0.013098061084747314,0.11444676091854812,1.6381499767303467
26,360,2,0.01,4,86,0.9978287220001221,0.0021164182107895613,0.046004545544865036,0.61044842004776
26,360,2,0.01,4,87,0.9986349940299988,0.0013305115280672908,0.0364761775418874,1.1486866474151611
26,360,2,0.01,4,88,0.9980009198188782,0.0019485736265778542,0.044142650878462815,0.6335313320159912
26,360,2,0.01,4,89,0.9984084963798523,0.0015513293910771608,0.039386919035095405,0.37546396255493164
26,360,2,0.01,4,90,0.998711109161377,0.0012563247000798583,0.0354446709687064,0.6442822217941284
26,360,2,0.01,4,91,0.996663510799408,0.003252204041928053,0.057028098705182634,0.6324122548103333
26,360,2,0.01,4,92,0.9969806671142578,0.0029430503491312265,0.05424988801031046,1.0863254070281982
26,360,2,0.01,4,93,0.9978113770484924,0.0021333175245672464,0.0461878503999401,0.3013978898525238
26,360,2,0.01,4,94,0.9988136291503906,0.0011563885491341352,0.03400571347779863,0.3084295988082886
26,360,2,0.01,4,95,0.9988272786140442,0.0011430787853896618,0.033809448167482145,0.48915430903434753
26,360,2,0.01,4,96,0.998706042766571,0.0012612997088581324,0.03551478155441946,0.6813811659812927
26,360,2,0.01,4,97,0.9983371496200562,0.0016208308516070247,0.040259543609025485,0.28687191009521484
26,360,2,0.01,4,98,0.9983978867530823,0.0015616691671311855,0.03951796005781657,0.3751786947250366
26,360,2,0.01,4,99,0.9968521595001221,0.0030683327931910753,0.055392533731461274,0.742419958114624
26,360,2,0.01,4,100,0.9983794093132019,0.0015796764055266976,0.03974514316903007,0.8400903344154358
27,360,2,0.01,4,1,0.9852172136306763,0.014409358613193035,0.1200389878880734,2.352368116378784
27,360,2,0.01,4,2,0.9907835721969604,0.008983632549643517,0.09478202651158878,1.1815580129623413
27,360,2,0.01,4,3,0.9958410263061523,0.004053921438753605,0.06367041258507443,1.516639232635498
27,360,2,0.01,4,4,0.9929506182670593,0.006871320772916079,0.08289343021564542,1.0886199474334717
27,360,2,0.01,4,5,0.9964898824691772,0.0034214723855257034,0.05849335334485196,1.4121216535568237
27,360,2,0.01,4,6,0.9944109320640564,0.005447856150567532,0.07380959389244417,1.1818296909332275
27,360,2,0.01,4,7,0.9959806203842163,0.0039178612641990185,0.0625928211874095,1.4777036905288696
27,360,2,0.01,4,8,0.9959323406219482,0.003964932169765234,0.0629677073567494,1.763429045677185
27,360,2,0.01,4,9,0.9962011575698853,0.003702855668962002,0.06085109422978359,1.0996068716049194
27,360,2,0.01,4,10,0.996880829334259,0.0030403612181544304,0.055139470600962706,0.49590635299682617
27,360,2,0.01,4,11,0.9913387894630432,0.00844243448227644,0.09188272134779443,2.3885912895202637
27,360,2,0.01,4,12,0.997745931148529,0.0021971282549202442,0.04687353469624671,2.1990180015563965
27,360,2,0.01,4,13,0.9906139969825745,0.009148926474153996,0.09565002077445668,1.1456794738769531
27,360,2,0.01,4,14,0.9975122809410095,0.0024248966947197914,0.04924324009160842,0.6738469004631042
27,360,2,0.01,4,15,0.9977947473526001,0.002149547217413783,0.04636320974020008,0.9948312640190125
27,360,2,0.01,4,16,0.9972793459892273,0.0026519566308707,0.05149715167725978,1.106040120124817
27,360,2,0.01,4,17,0.9789766073226929,0.020492296665906906,0.14315130689556035,0.507003128528595
27,360,2,0.01,4,18,0.9968371987342834,0.0030828972812741995,0.055523844258788486,0.6707750558853149
27,360,2,0.01,4,19,0.9973368048667908,0.002595902420580387,0.05094999922061223,0.43278247117996216
27,360,2,0.01,4,20,0.9970892071723938,0.002837256295606494,0.05326590180975531,0.5655425190925598
27,360,2,0.01,4,21,0.978257954120636,0.021192826330661774,0.14557756121965285,1.0563850402832031
27,360,2,0.01,4,22,0.9977567195892334,0.002186600584536791,0.04676110119037821,0.4155319631099701
27,360,2,0.01,4,23,0.9959754943847656,0.003922830335795879,0.06263250223163593,1.211747646331787
27,360,2,0.01,4,24,0.9977052211761475,0.002236786996945739,0.04729468254408458,0.48338332772254944
27,360,2,0.01,4,25,0.9948341846466064,0.005035338457673788,0.07096011878283313,1.9413716793060303
27,360,2,0.01,4,26,0.9970483183860779,0.0028771136421710253,0.05363873266745799,0.6855673789978027
27,360,2,0.01,4,27,0.9966614246368408,0.0032542450353503227,0.05704599052825994,0.6791375875473022
27,360,2,0.01,4,28,0.9979826211929321,0.0019663930870592594,0.044344031019509934,0.341719388961792
27,360,2,0.01,4,29,0.997613787651062,0.00232592667452991,0.048227862014917376,0.4298218786716461
27,360,2,0.01,4,30,0.9983912110328674,0.0015681679360568523,0.03960010020261126,0.582161545753479
27,360,2,0.01,4,31,0.9948118329048157,0.005057081580162048,0.07111316038654202,0.9132516384124756
27,360,2,0.01,4,32,0.9983992576599121,0.0015603137435391545,0.03950080687200142,0.6017172336578369
27,360,2,0.01,4,33,0.9964430928230286,0.0034670517779886723,0.05888167607998835,0.4562516212463379
27,360,2,0.01,4,34,0.9971171617507935,0.0028100144118070602,0.053009569058869555,1.0638070106506348
27,360,2,0.01,4,35,0.9964796900749207,0.00343139935284853,0.05857814740027658,0.87015700340271
27,360,2,0.01,4,36,0.9965330362319946,0.0033793780021369457,0.05813241782462644,0.7829799652099609
27,360,2,0.01,4,37,0.996250569820404,0.003654696047306061,0.060454082139306864,1.3362029790878296
27,360,2,0.01,4,38,0.99666428565979,0.0032514503691345453,0.057021490414882574,0.5048563480377197
27,360,2,0.01,4,39,0.9981205463409424,0.0018319775117561221,0.04280160641560223,0.7631202340126038
27,360,2,0.01,4,40,0.9982772469520569,0.0016792529495432973,0.040978688968088005,0.7799330353736877
27,360,2,0.01,4,41,0.9984421730041504,0.0015184693038463593,0.03896754167055396,0.37452998757362366
27,360,2,0.01,4,42,0.9956809878349304,0.004209914710372686,0.06488385554490952,0.5263134837150574
27,360,2,0.01,4,43,0.9830985069274902,0.016474561765789986,0.1283532694004714,1.4951881170272827
27,360,2,0.01,4,44,0.9953227639198303,0.0045590829104185104,0.06752098126077931,0.6691208481788635
27,360,2,0.01,4,45,0.9978116750717163,0.002133042784407735,0.046184876143687284,0.8023644089698792
27,360,2,0.01,4,46,0.9985970854759216,0.0013675017980858684,0.03697974848597362,0.45837998390197754
27,360,2,0.01,4,47,0.9977076649665833,0.002234414918348193,0.047269598246105216,0.6854020953178406
27,360,2,0.01,4,48,0.9972658753395081,0.002665075473487377,0.051624368988757406,0.9108113646507263
27,360,2,0.01,4,49,0.9963177442550659,0.0035892187152057886,0.05991008859287214,0.4342302978038788
27,360,2,0.01,4,50,0.988018274307251,0.011679080314934254,0.10806979372116084,1.475614070892334
27,360,2,0.01,4,51,0.997799277305603,0.002145150676369667,0.046315771356738374,1.0753846168518066
27,360,2,0.01,4,52,0.9983677268028259,0.0015910532092675567,0.03988800833919333,0.5861694812774658
27,360,2,0.01,4,53,0.9983728528022766,0.0015860433923080564,0.039825160292308384,1.2556794881820679
27,360,2,0.01,4,54,0.998110830783844,0.001841462915763259,0.042912269990799355,1.0414783954620361
27,360,2,0.01,4,55,0.9972949624061584,0.0026366948150098324,0.051348756703642126,0.4684693515300751
27,360,2,0.01,4,56,0.9982327222824097,0.0017226353520527482,0.041504642536139835,1.1590919494628906
27,360,2,0.01,4,57,0.9978007078170776,0.0021437162067741156,0.04630028300965466,1.175574541091919
27,360,2,0.01,4,58,0.9981763362884521,0.0017775887390598655,0.04216146035255261,0.7816055417060852
27,360,2,0.01,4,59,0.9988762140274048,0.001095414045266807,0.03309703982634712,0.6355222463607788
27,360,2,0.01,4,60,0.9958847165107727,0.0040113539434969425,0.06333525040210185,0.9651398658752441
27,360,2,0.01,4,61,0.9945177435874939,0.005343790166079998,0.07310123231574142,1.4354102611541748
27,360,2,0.01,4,62,0.9982838034629822,0.0016728558111935854,0.040900560035207166,0.2877104878425598
27,360,2,0.01,4,63,0.9978984594345093,0.002048433991149068,0.04525962871201075,0.490792840719223
27,360,2,0.01,4,64,0.9975202083587646,0.0024171408731490374,0.049164426907562314,0.7377743124961853
27,360,2,0.01,4,65,0.9972041845321655,0.0027251653373241425,0.05220311616488179,1.0162755250930786
27,360,2,0.01,4,66,0.9965535402297974,0.003359406953677535,0.057960391248485676,1.631082534790039
27,360,2,0.01,4,67,0.9985607862472534,0.0014028738951310515,0.03745495821825265,0.47376519441604614
27,360,2,0.01,4,68,0.998062014579773,0.0018890275387093425,0.0434629444321176,0.6625832915306091
27,360,2,0.01,4,69,0.9958173632621765,0.004076966550201178,0.06385112802606684,0.35684120655059814
27,360,2,0.01,4,70,0.9949899315834045,0.004883534274995327,0.06988228870747815,1.4506202936172485
27,360,2,0.01,4,71,0.9986692070960999,0.0012971676187589765,0.03601621327623125,0.7167791128158569
27,360,2,0.01,4,72,0.9973369240760803,0.0025958125479519367,0.05094911724408909,0.5810040235519409
27,360,2,0.01,4,73,0.9930551648139954,0.0067694224417209625,0.08227649993601431,0.862615168094635
27,360,2,0.01,4,74,0.9976069927215576,0.00233255373314023,0.04829651885115769,0.4278569519519806
27,360,2,0.01,4,75,0.9961258769035339,0.003776277881115675,0.06145142700634115,1.3298243284225464
27,360,2,0.01,4,76,0.9983792304992676,0.001579814124852419,0.03974687566152111,1.0697410106658936
27,360,2,0.01,4,77,0.9984484314918518,0.001512403367087245,0.038889630585636124,0.32980045676231384
27,360,2,0.01,4,78,0.9986386895179749,0.0013269407209008932,0.0364271975438805,0.67037433385849
27,360,2,0.01,4,79,0.9925646781921387,0.007247489411383867,0.08513218786912426,0.9159330725669861
27,360,2,0.01,4,80,0.9980619549751282,0.0018891040235757828,0.04346382430913993,0.36584141850471497
27,360,2,0.01,4,81,0.9986767768859863,0.0012898164568468928,0.03591401476926372,0.6405090689659119
27,360,2,0.01,4,82,0.9980854988098145,0.0018661132780835032,0.04319853328625294,0.42130884528160095
27,360,2,0.01,4,83,0.9973825812339783,0.0025512822903692722,0.050510219662651165,0.4409312605857849
27,360,2,0.01,4,84,0.9941108226776123,0.005740385968238115,0.075765334871814,0.9127708673477173
27,360,2,0.01,4,85,0.9961740970611572,0.0037292626220732927,0.06106768885485427,0.9238545298576355
27,360,2,0.01,4,86,0.9981300234794617,0.0018227213295176625,0.04269334057575798,0.5141353607177734
27,360,2,0.01,4,87,0.998063862323761,0.0018872232176363468,0.04344218246861392,0.5800168514251709
27,360,2,0.01,4,88,0.9981304407119751,0.001822345657274127,0.04268894069046604,1.1439390182495117
27,360,2,0.01,4,89,0.9986120462417603,0.0013529148418456316,0.03678199072706141,1.2034049034118652
27,360,2,0.01,4,90,0.9975467324256897,0.0023913097102195024,0.0489010195212687,0.650273323059082
27,360,2,0.01,4,91,0.9986721277236938,0.0012943490874022245,0.035977063351560874,0.6381012201309204
27,360,2,0.01,4,92,0.9976847767829895,0.0022567554842680693,0.04750532058904633,0.5874887108802795
27,360,2,0.01,4,93,0.9987764954566956,0.0011926054721698165,0.034534120405329806,0.44933050870895386
27,360,2,0.01,4,94,0.998755156993866,0.0012134247226640582,0.03483424640585839,0.41768842935562134
27,360,2,0.01,4,95,0.9979022741317749,0.0020447431597858667,0.045218836338254735,0.4433889389038086
27,360,2,0.01,4,96,0.997712254524231,0.0022299818228930235,0.047222683351256345,0.8115076422691345
27,360,2,0.01,4,97,0.9982832074165344,0.0016734127420932055,0.040907367821618704,0.586310625076294
27,360,2,0.01,4,98,0.9980082511901855,0.0019414296839386225,0.044061657752955945,0.7023885250091553
27,360,2,0.01,4,99,0.998769223690033,0.0011996800312772393,0.03463639749277109,0.43975019454956055
27,360,2,0.01,4,100,0.9988076686859131,0.0011621882440522313,0.034090882124876605,0.35845425724983215
28,360,2,0.01,4,1,0.9811223745346069,0.018400777131319046,0.13564946417630644,3.126981496810913
28,360,2,0.01,4,2,0.9949140548706055,0.004957450088113546,0.07040916196144893,2.7757816314697266
28,360,2,0.01,4,3,0.9959968328475952,0.003902072785422206,0.06246657334464734,1.2367949485778809
28,360,2,0.01,4,4,0.9968335032463074,0.0030864812433719635,0.05555610896536909,0.6542730927467346
28,360,2,0.01,4,5,0.9975058436393738,0.0024311565794050694,0.04930675997675237,0.39890724420547485
28,360,2,0.01,4,6,0.9968081116676331,0.0031112590804696083,0.05577866151557967,0.5035850405693054
28,360,2,0.01,4,7,0.9947550296783447,0.005112460348755121,0.0715014709551847,0.9984926581382751
28,360,2,0.01,4,8,0.9954902529716492,0.004395804833620787,0.06630086600958382,0.5337924361228943
28,360,2,0.01,4,9,0.9960243701934814,0.0038752031978219748,0.06225113009272984,1.266472578048706
28,360,2,0.01,4,10,0.9956554174423218,0.004234852734953165,0.06507574613443295,0.8699450492858887
28,360,2,0.01,4,11,0.9939752817153931,0.005872529465705156,0.07663243090040375,0.9171892404556274
28,360,2,0.01,4,12,0.9970119595527649,0.0029125355649739504,0.05396791236442216,0.5132171511650085
28,360,2,0.01,4,13,0.997616708278656,0.002323099412024021,0.04819854159644274,0.65227872133255
28,360,2,0.01,4,14,0.9979032278060913,0.002043779008090496,0.04520817412913837,1.1250419616699219
28,360,2,0.01,4,15,0.9978561401367188,0.002089716959744692,0.04571342209619284,0.6635359525680542
28,360,2,0.01,4,16,0.9964675307273865,0.003443218767642975,0.05867894654510231,0.6000385284423828
28,360,2,0.01,4,17,0.997471034526825,0.00246506929397583,0.04964946418619067,0.6979347467422485
28,360,2,0.01,4,18,0.9977648258209229,0.002178722294047475,0.04667678538682238,0.5781055092811584
28,360,2,0.01,4,19,0.9978542923927307,0.0020914811175316572,0.045732713865805706,0.9009228944778442
28,360,2,0.01,4,20,0.9965925216674805,0.003321377094835043,0.05763138983952272,0.8558582663536072
28,360,2,0.01,4,21,0.9985217452049255,0.001440910273231566,0.03795932393011717,0.5122014284133911
28,360,2,0.01,4,22,0.9966774582862854,0.003238624893128872,0.05690891751851261,1.1496896743774414
28,360,2,0.01,4,23,0.9947655200958252,0.00510227819904685,0.07143023308828587,1.2699592113494873
28,360,2,0.01,4,24,0.997675895690918,0.0022653888445347548,0.047596101148463354,1.5441218614578247
28,360,2,0.01,4,25,0.9984680414199829,0.0014932681806385517,0.038642828320900005,1.5284111499786377
28,360,2,0.01,4,26,0.9974535703659058,0.002482103183865547,0.04982071039101658,0.7586824893951416
28,360,2,0.01,4,27,0.9957515001296997,0.004141198471188545,0.06435214426255387,0.6535570621490479
28,360,2,0.01,4,28,0.9973421692848206,0.0025907144881784916,0.05089906176127897,0.903365969657898
28,360,2,0.01,4,29,0.9983206391334534,0.0016369200311601162,0.0404588683870436,1.1243324279785156
28,360,2,0.01,4,30,0.9970408082008362,0.0028844510670751333,0.05370708581812211,0.8573824763298035
28,360,2,0.01,4,31,0.9986389875411987,0.0013266276801005006,0.03642290048994589,0.7812411785125732
28,360,2,0.01,4,32,0.9975861310958862,0.002352906856685877,0.04850677124573307,1.2050328254699707
28,360,2,0.01,4,33,0.9985759854316711,0.001388023840263486,0.037256191972120364,0.9968031048774719
28,360,2,0.01,4,34,0.9925916194915771,0.007221221923828125,0.08497777311643395,0.3549748957157135
28,360,2,0.01,4,35,0.9936226606369019,0.006216216832399368,0.07884298847963189,1.6235769987106323
28,360,2,0.01,4,36,0.9951187372207642,0.004757982678711414,0.06897813188765999,0.4483276903629303
28,360,2,0.01,4,37,0.9980281591415405,0.0019220123067498207,0.04384076079118405,0.4463080167770386
28,360,2,0.01,4,38,0.9976454973220825,0.0022950218990445137,0.04790638682936247,1.3211134672164917
28,360,2,0.01,4,39,0.9986558556556702,0.0013101951917633414,0.03619661851282992,1.0934027433395386
28,360,2,0.01,4,40,0.9970067739486694,0.00291759823448956,0.054014796440323275,0.8926131129264832
28,360,2,0.01,4,41,0.998310387134552,0.0016469599213451147,0.04058275398916533,1.038250207901001
28,360,2,0.01,4,42,0.9958366751670837,0.00405818410217762,0.06370387823498362,0.5286208391189575
28,360,2,0.01,4,43,0.9987577199935913,0.0012109013041481376,0.03479800718644873,0.44210001826286316
28,360,2,0.01,4,44,0.9979786276817322,0.0019703246653079987,0.04438833929432367,0.5171203017234802
28,360,2,0.01,4,45,0.9979600310325623,0.0019884153734892607,0.044591651387779534,0.5021526217460632
28,360,2,0.01,4,46,0.9970025420188904,0.0029217207338660955,0.054052943803886346,1.0107932090759277
28,360,2,0.01,4,47,0.9974020719528198,0.0025323140434920788,0.05032210293193319,0.559691846370697
28,360,2,0.01,4,48,0.9956988096237183,0.004192554857581854,0.06474994098516117,0.6230871677398682
28,360,2,0.01,4,49,0.9961510896682739,0.0037516748998314142,0.06125091754277167,1.4029197692871094
28,360,2,0.01,4,50,0.9960645437240601,0.003836057148873806,0.0619359116254359,0.4998674690723419
28,360,2,0.01,4,51,0.9960638880729675,0.003836671356111765,0.06194086983657692,0.4858717918395996
28,360,2,0.01,4,52,0.9986035823822021,0.0013611590256914496,0.036893888730946345,1.2016212940216064
28,360,2,0.01,4,53,0.998564600944519,0.0013991458108648658,0.03740515754364451,0.44914892315864563
28,360,2,0.01,4,54,0.9985473155975342,0.0014159854035824537,0.0376295814962438,1.1302217245101929
28,360,2,0.01,4,55,0.9983078241348267,0.0016494330484420061,0.04061321273233633,0.6061097979545593
28,360,2,0.01,4,56,0.9984472990036011,0.0015134705463424325,0.03890334878056685,0.5340818762779236
28,360,2,0.01,4,57,0.998989462852478,0.000985032762400806,0.03138523159705542,0.3265519440174103
28,360,2,0.01,4,58,0.9986516833305359,0.0013142715906724334,0.0362528838945598,0.4130243957042694
28,360,2,0.01,4,59,0.9989032745361328,0.0010690247872844338,0.03269594450821744,0.8021364212036133
28,360,2,0.01,4,60,0.9975219368934631,0.002415470313280821,0.0491474344526835,0.3484627902507782
28,360,2,0.01,4,61,0.9982103705406189,0.0017444414552301168,0.04176651116899898,0.6867855787277222
28,360,2,0.01,4,62,0.9986052513122559,0.0013594994088634849,0.03687139011297899,0.672183632850647
28,360,2,0.01,4,63,0.9963610768318176,0.003546989755704999,0.059556609672688714,0.39540085196495056
28,360,2,0.01,4,64,0.997668981552124,0.0022721407003700733,0.04766697704249844,1.072102427482605
28,360,2,0.01,4,65,0.9981175661087036,0.001834906404837966,0.04283580750771445,0.3022353947162628
28,360,2,0.01,4,66,0.996842622756958,0.003077621338889003,0.055476313313782874,0.6625274419784546
28,360,2,0.01,4,67,0.9619746208190918,0.037064824253320694,0.1925222694997145,0.6352275609970093
28,360,2,0.01,4,68,0.9974331855773926,0.002501954324543476,0.050019539427542475,0.3297825753688812
28,360,2,0.01,4,69,0.9981235861778259,0.001829033950343728,0.042767206482814936,0.29842162132263184
28,360,2,0.01,4,70,0.996373176574707,0.0035351889673620462,0.05945745510330934,0.4931434094905853
28,360,2,0.01,4,71,0.9982505440711975,0.001705253147520125,0.041294710890380684,0.45291465520858765
28,360,2,0.01,4,72,0.9978325963020325,0.0021126391366124153,0.04596345435900587,0.9910170435905457
28,360,2,0.01,4,73,0.9983782768249512,0.001580775948241353,0.03975897317891086,1.2027190923690796
28,360,2,0.01,4,74,0.9969982504844666,0.00292591261677444,0.05409170561901741,0.5196992754936218
28,360,2,0.01,4,75,0.997617781162262,0.0023220425937324762,0.04818757717225962,0.3180345296859741
28,360,2,0.01,4,76,0.9987615942955017,0.0012071323581039906,0.03474381035672384,0.37125688791275024
28,360,2,0.01,4,77,0.9979354739189148,0.0020123659633100033,0.0448594021729002,0.6072953939437866
28,360,2,0.01,4,78,0.9987075924873352,0.0012597377644851804,0.03549278468203334,0.5715740323066711
28,360,2,0.01,4,79,0.9987176656723022,0.0012499557342380285,0.03535471304137581,0.472124308347702
28,360,2,0.01,4,80,0.9977115392684937,0.0022306584287434816,0.04722984679991543,0.3705636262893677
28,360,2,0.01,4,81,0.997630774974823,0.0023093733470886946,0.048055939769072194,0.543194055557251
28,360,2,0.01,4,82,0.9988830089569092,0.0010887851240113378,0.03299674414258682,0.38218629360198975
28,360,2,0.01,4,83,0.9984894394874573,0.0014724202919751406,0.03837212910401429,0.6818714737892151
28,360,2,0.01,4,84,0.9971963763237,0.002732799155637622,0.05227618153267912,1.114125370979309
28,360,2,0.01,4,85,0.9983257055282593,0.0016320266295224428,0.040398349341556554,0.9057291150093079
28,360,2,0.01,4,86,0.9984849095344543,0.0014768240507692099,0.03842946852051443,0.2860771417617798
28,360,2,0.01,4,87,0.9989184141159058,0.0010542357340455055,0.03246899650505857,0.8636499643325806
28,360,2,0.01,4,88,0.9987516403198242,0.0012168296379968524,0.03488308527061292,0.5748831033706665
28,360,2,0.01,4,89,0.9988319873809814,0.0011385324178263545,0.03374214601690821,0.586023211479187
28,360,2,0.01,4,90,0.9986369013786316,0.0013286892790347338,0.03645119036512709,0.46918854117393494
28,360,2,0.01,4,91,0.9989570379257202,0.0010165957501158118,0.03188409870320646,0.28601303696632385
28,360,2,0.01,4,92,0.9985209107398987,0.0014417445054277778,0.03797031084186404,0.39755141735076904
28,360,2,0.01,4,93,0.9986491203308105,0.0013167759170755744,0.03628740714181125,0.36187684535980225
28,360,2,0.01,4,94,0.994326114654541,0.005530540831387043,0.07436760606196116,0.5885264277458191
28,360,2,0.01,4,95,0.9985514879226685,0.0014119279803708196,0.03757563013937118,0.7056999206542969
28,360,2,0.01,4,96,0.9989257454872131,0.0010471234563738108,0.03235928701893493,0.6669027805328369
28,360,2,0.01,4,97,0.9976705312728882,0.0022706110030412674,0.04765092866924282,0.932073712348938
28,360,2,0.01,4,98,0.9985795617103577,0.0013845751527696848,0.03720987977365265,0.5614975094795227
28,360,2,0.01,4,99,0.9983570575714111,0.0016014501452445984,0.04001812271014969,0.30906954407691956
28,360,2,0.01,4,100,0.998527467250824,0.0014353079022839665,0.037885457662326934,0.7122979760169983
29,360,2,0.01,4,1,0.9891857504844666,0.010541053488850594,0.10266963274917561,0.6932376027107239
29,360,2,0.01,4,2,0.9948219060897827,0.005047264974564314,0.0710441058397128,1.4671838283538818
29,360,2,0.01,4,3,0.9950504899024963,0.004824501927942038,0.06945863465359824,0.6490022540092468
29,360,2,0.01,4,4,0.996963620185852,0.0029596639797091484,0.05440279385940715,1.0986865758895874
29,360,2,0.01,4,5,0.9945034980773926,0.0053576272912323475,0.07319581471117285,1.3709253072738647
29,360,2,0.01,4,6,0.9960119724273682,0.0038873101584613323,0.06234829715767169,2.7234082221984863
29,360,2,0.01,4,7,0.9969953298568726,0.002928763860836625,0.05411805485082243,0.7953395843505859
29,360,2,0.01,4,8,0.9957200884819031,0.004171823151409626,0.06458965204589374,1.5452483892440796
29,360,2,0.01,4,9,0.9951537847518921,0.004723797086626291,0.06872988496008335,0.6730548739433289
29,360,2,0.01,4,10,0.9974249005317688,0.0025100496131926775,0.050100395339684474,0.8588549494743347
29,360,2,0.01,4,11,0.997025191783905,0.002899670973420143,0.053848593049588056,0.7680033445358276
29,360,2,0.01,4,12,0.997556209564209,0.0023820812348276377,0.04880656958676401,1.3553520441055298
29,360,2,0.01,4,13,0.9976333379745483,0.0023068650625646114,0.04802983512947563,1.387593388557434
29,360,2,0.01,4,14,0.9978628754615784,0.0020831110887229443,0.04564111182610415,1.2972325086593628
29,360,2,0.01,4,15,0.9961791038513184,0.0037243501283228397,0.061027453890219276,1.6370352506637573
29,360,2,0.01,4,16,0.9945290684700012,0.005332725588232279,0.07302551326921489,0.8855760097503662
29,360,2,0.01,4,17,0.9959961175918579,0.003902722615748644,0.0624717745525821,1.0033018589019775
29,360,2,0.01,4,18,0.9981169700622559,0.0018354349303990602,0.04284197626626321,0.715735912322998
29,360,2,0.01,4,19,0.9978570938110352,0.00208875210955739,0.045702867629475834,0.34888124465942383
29,360,2,0.01,4,20,0.9978048205375671,0.0021397536620497704,0.04625747141867755,0.9386590719223022
29,360,2,0.01,4,21,0.9974676370620728,0.002468373393639922,0.049682727316844456,1.7558691501617432
29,360,2,0.01,4,22,0.9964955449104309,0.003415943356230855,0.058446072205331774,0.7201781868934631
29,360,2,0.01,4,23,0.9960431456565857,0.0038569204043596983,0.06210410939993986,0.4504781663417816
29,360,2,0.01,4,24,0.9977887868881226,0.0021553817205131054,0.04642608879189701,0.5448312163352966
29,360,2,0.01,4,25,0.9967004656791687,0.003216186771169305,0.05671143421894129,0.37981560826301575
29,360,2,0.01,4,26,0.9952266216278076,0.004652789793908596,0.06821136117912174,1.0353020429611206
29,360,2,0.01,4,27,0.9972895979881287,0.002641934435814619,0.051399751320552314,0.5778074860572815
29,360,2,0.01,4,28,0.9974629282951355,0.0024730064906179905,0.04972933229612067,0.8039734959602356
29,360,2,0.01,4,29,0.9968278408050537,0.003092040540650487,0.05560611963309872,0.7872633337974548
29,360,2,0.01,4,30,0.9973800778388977,0.0025537237524986267,0.05053438188499615,0.6112098693847656
29,360,2,0.01,4,31,0.9981027245521545,0.001849332358688116,0.04300386446225637,0.6398839354515076
29,360,2,0.01,4,32,0.9956292510032654,0.004260368179529905,0.06527149591919819,0.7406009435653687
29,360,2,0.01,4,33,0.9979075193405151,0.00203964626416564,0.04516244307126929,0.7210246324539185
29,360,2,0.01,4,34,0.9974220395088196,0.0025128237903118134,0.05012807387394626,0.550912082195282
29,360,2,0.01,4,35,0.998341977596283,0.0016161120729520917,0.04020089641975775,0.7819389700889587
29,360,2,0.01,4,36,0.9982168674468994,0.0017380997305735946,0.041690523270565875,1.011496663093567
29,360,2,0.01,4,37,0.9836799502372742,0.015907814726233482,0.1261261857277603,0.7048757076263428
29,360,2,0.01,4,38,0.989675760269165,0.010063431225717068,0.10031665477734526,0.8883704543113708
29,360,2,0.01,4,39,0.9963285326957703,0.0035787438973784447,0.05982260356569617,0.5485551357269287
29,360,2,0.01,4,40,0.9966212511062622,0.00329342158511281,0.057388340149483415,0.7090662717819214
29,360,2,0.01,4,41,0.9960888028144836,0.0038124246057122946,0.061744834648027803,0.8860592842102051
29,360,2,0.01,4,42,0.9985869526863098,0.0013773567043244839,0.037112756625242535,0.27607831358909607
29,360,2,0.01,4,43,0.9969813823699951,0.002942346502095461,0.054243400539562975,0.8553568720817566
29,360,2,0.01,4,44,0.9974702000617981,0.0024659070186316967,0.049657899861267764,0.5068548321723938
29,360,2,0.01,4,45,0.9976152181625366,0.002324564615264535,0.04821373886419238,0.3431032598018646
29,360,2,0.01,4,46,0.9984999299049377,0.00146219483576715,0.03823865630179949,0.5148959159851074
29,360,2,0.01,4,47,0.9970539808273315,0.002871620235964656,0.05358750074378032,0.6757879257202148
29,360,2,0.01,4,48,0.9981076717376709,0.001844550366513431,0.04294822891008931,0.40417230129241943
29,360,2,0.01,4,49,0.9929560422897339,0.006866020150482655,0.08286145153497285,1.7320138216018677
29,360,2,0.01,4,50,0.9984068870544434,0.0015528902877122164,0.039406728964888935,0.8753384947776794
29,360,2,0.01,4,51,0.9984098672866821,0.0015499398577958345,0.03936927555589301,0.2831501364707947
29,360,2,0.01,4,52,0.9985200762748718,0.0014425640692934394,0.03798110147551594,0.45095738768577576
29,360,2,0.01,4,53,0.9983852505683899,0.0015739866066724062,0.039673500055735014,0.5185524821281433
29,360,2,0.01,4,54,0.9968743324279785,0.003046708181500435,0.05519699431581791,0.4609518051147461
29,360,2,0.01,4,55,0.9984625577926636,0.0014985837042331696,0.03871154484431188,0.3565441966056824
29,360,2,0.01,4,56,0.9980830550193787,0.0018685106188058853,0.04322627232142375,0.6458116769790649
29,360,2,0.01,4,57,0.9978724122047424,0.0020738192833960056,0.04553920600313543,0.2965649366378784
29,360,2,0.01,4,58,0.9975405931472778,0.002397291362285614,0.04896214213334231,0.4115453064441681
29,360,2,0.01,4,59,0.9980947971343994,0.0018570516258478165,0.04309352185477321,0.4166542887687683
29,360,2,0.01,4,60,0.9984397888183594,0.0015207866672426462,0.038997264868739785,0.5928170680999756
29,360,2,0.01,4,61,0.9983686804771423,0.0015900860307738185,0.03987588282124696,0.96085125207901
29,360,2,0.01,4,62,0.9974549412727356,0.0024807648733258247,0.049807277312917085,0.5714903473854065
29,360,2,0.01,4,63,0.9911195039749146,0.008656165562570095,0.09303851655400625,1.7512762546539307
29,360,2,0.01,4,64,0.9980409741401672,0.00190952536650002,0.04369811628091101,1.1896312236785889
29,360,2,0.01,4,65,0.9951276183128357,0.0047492822632193565,0.06891503655385635,1.1571712493896484
29,360,2,0.01,4,66,0.9986785054206848,0.0012880892027169466,0.03588995963660236,0.6408370137214661
29,360,2,0.01,4,67,0.9984181523323059,0.0015418743714690208,0.0392667081822378,0.7521975040435791
29,360,2,0.01,4,68,0.9983483552932739,0.0016099221538752317,0.04012383523387603,0.6302464604377747
29,360,2,0.01,4,69,0.9970435500144958,0.0028817872516810894,0.053682280611772534,0.6957917809486389
29,360,2,0.01,4,70,0.9985631108283997,0.0014006072888150811,0.03742468822602375,0.48391976952552795
29,360,2,0.01,4,71,0.9978912472724915,0.002055463846772909,0.0453372236332675,0.4074944257736206
29,360,2,0.01,4,72,0.9986265897750854,0.0013387106591835618,0.036588395143591114,0.7208107113838196
29,360,2,0.01,4,73,0.9979970455169678,0.0019523315131664276,0.044185195633452024,0.3122437298297882
29,360,2,0.01,4,74,0.9980695843696594,0.001881630509160459,0.04337776514714029,0.28053101897239685
29,360,2,0.01,4,75,0.9986469745635986,0.0013188680168241262,0.0363162225021288,0.670415461063385
29,360,2,0.01,4,76,0.9987046122550964,0.0012626807438209653,0.03553421933602827,0.31099650263786316
29,360,2,0.01,4,77,0.9944403171539307,0.005419251974672079,0.07361556883344772,0.9927045106887817
29,360,2,0.01,4,78,0.9968951344490051,0.0030264118686318398,0.0550128336720791,0.9487869143486023
29,360,2,0.01,4,79,0.9982771873474121,0.0016793102258816361,0.04097938781731172,0.7418769598007202
29,360,2,0.01,4,80,0.9985182881355286,0.0014442757237702608,0.03800362777117812,0.39561814069747925
29,360,2,0.01,4,81,0.9975934028625488,0.0023457761853933334,0.04843321365956768,0.38771769404411316
29,360,2,0.01,4,82,0.9971547722816467,0.0027733398601412773,0.05266250905664557,0.7625435590744019
29,360,2,0.01,4,83,0.9977250099182129,0.002217500004917383,0.04709033876409664,0.558050811290741
29,360,2,0.01,4,84,0.9976630806922913,0.002277876017615199,0.04772709940500469,1.0904005765914917
29,360,2,0.01,4,85,0.9982871413230896,0.0016696024686098099,0.040860769310058394,0.46120166778564453
29,360,2,0.01,4,86,0.9986956715583801,0.0012713720789179206,0.03565630489714155,0.3587620258331299
29,360,2,0.01,4,87,0.9968640208244324,0.0030567494686692953,0.0552878781349881,0.6328539252281189
29,360,2,0.01,4,88,0.9982060790061951,0.0017486292636021972,0.04181661468366608,0.2934383451938629
29,360,2,0.01,4,89,0.9987680912017822,0.0012008011108264327,0.03465257726095467,0.4702286124229431
29,360,2,0.01,4,90,0.9981155395507812,0.0018368805758655071,0.04285884477987603,0.7559893727302551
29,360,2,0.01,4,91,0.9959787130355835,0.00391971692442894,0.06260764269982491,0.4555233418941498
29,360,2,0.01,4,92,0.9975824952125549,0.0023564614821225405,0.04854339792518176,0.8730387091636658
29,360,2,0.01,4,93,0.9982215166091919,0.001733545446768403,0.041635867311350716,1.0606482028961182
29,360,2,0.01,4,94,0.9982908964157104,0.0016659173415973783,0.04081565069427876,0.3381354808807373
29,360,2,0.01,4,95,0.9986681938171387,0.001298155402764678,0.03602992371300109,0.3686601519584656
29,360,2,0.01,4,96,0.9988920092582703,0.001080018701031804,0.03286363797621627,0.31507444381713867
29,360,2,0.01,4,97,0.9976956248283386,0.0022461391054093838,0.04739345002644758,0.5779158473014832
29,360,2,0.01,4,98,0.9981586337089539,0.0017948249587789178,0.04236537452659799,0.7653201818466187
29,360,2,0.01,4,99,0.9985741972923279,0.0013897907920181751,0.037279897961477515,0.7451158165931702
29,360,2,0.01,4,100,0.9982365965843201,0.0017188757192343473,0.04145932608273255,0.8637378215789795
30,360,2,0.01,4,1,0.987765908241272,0.011925045400857925,0.1092018562152582,0.72743821144104
30,360,2,0.01,4,2,0.9946809411048889,0.0051847193390131,0.07200499523653273,0.7076729536056519
30,360,2,0.01,4,3,0.9966198205947876,0.0032947775907814503,0.05740015322959905,0.9606043100357056
30,360,2,0.01,4,4,0.996034562587738,0.0038652545772492886,0.06217117159302443,1.6576963663101196
30,360,2,0.01,4,5,0.996530294418335,0.0033820553217083216,0.058155441032704085,0.8906563520431519
30,360,2,0.01,4,6,0.996234655380249,0.0036702544894069433,0.06058262530962936,0.5848276615142822
30,360,2,0.01,4,7,0.9969377517700195,0.002984916092827916,0.054634385626891754,1.0034676790237427
30,360,2,0.01,4,8,0.9966988563537598,0.0032177402172237635,0.05672512862236421,0.8088015913963318
30,360,2,0.01,4,9,0.996930718421936,0.0029917587526142597,0.05469697206074811,0.9572952389717102
30,360,2,0.01,4,10,0.99726802110672,0.0026629678905010223,0.051603952275974196,0.3026214838027954
30,360,2,0.01,4,11,0.9926562309265137,0.007158273831009865,0.08460658266949365,0.9272955656051636
30,360,2,0.01,4,12,0.9969143867492676,0.0030076541006565094,0.0548420832997481,0.6934248805046082
30,360,2,0.01,4,13,0.9982829689979553,0.001673643128015101,0.04091018367124622,0.3592921793460846
30,360,2,0.01,4,14,0.9979678392410278,0.001980811357498169,0.04450630694068167,1.1291158199310303
30,360,2,0.01,4,15,0.994748055934906,0.005119249224662781,0.07154892888550311,0.7952314615249634
30,360,2,0.01,4,16,0.9964065551757812,0.0035026436671614647,0.05918313667896848,0.6547734141349792
30,360,2,0.01,4,17,0.9968633055686951,0.003057485679164529,0.05529453570801123,0.4097219705581665
30,360,2,0.01,4,18,0.9965332746505737,0.0033791563473641872,0.058130511328941425,0.6859166622161865
30,360,2,0.01,4,19,0.9976629018783569,0.002278077881783247,0.04772921413330883,0.7260130047798157
30,360,2,0.01,4,20,0.9974299073219299,0.002505173906683922,0.05005171232519345,0.5219475626945496
30,360,2,0.01,4,21,0.9944780468940735,0.005382457748055458,0.07336523528249234,0.6235160827636719
30,360,2,0.01,4,22,0.9977086186408997,0.0022334828972816467,0.04725973865016232,0.7958214282989502
30,360,2,0.01,4,23,0.9975560307502747,0.0023822118528187275,0.04880790768736894,0.7030524015426636
30,360,2,0.01,4,24,0.9968400597572327,0.0030801279935985804,0.05549890083234604,0.3479149639606476
30,360,2,0.01,4,25,0.9984564185142517,0.0015045703621581197,0.03878879170789056,0.7974729537963867
30,360,2,0.01,4,26,0.9772257804870605,0.022198906168341637,0.14899297355359292,0.625603199005127
30,360,2,0.01,4,27,0.9984726905822754,0.0014887487050145864,0.03858430646019942,0.4028545320034027
30,360,2,0.01,4,28,0.9835020899772644,0.01608116738498211,0.12681154279079687,1.191112995147705
30,360,2,0.01,4,29,0.9947697520256042,0.005098148249089718,0.07140131825876689,0.6066995859146118
30,360,2,0.01,4,30,0.9979348182678223,0.002013011835515499,0.044866600445269966,0.448371022939682
30,360,2,0.01,4,31,0.9976507425308228,0.002289897995069623,0.0478528786497701,1.2458007335662842
30,360,2,0.01,4,32,0.9981719851493835,0.0017818165943026543,0.042211569436620744,0.7793221473693848
30,360,2,0.01,4,33,0.997915506362915,0.002031866228207946,0.04507622686303664,0.6795388460159302
30,360,2,0.01,4,34,0.9983977675437927,0.0015617443714290857,0.03951891156685727,0.726824939250946
30,360,2,0.01,4,35,0.9967086315155029,0.0032082414254546165,0.05664134025122125,0.4446274936199188
30,360,2,0.01,4,36,0.9985855221748352,0.0013787227217108011,0.037131155674322895,0.6245202422142029
30,360,2,0.01,4,37,0.998039722442627,0.001910746213980019,0.04371208315763525,0.8765622973442078
30,360,2,0.01,4,38,0.9969092011451721,0.0030127367936074734,0.05488840308851655,1.389837622642517
30,360,2,0.01,4,39,0.9977285861968994,0.002214037347584963,0.04705355828824174,0.6307214498519897
30,360,2,0.01,4,40,0.9978544116020203,0.002091369591653347,0.04573149452678479,0.3630874454975128
30,360,2,0.01,4,41,0.9974148273468018,0.0025198946241289377,0.0501985520122736,0.7807897925376892
30,360,2,0.01,4,42,0.9969921112060547,0.002931935479864478,0.05414734970305082,0.38926592469215393
30,360,2,0.01,4,43,0.9985853433609009,0.0013789503136649728,0.03713422025120459,0.42657119035720825
30,360,2,0.01,4,44,0.9980645179748535,0.0018865983001887798,0.04343498935407697,0.5751075148582458
30,360,2,0.01,4,45,0.9979872703552246,0.0019618698861449957,0.044293000419309995,0.4209049344062805
30,360,2,0.01,4,46,0.9976075291633606,0.0023320431355386972,0.04829123249140259,0.3937097489833832
30,360,2,0.01,4,47,0.9976639747619629,0.0022770401556044817,0.04771834192010952,1.1625832319259644
30,360,2,0.01,4,48,0.9982305765151978,0.0017247077776119113,0.04152960122144097,0.6647778153419495
30,360,2,0.01,4,49,0.9971662759780884,0.002762141404673457,0.05255607866530243,0.6407925486564636
30,360,2,0.01,4,50,0.997656524181366,0.0022842998150736094,0.047794349196046276,0.806813657283783
30,360,2,0.01,4,51,0.9948580861091614,0.005012051202356815,0.0707958417024391,0.4447712004184723
30,360,2,0.01,4,52,0.9953047633171082,0.004576627165079117,0.06765077357339765,0.5336188077926636
30,360,2,0.01,4,53,0.9971643686294556,0.0027640280313789845,0.05257402430268188,0.4859192371368408
30,360,2,0.01,4,54,0.998269259929657,0.001687046024017036,0.04107366582150948,0.3299931585788727
30,360,2,0.01,4,55,0.998472273349762,0.0014891359023749828,0.038589323683824554,0.7204651832580566
30,360,2,0.01,4,56,0.9976341128349304,0.002306138165295124,0.048022267390192275,0.32890185713768005
30,360,2,0.01,4,57,0.9960839748382568,0.0038170870393514633,0.06178257876903054,0.49719685316085815
30,360,2,0.01,4,58,0.9976410269737244,0.0022993944585323334,0.047952001611323104,0.553938090801239
30,360,2,0.01,4,59,0.9985994100570679,0.0013652151683345437,0.03694881822649466,0.5928493738174438
30,360,2,0.01,4,60,0.998353123664856,0.001605283236131072,0.04006598602469521,0.7803274393081665
30,360,2,0.01,4,61,0.9986007213592529,0.001363930176012218,0.03693142531790803,0.718880832195282
30,360,2,0.01,4,62,0.9971492886543274,0.0027787077706307173,0.05271344961801226,0.3935182988643646
30,360,2,0.01,4,63,0.9973169565200806,0.002615251811221242,0.05113953276303218,0.3173976540565491
30,360,2,0.01,4,64,0.9985135793685913,0.00144889485090971,0.03806435144475353,0.6006038188934326
30,360,2,0.01,4,65,0.9940304756164551,0.005818728357553482,0.07628058965132271,1.366271734237671
30,360,2,0.01,4,66,0.993661105632782,0.00617878045886755,0.07860521903072054,1.3080543279647827
30,360,2,0.01,4,67,0.9986239075660706,0.0013413119595497847,0.036623926053193485,0.33476588129997253
30,360,2,0.01,4,68,0.9984274506568909,0.001532820868305862,0.039151256280046266,0.7655172348022461
30,360,2,0.01,4,69,0.9988068342208862,0.0011630156077444553,0.034103014643055464,0.43728816509246826
30,360,2,0.01,4,70,0.9986964464187622,0.001270615728572011,0.035645697195762785,0.4888902008533478
30,360,2,0.01,4,71,0.9985114336013794,0.0014509405009448528,0.03809121290986745,0.7582404017448425
30,360,2,0.01,4,72,0.99871426820755,0.001253268914297223,0.03540153830410796,0.5298862457275391
30,360,2,0.01,4,73,0.9988309144973755,0.0011395789915695786,0.03375765085976183,0.3868066668510437
30,360,2,0.01,4,74,0.9984356760978699,0.0015248252311721444,0.03904901062987569,0.8212186098098755
30,360,2,0.01,4,75,0.9983460307121277,0.0016121898079290986,0.040152083481795796,0.4772372841835022
30,360,2,0.01,4,76,0.9968201518058777,0.003099544672295451,0.05567355451464771,1.0409797430038452
30,360,2,0.01,4,77,0.9981616735458374,0.0017918776720762253,0.042330576089585945,0.6618479490280151
30,360,2,0.01,4,78,0.9981398582458496,0.001813158392906189,0.042581197645277534,0.47226235270500183
30,360,2,0.01,4,79,0.9984409809112549,0.001519658719189465,0.03898280029948419,0.7793850898742676
30,360,2,0.01,4,80,0.9976767301559448,0.0022645944263786077,0.04758775500460815,0.5021151304244995
30,360,2,0.01,4,81,0.9981902837753296,0.0017639986472204328,0.04199998389547825,0.6739807724952698
30,360,2,0.01,4,82,0.9965507388114929,0.0033621450420469046,0.05798400677813585,0.9093350768089294
30,360,2,0.01,4,83,0.9985939264297485,0.0013705326709896326,0.03702070597638074,0.48771002888679504
30,360,2,0.01,4,84,0.9956108331680298,0.004278318490833044,0.06540885636389804,0.38471823930740356
30,360,2,0.01,4,85,0.9984246492385864,0.0015355630312114954,0.03918626074546403,0.3791681230068207
30,360,2,0.01,4,86,0.9970940947532654,0.0028324793092906475,0.05322104197862578,1.4753321409225464
30,360,2,0.01,4,87,0.9981271028518677,0.0018255673348903656,0.04272665836325567,1.0877187252044678
30,360,2,0.01,4,88,0.9981459975242615,0.0018071921076625586,0.04251108217468191,0.6533243656158447
30,360,2,0.01,4,89,0.9955928325653076,0.004295827355235815,0.06554256140276954,0.454750120639801
30,360,2,0.01,4,90,0.9988066554069519,0.0011631944216787815,0.034105636215716335,0.31788158416748047
30,360,2,0.01,4,91,0.9983981251716614,0.0015614175936207175,0.039514776902074465,0.8642799854278564
30,360,2,0.01,4,92,0.9988088607788086,0.0011610735673457384,0.034074529598304634,0.3309468626976013
30,360,2,0.01,4,93,0.9980758428573608,0.0018755497876554728,0.04330761812493816,0.43400683999061584
30,360,2,0.01,4,94,0.99855637550354,0.0014071852201595902,0.037512467529603945,0.25647908449172974
30,360,2,0.01,4,95,0.9988915920257568,0.0010804347693920135,0.0328699675903706,0.5841062664985657
30,360,2,0.01,4,96,0.9987892508506775,0.0011801664950326085,0.03435355141805005,0.8858354091644287
30,360,2,0.01,4,97,0.9980875253677368,0.0018641785718500614,0.043176134285621975,1.0659098625183105
30,360,2,0.01,4,98,0.9955683946609497,0.004319675732403994,0.06572424006714717,0.5314643979072571
30,360,2,0.01,4,99,0.9979109764099121,0.0020362723153084517,0.04512507413078068,0.7127531170845032
30,360,2,0.01,4,100,0.998555600643158,0.001407933421432972,0.0375224389057131,0.9928946495056152
