seed,max_neurons,layers,lr,unlock_layers,epoch,Jou_score,Jou_mse,Jou_rmse,Jou_mape
1,350,1,0.01,3,1,0.9897534847259521,0.009999080561101437,0.09999540269983134,0.4237492084503174
1,350,1,0.01,3,2,0.99237060546875,0.007445163559168577,0.0862853612101646,0.3186762034893036
1,350,1,0.01,3,3,0.9935375452041626,0.006306387018412352,0.07941276357369986,0.31485405564308167
1,350,1,0.01,3,4,0.9933891296386719,0.006451249122619629,0.08031966834231594,0.32489094138145447
1,350,1,0.01,3,5,0.9955542087554932,0.0043384479358792305,0.06586689559922519,0.25636449456214905
1,350,1,0.01,3,6,0.9932408928871155,0.006595867220312357,0.08121494456263796,0.32573202252388
1,350,1,0.01,3,7,0.989500880241394,0.010245596058666706,0.10122053180391173,0.4014151394367218
1,350,1,0.01,3,8,0.9957961440086365,0.004102321807295084,0.06404937007726996,0.24949096143245697
1,350,1,0.01,3,9,0.9962620139122009,0.003647700184956193,0.06039619346412647,0.23345156013965607
1,350,1,0.01,3,10,0.9858824014663696,0.013776673004031181,0.11737407296345809,0.371408075094223
1,350,1,0.01,3,11,0.996380627155304,0.0035319982562214136,0.059430617161707264,0.28330227732658386
1,350,1,0.01,3,12,0.9965175986289978,0.003398311324417591,0.05829503687637217,0.2533554434776306
1,350,1,0.01,3,13,0.9857321381568909,0.013923321850597858,0.11799712645059565,0.40965890884399414
1,350,1,0.01,3,14,0.9966250061988831,0.003293505171313882,0.057389068395591526,0.2586307227611542
1,350,1,0.01,3,15,0.9944812059402466,0.0053855050355196,0.07338600026925844,0.2706037163734436
1,350,1,0.01,3,16,0.9960862398147583,0.0038192602805793285,0.0618001640821392,0.24097776412963867
1,350,1,0.01,3,17,0.9970656633377075,0.002863462083041668,0.05351132667988776,0.2148859053850174
1,350,1,0.01,3,18,0.9958169460296631,0.004082064609974623,0.06389103700813302,0.2581879496574402
1,350,1,0.01,3,19,0.9961059093475342,0.0038000682834535837,0.0616446938791457,0.24861334264278412
1,350,1,0.01,3,20,0.9962574243545532,0.0036522208247333765,0.06043360674933589,0.2520022690296173
1,350,1,0.01,3,21,0.9969860911369324,0.0029411024879664183,0.054231932364303764,0.21067149937152863
1,350,1,0.01,3,22,0.9899471998214722,0.009810072369873524,0.09904580945135197,0.2722477912902832
1,350,1,0.01,3,23,0.996517539024353,0.0033983758185058832,0.058295590043380495,0.24269342422485352
1,350,1,0.01,3,24,0.9973376393318176,0.0025980742648243904,0.05097130825105817,0.22859466075897217
1,350,1,0.01,3,25,0.9954437613487244,0.00444620568305254,0.06667987464784664,0.31672513484954834
1,350,1,0.01,3,26,0.9959511160850525,0.003951112739741802,0.06285787730859038,0.23561158776283264
1,350,1,0.01,3,27,0.9934597611427307,0.006382329855114222,0.07988948526004046,0.382979154586792
1,350,1,0.01,3,28,0.9973171353340149,0.0026180592831224203,0.051166974535557797,0.23605066537857056
1,350,1,0.01,3,29,0.9940823912620544,0.005774687044322491,0.07599136164277155,0.29210537672042847
1,350,1,0.01,3,30,0.9947018027305603,0.0051702274940907955,0.07190429398923819,0.27060070633888245
1,350,1,0.01,3,31,0.9969158172607422,0.0030096988193690777,0.05486072200918502,0.1949843168258667
1,350,1,0.01,3,32,0.9965599179267883,0.0033570050727576017,0.057939667523706086,0.22945185005664825
1,350,1,0.01,3,33,0.9964067935943604,0.0035064269322901964,0.0592150904102172,0.2064589560031891
1,350,1,0.01,3,34,0.9941540956497192,0.0057047270238399506,0.07552964334511285,0.2735092341899872
1,350,1,0.01,3,35,0.9969527125358582,0.0029736727010458708,0.054531391886195886,0.23136411607265472
1,350,1,0.01,3,36,0.9945103526115417,0.005357056390494108,0.07319191478909476,0.23633207380771637
1,350,1,0.01,3,37,0.9965848922729492,0.00333263142965734,0.05772894793478693,0.20323391258716583
1,350,1,0.01,3,38,0.9968642592430115,0.003060014685615897,0.05531739948348889,0.194985494017601
1,350,1,0.01,3,39,0.9964590668678284,0.0034554044250398874,0.05878268814064127,0.23771865665912628
1,350,1,0.01,3,40,0.9973137378692627,0.002621408784762025,0.05119969516278417,0.24177685379981995
1,350,1,0.01,3,41,0.9971100687980652,0.0028201716486364603,0.053105288330226215,0.2107391208410263
1,350,1,0.01,3,42,0.9978330731391907,0.0021145783830434084,0.04598454504551946,0.20949234068393707
1,350,1,0.01,3,43,0.9971656799316406,0.00276586739346385,0.052591514462542815,0.19873575866222382
1,350,1,0.01,3,44,0.9656078815460205,0.033561594784259796,0.18319823903154692,0.4286903738975525
1,350,1,0.01,3,45,0.9960721135139465,0.0038330242969095707,0.061911422992122954,0.2680746614933014
1,350,1,0.01,3,46,0.9959337711334229,0.003968060482293367,0.06299254306894879,0.2750428020954132
1,350,1,0.01,3,47,0.9961676001548767,0.0037398773711174726,0.06115453679914085,0.2195948362350464
1,350,1,0.01,3,48,0.9965271949768066,0.0033889515325427055,0.05821470203086764,0.22583375871181488
1,350,1,0.01,3,49,0.9967535138130188,0.0031680772081017494,0.056285674981310735,0.23351454734802246
1,350,1,0.01,3,50,0.9970188140869141,0.0029091883916407824,0.05393689267691255,0.2248695194721222
1,350,1,0.01,3,51,0.9821583032608032,0.017410850152373314,0.13195018056968816,0.38028380274772644
1,350,1,0.01,3,52,0.9780147075653076,0.021454384550452232,0.1464731530023582,0.39980611205101013
1,350,1,0.01,3,53,0.9975966811180115,0.002345270710065961,0.048427995106817716,0.21171434223651886
1,350,1,0.01,3,54,0.996890664100647,0.0030342228710651398,0.055083780471797135,0.2206207811832428
1,350,1,0.01,3,55,0.9975407123565674,0.002399873686954379,0.04898850566157718,0.20325344800949097
1,350,1,0.01,3,56,0.9977448582649231,0.0022006959188729525,0.0469115755317699,0.193680539727211
1,350,1,0.01,3,57,0.9976456761360168,0.002297491766512394,0.04793215795801806,0.2523449659347534
1,350,1,0.01,3,58,0.9973584413528442,0.0025777884293347597,0.050771925601997406,0.2542897164821625
1,350,1,0.01,3,59,0.9950292706489563,0.0048507084138691425,0.06964702731537896,0.27919256687164307
1,350,1,0.01,3,60,0.9962182641029358,0.0036904397420585155,0.06074898963817024,0.2241044044494629
1,350,1,0.01,3,61,0.9952346682548523,0.004650244954973459,0.06819270455828438,0.3186144232749939
1,350,1,0.01,3,62,0.9972726702690125,0.0026614873204380274,0.05158960477109732,0.1938411146402359
1,350,1,0.01,3,63,0.9974208474159241,0.002516868757084012,0.05016840397186273,0.20230625569820404
1,350,1,0.01,3,64,0.9968873858451843,0.003037435468286276,0.05511293376591629,0.2215118706226349
1,350,1,0.01,3,65,0.9967707991600037,0.003151210257783532,0.05613564159946453,0.20618626475334167
1,350,1,0.01,3,66,0.9973663687705994,0.0025700523983687162,0.05069568421837027,0.20055651664733887
1,350,1,0.01,3,67,0.9977449178695679,0.0022006118670105934,0.04691067966903265,0.2005404680967331
1,350,1,0.01,3,68,0.9971970319747925,0.0027352869510650635,0.05229997085147432,0.21139518916606903
1,350,1,0.01,3,69,0.9972666501998901,0.0026673474349081516,0.05164636903895715,0.2180871069431305
1,350,1,0.01,3,70,0.9971314668655396,0.002799259265884757,0.05290802647883171,0.2132352590560913
1,350,1,0.01,3,71,0.9976884126663208,0.002255748026072979,0.04749471576999886,0.20724022388458252
1,350,1,0.01,3,72,0.9970966577529907,0.0028332385700196028,0.05322817458846022,0.23552347719669342
1,350,1,0.01,3,73,0.997257649898529,0.0026761144399642944,0.0517311747398442,0.20840975642204285
1,350,1,0.01,3,74,0.9969099760055542,0.003015400841832161,0.05491266558665825,0.19375525414943695
1,350,1,0.01,3,75,0.996721625328064,0.003199211088940501,0.05656156901059677,0.20972293615341187
1,350,1,0.01,3,76,0.9960283041000366,0.0038758073933422565,0.06225598279155391,0.23930665850639343
1,350,1,0.01,3,77,0.9975993633270264,0.002342652529478073,0.04840095587359895,0.21504426002502441
1,350,1,0.01,3,78,0.997113049030304,0.002817223547026515,0.053077523934585674,0.19823800027370453
1,350,1,0.01,3,79,0.9879785776138306,0.011731138452887535,0.10831038017146619,0.2793200612068176
1,350,1,0.01,3,80,0.9904606938362122,0.00930896494537592,0.09648297749020766,0.3674517571926117
1,350,1,0.01,3,81,0.9974232316017151,0.0025145341642200947,0.05014513101209423,0.20858168601989746
1,350,1,0.01,3,82,0.9972805976867676,0.002653741743415594,0.05151448090989168,0.18910636007785797
1,350,1,0.01,3,83,0.9978821277618408,0.0020667428616434336,0.04546144368190955,0.17514100670814514
1,350,1,0.01,3,84,0.9977515935897827,0.002194133587181568,0.04684157968281565,0.19855108857154846
1,350,1,0.01,3,85,0.9978029727935791,0.0021439872216433287,0.046303209625719564,0.18729443848133087
1,350,1,0.01,3,86,0.9927184581756592,0.007105709984898567,0.08429537344895369,0.24719521403312683
1,350,1,0.01,3,87,0.9956878423690796,0.004208015743643045,0.06486922031012124,0.2225717157125473
1,350,1,0.01,3,88,0.9976287484169006,0.002314005047082901,0.04810410634325204,0.19142165780067444
1,350,1,0.01,3,89,0.9975918531417847,0.0023499801754951477,0.04847659409957704,0.206097811460495
1,350,1,0.01,3,90,0.9976143836975098,0.0023280016612261534,0.04824936954226608,0.220138281583786
1,350,1,0.01,3,91,0.9966306090354919,0.00328805111348629,0.057341530442483746,0.2160254418849945
1,350,1,0.01,3,92,0.9972187280654907,0.0027140886522829533,0.052096915957501294,0.20415355265140533
1,350,1,0.01,3,93,0.9908297061920166,0.0089488560333848,0.09459839339748218,0.22764712572097778
1,350,1,0.01,3,94,0.9969823360443115,0.0029448189307004213,0.054266185886797144,0.23662063479423523
1,350,1,0.01,3,95,0.9954202175140381,0.004469176288694143,0.06685189816822065,0.20525500178337097
1,350,1,0.01,3,96,0.9956156611442566,0.004278463777154684,0.06540996695576817,0.24712246656417847
1,350,1,0.01,3,97,0.997039258480072,0.0028892317786812782,0.05375157466234155,0.19586722552776337
1,350,1,0.01,3,98,0.9977754950523376,0.0021708139684051275,0.04659199468154511,0.18348288536071777
1,350,1,0.01,3,99,0.9968908429145813,0.003034096211194992,0.05508263075775332,0.2296537458896637
1,350,1,0.01,3,100,0.9942626953125,0.005598784424364567,0.07482502538833226,0.22267338633537292
2,350,1,0.01,3,1,0.9686208963394165,0.030621353536844254,0.1749895812236953,0.8052812814712524
2,350,1,0.01,3,2,0.9913287162780762,0.008461898192763329,0.09198857642535473,0.3898007869720459
2,350,1,0.01,3,3,0.9941025972366333,0.00575497280806303,0.07586153707949128,0.28726035356521606
2,350,1,0.01,3,4,0.9939119219779968,0.005941046867519617,0.07707818671660366,0.24687016010284424
2,350,1,0.01,3,5,0.9954226613044739,0.0044667962938547134,0.06683409529465266,0.25298166275024414
2,350,1,0.01,3,6,0.995168924331665,0.004714386072009802,0.06866138705276643,0.25254619121551514
2,350,1,0.01,3,7,0.9908555746078491,0.008923611603677273,0.09446486968009468,0.282270222902298
2,350,1,0.01,3,8,0.9770085215568542,0.02243628166615963,0.14978745496923176,0.3637314438819885
2,350,1,0.01,3,9,0.9930703043937683,0.006762363947927952,0.08223359379188017,0.25505661964416504
2,350,1,0.01,3,10,0.9949631690979004,0.004915223922580481,0.07010865797161205,0.23553094267845154
2,350,1,0.01,3,11,0.9910610318183899,0.00872312393039465,0.09339766555109742,0.25083374977111816
2,350,1,0.01,3,12,0.9954007863998413,0.004488173872232437,0.06699383458373194,0.2110004872083664
2,350,1,0.01,3,13,0.9849832653999329,0.014654092490673065,0.1210540891117399,0.429574579000473
2,350,1,0.01,3,14,0.9962734580039978,0.0036365415435284376,0.0603037440257936,0.2083466649055481
2,350,1,0.01,3,15,0.9961413741111755,0.0037654198240488768,0.061363016745014064,0.20601440966129303
2,350,1,0.01,3,16,0.996837854385376,0.003085810923948884,0.05555007582307052,0.20073600113391876
2,350,1,0.01,3,17,0.9966627359390259,0.0032566844020038843,0.057067367225095325,0.19040893018245697
2,350,1,0.01,3,18,0.994224488735199,0.00563604524359107,0.07507359884534023,0.25437498092651367
2,350,1,0.01,3,19,0.9966407418251038,0.003278161631897092,0.05725523235388266,0.19089198112487793
2,350,1,0.01,3,20,0.9969869256019592,0.0029403308872133493,0.05422481800073975,0.2161543220281601
2,350,1,0.01,3,21,0.9959922432899475,0.003911002539098263,0.06253800875546217,0.19416920840740204
2,350,1,0.01,3,22,0.9972109198570251,0.0027217036113142967,0.05216994931293586,0.18512238562107086
2,350,1,0.01,3,23,0.9910643696784973,0.008719841949641705,0.09338009396890594,0.3354281485080719
2,350,1,0.01,3,24,0.9967940449714661,0.0031285136938095093,0.05593311804118835,0.18270379304885864
2,350,1,0.01,3,25,0.9960651397705078,0.003839864395558834,0.06196663937602905,0.19346052408218384
2,350,1,0.01,3,26,0.996936559677124,0.0029894886538386345,0.05467621652820022,0.2077486515045166
2,350,1,0.01,3,27,0.996738612651825,0.0031826121266931295,0.05641464461195452,0.198604553937912
2,350,1,0.01,3,28,0.9964352250099182,0.0034786993637681007,0.05898049986027671,0.2072010636329651
2,350,1,0.01,3,29,0.9967873096466064,0.0031350976787507534,0.055991942980671366,0.22670388221740723
2,350,1,0.01,3,30,0.9967958927154541,0.003126751398667693,0.0559173622291654,0.22033023834228516
2,350,1,0.01,3,31,0.99162757396698,0.008170236833393574,0.09038936239067943,0.2701072096824646
2,350,1,0.01,3,32,0.992806613445282,0.007019697688519955,0.08378363616196158,0.2768465578556061
2,350,1,0.01,3,33,0.9947056770324707,0.005166484043002129,0.07187825848615233,0.267935186624527
2,350,1,0.01,3,34,0.9971650242805481,0.0027665358502417803,0.052597869255719666,0.1891232281923294
2,350,1,0.01,3,35,0.9971294403076172,0.0028012238908559084,0.0529265896393855,0.19804270565509796
2,350,1,0.01,3,36,0.9958440065383911,0.004055618308484554,0.06368373660900054,0.2097221165895462
2,350,1,0.01,3,37,0.9960139989852905,0.0038897257763892412,0.062367666113052854,0.21700389683246613
2,350,1,0.01,3,38,0.9972989559173584,0.002635805169120431,0.051340093193530834,0.20054125785827637
2,350,1,0.01,3,39,0.9942371845245361,0.0056236507371068,0.07499100437457015,0.22782070934772491
2,350,1,0.01,3,40,0.997699499130249,0.002244931412860751,0.04738070717982955,0.17519573867321014
2,350,1,0.01,3,41,0.9853506684303284,0.014295591972768307,0.11956417512268593,0.24108049273490906
2,350,1,0.01,3,42,0.9807952046394348,0.018741054460406303,0.13689797098717826,0.27168700098991394
2,350,1,0.01,3,43,0.9939563870429993,0.005897697061300278,0.07679646516149215,0.2448042929172516
2,350,1,0.01,3,44,0.996004581451416,0.0038989319000393152,0.06244142775465112,0.21798457205295563
2,350,1,0.01,3,45,0.996913492679596,0.0030119516886770725,0.054881250793664245,0.23248390853405
2,350,1,0.01,3,46,0.993818461894989,0.006032287143170834,0.07766779991200236,0.28079888224601746
2,350,1,0.01,3,47,0.9974300861358643,0.002507850993424654,0.0500784483927433,0.18434816598892212
2,350,1,0.01,3,48,0.9971776604652405,0.0027541962917894125,0.052480437229403994,0.185878187417984
2,350,1,0.01,3,49,0.9967334866523743,0.0031876242719590664,0.05645904951342226,0.22789379954338074
2,350,1,0.01,3,50,0.9955102205276489,0.004381345584988594,0.06619173350946925,0.235259547829628
2,350,1,0.01,3,51,0.997445285320282,0.0024930089712142944,0.04993004076920321,0.19426140189170837
2,350,1,0.01,3,52,0.9911403656005859,0.0086456798017025,0.09298214775806429,0.23780755698680878
2,350,1,0.01,3,53,0.9907564520835876,0.009020312689244747,0.09497532673934188,0.29572901129722595
2,350,1,0.01,3,54,0.9961792230606079,0.0037284879945218563,0.0610613461571382,0.20478999614715576
2,350,1,0.01,3,55,0.9961796998977661,0.003728022798895836,0.06105753679027542,0.20895463228225708
2,350,1,0.01,3,56,0.995736300945282,0.00416075112298131,0.06450388455729864,0.2062705159187317
2,350,1,0.01,3,57,0.9972345232963562,0.002698668744415045,0.0519487126348194,0.17293766140937805
2,350,1,0.01,3,58,0.9973623752593994,0.0025739315897226334,0.050733929373966626,0.16371282935142517
2,350,1,0.01,3,59,0.9966688752174377,0.003250691806897521,0.057014838479973975,0.1919182687997818
2,350,1,0.01,3,60,0.9972622394561768,0.002671632217243314,0.05168783432533534,0.1650674045085907
2,350,1,0.01,3,61,0.9972378015518188,0.002695490838959813,0.051918116673853,0.18912357091903687
2,350,1,0.01,3,62,0.9976277947425842,0.0023149040061980486,0.04811344932758457,0.1734064817428589
2,350,1,0.01,3,63,0.9963931441307068,0.0035197364632040262,0.0593273668992989,0.1925181895494461
2,350,1,0.01,3,64,0.9978187084197998,0.0021286371629685163,0.046137155991332154,0.17241376638412476
2,350,1,0.01,3,65,0.9968306422233582,0.0030928191263228655,0.05561312009160128,0.2033194601535797
2,350,1,0.01,3,66,0.9954603910446167,0.004429980646818876,0.06655809978371435,0.21077978610992432
2,350,1,0.01,3,67,0.9970852136611938,0.0028443955816328526,0.05333287524250734,0.2004694640636444
2,350,1,0.01,3,68,0.9966899752616882,0.003230100031942129,0.056833968996913536,0.20766551792621613
2,350,1,0.01,3,69,0.996918797492981,0.003006772603839636,0.054834046028353914,0.17086617648601532
2,350,1,0.01,3,70,0.9686204195022583,0.030621804296970367,0.17499086918171006,0.27162882685661316
2,350,1,0.01,3,71,0.9965149760246277,0.003400839166715741,0.058316714299724924,0.22208303213119507
2,350,1,0.01,3,72,0.9972871541976929,0.00264734891243279,0.051452394622921,0.1802278310060501
2,350,1,0.01,3,73,0.9966971278190613,0.0032231349032372236,0.05677265982175948,0.24342261254787445
2,350,1,0.01,3,74,0.997624933719635,0.0023177245166152716,0.04814275144417144,0.1682194620370865
2,350,1,0.01,3,75,0.9912027716636658,0.008584818802773952,0.09265429727095205,0.31628477573394775
2,350,1,0.01,3,76,0.997129499912262,0.002801156137138605,0.05292594956293751,0.20365391671657562
2,350,1,0.01,3,77,0.9966188073158264,0.0032995480578392744,0.0574416926790922,0.21355421841144562
2,350,1,0.01,3,78,0.9960859417915344,0.003819553880020976,0.06180253943019636,0.1902824193239212
2,350,1,0.01,3,79,0.9962680339813232,0.0036418589297682047,0.060347816280029595,0.16528362035751343
2,350,1,0.01,3,80,0.996153712272644,0.0037533831782639027,0.0612648608768836,0.26010626554489136
2,350,1,0.01,3,81,0.9972187876701355,0.002714063273742795,0.05209667238646625,0.22161614894866943
2,350,1,0.01,3,82,0.9966496825218201,0.003269392531365156,0.05717860204101842,0.20655083656311035
2,350,1,0.01,3,83,0.9945400357246399,0.005328127648681402,0.07299402474642293,0.20455504953861237
2,350,1,0.01,3,84,0.9974356293678284,0.002502473769709468,0.050024731580583896,0.2092447727918625
2,350,1,0.01,3,85,0.9973400831222534,0.0025956975296139717,0.050947988474658853,0.1817607283592224
2,350,1,0.01,3,86,0.997851550579071,0.0020965763833373785,0.0457883869920898,0.16756457090377808
2,350,1,0.01,3,87,0.9959612488746643,0.003941234666854143,0.0627792534748076,0.20880070328712463
2,350,1,0.01,3,88,0.997437596321106,0.0025005170609802008,0.050005170342477596,0.1757640838623047
2,350,1,0.01,3,89,0.9976596832275391,0.0022838287986814976,0.04778942140977956,0.1775766760110855
2,350,1,0.01,3,90,0.9976909160614014,0.0022533093579113483,0.047469035780299436,0.18522049486637115
2,350,1,0.01,3,91,0.9972145557403564,0.002718169242143631,0.05213606469751655,0.19241225719451904
2,350,1,0.01,3,92,0.9974092245101929,0.002528189914301038,0.05028110892075709,0.19205108284950256
2,350,1,0.01,3,93,0.9943782091140747,0.005486016161739826,0.07406764584985691,0.17684532701969147
2,350,1,0.01,3,94,0.9968698024749756,0.003054634667932987,0.05526874946959617,0.20415151119232178
2,350,1,0.01,3,95,0.9942496418952942,0.005611479748040438,0.07490981075960904,0.2242782562971115
2,350,1,0.01,3,96,0.9954037070274353,0.004485274665057659,0.0669721932226925,0.20768088102340698
2,350,1,0.01,3,97,0.9967455863952637,0.003175820456817746,0.056354418254629744,0.17362307012081146
2,350,1,0.01,3,98,0.9966309070587158,0.0032877218909561634,0.057338659654339354,0.17056967318058014
2,350,1,0.01,3,99,0.9968394637107849,0.003084191819652915,0.0555355005348193,0.19504906237125397
2,350,1,0.01,3,100,0.9969373941421509,0.0029886472038924694,0.054668521142358234,0.1840939074754715
3,350,1,0.01,3,1,0.9864923357963562,0.013181458227336407,0.11481053186592424,0.4373004138469696
3,350,1,0.01,3,2,0.9862383604049683,0.01342932041734457,0.11588494473979168,0.3766712546348572
3,350,1,0.01,3,3,0.9946096539497375,0.005260180216282606,0.0725270998750302,0.2865365147590637
3,350,1,0.01,3,4,0.990493655204773,0.009276763536036015,0.09631595680901485,0.3081788420677185
3,350,1,0.01,3,5,0.9895027279853821,0.010243802331387997,0.10121167092479008,0.3957282304763794
3,350,1,0.01,3,6,0.9942434430122375,0.00561752961948514,0.0749501809169607,0.2744517922401428
3,350,1,0.01,3,7,0.9917742609977722,0.008027114905416965,0.08959416780916582,0.2694438695907593
3,350,1,0.01,3,8,0.9957239031791687,0.00417283596470952,0.06459749193822868,0.2187749743461609
3,350,1,0.01,3,9,0.9953066110610962,0.004580036737024784,0.06767596868183554,0.2729599177837372
3,350,1,0.01,3,10,0.9953694939613342,0.004518698900938034,0.06722126821875674,0.206690713763237
3,350,1,0.01,3,11,0.9961824417114258,0.0037253627087920904,0.06103574943254232,0.232955664396286
3,350,1,0.01,3,12,0.9915619492530823,0.008234279230237007,0.09074292936773094,0.3100074827671051
3,350,1,0.01,3,13,0.9892780184745789,0.010463045910000801,0.1022890312301412,0.360298752784729
3,350,1,0.01,3,14,0.9906172156333923,0.009156178683042526,0.0956879233918394,0.31609299778938293
3,350,1,0.01,3,15,0.989194393157959,0.010544645600020885,0.10268712480160735,0.2995361387729645
3,350,1,0.01,3,16,0.9946262836456299,0.005243972409516573,0.07241527745936331,0.2369820922613144
3,350,1,0.01,3,17,0.9956260323524475,0.004268366377800703,0.06533273588179744,0.2107364684343338
3,350,1,0.01,3,18,0.9959845542907715,0.0039184847846627235,0.06259780175583424,0.2610417604446411
3,350,1,0.01,3,19,0.9903207421302795,0.009445538744330406,0.09718816154414285,0.25027167797088623
3,350,1,0.01,3,20,0.9958227276802063,0.004076426383107901,0.06384689799127206,0.23835092782974243
3,350,1,0.01,3,21,0.9968163371086121,0.0031068020034581423,0.05573869395185128,0.2052319198846817
3,350,1,0.01,3,22,0.9964996576309204,0.003415799466893077,0.0584448412342191,0.20953984558582306
3,350,1,0.01,3,23,0.9968501925468445,0.003073723055422306,0.05544116751496406,0.19580912590026855
3,350,1,0.01,3,24,0.9958162307739258,0.004082745872437954,0.06389636822572903,0.22172898054122925
3,350,1,0.01,3,25,0.9941878318786621,0.005671799182891846,0.07531134830084936,0.2703621983528137
3,350,1,0.01,3,26,0.9947344064712524,0.005138412117958069,0.07168271840519212,0.27127593755722046
3,350,1,0.01,3,27,0.9960763454437256,0.0038289339281618595,0.06187838013524481,0.24761061370372772
3,350,1,0.01,3,28,0.9882630705833435,0.011453489772975445,0.10702097819107918,0.293046772480011
3,350,1,0.01,3,29,0.9940466284751892,0.005809616297483444,0.07622083899750412,0.2522922456264496
3,350,1,0.01,3,30,0.9968608021736145,0.0030633960850536823,0.05534795466007468,0.18068642914295197
3,350,1,0.01,3,31,0.9933998584747314,0.00644073449075222,0.08025418674905516,0.24139903485774994
3,350,1,0.01,3,32,0.9970473051071167,0.002881372580304742,0.05367841819860885,0.199382945895195
3,350,1,0.01,3,33,0.9964097142219543,0.0035036029294133186,0.05919124030980698,0.1972222626209259
3,350,1,0.01,3,34,0.9958208799362183,0.004078212194144726,0.06386088156410563,0.22854891419410706
3,350,1,0.01,3,35,0.9954990148544312,0.0043922895565629005,0.06627435066873835,0.20680919289588928
3,350,1,0.01,3,36,0.9961487054824829,0.0037583177909255028,0.061305120429907836,0.2159206122159958
3,350,1,0.01,3,37,0.9935480952262878,0.006296104751527309,0.07934799777894405,0.2312113642692566
3,350,1,0.01,3,38,0.9961985349655151,0.0037096436135470867,0.06090684373325453,0.2711566686630249
3,350,1,0.01,3,39,0.997272789478302,0.0026613441295921803,0.05158821696465367,0.1951516717672348
3,350,1,0.01,3,40,0.9970635175704956,0.0028655848000198603,0.05353115728265045,0.17097410559654236
3,350,1,0.01,3,41,0.9964896440505981,0.0034255962818861008,0.05852859371184396,0.21443551778793335
3,350,1,0.01,3,42,0.9953784942626953,0.0045099142007529736,0.06715589475804022,0.20890910923480988
3,350,1,0.01,3,43,0.996199369430542,0.003708850359544158,0.06090033135824598,0.24175915122032166
3,350,1,0.01,3,44,0.9958683252334595,0.004031910561025143,0.06349732719591544,0.21985022723674774
3,350,1,0.01,3,45,0.9974378943443298,0.0025002509355545044,0.05000250929257955,0.16288875043392181
3,350,1,0.01,3,46,0.9946004152297974,0.005269212648272514,0.07258934252541839,0.20083209872245789
3,350,1,0.01,3,47,0.997312068939209,0.002623047214001417,0.05121569304423613,0.21518144011497498
3,350,1,0.01,3,48,0.9933570027351379,0.006482599303126335,0.08051459062260911,0.30986249446868896
3,350,1,0.01,3,49,0.9967288970947266,0.0031920827459543943,0.05649851985631477,0.1802976429462433
3,350,1,0.01,3,50,0.9949635863304138,0.004914799239486456,0.0701056291569119,0.20495277643203735
3,350,1,0.01,3,51,0.9961702823638916,0.003737224731594324,0.061132844949293205,0.23808170855045319
3,350,1,0.01,3,52,0.9970962405204773,0.002833628561347723,0.05323183785431161,0.16604083776474
3,350,1,0.01,3,53,0.9953285455703735,0.004558669403195381,0.06751791912666874,0.22104965150356293
3,350,1,0.01,3,54,0.9968165159225464,0.003106598509475589,0.05573686849362448,0.17255961894989014
3,350,1,0.01,3,55,0.9965174198150635,0.0033984575420618057,0.05829629098031714,0.22213666141033173
3,350,1,0.01,3,56,0.9954630136489868,0.0044274465180933475,0.0665390600932516,0.22299765050411224
3,350,1,0.01,3,57,0.9970090389251709,0.002918737009167671,0.05402533673349636,0.1687939167022705
3,350,1,0.01,3,58,0.9973220229148865,0.002613303018733859,0.05112047553313505,0.19634997844696045
3,350,1,0.01,3,59,0.9550299644470215,0.043884094804525375,0.20948530928092637,0.498797744512558
3,350,1,0.01,3,60,0.9947759509086609,0.005097891669720411,0.07139952149503813,0.2337125986814499
3,350,1,0.01,3,61,0.9972708821296692,0.002663197461515665,0.05160617658299891,0.19794175028800964
3,350,1,0.01,3,62,0.9947788119316101,0.005095110274851322,0.07138004115193071,0.2062772959470749
3,350,1,0.01,3,63,0.9972954988479614,0.0026391984429210424,0.05137312958075498,0.16706301271915436
3,350,1,0.01,3,64,0.9976040124893188,0.0023381293285638094,0.048354206937595505,0.18410106003284454
3,350,1,0.01,3,65,0.995967447757721,0.003935147076845169,0.06273075064786941,0.17689622938632965
3,350,1,0.01,3,66,0.9975000023841858,0.0024396067019551992,0.04939237493738481,0.16267594695091248
3,350,1,0.01,3,67,0.9971398115158081,0.0027911115903407335,0.05283097188525623,0.1698707789182663
3,350,1,0.01,3,68,0.9965699911117554,0.003347173798829317,0.057854764702912044,0.16214166581630707
3,350,1,0.01,3,69,0.9975659847259521,0.0023752108681946993,0.04873613513805439,0.1439657062292099
3,350,1,0.01,3,70,0.995077908039093,0.004803238436579704,0.06930539976495124,0.21214289963245392
3,350,1,0.01,3,71,0.9978672862052917,0.002081209095194936,0.04562027066113194,0.15189029276371002
3,350,1,0.01,3,72,0.9969967603683472,0.002930733608081937,0.05413625040656156,0.17010052502155304
3,350,1,0.01,3,73,0.9965345859527588,0.0033817284274846315,0.058152630443382626,0.18133845925331116
3,350,1,0.01,3,74,0.9970889687538147,0.0028407128993421793,0.0532983386170918,0.17202086746692657
3,350,1,0.01,3,75,0.9967470169067383,0.0031744164880365133,0.05634196027861041,0.16166166961193085
3,350,1,0.01,3,76,0.9922630190849304,0.007550139911472797,0.08689154108123988,0.25099876523017883
3,350,1,0.01,3,77,0.9969196319580078,0.0030060105491429567,0.05482709685131027,0.16843631863594055
3,350,1,0.01,3,78,0.996709406375885,0.0032111078035086393,0.05666663748193146,0.16234084963798523
3,350,1,0.01,3,79,0.9969779849052429,0.002949051558971405,0.05430517064673865,0.18659964203834534
3,350,1,0.01,3,80,0.9946111440658569,0.005258732009679079,0.07251711528790344,0.21164511144161224
3,350,1,0.01,3,81,0.9967530965805054,0.00316850864328444,0.05628950739955396,0.2071574628353119
3,350,1,0.01,3,82,0.9967114925384521,0.003209122456610203,0.05664911699762144,0.20622318983078003
3,350,1,0.01,3,83,0.9975093603134155,0.0024304811377078295,0.04929991011865873,0.1677115559577942
3,350,1,0.01,3,84,0.997452974319458,0.0024855341762304306,0.04985513189462475,0.16079926490783691
3,350,1,0.01,3,85,0.9971932768821716,0.0027389691676944494,0.052335161867471565,0.1789645403623581
3,350,1,0.01,3,86,0.9974865913391113,0.002452719956636429,0.04952494277267192,0.1864648312330246
3,350,1,0.01,3,87,0.9971631169319153,0.0027683719526976347,0.05261532051311324,0.1782083958387375
3,350,1,0.01,3,88,0.9957734942436218,0.004124469123780727,0.06422202989458312,0.1841486543416977
3,350,1,0.01,3,89,0.9979261755943298,0.002023770473897457,0.04498633652452105,0.17005117237567902
3,350,1,0.01,3,90,0.997275710105896,0.002658532466739416,0.0515609587453474,0.1931629329919815
3,350,1,0.01,3,91,0.9975321292877197,0.0024082898162305355,0.0490743295036268,0.1700689196586609
3,350,1,0.01,3,92,0.9964514374732971,0.0034628517460078,0.0588460002549689,0.2182781994342804
3,350,1,0.01,3,93,0.9971390962600708,0.00279179192148149,0.05283741024578599,0.19862206280231476
3,350,1,0.01,3,94,0.9974957704544067,0.0024437771644443274,0.04943457458544907,0.16193880140781403
3,350,1,0.01,3,95,0.9975832104682922,0.002358438912779093,0.04856376131210486,0.18550419807434082
3,350,1,0.01,3,96,0.995479166507721,0.004411638714373112,0.06642016797910942,0.18937548995018005
3,350,1,0.01,3,97,0.9971457719802856,0.002785274526104331,0.052775700147931065,0.17356282472610474
3,350,1,0.01,3,98,0.9958188533782959,0.004080162849277258,0.06387615243013044,0.18009065091609955
3,350,1,0.01,3,99,0.9976205825805664,0.0023219671566039324,0.04818679442133428,0.1623413860797882
3,350,1,0.01,3,100,0.9959717392921448,0.003931010141968727,0.06269776823754357,0.16796793043613434
4,350,1,0.01,3,1,0.9856569766998291,0.013996659778058529,0.1183074798060483,0.5621454119682312
4,350,1,0.01,3,2,0.9893714785575867,0.010371862910687923,0.10184234340728773,0.3811115026473999
4,350,1,0.01,3,3,0.9929864406585693,0.00684418436139822,0.08272958576832244,0.32008346915245056
4,350,1,0.01,3,4,0.9929804801940918,0.00685002701357007,0.08276488998101834,0.24433080852031708
4,350,1,0.01,3,5,0.993185818195343,0.00664961151778698,0.08154515017943728,0.31413716077804565
4,350,1,0.01,3,6,0.9955962896347046,0.004297344014048576,0.06555413041180988,0.241644024848938
4,350,1,0.01,3,7,0.9923601746559143,0.0074553219601511955,0.08634420629174372,0.2340446561574936
4,350,1,0.01,3,8,0.9865096807479858,0.013164576143026352,0.11473698681343497,0.24880164861679077
4,350,1,0.01,3,9,0.994093656539917,0.0057637132704257965,0.07591912321955382,0.23361773788928986
4,350,1,0.01,3,10,0.9962325096130371,0.003676506457850337,0.06063420204678492,0.18949225544929504
4,350,1,0.01,3,11,0.991365909576416,0.008425574749708176,0.09179092956119453,0.26683956384658813
4,350,1,0.01,3,12,0.9955130219459534,0.004378627520054579,0.06617119856897394,0.21956582367420197
4,350,1,0.01,3,13,0.9973042011260986,0.002630681963637471,0.05129017414317748,0.18420594930648804
4,350,1,0.01,3,14,0.9957644939422607,0.004133215639740229,0.0642900897474893,0.2756079137325287
4,350,1,0.01,3,15,0.997067928314209,0.002861272543668747,0.053490864114059206,0.21373438835144043
4,350,1,0.01,3,16,0.9966193437576294,0.0032989971805363894,0.05743689737909238,0.18821130692958832
4,350,1,0.01,3,17,0.9966175556182861,0.0033007829915732145,0.057452441128060125,0.20025406777858734
4,350,1,0.01,3,18,0.9964308738708496,0.003482936881482601,0.05901641196720283,0.2464362233877182
4,350,1,0.01,3,19,0.9955962896347046,0.0042973910458385944,0.06555448913566937,0.17962497472763062
4,350,1,0.01,3,20,0.9968913793563843,0.003033531131222844,0.05507750113451811,0.17442137002944946
4,350,1,0.01,3,21,0.9779618382453918,0.021505989134311676,0.14664920434257964,0.39766615629196167
4,350,1,0.01,3,22,0.9959535598754883,0.003948721569031477,0.06283885397611479,0.2270672768354416
4,350,1,0.01,3,23,0.9966434240341187,0.003275499911978841,0.057231983295870856,0.21783633530139923
4,350,1,0.01,3,24,0.9969309568405151,0.002994958544149995,0.05472621441457462,0.185612291097641
4,350,1,0.01,3,25,0.9973759055137634,0.002560717286542058,0.05060353037626978,0.19381558895111084
4,350,1,0.01,3,26,0.9973859190940857,0.0025509644765406847,0.050507073529761005,0.16172385215759277
4,350,1,0.01,3,27,0.9963330030441284,0.0035784735810011625,0.0598203442066423,0.1729046255350113
4,350,1,0.01,3,28,0.995897650718689,0.004003270994871855,0.06327140740391235,0.22864440083503723
4,350,1,0.01,3,29,0.9967395067214966,0.0031817806884646416,0.05640727513773947,0.20096266269683838
4,350,1,0.01,3,30,0.9964601993560791,0.00345430476590991,0.05877333379952094,0.2270941585302353
4,350,1,0.01,3,31,0.9958227276802063,0.0040763868018984795,0.06384658802080562,0.2786845564842224
4,350,1,0.01,3,32,0.9963458180427551,0.003565956838428974,0.059715633115868194,0.20276610553264618
4,350,1,0.01,3,33,0.9969749450683594,0.0029520282987505198,0.05433257125105087,0.1754283607006073
4,350,1,0.01,3,34,0.9098085165023804,0.08801351487636566,0.29667071792875965,0.5090233087539673
4,350,1,0.01,3,35,0.9952538013458252,0.0046316045336425304,0.06805589271798976,0.30620938539505005
4,350,1,0.01,3,36,0.9960366487503052,0.003867666469886899,0.06219056576271757,0.24174074828624725
4,350,1,0.01,3,37,0.9901189804077148,0.009642406366765499,0.09819575533985926,0.2759673595428467
4,350,1,0.01,3,38,0.9966087937355042,0.0033093011006712914,0.05752652519204764,0.21457262337207794
4,350,1,0.01,3,39,0.9970245957374573,0.002903551096096635,0.05388460908363941,0.2279876172542572
4,350,1,0.01,3,40,0.997306227684021,0.002628713846206665,0.051270984447411044,0.21294452250003815
4,350,1,0.01,3,41,0.9969544410705566,0.0029720270540565252,0.05451630081045967,0.20848120748996735
4,350,1,0.01,3,42,0.995363712310791,0.0045243240892887115,0.06726309604299159,0.23516394197940826
4,350,1,0.01,3,43,0.995947003364563,0.003955100197345018,0.06288958735231945,0.20715108513832092
4,350,1,0.01,3,44,0.9977753162384033,0.0021709525026381016,0.04659348133202864,0.18458861112594604
4,350,1,0.01,3,45,0.9973503351211548,0.0025856890715658665,0.05084967130243682,0.20049318671226501
4,350,1,0.01,3,46,0.9969918131828308,0.0029355648439377546,0.054180853111941256,0.2055615335702896
4,350,1,0.01,3,47,0.9975560307502747,0.0023849476128816605,0.048835925432837456,0.18498113751411438
4,350,1,0.01,3,48,0.9926626086235046,0.0071602133102715015,0.0846180436447895,0.22928276658058167
4,350,1,0.01,3,49,0.997016191482544,0.002911749528720975,0.05396062943221636,0.1919965296983719
4,350,1,0.01,3,50,0.9974106550216675,0.002526799915358424,0.05026728474224985,0.19712816178798676
4,350,1,0.01,3,51,0.9976562857627869,0.002287144074216485,0.04782409512177397,0.1814221441745758
4,350,1,0.01,3,52,0.9976368546485901,0.0023060787934809923,0.04802164921658764,0.21854940056800842
4,350,1,0.01,3,53,0.9959370493888855,0.003964858129620552,0.06296711943245104,0.20716902613639832
4,350,1,0.01,3,54,0.9977066516876221,0.0022379723377525806,0.04730721232277992,0.1767680048942566
4,350,1,0.01,3,55,0.9974909424781799,0.002448474522680044,0.049482062635666714,0.1860283464193344
4,350,1,0.01,3,56,0.9972983598709106,0.0026363881770521402,0.0513457707805827,0.2258540540933609
4,350,1,0.01,3,57,0.9975734949111938,0.0023679130245000124,0.04866120656642221,0.1791325807571411
4,350,1,0.01,3,58,0.9910809397697449,0.008703667670488358,0.09329344923674093,0.27113401889801025
4,350,1,0.01,3,59,0.988196849822998,0.01151811983436346,0.10732250385806073,0.2971031367778778
4,350,1,0.01,3,60,0.9963505268096924,0.0035613456275314093,0.05967701087966294,0.233261376619339
4,350,1,0.01,3,61,0.9960815906524658,0.003823767649009824,0.06183662061440473,0.22255748510360718
4,350,1,0.01,3,62,0.9975959062576294,0.0023460285738110542,0.04843581911985235,0.2028542459011078
4,350,1,0.01,3,63,0.997499406337738,0.0024401976261287928,0.04939835651242653,0.19108936190605164
4,350,1,0.01,3,64,0.9980448484420776,0.001907943282276392,0.043680010099316505,0.17755983769893646
4,350,1,0.01,3,65,0.9977769255638123,0.002169389044865966,0.046576700665310826,0.1779957115650177
4,350,1,0.01,3,66,0.9976360201835632,0.002306921873241663,0.04803042653612045,0.1910802125930786
4,350,1,0.01,3,67,0.9978427290916443,0.00210518017411232,0.04588224247039719,0.1829012632369995
4,350,1,0.01,3,68,0.9819681644439697,0.01759641058743,0.1326514628167741,0.2514621913433075
4,350,1,0.01,3,69,0.9974362850189209,0.002501795068383217,0.05001794746271799,0.21464577317237854
4,350,1,0.01,3,70,0.9974328875541687,0.0025051014963537455,0.05005098896479215,0.1729050874710083
4,350,1,0.01,3,71,0.9968772530555725,0.003047333098948002,0.05520265481793427,0.20265677571296692
4,350,1,0.01,3,72,0.9966684579849243,0.0032511032186448574,0.05701844630156856,0.17464275658130646
4,350,1,0.01,3,73,0.9965744018554688,0.0033428650349378586,0.05781751494951905,0.20138941705226898
4,350,1,0.01,3,74,0.9980332255363464,0.001919261645525694,0.0438093785110642,0.17346656322479248
4,350,1,0.01,3,75,0.9788240194320679,0.020664600655436516,0.1437518718328096,0.3145410120487213
4,350,1,0.01,3,76,0.9970000386238098,0.002927538938820362,0.054106736538257066,0.22700278460979462
4,350,1,0.01,3,77,0.9975184202194214,0.0024216624442487955,0.04921038959659632,0.1892857849597931
4,350,1,0.01,3,78,0.9977720379829407,0.0021741362288594246,0.0466276337471614,0.18800006806850433
4,350,1,0.01,3,79,0.9980561137199402,0.001896936446428299,0.04355383388897353,0.1446959674358368
4,350,1,0.01,3,80,0.997836172580719,0.0021115606650710106,0.04595172102403794,0.16244922578334808
4,350,1,0.01,3,81,0.9963206648826599,0.0035904855467379093,0.05992066043309194,0.19185039401054382
4,350,1,0.01,3,82,0.9978114366531372,0.0021357210353016853,0.04621386193883482,0.17537415027618408
4,350,1,0.01,3,83,0.9967247247695923,0.0031961705535650253,0.05653468451813475,0.17479772865772247
4,350,1,0.01,3,84,0.9973220825195312,0.0026132785715162754,0.0511202364188222,0.1777355968952179
4,350,1,0.01,3,85,0.9979444742202759,0.0020059053786098957,0.04478733502464615,0.1810256987810135
4,350,1,0.01,3,86,0.9978303909301758,0.002117202850058675,0.04601307259962841,0.17428986728191376
4,350,1,0.01,3,87,0.9959723949432373,0.003930366598069668,0.06269263591578893,0.19857047498226166
4,350,1,0.01,3,88,0.9977671504020691,0.002178943483158946,0.04667915469627686,0.19863879680633545
4,350,1,0.01,3,89,0.9976294040679932,0.0023133789654821157,0.04809759833382656,0.17899633944034576
4,350,1,0.01,3,90,0.9958206415176392,0.0040784128941595554,0.06386245292939785,0.2207973301410675
4,350,1,0.01,3,91,0.9967889189720154,0.003133560298010707,0.055978212708255586,0.16675154864788055
4,350,1,0.01,3,92,0.9976232051849365,0.0023193955421447754,0.04816010321983099,0.21019895374774933
4,350,1,0.01,3,93,0.9970849752426147,0.00284462608397007,0.053335036176701614,0.199514701962471
4,350,1,0.01,3,94,0.9974857568740845,0.002453557215631008,0.04953339495361698,0.20019060373306274
4,350,1,0.01,3,95,0.997279167175293,0.0026551547925919294,0.051528194152249594,0.21268706023693085
4,350,1,0.01,3,96,0.9958903193473816,0.004010431934148073,0.06332797118294627,0.18861138820648193
4,350,1,0.01,3,97,0.9946581721305847,0.005212841089814901,0.07220000754719422,0.23909486830234528
4,350,1,0.01,3,98,0.9971035122871399,0.0028265267610549927,0.05316508968350371,0.18444567918777466
4,350,1,0.01,3,99,0.9964584708213806,0.0034559909254312515,0.058787676645971065,0.23571260273456573
4,350,1,0.01,3,100,0.9976896643638611,0.002254537306725979,0.04748196822716998,0.1895262748003006
5,350,1,0.01,3,1,0.986688494682312,0.012990083545446396,0.11397404768387581,0.5424907207489014
5,350,1,0.01,3,2,0.9921884536743164,0.007622917182743549,0.08730931899140865,0.44101476669311523
5,350,1,0.01,3,3,0.985621988773346,0.014030789025127888,0.1184516315849127,0.3809794485569
5,350,1,0.01,3,4,0.994576096534729,0.005292932502925396,0.07275254293098898,0.3192439377307892
5,350,1,0.01,3,5,0.9780725240707397,0.021397938951849937,0.1462803436961027,0.36415061354637146
5,350,1,0.01,3,6,0.9956713318824768,0.0042241537012159824,0.06499348968332122,0.264941930770874
5,350,1,0.01,3,7,0.9954649806022644,0.004425487481057644,0.06652433750934798,0.26335301995277405
5,350,1,0.01,3,8,0.9960612654685974,0.0038436008617281914,0.06199678105940817,0.2728593051433563
5,350,1,0.01,3,9,0.9941192269325256,0.005738735198974609,0.07575444012712793,0.28386980295181274
5,350,1,0.01,3,10,0.9952545166015625,0.004630880896002054,0.06805057601521132,0.2389959841966629
5,350,1,0.01,3,11,0.9957008957862854,0.004195286426693201,0.0647710307675677,0.23037631809711456
5,350,1,0.01,3,12,0.9949632883071899,0.004915089812129736,0.07010770151794835,0.2590204179286957
5,350,1,0.01,3,13,0.9965448975563049,0.0033716894686222076,0.05806625068507702,0.24981717765331268
5,350,1,0.01,3,14,0.9954034090042114,0.004485614597797394,0.06697473103938077,0.24145875871181488
5,350,1,0.01,3,15,0.9962555766105652,0.003653992433100939,0.06044826244898143,0.2551420032978058
5,350,1,0.01,3,16,0.9952173233032227,0.004667195491492748,0.0683168755981474,0.27281397581100464
5,350,1,0.01,3,17,0.9960548877716064,0.003849843516945839,0.062047107240755704,0.21937362849712372
5,350,1,0.01,3,18,0.9960222840309143,0.003881673328578472,0.062303076397385644,0.24893592298030853
5,350,1,0.01,3,19,0.9968006014823914,0.003122127614915371,0.055876002137906854,0.2581343650817871
5,350,1,0.01,3,20,0.9934900403022766,0.00635278457775712,0.07970435733231353,0.27439865469932556
5,350,1,0.01,3,21,0.9824634194374084,0.017113130539655685,0.13081716454523729,0.42376944422721863
5,350,1,0.01,3,22,0.9967117309570312,0.0032088865991681814,0.056647035219578624,0.2200668454170227
5,350,1,0.01,3,23,0.9968684315681458,0.003055927576497197,0.055280444792866826,0.23107774555683136
5,350,1,0.01,3,24,0.9939272999763489,0.00592607818543911,0.07698102484014557,0.2419314980506897
5,350,1,0.01,3,25,0.9911625385284424,0.008624037727713585,0.09286569726068708,0.31009724736213684
5,350,1,0.01,3,26,0.9966439008712769,0.003275064053013921,0.057228175342342695,0.2157295197248459
5,350,1,0.01,3,27,0.9956099987030029,0.004284000024199486,0.0654522728726779,0.22535835206508636
5,350,1,0.01,3,28,0.9961239695549011,0.0037824134342372417,0.061501328719282496,0.2358621507883072
5,350,1,0.01,3,29,0.9961697459220886,0.0037377842236310244,0.06113742081271522,0.23036694526672363
5,350,1,0.01,3,30,0.9973270893096924,0.002608375158160925,0.05107225428900632,0.22866052389144897
5,350,1,0.01,3,31,0.9913446307182312,0.008446350693702698,0.09190402980121545,0.2864067256450653
5,350,1,0.01,3,32,0.9973459839820862,0.002589939394965768,0.05089144716910463,0.20240120589733124
5,350,1,0.01,3,33,0.9971574544906616,0.002773925894871354,0.05266807282283408,0.21738676726818085
5,350,1,0.01,3,34,0.9932669997215271,0.006570412777364254,0.08105808273925713,0.24355699121952057
5,350,1,0.01,3,35,0.99649977684021,0.0034157223999500275,0.05844418191702257,0.2677270770072937
5,350,1,0.01,3,36,0.9967551231384277,0.0031665009446442127,0.056271670889038054,0.20505981147289276
5,350,1,0.01,3,37,0.9956482648849487,0.004246655851602554,0.06516637055723262,0.23724785447120667
5,350,1,0.01,3,38,0.9937893748283386,0.0060606300830841064,0.07785004870315822,0.2938837707042694
5,350,1,0.01,3,39,0.9969308972358704,0.0029949622694402933,0.05472624845026647,0.22103804349899292
5,350,1,0.01,3,40,0.9959304928779602,0.003971228841692209,0.06301768673707572,0.233978733420372
5,350,1,0.01,3,41,0.996389627456665,0.0035231621004641056,0.059356230510908506,0.24404175579547882
5,350,1,0.01,3,42,0.9969390630722046,0.002987041836604476,0.054653836430798484,0.23718899488449097
5,350,1,0.01,3,43,0.9922147989273071,0.0075971949845552444,0.08716188951918863,0.34116923809051514
5,350,1,0.01,3,44,0.9956890344619751,0.0042068855836987495,0.06486050866049965,0.23564088344573975
5,350,1,0.01,3,45,0.9970812797546387,0.002848264994099736,0.05336913896719467,0.19982971251010895
5,350,1,0.01,3,46,0.9974871277809143,0.002452185144647956,0.04951954305774596,0.21789391338825226
5,350,1,0.01,3,47,0.9933711290359497,0.00646880641579628,0.08042889042997099,0.2596854865550995
5,350,1,0.01,3,48,0.9974555969238281,0.0024829753674566746,0.0498294628453556,0.19722548127174377
5,350,1,0.01,3,49,0.9669970870018005,0.03220594301819801,0.17946014325804494,0.4188838601112366
5,350,1,0.01,3,50,0.9968839287757874,0.003040848532691598,0.055143889350422116,0.24421939253807068
5,350,1,0.01,3,51,0.9947100281715393,0.005162250250577927,0.07184880131622187,0.22907422482967377
5,350,1,0.01,3,52,0.9958211779594421,0.004077907186001539,0.06385849345233208,0.21687492728233337
5,350,1,0.01,3,53,0.9975999593734741,0.0023421000223606825,0.048395247931596365,0.18283767998218536
5,350,1,0.01,3,54,0.9961846470832825,0.0037232297472655773,0.06101827387976144,0.21415874361991882
5,350,1,0.01,3,55,0.9920858144760132,0.007723063696175814,0.08788096321829782,0.2837105393409729
5,350,1,0.01,3,56,0.9973487257957458,0.002587258582934737,0.050865101817795834,0.22385051846504211
5,350,1,0.01,3,57,0.9961948990821838,0.0037132324650883675,0.06093629841964777,0.17992737889289856
5,350,1,0.01,3,58,0.9978064298629761,0.0021405816078186035,0.04626641987250152,0.18795524537563324
5,350,1,0.01,3,59,0.9972974061965942,0.002637336729094386,0.05135500685516833,0.21843604743480682
5,350,1,0.01,3,60,0.9955751299858093,0.004318035673350096,0.06571176206243519,0.22067716717720032
5,350,1,0.01,3,61,0.9966761469841003,0.003243610728532076,0.0569527060685625,0.21274016797542572
5,350,1,0.01,3,62,0.9975523352622986,0.0023885597474873066,0.048872893790805005,0.19127491116523743
5,350,1,0.01,3,63,0.9978893995285034,0.0020596615504473448,0.045383494251185034,0.18103037774562836
5,350,1,0.01,3,64,0.9968262314796448,0.0030971195083111525,0.05565177003753926,0.21112583577632904
5,350,1,0.01,3,65,0.9971340298652649,0.002796741435304284,0.0528842267155745,0.22208675742149353
5,350,1,0.01,3,66,0.9968224167823792,0.0031008750665932894,0.055685501403806084,0.2074679136276245
5,350,1,0.01,3,67,0.9951963424682617,0.004687655251473188,0.06846645347521067,0.2425049990415573
5,350,1,0.01,3,68,0.9971561431884766,0.002775171073153615,0.05267989249375529,0.24134019017219543
5,350,1,0.01,3,69,0.9968759417533875,0.0030486208852380514,0.05521431775579638,0.220173642039299
5,350,1,0.01,3,70,0.9947038888931274,0.005168240983039141,0.07189047908477965,0.2116229236125946
5,350,1,0.01,3,71,0.9967771768569946,0.003145022550597787,0.056080500627203635,0.25504663586616516
5,350,1,0.01,3,72,0.9856422543525696,0.014011036604642868,0.11836822464091817,0.25341925024986267
5,350,1,0.01,3,73,0.9965501427650452,0.003366523887962103,0.058021753575379836,0.20499789714813232
5,350,1,0.01,3,74,0.9965981245040894,0.0033197368029505014,0.05761715719254553,0.19811531901359558
5,350,1,0.01,3,75,0.900734007358551,0.09686888754367828,0.3112376705086939,0.5255871415138245
5,350,1,0.01,3,76,0.9853894710540771,0.014257702976465225,0.11940562372210627,0.3365214169025421
5,350,1,0.01,3,77,0.9944356083869934,0.005430005025118589,0.07368856780477274,0.26717373728752136
5,350,1,0.01,3,78,0.9961687922477722,0.003738665720447898,0.061144629530711016,0.2334395945072174
5,350,1,0.01,3,79,0.9961251616477966,0.003781278384849429,0.06149210018245782,0.22805428504943848
5,350,1,0.01,3,80,0.9966319799423218,0.0032866632100194693,0.05732942708609139,0.2027459442615509
5,350,1,0.01,3,81,0.9965782761573792,0.003339066868647933,0.05778465945774824,0.21463750302791595
5,350,1,0.01,3,82,0.9964839816093445,0.0034310852643102407,0.058575466402840025,0.1970023512840271
5,350,1,0.01,3,83,0.9966182708740234,0.003300073090940714,0.05744626263683925,0.19654884934425354
5,350,1,0.01,3,84,0.9961397647857666,0.0037670033052563667,0.061375917958563904,0.19555144011974335
5,350,1,0.01,3,85,0.9933327436447144,0.006506273057311773,0.08066147195106083,0.25034525990486145
5,350,1,0.01,3,86,0.9969723224639893,0.0029545880388468504,0.05435612236764917,0.22233164310455322
5,350,1,0.01,3,87,0.99689781665802,0.0030272763688117266,0.05502069037018462,0.21202483773231506
5,350,1,0.01,3,88,0.9955803155899048,0.004312940873205662,0.0656729843482513,0.19200152158737183
5,350,1,0.01,3,89,0.996846616268158,0.003077249974012375,0.05547296615480711,0.19146642088890076
5,350,1,0.01,3,90,0.9967141151428223,0.0032065357081592083,0.056626281073007156,0.23546947538852692
5,350,1,0.01,3,91,0.9967190027236938,0.0032017696648836136,0.0565841821084622,0.1986980438232422
5,350,1,0.01,3,92,0.996283233165741,0.0036269950214773417,0.06022453836666033,0.2187955230474472
5,350,1,0.01,3,93,0.9971686601638794,0.002762947231531143,0.05256374445881061,0.1953078657388687
5,350,1,0.01,3,94,0.997225821018219,0.0027071780059486628,0.052030548776162866,0.17401400208473206
5,350,1,0.01,3,95,0.9971528053283691,0.0027784171979874372,0.05271069339315731,0.1797962188720703
5,350,1,0.01,3,96,0.9961963295936584,0.0037118063773959875,0.060924595832848885,0.21017934381961823
5,350,1,0.01,3,97,0.9974021911621094,0.0025350539945065975,0.05034931970252029,0.19053195416927338
5,350,1,0.01,3,98,0.9969834685325623,0.0029436720069497824,0.05425561728475479,0.18467241525650024
5,350,1,0.01,3,99,0.9967947006225586,0.003127921838313341,0.05592782704802093,0.2006472945213318
5,350,1,0.01,3,100,0.9972163438796997,0.0027164521161466837,0.0521195943589998,0.18001866340637207
6,350,1,0.01,3,1,0.9888851046562195,0.010846475139260292,0.10414641203258176,0.5319401025772095
6,350,1,0.01,3,2,0.993479311466217,0.00636324193328619,0.07976993126038276,0.376762717962265
6,350,1,0.01,3,3,0.9924455285072327,0.007372071035206318,0.08586076540077149,0.3076816201210022
6,350,1,0.01,3,4,0.9935080409049988,0.0063351718708872795,0.07959379291683039,0.3229244649410248
6,350,1,0.01,3,5,0.9903125762939453,0.00945350807160139,0.09722915237520788,0.358045369386673
6,350,1,0.01,3,6,0.9956596493721008,0.004235527943819761,0.06508093379646424,0.26554521918296814
6,350,1,0.01,3,7,0.9958299994468689,0.004069289658218622,0.06379098414524283,0.26875898241996765
6,350,1,0.01,3,8,0.993696391582489,0.006151397712528706,0.07843084669011743,0.2863570749759674
6,350,1,0.01,3,9,0.9669948220252991,0.032208152115345,0.17946629799309116,0.4314090311527252
6,350,1,0.01,3,10,0.9956744909286499,0.004221030045300722,0.06496945470989211,0.23308779299259186
6,350,1,0.01,3,11,0.9955443143844604,0.004348076414316893,0.06593994551345105,0.27105385065078735
6,350,1,0.01,3,12,0.9919114112854004,0.007893256843090057,0.08884400285382271,0.30103105306625366
6,350,1,0.01,3,13,0.9941260814666748,0.005732089746743441,0.07571056562160555,0.27307024598121643
6,350,1,0.01,3,14,0.996615469455719,0.003302802564576268,0.057470014482130315,0.24960288405418396
6,350,1,0.01,3,15,0.9967229962348938,0.0031978709157556295,0.056549720739855376,0.22571499645709991
6,350,1,0.01,3,16,0.9937607645988464,0.006088549736887217,0.07802915952954521,0.22935748100280762
6,350,1,0.01,3,17,0.9835255146026611,0.01607663929462433,0.1267936879131778,0.35991787910461426
6,350,1,0.01,3,18,0.9962586760520935,0.0036509656347334385,0.06042322098939644,0.24411848187446594
6,350,1,0.01,3,19,0.9942690134048462,0.005592594854533672,0.07478365365862831,0.28740638494491577
6,350,1,0.01,3,20,0.9968158006668091,0.0031073084101080894,0.055743236451681645,0.21853791177272797
6,350,1,0.01,3,21,0.9960448145866394,0.003859676653519273,0.06212629599066142,0.25992485880851746
6,350,1,0.01,3,22,0.9973296523094177,0.0026058880612254143,0.0510478996749662,0.2011038064956665
6,350,1,0.01,3,23,0.996663510799408,0.003255905117839575,0.05706053906019093,0.21211248636245728
6,350,1,0.01,3,24,0.9936973452568054,0.006150470115244389,0.07842493299483519,0.2500663697719574
6,350,1,0.01,3,25,0.996465265750885,0.0034493613056838512,0.058731263443619626,0.22882510721683502
6,350,1,0.01,3,26,0.996680736541748,0.0032391133718192577,0.056913209115452786,0.23618152737617493
6,350,1,0.01,3,27,0.9971151351928711,0.0028152046725153923,0.05305850235839109,0.18589116632938385
6,350,1,0.01,3,28,0.9962804913520813,0.0036297019105404615,0.06024700748203567,0.22793181240558624
6,350,1,0.01,3,29,0.9966252446174622,0.003293287241831422,0.05738716966214157,0.18768519163131714
6,350,1,0.01,3,30,0.9923820495605469,0.007434011436998844,0.0862207135031881,0.31411463022232056
6,350,1,0.01,3,31,0.9963309168815613,0.003580485237762332,0.059837155996607425,0.22855961322784424
6,350,1,0.01,3,32,0.9610165953636169,0.03804204240441322,0.19504369357765255,0.3813498914241791
6,350,1,0.01,3,33,0.9961933493614197,0.003714735386893153,0.06094862908132678,0.2458249181509018
6,350,1,0.01,3,34,0.9969161748886108,0.0030093390960246325,0.054857443396722674,0.2389805167913437
6,350,1,0.01,3,35,0.9933372735977173,0.006501821801066399,0.08063387502201788,0.22827696800231934
6,350,1,0.01,3,36,0.9959298372268677,0.003971885424107313,0.06302289603078641,0.27073797583580017
6,350,1,0.01,3,37,0.9957122802734375,0.0041841622442007065,0.06468510063531405,0.26228830218315125
6,350,1,0.01,3,38,0.9960685968399048,0.003836475545540452,0.0619392891914369,0.2543404996395111
6,350,1,0.01,3,39,0.9971296191215515,0.0028010590467602015,0.052925032326491796,0.17655830085277557
6,350,1,0.01,3,40,0.9483100175857544,0.050441741943359375,0.22459239066219358,0.4596686065196991
6,350,1,0.01,3,41,0.9960114359855652,0.0038922708481550217,0.06238806655246676,0.2491023689508438
6,350,1,0.01,3,42,0.9970546364784241,0.002874229568988085,0.05361184168621784,0.2289399653673172
6,350,1,0.01,3,43,0.9921144843101501,0.007695100270211697,0.0877217206295664,0.2633298933506012
6,350,1,0.01,3,44,0.9972379207611084,0.0026953699998557568,0.05191695291381956,0.2180689573287964
6,350,1,0.01,3,45,0.9970273375511169,0.0029008700512349606,0.053859725688448885,0.1947033554315567
6,350,1,0.01,3,46,0.9969955682754517,0.0029318854212760925,0.054146887456954465,0.22888509929180145
6,350,1,0.01,3,47,0.99739670753479,0.0025404503103345633,0.050402879980558285,0.2046869397163391
6,350,1,0.01,3,48,0.996857225894928,0.003066902281716466,0.05537961973250147,0.2143399566411972
6,350,1,0.01,3,49,0.9970951080322266,0.002834726357832551,0.05324214832097359,0.20189698040485382
6,350,1,0.01,3,50,0.9971871972084045,0.002744897734373808,0.052391771628508686,0.2064281553030014
6,350,1,0.01,3,51,0.9969624280929565,0.002964206738397479,0.054444529003357896,0.22367431223392487
6,350,1,0.01,3,52,0.9954496026039124,0.004440503194928169,0.06663710073921411,0.20620369911193848
6,350,1,0.01,3,53,0.9971904754638672,0.0027416672091931105,0.05236093208865853,0.1988561600446701
6,350,1,0.01,3,54,0.9970077872276306,0.0029199274722486734,0.05403635324713053,0.20415428280830383
6,350,1,0.01,3,55,0.992885410785675,0.006942771375179291,0.08332329431305084,0.2822831869125366
6,350,1,0.01,3,56,0.9969365000724792,0.0029895391780883074,0.05467667855757432,0.17935258150100708
6,350,1,0.01,3,57,0.996234655380249,0.0036744242534041405,0.060617029401020144,0.24864615499973297
6,350,1,0.01,3,58,0.9966213703155518,0.0032970705069601536,0.057420122839995334,0.2337981015443802
6,350,1,0.01,3,59,0.994510293006897,0.005357149988412857,0.07319255418697217,0.35452038049697876
6,350,1,0.01,3,60,0.997357189655304,0.0025789665523916483,0.050783526387910956,0.19456402957439423
6,350,1,0.01,3,61,0.9961473345756531,0.003759625367820263,0.06131578400232898,0.21532070636749268
6,350,1,0.01,3,62,0.9949727654457092,0.004905858542770147,0.07004183423333621,0.24015608429908752
6,350,1,0.01,3,63,0.993471622467041,0.006370714399963617,0.07981675513301463,0.21142497658729553
6,350,1,0.01,3,64,0.9969139099121094,0.003011561231687665,0.05487769338891409,0.2106638252735138
6,350,1,0.01,3,65,0.9974225759506226,0.002515178406611085,0.050151554378813475,0.22643102705478668
6,350,1,0.01,3,66,0.9952923655509949,0.004593952558934689,0.06777870284193029,0.22942419350147247
6,350,1,0.01,3,67,0.9972838759422302,0.002650562906637788,0.05148361784721221,0.18481577932834625
6,350,1,0.01,3,68,0.9963850378990173,0.003527693683281541,0.05939439100859222,0.20985884964466095
6,350,1,0.01,3,69,0.9975049495697021,0.00243478175252676,0.04934350770391947,0.1903490126132965
6,350,1,0.01,3,70,0.9970576167106628,0.0028713587671518326,0.05358506104458436,0.20806188881397247
6,350,1,0.01,3,71,0.9968017339706421,0.003121022367849946,0.05586611108579105,0.1794942170381546
6,350,1,0.01,3,72,0.9968593120574951,0.0030648636166006327,0.05536121039681695,0.2044847309589386
6,350,1,0.01,3,73,0.9967530369758606,0.0031685479916632175,0.05628985691635055,0.23177050054073334
6,350,1,0.01,3,74,0.9969874620437622,0.0029397751204669476,0.05421969310561383,0.18347051739692688
6,350,1,0.01,3,75,0.9940711855888367,0.005785651970654726,0.07606347330128126,0.237922802567482
6,350,1,0.01,3,76,0.9976385235786438,0.0023044750560075045,0.04800494824502475,0.1886003464460373
6,350,1,0.01,3,77,0.99580317735672,0.004095485433936119,0.0639959798263619,0.2637006342411041
6,350,1,0.01,3,78,0.9971151947975159,0.0028151399455964565,0.05305789239685701,0.18497289717197418
6,350,1,0.01,3,79,0.9952786564826965,0.004607318434864283,0.06787723060691474,0.268741250038147
6,350,1,0.01,3,80,0.9973869919776917,0.002549930941313505,0.05049684090429326,0.19150876998901367
6,350,1,0.01,3,81,0.9976382851600647,0.0023046971764415503,0.048007261705304026,0.19435591995716095
6,350,1,0.01,3,82,0.997399628162384,0.002537594409659505,0.05037454128485445,0.20317219197750092
6,350,1,0.01,3,83,0.9976820349693298,0.0022619657684117556,0.047560127926780806,0.18277019262313843
6,350,1,0.01,3,84,0.9969305396080017,0.002995315007865429,0.05472947110895033,0.21778897941112518
6,350,1,0.01,3,85,0.9973387122154236,0.002597010461613536,0.050960871868655624,0.2309064120054245
6,350,1,0.01,3,86,0.99749755859375,0.0024420302361249924,0.04941690233234973,0.20353849232196808
6,350,1,0.01,3,87,0.9968823790550232,0.0030423628631979227,0.055157618360457905,0.21420790255069733
6,350,1,0.01,3,88,0.9960721731185913,0.0038329968228936195,0.061911201110086855,0.22294604778289795
6,350,1,0.01,3,89,0.9953804612159729,0.004508004058152437,0.06714167154720262,0.2033964842557907
6,350,1,0.01,3,90,0.9960846900939941,0.0038207396864891052,0.061812132194975326,0.19803552329540253
6,350,1,0.01,3,91,0.9972648620605469,0.002669106237590313,0.05166339359343628,0.15924780070781708
6,350,1,0.01,3,92,0.9950705766677856,0.00481036864221096,0.0693568211657005,0.24119816720485687
6,350,1,0.01,3,93,0.997502326965332,0.0024373792111873627,0.04936982085431709,0.1978122591972351
6,350,1,0.01,3,94,0.9968852400779724,0.0030395358335226774,0.0551319855757316,0.2176363468170166
6,350,1,0.01,3,95,0.9969112277030945,0.003014159156009555,0.054901358416796525,0.2159162163734436
6,350,1,0.01,3,96,0.9975838661193848,0.0023578046821057796,0.04855723099710052,0.1819029301404953
6,350,1,0.01,3,97,0.9963752031326294,0.003537273034453392,0.059474978221546175,0.19032111763954163
6,350,1,0.01,3,98,0.9974411129951477,0.0024970732629299164,0.04997072405849165,0.1890869438648224
6,350,1,0.01,3,99,0.9977207183837891,0.0022242150735110044,0.04716158472221862,0.15903887152671814
6,350,1,0.01,3,100,0.9969264268875122,0.0029993478674441576,0.05476630229844039,0.1850813776254654
7,350,1,0.01,3,1,0.9853414297103882,0.014304586686193943,0.1196017837918563,0.4487984776496887
7,350,1,0.01,3,2,0.9930720925331116,0.006760619580745697,0.08222298693641394,0.38706153631210327
7,350,1,0.01,3,3,0.9938644170761108,0.005987425334751606,0.07737845523627107,0.3239356279373169
7,350,1,0.01,3,4,0.9868710041046143,0.012811930850148201,0.1131898001153293,0.3220430910587311
7,350,1,0.01,3,5,0.9952993392944336,0.004587168339639902,0.06772863751501208,0.25327935814857483
7,350,1,0.01,3,6,0.9940893054008484,0.005767976865172386,0.0759471978757109,0.23551513254642487
7,350,1,0.01,3,7,0.993775486946106,0.0060741836205124855,0.07793704908778934,0.2798861563205719
7,350,1,0.01,3,8,0.9746121764183044,0.024774763733148575,0.15740001185879426,0.3428257405757904
7,350,1,0.01,3,9,0.9957738518714905,0.004124117083847523,0.06421928903256033,0.24912641942501068
7,350,1,0.01,3,10,0.9959200024604797,0.003981470130383968,0.0630988916731821,0.267950177192688
7,350,1,0.01,3,11,0.996159017086029,0.0037482562474906445,0.06122300423444316,0.2322225719690323
7,350,1,0.01,3,12,0.9952600598335266,0.0046254713088274,0.06801081758681776,0.2467634230852127
7,350,1,0.01,3,13,0.9802204966545105,0.019301841035485268,0.13893106576819048,0.34216469526290894
7,350,1,0.01,3,14,0.9950965642929077,0.004785005934536457,0.06917373731797681,0.27099037170410156
7,350,1,0.01,3,15,0.9957175850868225,0.004179003648459911,0.0646452136546853,0.24719057977199554
7,350,1,0.01,3,16,0.9887860417366028,0.010943151079118252,0.10460951715364263,0.3121967315673828
7,350,1,0.01,3,17,0.996065080165863,0.0038399186450988054,0.06196707710630545,0.24551311135292053
7,350,1,0.01,3,18,0.9966009259223938,0.0033170084934681654,0.05759347613634869,0.20868228375911713
7,350,1,0.01,3,19,0.9965442419052124,0.0033722929656505585,0.05807144707729056,0.24975763261318207
7,350,1,0.01,3,20,0.995894193649292,0.004006665199995041,0.06329822430364884,0.22911377251148224
7,350,1,0.01,3,21,0.9965506792068481,0.003366027493029833,0.05801747575541212,0.2484092265367508
7,350,1,0.01,3,22,0.9951993227005005,0.0046847304329276085,0.06844509064153256,0.22223521769046783
7,350,1,0.01,3,23,0.9958385825157166,0.004060933832079172,0.06372545670357468,0.24256090819835663
7,350,1,0.01,3,24,0.995926558971405,0.003975087311118841,0.0630482934830027,0.21931388974189758
7,350,1,0.01,3,25,0.994424045085907,0.00544128380715847,0.07376505817227064,0.23230566084384918
7,350,1,0.01,3,26,0.9943130016326904,0.005549673456698656,0.07449613048137907,0.23073673248291016
7,350,1,0.01,3,27,0.9950705766677856,0.004810416139662266,0.06935716357855377,0.24581769108772278
7,350,1,0.01,3,28,0.9965605139732361,0.0033564281184226274,0.057934688386342664,0.21562109887599945
7,350,1,0.01,3,29,0.9963482022285461,0.0035636182874441147,0.05969604917784857,0.23958437144756317
7,350,1,0.01,3,30,0.9961864352226257,0.0037214772310107946,0.06100391160418154,0.2306879162788391
7,350,1,0.01,3,31,0.9932777285575867,0.0065599349327385426,0.08099342524389583,0.2806786000728607
7,350,1,0.01,3,32,0.9962758421897888,0.003634223248809576,0.06028451914720375,0.23369941115379333
7,350,1,0.01,3,33,0.9937782287597656,0.006071501411497593,0.07791983965266865,0.247012197971344
7,350,1,0.01,3,34,0.9942624568939209,0.005598966497927904,0.07482624204066314,0.2618590295314789
7,350,1,0.01,3,35,0.9952315092086792,0.004653341136872768,0.06821540249000052,0.25558584928512573
7,350,1,0.01,3,36,0.9935575723648071,0.00628686835989356,0.07928977462380354,0.30427485704421997
7,350,1,0.01,3,37,0.9893178939819336,0.01042415015399456,0.10209872748469767,0.30942848324775696
7,350,1,0.01,3,38,0.9968444108963013,0.0030793934129178524,0.05549228246267991,0.21853004395961761
7,350,1,0.01,3,39,0.9968608617782593,0.0030633206479251385,0.05534727317515415,0.19690939784049988
7,350,1,0.01,3,40,0.9961113333702087,0.0037947779055684805,0.061601768688638155,0.24736252427101135
7,350,1,0.01,3,41,0.996574342250824,0.0033429230097681284,0.05781801630779223,0.20055654644966125
7,350,1,0.01,3,42,0.9956516623497009,0.004243327304720879,0.06514082671198515,0.254853755235672
7,350,1,0.01,3,43,0.9968022704124451,0.0031204877886921167,0.0558613264136479,0.18306493759155273
7,350,1,0.01,3,44,0.9964934587478638,0.00342186470516026,0.05849670678901728,0.2274058610200882
7,350,1,0.01,3,45,0.9843631386756897,0.015259278938174248,0.12352845396172595,0.24436913430690765
7,350,1,0.01,3,46,0.9793643951416016,0.020137282088398933,0.14190589166204107,0.3457924723625183
7,350,1,0.01,3,47,0.9958004355430603,0.004098156467080116,0.06401684518218713,0.23500163853168488
7,350,1,0.01,3,48,0.9650291800498962,0.034126318991184235,0.1847331020450429,0.4926656186580658
7,350,1,0.01,3,49,0.9930927157402039,0.006740481127053499,0.08210043317214288,0.30402663350105286
7,350,1,0.01,3,50,0.9968966245651245,0.003028419567272067,0.055031078194708004,0.19844084978103638
7,350,1,0.01,3,51,0.9965437650680542,0.0033727518748492002,0.058075398189329705,0.21055172383785248
7,350,1,0.01,3,52,0.9960397481918335,0.003864632686600089,0.06216616995279739,0.2294519543647766
7,350,1,0.01,3,53,0.9949493408203125,0.004928676877170801,0.07020453601563649,0.21459177136421204
7,350,1,0.01,3,54,0.9967191815376282,0.0032016108743846416,0.05658277895600959,0.2089015245437622
7,350,1,0.01,3,55,0.9956012964248657,0.004292458761483431,0.0655168586051211,0.1862536072731018
7,350,1,0.01,3,56,0.9968317151069641,0.003091762075200677,0.0556036156666154,0.22466664016246796
7,350,1,0.01,3,57,0.9925988912582397,0.007222407963126898,0.08498475135650453,0.2802717983722687
7,350,1,0.01,3,58,0.9957090616226196,0.004187347367405891,0.06470971617466648,0.23919138312339783
7,350,1,0.01,3,59,0.9954555630683899,0.004434690345078707,0.06659347073909504,0.2455480545759201
7,350,1,0.01,3,60,0.9966505169868469,0.0032685932237654924,0.05717161204448841,0.18917420506477356
7,350,1,0.01,3,61,0.9958415031433105,0.004058099817484617,0.06370321669652654,0.2540072798728943
7,350,1,0.01,3,62,0.9959897398948669,0.003913435619324446,0.06255745854272252,0.20959752798080444
7,350,1,0.01,3,63,0.9968634247779846,0.003060830757021904,0.05532477525505101,0.18885935842990875
7,350,1,0.01,3,64,0.9965027570724487,0.0034127894323319197,0.058419084487279664,0.22107893228530884
7,350,1,0.01,3,65,0.9951183199882507,0.00476382439956069,0.0690204636289897,0.2875303328037262
7,350,1,0.01,3,66,0.9967889189720154,0.0031335228122770786,0.055977877882937635,0.19317008554935455
7,350,1,0.01,3,67,0.9968957901000977,0.0030292340088635683,0.05503847753039294,0.21806983649730682
7,350,1,0.01,3,68,0.9950908422470093,0.0047906325198709965,0.06921439532258443,0.22546018660068512
7,350,1,0.01,3,69,0.9936457276344299,0.00620080204680562,0.07874517157772672,0.22064925730228424
7,350,1,0.01,3,70,0.9969079494476318,0.003017374547198415,0.05493063395955316,0.18613985180854797
7,350,1,0.01,3,71,0.990655243396759,0.00911908969283104,0.0954939249001267,0.316103994846344
7,350,1,0.01,3,72,0.9948763847351074,0.004999908618628979,0.07071003195183112,0.2226475030183792
7,350,1,0.01,3,73,0.9957292675971985,0.004167611710727215,0.064557042301574,0.25781384110450745
7,350,1,0.01,3,74,0.996025562286377,0.003878473537042737,0.062277391861274484,0.21623262763023376
7,350,1,0.01,3,75,0.996918797492981,0.0030068091582506895,0.054834379345905696,0.1963607519865036
7,350,1,0.01,3,76,0.9952747225761414,0.0046111587435007095,0.06790551335127884,0.2577677369117737
7,350,1,0.01,3,77,0.9966046810150146,0.003313326044008136,0.057561497930545,0.18207313120365143
7,350,1,0.01,3,78,0.9956590533256531,0.00423613004386425,0.0650855594111647,0.23546025156974792
7,350,1,0.01,3,79,0.9964361190795898,0.0034778390545397997,0.05897320624266413,0.2418506145477295
7,350,1,0.01,3,80,0.9970908761024475,0.002838868647813797,0.05328103459781723,0.19222615659236908
7,350,1,0.01,3,81,0.9963161945343018,0.003594833193346858,0.05995692781778314,0.21528159081935883
7,350,1,0.01,3,82,0.9970947504043579,0.002835079561918974,0.0532454651770362,0.21204032003879547
7,350,1,0.01,3,83,0.9968588352203369,0.0030652922578155994,0.05536508157508304,0.21508502960205078
7,350,1,0.01,3,84,0.9969615340232849,0.002965112216770649,0.05445284397320905,0.21078604459762573
7,350,1,0.01,3,85,0.9962085485458374,0.0036998922005295753,0.060826739190339436,0.21484851837158203
7,350,1,0.01,3,86,0.9963510632514954,0.003560850163921714,0.05967285952526252,0.2553025484085083
7,350,1,0.01,3,87,0.997122585773468,0.0028079196345061064,0.05298980689251572,0.18130850791931152
7,350,1,0.01,3,88,0.9846180081367493,0.015010572969913483,0.12251764350457237,0.245193749666214
7,350,1,0.01,3,89,0.996549129486084,0.0033675103913992643,0.05803025410421071,0.27017831802368164
7,350,1,0.01,3,90,0.9967221617698669,0.003198671154677868,0.056556795831074695,0.19380201399326324
7,350,1,0.01,3,91,0.9940671920776367,0.005789528600871563,0.07608895189757553,0.22488076984882355
7,350,1,0.01,3,92,0.9953297972679138,0.004557452630251646,0.06750890778446683,0.2868722975254059
7,350,1,0.01,3,93,0.9971351623535156,0.0027956541161984205,0.052873945532733044,0.20761972665786743
7,350,1,0.01,3,94,0.9967047572135925,0.0032156934030354023,0.056707084240290494,0.22810202836990356
7,350,1,0.01,3,95,0.9974090456962585,0.0025283717550337315,0.05028291712931671,0.1888270378112793
7,350,1,0.01,3,96,0.9973589181900024,0.0025773048400878906,0.05076716301003918,0.20839720964431763
7,350,1,0.01,3,97,0.9972297549247742,0.002703336300328374,0.05199361788073969,0.17939028143882751
7,350,1,0.01,3,98,0.9964978694915771,0.003417583182454109,0.058460099062985764,0.2108379453420639
7,350,1,0.01,3,99,0.9966734647750854,0.003246224718168378,0.05697565022154971,0.20790669322013855
7,350,1,0.01,3,100,0.9968054890632629,0.0031173613388091326,0.05583333537242006,0.20487144589424133
8,350,1,0.01,3,1,0.9908372759819031,0.008941483683884144,0.09455941880047775,0.40056657791137695
8,350,1,0.01,3,2,0.9825617671012878,0.01701715588569641,0.13044982133255842,0.4651740789413452
8,350,1,0.01,3,3,0.9937504529953003,0.006098649930208921,0.07809385334460658,0.3119906485080719
8,350,1,0.01,3,4,0.9949789047241211,0.004899857100099325,0.06999897927898181,0.23048347234725952
8,350,1,0.01,3,5,0.9956942796707153,0.004201746080070734,0.06482087688446318,0.27046528458595276
8,350,1,0.01,3,6,0.9943511486053467,0.0055124275386333466,0.07424572404275782,0.21648800373077393
8,350,1,0.01,3,7,0.9945544004440308,0.0053141177631914616,0.072897995604759,0.20649418234825134
8,350,1,0.01,3,8,0.9946683645248413,0.005202901549637318,0.07213114133047749,0.23632213473320007
8,350,1,0.01,3,9,0.9954053163528442,0.00448375241830945,0.06696082749122392,0.22316725552082062
8,350,1,0.01,3,10,0.9949842095375061,0.004894645418971777,0.06996174253813134,0.2466004639863968
8,350,1,0.01,3,11,0.9960654973983765,0.0038395014125853777,0.061963710448821395,0.2235972136259079
8,350,1,0.01,3,12,0.9968050718307495,0.0031177725177258253,0.05583701745012734,0.19356800615787506
8,350,1,0.01,3,13,0.99603670835495,0.003867578227072954,0.06218985630368472,0.19988283514976501
8,350,1,0.01,3,14,0.9964870810508728,0.0034280733671039343,0.058549751212997776,0.2195294350385666
8,350,1,0.01,3,15,0.9964289665222168,0.003484827233478427,0.059032425271865856,0.2330770641565323
8,350,1,0.01,3,16,0.9958844780921936,0.00401611952111125,0.06337286107720914,0.22162573039531708
8,350,1,0.01,3,17,0.9971450567245483,0.002785976743325591,0.052782352574753534,0.2027355283498764
8,350,1,0.01,3,18,0.9957029223442078,0.004193323198705912,0.06475587385485514,0.1854734569787979
8,350,1,0.01,3,19,0.9968831539154053,0.0030415630899369717,0.05515036799457436,0.20246621966362
8,350,1,0.01,3,20,0.9929502606391907,0.00687947403639555,0.08294259482555118,0.3113038241863251
8,350,1,0.01,3,21,0.9965620040893555,0.003354973392561078,0.05792213214791975,0.22958874702453613
8,350,1,0.01,3,22,0.9955195784568787,0.00437222421169281,0.0661227964600168,0.23942646384239197
8,350,1,0.01,3,23,0.9974696636199951,0.0024692292790859938,0.04969134008140648,0.19017092883586884
8,350,1,0.01,3,24,0.9971446394920349,0.0027863888535648584,0.052786256294274726,0.2170104831457138
8,350,1,0.01,3,25,0.9957597255706787,0.004137868527323008,0.06432626623178908,0.21010898053646088
8,350,1,0.01,3,26,0.9974318742752075,0.002506131073459983,0.050061273190561015,0.22801446914672852
8,350,1,0.01,3,27,0.9973859190940857,0.0025509509723633528,0.050506939843583405,0.17806372046470642
8,350,1,0.01,3,28,0.9957056045532227,0.00419069966301322,0.064735613560182,0.22225235402584076
8,350,1,0.01,3,29,0.9962499737739563,0.003659473266452551,0.06049358037389216,0.18595167994499207
8,350,1,0.01,3,30,0.9972506761550903,0.0026829135604202747,0.05179684894296442,0.19338619709014893
8,350,1,0.01,3,31,0.9976077675819397,0.0023344524670392275,0.048316171899677934,0.15859653055667877
8,350,1,0.01,3,32,0.9841592907905579,0.015458190813660622,0.12433097286541524,0.31440943479537964
8,350,1,0.01,3,33,0.9972575902938843,0.002676184754818678,0.05173185435318048,0.18705780804157257
8,350,1,0.01,3,34,0.982338011264801,0.01723547652363777,0.1312839537934388,0.3305240869522095
8,350,1,0.01,3,35,0.9962625503540039,0.003647220553830266,0.0603922226270094,0.17559780180454254
8,350,1,0.01,3,36,0.99647456407547,0.003440284635871649,0.058653939644934754,0.17125515639781952
8,350,1,0.01,3,37,0.9961219429969788,0.0037844055332243443,0.06151752216421224,0.20215535163879395
8,350,1,0.01,3,38,0.9975027441978455,0.0024369286838918924,0.04936525786311556,0.1581422984600067
8,350,1,0.01,3,39,0.996647298336029,0.0032717683352530003,0.057199373556473504,0.17702142894268036
8,350,1,0.01,3,40,0.9976507425308228,0.002292501274496317,0.047880071788754835,0.1503947377204895
8,350,1,0.01,3,41,0.9643707871437073,0.034768830984830856,0.1864640206174662,0.402385950088501
8,350,1,0.01,3,42,0.9949839115142822,0.0048949578776955605,0.06996397557097195,0.2437363862991333
8,350,1,0.01,3,43,0.9925340414047241,0.007285686209797859,0.08535623123005057,0.2246006280183792
8,350,1,0.01,3,44,0.9960387349128723,0.003865615464746952,0.062174073895370184,0.18188096582889557
8,350,1,0.01,3,45,0.9967091083526611,0.0032113976776599884,0.05666919513862879,0.1757335364818573
8,350,1,0.01,3,46,0.9973887801170349,0.002548186806961894,0.050479568212910594,0.18524836003780365
8,350,1,0.01,3,47,0.94122314453125,0.057357512414455414,0.2394942847219019,0.4530583620071411
8,350,1,0.01,3,48,0.9958274364471436,0.004071791656315327,0.0638105920385897,0.25097548961639404
8,350,1,0.01,3,49,0.9959336519241333,0.003968135453760624,0.06299313814821916,0.22000515460968018
8,350,1,0.01,3,50,0.9754796624183655,0.02392822876572609,0.15468751974780023,0.40406057238578796
8,350,1,0.01,3,51,0.9958913922309875,0.004009391646832228,0.06331975716024366,0.22135001420974731
8,350,1,0.01,3,52,0.995820939540863,0.004078141413629055,0.06386032738429279,0.2505604922771454
8,350,1,0.01,3,53,0.9963500499725342,0.0035618008114397526,0.05968082448693007,0.20563167333602905
8,350,1,0.01,3,54,0.9917195439338684,0.008080510422587395,0.08989165936051795,0.36721816658973694
8,350,1,0.01,3,55,0.9965298175811768,0.0033863624557852745,0.058192460471999934,0.2087441235780716
8,350,1,0.01,3,56,0.9967654347419739,0.003156430320814252,0.05618211744687318,0.22098924219608307
8,350,1,0.01,3,57,0.9877207279205322,0.01198272593319416,0.10946563813907158,0.19796210527420044
8,350,1,0.01,3,58,0.9963762164115906,0.003536295611411333,0.05946676055925136,0.21415576338768005
8,350,1,0.01,3,59,0.9968368411064148,0.0030867604073137045,0.05555862135900876,0.20721730589866638
8,350,1,0.01,3,60,0.9968624114990234,0.00306180352345109,0.055333565974470596,0.18062111735343933
8,350,1,0.01,3,61,0.9969491958618164,0.00297710788436234,0.05456288009592547,0.2063930183649063
8,350,1,0.01,3,62,0.9969431757926941,0.002983024576678872,0.05461707220896111,0.20644770562648773
8,350,1,0.01,3,63,0.9969311356544495,0.0029947571456432343,0.05472437432847665,0.19766001403331757
8,350,1,0.01,3,64,0.9958525896072388,0.00404728390276432,0.06361826705250875,0.19742758572101593
8,350,1,0.01,3,65,0.9962038993835449,0.0037044049240648746,0.06086382278550103,0.2235238254070282
8,350,1,0.01,3,66,0.9968863725662231,0.0030384277924895287,0.05512193567437131,0.1936720460653305
8,350,1,0.01,3,67,0.995972216129303,0.003930538892745972,0.06269401002285603,0.1950000375509262
8,350,1,0.01,3,68,0.9970479011535645,0.002880814950913191,0.05367322377976928,0.18753008544445038
8,350,1,0.01,3,69,0.99677574634552,0.0031463769264519215,0.05609257461065521,0.19449050724506378
8,350,1,0.01,3,70,0.9971157908439636,0.0028145411051809788,0.05305224882303274,0.19816531240940094
8,350,1,0.01,3,71,0.9954936504364014,0.004397504031658173,0.06631367906893851,0.24935254454612732
8,350,1,0.01,3,72,0.9791415333747864,0.020354745909571648,0.1426700596115795,0.2807137668132782
8,350,1,0.01,3,73,0.9954007267951965,0.004488202277570963,0.0669940465830432,0.2562543749809265
8,350,1,0.01,3,74,0.9951901435852051,0.00469371909275651,0.0685107224655857,0.2632499039173126
8,350,1,0.01,3,75,0.9963288307189941,0.003582532051950693,0.059854256757148804,0.22249288856983185
8,350,1,0.01,3,76,0.9953877329826355,0.004500908777117729,0.0670888126077495,0.24499154090881348
8,350,1,0.01,3,77,0.9957728385925293,0.004125079605728388,0.06422678262009072,0.21834471821784973
8,350,1,0.01,3,78,0.9945837259292603,0.0052854688838124275,0.0727012302771585,0.25674837827682495
8,350,1,0.01,3,79,0.9944513440132141,0.005414664279669523,0.07358440242109412,0.1982712745666504
8,350,1,0.01,3,80,0.9968960881233215,0.0030289858113974333,0.055036222721017415,0.19864416122436523
8,350,1,0.01,3,81,0.9968535900115967,0.003070403356105089,0.055411220489221216,0.20593605935573578
8,350,1,0.01,3,82,0.9965497851371765,0.0033668777905404568,0.05802480323568927,0.2268497794866562
8,350,1,0.01,3,83,0.9972617626190186,0.0026721337344497442,0.05169268550239719,0.18788236379623413
8,350,1,0.01,3,84,0.9968723654747009,0.0030520933214575052,0.055245753877175986,0.18734394013881683
8,350,1,0.01,3,85,0.9972457885742188,0.002687697298824787,0.05184300626723712,0.16827675700187683
8,350,1,0.01,3,86,0.9957369565963745,0.004160122945904732,0.06449901507701286,0.19830244779586792
8,350,1,0.01,3,87,0.9947280287742615,0.0051446533761918545,0.07172623910530827,0.22640098631381989
8,350,1,0.01,3,88,0.9973019361495972,0.002632912015542388,0.05131190910054301,0.20426365733146667
8,350,1,0.01,3,89,0.9973048567771912,0.0026300454046577215,0.051283968300607566,0.18228714168071747
8,350,1,0.01,3,90,0.997353196144104,0.0025828981306403875,0.05082222083538251,0.18062640726566315
8,350,1,0.01,3,91,0.9976599812507629,0.0022835000418126583,0.04778598164538067,0.17340093851089478
8,350,1,0.01,3,92,0.9971770644187927,0.002754771849140525,0.052485920484835975,0.23970170319080353
8,350,1,0.01,3,93,0.9973433017730713,0.002592523582279682,0.05091683004940196,0.19381047785282135
8,350,1,0.01,3,94,0.9974677562713623,0.0024710746947675943,0.04970990539890007,0.18272040784358978
8,350,1,0.01,3,95,0.9961041212081909,0.0038017872720956802,0.061658635016481514,0.18570205569267273
8,350,1,0.01,3,96,0.9934847354888916,0.00635792501270771,0.07973659769959908,0.19334037601947784
8,350,1,0.01,3,97,0.9978717565536499,0.002076823264360428,0.04557217642773305,0.15294194221496582
8,350,1,0.01,3,98,0.9974378943443298,0.002500249072909355,0.05000249066705933,0.19890405237674713
8,350,1,0.01,3,99,0.995849072933197,0.004050672519952059,0.06364489390321944,0.20331332087516785
8,350,1,0.01,3,100,0.993096649646759,0.006736658979207277,0.08207715260172758,0.2602390646934509
9,350,1,0.01,3,1,0.9799885749816895,0.019528206437826157,0.1397433591904322,0.6226284503936768
9,350,1,0.01,3,2,0.9848523139953613,0.014781889505684376,0.12158079414810703,0.49531635642051697
9,350,1,0.01,3,3,0.9927892088890076,0.007036687806248665,0.0838849677013031,0.4004625976085663
9,350,1,0.01,3,4,0.9930251836776733,0.006806373596191406,0.08250074906442612,0.35382354259490967
9,350,1,0.01,3,5,0.9935467839241028,0.00629735691472888,0.07935588771306688,0.29234349727630615
9,350,1,0.01,3,6,0.9919317364692688,0.007873441092669964,0.08873241286401472,0.2997148633003235
9,350,1,0.01,3,7,0.994815468788147,0.005059317220002413,0.07112887753931178,0.25240516662597656
9,350,1,0.01,3,8,0.9943995475769043,0.005465187598019838,0.07392690713143515,0.27665725350379944
9,350,1,0.01,3,9,0.9932920932769775,0.006545914802700281,0.08090682791149509,0.27637138962745667
9,350,1,0.01,3,10,0.9960901141166687,0.0038154867943376303,0.061769626794547096,0.24040549993515015
9,350,1,0.01,3,11,0.9945911765098572,0.0052782283164560795,0.07265141647935076,0.2546992301940918
9,350,1,0.01,3,12,0.9535863399505615,0.04529283568263054,0.2128211354227548,0.5146956443786621
9,350,1,0.01,3,13,0.9939064383506775,0.005946403834968805,0.07711292910380727,0.3064960241317749
9,350,1,0.01,3,14,0.995286226272583,0.004599916748702526,0.06782268609176818,0.22348402440547943
9,350,1,0.01,3,15,0.9794020652770996,0.02010052278637886,0.1417763125009917,0.3177122473716736
9,350,1,0.01,3,16,0.9957192540168762,0.004177383612841368,0.06463268223462003,0.2369830459356308
9,350,1,0.01,3,17,0.9961376190185547,0.0037691183388233185,0.06139314569903809,0.25716066360473633
9,350,1,0.01,3,18,0.9963899850845337,0.0035228654742240906,0.05935373176325218,0.21090377867221832
9,350,1,0.01,3,19,0.9954369068145752,0.004452913533896208,0.06673015460716547,0.21587684750556946
9,350,1,0.01,3,20,0.9965781569480896,0.003339231014251709,0.057786079761926304,0.21651817858219147
9,350,1,0.01,3,21,0.9957610964775085,0.004136518109589815,0.06431576874756155,0.23573549091815948
9,350,1,0.01,3,22,0.9958695769309998,0.004030704963952303,0.06348783319622983,0.2516610324382782
9,350,1,0.01,3,23,0.9923909902572632,0.007425243034958839,0.0861698499183957,0.2340814620256424
9,350,1,0.01,3,24,0.9969839453697205,0.002943216823041439,0.05425142231353423,0.19755060970783234
9,350,1,0.01,3,25,0.9968845844268799,0.00304016494192183,0.055137690756159076,0.1841326206922531
9,350,1,0.01,3,26,0.9967840313911438,0.0031382939778268337,0.05602047820062619,0.20520314574241638
9,350,1,0.01,3,27,0.9952705502510071,0.004615260288119316,0.06793570701861662,0.25751498341560364
9,350,1,0.01,3,28,0.9962330460548401,0.0036759739741683006,0.06062981093627375,0.19170434772968292
9,350,1,0.01,3,29,0.9973699450492859,0.0025665152352303267,0.05066078597130454,0.16506315767765045
9,350,1,0.01,3,30,0.9976365566253662,0.0023063495755195618,0.048024468508454744,0.1702861338853836
9,350,1,0.01,3,31,0.9973481893539429,0.002587800147011876,0.050870425072058086,0.18732212483882904
9,350,1,0.01,3,32,0.9973406791687012,0.0025950900744646788,0.05094202660343107,0.19441309571266174
9,350,1,0.01,3,33,0.9949452877044678,0.004932629410177469,0.07023268049973223,0.19420206546783447
9,350,1,0.01,3,34,0.9962604641914368,0.0036492440849542618,0.06040897354660367,0.28005534410476685
9,350,1,0.01,3,35,0.9952636957168579,0.0046219537034630775,0.06798495203692563,0.2327255755662918
9,350,1,0.01,3,36,0.9957724213600159,0.004125501029193401,0.06423006328187293,0.2273266464471817
9,350,1,0.01,3,37,0.9967085123062134,0.003212028881534934,0.05667476406245494,0.19777676463127136
9,350,1,0.01,3,38,0.9977364540100098,0.002208877820521593,0.04699870020034164,0.18189464509487152
9,350,1,0.01,3,39,0.9963032603263855,0.0036074856761842966,0.06006234824067651,0.20856249332427979
9,350,1,0.01,3,40,0.9960888028144836,0.0038167207967489958,0.061779614734546504,0.2278883010149002
9,350,1,0.01,3,41,0.9971442222595215,0.0027868449687957764,0.05279057651509194,0.20148763060569763
9,350,1,0.01,3,42,0.9963565468788147,0.0035554501228034496,0.05962759531293753,0.17720745503902435
9,350,1,0.01,3,43,0.9962385892868042,0.003670603269711137,0.06058550379184064,0.20438267290592194
9,350,1,0.01,3,44,0.9903951287269592,0.00937294214963913,0.09681395637840202,0.26688143610954285
9,350,1,0.01,3,45,0.9962310791015625,0.0036778945941478014,0.06064564777581159,0.23707829415798187
9,350,1,0.01,3,46,0.9975030422210693,0.0024366690777242184,0.04936262835105337,0.17022386193275452
9,350,1,0.01,3,47,0.9943467378616333,0.005516726057976484,0.07427466632692795,0.19808804988861084
9,350,1,0.01,3,48,0.9805624485015869,0.018968190997838974,0.13772505580989602,0.3104439675807953
9,350,1,0.01,3,49,0.9956145286560059,0.0042795888148248196,0.06541856628530482,0.24140363931655884
9,350,1,0.01,3,50,0.9970588088035583,0.002870147814974189,0.053573760508052716,0.19687318801879883
9,350,1,0.01,3,51,0.9968595504760742,0.003064620541408658,0.055359014996734346,0.22064273059368134
9,350,1,0.01,3,52,0.9974462389945984,0.0024920727591961622,0.04992066465098559,0.20357093214988708
9,350,1,0.01,3,53,0.9967900514602661,0.00313246320001781,0.05596841252007966,0.2071971595287323
9,350,1,0.01,3,54,0.9920466542243958,0.007761299144476652,0.08809823576256594,0.2531212866306305
9,350,1,0.01,3,55,0.9970948100090027,0.0028350430075079203,0.053245121912790475,0.20060600340366364
9,350,1,0.01,3,56,0.9961719512939453,0.0037356249522417784,0.06111975909836179,0.2095985859632492
9,350,1,0.01,3,57,0.9959535002708435,0.003948803525418043,0.06283950608827255,0.17668117582798004
9,350,1,0.01,3,58,0.9969695806503296,0.002957211108878255,0.05438024557574428,0.20717743039131165
9,350,1,0.01,3,59,0.9867075085639954,0.012971475720405579,0.1138923865778814,0.25030994415283203
9,350,1,0.01,3,60,0.9967479109764099,0.0031735640950500965,0.05633439531094744,0.16986505687236786
9,350,1,0.01,3,61,0.9894301891326904,0.01031455211341381,0.10156058346333882,0.22200721502304077
9,350,1,0.01,3,62,0.9922272562980652,0.007585043553262949,0.08709215552082145,0.2528613209724426
9,350,1,0.01,3,63,0.9974050521850586,0.0025322569999843836,0.050321536144918945,0.17682553827762604
9,350,1,0.01,3,64,0.9971957802772522,0.002736518159508705,0.052311740168997485,0.17124944925308228
9,350,1,0.01,3,65,0.9974051713943481,0.0025321647990494967,0.05032062001853213,0.1607750654220581
9,350,1,0.01,3,66,0.9961056113243103,0.003800325794145465,0.06164678251251613,0.255952924489975
9,350,1,0.01,3,67,0.9978704452514648,0.00207812013104558,0.04558640291847537,0.17359068989753723
9,350,1,0.01,3,68,0.9972242116928101,0.0027087528724223375,0.05204568063175212,0.1804783195257187
9,350,1,0.01,3,69,0.9974908828735352,0.0024485192261636257,0.04948251434763219,0.186453178524971
9,350,1,0.01,3,70,0.9976921677589417,0.0022521186619997025,0.047456492306108156,0.17110393941402435
9,350,1,0.01,3,71,0.9917216300964355,0.008078479208052158,0.08988036052471172,0.26526567339897156
9,350,1,0.01,3,72,0.9976360201835632,0.002306900918483734,0.048030208395172864,0.18425913155078888
9,350,1,0.01,3,73,0.9953569173812866,0.004530985839664936,0.06731259792687351,0.20768722891807556
9,350,1,0.01,3,74,0.9950097799301147,0.004869735334068537,0.069783488978902,0.17431336641311646
9,350,1,0.01,3,75,0.9977567791938782,0.002189079998061061,0.046787605175527644,0.15515460073947906
9,350,1,0.01,3,76,0.9966453313827515,0.0032736766152083874,0.057216052076391875,0.20052313804626465
9,350,1,0.01,3,77,0.9967836141586304,0.0031387261115014553,0.05602433499383509,0.18952849507331848
9,350,1,0.01,3,78,0.9971726536750793,0.002759099006652832,0.05252712638868447,0.1726226955652237
9,350,1,0.01,3,79,0.9959595799446106,0.003942827228456736,0.06279193601456111,0.18197238445281982
9,350,1,0.01,3,80,0.9968273639678955,0.0030960224103182554,0.055641912353173624,0.16325226426124573
9,350,1,0.01,3,81,0.9854206442832947,0.014227289706468582,0.11927820298138542,0.3537677526473999
9,350,1,0.01,3,82,0.9966914057731628,0.0032287074718624353,0.05682171655153015,0.1787172257900238
9,350,1,0.01,3,83,0.9975412487983704,0.002399353077635169,0.04898319178693002,0.16944748163223267
9,350,1,0.01,3,84,0.9971925616264343,0.0027396357618272305,0.05234152999127204,0.17459996044635773
9,350,1,0.01,3,85,0.9952425360679626,0.004642608109861612,0.06813668695982812,0.1887376755475998
9,350,1,0.01,3,86,0.9973510503768921,0.002584989182651043,0.05084278889529018,0.16284243762493134
9,350,1,0.01,3,87,0.9967827796936035,0.0031395512633025646,0.056031698736541666,0.1715467870235443
9,350,1,0.01,3,88,0.9977875351905823,0.0021590194664895535,0.04646525009606161,0.1557401865720749
9,350,1,0.01,3,89,0.9974215626716614,0.0025161877274513245,0.05016161607694996,0.185641810297966
9,350,1,0.01,3,90,0.9968323111534119,0.003091168589890003,0.05559827865941538,0.18059469759464264
9,350,1,0.01,3,91,0.9972931146621704,0.0026415337342768908,0.051395853279003846,0.180068701505661
9,350,1,0.01,3,92,0.9960651397705078,0.003839841578155756,0.06196645526537528,0.17119112610816956
9,350,1,0.01,3,93,0.9977004528045654,0.0022440364118665457,0.04737126145530163,0.17151951789855957
9,350,1,0.01,3,94,0.9960930347442627,0.003812635550275445,0.06174654282043202,0.1547553539276123
9,350,1,0.01,3,95,0.9974882006645203,0.002451162086799741,0.04950921214076973,0.21907156705856323
9,350,1,0.01,3,96,0.9969772696495056,0.002949723042547703,0.05431135279614846,0.1582595407962799
9,350,1,0.01,3,97,0.9961256384849548,0.0037808073684573174,0.06148827016966177,0.17998221516609192
9,350,1,0.01,3,98,0.9906194806098938,0.009154013358056545,0.09567660820731756,0.21171773970127106
9,350,1,0.01,3,99,0.9978670477867126,0.002081437734887004,0.04562277649252623,0.16118858754634857
9,350,1,0.01,3,100,0.9977563619613647,0.002189487451687455,0.04679195926318383,0.18359260261058807
10,350,1,0.01,3,1,0.9721941351890564,0.027134403586387634,0.16472523664086094,0.6877734065055847
10,350,1,0.01,3,2,0.9931797981262207,0.006655477453023195,0.0815811096579545,0.3075334429740906
10,350,1,0.01,3,3,0.9927942752838135,0.007031721994280815,0.08385536353913693,0.346858948469162
10,350,1,0.01,3,4,0.9946120977401733,0.005257781129330397,0.07251055874374708,0.2788482904434204
10,350,1,0.01,3,5,0.9932608604431152,0.006576416548341513,0.0810951080419868,0.3354805111885071
10,350,1,0.01,3,6,0.9953078627586365,0.004578839521855116,0.06766712290215328,0.23206691443920135
10,350,1,0.01,3,7,0.9955055117607117,0.004385983105748892,0.06622675521078239,0.20715133845806122
10,350,1,0.01,3,8,0.9926359057426453,0.007186270784586668,0.08477187496208084,0.27466264367103577
10,350,1,0.01,3,9,0.9961833357810974,0.0037244928535073996,0.06102862323129533,0.21708950400352478
10,350,1,0.01,3,10,0.9963380098342896,0.0035735738929361105,0.05977937681956973,0.21372830867767334
10,350,1,0.01,3,11,0.9958493709564209,0.004050391726195812,0.06364268792403266,0.21971702575683594
10,350,1,0.01,3,12,0.9955647587776184,0.004328148439526558,0.06578866497753666,0.2071894258260727
10,350,1,0.01,3,13,0.9959284067153931,0.003973248414695263,0.06303370855895489,0.21524424850940704
10,350,1,0.01,3,14,0.9921993017196655,0.0076123387552797794,0.08724871778587798,0.4026092290878296
10,350,1,0.01,3,15,0.9962345957756042,0.0036744987592101097,0.06061764395957756,0.24112838506698608
10,350,1,0.01,3,16,0.9968011379241943,0.0031215883791446686,0.055871176640058945,0.1989593207836151
10,350,1,0.01,3,17,0.9751771688461304,0.02422342449426651,0.15563876282683087,0.4559767544269562
10,350,1,0.01,3,18,0.9961599111557007,0.003747386857867241,0.06121590363514404,0.2373470962047577
10,350,1,0.01,3,19,0.9965502619743347,0.003366408869624138,0.05802076240126579,0.19152182340621948
10,350,1,0.01,3,20,0.9944430589675903,0.005422756541520357,0.07363936814992615,0.22007335722446442
10,350,1,0.01,3,21,0.9928213953971863,0.007005270570516586,0.08369749441002751,0.33193734288215637
10,350,1,0.01,3,22,0.9831750392913818,0.016418639570474625,0.12813523937806737,0.37717607617378235
10,350,1,0.01,3,23,0.9967072606086731,0.0032132496125996113,0.056685532656927655,0.19376729428768158
10,350,1,0.01,3,24,0.997292697429657,0.0026419530622661114,0.051399932512271956,0.1975298970937729
10,350,1,0.01,3,25,0.9962959289550781,0.0036146098282188177,0.060121625295885155,0.25713372230529785
10,350,1,0.01,3,26,0.9966172575950623,0.0033010533079504967,0.05745479360288832,0.21253982186317444
10,350,1,0.01,3,27,0.996868371963501,0.003055980196222663,0.055280920725171205,0.17581522464752197
10,350,1,0.01,3,28,0.9966543912887573,0.003264817176386714,0.05713857870464328,0.21775972843170166
10,350,1,0.01,3,29,0.9953294396400452,0.004557772073894739,0.0675112736799917,0.22411121428012848
10,350,1,0.01,3,30,0.9962255358695984,0.0036833425983786583,0.060690547850375004,0.21588273346424103
10,350,1,0.01,3,31,0.997094988822937,0.0028348444029688835,0.05324325687792665,0.1657196432352066
10,350,1,0.01,3,32,0.9896079897880554,0.01014107745140791,0.10070291679692257,0.322710245847702
10,350,1,0.01,3,33,0.988602876663208,0.011121909134089947,0.10546046242118393,0.4386729896068573
10,350,1,0.01,3,34,0.9973730444908142,0.0025635252241045237,0.05063126725754081,0.19326606392860413
10,350,1,0.01,3,35,0.9734496474266052,0.02590922825038433,0.16096343761980336,0.3260760009288788
10,350,1,0.01,3,36,0.9660993814468384,0.03308199718594551,0.18188457104973338,0.3286331593990326
10,350,1,0.01,3,37,0.9938355684280396,0.0060155875980854034,0.07756021917249463,0.26009601354599
10,350,1,0.01,3,38,0.9961203336715698,0.0037859822623431683,0.06153033611433606,0.21646684408187866
10,350,1,0.01,3,39,0.9958235025405884,0.004075653851032257,0.06384084782513667,0.24644514918327332
10,350,1,0.01,3,40,0.9954562783241272,0.004434014670550823,0.06658839741689856,0.2590578496456146
10,350,1,0.01,3,41,0.9957386255264282,0.004158478695899248,0.06448626749858646,0.23440667986869812
10,350,1,0.01,3,42,0.995954155921936,0.0039481353014707565,0.06283418895371179,0.23162011802196503
10,350,1,0.01,3,43,0.9948357939720154,0.005039526615291834,0.07098962329306892,0.20414704084396362
10,350,1,0.01,3,44,0.995993971824646,0.003909283317625523,0.06252426183191227,0.2281663417816162
10,350,1,0.01,3,45,0.9962799549102783,0.003630226943641901,0.06025136466207136,0.22406597435474396
10,350,1,0.01,3,46,0.9960287809371948,0.003875304479151964,0.06225194357730499,0.20776578783988953
10,350,1,0.01,3,47,0.9937729835510254,0.006076672114431858,0.07795301222167017,0.27292272448539734
10,350,1,0.01,3,48,0.9961764216423035,0.0037312498316168785,0.06108395723606059,0.2351732701063156
10,350,1,0.01,3,49,0.9964118599891663,0.003501494415104389,0.059173426595934,0.20803380012512207
10,350,1,0.01,3,50,0.9962400197982788,0.003669166937470436,0.06057364887036636,0.1941661685705185
10,350,1,0.01,3,51,0.9968339800834656,0.0030895716045051813,0.05558391498001181,0.1924750804901123
10,350,1,0.01,3,52,0.99700927734375,0.0029185081366449594,0.054023218495800114,0.1774672418832779
10,350,1,0.01,3,53,0.9953343868255615,0.004552927333861589,0.06747538316943143,0.2337351143360138
10,350,1,0.01,3,54,0.9947524070739746,0.005120865534991026,0.07156022313402206,0.21884889900684357
10,350,1,0.01,3,55,0.9967772364616394,0.003144914284348488,0.056079535343550126,0.21330143511295319
10,350,1,0.01,3,56,0.9956333637237549,0.004261179827153683,0.0652777130968425,0.21738384664058685
10,350,1,0.01,3,57,0.9969269037246704,0.0029988805763423443,0.054762035903921105,0.20616719126701355
10,350,1,0.01,3,58,0.9971978664398193,0.0027344473637640476,0.052291943583730446,0.1620829999446869
10,350,1,0.01,3,59,0.9975965619087219,0.0023454248439520597,0.048429586452416254,0.15234291553497314
10,350,1,0.01,3,60,0.9965434670448303,0.003373054089024663,0.05807800004325789,0.19678156077861786
10,350,1,0.01,3,61,0.9968806505203247,0.0030439954716712236,0.055172415858572146,0.2086062729358673
10,350,1,0.01,3,62,0.9972847700119019,0.002649690257385373,0.051475142130793315,0.19892384111881256
10,350,1,0.01,3,63,0.9961838126182556,0.0037240548990666866,0.061025035018971406,0.22362634539604187
10,350,1,0.01,3,64,0.9956117272377014,0.004282304551452398,0.06543931961330587,0.19506676495075226
10,350,1,0.01,3,65,0.9951608180999756,0.004722330253571272,0.06871921313265505,0.2393714338541031
10,350,1,0.01,3,66,0.9971208572387695,0.0028095978777855635,0.05300564005637101,0.18903081119060516
10,350,1,0.01,3,67,0.9942197203636169,0.0056406729854643345,0.07510441388802881,0.30465102195739746
10,350,1,0.01,3,68,0.9974160194396973,0.0025215635541826487,0.05021517254956562,0.1894676387310028
10,350,1,0.01,3,69,0.9963813424110413,0.0035312683321535587,0.05942447586772271,0.2103271484375
10,350,1,0.01,3,70,0.9922013878822327,0.007610293570905924,0.08723699657201596,0.27898508310317993
10,350,1,0.01,3,71,0.9954984784126282,0.004392826929688454,0.06627840470084094,0.26773500442504883
10,350,1,0.01,3,72,0.9959911108016968,0.003912067040801048,0.06254651901425888,0.17489531636238098
10,350,1,0.01,3,73,0.9973492622375488,0.0025867209769785404,0.05085981691845283,0.17459669709205627
10,350,1,0.01,3,74,0.9917469024658203,0.008053823374211788,0.08974309652676236,0.253927081823349
10,350,1,0.01,3,75,0.9959256052970886,0.00397601118311286,0.0630556197583757,0.21167513728141785
10,350,1,0.01,3,76,0.9977729916572571,0.0021732584573328495,0.0466182202291427,0.17155693471431732
10,350,1,0.01,3,77,0.9970377087593079,0.002890758914873004,0.05376577828761529,0.19922712445259094
10,350,1,0.01,3,78,0.9974086284637451,0.0025287813041359186,0.05028698941213242,0.19773544371128082
10,350,1,0.01,3,79,0.9975537657737732,0.002387154148891568,0.04885851152963594,0.17464499175548553
10,350,1,0.01,3,80,0.9957804679870605,0.004117610864341259,0.0641686127662213,0.24093078076839447
10,350,1,0.01,3,81,0.9973527193069458,0.002583375433459878,0.05082691642682918,0.18136340379714966
10,350,1,0.01,3,82,0.9953315854072571,0.004555691033601761,0.06749585938116323,0.2842828929424286
10,350,1,0.01,3,83,0.9974265098571777,0.0025113618467003107,0.05011348966795578,0.16933393478393555
10,350,1,0.01,3,84,0.9973570704460144,0.0025791164953261614,0.05078500266147636,0.178020641207695
10,350,1,0.01,3,85,0.9977626204490662,0.0021833451464772224,0.04672627897101611,0.1740475445985794
10,350,1,0.01,3,86,0.9978495836257935,0.0020984928123652935,0.04580930923257077,0.15813550353050232
10,350,1,0.01,3,87,0.9862136244773865,0.01345348171889782,0.11598914483216875,0.24984869360923767
10,350,1,0.01,3,88,0.9930970668792725,0.006736211013048887,0.08207442362300747,0.21573106944561005
10,350,1,0.01,3,89,0.9918080568313599,0.007994111627340317,0.0894097960367896,0.25204700231552124
10,350,1,0.01,3,90,0.9971069693565369,0.0028231872711330652,0.05313367360848547,0.18449930846691132
10,350,1,0.01,3,91,0.9973531365394592,0.0025829579681158066,0.050822809525997346,0.1816178262233734
10,350,1,0.01,3,92,0.9976543188095093,0.0022890125401318073,0.047843625909119884,0.18111851811408997
10,350,1,0.01,3,93,0.9930519461631775,0.00678028492256999,0.08234248552582069,0.23957942426204681
10,350,1,0.01,3,94,0.9976513385772705,0.0022919427137821913,0.04787423851908447,0.18141809105873108
10,350,1,0.01,3,95,0.997748851776123,0.0021967682987451553,0.046869694886409866,0.17479737102985382
10,350,1,0.01,3,96,0.9979364275932312,0.0020137301180511713,0.044874604377656314,0.16285432875156403
10,350,1,0.01,3,97,0.996639609336853,0.0032792193815112114,0.057264468752545074,0.16881342232227325
10,350,1,0.01,3,98,0.9953198432922363,0.0045671421103179455,0.06758063413669589,0.2146153748035431
10,350,1,0.01,3,99,0.9979081153869629,0.0020413552410900593,0.04518135944269561,0.16981548070907593
10,350,1,0.01,3,100,0.9976887702941895,0.002255441155284643,0.0474914850819033,0.15742085874080658
11,350,1,0.01,3,1,0.9640926718711853,0.03504021838307381,0.1871903266279372,0.8086875081062317
11,350,1,0.01,3,2,0.9871798753738403,0.012510542757809162,0.11185053758390776,0.45836833119392395
11,350,1,0.01,3,3,0.9944588541984558,0.005407320335507393,0.0735344839888565,0.297751247882843
11,350,1,0.01,3,4,0.9918548464775085,0.007948479615151882,0.08915424619810254,0.33280056715011597
11,350,1,0.01,3,5,0.9942665100097656,0.005595051683485508,0.07480007809812439,0.2662014663219452
11,350,1,0.01,3,6,0.9942343235015869,0.005626445170491934,0.07500963385120563,0.28938692808151245
11,350,1,0.01,3,7,0.9958668947219849,0.004033306147903204,0.06350831558074269,0.24789975583553314
11,350,1,0.01,3,8,0.9960510730743408,0.003853551112115383,0.06207697731136225,0.22295135259628296
11,350,1,0.01,3,9,0.983698844909668,0.01590752601623535,0.12612504119418694,0.44293659925460815
11,350,1,0.01,3,10,0.9950585961341858,0.004822078160941601,0.06944118490450463,0.26157480478286743
11,350,1,0.01,3,11,0.9947624206542969,0.005111077334731817,0.07149179907326306,0.2911631464958191
11,350,1,0.01,3,12,0.9955804347991943,0.004312830977141857,0.06567214765135869,0.25317615270614624
11,350,1,0.01,3,13,0.9925190210342407,0.007300355471670628,0.08544211766845802,0.3742169439792633
11,350,1,0.01,3,14,0.9950228929519653,0.00485690264031291,0.06969148183467554,0.3061674237251282
11,350,1,0.01,3,15,0.996172308921814,0.003735285485163331,0.06111698197034381,0.19100023806095123
11,350,1,0.01,3,16,0.9935088157653809,0.0063344514928758144,0.07958926744778981,0.24196022748947144
11,350,1,0.01,3,17,0.9950902462005615,0.0047911847941577435,0.06921838479882164,0.27405503392219543
11,350,1,0.01,3,18,0.9959394335746765,0.003962485119700432,0.06294827336552157,0.20377303659915924
11,350,1,0.01,3,19,0.9961093068122864,0.003796733682975173,0.06161764100462767,0.20796018838882446
11,350,1,0.01,3,20,0.9956749677658081,0.0042205615900456905,0.06496584941371651,0.2507205903530121
11,350,1,0.01,3,21,0.9469199180603027,0.05179831013083458,0.22759242107511968,0.492372989654541
11,350,1,0.01,3,22,0.9926068186759949,0.0072146509774029255,0.08493910158109118,0.2595018446445465
11,350,1,0.01,3,23,0.9948654174804688,0.005010573659092188,0.0707854056927852,0.28411293029785156
11,350,1,0.01,3,24,0.9860875010490417,0.013576562516391277,0.11651850718401467,0.26461464166641235
11,350,1,0.01,3,25,0.9952722787857056,0.0046135736629366875,0.06792329249187415,0.24646548926830292
11,350,1,0.01,3,26,0.9956406950950623,0.00425403006374836,0.06522292590606742,0.25605523586273193
11,350,1,0.01,3,27,0.9966776371002197,0.0032421413343399763,0.056939804481048024,0.21628402173519135
11,350,1,0.01,3,28,0.9957163333892822,0.0041802311316132545,0.06465470695636362,0.2570929229259491
11,350,1,0.01,3,29,0.9965771436691284,0.003340187482535839,0.05779435510961117,0.2082270085811615
11,350,1,0.01,3,30,0.9938179850578308,0.006032740697264671,0.07767071969065738,0.2538633346557617
11,350,1,0.01,3,31,0.9965007901191711,0.003414696082472801,0.0584354009353303,0.21076269447803497
11,350,1,0.01,3,32,0.9975208640098572,0.0024192500859498978,0.04918587282899326,0.17360392212867737
11,350,1,0.01,3,33,0.9969548583030701,0.002971591195091605,0.054512303153431384,0.20599456131458282
11,350,1,0.01,3,34,0.9970375299453735,0.0028909274842590094,0.05376734589189808,0.23653534054756165
11,350,1,0.01,3,35,0.996919572353363,0.0030060342978686094,0.054827313429244455,0.23799094557762146
11,350,1,0.01,3,36,0.99716717004776,0.0027644443325698376,0.05257798334445548,0.20148217678070068
11,350,1,0.01,3,37,0.9952917098999023,0.004594570491462946,0.06778326114508615,0.2738102674484253
11,350,1,0.01,3,38,0.9963557720184326,0.0035562447737902403,0.05963425839054461,0.2658655345439911
11,350,1,0.01,3,39,0.9963192939758301,0.0035918159410357475,0.059931760703618144,0.21474790573120117
11,350,1,0.01,3,40,0.9966223239898682,0.0032960879616439342,0.05741156644478475,0.2336677610874176
11,350,1,0.01,3,41,0.9969169497489929,0.003008576575666666,0.054850492939140176,0.19311857223510742
11,350,1,0.01,3,42,0.9940177798271179,0.00583774596452713,0.07640514357376164,0.2724129855632782
11,350,1,0.01,3,43,0.9970154166221619,0.0029125262517482042,0.05396782607950967,0.21427612006664276
11,350,1,0.01,3,44,0.9970815777778625,0.002847961150109768,0.05336629226496598,0.18638081848621368
11,350,1,0.01,3,45,0.9966592192649841,0.0032600860577076674,0.05709716330701261,0.21403098106384277
11,350,1,0.01,3,46,0.9973216652870178,0.002613670891150832,0.05112407349919246,0.18600647151470184
11,350,1,0.01,3,47,0.9962800741195679,0.0036301184445619583,0.060250464268434965,0.2346552163362503
11,350,1,0.01,3,48,0.9973039627075195,0.0026309541426599026,0.051292827399743744,0.20986363291740417
11,350,1,0.01,3,49,0.9977476596832275,0.0021979704033583403,0.04688251703309391,0.19702380895614624
11,350,1,0.01,3,50,0.997302234172821,0.0026326209772378206,0.051309073049879014,0.23476332426071167
11,350,1,0.01,3,51,0.997170090675354,0.0027615600265562534,0.052550547347827437,0.17354759573936462
11,350,1,0.01,3,52,0.9970970153808594,0.0028328930493444204,0.053224928833624764,0.24132142961025238
11,350,1,0.01,3,53,0.9951533079147339,0.004729660227894783,0.06877252524006068,0.21519947052001953
11,350,1,0.01,3,54,0.9958261847496033,0.004073013085871935,0.06382016206397423,0.21734972298145294
11,350,1,0.01,3,55,0.9956400394439697,0.004254654981195927,0.06522771635735783,0.25911837816238403
11,350,1,0.01,3,56,0.9912161827087402,0.008571675047278404,0.092583341089412,0.2913476526737213
11,350,1,0.01,3,57,0.9971118569374084,0.002818411448970437,0.05308871300917396,0.2302265465259552
11,350,1,0.01,3,58,0.9974415898323059,0.002496651140972972,0.049966500187355246,0.16290050745010376
11,350,1,0.01,3,59,0.9968645572662354,0.0030597017612308264,0.05531457096670665,0.2275133728981018
11,350,1,0.01,3,60,0.9970495104789734,0.0028792330995202065,0.053658485810915375,0.204055055975914
11,350,1,0.01,3,61,0.9978631138801575,0.002085288055241108,0.04566495434401646,0.16756607592105865
11,350,1,0.01,3,62,0.9974943399429321,0.0024451622739434242,0.04944858212267996,0.17811894416809082
11,350,1,0.01,3,63,0.9977169036865234,0.0022279892582446337,0.0472015810989911,0.16321133077144623
11,350,1,0.01,3,64,0.9941774010658264,0.00568197900429368,0.07537890291251048,0.2093779444694519
11,350,1,0.01,3,65,0.9978224635124207,0.002124943770468235,0.04609711238752635,0.18627899885177612
11,350,1,0.01,3,66,0.9976023435592651,0.00233978359028697,0.0483713095779613,0.18967728316783905
11,350,1,0.01,3,67,0.9966496229171753,0.003269448410719633,0.057179090677621246,0.2249133139848709
11,350,1,0.01,3,68,0.9965938925743103,0.0033238811884075403,0.057653110830271255,0.18601825833320618
11,350,1,0.01,3,69,0.9976321458816528,0.0023106674198061228,0.04806940211617077,0.17052391171455383
11,350,1,0.01,3,70,0.9975404143333435,0.002400202676653862,0.04899186337193006,0.20072303712368011
11,350,1,0.01,3,71,0.997232973575592,0.0027001788839697838,0.05196324551035841,0.17364013195037842
11,350,1,0.01,3,72,0.9973032474517822,0.0026316118892282248,0.05129923868078575,0.20460094511508942
11,350,1,0.01,3,73,0.9956963658332825,0.004199736751616001,0.06480537594687652,0.40307489037513733
11,350,1,0.01,3,74,0.9973792433738708,0.002557461615651846,0.05057135172854139,0.19424046576023102
11,350,1,0.01,3,75,0.9975970387458801,0.002344907494261861,0.048424244901308075,0.18560940027236938
11,350,1,0.01,3,76,0.9979450106620789,0.0020053463522344828,0.04478109369180796,0.18008524179458618
11,350,1,0.01,3,77,0.9929702281951904,0.006860013119876385,0.08282519616563781,0.24572676420211792
11,350,1,0.01,3,78,0.9972901940345764,0.002644358668476343,0.051423328057179876,0.19211839139461517
11,350,1,0.01,3,79,0.9934185743331909,0.006422515958547592,0.08014060118658702,0.22675348818302155
11,350,1,0.01,3,80,0.9975854158401489,0.0023562631104141474,0.04854135464131741,0.19278857111930847
11,350,1,0.01,3,81,0.9972739815711975,0.002660198137164116,0.051577108654558335,0.1946926712989807
11,350,1,0.01,3,82,0.9939265251159668,0.005926834885030985,0.07698593952814362,0.2988453209400177
11,350,1,0.01,3,83,0.984950840473175,0.0146857388317585,0.12118473019220903,0.2696254849433899
11,350,1,0.01,3,84,0.995789647102356,0.004108679015189409,0.06409897826946549,0.222009539604187
11,350,1,0.01,3,85,0.997488260269165,0.002451081993058324,0.04950840325700601,0.16748440265655518
11,350,1,0.01,3,86,0.9972383975982666,0.0026949113234877586,0.05191253532132445,0.17241407930850983
11,350,1,0.01,3,87,0.9963616728782654,0.0035504610277712345,0.059585745172576594,0.19114969670772552
11,350,1,0.01,3,88,0.9975528120994568,0.0023880968801677227,0.048868158141756504,0.1753671020269394
11,350,1,0.01,3,89,0.9970756769180298,0.002853697631508112,0.053420011526656486,0.19373659789562225
11,350,1,0.01,3,90,0.9974542856216431,0.0024842198472470045,0.049841948670241665,0.17761224508285522
11,350,1,0.01,3,91,0.9960790276527405,0.0038263036403805017,0.06185712279423043,0.1811317354440689
11,350,1,0.01,3,92,0.997741162776947,0.002204313175752759,0.04695011369264998,0.16044273972511292
11,350,1,0.01,3,93,0.9977426528930664,0.0022028617095202208,0.04693465361031464,0.17428161203861237
11,350,1,0.01,3,94,0.9965196251869202,0.0033963294699788094,0.058278035913874184,0.1740894317626953
11,350,1,0.01,3,95,0.9977232813835144,0.0022217195946723223,0.047135120607380676,0.15989911556243896
11,350,1,0.01,3,96,0.9969838261604309,0.00294331437908113,0.05425232141651756,0.16894862055778503
11,350,1,0.01,3,97,0.9975869059562683,0.0023548100143671036,0.048526384723850007,0.17599479854106903
11,350,1,0.01,3,98,0.9968897104263306,0.0030351714231073856,0.05509238988378872,0.17825208604335785
11,350,1,0.01,3,99,0.996371328830719,0.0035410227719694376,0.059506493527760794,0.19765163958072662
11,350,1,0.01,3,100,0.9976155757904053,0.0023268654476851225,0.04823759371781643,0.19344456493854523
12,350,1,0.01,3,1,0.9896477460861206,0.010102246887981892,0.10050993427508492,0.46199098229408264
12,350,1,0.01,3,2,0.9931864738464355,0.006649006623774767,0.08154144114359745,0.3407679796218872
12,350,1,0.01,3,3,0.9892593622207642,0.010481299832463264,0.10237821952184588,0.30421963334083557
12,350,1,0.01,3,4,0.9955663681030273,0.004326595924794674,0.06577686466224028,0.2356722205877304
12,350,1,0.01,3,5,0.9903644919395447,0.009402808733284473,0.09696808100238177,0.300767183303833
12,350,1,0.01,3,6,0.9935473203659058,0.006296874955296516,0.07935285095884405,0.31862425804138184
12,350,1,0.01,3,7,0.9966438412666321,0.00327511178329587,0.05722859235815494,0.20703066885471344
12,350,1,0.01,3,8,0.9969508647918701,0.0029755292925983667,0.05454841237468206,0.21340173482894897
12,350,1,0.01,3,9,0.9960299134254456,0.003874236950650811,0.062243368728329695,0.2622183561325073
12,350,1,0.01,3,10,0.9965276122093201,0.003388510085642338,0.05821091036603308,0.1870427131652832
12,350,1,0.01,3,11,0.9935890436172485,0.006256169639527798,0.07909595210583029,0.36915820837020874
12,350,1,0.01,3,12,0.997351348400116,0.0025846953503787518,0.05083989919717339,0.18535681068897247
12,350,1,0.01,3,13,0.9969108700752258,0.0030145493801683187,0.05490491216793192,0.18903149664402008
12,350,1,0.01,3,14,0.9886205792427063,0.01110461913049221,0.10537845667161866,0.3335346281528473
12,350,1,0.01,3,15,0.9969494342803955,0.0029768964741379023,0.054560942753382684,0.19056174159049988
12,350,1,0.01,3,16,0.9972884654998779,0.0026460494846105576,0.05143976559638037,0.1618877351284027
12,350,1,0.01,3,17,0.9969565272331238,0.0029699867591261864,0.05449758489260039,0.2172202467918396
12,350,1,0.01,3,18,0.9927671551704407,0.007058188784867525,0.08401302747114596,0.21927385032176971
12,350,1,0.01,3,19,0.9962903261184692,0.00362006900832057,0.06016700930178074,0.24120885133743286
12,350,1,0.01,3,20,0.996208667755127,0.0036997837014496326,0.06082584731386512,0.18547102808952332
12,350,1,0.01,3,21,0.993427038192749,0.0064142197370529175,0.08008882404588619,0.2810562551021576
12,350,1,0.01,3,22,0.995926558971405,0.003975051920861006,0.0630480128224594,0.20078693330287933
12,350,1,0.01,3,23,0.9954680800437927,0.004422483965754509,0.06650175911774446,0.231825590133667
12,350,1,0.01,3,24,0.9960717558860779,0.0038333868142217398,0.061914350632318996,0.23705434799194336
12,350,1,0.01,3,25,0.9966228008270264,0.003295661648735404,0.05740785354579462,0.21054397523403168
12,350,1,0.01,3,26,0.9937813878059387,0.006068449001759291,0.07790025033181402,0.3173590302467346
12,350,1,0.01,3,27,0.9970470070838928,0.0028816768899559975,0.053681252686165935,0.2104843705892563
12,350,1,0.01,3,28,0.9967746138572693,0.003147522220388055,0.056102782643894365,0.22246894240379333
12,350,1,0.01,3,29,0.9948094487190247,0.005065185483545065,0.07117011650647387,0.2346794754266739
12,350,1,0.01,3,30,0.9973428845405579,0.002592972479760647,0.050921238003024304,0.16892851889133453
12,350,1,0.01,3,31,0.9954838156700134,0.004407140891999006,0.0663863004843545,0.29136988520622253
12,350,1,0.01,3,32,0.9971465468406677,0.0027845643926411867,0.052768971874020694,0.20294976234436035
12,350,1,0.01,3,33,0.9903275966644287,0.00943883415311575,0.09715366258209594,0.26145681738853455
12,350,1,0.01,3,34,0.996799111366272,0.0031235881615430117,0.0558890701438395,0.17307981848716736
12,350,1,0.01,3,35,0.9972212314605713,0.0027116641867905855,0.052073641958197865,0.18925735354423523
12,350,1,0.01,3,36,0.9978360533714294,0.0021116978023201227,0.04595321318819961,0.16706690192222595
12,350,1,0.01,3,37,0.9974732398986816,0.0024657147005200386,0.04965596339333312,0.1968955099582672
12,350,1,0.01,3,38,0.9949117302894592,0.0049653807654976845,0.07046545795989467,0.22952969372272491
12,350,1,0.01,3,39,0.9971608519554138,0.002770578023046255,0.05263628048263151,0.1942126452922821
12,350,1,0.01,3,40,0.9969279170036316,0.00299787987023592,0.054752898281606246,0.19468474388122559
12,350,1,0.01,3,41,0.9970250725746155,0.0029030954465270042,0.05388038090554858,0.17669358849525452
12,350,1,0.01,3,42,0.9974262714385986,0.0025115907192230225,0.05011577315798912,0.16622215509414673
12,350,1,0.01,3,43,0.9970844984054565,0.0028450714889913797,0.05333921155202221,0.19070512056350708
12,350,1,0.01,3,44,0.9969656467437744,0.0029610670171678066,0.0544156872341773,0.17758572101593018
12,350,1,0.01,3,45,0.9974335432052612,0.0025044914800673723,0.050044894645381886,0.16722069680690765
12,350,1,0.01,3,46,0.9973009824752808,0.0026338526513427496,0.05132107414447548,0.1877758949995041
12,350,1,0.01,3,47,0.9957709312438965,0.004126918967813253,0.06424110030045604,0.2444980889558792
12,350,1,0.01,3,48,0.9922890067100525,0.007524778135120869,0.08674547904715767,0.28821948170661926
12,350,1,0.01,3,49,0.9976450800895691,0.0022980442736297846,0.04793792103992188,0.1678432673215866
12,350,1,0.01,3,50,0.9957177042961121,0.004178870934993029,0.06464418717095163,0.23396623134613037
12,350,1,0.01,3,51,0.9977782368659973,0.002168133622035384,0.046563221774651546,0.15986506640911102
12,350,1,0.01,3,52,0.997424840927124,0.002512996783480048,0.05012979935607211,0.17611835896968842
12,350,1,0.01,3,53,0.9973675608634949,0.002568849828094244,0.05068382215356537,0.1958804875612259
12,350,1,0.01,3,54,0.997096061706543,0.002833801554515958,0.05323346273272064,0.18543188273906708
12,350,1,0.01,3,55,0.9973333477973938,0.0026022421661764383,0.05101217664613458,0.17486758530139923
12,350,1,0.01,3,56,0.9975403547286987,0.0024002299178391695,0.048992141388585674,0.18053892254829407
12,350,1,0.01,3,57,0.9975298643112183,0.002410510089248419,0.049096945824036946,0.1818210780620575
12,350,1,0.01,3,58,0.9973928332328796,0.0025442177429795265,0.05044023932317854,0.17175976932048798
12,350,1,0.01,3,59,0.9964183568954468,0.0034951798152178526,0.05912004579850943,0.2031622976064682
12,350,1,0.01,3,60,0.9969369769096375,0.002989056520164013,0.054672264633578264,0.1511252373456955
12,350,1,0.01,3,61,0.9915978908538818,0.008199193514883518,0.0905493982027684,0.273936003446579
12,350,1,0.01,3,62,0.996749997138977,0.0031714998185634613,0.05631607069534825,0.19999536871910095
12,350,1,0.01,3,63,0.9971627593040466,0.0027687163092195988,0.05261859280919244,0.173762708902359
12,350,1,0.01,3,64,0.9979684352874756,0.001982519868761301,0.04452549683901687,0.14793679118156433
12,350,1,0.01,3,65,0.9975512623786926,0.002389607485383749,0.048883611623771715,0.17000064253807068
12,350,1,0.01,3,66,0.9973676800727844,0.0025687464512884617,0.05068280232276488,0.1573258340358734
12,350,1,0.01,3,67,0.9976113438606262,0.0023309504613280296,0.0482799177850173,0.15230612456798553
12,350,1,0.01,3,68,0.9975724220275879,0.0023689407389611006,0.04867176531584919,0.14358419179916382
12,350,1,0.01,3,69,0.9978898167610168,0.0020592226646840572,0.045378658691989315,0.16659970581531525
12,350,1,0.01,3,70,0.9940056204795837,0.00584964407607913,0.07648296592104108,0.21619510650634766
12,350,1,0.01,3,71,0.9975339770317078,0.002406447660177946,0.049055556873589215,0.1853238046169281
12,350,1,0.01,3,72,0.9952948689460754,0.004591515753418207,0.0677607242686957,0.21214313805103302
12,350,1,0.01,3,73,0.9960769414901733,0.0038283304311335087,0.06187350346580925,0.21446993947029114
12,350,1,0.01,3,74,0.9979016780853271,0.0020476309582591057,0.045250756438529355,0.16721025109291077
12,350,1,0.01,3,75,0.9975326061248779,0.002407838124781847,0.04906972717248229,0.18192806839942932
12,350,1,0.01,3,76,0.9976433515548706,0.0022997604683041573,0.04795581787754388,0.14603190124034882
12,350,1,0.01,3,77,0.9953721761703491,0.004516072571277618,0.06720173041877432,0.18700248003005981
12,350,1,0.01,3,78,0.9976061582565308,0.0023360622581094503,0.04833282795481194,0.20913182199001312
12,350,1,0.01,3,79,0.9973069429397583,0.0026280421297997236,0.05126443338026593,0.14514973759651184
12,350,1,0.01,3,80,0.9976774454116821,0.002266467781737447,0.04760743410159223,0.1603103131055832
12,350,1,0.01,3,81,0.9963975548744202,0.0035154640208929777,0.059291348617593255,0.20975631475448608
12,350,1,0.01,3,82,0.9962722659111023,0.0036377033684402704,0.06031337636412233,0.22403667867183685
12,350,1,0.01,3,83,0.9959883689880371,0.003914740867912769,0.06256789007080844,0.19643065333366394
12,350,1,0.01,3,84,0.997203528881073,0.002728969557210803,0.052239540170361407,0.17532847821712494
12,350,1,0.01,3,85,0.9970191121101379,0.0029088903684169054,0.053934129903215326,0.18745850026607513
12,350,1,0.01,3,86,0.9866051077842712,0.013071435503661633,0.1143303787436289,0.31790420413017273
12,350,1,0.01,3,87,0.9974230527877808,0.002514725085347891,0.0501470346615619,0.19118355214595795
12,350,1,0.01,3,88,0.9979887008666992,0.001962758135050535,0.04430302625160651,0.17730502784252167
12,350,1,0.01,3,89,0.9976062178611755,0.002335990546271205,0.04833208609475909,0.16921177506446838
12,350,1,0.01,3,90,0.9975323677062988,0.0024080262519419193,0.0490716440721311,0.15545611083507538
12,350,1,0.01,3,91,0.9978660345077515,0.0020824226085096598,0.045633568877632834,0.17077305912971497
12,350,1,0.01,3,92,0.9964553713798523,0.003459060797467828,0.05881378067653726,0.18652111291885376
12,350,1,0.01,3,93,0.9943687319755554,0.005495305173099041,0.0741303255968773,0.21500757336616516
12,350,1,0.01,3,94,0.9964398145675659,0.0034742234274744987,0.05894254344252968,0.19748277962207794
12,350,1,0.01,3,95,0.9979467988014221,0.002003609435632825,0.044761696076364495,0.13405759632587433
12,350,1,0.01,3,96,0.9977049231529236,0.0022396757267415524,0.04732521237925459,0.15785034000873566
12,350,1,0.01,3,97,0.9976011514663696,0.0023409489076584578,0.04838335362145185,0.15516236424446106
12,350,1,0.01,3,98,0.995114266872406,0.004767777398228645,0.06904909411591614,0.23703300952911377
12,350,1,0.01,3,99,0.9966664910316467,0.0032530217431485653,0.05703526753815191,0.17453575134277344
12,350,1,0.01,3,100,0.9961953163146973,0.003712813137099147,0.06093285761474795,0.234975203871727
13,350,1,0.01,3,1,0.9894285798072815,0.010316112078726292,0.1015682631471381,0.4111941158771515
13,350,1,0.01,3,2,0.993110716342926,0.006722903344780207,0.08199331280525386,0.31806686520576477
13,350,1,0.01,3,3,0.9948320388793945,0.005043191369622946,0.07101543050367959,0.2857450544834137
13,350,1,0.01,3,4,0.9828318953514099,0.016753554344177246,0.1294355219565991,0.5754305124282837
13,350,1,0.01,3,5,0.9942691922187805,0.005592407193034887,0.07478239895212567,0.2831856310367584
13,350,1,0.01,3,6,0.9948059916496277,0.005068590398877859,0.07119403344998694,0.2703759968280792
13,350,1,0.01,3,7,0.9940091371536255,0.005846202373504639,0.07646046281251925,0.25471851229667664
13,350,1,0.01,3,8,0.9961944222450256,0.0037136950995773077,0.06094009435156224,0.2551251947879791
13,350,1,0.01,3,9,0.9908963441848755,0.008883818052709103,0.09425400815195661,0.3274865448474884
13,350,1,0.01,3,10,0.9963472485542297,0.0035645568277686834,0.059703909652288965,0.24500015377998352
13,350,1,0.01,3,11,0.9961122870445251,0.0037938442546874285,0.06159419010497198,0.2149006724357605
13,350,1,0.01,3,12,0.99461829662323,0.005251720547676086,0.07246875566529404,0.271820992231369
13,350,1,0.01,3,13,0.9930329322814941,0.006798814982175827,0.08245492697332178,0.24518334865570068
13,350,1,0.01,3,14,0.995441734790802,0.004448165651410818,0.06669456987949482,0.2763156592845917
13,350,1,0.01,3,15,0.9963171482086182,0.0035939011722803116,0.05994915489212764,0.23108366131782532
13,350,1,0.01,3,16,0.9954020977020264,0.0044868504628539085,0.06698395675722589,0.22179673612117767
13,350,1,0.01,3,17,0.9798596501350403,0.01965402625501156,0.14019281812921644,0.42129138112068176
13,350,1,0.01,3,18,0.9961627721786499,0.0037445847410708666,0.0611930121915147,0.2199418544769287
13,350,1,0.01,3,19,0.996491014957428,0.0034242274705320597,0.058516899016711914,0.25697121024131775
13,350,1,0.01,3,20,0.9957033395767212,0.004192879423499107,0.06475244723946044,0.19770318269729614
13,350,1,0.01,3,21,0.9966749548912048,0.0032447706907987595,0.056962888715362384,0.2341936081647873
13,350,1,0.01,3,22,0.9970983266830444,0.002831599907949567,0.05321277955481716,0.2094367891550064
13,350,1,0.01,3,23,0.9965111613273621,0.00340458657592535,0.05834883525765831,0.23219852149486542
13,350,1,0.01,3,24,0.9895793795585632,0.010168996639549732,0.10084144306558555,0.3664700984954834
13,350,1,0.01,3,25,0.9958282709121704,0.004070985596626997,0.06380427569236248,0.22673676908016205
13,350,1,0.01,3,26,0.9961013793945312,0.003804447827860713,0.061680206126931134,0.2715114951133728
13,350,1,0.01,3,27,0.9946756362915039,0.005195779725909233,0.0720817572337775,0.2845425605773926
13,350,1,0.01,3,28,0.9970957636833191,0.0028341212309896946,0.05323646523755775,0.2143324315547943
13,350,1,0.01,3,29,0.9958828091621399,0.004017745144665241,0.06338568564483027,0.23476552963256836
13,350,1,0.01,3,30,0.9946363568305969,0.005234119947999716,0.07234721797000708,0.24866217374801636
13,350,1,0.01,3,31,0.9965959191322327,0.003321888390928507,0.05763582558555492,0.222110316157341
13,350,1,0.01,3,32,0.9933007955551147,0.006537408567965031,0.0808542427332359,0.281891793012619
13,350,1,0.01,3,33,0.9972777962684631,0.0026564504951238632,0.05154076537192539,0.2014114409685135
13,350,1,0.01,3,34,0.9969857335090637,0.0029415006283670664,0.05423560295937592,0.24375246465206146
13,350,1,0.01,3,35,0.9905763268470764,0.009196092374622822,0.09589625839740996,0.36019790172576904
13,350,1,0.01,3,36,0.9969001412391663,0.0030249760020524263,0.05499978183640755,0.2533152103424072
13,350,1,0.01,3,37,0.9882529377937317,0.011463383212685585,0.10706719017834354,0.3198646903038025
13,350,1,0.01,3,38,0.9971867799758911,0.002745280507951975,0.052395424494434385,0.20578892529010773
13,350,1,0.01,3,39,0.9960641264915466,0.0038408397231251,0.061974508655777985,0.27904218435287476
13,350,1,0.01,3,40,0.9969000220298767,0.0030251413118094206,0.05500128463781024,0.21498237550258636
13,350,1,0.01,3,41,0.958889901638031,0.04011737182736397,0.20029321463135982,0.46688124537467957
13,350,1,0.01,3,42,0.994738757610321,0.00513417599722743,0.07165316460022844,0.2637137174606323
13,350,1,0.01,3,43,0.9969969391822815,0.0029305247589945793,0.05413432145131755,0.23542951047420502
13,350,1,0.01,3,44,0.9970478415489197,0.0028808859642595053,0.05367388530989261,0.23856903612613678
13,350,1,0.01,3,45,0.995844304561615,0.004055342171341181,0.06368156853706715,0.19138585031032562
13,350,1,0.01,3,46,0.9968150854110718,0.0031080199405550957,0.05574961829963588,0.22427502274513245
13,350,1,0.01,3,47,0.9974961280822754,0.002443385776132345,0.049430615777393924,0.22183534502983093
13,350,1,0.01,3,48,0.9971269369125366,0.002803683979436755,0.05294982511242842,0.2176973670721054
13,350,1,0.01,3,49,0.9965436458587646,0.003372898558154702,0.058076661045162556,0.22717182338237762
13,350,1,0.01,3,50,0.9963237047195435,0.0035875034518539906,0.05989577156906813,0.23585666716098785
13,350,1,0.01,3,51,0.9962645769119263,0.0036451993510127068,0.06037548634183171,0.19948378205299377
13,350,1,0.01,3,52,0.9978182315826416,0.002129055792465806,0.04614169256177981,0.17150364816188812
13,350,1,0.01,3,53,0.9972240924835205,0.0027088955976068974,0.05204705176671295,0.2177048921585083
13,350,1,0.01,3,54,0.9955764412879944,0.0043167234398424625,0.065701776534904,0.29496636986732483
13,350,1,0.01,3,55,0.9969041347503662,0.0030211082194000483,0.05496460878965708,0.24738696217536926
13,350,1,0.01,3,56,0.9963667988777161,0.0035454663448035717,0.05954381869517248,0.24841846525669098
13,350,1,0.01,3,57,0.9962218999862671,0.003686850192025304,0.060719438337531614,0.21450650691986084
13,350,1,0.01,3,58,0.9896605610847473,0.010089737363159657,0.10044768470781025,0.3208308815956116
13,350,1,0.01,3,59,0.9821696877479553,0.017399756237864494,0.13190813560150297,0.28422436118125916
13,350,1,0.01,3,60,0.9944433569908142,0.005422438494861126,0.07363720863029183,0.234878271818161
13,350,1,0.01,3,61,0.9972808957099915,0.002653450472280383,0.051511653752140237,0.20545129477977753
13,350,1,0.01,3,62,0.9846510291099548,0.014978334307670593,0.12238600535874432,0.2907746136188507
13,350,1,0.01,3,63,0.9976745843887329,0.002269252436235547,0.047636671128822035,0.18654902279376984
13,350,1,0.01,3,64,0.9971252083778381,0.0028053957503288984,0.05296598673043766,0.22115930914878845
13,350,1,0.01,3,65,0.9976238012313843,0.002318836748600006,0.04815430145480262,0.20368097722530365
13,350,1,0.01,3,66,0.9933892488479614,0.006451107095927,0.08031878420349128,0.2208157330751419
13,350,1,0.01,3,67,0.9971068501472473,0.002823290415108204,0.05313464420797606,0.21054399013519287
13,350,1,0.01,3,68,0.9975046515464783,0.0024351158645004034,0.04934689315955366,0.21241894364356995
13,350,1,0.01,3,69,0.9972503781318665,0.0026831976138055325,0.051799590865233024,0.22903981804847717
13,350,1,0.01,3,70,0.9975749850273132,0.002366428729146719,0.04864595285475164,0.21037551760673523
13,350,1,0.01,3,71,0.9967185854911804,0.003202146850526333,0.05658751497040962,0.23660409450531006
13,350,1,0.01,3,72,0.9975600838661194,0.0023810190614312887,0.048795686914227254,0.19339314103126526
13,350,1,0.01,3,73,0.9969884753227234,0.0029387944377958775,0.05421064874907768,0.2622266709804535
13,350,1,0.01,3,74,0.985725462436676,0.013929830864071846,0.11802470446509004,0.27341073751449585
13,350,1,0.01,3,75,0.9970705509185791,0.002858722349628806,0.053467021140407724,0.20477014780044556
13,350,1,0.01,3,76,0.9971789717674255,0.002752913162112236,0.052468210967329884,0.26118773221969604
13,350,1,0.01,3,77,0.9769883751869202,0.022455915808677673,0.1498529806466247,0.41267091035842896
13,350,1,0.01,3,78,0.9970430135726929,0.0028855716809630394,0.05371751744973924,0.20345181226730347
13,350,1,0.01,3,79,0.9966027140617371,0.0033152340911328793,0.05757806953287753,0.2339905947446823
13,350,1,0.01,3,80,0.9965887069702148,0.003328926395624876,0.057696849096158416,0.23187734186649323
13,350,1,0.01,3,81,0.9974777698516846,0.002461304422467947,0.04961153517548058,0.16341859102249146
13,350,1,0.01,3,82,0.9975129961967468,0.0024269374553114176,0.049263956959540084,0.190831258893013
13,350,1,0.01,3,83,0.9975094199180603,0.0024304520338773727,0.04929961494654266,0.2154144048690796
13,350,1,0.01,3,84,0.9972323775291443,0.0027007735334336758,0.05196896702296165,0.20115810632705688
13,350,1,0.01,3,85,0.997323215007782,0.002612124430015683,0.05110894667292296,0.21759065985679626
13,350,1,0.01,3,86,0.9976548552513123,0.002288526389747858,0.047838545021225906,0.18330450356006622
13,350,1,0.01,3,87,0.9975064992904663,0.002433285117149353,0.04932833989857507,0.18555061519145966
13,350,1,0.01,3,88,0.9965693950653076,0.003347778460010886,0.05785999014872787,0.191255584359169
13,350,1,0.01,3,89,0.9968096017837524,0.003113366197794676,0.055797546521282416,0.23799410462379456
13,350,1,0.01,3,90,0.997695803642273,0.002248558448627591,0.047418967182210864,0.1879645437002182
13,350,1,0.01,3,91,0.9972085356712341,0.0027240628842264414,0.05219255583152104,0.19974318146705627
13,350,1,0.01,3,92,0.9966225624084473,0.003295883536338806,0.05740978606769761,0.1984625905752182
13,350,1,0.01,3,93,0.9956110119819641,0.004282988607883453,0.06544454605147364,0.18054427206516266
13,350,1,0.01,3,94,0.9976439476013184,0.0022991355508565903,0.04794930188080521,0.16633807122707367
13,350,1,0.01,3,95,0.9975568056106567,0.002384206047281623,0.048828332423723246,0.170041024684906
13,350,1,0.01,3,96,0.9975140690803528,0.0024258745834231377,0.04925316825771858,0.1758524477481842
13,350,1,0.01,3,97,0.9954308867454529,0.0044588060118258,0.06677429154866264,0.2156994342803955
13,350,1,0.01,3,98,0.9973779916763306,0.0025586681440472603,0.05058327929313461,0.20092017948627472
13,350,1,0.01,3,99,0.9953708052635193,0.00451741274446249,0.06721170094903484,0.18994292616844177
13,350,1,0.01,3,100,0.9926843047142029,0.0071390350349247456,0.08449281055169573,0.19808931648731232
14,350,1,0.01,3,1,0.986621618270874,0.013055317103862762,0.11425986654929526,0.4008890688419342
14,350,1,0.01,3,2,0.9935511350631714,0.006293111015111208,0.07932913093631624,0.31158557534217834
14,350,1,0.01,3,3,0.99381023645401,0.006040291395038366,0.07771931159652899,0.3032228648662567
14,350,1,0.01,3,4,0.9946999549865723,0.005172057542949915,0.07191701845147583,0.2635158896446228
14,350,1,0.01,3,5,0.9936046600341797,0.006240923423320055,0.078999515335982,0.27488353848457336
14,350,1,0.01,3,6,0.9923414587974548,0.007473594509065151,0.08644995378289771,0.3061431348323822
14,350,1,0.01,3,7,0.9962119460105896,0.0036965522449463606,0.060799278325867984,0.21568235754966736
14,350,1,0.01,3,8,0.9961060881614685,0.003799866419285536,0.06164305653750093,0.23286142945289612
14,350,1,0.01,3,9,0.9557458758354187,0.04318549111485481,0.2078111910240996,0.5522409081459045
14,350,1,0.01,3,10,0.9953060746192932,0.0045805517584085464,0.06767977362852617,0.22812099754810333
14,350,1,0.01,3,11,0.9966097474098206,0.0033083942253142595,0.05751864241543136,0.19551576673984528
14,350,1,0.01,3,12,0.99048912525177,0.00928118173032999,0.09633889002023009,0.32857343554496765
14,350,1,0.01,3,13,0.9954963326454163,0.00439491355791688,0.0662941442204127,0.2347332388162613
14,350,1,0.01,3,14,0.9911255240440369,0.008660146966576576,0.09305991063060708,0.30567729473114014
14,350,1,0.01,3,15,0.9956095218658447,0.004284479655325413,0.06545593674622198,0.20887422561645508
14,350,1,0.01,3,16,0.9969377517700195,0.0029883140232414007,0.05466547377679444,0.21581046283245087
14,350,1,0.01,3,17,0.996934711933136,0.0029912854079157114,0.0546926449160736,0.22049148380756378
14,350,1,0.01,3,18,0.996518611907959,0.0033973471727222204,0.05828676670327683,0.25302767753601074
14,350,1,0.01,3,19,0.9960633516311646,0.0038416110910475254,0.06198073161110254,0.23544621467590332
14,350,1,0.01,3,20,0.9944244623184204,0.005440893117338419,0.07376240992089683,0.287178635597229
14,350,1,0.01,3,21,0.996189534664154,0.003718474879860878,0.060979298781314945,0.24495811760425568
14,350,1,0.01,3,22,0.9946272373199463,0.005243043415248394,0.07240886282250533,0.23692817986011505
14,350,1,0.01,3,23,0.9636490941047668,0.03547307848930359,0.18834298099293106,0.37497738003730774
14,350,1,0.01,3,24,0.9967201352119446,0.003200686536729336,0.05657461035419807,0.2260923832654953
14,350,1,0.01,3,25,0.9961598515510559,0.0037474348209798336,0.06121629538758314,0.26787975430488586
14,350,1,0.01,3,26,0.996936559677124,0.0029894711915403605,0.05467605683972063,0.22978048026561737
14,350,1,0.01,3,27,0.9974558353424072,0.002482701325789094,0.049826712973956994,0.20314109325408936
14,350,1,0.01,3,28,0.9971179962158203,0.002812398597598076,0.053032052549359956,0.21791312098503113
14,350,1,0.01,3,29,0.9958328008651733,0.004066580440849066,0.06376974549775988,0.230345219373703
14,350,1,0.01,3,30,0.9962472319602966,0.0036621401086449623,0.060515618716534346,0.2341218739748001
14,350,1,0.01,3,31,0.9970980286598206,0.002831913297995925,0.053215724161153014,0.19883832335472107
14,350,1,0.01,3,32,0.9959309101104736,0.003970839083194733,0.06301459420796687,0.20656102895736694
14,350,1,0.01,3,33,0.9966567158699036,0.0032625452149659395,0.057118694093667266,0.194951131939888
14,350,1,0.01,3,34,0.9975416660308838,0.0023989775218069553,0.04897935811958907,0.23051340878009796
14,350,1,0.01,3,35,0.9609747529029846,0.03808288648724556,0.19514837044476072,0.5052816867828369
14,350,1,0.01,3,36,0.995804488658905,0.004094222094863653,0.06398610860853825,0.2433909922838211
14,350,1,0.01,3,37,0.9946640729904175,0.00520709902048111,0.0721602315716982,0.26477181911468506
14,350,1,0.01,3,38,0.9954882860183716,0.00440279021859169,0.06635352453782459,0.22864273190498352
14,350,1,0.01,3,39,0.9962071776390076,0.0037012093234807253,0.060837565068637696,0.2419455647468567
14,350,1,0.01,3,40,0.9720705151557922,0.027255062013864517,0.16509107187811373,0.4446084201335907
14,350,1,0.01,3,41,0.9955970644950867,0.004296633880585432,0.06554871379810158,0.23648174107074738
14,350,1,0.01,3,42,0.9969279170036316,0.0029979257378727198,0.0547533171403589,0.2085387408733368
14,350,1,0.01,3,43,0.9968110918998718,0.0031118979677557945,0.05578438820813395,0.2542162835597992
14,350,1,0.01,3,44,0.9969742894172668,0.0029526411090046167,0.05433821039567476,0.21857236325740814
14,350,1,0.01,3,45,0.9959201812744141,0.0039812843315303326,0.06309741937298492,0.20501843094825745
14,350,1,0.01,3,46,0.9915305972099304,0.008264866657555103,0.0909113120439646,0.2845355272293091
14,350,1,0.01,3,47,0.9973142147064209,0.0026209517382085323,0.051195231596395115,0.18156014382839203
14,350,1,0.01,3,48,0.9877767562866211,0.011928066611289978,0.1092156884851713,0.30316877365112305
14,350,1,0.01,3,49,0.99712735414505,0.0028032478876411915,0.05294570698027548,0.18590503931045532
14,350,1,0.01,3,50,0.9966867566108704,0.0032332297414541245,0.05686149612395126,0.18121472001075745
14,350,1,0.01,3,51,0.9968332648277283,0.003090259851887822,0.055590105701355,0.2061481773853302
14,350,1,0.01,3,52,0.997421145439148,0.0025165919214487076,0.050165644832382124,0.19196940958499908
14,350,1,0.01,3,53,0.9967503547668457,0.0031711882911622524,0.05631330474374819,0.2192753702402115
14,350,1,0.01,3,54,0.9969505071640015,0.0029758268501609564,0.05455113976958645,0.19853226840496063
14,350,1,0.01,3,55,0.9974800944328308,0.002459073206409812,0.04958904320925956,0.20772139728069305
14,350,1,0.01,3,56,0.9968457221984863,0.0030781212262809277,0.05548081854371768,0.2335110455751419
14,350,1,0.01,3,57,0.9927203059196472,0.007103919051587582,0.08428474981624838,0.21508459746837616
14,350,1,0.01,3,58,0.9973422288894653,0.0025935969315469265,0.05092736917951807,0.1824244260787964
14,350,1,0.01,3,59,0.9938482642173767,0.006003171671181917,0.07748013726873434,0.22879424691200256
14,350,1,0.01,3,60,0.9964186549186707,0.003494847100228071,0.05911723183834026,0.20892782509326935
14,350,1,0.01,3,61,0.996575653553009,0.0033416748046875,0.057807221042768524,0.23635169863700867
14,350,1,0.01,3,62,0.9974567890167236,0.002481781179085374,0.04981747865042323,0.18834355473518372
14,350,1,0.01,3,63,0.9966657757759094,0.003253692528232932,0.057041147676330395,0.24659733474254608
14,350,1,0.01,3,64,0.9971358776092529,0.0027949761133641005,0.05286753364177395,0.20458564162254333
14,350,1,0.01,3,65,0.9973728656768799,0.002563688438385725,0.05063287902525122,0.20964395999908447
14,350,1,0.01,3,66,0.9966408610343933,0.003277998184785247,0.05725380498085037,0.22295230627059937
14,350,1,0.01,3,67,0.9968394637107849,0.003084209281951189,0.055535657752035214,0.22004763782024384
14,350,1,0.01,3,68,0.9973605871200562,0.0025756757240742445,0.05075111549586122,0.1911548376083374
14,350,1,0.01,3,69,0.9954530596733093,0.004437156021595001,0.0666119810664343,0.2210746556520462
14,350,1,0.01,3,70,0.9943475127220154,0.005515994504094124,0.07426974151088803,0.25552240014076233
14,350,1,0.01,3,71,0.9890140295028687,0.010720704682171345,0.10354083581935847,0.3205285668373108
14,350,1,0.01,3,72,0.9971891045570374,0.0027430462650954723,0.05237409918170882,0.21577772498130798
14,350,1,0.01,3,73,0.9973155856132507,0.002619602018967271,0.051182047819203866,0.2078959047794342
14,350,1,0.01,3,74,0.9976157546043396,0.002326648449525237,0.04823534440143697,0.23407357931137085
14,350,1,0.01,3,75,0.9972659349441528,0.002668058266863227,0.05165325030298894,0.23253481090068817
14,350,1,0.01,3,76,0.9944596886634827,0.0054065268486738205,0.07352908845262411,0.2946360409259796
14,350,1,0.01,3,77,0.9920642971992493,0.0077440571039915085,0.08800032445389908,0.26912590861320496
14,350,1,0.01,3,78,0.9961993098258972,0.003708901349455118,0.060900749990908304,0.2289452999830246
14,350,1,0.01,3,79,0.9969684481620789,0.00295831891708076,0.05439043038146288,0.20421285927295685
14,350,1,0.01,3,80,0.9906384348869324,0.009135528467595577,0.09557995850383896,0.2677247226238251
14,350,1,0.01,3,81,0.9967813491821289,0.003140900284051895,0.05604373545769317,0.25571194291114807
14,350,1,0.01,3,82,0.9973165988922119,0.0026185750029981136,0.05117201386498399,0.18515461683273315
14,350,1,0.01,3,83,0.9971977472305298,0.0027345726266503334,0.052293141296448555,0.20456019043922424
14,350,1,0.01,3,84,0.9971101880073547,0.0028200119268149137,0.0531037844867474,0.20372651517391205
14,350,1,0.01,3,85,0.9962093830108643,0.0036990984808653593,0.06082021440989303,0.23077182471752167
14,350,1,0.01,3,86,0.9972730278968811,0.0026611292269080877,0.05158613405662502,0.19737733900547028
14,350,1,0.01,3,87,0.9976298213005066,0.0023129251785576344,0.048092880747129654,0.19274111092090607
14,350,1,0.01,3,88,0.9976924061775208,0.002251848578453064,0.04745364662966445,0.20354831218719482
14,350,1,0.01,3,89,0.9977371096611023,0.002208252437412739,0.04699204653356501,0.20387698709964752
14,350,1,0.01,3,90,0.9977365732192993,0.0022087465040385723,0.046997303157080964,0.1727362871170044
14,350,1,0.01,3,91,0.9929376244544983,0.006891841534525156,0.08301711591307635,0.26733362674713135
14,350,1,0.01,3,92,0.9917463660240173,0.008054351434111595,0.08974603854272117,0.2164958417415619
14,350,1,0.01,3,93,0.9976315498352051,0.0023112737108021975,0.04807570811545263,0.18292278051376343
14,350,1,0.01,3,94,0.9966931939125061,0.0032269691582769156,0.056806418284177325,0.22880160808563232
14,350,1,0.01,3,95,0.9977679252624512,0.0021781553514301777,0.04667071192332701,0.1989753544330597
14,350,1,0.01,3,96,0.9964283108711243,0.003485462162643671,0.05903780282703339,0.21801914274692535
14,350,1,0.01,3,97,0.9974386692047119,0.002499451395124197,0.049994513650241636,0.18533428013324738
14,350,1,0.01,3,98,0.99651700258255,0.0033989090006798506,0.05830016295586017,0.22343845665454865
14,350,1,0.01,3,99,0.9969047904014587,0.003020463278517127,0.05495874160237957,0.18723104894161224
14,350,1,0.01,3,100,0.9976606369018555,0.0022828998044133186,0.04777970075684149,0.21640197932720184
15,350,1,0.01,3,1,0.9889674186706543,0.010766169987618923,0.10376015606975023,0.43282580375671387
15,350,1,0.01,3,2,0.9938077330589294,0.006042757071554661,0.07773517267977643,0.3418962359428406
15,350,1,0.01,3,3,0.9934003353118896,0.0064402986317873,0.08025147121260333,0.2584388852119446
15,350,1,0.01,3,4,0.9945433139801025,0.005324897356331348,0.07297189429041395,0.25333040952682495
15,350,1,0.01,3,5,0.9947083592414856,0.005163848400115967,0.07185992207145765,0.246429905295372
15,350,1,0.01,3,6,0.9954648613929749,0.004425618331879377,0.06652532098291129,0.23901456594467163
15,350,1,0.01,3,7,0.9905824661254883,0.009190145879983902,0.09586524855224599,0.3020523190498352
15,350,1,0.01,3,8,0.9952001571655273,0.004683943465352058,0.06843934150291087,0.2649426758289337
15,350,1,0.01,3,9,0.9955552220344543,0.004337456542998552,0.0658593694397278,0.22993557155132294
15,350,1,0.01,3,10,0.9962364435195923,0.0036726798862218857,0.060602639267790026,0.22497715055942535
15,350,1,0.01,3,11,0.9930770993232727,0.0067557222209870815,0.08219320057636813,0.23927730321884155
15,350,1,0.01,3,12,0.9945803880691528,0.005288736429065466,0.07272369922566828,0.21320144832134247
15,350,1,0.01,3,13,0.9911830425262451,0.008604060858488083,0.0927580770525569,0.2780599594116211
15,350,1,0.01,3,14,0.9949954748153687,0.00488368421792984,0.06988336152425582,0.2303224503993988
15,350,1,0.01,3,15,0.9958305358886719,0.004068770911544561,0.06378691802826471,0.1877640038728714
15,350,1,0.01,3,16,0.9966623783111572,0.003257035044953227,0.05707043932679358,0.20510295033454895
15,350,1,0.01,3,17,0.9954226016998291,0.004466845653951168,0.06683446456695204,0.2200893610715866
15,350,1,0.01,3,18,0.9951733946800232,0.00471006752923131,0.06862993172975848,0.23009085655212402
15,350,1,0.01,3,19,0.9875988960266113,0.01210163626819849,0.1100074373312936,0.357923686504364
15,350,1,0.01,3,20,0.9923145174980164,0.007499906700104475,0.08660200170957064,0.31338611245155334
15,350,1,0.01,3,21,0.9966982007026672,0.0032220950815826654,0.05676350131539337,0.20130136609077454
15,350,1,0.01,3,22,0.9965912699699402,0.003326387144625187,0.05767483978846571,0.19360469281673431
15,350,1,0.01,3,23,0.9967573285102844,0.00316438521258533,0.056252868483174526,0.1987185776233673
15,350,1,0.01,3,24,0.9973885416984558,0.0025483814533799887,0.05048149614839074,0.2211853414773941
15,350,1,0.01,3,25,0.9959545731544495,0.003947722725570202,0.06283090581529285,0.20263198018074036
15,350,1,0.01,3,26,0.9956572651863098,0.00423783902078867,0.06509868678236658,0.24754370748996735
15,350,1,0.01,3,27,0.9948640465736389,0.005011934321373701,0.07079501621847191,0.2553904354572296
15,350,1,0.01,3,28,0.9968155026435852,0.003107626223936677,0.05574608707287604,0.2056744396686554
15,350,1,0.01,3,29,0.9936069250106812,0.006238666363060474,0.07898522876500691,0.2087286412715912
15,350,1,0.01,3,30,0.9968274235725403,0.0030959593132138252,0.05564134535769085,0.24402430653572083
15,350,1,0.01,3,31,0.9948385953903198,0.005036761052906513,0.07097014198172717,0.30140596628189087
15,350,1,0.01,3,32,0.9971784949302673,0.002753372071310878,0.05247258399689192,0.23498474061489105
15,350,1,0.01,3,33,0.9931089878082275,0.006724581588059664,0.08200354619197675,0.2634904682636261
15,350,1,0.01,3,34,0.9910433888435364,0.008740316145122051,0.09348965795809744,0.2913765013217926
15,350,1,0.01,3,35,0.9967392683029175,0.003181985579431057,0.05640909128350728,0.1992042362689972
15,350,1,0.01,3,36,0.9969382882118225,0.002987770363688469,0.05466050094619029,0.1983422189950943
15,350,1,0.01,3,37,0.9970342516899109,0.00289412890560925,0.053797108710499024,0.20972800254821777
15,350,1,0.01,3,38,0.9957684874534607,0.004129311535507441,0.06425971938553296,0.19066180288791656
15,350,1,0.01,3,39,0.9971883893013,0.002743716351687908,0.052380495909144544,0.19729676842689514
15,350,1,0.01,3,40,0.9779427647590637,0.021524569019675255,0.14671253872684248,0.3257519602775574
15,350,1,0.01,3,41,0.9969663619995117,0.0029603643342852592,0.054409230230589176,0.19672371447086334
15,350,1,0.01,3,42,0.9949522018432617,0.004925928544253111,0.07018495953018077,0.2318272888660431
15,350,1,0.01,3,43,0.9971447587013245,0.0027862866409122944,0.05278528811053601,0.20101995766162872
15,350,1,0.01,3,44,0.9967103004455566,0.0032102777622640133,0.05665931311147368,0.21079765260219574
15,350,1,0.01,3,45,0.9958483576774597,0.004051389638334513,0.06365052740028564,0.22304797172546387
15,350,1,0.01,3,46,0.996628999710083,0.0032895703334361315,0.05735477602986635,0.1997055560350418
15,350,1,0.01,3,47,0.9970635771751404,0.0028655282221734524,0.05353062882288468,0.18920288980007172
15,350,1,0.01,3,48,0.9972358345985413,0.002697387943044305,0.05193638361538378,0.18811272084712982
15,350,1,0.01,3,49,0.9974064826965332,0.002530916128307581,0.050308211340770015,0.21049678325653076
15,350,1,0.01,3,50,0.9913058280944824,0.008484244346618652,0.09210995791237044,0.26930490136146545
15,350,1,0.01,3,51,0.9972702264785767,0.002663831925019622,0.051612323383273706,0.21290813386440277
15,350,1,0.01,3,52,0.996389627456665,0.003523159772157669,0.05935621089791421,0.19767242670059204
15,350,1,0.01,3,53,0.99215167760849,0.007658814545720816,0.08751465332000588,0.2678655683994293
15,350,1,0.01,3,54,0.9945346713066101,0.0053333500400185585,0.07302978871678706,0.2395833134651184
15,350,1,0.01,3,55,0.9954630732536316,0.004427365027368069,0.06653844773789112,0.23458422720432281
15,350,1,0.01,3,56,0.9959189891815186,0.003982475958764553,0.0631068614238147,0.19722117483615875
15,350,1,0.01,3,57,0.997117280960083,0.002813104074448347,0.05303870355173047,0.20275267958641052
15,350,1,0.01,3,58,0.9945313930511475,0.005336524918675423,0.07305152235700103,0.21333962678909302
15,350,1,0.01,3,59,0.9977397918701172,0.002205607946962118,0.04696390046580584,0.17963232100009918
15,350,1,0.01,3,60,0.9959691166877747,0.003933558706194162,0.06271808914654657,0.17461714148521423
15,350,1,0.01,3,61,0.9972328543663025,0.002700346289202571,0.05196485628963647,0.18292424082756042
15,350,1,0.01,3,62,0.9938889145851135,0.005963485687971115,0.07722360835891519,0.24658934772014618
15,350,1,0.01,3,63,0.9866669178009033,0.013011087663471699,0.11406615476762465,0.31640875339508057
15,350,1,0.01,3,64,0.995140016078949,0.00474264333024621,0.06886685218772678,0.2337469756603241
15,350,1,0.01,3,65,0.9951099753379822,0.004771952051669359,0.06907931710482783,0.21077418327331543
15,350,1,0.01,3,66,0.9968311786651611,0.003092312254011631,0.055608562775993686,0.1976991891860962
15,350,1,0.01,3,67,0.9963626265525818,0.0035495348274707794,0.059577972670029476,0.1943608969449997
15,350,1,0.01,3,68,0.9926364421844482,0.007185765542089939,0.08476889489718466,0.26359105110168457
15,350,1,0.01,3,69,0.9972308874130249,0.002702237805351615,0.05198305305916165,0.20827054977416992
15,350,1,0.01,3,70,0.9954665899276733,0.004423942416906357,0.0665127237219042,0.23134265840053558
15,350,1,0.01,3,71,0.997090220451355,0.0028394919354468584,0.05328688333395807,0.20395438373088837
15,350,1,0.01,3,72,0.9975166916847229,0.002423358615487814,0.04922762045323554,0.19170503318309784
15,350,1,0.01,3,73,0.9968727827072144,0.003051714040338993,0.05524232109840238,0.23184576630592346
15,350,1,0.01,3,74,0.9972856640815735,0.0026487745344638824,0.05146624655503724,0.208255797624588
15,350,1,0.01,3,75,0.9977884292602539,0.0021581647451967,0.04645605176074157,0.1822950541973114
15,350,1,0.01,3,76,0.9975455403327942,0.0023952177725732327,0.048940962113277184,0.17603406310081482
15,350,1,0.01,3,77,0.997126579284668,0.00280401692725718,0.05295296901267369,0.19324760138988495
15,350,1,0.01,3,78,0.9971859455108643,0.002746093552559614,0.05240318265677777,0.1975395679473877
15,350,1,0.01,3,79,0.996724009513855,0.003196857636794448,0.05654076084378815,0.18786032497882843
15,350,1,0.01,3,80,0.9887039065361023,0.01102331094443798,0.10499195657019628,0.32229679822921753
15,350,1,0.01,3,81,0.9974830746650696,0.002456149784848094,0.04955955795654451,0.17928554117679596
15,350,1,0.01,3,82,0.9976778030395508,0.0022661250550299883,0.04760383445721561,0.18416723608970642
15,350,1,0.01,3,83,0.9970526695251465,0.002876183483749628,0.053630061381184604,0.20540925860404968
15,350,1,0.01,3,84,0.9799467921257019,0.019568970426917076,0.13988913620048227,0.3588581085205078
15,350,1,0.01,3,85,0.997173011302948,0.0027587024960666895,0.052523351911951406,0.1978793740272522
15,350,1,0.01,3,86,0.9975265264511108,0.002413731999695301,0.0491297465869233,0.2178838551044464
15,350,1,0.01,3,87,0.9972748756408691,0.0026593124493956566,0.05156852188492178,0.1949954777956009
15,350,1,0.01,3,88,0.9959765672683716,0.003926299046725035,0.06266018709455817,0.1774933934211731
15,350,1,0.01,3,89,0.9973107576370239,0.0026243056636303663,0.051227977352520625,0.1698644459247589
15,350,1,0.01,3,90,0.9974517226219177,0.00248672254383564,0.0498670486778157,0.16691799461841583
15,350,1,0.01,3,91,0.9788042306900024,0.02068392187356949,0.14381905949341167,0.2963752746582031
15,350,1,0.01,3,92,0.9972440004348755,0.0026894703041762114,0.051860103202521796,0.18994762003421783
15,350,1,0.01,3,93,0.9968507885932922,0.0030731649603694677,0.055436134067677084,0.1740075945854187
15,350,1,0.01,3,94,0.997363805770874,0.0025725597515702248,0.05072040764396738,0.17159079015254974
15,350,1,0.01,3,95,0.9975029230117798,0.0024367920123040676,0.04936387355449395,0.185988649725914
15,350,1,0.01,3,96,0.9975212812423706,0.002418836345896125,0.04918166676614493,0.18693052232265472
15,350,1,0.01,3,97,0.9945093989372253,0.005358039401471615,0.07319862977864829,0.1807866096496582
15,350,1,0.01,3,98,0.9976710081100464,0.0022727774921804667,0.04767365616543865,0.17819784581661224
15,350,1,0.01,3,99,0.9970089197158813,0.0029188350308686495,0.05402624390857326,0.18061013519763947
15,350,1,0.01,3,100,0.9968348741531372,0.0030886714812368155,0.05557581741402294,0.1662854552268982
16,350,1,0.01,3,1,0.9597130417823792,0.03931409865617752,0.19827783198375334,0.678186297416687
16,350,1,0.01,3,2,0.9917514324188232,0.008049356751143932,0.08971820746729134,0.3379717171192169
16,350,1,0.01,3,3,0.992221474647522,0.007590672466903925,0.08712446537513975,0.3011285364627838
16,350,1,0.01,3,4,0.9941003322601318,0.0057571870274841785,0.0758761294972548,0.285768061876297
16,350,1,0.01,3,5,0.9926773309707642,0.007145815994590521,0.08453292846335397,0.28261351585388184
16,350,1,0.01,3,6,0.9954490065574646,0.004441102501004934,0.06664159737735084,0.2889784276485443
16,350,1,0.01,3,7,0.9937577247619629,0.006091521121561527,0.0780481974267281,0.31484895944595337
16,350,1,0.01,3,8,0.9947412014007568,0.005131780169904232,0.07163644442533586,0.25560030341148376
16,350,1,0.01,3,9,0.9940720200538635,0.005784804932773113,0.07605790513005938,0.2989214062690735
16,350,1,0.01,3,10,0.9955335855484009,0.004358578938990831,0.06601953452570558,0.22956056892871857
16,350,1,0.01,3,11,0.9955551028251648,0.004337547812610865,0.06586006234897493,0.2524588406085968
16,350,1,0.01,3,12,0.981174886226654,0.018370505422353745,0.1355378376039464,0.40527644753456116
16,350,1,0.01,3,13,0.9917284250259399,0.008071817457675934,0.08984329389373441,0.2820601165294647
16,350,1,0.01,3,14,0.9953368902206421,0.004550487734377384,0.06745730304701919,0.23219770193099976
16,350,1,0.01,3,15,0.9950946569442749,0.004786871839314699,0.0691872230929577,0.24434228241443634
16,350,1,0.01,3,16,0.9950799345970154,0.004801248200237751,0.06929103982650102,0.2610520124435425
16,350,1,0.01,3,17,0.9957758188247681,0.004122160840779543,0.06420405626422324,0.2602810263633728
16,350,1,0.01,3,18,0.9914655089378357,0.00832841545343399,0.0912601526047047,0.33347681164741516
16,350,1,0.01,3,19,0.9940300583839417,0.005825792904943228,0.07632688192860512,0.2718389630317688
16,350,1,0.01,3,20,0.9963982105255127,0.0035148400347679853,0.059286086350576264,0.23571409285068512
16,350,1,0.01,3,21,0.9900969862937927,0.009663879871368408,0.09830503482207006,0.30737125873565674
16,350,1,0.01,3,22,0.9962982535362244,0.00361235230229795,0.060102847705395375,0.21369890868663788
16,350,1,0.01,3,23,0.9960083961486816,0.0038951898459345102,0.06241145604722349,0.22048602998256683
16,350,1,0.01,3,24,0.9944512844085693,0.005414733197540045,0.0735848707109012,0.28001731634140015
16,350,1,0.01,3,25,0.996121346950531,0.003784980857744813,0.06152219808934668,0.2058142125606537
16,350,1,0.01,3,26,0.993398129940033,0.006442458834499121,0.08026492904437853,0.3226715326309204
16,350,1,0.01,3,27,0.9936661720275879,0.006180850323289633,0.07861838413049223,0.310218870639801
16,350,1,0.01,3,28,0.9955340027809143,0.004358178004622459,0.06601649797302535,0.24375924468040466
16,350,1,0.01,3,29,0.970768928527832,0.028525184839963913,0.1688940047484336,0.4857892096042633
16,350,1,0.01,3,30,0.9956504106521606,0.004244525916874409,0.0651500262231291,0.2473304271697998
16,350,1,0.01,3,31,0.995120644569397,0.004761537536978722,0.0690038950855582,0.24475640058517456
16,350,1,0.01,3,32,0.9953272342681885,0.004559936933219433,0.06752730509371326,0.2751275300979614
16,350,1,0.01,3,33,0.9965890049934387,0.0033286309335380793,0.057694288569476955,0.23119550943374634
16,350,1,0.01,3,34,0.9955254197120667,0.00436651473864913,0.06607960909879182,0.2477443665266037
16,350,1,0.01,3,35,0.9968822598457336,0.00304246274754405,0.05515852379772369,0.21315492689609528
16,350,1,0.01,3,36,0.9957727193832397,0.004125211387872696,0.06422780852460012,0.2597959637641907
16,350,1,0.01,3,37,0.9961802959442139,0.0037274665664881468,0.061052981634709264,0.24091531336307526
16,350,1,0.01,3,38,0.9967915415763855,0.003130993340164423,0.05595527982384167,0.2147873044013977
16,350,1,0.01,3,39,0.9946624636650085,0.005208630580455065,0.07217084300778996,0.27515414357185364
16,350,1,0.01,3,40,0.9964755177497864,0.0034393994137644768,0.05864639301580683,0.21265606582164764
16,350,1,0.01,3,41,0.9942282438278198,0.005632396321743727,0.0750492926132134,0.25410521030426025
16,350,1,0.01,3,42,0.9939314126968384,0.005922019947320223,0.07695466163475884,0.2511816918849945
16,350,1,0.01,3,43,0.9964062571525574,0.0035069661680608988,0.059219643430713925,0.2311595380306244
16,350,1,0.01,3,44,0.9967447519302368,0.003176648635417223,0.0563617657230256,0.23218600451946259
16,350,1,0.01,3,45,0.9956888556480408,0.0042070490308105946,0.06486176863770055,0.23870906233787537
16,350,1,0.01,3,46,0.9949910640716553,0.004887951072305441,0.0699138832586593,0.2669787108898163
16,350,1,0.01,3,47,0.9971545934677124,0.0027766774874180555,0.05269418836473388,0.20979458093643188
16,350,1,0.01,3,48,0.996841549873352,0.0030821675900369883,0.05551727289805388,0.2356400191783905
16,350,1,0.01,3,49,0.9796448349952698,0.019863611087203026,0.14093832369942189,0.4224727749824524
16,350,1,0.01,3,50,0.9962344169616699,0.003674658015370369,0.06061895755760213,0.21655185520648956
16,350,1,0.01,3,51,0.9577063918113708,0.04127229377627373,0.20315583618560834,0.5366125106811523
16,350,1,0.01,3,52,0.9964214563369751,0.0034921024926006794,0.059094014016655524,0.2092755138874054
16,350,1,0.01,3,53,0.9965254068374634,0.0033906882163137197,0.05822961631604419,0.21357354521751404
16,350,1,0.01,3,54,0.9955465197563171,0.004345961380749941,0.06592390598826757,0.2276209592819214
16,350,1,0.01,3,55,0.9961512684822083,0.0037557685282081366,0.061284325305971485,0.2737530767917633
16,350,1,0.01,3,56,0.9969839453697205,0.002943233819678426,0.054251578960233277,0.20956790447235107
16,350,1,0.01,3,57,0.997167706489563,0.002763926750048995,0.052573061067898594,0.20439830422401428
16,350,1,0.01,3,58,0.9966415166854858,0.003277383977547288,0.05724844083070986,0.21410267055034637
16,350,1,0.01,3,59,0.9958277344703674,0.004071492236107588,0.06380824583161324,0.20588675141334534
16,350,1,0.01,3,60,0.9959517121315002,0.003950533922761679,0.06285327296777535,0.23193737864494324
16,350,1,0.01,3,61,0.9973433613777161,0.0025925072841346264,0.050916670002413025,0.20336991548538208
16,350,1,0.01,3,62,0.9962490200996399,0.0036604192573577166,0.060501398804967445,0.21966885030269623
16,350,1,0.01,3,63,0.996315598487854,0.003595417132601142,0.05996179727627535,0.19137077033519745
16,350,1,0.01,3,64,0.9970346689224243,0.0028937184251844883,0.05379329349635034,0.21903608739376068
16,350,1,0.01,3,65,0.9953515529632568,0.004536185879260302,0.06735121290118168,0.23259222507476807
16,350,1,0.01,3,66,0.9951176643371582,0.004764446057379246,0.06902496691327889,0.24735455214977264
16,350,1,0.01,3,67,0.9973896145820618,0.0025473490823060274,0.050471269870155114,0.20122607052326202
16,350,1,0.01,3,68,0.9974057078361511,0.0025316434912383556,0.050315439889146905,0.17332704365253448
16,350,1,0.01,3,69,0.9948524832725525,0.005023191682994366,0.07087447836135632,0.24790412187576294
16,350,1,0.01,3,70,0.9970136880874634,0.002914225682616234,0.05398356863543048,0.2357952743768692
16,350,1,0.01,3,71,0.9968807697296143,0.003043926088139415,0.055171787066755545,0.21765798330307007
16,350,1,0.01,3,72,0.9968549013137817,0.003069155616685748,0.055399960439387934,0.2050793170928955
16,350,1,0.01,3,73,0.9932031631469727,0.00663268705829978,0.08144131051438072,0.2593250572681427
16,350,1,0.01,3,74,0.9971266388893127,0.002803973387926817,0.05295255789786568,0.21829470992088318
16,350,1,0.01,3,75,0.9966319799423218,0.0032866753172129393,0.05732953267917801,0.22616755962371826
16,350,1,0.01,3,76,0.9972202181816101,0.0027126448694616556,0.05208305741276769,0.2075962871313095
16,350,1,0.01,3,77,0.9968848824501038,0.0030398969538509846,0.055135260531269686,0.2325695902109146
16,350,1,0.01,3,78,0.997118353843689,0.0028120572678744793,0.05302883430620062,0.20908890664577484
16,350,1,0.01,3,79,0.99715656042099,0.002774803200736642,0.052676400795200896,0.22473444044589996
16,350,1,0.01,3,80,0.996826171875,0.003097161650657654,0.05565214866164337,0.2500218152999878
16,350,1,0.01,3,81,0.9890525937080383,0.010683052241802216,0.10335885178252618,0.2251857966184616
16,350,1,0.01,3,82,0.9952595829963684,0.004625920671969652,0.06801412112179096,0.24263538420200348
16,350,1,0.01,3,83,0.9954565167427063,0.004433790687471628,0.06658671554801024,0.22328193485736847
16,350,1,0.01,3,84,0.9973698854446411,0.0025666251312941313,0.05066187058621238,0.2312432825565338
16,350,1,0.01,3,85,0.9965894222259521,0.0033281974028795958,0.05769053131042906,0.22918003797531128
16,350,1,0.01,3,86,0.9975294470787048,0.002410898683592677,0.04910090308327004,0.2109908163547516
16,350,1,0.01,3,87,0.9962722659111023,0.0036377408541738987,0.0603136871213649,0.21580566465854645
16,350,1,0.01,3,88,0.9965423941612244,0.0033741160295903683,0.05808714168893464,0.19589440524578094
16,350,1,0.01,3,89,0.9959945678710938,0.003908720798790455,0.06251976326563029,0.20306676626205444
16,350,1,0.01,3,90,0.9933369159698486,0.006502185016870499,0.0806361272437516,0.2328735738992691
16,350,1,0.01,3,91,0.9977273941040039,0.0022177037317305803,0.04709250186314781,0.21341246366500854
16,350,1,0.01,3,92,0.9975113272666931,0.00242856377735734,0.049280460401231435,0.17943152785301208
16,350,1,0.01,3,93,0.9845564961433411,0.015070549212396145,0.12276216523178525,0.23840631544589996
16,350,1,0.01,3,94,0.9970137476921082,0.0029141358099877834,0.053982736221756894,0.21176283061504364
16,350,1,0.01,3,95,0.9968281388282776,0.0030952561646699905,0.055635026419244116,0.23496800661087036
16,350,1,0.01,3,96,0.997508704662323,0.0024311330635100603,0.04930652151095289,0.19958119094371796
16,350,1,0.01,3,97,0.9971315264701843,0.0027992292307317257,0.052907742635003106,0.19779051840305328
16,350,1,0.01,3,98,0.9965253472328186,0.0033907510805875063,0.058230156109935906,0.22968298196792603
16,350,1,0.01,3,99,0.9962460994720459,0.003663254901766777,0.060524828804109615,0.23037655651569366
16,350,1,0.01,3,100,0.9964460134506226,0.0034681891556829214,0.05889133345139097,0.22378265857696533
17,350,1,0.01,3,1,0.9843862652778625,0.01523667760193348,0.12343693775338677,0.4078672528266907
17,350,1,0.01,3,2,0.9942896366119385,0.0055724517442286015,0.07464885628211997,0.2767965793609619
17,350,1,0.01,3,3,0.9939219355583191,0.005931308027356863,0.0770149857323681,0.27175718545913696
17,350,1,0.01,3,4,0.9905957579612732,0.009177175350487232,0.09579757486746328,0.3732418715953827
17,350,1,0.01,3,5,0.9939098358154297,0.005943117197602987,0.07709161561157599,0.2525372803211212
17,350,1,0.01,3,6,0.995460569858551,0.00442978460341692,0.06655662704357035,0.22413209080696106
17,350,1,0.01,3,7,0.9934688806533813,0.006373420357704163,0.0798337043967281,0.34592247009277344
17,350,1,0.01,3,8,0.9953418374061584,0.004545663017779589,0.06742153230073897,0.24994617700576782
17,350,1,0.01,3,9,0.9958705902099609,0.004029667004942894,0.0634796581980629,0.26567357778549194
17,350,1,0.01,3,10,0.9950392246246338,0.004840997979044914,0.0695772806241011,0.2882820963859558
17,350,1,0.01,3,11,0.9950611591339111,0.004819581750780344,0.06942320758060912,0.2740054428577423
17,350,1,0.01,3,12,0.9969603419303894,0.00296628475189209,0.05446360942769116,0.18640194833278656
17,350,1,0.01,3,13,0.9954251646995544,0.004464337602257729,0.06681569877100538,0.23004411160945892
17,350,1,0.01,3,14,0.9969070553779602,0.003018238814547658,0.05493850029394375,0.21652698516845703
17,350,1,0.01,3,15,0.9897667169570923,0.009986181743443012,0.0999308848326833,0.31243661046028137
17,350,1,0.01,3,16,0.995048999786377,0.004831466358155012,0.06950875022725565,0.2290521115064621
17,350,1,0.01,3,17,0.9952878355979919,0.004598373547196388,0.06781130840203858,0.22856737673282623
17,350,1,0.01,3,18,0.9963983297348022,0.003514717100188136,0.059285049550355746,0.22407233715057373
17,350,1,0.01,3,19,0.9959368109703064,0.00396504532545805,0.06296860587195853,0.23165568709373474
17,350,1,0.01,3,20,0.9952414035797119,0.004643705673515797,0.06814474061522134,0.19432435929775238
17,350,1,0.01,3,21,0.9943534135818481,0.005510247778147459,0.07423104322416235,0.2592887580394745
17,350,1,0.01,3,22,0.997171938419342,0.0027597537264227867,0.052533358225253284,0.20183902978897095
17,350,1,0.01,3,23,0.994290828704834,0.005571311805397272,0.0746412205513634,0.24086834490299225
17,350,1,0.01,3,24,0.9851842522621155,0.014457955956459045,0.12024124066417081,0.33765870332717896
17,350,1,0.01,3,25,0.9968709349632263,0.0030534930992871523,0.055258421071246254,0.18863925337791443
17,350,1,0.01,3,26,0.9961936473846436,0.003714425954967737,0.0609460905634458,0.235453799366951
17,350,1,0.01,3,27,0.9913085103034973,0.008481626398861408,0.0920957458239055,0.3032221794128418
17,350,1,0.01,3,28,0.992651104927063,0.00717143714427948,0.0846843382466881,0.2072433978319168
17,350,1,0.01,3,29,0.9967338442802429,0.003187255933880806,0.056455787425921236,0.2090393304824829
17,350,1,0.01,3,30,0.9971685409545898,0.002763083204627037,0.052565037854328964,0.21415287256240845
17,350,1,0.01,3,31,0.9967331290245056,0.003187974216416478,0.05646214852816423,0.17332395911216736
17,350,1,0.01,3,32,0.9954931735992432,0.0043980129994452,0.06631751653556699,0.1867458075284958
17,350,1,0.01,3,33,0.997758686542511,0.0021871987264603376,0.04676749647415754,0.17085038125514984
17,350,1,0.01,3,34,0.9971834421157837,0.002748521277680993,0.052426341448559934,0.19043177366256714
17,350,1,0.01,3,35,0.971491277217865,0.027820264920592308,0.16679407939310167,0.4056151509284973
17,350,1,0.01,3,36,0.9962031245231628,0.003705183044075966,0.060870214752996935,0.2090744972229004
17,350,1,0.01,3,37,0.997342050075531,0.0025937757454812527,0.05092912472722511,0.17790359258651733
17,350,1,0.01,3,38,0.9914562106132507,0.008337448351085186,0.09130962901624991,0.2429352104663849
17,350,1,0.01,3,39,0.9974228739738464,0.0025149164721369743,0.0501489428815501,0.17882797122001648
17,350,1,0.01,3,40,0.9970882534980774,0.0028414404951035976,0.0533051638690249,0.16898038983345032
17,350,1,0.01,3,41,0.9943110346794128,0.005551616195589304,0.07450916853374022,0.17504309117794037
17,350,1,0.01,3,42,0.9956346154212952,0.004259949084371328,0.0652682854407202,0.19595348834991455
17,350,1,0.01,3,43,0.9968286752700806,0.0030947139021009207,0.055630152813927455,0.1970573216676712
17,350,1,0.01,3,44,0.9940049648284912,0.005850289948284626,0.07648718813163827,0.21890684962272644
17,350,1,0.01,3,45,0.9974188208580017,0.0025188419967889786,0.05018806627863818,0.19056256115436554
17,350,1,0.01,3,46,0.9971285462379456,0.0028020916506648064,0.05293478677263947,0.21094386279582977
17,350,1,0.01,3,47,0.9977990984916687,0.002147737657651305,0.04634369059161458,0.14448130130767822
17,350,1,0.01,3,48,0.9971294403076172,0.0028012448456138372,0.052926787599606284,0.19056932628154755
17,350,1,0.01,3,49,0.9974591732025146,0.00247945892624557,0.049794165584389205,0.17407196760177612
17,350,1,0.01,3,50,0.997536301612854,0.002404196420684457,0.04903260568932123,0.17686305940151215
17,350,1,0.01,3,51,0.9944372177124023,0.005428447388112545,0.073677997992023,0.18345649540424347
17,350,1,0.01,3,52,0.9973786473274231,0.00255807233043015,0.050577389517749434,0.17247435450553894
17,350,1,0.01,3,53,0.9956797957420349,0.004215890076011419,0.0649298858462836,0.20888414978981018
17,350,1,0.01,3,54,0.9977025389671326,0.002241981914266944,0.04734957142643367,0.17984868586063385
17,350,1,0.01,3,55,0.9973334074020386,0.0026022198144346476,0.05101195756324832,0.17456431686878204
17,350,1,0.01,3,56,0.9955427050590515,0.004349651746451855,0.06595188963518676,0.252326101064682
17,350,1,0.01,3,57,0.9972897171974182,0.002644822932779789,0.051427842000027466,0.18613436818122864
17,350,1,0.01,3,58,0.9977164268493652,0.002228402765467763,0.047205961122169335,0.17906877398490906
17,350,1,0.01,3,59,0.9977221488952637,0.0022228627931326628,0.047147245870068195,0.1668941080570221
17,350,1,0.01,3,60,0.9976223707199097,0.0023201964795589447,0.04816841786439476,0.17257893085479736
17,350,1,0.01,3,61,0.9944146871566772,0.00545043870806694,0.0738270865473299,0.22524906694889069
17,350,1,0.01,3,62,0.9969997406005859,0.0029278008732944727,0.05410915701888612,0.19386306405067444
17,350,1,0.01,3,63,0.9967547059059143,0.0031669221352785826,0.056275413239518575,0.19047163426876068
17,350,1,0.01,3,64,0.9963959455490112,0.003517045406624675,0.05930468283891817,0.23843801021575928
17,350,1,0.01,3,65,0.9977696537971497,0.0021764966659247875,0.04665293844898505,0.1718483865261078
17,350,1,0.01,3,66,0.9977819323539734,0.0021645170636475086,0.04652437064214312,0.1738595813512802
17,350,1,0.01,3,67,0.997739851474762,0.002205571625381708,0.046963513767409995,0.15346047282218933
17,350,1,0.01,3,68,0.9955358505249023,0.004356330260634422,0.0660025019270817,0.21954837441444397
17,350,1,0.01,3,69,0.9975430369377136,0.002397635718807578,0.04896565856605605,0.17533142864704132
17,350,1,0.01,3,70,0.9962882995605469,0.00362207624129951,0.06018368750167698,0.17580153048038483
17,350,1,0.01,3,71,0.9963498711585999,0.003562004305422306,0.05968252931488666,0.18722738325595856
17,350,1,0.01,3,72,0.9942057132720947,0.005654338281601667,0.07519533417441315,0.25132179260253906
17,350,1,0.01,3,73,0.9978647232055664,0.0020837271586060524,0.045647860394612716,0.18102335929870605
17,350,1,0.01,3,74,0.997718095779419,0.002226787619292736,0.04718885058244941,0.19920487701892853
17,350,1,0.01,3,75,0.9974345564842224,0.002503481460735202,0.05003480249521529,0.16639743745326996
17,350,1,0.01,3,76,0.9970895051956177,0.0028401922900229692,0.053293454476351684,0.19152338802814484
17,350,1,0.01,3,77,0.9972496032714844,0.002683976897969842,0.05180711242647907,0.18453003466129303
17,350,1,0.01,3,78,0.9954829216003418,0.004407994914799929,0.06639273239444156,0.2013980895280838
17,350,1,0.01,3,79,0.9973260164260864,0.002609417075291276,0.051082453692939185,0.18612413108348846
17,350,1,0.01,3,80,0.9890276789665222,0.010707330889999866,0.1034762334548367,0.23237356543540955
17,350,1,0.01,3,81,0.996799111366272,0.0031235706992447376,0.05588891392078341,0.20439299941062927
17,350,1,0.01,3,82,0.9877913594245911,0.011913838796317577,0.10915053273492337,0.298943430185318
17,350,1,0.01,3,83,0.9976080656051636,0.0023341942578554153,0.04831349974753863,0.1647234559059143
17,350,1,0.01,3,84,0.9542035460472107,0.044690534472465515,0.21140135872899568,0.4570649266242981
17,350,1,0.01,3,85,0.997041642665863,0.0028869241941720247,0.053730105101069965,0.19808410108089447
17,350,1,0.01,3,86,0.9971743822097778,0.0027574128471314907,0.05251107356673915,0.19941063225269318
17,350,1,0.01,3,87,0.9959469437599182,0.003955206833779812,0.06289043515336662,0.16354826092720032
17,350,1,0.01,3,88,0.9973395466804504,0.0025962109211832285,0.050953026614551845,0.1834871768951416
17,350,1,0.01,3,89,0.997288703918457,0.0026458280626684427,0.05143761330649433,0.1709086149930954
17,350,1,0.01,3,90,0.9980854988098145,0.0018682969966903329,0.04322380127534288,0.1541311889886856
17,350,1,0.01,3,91,0.9934720396995544,0.00637033162638545,0.0798143572697635,0.231776162981987
17,350,1,0.01,3,92,0.9857673645019531,0.013888947665691376,0.11785137956634778,0.28122851252555847
17,350,1,0.01,3,93,0.9966847896575928,0.003235157346352935,0.05687844359995212,0.16647525131702423
17,350,1,0.01,3,94,0.9971514940261841,0.002779723145067692,0.05272307981394573,0.19181902706623077
17,350,1,0.01,3,95,0.9971018433570862,0.0028281661216169596,0.05318050508990075,0.15714040398597717
17,350,1,0.01,3,96,0.99717777967453,0.0027540703304111958,0.05247923713633036,0.17770741879940033
17,350,1,0.01,3,97,0.9976992607116699,0.002245208714157343,0.04738363339970187,0.1718503087759018
17,350,1,0.01,3,98,0.9971684813499451,0.002763165161013603,0.05256581741981763,0.14480532705783844
17,350,1,0.01,3,99,0.9976995587348938,0.0022448652889579535,0.047380009381150966,0.1514224112033844
17,350,1,0.01,3,100,0.9968904852867126,0.0030344531405717134,0.05508587060736821,0.18019214272499084
18,350,1,0.01,3,1,0.9838849902153015,0.0157258752733469,0.12540285193466255,0.535222053527832
18,350,1,0.01,3,2,0.9928460121154785,0.006981223821640015,0.08355371817962391,0.3159245252609253
18,350,1,0.01,3,3,0.9952277541160583,0.004656984005123377,0.06824209848124087,0.27054283022880554
18,350,1,0.01,3,4,0.9932689666748047,0.006568498443812132,0.08104627347270281,0.31544703245162964
18,350,1,0.01,3,5,0.995022714138031,0.004857098683714867,0.06969288832954813,0.276037335395813
18,350,1,0.01,3,6,0.9956381916999817,0.004256467334926128,0.06524160739072979,0.23680581152439117
18,350,1,0.01,3,7,0.9907748103141785,0.009002397768199444,0.094880966311476,0.26189905405044556
18,350,1,0.01,3,8,0.9962140917778015,0.0036944684106856585,0.06078213891173671,0.23705299198627472
18,350,1,0.01,3,9,0.9959962964057922,0.003906994126737118,0.06250595273041695,0.2407650351524353
18,350,1,0.01,3,10,0.9958803653717041,0.004020142834633589,0.06340459632103645,0.22608913481235504
18,350,1,0.01,3,11,0.9961668252944946,0.0037406273186206818,0.06116066806878978,0.19820964336395264
18,350,1,0.01,3,12,0.9953747987747192,0.004513539839535952,0.06718288353097053,0.2542647421360016
18,350,1,0.01,3,13,0.9448861479759216,0.053782977163791656,0.23191157186262107,0.6627903580665588
18,350,1,0.01,3,14,0.9921872019767761,0.007624145597219467,0.08731635354971866,0.27434849739074707
18,350,1,0.01,3,15,0.9963348507881165,0.003576630959287286,0.05980494092704453,0.18936175107955933
18,350,1,0.01,3,16,0.9968596696853638,0.003064506221562624,0.05535798245567322,0.20289617776870728
18,350,1,0.01,3,17,0.9966864585876465,0.003233518684282899,0.05686403682718014,0.22243012487888336
18,350,1,0.01,3,18,0.9955974817276001,0.004296191968023777,0.06554534284008115,0.20054513216018677
18,350,1,0.01,3,19,0.9973708987236023,0.002565620932728052,0.05065195882419605,0.19618108868598938
18,350,1,0.01,3,20,0.9917731881141663,0.008028129115700722,0.08959982765441417,0.3506273031234741
18,350,1,0.01,3,21,0.9964763522148132,0.003438563086092472,0.058639262325616545,0.21365588903427124
18,350,1,0.01,3,22,0.9937811493873596,0.0060686939395964146,0.07790182244079027,0.25984081625938416
18,350,1,0.01,3,23,0.9951287508010864,0.004753624089062214,0.06894653065283425,0.24423560500144958
18,350,1,0.01,3,24,0.9974044561386108,0.002532846760004759,0.05032739572046977,0.19025343656539917
18,350,1,0.01,3,25,0.9973224401473999,0.0026129225734621286,0.051116754332235614,0.20002996921539307
18,350,1,0.01,3,26,0.9972065687179565,0.00272595533169806,0.05221068216081897,0.1734854280948639
18,350,1,0.01,3,27,0.997151792049408,0.002779449336230755,0.052720483080400116,0.2146797478199005
18,350,1,0.01,3,28,0.9954606294631958,0.004429773427546024,0.06655654308590572,0.24634858965873718
18,350,1,0.01,3,29,0.9959842562675476,0.00391878467053175,0.06260019704866551,0.24866196513175964
18,350,1,0.01,3,30,0.9957469701766968,0.0041503217071294785,0.06442299051681379,0.19683422148227692
18,350,1,0.01,3,31,0.9969514012336731,0.0029749858658760786,0.05454343100572313,0.196064755320549
18,350,1,0.01,3,32,0.9937887191772461,0.0060613034293055534,0.07785437321888575,0.2861485481262207
18,350,1,0.01,3,33,0.9966503381729126,0.0032687459606677294,0.057172947804601866,0.19234460592269897
18,350,1,0.01,3,34,0.9974743127822876,0.0024646928068250418,0.04964567258910933,0.16714881360530853
18,350,1,0.01,3,35,0.9975425601005554,0.0023980739060789347,0.04897013279621503,0.18362532556056976
18,350,1,0.01,3,36,0.9975923895835876,0.0023494577035307884,0.048471204890437665,0.18493135273456573
18,350,1,0.01,3,37,0.9960380792617798,0.0038662708830088377,0.06217934450449633,0.2025519460439682
18,350,1,0.01,3,38,0.8849135637283325,0.11230728030204773,0.335122783919637,0.6241517066955566
18,350,1,0.01,3,39,0.9939748644828796,0.00587962381541729,0.07667870509742121,0.2325587272644043
18,350,1,0.01,3,40,0.9870608448982239,0.012626699171960354,0.11236858623280954,0.3473074734210968
18,350,1,0.01,3,41,0.996715247631073,0.0032054188195616007,0.05661641828623214,0.21243058145046234
18,350,1,0.01,3,42,0.9965912103652954,0.0033264963421970606,0.05767578644628143,0.20830224454402924
18,350,1,0.01,3,43,0.9973743557929993,0.0025622372049838305,0.05061854605758477,0.1877487152814865
18,350,1,0.01,3,44,0.997646152973175,0.002297027502208948,0.04792731478195861,0.19210585951805115
18,350,1,0.01,3,45,0.9969086050987244,0.0030167181976139545,0.054924659285369756,0.17457178235054016
18,350,1,0.01,3,46,0.9967141151428223,0.003206555498763919,0.05662645582026054,0.17053675651550293
18,350,1,0.01,3,47,0.9969719052314758,0.0029549598693847656,0.05435954257887722,0.1774982511997223
18,350,1,0.01,3,48,0.997113823890686,0.0028164880350232124,0.05307059482447142,0.21786890923976898
18,350,1,0.01,3,49,0.9975660443305969,0.0023751596454530954,0.04873560962430957,0.19422252476215363
18,350,1,0.01,3,50,0.9973023533821106,0.0026325276121497154,0.05130816321161493,0.19374987483024597
18,350,1,0.01,3,51,0.9779413938522339,0.02152593620121479,0.14671719804172512,0.32746371626853943
18,350,1,0.01,3,52,0.9933851957321167,0.006455055437982082,0.08034335963838009,0.2920909821987152
18,350,1,0.01,3,53,0.9936748147010803,0.006172453984618187,0.07856496664937997,0.26975610852241516
18,350,1,0.01,3,54,0.997073233127594,0.002856062026694417,0.05344213718307322,0.19684334099292755
18,350,1,0.01,3,55,0.9974141120910645,0.00252344598993659,0.05023391274763086,0.18039081990718842
18,350,1,0.01,3,56,0.9973720908164978,0.0025644677225500345,0.05064057387658669,0.18086032569408417
18,350,1,0.01,3,57,0.9968194961547852,0.003103675087913871,0.055710637116388025,0.2280503809452057
18,350,1,0.01,3,58,0.9969615340232849,0.0029650668147951365,0.054452427079012156,0.20156170427799225
18,350,1,0.01,3,59,0.9969713687896729,0.0029554821085184813,0.054364345931119974,0.18714527785778046
18,350,1,0.01,3,60,0.9974783062934875,0.00246078846976161,0.049606334976105726,0.18511193990707397
18,350,1,0.01,3,61,0.9954273104667664,0.004462245386093855,0.06680004031506159,0.22049742937088013
18,350,1,0.01,3,62,0.9774896502494812,0.02196674980223179,0.14821184096499102,0.33616432547569275
18,350,1,0.01,3,63,0.997427761554718,0.0025101276114583015,0.05010117375329945,0.17066173255443573
18,350,1,0.01,3,64,0.9972266554832458,0.002706383354961872,0.052022911827019756,0.21643145382404327
18,350,1,0.01,3,65,0.9975134134292603,0.0024265279062092304,0.049259800103220376,0.20903770625591278
18,350,1,0.01,3,66,0.9979260563850403,0.002023856621235609,0.04498729399770127,0.17851337790489197
18,350,1,0.01,3,67,0.9973888397216797,0.002548082498833537,0.050478535030580446,0.16825345158576965
18,350,1,0.01,3,68,0.9976677894592285,0.0022759162820875645,0.04770656435007204,0.184222012758255
18,350,1,0.01,3,69,0.9952778816223145,0.004608095157891512,0.06788295189435645,0.22985988855361938
18,350,1,0.01,3,70,0.9975507855415344,0.00239006569609046,0.048888298150891484,0.156914621591568
18,350,1,0.01,3,71,0.9972610473632812,0.002672795904800296,0.0516990899803884,0.16424328088760376
18,350,1,0.01,3,72,0.997007429599762,0.0029203263111412525,0.05404004358937225,0.19094467163085938
18,350,1,0.01,3,73,0.9978832006454468,0.002065674401819706,0.04544969088805452,0.17757712304592133
18,350,1,0.01,3,74,0.9977745413780212,0.002171705709770322,0.04660156338332784,0.15612882375717163
18,350,1,0.01,3,75,0.9960138201713562,0.003889917628839612,0.06236920417032441,0.1790677309036255
18,350,1,0.01,3,76,0.9975569248199463,0.0023840810172259808,0.048827052104606736,0.1583053320646286
18,350,1,0.01,3,77,0.9963997006416321,0.0035133345518261194,0.05927338822630371,0.2211848646402359
18,350,1,0.01,3,78,0.9979457855224609,0.002004618290811777,0.044772963837697605,0.1531696915626526
18,350,1,0.01,3,79,0.997599720954895,0.002342292806133628,0.04839723965407147,0.17675018310546875
18,350,1,0.01,3,80,0.9675900340080261,0.0316273495554924,0.17784079834360955,0.3707035779953003
18,350,1,0.01,3,81,0.9978275895118713,0.0021199234761297703,0.04604262672925786,0.20171970129013062
18,350,1,0.01,3,82,0.9978035688400269,0.0021433818619698286,0.04629667225589577,0.1472940593957901
18,350,1,0.01,3,83,0.9973889589309692,0.0025480061303824186,0.05047777858010809,0.18829293549060822
18,350,1,0.01,3,84,0.9972010254859924,0.0027314063627272844,0.052262858348231245,0.16192065179347992
18,350,1,0.01,3,85,0.9978976249694824,0.0020516146905720234,0.045294753455251566,0.15320777893066406
18,350,1,0.01,3,86,0.9964272379875183,0.003486498026177287,0.05904657505882358,0.18921034038066864
18,350,1,0.01,3,87,0.9969727396965027,0.0029541626572608948,0.05435220931352188,0.1845916360616684
18,350,1,0.01,3,88,0.9964605569839478,0.0034539545886218548,0.058770354674970736,0.19440768659114838
18,350,1,0.01,3,89,0.9977580904960632,0.002187791746109724,0.04677383612779397,0.1795528680086136
18,350,1,0.01,3,90,0.998184323310852,0.0017718031303957105,0.0420927919054523,0.15208350121974945
18,350,1,0.01,3,91,0.9968137741088867,0.0031092753633856773,0.05576087663752855,0.18913717567920685
18,350,1,0.01,3,92,0.997424304485321,0.0025134868919849396,0.05013468751258892,0.16645146906375885
18,350,1,0.01,3,93,0.9909061789512634,0.008874230086803436,0.09420313204349119,0.25404125452041626
18,350,1,0.01,3,94,0.9979443550109863,0.002005993388593197,0.04478831754590919,0.16399221122264862
18,350,1,0.01,3,95,0.9978578090667725,0.0020904839038848877,0.045721809936669036,0.16494956612586975
18,350,1,0.01,3,96,0.9930227398872375,0.006808768957853317,0.08251526499898862,0.21671845018863678
18,350,1,0.01,3,97,0.9898149371147156,0.009939104318618774,0.09969505664083236,0.29382532835006714
18,350,1,0.01,3,98,0.9960835576057434,0.003821895457804203,0.06182148055331741,0.2128669023513794
18,350,1,0.01,3,99,0.9962683916091919,0.0036414708010852337,0.06034460043023927,0.21161533892154694
18,350,1,0.01,3,100,0.9959143400192261,0.003986977506428957,0.0631425174223277,0.2969115376472473
19,350,1,0.01,3,1,0.95473712682724,0.04416985064744949,0.2101662452618153,0.8262649774551392
19,350,1,0.01,3,2,0.9864705801010132,0.01320271659642458,0.11490307479099321,0.369757741689682
19,350,1,0.01,3,3,0.9888699650764465,0.010861250571906567,0.10421732376100706,0.47195127606391907
19,350,1,0.01,3,4,0.9897850751876831,0.009968277998268604,0.0998412640057637,0.4271414577960968
19,350,1,0.01,3,5,0.9889571070671082,0.010776226408779621,0.1038086046952738,0.52021723985672
19,350,1,0.01,3,6,0.9691408276557922,0.03011399693787098,0.1735338495448971,0.7452737092971802
19,350,1,0.01,3,7,0.9921793341636658,0.007631831336766481,0.08736035334616317,0.4075331687927246
19,350,1,0.01,3,8,0.9941924214363098,0.005667333025485277,0.07528169117046506,0.2945128083229065
19,350,1,0.01,3,9,0.9920510649681091,0.007756967097520828,0.08807364587389821,0.33784815669059753
19,350,1,0.01,3,10,0.9949005246162415,0.004976330325007439,0.07054310969192837,0.2909963130950928
19,350,1,0.01,3,11,0.9930649399757385,0.006767581216990948,0.08226530992460278,0.3182675838470459
19,350,1,0.01,3,12,0.9950187802314758,0.0048609087243676186,0.06972021747217674,0.24682654440402985
19,350,1,0.01,3,13,0.9935353398323059,0.0063085416331887245,0.07942632833757786,0.3754465878009796
19,350,1,0.01,3,14,0.9933090806007385,0.006529360078275204,0.08080445580706057,0.29776430130004883
19,350,1,0.01,3,15,0.9938990473747253,0.005953633692115545,0.0771597932353084,0.3189123272895813
19,350,1,0.01,3,16,0.9764442443847656,0.02298695407807827,0.1516144916493086,0.68418288230896
19,350,1,0.01,3,17,0.9917648434638977,0.008036286570131779,0.08964533769322183,0.29574862122535706
19,350,1,0.01,3,18,0.983401358127594,0.01619780622422695,0.12727060235665955,0.5090059041976929
19,350,1,0.01,3,19,0.9953705668449402,0.004517659544944763,0.06721353691738564,0.2791028320789337
19,350,1,0.01,3,20,0.9947003722190857,0.005171623546630144,0.07191400104729359,0.3516223132610321
19,350,1,0.01,3,21,0.9690077900886536,0.03024381771683693,0.17390749758661048,0.695787787437439
19,350,1,0.01,3,22,0.9919987916946411,0.007807982619851828,0.08836278979215079,0.3681536912918091
19,350,1,0.01,3,23,0.9955339431762695,0.004358198493719101,0.06601665315448141,0.2446790486574173
19,350,1,0.01,3,24,0.9955506324768066,0.004341921769082546,0.06589326042231138,0.2519903779029846
19,350,1,0.01,3,25,0.9937810301780701,0.006068816874176264,0.07790261147212116,0.33335334062576294
19,350,1,0.01,3,26,0.995756208896637,0.00414133258163929,0.0643531862586406,0.23836325109004974
19,350,1,0.01,3,27,0.9944077730178833,0.005457180552184582,0.0738727321288754,0.2978123128414154
19,350,1,0.01,3,28,0.99399334192276,0.0058615971356630325,0.07656106801542827,0.2787375748157501
19,350,1,0.01,3,29,0.9917035698890686,0.008096069097518921,0.08997815900272088,0.3714878261089325
19,350,1,0.01,3,30,0.969362735748291,0.029897430911660194,0.17290873578758303,0.6337298154830933
19,350,1,0.01,3,31,0.9936841726303101,0.006163306999951601,0.07850673219509013,0.33581042289733887
19,350,1,0.01,3,32,0.9944824576377869,0.00538428220897913,0.07337766832612719,0.2770346403121948
19,350,1,0.01,3,33,0.9951895475387573,0.004694294650107622,0.06851492282786008,0.2591637969017029
19,350,1,0.01,3,34,0.9916179776191711,0.008179622702300549,0.09044126658943111,0.4647780656814575
19,350,1,0.01,3,35,0.9867733716964722,0.012907207012176514,0.11360988958790741,0.6546911001205444
19,350,1,0.01,3,36,0.9941499829292297,0.005708768963813782,0.07555639591598967,0.3554686903953552
19,350,1,0.01,3,37,0.9935314059257507,0.006312370765954256,0.07945042961466134,0.2909887731075287
19,350,1,0.01,3,38,0.9894339442253113,0.010310928337275982,0.10154274143076886,0.49229761958122253
19,350,1,0.01,3,39,0.9959840774536133,0.003918974194675684,0.06260171079671613,0.23937125504016876
19,350,1,0.01,3,40,0.9955733418464661,0.004319780971854925,0.06572504067594728,0.2588311731815338
19,350,1,0.01,3,41,0.9930159449577332,0.006815430708229542,0.08255562190565548,0.4053536653518677
19,350,1,0.01,3,42,0.9950274229049683,0.004852482583373785,0.06965976301548682,0.2401156723499298
19,350,1,0.01,3,43,0.9930002689361572,0.006830671336501837,0.08264787557161912,0.3215823173522949
19,350,1,0.01,3,44,0.9926391839981079,0.007183050736784935,0.08475288040406022,0.2603790760040283
19,350,1,0.01,3,45,0.9960450530052185,0.0038594536017626524,0.062124500817009806,0.217264786362648
19,350,1,0.01,3,46,0.99631667137146,0.0035943614784628153,0.0599529939074173,0.27917051315307617
19,350,1,0.01,3,47,0.9958544373512268,0.004045432433485985,0.0636037139912913,0.23495891690254211
19,350,1,0.01,3,48,0.9937890768051147,0.006060949992388487,0.07785210332668274,0.2818564474582672
19,350,1,0.01,3,49,0.991021990776062,0.008761178702116013,0.09360116827324333,0.41689184308052063
19,350,1,0.01,3,50,0.9970703125,0.0028589251451194286,0.05346891756076074,0.19174988567829132
19,350,1,0.01,3,51,0.991033673286438,0.008749833330512047,0.09354054377921932,0.36043110489845276
19,350,1,0.01,3,52,0.9963294863700867,0.0035818745382130146,0.05984876388208043,0.2252214550971985
19,350,1,0.01,3,53,0.9961442351341248,0.0037626458797603846,0.061340409843433426,0.2219514548778534
19,350,1,0.01,3,54,0.9970561861991882,0.0028727243188768625,0.05359780143696999,0.18978503346443176
19,350,1,0.01,3,55,0.9892992973327637,0.010442286729812622,0.10218750769938868,0.39187341928482056
19,350,1,0.01,3,56,0.9953641891479492,0.004523876588791609,0.06725976946727968,0.327587366104126
19,350,1,0.01,3,57,0.9958606362342834,0.004039413295686245,0.06355637887487176,0.21561716496944427
19,350,1,0.01,3,58,0.9969155788421631,0.003009951440617442,0.054863024348074746,0.22638796269893646
19,350,1,0.01,3,59,0.996719241142273,0.0032015328761190176,0.05658208971148925,0.2671078145503998
19,350,1,0.01,3,60,0.9972323179244995,0.002700841287150979,0.05196961888595085,0.19335289299488068
19,350,1,0.01,3,61,0.9973897933959961,0.0025471828412264585,0.050469622955065345,0.18976148962974548
19,350,1,0.01,3,62,0.9968543648719788,0.0030696941539645195,0.05540482067441893,0.20417581498622894
19,350,1,0.01,3,63,0.9968525767326355,0.00307140639051795,0.05542027057420371,0.21067415177822113
19,350,1,0.01,3,64,0.993990421295166,0.005864438135176897,0.0765796195810406,0.3688305914402008
19,350,1,0.01,3,65,0.9956831336021423,0.004212634172290564,0.06490480854521152,0.2562718987464905
19,350,1,0.01,3,66,0.996581494808197,0.0033359501976519823,0.057757685182596975,0.1614002287387848
19,350,1,0.01,3,67,0.9976509809494019,0.0022922938223928213,0.04787790536764136,0.17104721069335938
19,350,1,0.01,3,68,0.9969914555549622,0.0029358682222664356,0.05418365272170598,0.19035634398460388
19,350,1,0.01,3,69,0.9971505999565125,0.002780614187940955,0.052731529353328595,0.24426214396953583
19,350,1,0.01,3,70,0.9969866275787354,0.0029406140092760324,0.054227428569645755,0.1786753088235855
19,350,1,0.01,3,71,0.9935914278030396,0.006253833416849375,0.07908118244468386,0.29456374049186707
19,350,1,0.01,3,72,0.9966227412223816,0.003295694477856159,0.057408139473912226,0.1948116570711136
19,350,1,0.01,3,73,0.9972275495529175,0.002705517690628767,0.05201459113199648,0.17017321288585663
19,350,1,0.01,3,74,0.996400773525238,0.003512320574373007,0.05926483421366339,0.22492526471614838
19,350,1,0.01,3,75,0.9958807826042175,0.004019738174974918,0.06340140514984599,0.20581287145614624
19,350,1,0.01,3,76,0.9968703389167786,0.003054113360121846,0.055264033151063506,0.22093568742275238
19,350,1,0.01,3,77,0.997358500957489,0.0025777171831578016,0.050771223967497586,0.16744323074817657
19,350,1,0.01,3,78,0.9973734617233276,0.0025631326716393232,0.05062739052765137,0.18153315782546997
19,350,1,0.01,3,79,0.9976449608802795,0.002298169769346714,0.047939229961970746,0.18947762250900269
19,350,1,0.01,3,80,0.9946947693824768,0.0051771048456430435,0.07195210105092863,0.2496357262134552
19,350,1,0.01,3,81,0.9970560669898987,0.0028728407341986895,0.053598887434336634,0.20768633484840393
19,350,1,0.01,3,82,0.9957020282745361,0.004194194450974464,0.06476260071194226,0.2669673264026642
19,350,1,0.01,3,83,0.9768734574317932,0.022568097338080406,0.1502268196364431,0.3840976059436798
19,350,1,0.01,3,84,0.9960966110229492,0.003809104673564434,0.06171794450210112,0.2018863409757614
19,350,1,0.01,3,85,0.9954907298088074,0.004400385078042746,0.06633539837856366,0.22125324606895447
19,350,1,0.01,3,86,0.996873140335083,0.0030513410456478596,0.055238945008461736,0.24476660788059235
19,350,1,0.01,3,87,0.9956561326980591,0.0042389980517327785,0.06510758828072791,0.30251508951187134
19,350,1,0.01,3,88,0.9966720938682556,0.0032475439365953207,0.05698722608265225,0.1979876309633255
19,350,1,0.01,3,89,0.9974907636642456,0.0024486337788403034,0.0494836718407224,0.16352757811546326
19,350,1,0.01,3,90,0.9943931102752686,0.005471505224704742,0.07396962366204618,0.22856976091861725
19,350,1,0.01,3,91,0.9976577162742615,0.0022857298608869314,0.047809307262152746,0.1813867837190628
19,350,1,0.01,3,92,0.9935241341590881,0.00631946325302124,0.07949505175179924,0.2402268499135971
19,350,1,0.01,3,93,0.9976089000701904,0.002333376556634903,0.048305036555569475,0.1836065948009491
19,350,1,0.01,3,94,0.9962438941001892,0.0036653762217611074,0.060542350646147755,0.241100013256073
19,350,1,0.01,3,95,0.9948858618736267,0.0049906643107533455,0.07064463398414168,0.2582297921180725
19,350,1,0.01,3,96,0.9969596862792969,0.0029669099021703005,0.054469348281123216,0.18818879127502441
19,350,1,0.01,3,97,0.9962694048881531,0.003640535520389676,0.06033685043478551,0.19542823731899261
19,350,1,0.01,3,98,0.9968054890632629,0.003117365064099431,0.055833368733217516,0.2246924340724945
19,350,1,0.01,3,99,0.9963470101356506,0.003564787097275257,0.05970583805018783,0.17104187607765198
19,350,1,0.01,3,100,0.9919753074645996,0.007830923423171043,0.08849250489827397,0.41124001145362854
20,350,1,0.01,3,1,0.9763165712356567,0.023111537098884583,0.1520247910667355,0.5929457545280457
20,350,1,0.01,3,2,0.9930587410926819,0.006773645523935556,0.08230215989836207,0.32139891386032104
20,350,1,0.01,3,3,0.9941439032554626,0.005714672151952982,0.0755954506035448,0.26596009731292725
20,350,1,0.01,3,4,0.9956440925598145,0.004250691272318363,0.06519732565311527,0.23058465123176575
20,350,1,0.01,3,5,0.9888981580734253,0.01083376631140709,0.10408537991191216,0.2738530933856964
20,350,1,0.01,3,6,0.9960660338401794,0.003838996635749936,0.06195963714992153,0.25763586163520813
20,350,1,0.01,3,7,0.995819628238678,0.0040794191882014275,0.06387033104815903,0.21702171862125397
20,350,1,0.01,3,8,0.9938942193984985,0.005958337802439928,0.07719027012804093,0.24894770979881287
20,350,1,0.01,3,9,0.9948029518127441,0.0050715673714876175,0.07121493783952645,0.22239772975444794
20,350,1,0.01,3,10,0.9967989921569824,0.0031237166840583086,0.055890219932098216,0.19354385137557983
20,350,1,0.01,3,11,0.9676786065101624,0.0315408818423748,0.17759752769218046,0.4512433409690857
20,350,1,0.01,3,12,0.9961955547332764,0.003712547942996025,0.06093068145849039,0.24143804609775543
20,350,1,0.01,3,13,0.9969345927238464,0.0029913668986409903,0.05469338989897216,0.1930263191461563
20,350,1,0.01,3,14,0.9951913952827454,0.004692481365054846,0.06850168877520353,0.23322808742523193
20,350,1,0.01,3,15,0.9961228370666504,0.0037835254333913326,0.06151036850313395,0.21490229666233063
20,350,1,0.01,3,16,0.995437502861023,0.004452322609722614,0.06672572674555605,0.2466396689414978
20,350,1,0.01,3,17,0.9968624114990234,0.0030618496239185333,0.05533398254164012,0.21722012758255005
20,350,1,0.01,3,18,0.9935861229896545,0.006258991546928883,0.07911378860179104,0.2559014856815338
20,350,1,0.01,3,19,0.9973140954971313,0.0026210532523691654,0.05119622302835596,0.17606787383556366
20,350,1,0.01,3,20,0.9956620931625366,0.004233181476593018,0.06506290399753932,0.25969767570495605
20,350,1,0.01,3,21,0.9975612759590149,0.0023798421025276184,0.048783625352444016,0.1778336763381958
20,350,1,0.01,3,22,0.996665894985199,0.0032535840291529894,0.05704019660864599,0.193837508559227
20,350,1,0.01,3,23,0.9965437650680542,0.003372777486220002,0.05807561868994598,0.198333740234375
20,350,1,0.01,3,24,0.995000422000885,0.004878845065832138,0.06984872987987784,0.21580736339092255
20,350,1,0.01,3,25,0.9964613914489746,0.003453152487054467,0.05876353024669695,0.21600358188152313
20,350,1,0.01,3,26,0.9954214692115784,0.004467951133847237,0.06684273433849962,0.23863546550273895
20,350,1,0.01,3,27,0.9964236617088318,0.0034899720922112465,0.059075985748959337,0.2115097939968109
20,350,1,0.01,3,28,0.9960296154022217,0.003874496789649129,0.06224545597591144,0.19830042123794556
20,350,1,0.01,3,29,0.9968761801719666,0.0030483684968203306,0.05521203217433977,0.16944101452827454
20,350,1,0.01,3,30,0.9966456294059753,0.0032733946572989225,0.057213588047761194,0.21194371581077576
20,350,1,0.01,3,31,0.9966087341308594,0.003309352556243539,0.05752697242375562,0.16484329104423523
20,350,1,0.01,3,32,0.9939947128295898,0.005860260687768459,0.07655233953164632,0.20019632577896118
20,350,1,0.01,3,33,0.996671199798584,0.00324844173155725,0.05699510269801476,0.24141672253608704
20,350,1,0.01,3,34,0.9802548289299011,0.019268348813056946,0.13881047803770774,0.3216952681541443
20,350,1,0.01,3,35,0.996314287185669,0.003596721915528178,0.05997267640791245,0.23716646432876587
20,350,1,0.01,3,36,0.9971453547477722,0.0027857115492224693,0.05277984036753493,0.17299357056617737
20,350,1,0.01,3,37,0.995270311832428,0.004615469370037317,0.06793724582316622,0.19482916593551636
20,350,1,0.01,3,38,0.9950211644172668,0.004858624655753374,0.0697038353016057,0.2611445486545563
20,350,1,0.01,3,39,0.9974359273910522,0.0025021801702678204,0.05002179695160721,0.18014346063137054
20,350,1,0.01,3,40,0.9979070425033569,0.0020423950627446175,0.04519286517520899,0.16846854984760284
20,350,1,0.01,3,41,0.9957204461097717,0.004176197107881308,0.06462350275156328,0.18656502664089203
20,350,1,0.01,3,42,0.9975648522377014,0.002376335207372904,0.04874766873782688,0.16460645198822021
20,350,1,0.01,3,43,0.9960026144981384,0.003900840412825346,0.062456708309238856,0.20638376474380493
20,350,1,0.01,3,44,0.9978538155555725,0.002094330731779337,0.04576385835765311,0.16050954163074493
20,350,1,0.01,3,45,0.9971156716346741,0.0028146556578576565,0.0530533284333571,0.16171492636203766
20,350,1,0.01,3,46,0.9952089786529541,0.004675327334553003,0.06837636532130824,0.2063540816307068
20,350,1,0.01,3,47,0.994798481464386,0.005075901746749878,0.07124536298419623,0.1981283277273178
20,350,1,0.01,3,48,0.9961893558502197,0.0037186299450695515,0.06098057022584777,0.1792774200439453
20,350,1,0.01,3,49,0.9973115921020508,0.0026235103141516447,0.05122021392137722,0.18235424160957336
20,350,1,0.01,3,50,0.9973075985908508,0.002627369947731495,0.05125787693351623,0.16644711792469025
20,350,1,0.01,3,51,0.9968726634979248,0.0030517992563545704,0.05524309238587726,0.1851860135793686
20,350,1,0.01,3,52,0.9976767301559448,0.0022671869955956936,0.04761498709015569,0.1781395673751831
20,350,1,0.01,3,53,0.9976097941398621,0.002332498785108328,0.04829594998660165,0.19863075017929077
20,350,1,0.01,3,54,0.9979568123817444,0.0019938526675105095,0.04465257738933453,0.1625228077173233
20,350,1,0.01,3,55,0.9936293959617615,0.0062167649157345295,0.07884646419297779,0.20336610078811646
20,350,1,0.01,3,56,0.9834768772125244,0.01612410694360733,0.12698073453720185,0.26821351051330566
20,350,1,0.01,3,57,0.9961537718772888,0.0037533335853368044,0.061264456133526594,0.34014812111854553
20,350,1,0.01,3,58,0.9978669285774231,0.002081551356241107,0.0456240217017429,0.16123171150684357
20,350,1,0.01,3,59,0.9962536692619324,0.003655883716419339,0.06046390424393168,0.27223706245422363
20,350,1,0.01,3,60,0.994681179523468,0.005190396681427956,0.072044407704054,0.24233724176883698
20,350,1,0.01,3,61,0.9976356625556946,0.0023072408512234688,0.04803374700378338,0.16251221299171448
20,350,1,0.01,3,62,0.9967632293701172,0.003158623818308115,0.05620163537040639,0.20036394894123077
20,350,1,0.01,3,63,0.9974687695503235,0.0024700856301933527,0.04969995603814306,0.19220440089702606
20,350,1,0.01,3,64,0.9978683590888977,0.0020801443606615067,0.045608599634953784,0.15172451734542847
20,350,1,0.01,3,65,0.9976063370704651,0.0023358853068202734,0.048330997370427536,0.168449267745018
20,350,1,0.01,3,66,0.9970396161079407,0.002888876711949706,0.05374827171128115,0.16609960794448853
20,350,1,0.01,3,67,0.9980202317237854,0.0019319735001772642,0.04395422050471677,0.15023335814476013
20,350,1,0.01,3,68,0.9964917302131653,0.0034235287457704544,0.05851092843025527,0.1934744268655777
20,350,1,0.01,3,69,0.9934818744659424,0.006360700819641352,0.07975400190361204,0.21987612545490265
20,350,1,0.01,3,70,0.997992992401123,0.001958561595529318,0.04425563913818575,0.15628483891487122
20,350,1,0.01,3,71,0.9976306557655334,0.002312137745320797,0.04808469346185745,0.16651105880737305
20,350,1,0.01,3,72,0.9978749752044678,0.0020736821461468935,0.045537700272926536,0.15352898836135864
20,350,1,0.01,3,73,0.9966563582420349,0.003262900747358799,0.05712180623333613,0.15483812987804413
20,350,1,0.01,3,74,0.9977841377258301,0.0021623375359922647,0.04650094123770254,0.14757853746414185
20,350,1,0.01,3,75,0.9976282119750977,0.0023144923616200686,0.048109171283863,0.1856253296136856
20,350,1,0.01,3,76,0.9973267912864685,0.002608650829643011,0.051074953055710304,0.19403307139873505
20,350,1,0.01,3,77,0.9977848529815674,0.002161644399166107,0.04649348770705535,0.169253870844841
20,350,1,0.01,3,78,0.9948081374168396,0.005066467449069023,0.07117912228363751,0.2759360074996948
20,350,1,0.01,3,79,0.995832622051239,0.004066718276590109,0.06377082621849986,0.2629835903644562
20,350,1,0.01,3,80,0.993069589138031,0.006763055920600891,0.08223780104429405,0.17812347412109375
20,350,1,0.01,3,81,0.9972731471061707,0.0026609892956912518,0.05158477775169,0.19548286497592926
20,350,1,0.01,3,82,0.9975675344467163,0.002373741939663887,0.04872106258759026,0.17643333971500397
20,350,1,0.01,3,83,0.9967041015625,0.0032162980642169714,0.05671241543275133,0.1485496163368225
20,350,1,0.01,3,84,0.9962372183799744,0.003671912243589759,0.060596305527562976,0.17445744574069977
20,350,1,0.01,3,85,0.9970165491104126,0.0029113932978361845,0.05395732849054134,0.19023136794567108
20,350,1,0.01,3,86,0.9979128837585449,0.002036687219515443,0.045129671165602826,0.14565427601337433
20,350,1,0.01,3,87,0.9980570673942566,0.0018959997687488794,0.043543079458725466,0.1636655330657959
20,350,1,0.01,3,88,0.9935196042060852,0.006323911249637604,0.07952302339346513,0.29985660314559937
20,350,1,0.01,3,89,0.9978179335594177,0.002129379427060485,0.04614519939344162,0.16023118793964386
20,350,1,0.01,3,90,0.9975931644439697,0.0023486902937293053,0.04846328810274129,0.1725507229566574
20,350,1,0.01,3,91,0.9954847693443298,0.004406191408634186,0.06637914889959184,0.1764913946390152
20,350,1,0.01,3,92,0.9964087009429932,0.0035045745316892862,0.05919944705560421,0.2149045169353485
20,350,1,0.01,3,93,0.9962764978408813,0.0036335934419184923,0.060279295300447004,0.27401724457740784
20,350,1,0.01,3,94,0.9946415424346924,0.005229089874774218,0.07231244619548019,0.18235856294631958
20,350,1,0.01,3,95,0.9980689883232117,0.0018843673169612885,0.04340929989024574,0.162985160946846
20,350,1,0.01,3,96,0.9959555864334106,0.003946724347770214,0.06282296035503432,0.21198749542236328
20,350,1,0.01,3,97,0.9965288639068604,0.0033873417414724827,0.05820087406106959,0.170421302318573
20,350,1,0.01,3,98,0.9978603720664978,0.0020879723597317934,0.04569433618876407,0.20368357002735138
20,350,1,0.01,3,99,0.9961476922035217,0.003759274957701564,0.06131292651392171,0.17552876472473145
20,350,1,0.01,3,100,0.9975739121437073,0.0023675241973251104,0.048657211154412766,0.16743382811546326
21,350,1,0.01,3,1,0.9880436658859253,0.011667601764202118,0.10801667354719881,0.4700433909893036
21,350,1,0.01,3,2,0.9884044528007507,0.011315548792481422,0.10637456835391353,0.4055006802082062
21,350,1,0.01,3,3,0.994042158126831,0.005813976284116507,0.07624943464784842,0.329317569732666
21,350,1,0.01,3,4,0.9947773814201355,0.005096500739455223,0.07138978035724178,0.31092628836631775
21,350,1,0.01,3,5,0.9944103360176086,0.00545467296615243,0.07385575784021466,0.3132328689098358
21,350,1,0.01,3,6,0.9942644238471985,0.005597047507762909,0.07481341796605011,0.28653624653816223
21,350,1,0.01,3,7,0.99439936876297,0.00546536548063159,0.07392811021953415,0.28281286358833313
21,350,1,0.01,3,8,0.9958316683769226,0.004067678935825825,0.06377835789533802,0.23110592365264893
21,350,1,0.01,3,9,0.9958030581474304,0.0040955739095807076,0.06399667108202353,0.2417030781507492
21,350,1,0.01,3,10,0.9930797815322876,0.006753087975084782,0.08217717429484164,0.28793519735336304
21,350,1,0.01,3,11,0.9922877550125122,0.007525988854467869,0.08675245733965044,0.22574418783187866
21,350,1,0.01,3,12,0.995290219783783,0.004596042912453413,0.06779412151841348,0.26133599877357483
21,350,1,0.01,3,13,0.9964430928230286,0.003470994532108307,0.058915146881835974,0.24162842333316803
21,350,1,0.01,3,14,0.9939571022987366,0.005896983668208122,0.07679182032096987,0.2719006836414337
21,350,1,0.01,3,15,0.9931542277336121,0.0066804587841033936,0.08173407358074962,0.2604178488254547
21,350,1,0.01,3,16,0.9937889575958252,0.006061060819774866,0.07785281510500995,0.2755955755710602
21,350,1,0.01,3,17,0.9965516924858093,0.003365042619407177,0.05800898740201536,0.2093147337436676
21,350,1,0.01,3,18,0.9960632920265198,0.0038416460156440735,0.06198101334799289,0.20258332788944244
21,350,1,0.01,3,19,0.9966718554496765,0.003247784683480859,0.05698933833166392,0.21535201370716095
21,350,1,0.01,3,20,0.9962058067321777,0.003702593734487891,0.06084894193400483,0.21245954930782318
21,350,1,0.01,3,21,0.9959585070610046,0.003943919204175472,0.06280063060332652,0.21859276294708252
21,350,1,0.01,3,22,0.9911444187164307,0.008641764521598816,0.0929610914393695,0.28183692693710327
21,350,1,0.01,3,23,0.9965171813964844,0.00339874136261642,0.05829872522291049,0.21297931671142578
21,350,1,0.01,3,24,0.9962968826293945,0.0036136771086603403,0.0601138678564301,0.2006310224533081
21,350,1,0.01,3,25,0.9774386882781982,0.022016489878296852,0.14837954669797604,0.3670782446861267
21,350,1,0.01,3,26,0.9967911243438721,0.003131358651444316,0.05595854404328544,0.2219344824552536
21,350,1,0.01,3,27,0.9871029853820801,0.012585575692355633,0.1121854522313639,0.2637127637863159
21,350,1,0.01,3,28,0.9956818222999573,0.004213918931782246,0.06491470505041401,0.23990918695926666
21,350,1,0.01,3,29,0.9962050914764404,0.003703275229781866,0.06085454157071488,0.21210341155529022
21,350,1,0.01,3,30,0.9934008121490479,0.0064398422837257385,0.08024862792425637,0.21962101757526398
21,350,1,0.01,3,31,0.9961614012718201,0.0037458830047398806,0.06120361921275474,0.21100781857967377
21,350,1,0.01,3,32,0.9947592616081238,0.0051141707226634026,0.0715134303656551,0.1865852326154709
21,350,1,0.01,3,33,0.9953339099884033,0.004553437698632479,0.06747916492245942,0.21384592354297638
21,350,1,0.01,3,34,0.9964627623558044,0.0034518076572567225,0.05875208640769043,0.19998493790626526
21,350,1,0.01,3,35,0.9959853291511536,0.003917725756764412,0.06259173872616428,0.23607249557971954
21,350,1,0.01,3,36,0.9970137476921082,0.0029141618870198727,0.05398297775243482,0.20387135446071625
21,350,1,0.01,3,37,0.9934168457984924,0.006424155086278915,0.0801508271091379,0.2626122534275055
21,350,1,0.01,3,38,0.996848464012146,0.0030754476319998503,0.05545671854698807,0.1973985880613327
21,350,1,0.01,3,39,0.9884589910507202,0.011262298561632633,0.10612397731725208,0.3101327121257782
21,350,1,0.01,3,40,0.9960370063781738,0.0038673023227602243,0.06218763802203959,0.20513787865638733
21,350,1,0.01,3,41,0.9971076250076294,0.00282255164347589,0.053127691870397405,0.19172489643096924
21,350,1,0.01,3,42,0.9969197511672974,0.003005863167345524,0.054825752775000944,0.18636171519756317
21,350,1,0.01,3,43,0.9964202046394348,0.003493347205221653,0.059104544708691,0.24448135495185852
21,350,1,0.01,3,44,0.9952865839004517,0.004599587060511112,0.06782025553262913,0.22815680503845215
21,350,1,0.01,3,45,0.9939315319061279,0.005921932402998209,0.07695409282811544,0.24260327219963074
21,350,1,0.01,3,46,0.9970192313194275,0.002908792346715927,0.05393322117874962,0.19267025589942932
21,350,1,0.01,3,47,0.9957227110862732,0.00417399313300848,0.06460644807608974,0.20162642002105713
21,350,1,0.01,3,48,0.9966154098510742,0.0033028475008904934,0.05747040543523678,0.20556679368019104
21,350,1,0.01,3,49,0.9966773390769958,0.003242447739467025,0.05694249502319884,0.1769946813583374
21,350,1,0.01,3,50,0.9971978664398193,0.002734490903094411,0.05229235989219086,0.20905916392803192
21,350,1,0.01,3,51,0.9742752909660339,0.025103479623794556,0.1584407763922992,0.34346625208854675
21,350,1,0.01,3,52,0.9963380098342896,0.003573536640033126,0.059779065232179115,0.24102109670639038
21,350,1,0.01,3,53,0.9962692856788635,0.0036406090948730707,0.06033746012945085,0.20950853824615479
21,350,1,0.01,3,54,0.9962120056152344,0.003696535248309374,0.060799138549073,0.23025639355182648
21,350,1,0.01,3,55,0.9895055294036865,0.010241042822599411,0.10119803764203836,0.254141241312027
21,350,1,0.01,3,56,0.9968240261077881,0.003099292516708374,0.055671289878252095,0.22544805705547333
21,350,1,0.01,3,57,0.9973607659339905,0.002575482474640012,0.05074921156668359,0.18040622770786285
21,350,1,0.01,3,58,0.9944074749946594,0.005457495804876089,0.07387486585352347,0.22892902791500092
21,350,1,0.01,3,59,0.9973854422569275,0.002551412908360362,0.05051151263187791,0.18652310967445374
21,350,1,0.01,3,60,0.9965239763259888,0.0033920551650226116,0.05824135270598213,0.19731833040714264
21,350,1,0.01,3,61,0.9968552589416504,0.0030688114929944277,0.05539685454061835,0.169889897108078
21,350,1,0.01,3,62,0.9966257214546204,0.003292768495157361,0.05738264977462579,0.18454690277576447
21,350,1,0.01,3,63,0.996579647064209,0.0033377413637936115,0.057773188970262075,0.19390101730823517
21,350,1,0.01,3,64,0.9974406957626343,0.002497526351362467,0.04997525739165799,0.17042922973632812
21,350,1,0.01,3,65,0.9967532157897949,0.0031683780252933502,0.056288347153681376,0.22381511330604553
21,350,1,0.01,3,66,0.996711790561676,0.0032088225707411766,0.056646470064260636,0.204120934009552
21,350,1,0.01,3,67,0.9972150921821594,0.0027176858857274055,0.05213142896302964,0.18115346133708954
21,350,1,0.01,3,68,0.9971362948417664,0.002794525818899274,0.05286327476518338,0.1773931384086609
21,350,1,0.01,3,69,0.9964990019798279,0.00341645791195333,0.058450474009654786,0.22768814861774445
21,350,1,0.01,3,70,0.9939090013504028,0.005943899508565664,0.0770966893489316,0.25005042552948
21,350,1,0.01,3,71,0.9965806007385254,0.0033368244767189026,0.057765253195315454,0.2190064787864685
21,350,1,0.01,3,72,0.9971492886543274,0.0027818672824651003,0.05274340984867304,0.18627281486988068
21,350,1,0.01,3,73,0.997082531452179,0.0028470235411077738,0.053357506886170886,0.19869036972522736
21,350,1,0.01,3,74,0.9917321801185608,0.008068188093602657,0.0898230933201627,0.22059834003448486
21,350,1,0.01,3,75,0.9968107342720032,0.003112234640866518,0.05578740575494184,0.23330985009670258
21,350,1,0.01,3,76,0.9953563809394836,0.004531484562903643,0.06731630235614285,0.191320538520813
21,350,1,0.01,3,77,0.9973259568214417,0.0026094603817909956,0.05108287757939049,0.22181537747383118
21,350,1,0.01,3,78,0.9969497323036194,0.002976596588268876,0.05455819451071375,0.21071289479732513
21,350,1,0.01,3,79,0.9971347451210022,0.0027960785664618015,0.052877959174516195,0.19043147563934326
21,350,1,0.01,3,80,0.996265172958374,0.003644642885774374,0.06037087779529443,0.23322930932044983
21,350,1,0.01,3,81,0.9958902597427368,0.004010477568954229,0.06332833148721217,0.22934821248054504
21,350,1,0.01,3,82,0.9926936626434326,0.007129884324967861,0.08443864236809981,0.21281863749027252
21,350,1,0.01,3,83,0.996799647808075,0.0031230831518769264,0.055884551996745274,0.19645735621452332
21,350,1,0.01,3,84,0.9739648103713989,0.02540646493434906,0.1593940555176041,0.38022369146347046
21,350,1,0.01,3,85,0.9974881410598755,0.0024511979427188635,0.04950957425305598,0.15939097106456757
21,350,1,0.01,3,86,0.9976055026054382,0.0023366690147668123,0.048339104405923906,0.1608518362045288
21,350,1,0.01,3,87,0.9975355267524719,0.002404977334663272,0.04904056825387805,0.1540459543466568
21,350,1,0.01,3,88,0.9974496364593506,0.0024887907784432173,0.0498877818553122,0.16702447831630707
21,350,1,0.01,3,89,0.9970239996910095,0.002904132939875126,0.053890007792494574,0.20445919036865234
21,350,1,0.01,3,90,0.9973230361938477,0.002612308831885457,0.051110750648816115,0.179764062166214
21,350,1,0.01,3,91,0.9960395693778992,0.0038648024201393127,0.06216753509782508,0.2012919783592224
21,350,1,0.01,3,92,0.9947230815887451,0.005149495787918568,0.07175998737401343,0.18747743964195251
21,350,1,0.01,3,93,0.9967647790908813,0.0031571064610034227,0.05618813452147546,0.20397785305976868
21,350,1,0.01,3,94,0.9965694546699524,0.0033476969692856073,0.05785928593826239,0.19136223196983337
21,350,1,0.01,3,95,0.9976216554641724,0.002320923376828432,0.04817596264558117,0.194363534450531
21,350,1,0.01,3,96,0.9970418214797974,0.0028867656365036964,0.053728629579617014,0.1653921902179718
21,350,1,0.01,3,97,0.9973871111869812,0.002549801953136921,0.050495563697585566,0.16568778455257416
21,350,1,0.01,3,98,0.9972089529037476,0.0027236335445195436,0.05218844263359028,0.21109959483146667
21,350,1,0.01,3,99,0.9962641596794128,0.0036456368397921324,0.06037910929942684,0.18354937434196472
21,350,1,0.01,3,100,0.9960683584213257,0.0038366804365068674,0.06194094313543238,0.2902323007583618
22,350,1,0.01,3,1,0.9901138544082642,0.009647423401474953,0.09822129810522233,0.4593726396560669
22,350,1,0.01,3,2,0.9932560324668884,0.006581114139407873,0.08112406633920585,0.3289044201374054
22,350,1,0.01,3,3,0.9942913055419922,0.005570855922996998,0.07463816666422747,0.3099508583545685
22,350,1,0.01,3,4,0.994998037815094,0.004881150554865599,0.06986523137344926,0.29104480147361755
22,350,1,0.01,3,5,0.993295431137085,0.006542653311043978,0.08088666955094627,0.3261384665966034
22,350,1,0.01,3,6,0.9959284067153931,0.003973264247179031,0.0630338341462665,0.25506675243377686
22,350,1,0.01,3,7,0.9754864573478699,0.02392156980931759,0.15466599435337294,0.4403059482574463
22,350,1,0.01,3,8,0.9942998886108398,0.005562471691519022,0.07458197967015237,0.28763845562934875
22,350,1,0.01,3,9,0.9953584671020508,0.004529448691755533,0.06730117897745576,0.2748282253742218
22,350,1,0.01,3,10,0.9877909421920776,0.011914213187992573,0.10915224774594691,0.31328627467155457
22,350,1,0.01,3,11,0.9957265257835388,0.004170265514403582,0.0645775929746811,0.27436748147010803
22,350,1,0.01,3,12,0.9960839748382568,0.0038214419037103653,0.061817812187996146,0.23227524757385254
22,350,1,0.01,3,13,0.994557797908783,0.005310757085680962,0.07287494141116659,0.22249262034893036
22,350,1,0.01,3,14,0.9964102506637573,0.003503045067191124,0.05918652775075696,0.2195962816476822
22,350,1,0.01,3,15,0.9968234896659851,0.0030997844878584146,0.055675708238498545,0.2128470242023468
22,350,1,0.01,3,16,0.9972091913223267,0.0027234386652708054,0.05218657552734041,0.2063119113445282
22,350,1,0.01,3,17,0.9954745769500732,0.004416164942085743,0.06645423193511263,0.24399173259735107
22,350,1,0.01,3,18,0.9934037327766418,0.006436977535486221,0.08023077673490529,0.25291523337364197
22,350,1,0.01,3,19,0.9966060519218445,0.0033119709696620703,0.05754972606070397,0.2075982391834259
22,350,1,0.01,3,20,0.9963718056678772,0.003540555015206337,0.0595025630977888,0.2396891713142395
22,350,1,0.01,3,21,0.9949588775634766,0.004919370636343956,0.07013822521524163,0.247106671333313
22,350,1,0.01,3,22,0.9968811869621277,0.003043525153771043,0.05516815343811177,0.23362407088279724
22,350,1,0.01,3,23,0.9937728643417358,0.006076767109334469,0.0779536215280244,0.24717742204666138
22,350,1,0.01,3,24,0.9958646297454834,0.004035480320453644,0.06352543050191509,0.2063157856464386
22,350,1,0.01,3,25,0.9952229857444763,0.0046616666950285435,0.06827639925353814,0.22981111705303192
22,350,1,0.01,3,26,0.9968905448913574,0.0030343567486852407,0.05508499567654736,0.23318850994110107
22,350,1,0.01,3,27,0.9837601184844971,0.015847716480493546,0.12588771377896074,0.37809717655181885
22,350,1,0.01,3,28,0.9957731366157532,0.004124797880649567,0.0642245893770413,0.25582975149154663
22,350,1,0.01,3,29,0.9960034489631653,0.0039000515826046467,0.06245039297398093,0.23231956362724304
22,350,1,0.01,3,30,0.9945148229598999,0.005352742038667202,0.07316243598095407,0.22637461125850677
22,350,1,0.01,3,31,0.9962880611419678,0.0036223239731043577,0.060185745597311976,0.24257098138332367
22,350,1,0.01,3,32,0.9969562888145447,0.0029701937455683947,0.05449948390185355,0.21716220676898956
22,350,1,0.01,3,33,0.9962037801742554,0.0037045693024992943,0.06086517314934128,0.22653749585151672
22,350,1,0.01,3,34,0.997227132320404,0.0027058853302150965,0.052018125016335376,0.19402621686458588
22,350,1,0.01,3,35,0.9963998198509216,0.003513248870149255,0.05927266545507511,0.2276194989681244
22,350,1,0.01,3,36,0.9954984188079834,0.004392883274704218,0.066278829762634,0.26848557591438293
22,350,1,0.01,3,37,0.9955507516860962,0.0043418328277766705,0.06589258552960774,0.26192793250083923
22,350,1,0.01,3,38,0.997358500957489,0.0025777120608836412,0.050771173522813524,0.24592946469783783
22,350,1,0.01,3,39,0.9609119296073914,0.03814417123794556,0.19530532823746913,0.4851841628551483
22,350,1,0.01,3,40,0.9963796734809875,0.003532912116497755,0.0594383051280717,0.20574672520160675
22,350,1,0.01,3,41,0.9970837831497192,0.0028458063025027514,0.0533460992248051,0.2223646491765976
22,350,1,0.01,3,42,0.9959871768951416,0.003915896639227867,0.06257712552704756,0.2424009144306183
22,350,1,0.01,3,43,0.9951218962669373,0.004760328214615583,0.0689951318182347,0.2592090368270874
22,350,1,0.01,3,44,0.9972731471061707,0.0026609920896589756,0.05158480483300267,0.2040126472711563
22,350,1,0.01,3,45,0.9972538352012634,0.0026798704639077187,0.05176746530310054,0.2342437356710434
22,350,1,0.01,3,46,0.9971654415130615,0.0027661037165671587,0.052593761194339,0.23670268058776855
22,350,1,0.01,3,47,0.9965381622314453,0.0033782338723540306,0.058122576270791974,0.2031620740890503
22,350,1,0.01,3,48,0.9960898160934448,0.0038157464005053043,0.06177172816511858,0.2503001391887665
22,350,1,0.01,3,49,0.9945868849754333,0.0052823880687355995,0.07268003899789542,0.2279985547065735
22,350,1,0.01,3,50,0.9970520734786987,0.0028767513576895,0.05363535548208383,0.2020494043827057
22,350,1,0.01,3,51,0.9958773851394653,0.004023064859211445,0.06342763482277615,0.2189052253961563
22,350,1,0.01,3,52,0.993922233581543,0.0059310030192136765,0.0770130055199359,0.28959763050079346
22,350,1,0.01,3,53,0.9930713176727295,0.00676134554669261,0.08222740143463497,0.22398290038108826
22,350,1,0.01,3,54,0.9941710233688354,0.005688228644430637,0.07542034635581195,0.2649005651473999
22,350,1,0.01,3,55,0.9969310760498047,0.0029947885777801275,0.054724661513618586,0.19342678785324097
22,350,1,0.01,3,56,0.9975079894065857,0.0024318445939570665,0.049313736361758946,0.1834869384765625
22,350,1,0.01,3,57,0.9973666071891785,0.0025697944220155478,0.050693139792436885,0.19573509693145752
22,350,1,0.01,3,58,0.996653139591217,0.003266054205596447,0.057149402495533116,0.2038690447807312
22,350,1,0.01,3,59,0.9974489808082581,0.0024894247762858868,0.049894135690338265,0.1842181533575058
22,350,1,0.01,3,60,0.9973617792129517,0.002574492711573839,0.0507394591178684,0.19875970482826233
22,350,1,0.01,3,61,0.9963840246200562,0.0035286610946059227,0.059402534412312094,0.2314000278711319
22,350,1,0.01,3,62,0.9943323135375977,0.005530840717256069,0.07436962227452866,0.2720143496990204
22,350,1,0.01,3,63,0.9973059892654419,0.0026289450470358133,0.051273239092491645,0.21120640635490417
22,350,1,0.01,3,64,0.9975534081459045,0.0023874968755990267,0.04886201874256759,0.18934476375579834
22,350,1,0.01,3,65,0.9970453381538391,0.0028832938987761736,0.05369631178001124,0.18693986535072327
22,350,1,0.01,3,66,0.9962272047996521,0.0036817018408328295,0.060677028938741134,0.2340375781059265
22,350,1,0.01,3,67,0.9967963695526123,0.003126290859654546,0.05591324404516828,0.23159193992614746
22,350,1,0.01,3,68,0.997002124786377,0.0029254567343741655,0.0540874914779209,0.23229151964187622
22,350,1,0.01,3,69,0.9961678981781006,0.003739542094990611,0.06115179551730768,0.26883116364479065
22,350,1,0.01,3,70,0.995740532875061,0.004156629554927349,0.06447192842569043,0.27830490469932556
22,350,1,0.01,3,71,0.9956614375114441,0.004233800806105137,0.06506766329064796,0.2532406747341156
22,350,1,0.01,3,72,0.9966830015182495,0.0032368998508900404,0.056893759331670464,0.24519439041614532
22,350,1,0.01,3,73,0.9968369603157043,0.0030866595916450024,0.0555577140606505,0.21960459649562836
22,350,1,0.01,3,74,0.9973017573356628,0.002633080119267106,0.05131354713199143,0.19595381617546082
22,350,1,0.01,3,75,0.9975714683532715,0.00236986274830997,0.04868123610088357,0.2377874106168747
22,350,1,0.01,3,76,0.9977239370346069,0.0022210965398699045,0.047128510902317976,0.2025328427553177
22,350,1,0.01,3,77,0.9957524538040161,0.0041449833661317825,0.06438154522945051,0.22795766592025757
22,350,1,0.01,3,78,0.9968254566192627,0.0030979050789028406,0.05565882750204895,0.19187885522842407
22,350,1,0.01,3,79,0.9974492788314819,0.0024890978820621967,0.049890859704581125,0.19850952923297882
22,350,1,0.01,3,80,0.9962241649627686,0.003684673458337784,0.06070151117013302,0.2329559177160263
22,350,1,0.01,3,81,0.9964268207550049,0.0034868791699409485,0.0590498024547157,0.2243945598602295
22,350,1,0.01,3,82,0.9964205622673035,0.0034930144902318716,0.05910173001048168,0.21724547445774078
22,350,1,0.01,3,83,0.997887909412384,0.0020610925275832415,0.04539925690562833,0.19084657728672028
22,350,1,0.01,3,84,0.9782867431640625,0.021188922226428986,0.14556415158420355,0.27101218700408936
22,350,1,0.01,3,85,0.9961845278739929,0.003723334986716509,0.06101913623377923,0.21933980286121368
22,350,1,0.01,3,86,0.9937645792961121,0.006084834691137075,0.07800535040070697,0.2421131581068039
22,350,1,0.01,3,87,0.997214674949646,0.002718077739700675,0.05213518715513233,0.1988057643175125
22,350,1,0.01,3,88,0.991063117980957,0.00872108619660139,0.09338675600213014,0.28122302889823914
22,350,1,0.01,3,89,0.9974820017814636,0.0024571858812123537,0.04957000989723881,0.21755802631378174
22,350,1,0.01,3,90,0.994644820690155,0.005225845612585545,0.0722900104619272,0.24864403903484344
22,350,1,0.01,3,91,0.9976188540458679,0.0023236426059156656,0.048204176228991466,0.20209811627864838
22,350,1,0.01,3,92,0.9918779730796814,0.007925886660814285,0.08902744891781571,0.24638426303863525
22,350,1,0.01,3,93,0.9976454377174377,0.0022976838517934084,0.0479341616364927,0.2305273860692978
22,350,1,0.01,3,94,0.9976766109466553,0.0022673066705465317,0.047616243767715775,0.23068232834339142
22,350,1,0.01,3,95,0.9896213412284851,0.010128015652298927,0.10063804276862169,0.2687761187553406
22,350,1,0.01,3,96,0.996626079082489,0.00329245300963521,0.057379900746125465,0.24050110578536987
22,350,1,0.01,3,97,0.9974464178085327,0.0024918927811086178,0.049918861977298896,0.19920150935649872
22,350,1,0.01,3,98,0.9977025389671326,0.0022419963497668505,0.047349723861569146,0.21048828959465027
22,350,1,0.01,3,99,0.9976171255111694,0.0023253592662513256,0.048221979078541824,0.21681231260299683
22,350,1,0.01,3,100,0.9973390102386475,0.002596749924123287,0.05095831555421831,0.23683275282382965
23,350,1,0.01,3,1,0.9875032901763916,0.012194952927529812,0.11043076078489096,0.5470722317695618
23,350,1,0.01,3,2,0.9899135231971741,0.009842922911047935,0.09921150594083297,0.41804149746894836
23,350,1,0.01,3,3,0.9552944302558899,0.04362603649497032,0.2088684669713701,0.6205978393554688
23,350,1,0.01,3,4,0.991009533405304,0.00877335760742426,0.09366620312270728,0.34468457102775574
23,350,1,0.01,3,5,0.9930621981620789,0.006770276930183172,0.08228169255784164,0.33875414729118347
23,350,1,0.01,3,6,0.9889281988143921,0.010804462246596813,0.10394451523094815,0.3073229491710663
23,350,1,0.01,3,7,0.9953528046607971,0.004534948151558638,0.06734202366693949,0.22451244294643402
23,350,1,0.01,3,8,0.9954848289489746,0.004406143445521593,0.06637878761714161,0.24185964465141296
23,350,1,0.01,3,9,0.9954935908317566,0.004397561773657799,0.06631411443771076,0.22784602642059326
23,350,1,0.01,3,10,0.9953610301017761,0.004526966251432896,0.06728273367984461,0.23989419639110565
23,350,1,0.01,3,11,0.9962510466575623,0.0036584255285561085,0.060484919844173625,0.19482724368572235
23,350,1,0.01,3,12,0.9963235259056091,0.003587700892239809,0.05989741974609431,0.17960867285728455
23,350,1,0.01,3,13,0.9966789484024048,0.0032408356200903654,0.05692833758410978,0.20820727944374084
23,350,1,0.01,3,14,0.996554434299469,0.0033623608760535717,0.05798586789945954,0.22362905740737915
23,350,1,0.01,3,15,0.9948146343231201,0.005060121882706881,0.07113453368587497,0.23393577337265015
23,350,1,0.01,3,16,0.9965223073959351,0.0033937296830117702,0.05825572661131067,0.20669031143188477
23,350,1,0.01,3,17,0.993443489074707,0.0063981832936406136,0.07998864477937236,0.24004775285720825
23,350,1,0.01,3,18,0.9965894818305969,0.003328151535242796,0.05769013377730022,0.18987634778022766
23,350,1,0.01,3,19,0.9958061575889587,0.004092546179890633,0.06397301133986606,0.2150980681180954
23,350,1,0.01,3,20,0.9963817596435547,0.0035308499354869127,0.059420955356565185,0.21191200613975525
23,350,1,0.01,3,21,0.996266782283783,0.003643078962340951,0.06035792377427301,0.17749060690402985
23,350,1,0.01,3,22,0.9964696764945984,0.0034450956154614687,0.05869493688097355,0.19431164860725403
23,350,1,0.01,3,23,0.9961423873901367,0.0037644754629582167,0.06135532139071734,0.20811742544174194
23,350,1,0.01,3,24,0.9961429238319397,0.003763910150155425,0.0613507143410362,0.241415873169899
23,350,1,0.01,3,25,0.9967239499092102,0.003196915378794074,0.05654127146425055,0.22140461206436157
23,350,1,0.01,3,26,0.9922295808792114,0.00758277578279376,0.08707913517481533,0.2831045389175415
23,350,1,0.01,3,27,0.9969911575317383,0.002936198376119137,0.05418669925469844,0.18824078142642975
23,350,1,0.01,3,28,0.9947397112846375,0.00513325585052371,0.07164674347465982,0.23370423913002014
23,350,1,0.01,3,29,0.9542968273162842,0.04459955170750618,0.21118605945352117,0.4279102087020874
23,350,1,0.01,3,30,0.9957535266876221,0.004143955651670694,0.0643735632979152,0.21351228654384613
23,350,1,0.01,3,31,0.9952311515808105,0.004653678275644779,0.0682178735790319,0.20272567868232727
23,350,1,0.01,3,32,0.9969245791435242,0.0030011781491339207,0.0547830096757555,0.18664193153381348
23,350,1,0.01,3,33,0.9946972727775574,0.005174671299755573,0.07193518818878264,0.26295849680900574
23,350,1,0.01,3,34,0.9971941113471985,0.0027381116524338722,0.052326968691429776,0.18373824656009674
23,350,1,0.01,3,35,0.978681206703186,0.02080397866666317,0.14423584390387562,0.2926498055458069
23,350,1,0.01,3,36,0.996299147605896,0.0036114552058279514,0.060095384230637476,0.22686469554901123
23,350,1,0.01,3,37,0.9937894940376282,0.006060522049665451,0.0778493548442468,0.21706128120422363
23,350,1,0.01,3,38,0.9968309998512268,0.003092476399615407,0.05561003865863975,0.2120712846517563
23,350,1,0.01,3,39,0.9972017407417297,0.0027306722477078438,0.052255834580531235,0.19417761266231537
23,350,1,0.01,3,40,0.9850370287895203,0.014601671136915684,0.12083737475183613,0.2931685149669647
23,350,1,0.01,3,41,0.9954550266265869,0.0044352333061397076,0.06659754729822794,0.2619362473487854
23,350,1,0.01,3,42,0.9970110654830933,0.0029167302418500185,0.054006761075350726,0.20561525225639343
23,350,1,0.01,3,43,0.9969727396965027,0.002954185241833329,0.054352417074434965,0.2063429355621338
23,350,1,0.01,3,44,0.9973277449607849,0.002607711823657155,0.051065759797119976,0.1661529541015625
23,350,1,0.01,3,45,0.9964460134506226,0.0034681421238929033,0.05889093414009412,0.23009927570819855
23,350,1,0.01,3,46,0.9972369074821472,0.002696389565244317,0.05192677118061855,0.19397050142288208
23,350,1,0.01,3,47,0.9950985908508301,0.004783063195645809,0.06915969343227173,0.19875672459602356
23,350,1,0.01,3,48,0.9970470666885376,0.002881627297028899,0.05368079076381885,0.2008146494626999
23,350,1,0.01,3,49,0.9969981908798218,0.002929341746494174,0.05412339370821248,0.19454266130924225
23,350,1,0.01,3,50,0.9973911643028259,0.0025458415038883686,0.05045633264406331,0.2012644112110138
23,350,1,0.01,3,51,0.9872148633003235,0.01247639860957861,0.11169780037932085,0.259723037481308
23,350,1,0.01,3,52,0.9963580369949341,0.0035540179815143347,0.059615585055540085,0.2518370449542999
23,350,1,0.01,3,53,0.997247040271759,0.002686507999897003,0.05183153480167265,0.19249895215034485
23,350,1,0.01,3,54,0.9971706867218018,0.0027609667740762234,0.052544902455673316,0.18267051875591278
23,350,1,0.01,3,55,0.9966663718223572,0.0032531137112528086,0.057036073771366914,0.21269091963768005
23,350,1,0.01,3,56,0.9970978498458862,0.002832046477124095,0.053216975460130156,0.20039121806621552
23,350,1,0.01,3,57,0.9967421889305115,0.0031791366636753082,0.05638383335385515,0.19096975028514862
23,350,1,0.01,3,58,0.9965435266494751,0.003372978651896119,0.05807735059294732,0.24235083162784576
23,350,1,0.01,3,59,0.9967808127403259,0.0031414376571774483,0.05604852948273887,0.20507892966270447
23,350,1,0.01,3,60,0.9960266947746277,0.0038773450069129467,0.06226833068994982,0.21851713955402374
23,350,1,0.01,3,61,0.9964843392372131,0.0034307788591831923,0.05857285087122866,0.23302391171455383
23,350,1,0.01,3,62,0.997040331363678,0.002888218266889453,0.05374214609493608,0.24585437774658203
23,350,1,0.01,3,63,0.9957098960876465,0.0041865031234920025,0.06470319252936445,0.2102544754743576
23,350,1,0.01,3,64,0.9925903081893921,0.007230749819427729,0.08503381574072592,0.25122398138046265
23,350,1,0.01,3,65,0.9956865906715393,0.004209276754409075,0.06487893922074463,0.2380923330783844
23,350,1,0.01,3,66,0.9972484111785889,0.002685118932276964,0.05181813323805639,0.2074528932571411
23,350,1,0.01,3,67,0.9947987794876099,0.005075628869235516,0.07124344790389861,0.23633043467998505
23,350,1,0.01,3,68,0.9973027110099792,0.002632135758176446,0.051304344437644325,0.1951744705438614
23,350,1,0.01,3,69,0.9974934458732605,0.002446013269945979,0.04945718623158801,0.1846507489681244
23,350,1,0.01,3,70,0.9972602128982544,0.0026736375875771046,0.05170722954845971,0.20132188498973846
23,350,1,0.01,3,71,0.9937412738800049,0.0061075640842318535,0.07815090584396225,0.2678721249103546
23,350,1,0.01,3,72,0.9972410798072815,0.002692275680601597,0.05188714369284165,0.1924763321876526
23,350,1,0.01,3,73,0.9936667084693909,0.006180334836244583,0.07861510564926173,0.30116868019104004
23,350,1,0.01,3,74,0.9973872303962708,0.0025496790185570717,0.050494346401919805,0.20718041062355042
23,350,1,0.01,3,75,0.9975160360336304,0.002423988189548254,0.0492340145585169,0.1986708790063858
23,350,1,0.01,3,76,0.9914321899414062,0.00836089625954628,0.09143793665402933,0.23010008037090302
23,350,1,0.01,3,77,0.9967026710510254,0.003217684803530574,0.05672464017982462,0.21634458005428314
23,350,1,0.01,3,78,0.9972487688064575,0.0026847945991903543,0.051815003610830274,0.19058573246002197
23,350,1,0.01,3,79,0.9966352581977844,0.0032834734302014112,0.057301600590222705,0.1985960155725479
23,350,1,0.01,3,80,0.9776778817176819,0.021783091127872467,0.14759095882835258,0.32636353373527527
23,350,1,0.01,3,81,0.9961490631103516,0.0037579420022666454,0.06130205544895412,0.19147300720214844
23,350,1,0.01,3,82,0.9969471096992493,0.002979160286486149,0.054581684533240166,0.19426307082176208
23,350,1,0.01,3,83,0.9974192380905151,0.0025184224359691143,0.05018388621827841,0.2003331482410431
23,350,1,0.01,3,84,0.9964005947113037,0.0035124903079122305,0.05926626618838267,0.21040837466716766
23,350,1,0.01,3,85,0.9976147413253784,0.0023276377469301224,0.0482455982129989,0.18250493705272675
23,350,1,0.01,3,86,0.9971463084220886,0.0027847778983414173,0.05277099485836341,0.22098304331302643
23,350,1,0.01,3,87,0.997516930103302,0.0024230850394815207,0.04922484169077155,0.18992625176906586
23,350,1,0.01,3,88,0.9976043701171875,0.0023377626203000546,0.04835041489273959,0.18338334560394287
23,350,1,0.01,3,89,0.9972875714302063,0.0026469568256288767,0.05144858429178471,0.208821639418602
23,350,1,0.01,3,90,0.9972296953201294,0.0027033912483602762,0.05199414628936873,0.1814926266670227
23,350,1,0.01,3,91,0.9970791339874268,0.0028503541834652424,0.05338870838918321,0.17611296474933624
23,350,1,0.01,3,92,0.9970963597297668,0.0028335456736385822,0.053231059294725505,0.19401371479034424
23,350,1,0.01,3,93,0.9966925382614136,0.0032275840640068054,0.05681183031734505,0.24022282660007477
23,350,1,0.01,3,94,0.9955893158912659,0.004304167814552784,0.06560615683419342,0.24612939357757568
23,350,1,0.01,3,95,0.9965093731880188,0.003406354459002614,0.058363982549193935,0.21878665685653687
23,350,1,0.01,3,96,0.9975394010543823,0.002401200821623206,0.04900204915738939,0.17787855863571167
23,350,1,0.01,3,97,0.9970249533653259,0.002903209300711751,0.053881437441031126,0.19795754551887512
23,350,1,0.01,3,98,0.9970532655715942,0.0028755958192050457,0.05362458222872273,0.19156514108181
23,350,1,0.01,3,99,0.997549831867218,0.002390977693721652,0.048897624622487056,0.1872563660144806
23,350,1,0.01,3,100,0.9967406392097473,0.0031806586775928736,0.05639732863880056,0.2231377810239792
24,350,1,0.01,3,1,0.9585113525390625,0.04048677533864975,0.20121325835702217,0.48076972365379333
24,350,1,0.01,3,2,0.9766248464584351,0.022810664027929306,0.15103199670245146,0.3898291289806366
24,350,1,0.01,3,3,0.9944957494735718,0.0053713577799499035,0.07328954754908713,0.28948938846588135
24,350,1,0.01,3,4,0.9864726066589355,0.013200730085372925,0.11489443017558738,0.35098502039909363
24,350,1,0.01,3,5,0.9933432340621948,0.006496000103652477,0.08059776736146279,0.29913559556007385
24,350,1,0.01,3,6,0.9955549836158752,0.004337696358561516,0.06586119007853955,0.233453631401062
24,350,1,0.01,3,7,0.991371214389801,0.008420395664870739,0.0917627139140443,0.2809208929538727
24,350,1,0.01,3,8,0.9957826137542725,0.004115552641451359,0.06415257314754692,0.23926904797554016
24,350,1,0.01,3,9,0.9954245090484619,0.004464991856366396,0.06682059455262573,0.2660108804702759
24,350,1,0.01,3,10,0.9961246848106384,0.0037817414849996567,0.061495865592734414,0.25765660405158997
24,350,1,0.01,3,11,0.9958327412605286,0.0040666162967681885,0.06377002663295812,0.23645612597465515
24,350,1,0.01,3,12,0.9956140518188477,0.004280034452676773,0.06542197224692002,0.27214640378952026
24,350,1,0.01,3,13,0.9961379170417786,0.0037688289303332567,0.06139078864400796,0.2263902872800827
24,350,1,0.01,3,14,0.9910812377929688,0.008703387342393398,0.09329194682497198,0.26487770676612854
24,350,1,0.01,3,15,0.9957504868507385,0.004146880470216274,0.06439627683504905,0.25010553002357483
24,350,1,0.01,3,16,0.9957690834999084,0.004128764849156141,0.06425546551972168,0.25507986545562744
24,350,1,0.01,3,17,0.9954870939254761,0.004403901752084494,0.06636189985288617,0.27859199047088623
24,350,1,0.01,3,18,0.9965301156044006,0.00338610983453691,0.05819028986469229,0.2341899275779724
24,350,1,0.01,3,19,0.9949769973754883,0.004901684354990721,0.07001203007334325,0.1969546228647232
24,350,1,0.01,3,20,0.9963681697845459,0.0035441264044493437,0.05953256591521437,0.2179756611585617
24,350,1,0.01,3,21,0.9960939288139343,0.003811757080256939,0.061739428894807075,0.2250005155801773
24,350,1,0.01,3,22,0.9964281320571899,0.003485587192699313,0.059038861715816585,0.20536182820796967
24,350,1,0.01,3,23,0.9952152967453003,0.004669189453125,0.06833146751771836,0.2579001784324646
24,350,1,0.01,3,24,0.9967067241668701,0.003213756252080202,0.05669000134133181,0.2081727385520935
24,350,1,0.01,3,25,0.9968401193618774,0.0030835482757538557,0.05552970624588118,0.19507674872875214
24,350,1,0.01,3,26,0.9960075616836548,0.003896041540428996,0.062418278896722204,0.2321224808692932
24,350,1,0.01,3,27,0.9966526031494141,0.0032665878534317017,0.05715407118860127,0.19794915616512299
24,350,1,0.01,3,28,0.9961486458778381,0.0037583797238767147,0.06130562554836803,0.22699126601219177
24,350,1,0.01,3,29,0.9949418306350708,0.004936015699058771,0.07025678400737377,0.26433712244033813
24,350,1,0.01,3,30,0.9946645498275757,0.005206617526710033,0.07215689521251613,0.25555795431137085
24,350,1,0.01,3,31,0.995986819267273,0.003916275687515736,0.06258015410268447,0.20838716626167297
24,350,1,0.01,3,32,0.9912034869194031,0.008584083989262581,0.09265033183568519,0.3228953182697296
24,350,1,0.01,3,33,0.9943463206291199,0.005517144221812487,0.0742774812565187,0.2609158754348755
24,350,1,0.01,3,34,0.9968950152397156,0.003030023304745555,0.055045647464132486,0.22036077082157135
24,350,1,0.01,3,35,0.9960429668426514,0.003861470613628626,0.06214073232291864,0.21553519368171692
24,350,1,0.01,3,36,0.9955133199691772,0.004378331825137138,0.06616896421387551,0.3056395351886749
24,350,1,0.01,3,37,0.9969008564949036,0.0030243266373872757,0.054993878181005526,0.18103939294815063
24,350,1,0.01,3,38,0.9794334769248962,0.02006990648806095,0.14166829739945686,0.31200096011161804
24,350,1,0.01,3,39,0.995951771736145,0.003950495272874832,0.0628529655058123,0.2723085582256317
24,350,1,0.01,3,40,0.9953644871711731,0.0045235780999064445,0.06725755050480536,0.23755362629890442
24,350,1,0.01,3,41,0.9940839409828186,0.005773176439106464,0.0759814216707378,0.26378023624420166
24,350,1,0.01,3,42,0.9966583251953125,0.003260962897911668,0.0571048412826064,0.21956337988376617
24,350,1,0.01,3,43,0.996768057346344,0.0031539201736450195,0.056159773625300696,0.23628881573677063
24,350,1,0.01,3,44,0.9968348145484924,0.003088755998760462,0.05557657778921316,0.22360515594482422
24,350,1,0.01,3,45,0.9969522356987,0.0029741525650024414,0.05453579159600089,0.20776866376399994
24,350,1,0.01,3,46,0.9971989393234253,0.0027334382757544518,0.05228229409421943,0.20301583409309387
24,350,1,0.01,3,47,0.9969685673713684,0.0029582015704363585,0.054389351627284165,0.23720711469650269
24,350,1,0.01,3,48,0.99519944190979,0.004684619605541229,0.06844428102874066,0.20959506928920746
24,350,1,0.01,3,49,0.9968081116676331,0.003114811610430479,0.055810497313950526,0.20174477994441986
24,350,1,0.01,3,50,0.9972470998764038,0.0026864514220505953,0.05183098901285403,0.20649224519729614
24,350,1,0.01,3,51,0.9966491460800171,0.0032699364237487316,0.05718335792648707,0.2087206393480301
24,350,1,0.01,3,52,0.9971815347671509,0.0027504058089107275,0.05244431150192295,0.20979167520999908
24,350,1,0.01,3,53,0.997131884098053,0.002798875095322728,0.05290439580339925,0.19548775255680084
24,350,1,0.01,3,54,0.9975191950798035,0.002420872449874878,0.04920236223876734,0.2032427340745926
24,350,1,0.01,3,55,0.9961854219436646,0.003722475841641426,0.06101209586337308,0.20699405670166016
24,350,1,0.01,3,56,0.9941083788871765,0.005749343894422054,0.0758244280850311,0.27763456106185913
24,350,1,0.01,3,57,0.9948345422744751,0.005040737334638834,0.07099815021983906,0.28943222761154175
24,350,1,0.01,3,58,0.9966028928756714,0.003315055975690484,0.05757652278221119,0.20930829644203186
24,350,1,0.01,3,59,0.9962840676307678,0.0036262269131839275,0.06021816099138139,0.19955070316791534
24,350,1,0.01,3,60,0.9968932271003723,0.003031743224710226,0.055061267917749825,0.20471593737602234
24,350,1,0.01,3,61,0.9965633749961853,0.003353624837473035,0.05791048987422775,0.19576317071914673
24,350,1,0.01,3,62,0.9956145882606506,0.004279534798115492,0.06541815342942273,0.22185108065605164
24,350,1,0.01,3,63,0.9960722327232361,0.00383294397033751,0.0619107742669845,0.1773357093334198
24,350,1,0.01,3,64,0.9885047674179077,0.011217660270631313,0.10591345651347289,0.25827500224113464
24,350,1,0.01,3,65,0.9969735741615295,0.002953355899080634,0.0543447872300613,0.20991002023220062
24,350,1,0.01,3,66,0.9970369338989258,0.0028914904687553644,0.05377258101258823,0.20209194719791412
24,350,1,0.01,3,67,0.99712073802948,0.002809731522575021,0.05300690070712511,0.2275245189666748
24,350,1,0.01,3,68,0.9951558113098145,0.004727201536297798,0.0687546473796339,0.21858051419258118
24,350,1,0.01,3,69,0.995613694190979,0.004280379973351955,0.06542461290181208,0.24177126586437225
24,350,1,0.01,3,70,0.9960590600967407,0.003845784580335021,0.06201439010693422,0.21350730955600739
24,350,1,0.01,3,71,0.9967126250267029,0.0032079957891255617,0.056639171861226585,0.17017684876918793
24,350,1,0.01,3,72,0.9974077939987183,0.0025296362582594156,0.05029548944248794,0.2007870227098465
24,350,1,0.01,3,73,0.9973613023757935,0.002574969083070755,0.05074415319099093,0.21529719233512878
24,350,1,0.01,3,74,0.9967294931411743,0.003191544907167554,0.0564937598958288,0.18816035985946655
24,350,1,0.01,3,75,0.9974437952041626,0.0024944692850112915,0.04994466222742218,0.19771431386470795
24,350,1,0.01,3,76,0.9973387122154236,0.002597047481685877,0.050961235087916355,0.20685268938541412
24,350,1,0.01,3,77,0.9931830167770386,0.006652375217527151,0.0815620942443679,0.32699868083000183
24,350,1,0.01,3,78,0.996364176273346,0.0035480251535773277,0.05956530159058483,0.18537189066410065
24,350,1,0.01,3,79,0.9956475496292114,0.00424735015258193,0.06517169748120676,0.2475031018257141
24,350,1,0.01,3,80,0.9949304461479187,0.004947107285261154,0.07033567576458731,0.23569105565547943
24,350,1,0.01,3,81,0.9964977502822876,0.0034177033230662346,0.05846112659764807,0.19666056334972382
24,350,1,0.01,3,82,0.9971880316734314,0.0027440679259598255,0.05238385176712214,0.20185601711273193
24,350,1,0.01,3,83,0.9976304173469543,0.0023123761638998985,0.04808717255048272,0.21616201102733612
24,350,1,0.01,3,84,0.9968777298927307,0.0030468807090073824,0.05519855712794839,0.22379712760448456
24,350,1,0.01,3,85,0.9961298704147339,0.0037766608875244856,0.0614545432618654,0.22878777980804443
24,350,1,0.01,3,86,0.986607551574707,0.013069028966128826,0.11431985377058888,0.36064276099205017
24,350,1,0.01,3,87,0.9974063634872437,0.002530985977500677,0.05030890554862705,0.18714004755020142
24,350,1,0.01,3,88,0.9975864291191101,0.0023552679922431707,0.04853110334871,0.20738734304904938
24,350,1,0.01,3,89,0.9971476197242737,0.0027834840584546328,0.052758734428098565,0.21423469483852386
24,350,1,0.01,3,90,0.9977441430091858,0.0022013778798282146,0.04691884354743001,0.1767333447933197
24,350,1,0.01,3,91,0.9966851472854614,0.0032347929663956165,0.0568752403634096,0.2429361343383789
24,350,1,0.01,3,92,0.996832013130188,0.003091485006734729,0.055601124149919204,0.23445270955562592
24,350,1,0.01,3,93,0.9975632429122925,0.002377890981733799,0.048763623550078794,0.1965574324131012
24,350,1,0.01,3,94,0.9976035356521606,0.00233862129971385,0.048359293829768134,0.2187851518392563
24,350,1,0.01,3,95,0.9957332015037537,0.004163763485848904,0.06452723057631486,0.2151385098695755
24,350,1,0.01,3,96,0.9971082806587219,0.002821916714310646,0.05312171603318784,0.22534868121147156
24,350,1,0.01,3,97,0.99712735414505,0.0028032988775521517,0.052946188508259516,0.22414886951446533
24,350,1,0.01,3,98,0.9929555058479309,0.00687439227476716,0.08291195495685263,0.2903629243373871
24,350,1,0.01,3,99,0.9974782466888428,0.002460868563503027,0.04960714226301518,0.19282318651676178
24,350,1,0.01,3,100,0.9971051216125488,0.0028249849565327168,0.05315058754644879,0.2155512124300003
25,350,1,0.01,3,1,0.9916326403617859,0.008165281265974045,0.09036194589523869,0.34973275661468506
25,350,1,0.01,3,2,0.9810382723808289,0.018503861501812935,0.1360288995096738,0.31953999400138855
25,350,1,0.01,3,3,0.9951735138893127,0.004709932953119278,0.06862895127509437,0.2822677493095398
25,350,1,0.01,3,4,0.9953658580780029,0.004522230010479689,0.06724752791352027,0.27573302388191223
25,350,1,0.01,3,5,0.9879787564277649,0.011730941012501717,0.10830946871119679,0.3364996910095215
25,350,1,0.01,3,6,0.9891720414161682,0.010566461831331253,0.10279329662643986,0.3218447268009186
25,350,1,0.01,3,7,0.9928548336029053,0.006972634233534336,0.083502300767909,0.375621497631073
25,350,1,0.01,3,8,0.9940845966339111,0.005772541742771864,0.07597724490116672,0.29499492049217224
25,350,1,0.01,3,9,0.9950692653656006,0.004811673425137997,0.06936622683365441,0.3037925660610199
25,350,1,0.01,3,10,0.9949274659156799,0.0049500614404678345,0.07035667303438839,0.2619180381298065
25,350,1,0.01,3,11,0.99521404504776,0.004670402500778437,0.06834034314208876,0.23652403056621552
25,350,1,0.01,3,12,0.9955047965049744,0.00438667694106698,0.06623199333454324,0.2570565640926361
25,350,1,0.01,3,13,0.9947693943977356,0.005104313138872385,0.07144447591572343,0.2597213089466095
25,350,1,0.01,3,14,0.9919859170913696,0.007820556871592999,0.08843391245214134,0.28488144278526306
25,350,1,0.01,3,15,0.9964910745620728,0.00342422048561275,0.05851683933375717,0.19134505093097687
25,350,1,0.01,3,16,0.9957472085952759,0.004150106571614742,0.06442132078446344,0.2519194781780243
25,350,1,0.01,3,17,0.9966632723808289,0.0032561670523136854,0.05706283424711469,0.19456720352172852
25,350,1,0.01,3,18,0.9960996508598328,0.003806191263720393,0.0616943373715967,0.23335711658000946
25,350,1,0.01,3,19,0.9955568313598633,0.004335879813879728,0.06584739792793431,0.2131246030330658
25,350,1,0.01,3,20,0.995232105255127,0.00465273717418313,0.06821097546717192,0.2674129605293274
25,350,1,0.01,3,21,0.9966925382614136,0.0032276161946356297,0.05681211309778602,0.21579623222351074
25,350,1,0.01,3,22,0.9955881834030151,0.004305266309529543,0.06561452818949126,0.23521314561367035
25,350,1,0.01,3,23,0.996609091758728,0.003308996558189392,0.05752387815672194,0.22754719853401184
25,350,1,0.01,3,24,0.9953433275222778,0.00454419432207942,0.06741063953174914,0.2280028909444809
25,350,1,0.01,3,25,0.9940366744995117,0.005819307174533606,0.07628438355609624,0.3030175566673279
25,350,1,0.01,3,26,0.9966211318969727,0.003297301009297371,0.05742212996134305,0.21160614490509033
25,350,1,0.01,3,27,0.9671173691749573,0.03208856284618378,0.17913280784430244,0.5672776699066162
25,350,1,0.01,3,28,0.9965563416481018,0.003360477974638343,0.05796962976109424,0.2176944464445114
25,350,1,0.01,3,29,0.9965413808822632,0.003375121857970953,0.05809579897007143,0.2099808007478714
25,350,1,0.01,3,30,0.9941422343254089,0.005716314539313316,0.07560631282712652,0.279945969581604
25,350,1,0.01,3,31,0.9965124130249023,0.0034033663105219603,0.05833837768160819,0.2364421933889389
25,350,1,0.01,3,32,0.9952716827392578,0.004614140372723341,0.0679274640533808,0.2978373169898987
25,350,1,0.01,3,33,0.9966047406196594,0.0033132911194115877,0.057561194562062275,0.2265734076499939
25,350,1,0.01,3,34,0.9949790835380554,0.004899691790342331,0.06999779846782563,0.2321576625108719
25,350,1,0.01,3,35,0.9972184300422668,0.002714417641982436,0.05210007333951111,0.24153722822666168
25,350,1,0.01,3,36,0.9955490827560425,0.004343423061072826,0.06590465128557184,0.21585558354854584
25,350,1,0.01,3,37,0.9972450137138367,0.0026884523686021566,0.0518502880281504,0.2105025053024292
25,350,1,0.01,3,38,0.9946845769882202,0.005187092814594507,0.07202147467661647,0.22744335234165192
25,350,1,0.01,3,39,0.9808940291404724,0.01864459179341793,0.13654520055065256,0.32745876908302307
25,350,1,0.01,3,40,0.9967626333236694,0.0031592128798365593,0.05620687573452699,0.2019764482975006
25,350,1,0.01,3,41,0.9947288632392883,0.005143842194229364,0.07172058417378768,0.2614275813102722
25,350,1,0.01,3,42,0.9972825050354004,0.0026518995873630047,0.051496597823186385,0.21163128316402435
25,350,1,0.01,3,43,0.9974361062049866,0.0025019864551723003,0.050019860607285783,0.2117188423871994
25,350,1,0.01,3,44,0.997279942035675,0.002654396230354905,0.05152083297419506,0.21478384733200073
25,350,1,0.01,3,45,0.9971585273742676,0.0027728716377168894,0.052658063368461336,0.22330711781978607
25,350,1,0.01,3,46,0.9969339966773987,0.0029919480439275503,0.05469870239710948,0.2082739621400833
25,350,1,0.01,3,47,0.9971887469291687,0.0027433501090854406,0.05237699980989213,0.17944243550300598
25,350,1,0.01,3,48,0.9978527426719666,0.0020953877829015255,0.04577540587369516,0.17117737233638763
25,350,1,0.01,3,49,0.9959618449211121,0.003940626513212919,0.06277440970023469,0.20760120451450348
25,350,1,0.01,3,50,0.9970005750656128,0.002926991321146488,0.05410167577022442,0.20386622846126556
25,350,1,0.01,3,51,0.9970948100090027,0.002835030434653163,0.05324500384686964,0.21904447674751282
25,350,1,0.01,3,52,0.9959549307823181,0.003947379067540169,0.06282817097083257,0.25252094864845276
25,350,1,0.01,3,53,0.996716320514679,0.0032043899409472942,0.05660733115902298,0.20503301918506622
25,350,1,0.01,3,54,0.9961981773376465,0.0037100096233189106,0.06090984832782717,0.20068244636058807
25,350,1,0.01,3,55,0.9972413182258606,0.002692045643925667,0.051884926943435765,0.2216348946094513
25,350,1,0.01,3,56,0.9973067045211792,0.0026282689068466425,0.05126664516863418,0.19782133400440216
25,350,1,0.01,3,57,0.9968656897544861,0.0030586000066250563,0.05530461107923151,0.20945824682712555
25,350,1,0.01,3,58,0.996033787727356,0.0038704543840140104,0.062212976009945145,0.21730254590511322
25,350,1,0.01,3,59,0.9971300363540649,0.0028006478678435087,0.052921147642917846,0.2166515290737152
25,350,1,0.01,3,60,0.9976295232772827,0.002313232282176614,0.04809607345903212,0.21140265464782715
25,350,1,0.01,3,61,0.9976292252540588,0.0023135512601584196,0.04809938939486051,0.20121625065803528
25,350,1,0.01,3,62,0.9971960783004761,0.0027362233959138393,0.052308922717963134,0.20607741177082062
25,350,1,0.01,3,63,0.9927982091903687,0.007027897518128157,0.08383255643321487,0.2674497961997986
25,350,1,0.01,3,64,0.9964630007743835,0.003451583907008171,0.0587501821870211,0.19147169589996338
25,350,1,0.01,3,65,0.9969748258590698,0.002952143084257841,0.054333627563948286,0.20117445290088654
25,350,1,0.01,3,66,0.9962393045425415,0.003669874044135213,0.060579485340626765,0.2050846964120865
25,350,1,0.01,3,67,0.9955557584762573,0.004336901009082794,0.06585515172773346,0.22184179723262787
25,350,1,0.01,3,68,0.9972502589225769,0.0026833682786673307,0.05180123819627607,0.24223692715168
25,350,1,0.01,3,69,0.9962444305419922,0.003664890304207802,0.06053833747475893,0.23861782252788544
25,350,1,0.01,3,70,0.9977257251739502,0.0022193824406713247,0.047110322018336113,0.18149621784687042
25,350,1,0.01,3,71,0.9974706172943115,0.002468312159180641,0.04968211105801203,0.20977838337421417
25,350,1,0.01,3,72,0.9966495633125305,0.003269523847848177,0.05717975033041135,0.19653251767158508
25,350,1,0.01,3,73,0.9973585605621338,0.002577671315521002,0.05077077225649618,0.1789991706609726
25,350,1,0.01,3,74,0.9958415627479553,0.004058005288243294,0.06370247474190696,0.21133007109165192
25,350,1,0.01,3,75,0.9972588419914246,0.0026749868411570787,0.051720274952450504,0.18812517821788788
25,350,1,0.01,3,76,0.9971268177032471,0.0028037959709763527,0.052950882626981326,0.1870017647743225
25,350,1,0.01,3,77,0.9977136850357056,0.0022311226930469275,0.04723476149031482,0.16239480674266815
25,350,1,0.01,3,78,0.9959096312522888,0.003991595935076475,0.06317907830189101,0.1961953341960907
25,350,1,0.01,3,79,0.9974565505981445,0.0024820270482450724,0.0498199462890625,0.18516778945922852
25,350,1,0.01,3,80,0.9933478832244873,0.006491478998214006,0.08056971514293697,0.22917057573795319
25,350,1,0.01,3,81,0.9947561621665955,0.005117189604789019,0.0715345343508226,0.2211436778306961
25,350,1,0.01,3,82,0.98615962266922,0.013506151735782623,0.11621597022691255,0.29175662994384766
25,350,1,0.01,3,83,0.9979143142700195,0.002035305602476001,0.04511436137723775,0.157529816031456
25,350,1,0.01,3,84,0.9974557161331177,0.002482861280441284,0.049828318057519104,0.20135407149791718
25,350,1,0.01,3,85,0.9977009296417236,0.0022435560822486877,0.047366191342018284,0.17977704107761383
25,350,1,0.01,3,86,0.997170090675354,0.0027615963481366634,0.05255089293377101,0.181671142578125
25,350,1,0.01,3,87,0.9972648620605469,0.0026690829545259476,0.051663168258692264,0.2103491574525833
25,350,1,0.01,3,88,0.9968713521957397,0.00305308704264462,0.055254746788349504,0.18729029595851898
25,350,1,0.01,3,89,0.9961852431297302,0.0037226255517452955,0.06101332273975329,0.25336211919784546
25,350,1,0.01,3,90,0.9979249835014343,0.0020249292720109224,0.0449992141265925,0.19699905812740326
25,350,1,0.01,3,91,0.9958934783935547,0.004007331561297178,0.06330348774986397,0.20624926686286926
25,350,1,0.01,3,92,0.9971574544906616,0.0027739275246858597,0.052668088295341225,0.21194325387477875
25,350,1,0.01,3,93,0.9970971941947937,0.0028326997999101877,0.053223113399257165,0.22442938387393951
25,350,1,0.01,3,94,0.993877112865448,0.005975046195089817,0.07729842297931969,0.24138759076595306
25,350,1,0.01,3,95,0.996857762336731,0.0030663348734378815,0.055374496597602414,0.16902300715446472
25,350,1,0.01,3,96,0.997783899307251,0.0021625941153615713,0.04650370001797245,0.15616737306118011
25,350,1,0.01,3,97,0.9972749352455139,0.002659282647073269,0.05156823292564201,0.2003011554479599
25,350,1,0.01,3,98,0.9969432353973389,0.0029829463455826044,0.054616356026218046,0.23056989908218384
25,350,1,0.01,3,99,0.9970185160636902,0.002909493399783969,0.053939720056596224,0.17181245982646942
25,350,1,0.01,3,100,0.9963995814323425,0.00351345119997859,0.05927437220231514,0.1815820187330246
26,350,1,0.01,3,1,0.983284056186676,0.016312291845679283,0.12771958285900906,0.5680428147315979
26,350,1,0.01,3,2,0.9901700615882874,0.009592544287443161,0.09794153504741061,0.4198848605155945
26,350,1,0.01,3,3,0.9924411177635193,0.007376350928097963,0.08588568523390824,0.3661908209323883
26,350,1,0.01,3,4,0.9929952621459961,0.006835589651018381,0.08267762485109488,0.3452126383781433
26,350,1,0.01,3,5,0.9946529269218445,0.005217976868152618,0.07223556511963217,0.2473916858434677
26,350,1,0.01,3,6,0.9934254884719849,0.006415774114429951,0.0800985275422086,0.29478713870048523
26,350,1,0.01,3,7,0.9924101233482361,0.0074065993539988995,0.08606160208826524,0.29551973938941956
26,350,1,0.01,3,8,0.9949315190315247,0.004946079105138779,0.07032836629084155,0.24482542276382446
26,350,1,0.01,3,9,0.9944314956665039,0.005434034392237663,0.07371590325186055,0.2644532024860382
26,350,1,0.01,3,10,0.9952139258384705,0.004670489113777876,0.06834097682779985,0.23225922882556915
26,350,1,0.01,3,11,0.9957520365715027,0.004145408980548382,0.06438485055157293,0.22810900211334229
26,350,1,0.01,3,12,0.9927601218223572,0.007065041922032833,0.08405380373328046,0.3111392557621002
26,350,1,0.01,3,13,0.9960679411888123,0.0038371148984879255,0.06194445010239356,0.22157897055149078
26,350,1,0.01,3,14,0.9945786595344543,0.00529042724519968,0.07273532322881146,0.2844279706478119
26,350,1,0.01,3,15,0.9965641498565674,0.003352901665493846,0.05790424566034727,0.2086007297039032
26,350,1,0.01,3,16,0.9945942163467407,0.005275236442685127,0.07263082295200246,0.2827049493789673
26,350,1,0.01,3,17,0.9956211447715759,0.004273139405995607,0.06536925428667216,0.22464610636234283
26,350,1,0.01,3,18,0.9957348108291626,0.004162169992923737,0.06451488194923506,0.20794349908828735
26,350,1,0.01,3,19,0.9962103366851807,0.0036981627345085144,0.06081252119842191,0.21037738025188446
26,350,1,0.01,3,20,0.9412030577659607,0.057377107441425323,0.2395351904030498,0.5353237986564636
26,350,1,0.01,3,21,0.9948221445083618,0.005052822642028332,0.07108320928340484,0.26831138134002686
26,350,1,0.01,3,22,0.9950245022773743,0.0048553673550486565,0.06968046609379602,0.24375516176223755
26,350,1,0.01,3,23,0.9958926439285278,0.004008180927485228,0.0633101960783982,0.2352890819311142
26,350,1,0.01,3,24,0.9966860413551331,0.003233952447772026,0.05686785073986906,0.1760707050561905
26,350,1,0.01,3,25,0.996738076210022,0.00318312831223011,0.0564192193514773,0.19959211349487305
26,350,1,0.01,3,26,0.995474100112915,0.004416628275066614,0.06645771794958516,0.20147603750228882
26,350,1,0.01,3,27,0.9964685440063477,0.0034461768809705973,0.05870414705087365,0.196355938911438
26,350,1,0.01,3,28,0.9964159727096558,0.00349747808650136,0.05913947993093412,0.20494325459003448
26,350,1,0.01,3,29,0.9902113080024719,0.009552325122058392,0.09773599706381672,0.312934935092926
26,350,1,0.01,3,30,0.9907042980194092,0.009071242064237595,0.09524306832645404,0.2715972661972046
26,350,1,0.01,3,31,0.9963668584823608,0.003545418381690979,0.05954341593905223,0.22859622538089752
26,350,1,0.01,3,32,0.9971998929977417,0.002732491120696068,0.05227323522316241,0.1944209486246109
26,350,1,0.01,3,33,0.9967681169509888,0.003153812373057008,0.056158813850160756,0.2233729362487793
26,350,1,0.01,3,34,0.9970889091491699,0.002840782515704632,0.053298991695008936,0.19780923426151276
26,350,1,0.01,3,35,0.9966248273849487,0.0032936481293290854,0.05739031389815781,0.19299453496932983
26,350,1,0.01,3,36,0.9965810179710388,0.0033364389091730118,0.05776191573323215,0.2379285991191864
26,350,1,0.01,3,37,0.9964966177940369,0.0034188043791800737,0.05847054283295199,0.21232298016548157
26,350,1,0.01,3,38,0.9947519898414612,0.005121286492794752,0.07156316435705419,0.3490558862686157
26,350,1,0.01,3,39,0.9950766563415527,0.004804433789104223,0.06931402303361292,0.21387116611003876
26,350,1,0.01,3,40,0.9944230318069458,0.005442314315587282,0.07377204291320176,0.17706085741519928
26,350,1,0.01,3,41,0.9957207441329956,0.004175923299044371,0.0646213842241434,0.20555859804153442
26,350,1,0.01,3,42,0.9969503283500671,0.002976043149828911,0.05455312227388008,0.18076317012310028
26,350,1,0.01,3,43,0.9959254264831543,0.003976150881499052,0.06305672748802503,0.2238377332687378
26,350,1,0.01,3,44,0.9970219731330872,0.0029061129316687584,0.05390837533879832,0.22789272665977478
26,350,1,0.01,3,45,0.9955350756645203,0.004357101395726204,0.06600834337965318,0.21162758767604828
26,350,1,0.01,3,46,0.9954313039779663,0.004458382725715637,0.06677112194441275,0.21524351835250854
26,350,1,0.01,3,47,0.9973993301391602,0.002537871478125453,0.05037729129404888,0.1935182362794876
26,350,1,0.01,3,48,0.9975762963294983,0.002365202410146594,0.048633346688733994,0.20027118921279907
26,350,1,0.01,3,49,0.996939480304718,0.002986588981002569,0.054649693329446684,0.19139361381530762
26,350,1,0.01,3,50,0.9901536703109741,0.00960856955498457,0.09802331128351342,0.35053545236587524
26,350,1,0.01,3,51,0.9950547218322754,0.0048258379101753235,0.06946825109483701,0.21561868488788605
26,350,1,0.01,3,52,0.9961366653442383,0.0037700552493333817,0.06140077564113813,0.2605956792831421
26,350,1,0.01,3,53,0.9976521134376526,0.0022911843843758106,0.04786631784852278,0.17851153016090393
26,350,1,0.01,3,54,0.99477618932724,0.005097679328173399,0.0713980344839646,0.19742313027381897
26,350,1,0.01,3,55,0.9946871399879456,0.005184589885175228,0.07200409630830198,0.24814677238464355
26,350,1,0.01,3,56,0.9971825480461121,0.002749439561739564,0.05243509856708161,0.19941897690296173
26,350,1,0.01,3,57,0.9974339008331299,0.0025041394401341677,0.05004137728054822,0.16572903096675873
26,350,1,0.01,3,58,0.9964988231658936,0.003416613442823291,0.05845180444454466,0.194127157330513
26,350,1,0.01,3,59,0.9849569797515869,0.014679785817861557,0.12116016596993237,0.25334566831588745
26,350,1,0.01,3,60,0.9952765107154846,0.004609404131770134,0.06789259261340765,0.24216127395629883
26,350,1,0.01,3,61,0.9975659847259521,0.002375237410888076,0.04873640744749325,0.19575358927249908
26,350,1,0.01,3,62,0.9970841407775879,0.002845457987859845,0.05334283445655888,0.1688682585954666
26,350,1,0.01,3,63,0.9975259900093079,0.002414274262264371,0.04913526495567487,0.18438880145549774
26,350,1,0.01,3,64,0.9974936842918396,0.002445795340463519,0.04945498296899433,0.1544392853975296
26,350,1,0.01,3,65,0.9930115938186646,0.006819625850766897,0.08258102597308233,0.2848982810974121
26,350,1,0.01,3,66,0.9971951842308044,0.0027370674069970846,0.05231698965916411,0.18277084827423096
26,350,1,0.01,3,67,0.9954047799110413,0.004484250675886869,0.06696454790325153,0.18779149651527405
26,350,1,0.01,3,68,0.9975080490112305,0.0024318040814250708,0.04931332559689187,0.18804462254047394
26,350,1,0.01,3,69,0.9974249005317688,0.0025129439309239388,0.0501292721962322,0.1956462860107422
26,350,1,0.01,3,70,0.9972004890441895,0.002731915796175599,0.05226773188283187,0.1992712765932083
26,350,1,0.01,3,71,0.9968960285186768,0.003029022365808487,0.05503655481412774,0.1966572403907776
26,350,1,0.01,3,72,0.9971282482147217,0.002802407369017601,0.052937768833013744,0.21523864567279816
26,350,1,0.01,3,73,0.991614580154419,0.008182928897440434,0.09045954287658342,0.2614147961139679
26,350,1,0.01,3,74,0.9885753989219666,0.011148709803819656,0.10558745097699658,0.3803776204586029
26,350,1,0.01,3,75,0.9973374605178833,0.0025982637889683247,0.05097316734291018,0.18826544284820557
26,350,1,0.01,3,76,0.9973598718643188,0.002576362108811736,0.050757877307977886,0.18416567146778107
26,350,1,0.01,3,77,0.9972143173217773,0.0027184344362467527,0.052138607923943966,0.19489403069019318
26,350,1,0.01,3,78,0.9974915385246277,0.0024478707928210497,0.049475961767519484,0.18121175467967987
26,350,1,0.01,3,79,0.9977399110794067,0.0022055187728255987,0.04696295106597965,0.1665748804807663
26,350,1,0.01,3,80,0.9969709515571594,0.0029559191316366196,0.05436836517347767,0.18765178322792053
26,350,1,0.01,3,81,0.9959959983825684,0.003907311242073774,0.06250848936003632,0.1839900016784668
26,350,1,0.01,3,82,0.9976872801780701,0.0022568495478481054,0.047506310610782074,0.17272798717021942
26,350,1,0.01,3,83,0.9912198781967163,0.008568109013140202,0.09256408057740433,0.21846655011177063
26,350,1,0.01,3,84,0.9976235628128052,0.0023190733045339584,0.048156757620649235,0.1790345013141632
26,350,1,0.01,3,85,0.9971952438354492,0.0027370229363441467,0.052316564645857114,0.19666709005832672
26,350,1,0.01,3,86,0.9967795014381409,0.003142751520499587,0.05606024902281105,0.20427845418453217
26,350,1,0.01,3,87,0.9967299103736877,0.0031911032274365425,0.05648985065864967,0.1949889361858368
26,350,1,0.01,3,88,0.9700400829315186,0.02923642285168171,0.17098661600160905,0.37445536255836487
26,350,1,0.01,3,89,0.9969593286514282,0.0029672684613615274,0.05447263956668088,0.21928687393665314
26,350,1,0.01,3,90,0.9972139000892639,0.002718831179663539,0.05214241248411449,0.19028690457344055
26,350,1,0.01,3,91,0.9970144033432007,0.0029135087970644236,0.05397692837745052,0.17523735761642456
26,350,1,0.01,3,92,0.9968430995941162,0.0030806786380708218,0.05550386146990876,0.18944051861763
26,350,1,0.01,3,93,0.9974470734596252,0.002491292078047991,0.049912844820226294,0.16858963668346405
26,350,1,0.01,3,94,0.9974539875984192,0.002484502736479044,0.049844786452336656,0.18360312283039093
26,350,1,0.01,3,95,0.9972503781318665,0.0026832488365471363,0.0518000852947863,0.17452624440193176
26,350,1,0.01,3,96,0.9967551231384277,0.0031664979178458452,0.05627164399451864,0.1958853155374527
26,350,1,0.01,3,97,0.9975007176399231,0.0024389009922742844,0.04938523050745318,0.1717357188463211
26,350,1,0.01,3,98,0.9975808262825012,0.0023607835173606873,0.04858789476156265,0.17933405935764313
26,350,1,0.01,3,99,0.9960647821426392,0.003840164514258504,0.06196906094381699,0.19726334512233734
26,350,1,0.01,3,100,0.9948216080665588,0.005053323227912188,0.07108673032227736,0.21202445030212402
27,350,1,0.01,3,1,0.9850622415542603,0.014577017165720463,0.12073531863427728,0.49879640340805054
27,350,1,0.01,3,2,0.9909923076629639,0.008790146559476852,0.0937557814722743,0.43006008863449097
27,350,1,0.01,3,3,0.9940394759178162,0.005816591903567314,0.07626658444933347,0.2911643385887146
27,350,1,0.01,3,4,0.9947329759597778,0.00513982679694891,0.07169258536940142,0.2614476978778839
27,350,1,0.01,3,5,0.9936157464981079,0.00623010890558362,0.07893103892375686,0.234839528799057
27,350,1,0.01,3,6,0.9956824779510498,0.00421325396746397,0.06490958301717836,0.22837519645690918
27,350,1,0.01,3,7,0.9938702583312988,0.005981724709272385,0.07734161046469348,0.24073782563209534
27,350,1,0.01,3,8,0.9960007667541504,0.003902684897184372,0.06247147266700515,0.2166755348443985
27,350,1,0.01,3,9,0.9925957918167114,0.007225412409752607,0.08500242590510348,0.25507423281669617
27,350,1,0.01,3,10,0.9959102869033813,0.00399095518514514,0.06317400719556375,0.1890667825937271
27,350,1,0.01,3,11,0.9951266646385193,0.004755648318678141,0.06896120879652662,0.27369821071624756
27,350,1,0.01,3,12,0.996155858039856,0.0037513384595513344,0.06124817107107227,0.20982210338115692
27,350,1,0.01,3,13,0.9958266019821167,0.0040726070292294025,0.06381698072793324,0.2355305552482605
27,350,1,0.01,3,14,0.993829607963562,0.006021368317306042,0.07759747623026178,0.2938316762447357
27,350,1,0.01,3,15,0.9961830973625183,0.0037247254513204098,0.06103052884680264,0.2112317830324173
27,350,1,0.01,3,16,0.9925472736358643,0.007272758055478334,0.08528046702192908,0.27339670062065125
27,350,1,0.01,3,17,0.9961875081062317,0.003720422275364399,0.06099526436834583,0.22021335363388062
27,350,1,0.01,3,18,0.9961771368980408,0.003730557393282652,0.06107828905005978,0.22545647621154785
27,350,1,0.01,3,19,0.9923684597015381,0.0074472492560744286,0.08629744640529306,0.28421294689178467
27,350,1,0.01,3,20,0.9948453903198242,0.005030142609030008,0.07092349828533565,0.2341754287481308
27,350,1,0.01,3,21,0.9958529472351074,0.004046895075589418,0.06361521103941586,0.23027953505516052
27,350,1,0.01,3,22,0.9962674379348755,0.0036424475256353617,0.06035269277866035,0.187875434756279
27,350,1,0.01,3,23,0.9959712624549866,0.003931452054530382,0.0627012922875628,0.19461074471473694
27,350,1,0.01,3,24,0.9974017143249512,0.0025355375837534666,0.05035412181493653,0.17042960226535797
27,350,1,0.01,3,25,0.9971541166305542,0.002777175744995475,0.05269891597552529,0.16362588107585907
27,350,1,0.01,3,26,0.9966731667518616,0.00324649503454566,0.056978022381841756,0.18944935500621796
27,350,1,0.01,3,27,0.9963868260383606,0.0035259465221315622,0.059379681054478245,0.1805795431137085
27,350,1,0.01,3,28,0.9953888654708862,0.004499785136431456,0.06708043780739252,0.26455065608024597
27,350,1,0.01,3,29,0.9973049759864807,0.0026299217715859413,0.051282762909051045,0.220255047082901
27,350,1,0.01,3,30,0.9969168305397034,0.003008732572197914,0.05485191493647158,0.16533102095127106
27,350,1,0.01,3,31,0.9968968033790588,0.0030282477382570505,0.055029516972776076,0.18073049187660217
27,350,1,0.01,3,32,0.9971481561660767,0.002782986732199788,0.05275402100503608,0.15960323810577393
27,350,1,0.01,3,33,0.9971449375152588,0.0027861353009939194,0.052783854548468886,0.16871370375156403
27,350,1,0.01,3,34,0.9956923127174377,0.004203645512461662,0.06483552662284515,0.20000696182250977
27,350,1,0.01,3,35,0.9971095323562622,0.0028206866700202227,0.053110137168154846,0.16920290887355804
27,350,1,0.01,3,36,0.9972299933433533,0.002703093457967043,0.051991282518966994,0.17858341336250305
27,350,1,0.01,3,37,0.9947049021720886,0.005167208146303892,0.07188329532168021,0.17622919380664825
27,350,1,0.01,3,38,0.9963998198509216,0.00351326004602015,0.05927275973008301,0.1820840984582901
27,350,1,0.01,3,39,0.99739009141922,0.0025468876119703054,0.05046669804901353,0.17747874557971954
27,350,1,0.01,3,40,0.9973479509353638,0.0025880266912281513,0.05087265170234545,0.20071274042129517
27,350,1,0.01,3,41,0.9964194297790527,0.0034940869081765413,0.05911080195849606,0.15929338335990906
27,350,1,0.01,3,42,0.997542142868042,0.0023984843865036964,0.04897432374728309,0.1868564635515213
27,350,1,0.01,3,43,0.9959955811500549,0.003907741978764534,0.06251193469062155,0.17341001331806183
27,350,1,0.01,3,44,0.9945027232170105,0.0053645106963813305,0.07324282010123129,0.27321678400039673
27,350,1,0.01,3,45,0.995650053024292,0.004244877491146326,0.06515272435705452,0.2131699025630951
27,350,1,0.01,3,46,0.9977479577064514,0.002197639085352421,0.04687898340783875,0.17459285259246826
27,350,1,0.01,3,47,0.9975000619888306,0.002439565025269985,0.04939195304166444,0.15506216883659363
27,350,1,0.01,3,48,0.9980378746986389,0.0019147209823131561,0.04375752486502357,0.15091849863529205
27,350,1,0.01,3,49,0.9976831674575806,0.0022608719300478697,0.04754862700486597,0.1541106253862381
27,350,1,0.01,3,50,0.9922366142272949,0.007575929164886475,0.08703981367676791,0.19997729361057281
27,350,1,0.01,3,51,0.9976503252983093,0.0022929327096790075,0.047884576949984714,0.17290404438972473
27,350,1,0.01,3,52,0.9978979229927063,0.002051321789622307,0.04529152006305713,0.15397928655147552
27,350,1,0.01,3,53,0.9974038004875183,0.002533505205065012,0.050333936912037906,0.16834063827991486
27,350,1,0.01,3,54,0.9964609742164612,0.0034535438753664494,0.058766860349745154,0.19020622968673706
27,350,1,0.01,3,55,0.994579017162323,0.005290079861879349,0.07273293519362015,0.21998579800128937
27,350,1,0.01,3,56,0.9976222515106201,0.0023203182499855757,0.04816968185472659,0.13950228691101074
27,350,1,0.01,3,57,0.9978940486907959,0.0020551104098558426,0.04533332559889956,0.15181536972522736
27,350,1,0.01,3,58,0.9978283047676086,0.002119234064593911,0.04603513945448532,0.16045232117176056
27,350,1,0.01,3,59,0.9980483055114746,0.0019045488443225622,0.04364113706495928,0.18346495926380157
27,350,1,0.01,3,60,0.9972522258758545,0.002681399928405881,0.05178223564511174,0.1902332901954651
27,350,1,0.01,3,61,0.9893316030502319,0.010410782881081104,0.10203324399959605,0.2953418791294098
27,350,1,0.01,3,62,0.9942606687545776,0.005600734148174524,0.07483805280854469,0.2506732940673828
27,350,1,0.01,3,63,0.9971265196800232,0.002804103307425976,0.05295378463741733,0.18035148084163666
27,350,1,0.01,3,64,0.9974958896636963,0.002443638863041997,0.04943317573292249,0.1652136743068695
27,350,1,0.01,3,65,0.9974645972251892,0.002474192762747407,0.04974125815404559,0.17108197510242462
27,350,1,0.01,3,66,0.9978802800178528,0.0020685435738414526,0.0454812441984765,0.1837669014930725
27,350,1,0.01,3,67,0.9979425072669983,0.002007816219702363,0.044808662328866315,0.1640411764383316
27,350,1,0.01,3,68,0.9964795112609863,0.0034354778472334146,0.05861294948416616,0.25640907883644104
27,350,1,0.01,3,69,0.9965701699256897,0.0033469796180725098,0.05785308650428696,0.1974504590034485
27,350,1,0.01,3,70,0.997461199760437,0.0024774728808552027,0.049774219038124574,0.1793685108423233
27,350,1,0.01,3,71,0.9977479577064514,0.002197658410295844,0.046879189522599944,0.1680479347705841
27,350,1,0.01,3,72,0.9959372878074646,0.003964587580412626,0.06296497105861819,0.19006246328353882
27,350,1,0.01,3,73,0.9967150092124939,0.0032056840136647224,0.05661876026252008,0.17650112509727478
27,350,1,0.01,3,74,0.9977975487709045,0.002149240579456091,0.046359902711892,0.16871443390846252
27,350,1,0.01,3,75,0.9975340962409973,0.0024063405580818653,0.049054465220628646,0.20633259415626526
27,350,1,0.01,3,76,0.9955403208732605,0.0043519907630980015,0.06596962000116419,0.21847693622112274
27,350,1,0.01,3,77,0.9971551299095154,0.002776194829493761,0.0526896083634502,0.1659068614244461
27,350,1,0.01,3,78,0.9942772388458252,0.005584593862295151,0.0747301402534155,0.2205575853586197
27,350,1,0.01,3,79,0.9970084428787231,0.002919302321970463,0.05403056840317769,0.18418143689632416
27,350,1,0.01,3,80,0.9975988864898682,0.002343130297958851,0.04840589114931003,0.18814300000667572
27,350,1,0.01,3,81,0.9914363026618958,0.00835689902305603,0.09141607639280976,0.2574438154697418
27,350,1,0.01,3,82,0.9971898794174194,0.002742272336035967,0.05236671018916471,0.17280399799346924
27,350,1,0.01,3,83,0.9974421858787537,0.002496060449630022,0.049960588964002635,0.17343111336231232
27,350,1,0.01,3,84,0.9976256489753723,0.002317034872248769,0.048135588416978646,0.15401212871074677
27,350,1,0.01,3,85,0.9978892207145691,0.002059794496744871,0.04538495892633231,0.17780067026615143
27,350,1,0.01,3,86,0.9978218078613281,0.0021255977917462587,0.04610420579238145,0.16485784947872162
27,350,1,0.01,3,87,0.9974660873413086,0.002472712192684412,0.049726373210645596,0.16657902300357819
27,350,1,0.01,3,88,0.9962126016616821,0.0036959301214665174,0.060794161902821865,0.21504144370555878
27,350,1,0.01,3,89,0.9978290796279907,0.002118524629622698,0.04602743344596457,0.1345428079366684
27,350,1,0.01,3,90,0.9978616237640381,0.0020867271814495325,0.045680709073410104,0.16653171181678772
27,350,1,0.01,3,91,0.9965984225273132,0.0033194345887750387,0.05761453452710556,0.1873384267091751
27,350,1,0.01,3,92,0.9978402853012085,0.0021075797267258167,0.04590838405700877,0.15340541303157806
27,350,1,0.01,3,93,0.9969004392623901,0.0030247194226831198,0.0549974492379703,0.2012300044298172
27,350,1,0.01,3,94,0.9977995157241821,0.002147355582565069,0.04633956821729211,0.17630141973495483
27,350,1,0.01,3,95,0.9927047491073608,0.00711907260119915,0.08437459689503204,0.21507520973682404
27,350,1,0.01,3,96,0.9943701028823853,0.005493916571140289,0.07412095905437469,0.24669891595840454
27,350,1,0.01,3,97,0.9975079298019409,0.0024318890646100044,0.04931418725488644,0.19054430723190308
27,350,1,0.01,3,98,0.9967665076255798,0.003155397716909647,0.05617292690353287,0.17342041432857513
27,350,1,0.01,3,99,0.9968066215515137,0.0031162702944129705,0.055823563970898264,0.18594542145729065
27,350,1,0.01,3,100,0.9956931471824646,0.004202875308692455,0.06482958667685963,0.2029145210981369
28,350,1,0.01,3,1,0.9644935727119446,0.03464902564883232,0.18614248748964413,0.44638514518737793
28,350,1,0.01,3,2,0.9932881593704224,0.006549788638949394,0.08093076447772747,0.3151564598083496
28,350,1,0.01,3,3,0.9940506815910339,0.00580567866563797,0.07619500420393695,0.29000282287597656
28,350,1,0.01,3,4,0.9912784695625305,0.008510942570865154,0.09225476990847224,0.2891305685043335
28,350,1,0.01,3,5,0.9944114089012146,0.005453652702271938,0.07384885037881049,0.2630246877670288
28,350,1,0.01,3,6,0.9951642155647278,0.00471901660785079,0.06869509886338901,0.2399604171514511
28,350,1,0.01,3,7,0.9882040023803711,0.01151114422827959,0.10729000059781708,0.26709046959877014
28,350,1,0.01,3,8,0.9951098561286926,0.004772068466991186,0.06908015972036534,0.24594061076641083
28,350,1,0.01,3,9,0.9923280477523804,0.007486715447157621,0.08652580798326949,0.24989861249923706
28,350,1,0.01,3,10,0.9956953525543213,0.00420068996027112,0.06481272992453813,0.22281847894191742
28,350,1,0.01,3,11,0.9950551390647888,0.004825451411306858,0.06946546920094082,0.20800915360450745
28,350,1,0.01,3,12,0.996109127998352,0.0037969211116433144,0.06161916188689452,0.19388534128665924
28,350,1,0.01,3,13,0.9928829073905945,0.00694525009021163,0.08333816706774652,0.2850811779499054
28,350,1,0.01,3,14,0.9951514005661011,0.004731538239866495,0.06878617768030504,0.21058379113674164
28,350,1,0.01,3,15,0.9952492117881775,0.004636039026081562,0.06808846470645055,0.22137638926506042
28,350,1,0.01,3,16,0.9936308264732361,0.006215383764356375,0.07883770522000481,0.27129775285720825
28,350,1,0.01,3,17,0.9752100110054016,0.02419133484363556,0.15553563850010568,0.5208388566970825
28,350,1,0.01,3,18,0.9937896132469177,0.006060424260795116,0.07784872677696865,0.25450825691223145
28,350,1,0.01,3,19,0.9945493340492249,0.005319017451256514,0.07293159432822317,0.28080156445503235
28,350,1,0.01,3,20,0.9939718842506409,0.005882555153220892,0.07669781713465444,0.20475459098815918
28,350,1,0.01,3,21,0.9910848140716553,0.008699913509190083,0.09327332689032852,0.2683745324611664
28,350,1,0.01,3,22,0.9961842894554138,0.0037235731724649668,0.06102108793249238,0.27177584171295166
28,350,1,0.01,3,23,0.996023416519165,0.0038805461954325438,0.062294030174909566,0.26479512453079224
28,350,1,0.01,3,24,0.9927873015403748,0.00703849783167243,0.08389575574290055,0.30611297488212585
28,350,1,0.01,3,25,0.9948776364326477,0.004998676013201475,0.07070131549838005,0.23188987374305725
28,350,1,0.01,3,26,0.9956039786338806,0.004289848729968071,0.06549693679835776,0.21741022169589996
28,350,1,0.01,3,27,0.9967532157897949,0.0031684020068496466,0.05628856017744322,0.19551268219947815
28,350,1,0.01,3,28,0.996429979801178,0.003483808133751154,0.05902379294615989,0.2180204689502716
28,350,1,0.01,3,29,0.9948221445083618,0.005052805878221989,0.07108309136652674,0.2779158651828766
28,350,1,0.01,3,30,0.9962905049324036,0.0036198997404426336,0.060165602635082395,0.2220815271139145
28,350,1,0.01,3,31,0.9960952997207642,0.0038103892002254725,0.061728350052674116,0.21551865339279175
28,350,1,0.01,3,32,0.9960567355155945,0.0038480330258607864,0.06203251587563402,0.21281349658966064
28,350,1,0.01,3,33,0.9955698847770691,0.004323144443333149,0.06575062314026499,0.22686098515987396
28,350,1,0.01,3,34,0.9938981533050537,0.005954490974545479,0.07716534827592939,0.21331684291362762
28,350,1,0.01,3,35,0.9967601299285889,0.003161631990224123,0.05622839131812436,0.19506610929965973
28,350,1,0.01,3,36,0.9957306385040283,0.004166279919445515,0.06454672663617819,0.2372315376996994
28,350,1,0.01,3,37,0.9961991310119629,0.003709095064550638,0.060902340386479716,0.21312867105007172
28,350,1,0.01,3,38,0.9969449639320374,0.0029812732245773077,0.054601036845258785,0.20520395040512085
28,350,1,0.01,3,39,0.9957952499389648,0.004103220533579588,0.06405638558004649,0.23583020269870758
28,350,1,0.01,3,40,0.9955100417137146,0.004381554201245308,0.06619330933897555,0.2110365331172943
28,350,1,0.01,3,41,0.9969850778579712,0.0029421120416373014,0.05424123930771956,0.19078442454338074
28,350,1,0.01,3,42,0.9972594380378723,0.00267436052672565,0.051714219772956545,0.2113623172044754
28,350,1,0.01,3,43,0.9960854053497314,0.003820065874606371,0.06180668147220308,0.22475478053092957
28,350,1,0.01,3,44,0.9917569160461426,0.008044024929404259,0.08968848827694811,0.25209900736808777
28,350,1,0.01,3,45,0.9942150712013245,0.005645229481160641,0.07513474217138594,0.26837357878685
28,350,1,0.01,3,46,0.9974991083145142,0.0024405261501669884,0.04940168165322906,0.20849861204624176
28,350,1,0.01,3,47,0.9969943165779114,0.0029330928809940815,0.0541580361626424,0.2206440567970276
28,350,1,0.01,3,48,0.9961944818496704,0.0037136401515454054,0.060939643513442096,0.20019111037254333
28,350,1,0.01,3,49,0.9949454665184021,0.004932454787194729,0.07023143731403145,0.27920544147491455
28,350,1,0.01,3,50,0.9960874319076538,0.0038180758710950613,0.06179058076353597,0.23576468229293823
28,350,1,0.01,3,51,0.9965178370475769,0.003398102940991521,0.05829324953192712,0.18230964243412018
28,350,1,0.01,3,52,0.9962833523750305,0.003626914694905281,0.060223871470582835,0.25244542956352234
28,350,1,0.01,3,53,0.9967703223228455,0.0031516696326434612,0.05613973310092827,0.19203664362430573
28,350,1,0.01,3,54,0.9969642758369446,0.0029624085873365402,0.05442801289167684,0.20282168686389923
28,350,1,0.01,3,55,0.9964876174926758,0.003427577205002308,0.058545513961381426,0.19832290709018707
28,350,1,0.01,3,56,0.9960092902183533,0.003894318360835314,0.062404473884772986,0.24895627796649933
28,350,1,0.01,3,57,0.9965109825134277,0.0034047546796500683,0.05835027574613567,0.2425861805677414
28,350,1,0.01,3,58,0.9975523352622986,0.002388536464422941,0.04887265559004279,0.22237412631511688
28,350,1,0.01,3,59,0.9964173436164856,0.0034961705096066,0.05912842387216659,0.2151755839586258
28,350,1,0.01,3,60,0.9976164102554321,0.0023260535672307014,0.04822917755084262,0.20991554856300354
28,350,1,0.01,3,61,0.996705174446106,0.003215236822143197,0.056703058313844035,0.22222261130809784
28,350,1,0.01,3,62,0.9974274635314941,0.0025104237720370293,0.05010412929127727,0.21495628356933594
28,350,1,0.01,3,63,0.9976769685745239,0.0022669516038149595,0.04761251520151986,0.17799590528011322
28,350,1,0.01,3,64,0.9955087900161743,0.004382766783237457,0.06620246810533167,0.2019553929567337
28,350,1,0.01,3,65,0.9978185892105103,0.0021287251729518175,0.046138109767867794,0.18023473024368286
28,350,1,0.01,3,66,0.9972823262214661,0.002652021124958992,0.05149777786428257,0.2344532608985901
28,350,1,0.01,3,67,0.9944084882736206,0.005456471350044012,0.07386793181106407,0.23262199759483337
28,350,1,0.01,3,68,0.9939130544662476,0.005939960479736328,0.07707113908420148,0.2078743577003479
28,350,1,0.01,3,69,0.996885359287262,0.003039446659386158,0.055131176836579115,0.19294267892837524
28,350,1,0.01,3,70,0.9968363642692566,0.003087218850851059,0.055562746969989335,0.2564350366592407
28,350,1,0.01,3,71,0.9969013333320618,0.0030238591134548187,0.054989627326022306,0.19968263804912567
28,350,1,0.01,3,72,0.9962462186813354,0.0036631489638239145,0.060523953636753725,0.19722473621368408
28,350,1,0.01,3,73,0.9971299171447754,0.0028007952496409416,0.052922540090597894,0.2042587846517563
28,350,1,0.01,3,74,0.996986985206604,0.0029402633663266897,0.05422419539584419,0.2241026610136032
28,350,1,0.01,3,75,0.9966668486595154,0.0032526494469493628,0.05703200370800032,0.21024903655052185
28,350,1,0.01,3,76,0.9970844388008118,0.0028451504185795784,0.05333995143023265,0.21322780847549438
28,350,1,0.01,3,77,0.9964089393615723,0.0035043172538280487,0.05919727404051684,0.2032339870929718
28,350,1,0.01,3,78,0.9962688684463501,0.003641052870079875,0.06034113746093849,0.223240464925766
28,350,1,0.01,3,79,0.9973757266998291,0.002560892142355442,0.05060525805047774,0.23237435519695282
28,350,1,0.01,3,80,0.9976687431335449,0.0022749388590455055,0.047696319135185954,0.18469008803367615
28,350,1,0.01,3,81,0.9970030188560486,0.002924602944403887,0.0540795982270938,0.23418880999088287
28,350,1,0.01,3,82,0.994008481502533,0.005846844986081123,0.07646466495108131,0.26658371090888977
28,350,1,0.01,3,83,0.9971381425857544,0.0027927642222493887,0.05284661031938935,0.20516739785671234
28,350,1,0.01,3,84,0.996477484703064,0.0034374413080513477,0.05862969646903647,0.22149604558944702
28,350,1,0.01,3,85,0.9975082874298096,0.0024315326008945704,0.049310572911846914,0.2074085921049118
28,350,1,0.01,3,86,0.9970672726631165,0.0028619198128581047,0.05349691404985997,0.199941948056221
28,350,1,0.01,3,87,0.9963151216506958,0.0035958706866949797,0.0599655791825192,0.20740334689617157
28,350,1,0.01,3,88,0.9968374371528625,0.003086199751123786,0.05555357550260637,0.2207757979631424
28,350,1,0.01,3,89,0.9955143928527832,0.004377278499305248,0.066161004370439,0.19804264605045319
28,350,1,0.01,3,90,0.9974674582481384,0.002471392974257469,0.04971310666471639,0.20128560066223145
28,350,1,0.01,3,91,0.9961206912994385,0.0037856437265872955,0.061527585086587754,0.24323461949825287
28,350,1,0.01,3,92,0.9972103834152222,0.0027222484350204468,0.05217517067552771,0.20299988985061646
28,350,1,0.01,3,93,0.996087908744812,0.0038176411762833595,0.06178706317898076,0.24702411890029907
28,350,1,0.01,3,94,0.9971666932106018,0.002764892764389515,0.052582247616372535,0.20737263560295105
28,350,1,0.01,3,95,0.9972854852676392,0.0026489575393497944,0.05146802443604956,0.21036693453788757
28,350,1,0.01,3,96,0.9975383281707764,0.002402221318334341,0.04901246084756754,0.1835775375366211
28,350,1,0.01,3,97,0.9973042607307434,0.002630645874887705,0.05128982233238583,0.19602879881858826
28,350,1,0.01,3,98,0.9972708821296692,0.002663200255483389,0.05160620365308215,0.20493026077747345
28,350,1,0.01,3,99,0.9975259900093079,0.002414291026070714,0.04913543554371645,0.1839638203382492
28,350,1,0.01,3,100,0.996967613697052,0.0029591426718980074,0.05439800246238834,0.19431790709495544
29,350,1,0.01,3,1,0.9905624389648438,0.00920964777469635,0.09596690979028319,0.4606497585773468
29,350,1,0.01,3,2,0.992472767829895,0.0073454780504107475,0.085705764394297,0.31738412380218506
29,350,1,0.01,3,3,0.9891209006309509,0.010616403073072433,0.1030359309807624,0.352938711643219
29,350,1,0.01,3,4,0.9949557781219482,0.0049223871901631355,0.07015972626915769,0.28337720036506653
29,350,1,0.01,3,5,0.9904334545135498,0.009335510432720184,0.09662044521073263,0.29494407773017883
29,350,1,0.01,3,6,0.9861428737640381,0.01352248340845108,0.11628621332063006,0.3006897270679474
29,350,1,0.01,3,7,0.9822453260421753,0.01732593961060047,0.13162803504801124,0.31591591238975525
29,350,1,0.01,3,8,0.9919512867927551,0.007854358293116093,0.08862481759144045,0.2822491228580475
29,350,1,0.01,3,9,0.9907912015914917,0.008986394852399826,0.09479659726171517,0.44535863399505615
29,350,1,0.01,3,10,0.993934154510498,0.005919341463595629,0.07693725666798647,0.27880340814590454
29,350,1,0.01,3,11,0.9954729676246643,0.004417689051479101,0.06646569830731563,0.23656095564365387
29,350,1,0.01,3,12,0.9905851483345032,0.009187511168420315,0.09585150582239339,0.2946317493915558
29,350,1,0.01,3,13,0.9928476810455322,0.0069796182215213776,0.08354410943640118,0.3000674843788147
29,350,1,0.01,3,14,0.9958702921867371,0.004029965493828058,0.06348200921385569,0.20474669337272644
29,350,1,0.01,3,15,0.9957587122917175,0.004138868767768145,0.06433404050553754,0.253438800573349
29,350,1,0.01,3,16,0.995379626750946,0.004508807323873043,0.06714765315238533,0.24813231825828552
29,350,1,0.01,3,17,0.9955713748931885,0.004321681335568428,0.06573949600938866,0.2300441861152649
29,350,1,0.01,3,18,0.9963232278823853,0.003587974701076746,0.05989970535050023,0.2352471649646759
29,350,1,0.01,3,19,0.9965237379074097,0.0033922907896339893,0.05824337549999991,0.23909927904605865
29,350,1,0.01,3,20,0.9957130551338196,0.004183420445770025,0.06467936646079664,0.25282275676727295
29,350,1,0.01,3,21,0.9970590472221375,0.0028699247632175684,0.053571678741827465,0.19231016933918
29,350,1,0.01,3,22,0.9880118370056152,0.011698656715452671,0.10816032875066843,0.3740535378456116
29,350,1,0.01,3,23,0.9966049194335938,0.0033130694646388292,0.057559269146149075,0.216125950217247
29,350,1,0.01,3,24,0.9966257810592651,0.003292711917310953,0.057382156785110064,0.2215266227722168
29,350,1,0.01,3,25,0.9958373308181763,0.004062121734023094,0.0637347764883748,0.23360207676887512
29,350,1,0.01,3,26,0.9936887621879578,0.006158841773867607,0.07847828855083173,0.2800656259059906
29,350,1,0.01,3,27,0.9961759448051453,0.003731687553226948,0.061087540081647976,0.21917542815208435
29,350,1,0.01,3,28,0.9970622062683105,0.002866829512640834,0.053542782077893876,0.20629307627677917
29,350,1,0.01,3,29,0.9959961771965027,0.0039071207866072655,0.0625069659046675,0.25259333848953247
29,350,1,0.01,3,30,0.9957035779953003,0.004192650318145752,0.06475067812884859,0.2104128748178482
29,350,1,0.01,3,31,0.996520459651947,0.0033955364488065243,0.058271231742657754,0.21490466594696045
29,350,1,0.01,3,32,0.9966987371444702,0.0032215642277151346,0.05675882510865719,0.25885194540023804
29,350,1,0.01,3,33,0.9950167536735535,0.004862919449806213,0.06973463594087384,0.22691316902637482
29,350,1,0.01,3,34,0.9919230937957764,0.00788184441626072,0.08877975228767379,0.2552064061164856
29,350,1,0.01,3,35,0.9963836073875427,0.0035290680825710297,0.059405959991999366,0.20702555775642395
29,350,1,0.01,3,36,0.9965165853500366,0.003399281296879053,0.058303355794319875,0.22418858110904694
29,350,1,0.01,3,37,0.9969146847724915,0.0030108296778053045,0.054871027672217916,0.24036023020744324
29,350,1,0.01,3,38,0.9974366426467896,0.002501437906175852,0.05001437699477873,0.18019533157348633
29,350,1,0.01,3,39,0.9973378777503967,0.0025978253688663244,0.05096886666256495,0.19101618230342865
29,350,1,0.01,3,40,0.9966051578521729,0.003312852932140231,0.05755738816294769,0.20125751197338104
29,350,1,0.01,3,41,0.9961894750595093,0.003718484425917268,0.06097937705419159,0.23740369081497192
29,350,1,0.01,3,42,0.9957932233810425,0.004105217754840851,0.06407197323979379,0.29167598485946655
29,350,1,0.01,3,43,0.9972984790802002,0.0026362703647464514,0.051344623523271175,0.22371280193328857
29,350,1,0.01,3,44,0.997090220451355,0.002839485416188836,0.0532868221626026,0.19419288635253906
29,350,1,0.01,3,45,0.9962199330329895,0.0036887626629322767,0.06073518471966868,0.23447741568088531
29,350,1,0.01,3,46,0.9967427849769592,0.0031785843893885612,0.05637893568868218,0.1850019097328186
29,350,1,0.01,3,47,0.9924355149269104,0.007381792645901442,0.08591735939786233,0.2587890028953552
29,350,1,0.01,3,48,0.9954850673675537,0.004405900835990906,0.06637696012918116,0.2634972929954529
29,350,1,0.01,3,49,0.9957630038261414,0.004134659189730883,0.06430131561430825,0.23252807557582855
29,350,1,0.01,3,50,0.9949582815170288,0.00491999089717865,0.07014264677910757,0.28401872515678406
29,350,1,0.01,3,51,0.9973649382591248,0.0025714116636663675,0.050709088570653364,0.20897601544857025
29,350,1,0.01,3,52,0.9967557191848755,0.003165935166180134,0.056266643459336844,0.17709790170192719
29,350,1,0.01,3,53,0.9968158006668091,0.003107307944446802,0.05574323227484034,0.18726567924022675
29,350,1,0.01,3,54,0.992603600025177,0.007217778824269772,0.08495751187664204,0.25971317291259766
29,350,1,0.01,3,55,0.9974268078804016,0.0025110284332185984,0.05011016297337895,0.20152799785137177
29,350,1,0.01,3,56,0.9971137046813965,0.002816593274474144,0.053071586319556566,0.22313769161701202
29,350,1,0.01,3,57,0.9956002235412598,0.004293519072234631,0.06552494999795598,0.22137905657291412
29,350,1,0.01,3,58,0.9972864985466003,0.002647985238581896,0.05145857789117278,0.2110891193151474
29,350,1,0.01,3,59,0.9974179267883301,0.0025197428185492754,0.05019703993812061,0.2128734290599823
29,350,1,0.01,3,60,0.9974344372749329,0.0025035894941538572,0.050035882066311745,0.1998342126607895
29,350,1,0.01,3,61,0.9976052045822144,0.002336975187063217,0.048342271223673565,0.20235686004161835
29,350,1,0.01,3,62,0.9976481795310974,0.002294999547302723,0.04790615354317985,0.18725623190402985
29,350,1,0.01,3,63,0.9938305020332336,0.006020490080118179,0.07759181709509179,0.25482451915740967
29,350,1,0.01,3,64,0.9968476295471191,0.003076248336583376,0.055463937261822444,0.2169695347547531
29,350,1,0.01,3,65,0.9964659810066223,0.003448663977906108,0.05872532654575969,0.24209660291671753
29,350,1,0.01,3,66,0.9973106384277344,0.0026244428008794785,0.05122931583458321,0.19499211013317108
29,350,1,0.01,3,67,0.9973110556602478,0.0026240248698741198,0.05122523665025004,0.1889643371105194
29,350,1,0.01,3,68,0.9965179562568665,0.0033979364670813084,0.05829182161402497,0.19048507511615753
29,350,1,0.01,3,69,0.9840649366378784,0.015550249256193638,0.12470063855567716,0.3326890766620636
29,350,1,0.01,3,70,0.9969474673271179,0.002978831296786666,0.0545786707128954,0.2078198939561844
29,350,1,0.01,3,71,0.9972478747367859,0.002685639075934887,0.05182315192975903,0.20864930748939514
29,350,1,0.01,3,72,0.9969666600227356,0.0029600737616419792,0.05440655991369037,0.22630882263183594
29,350,1,0.01,3,73,0.9965677261352539,0.0033493663650006056,0.05787371048239957,0.20742394030094147
29,350,1,0.01,3,74,0.9971152544021606,0.0028150964062660933,0.05305748209504568,0.18825870752334595
29,350,1,0.01,3,75,0.9976889491081238,0.0022552553564310074,0.04748952891355111,0.1817571371793747
29,350,1,0.01,3,76,0.9978652596473694,0.002083192113786936,0.0456419994499248,0.18820294737815857
29,350,1,0.01,3,77,0.9968576431274414,0.0030664864461869,0.05537586519583148,0.19961149990558624
29,350,1,0.01,3,78,0.9976782202720642,0.002265715040266514,0.04759952773154912,0.17307250201702118
29,350,1,0.01,3,79,0.9974904656410217,0.0024489436764270067,0.0494868030532081,0.16273362934589386
29,350,1,0.01,3,80,0.9978243112564087,0.0021231479477137327,0.04607762958002216,0.1740036904811859
29,350,1,0.01,3,81,0.9972187280654907,0.002714094938710332,0.05209697629143492,0.19792939722537994
29,350,1,0.01,3,82,0.9975548982620239,0.0023860344663262367,0.048847051766982175,0.20032188296318054
29,350,1,0.01,3,83,0.997615396976471,0.0023270330857485533,0.04823933131531316,0.24753592908382416
29,350,1,0.01,3,84,0.9973062872886658,0.0026286402717232704,0.05127026693633719,0.18457934260368347
29,350,1,0.01,3,85,0.9960532784461975,0.0038514346815645695,0.06205992814662751,0.18529380857944489
29,350,1,0.01,3,86,0.9899840950965881,0.009774010628461838,0.09886359607288134,0.30556777119636536
29,350,1,0.01,3,87,0.9978102445602417,0.0021368535235524178,0.04622611300501501,0.17246200144290924
29,350,1,0.01,3,88,0.9974214434623718,0.002516296925023198,0.05016270452261519,0.18806922435760498
29,350,1,0.01,3,89,0.9978014826774597,0.002145416336134076,0.046318639186984714,0.16759254038333893
29,350,1,0.01,3,90,0.9911918640136719,0.008595431223511696,0.09271154849052893,0.23546147346496582
29,350,1,0.01,3,91,0.9977535605430603,0.0021922020241618156,0.04682095710429055,0.1642661690711975
29,350,1,0.01,3,92,0.9959582686424255,0.003944145981222391,0.06280243610897901,0.25495240092277527
29,350,1,0.01,3,93,0.9976243376731873,0.00231828261166811,0.04814854734743417,0.17198467254638672
29,350,1,0.01,3,94,0.996988832950592,0.0029384258668869734,0.054207249209741064,0.17798659205436707
29,350,1,0.01,3,95,0.9957640767097473,0.004133620299398899,0.06429323680916134,0.19895415008068085
29,350,1,0.01,3,96,0.9957860708236694,0.0041121444664895535,0.06412600460413508,0.19638533890247345
29,350,1,0.01,3,97,0.9933295845985413,0.006509359460324049,0.0806806015119127,0.20438238978385925
29,350,1,0.01,3,98,0.9976040124893188,0.0023381367791444063,0.048354283979234004,0.16743725538253784
29,350,1,0.01,3,99,0.9976968169212341,0.002247553551569581,0.04740837005814038,0.1568949967622757
29,350,1,0.01,3,100,0.9966264367103577,0.003292080946266651,0.05737665854915787,0.18775756657123566
30,350,1,0.01,3,1,0.9920636415481567,0.007744716014713049,0.08800406817138086,0.3461211919784546
30,350,1,0.01,3,2,0.9937347769737244,0.006113955285400152,0.07819178528080908,0.265076220035553
30,350,1,0.01,3,3,0.994459867477417,0.005406376905739307,0.0735280688291166,0.2243851274251938
30,350,1,0.01,3,4,0.9941165447235107,0.005741354543715715,0.07577172654569589,0.2504650354385376
30,350,1,0.01,3,5,0.9938276410102844,0.006023333873599768,0.07761014027560939,0.2703495919704437
30,350,1,0.01,3,6,0.9952453970909119,0.004639799240976572,0.06811607182579286,0.26971039175987244
30,350,1,0.01,3,7,0.9938313961029053,0.006019642576575279,0.07758635560828514,0.2550486624240875
30,350,1,0.01,3,8,0.9956986904144287,0.00419744523242116,0.06478769352601742,0.24900145828723907
30,350,1,0.01,3,9,0.9958363771438599,0.004063102882355452,0.06374247314275978,0.22441062331199646
30,350,1,0.01,3,10,0.9965836405754089,0.003333857050165534,0.05773956226163768,0.20576253533363342
30,350,1,0.01,3,11,0.9938507676124573,0.006000765599310398,0.07746460868880961,0.279437392950058
30,350,1,0.01,3,12,0.9970988631248474,0.0028311049100011587,0.05320812823245297,0.22350594401359558
30,350,1,0.01,3,13,0.9933581352233887,0.0064815036021173,0.08050778597202447,0.30846741795539856
30,350,1,0.01,3,14,0.9968442320823669,0.003079550340771675,0.0554936964057331,0.2110741138458252
30,350,1,0.01,3,15,0.9877822399139404,0.011922704055905342,0.10919113542731086,0.2717544138431549
30,350,1,0.01,3,16,0.9951414465904236,0.004741248209029436,0.06885672232272921,0.25078973174095154
30,350,1,0.01,3,17,0.9961701035499573,0.003737433347851038,0.06113455117894494,0.20058666169643402
30,350,1,0.01,3,18,0.9969459176063538,0.002980355406180024,0.054592631427510654,0.21246065199375153
30,350,1,0.01,3,19,0.9967883229255676,0.0031341470312327147,0.055983453191391426,0.22773891687393188
30,350,1,0.01,3,20,0.9949486255645752,0.0049294037744402885,0.07020971282123499,0.2673163414001465
30,350,1,0.01,3,21,0.9970977306365967,0.002832193858921528,0.053218360167535485,0.21261398494243622
30,350,1,0.01,3,22,0.9976187348365784,0.002323758089914918,0.04820537407711839,0.1711444854736328
30,350,1,0.01,3,23,0.9949787855148315,0.004899963270872831,0.06999973764860003,0.2057000696659088
30,350,1,0.01,3,24,0.9947931170463562,0.005081137642264366,0.07128209903099351,0.24401000142097473
30,350,1,0.01,3,25,0.9963036179542542,0.0036071359645575285,0.06005943693173895,0.2626957893371582
30,350,1,0.01,3,26,0.9969919323921204,0.00293542817234993,0.05417959184370006,0.21911559998989105
30,350,1,0.01,3,27,0.9944761991500854,0.0053904252126812935,0.07341951520325705,0.3147106170654297
30,350,1,0.01,3,28,0.9688869714736938,0.030361728742718697,0.17424617282086485,0.3486197292804718
30,350,1,0.01,3,29,0.9955378770828247,0.004354397766292095,0.06598786074947494,0.20681849122047424
30,350,1,0.01,3,30,0.996344804763794,0.0035669496282935143,0.059723945183598796,0.22634346783161163
30,350,1,0.01,3,31,0.9966375827789307,0.0032812017016112804,0.05728177460249709,0.21503715217113495
30,350,1,0.01,3,32,0.996802031993866,0.0031207373831421137,0.055863560423071085,0.18573163449764252
30,350,1,0.01,3,33,0.9918084144592285,0.007993771694600582,0.08940789503506154,0.33865854144096375
30,350,1,0.01,3,34,0.9971075654029846,0.0028225895948708057,0.05312804904069794,0.20140869915485382
30,350,1,0.01,3,35,0.9963241219520569,0.0035871074069291353,0.05989246536025325,0.2047465592622757
30,350,1,0.01,3,36,0.9970089793205261,0.0029187726322561502,0.05402566642121271,0.20588397979736328
30,350,1,0.01,3,37,0.9972072243690491,0.0027253583539277315,0.05220496483982851,0.18752719461917877
30,350,1,0.01,3,38,0.9961574673652649,0.003749725641682744,0.06123500340232491,0.2163037657737732
30,350,1,0.01,3,39,0.9971404075622559,0.0027905579190701246,0.052825731599951596,0.22670112550258636
30,350,1,0.01,3,40,0.9859927296638489,0.013668999075889587,0.11691449472109772,0.33754998445510864
30,350,1,0.01,3,41,0.9966391324996948,0.003279715543612838,0.05726880078727717,0.1922217309474945
30,350,1,0.01,3,42,0.9972473978996277,0.002686120569705963,0.05182779726851184,0.20988929271697998
30,350,1,0.01,3,43,0.9932048320770264,0.006631080061197281,0.08143144393412953,0.2109634280204773
30,350,1,0.01,3,44,0.9974561333656311,0.002482424722984433,0.04982393724892116,0.17780274152755737
30,350,1,0.01,3,45,0.9972503781318665,0.002683194587007165,0.05179956164879356,0.19091719388961792
30,350,1,0.01,3,46,0.997053861618042,0.0028750153724104166,0.0536191698220927,0.21776032447814941
30,350,1,0.01,3,47,0.991661787033081,0.008136854507029057,0.09020451489270953,0.24801307916641235
30,350,1,0.01,3,48,0.9974150061607361,0.0025225437711924314,0.05022493176891763,0.1767672300338745
30,350,1,0.01,3,49,0.9710037708282471,0.028296038508415222,0.16821426368894887,0.25048255920410156
30,350,1,0.01,3,50,0.9969837665557861,0.002943373052403331,0.05425286215863022,0.2037423998117447
30,350,1,0.01,3,51,0.996589183807373,0.003328452818095684,0.05769274493465954,0.22178557515144348
30,350,1,0.01,3,52,0.9968047142028809,0.0031181015074253082,0.05583996335444095,0.20133650302886963
30,350,1,0.01,3,53,0.9940267205238342,0.005829030182212591,0.07634808564864341,0.20956732332706451
30,350,1,0.01,3,54,0.996565043926239,0.003351990832015872,0.057896380128777236,0.1810240000486374
30,350,1,0.01,3,55,0.9974239468574524,0.0025138233322650194,0.050138042764601605,0.1891566962003708
30,350,1,0.01,3,56,0.9972490072250366,0.0026845780666917562,0.05181291409187246,0.1899668574333191
30,350,1,0.01,3,57,0.9970040321350098,0.0029236311092972755,0.0540706122519181,0.21359528601169586
30,350,1,0.01,3,58,0.9857935905456543,0.013863330706954002,0.11774264608439035,0.2032439112663269
30,350,1,0.01,3,59,0.9954547882080078,0.004435465205460787,0.06659928832548279,0.20762786269187927
30,350,1,0.01,3,60,0.996365487575531,0.003546729451045394,0.05955442427767557,0.23944775760173798
30,350,1,0.01,3,61,0.9968851804733276,0.0030396149959415197,0.055132703506553346,0.17329280078411102
30,350,1,0.01,3,62,0.9936980605125427,0.00614975718781352,0.0784203875775523,0.19877463579177856
30,350,1,0.01,3,63,0.9968982934951782,0.0030267841648310423,0.0550162172893688,0.2206268161535263
30,350,1,0.01,3,64,0.997528076171875,0.0024122539907693863,0.04911470238909513,0.18218012154102325
30,350,1,0.01,3,65,0.997522234916687,0.002417946234345436,0.0491726167124085,0.17051249742507935
30,350,1,0.01,3,66,0.9954907298088074,0.004400385543704033,0.066335401888464,0.16650165617465973
30,350,1,0.01,3,67,0.9975045323371887,0.0024352206382900476,0.04934795475285726,0.16885820031166077
30,350,1,0.01,3,68,0.9953603744506836,0.0045276060700416565,0.06728748821320095,0.1827877014875412
30,350,1,0.01,3,69,0.9961105585098267,0.003795529482886195,0.061607868676705535,0.1877276599407196
30,350,1,0.01,3,70,0.9971385598182678,0.0027923574671149254,0.052842761728688306,0.18471400439739227
30,350,1,0.01,3,71,0.9960706830024719,0.0038344154600054026,0.061922657081276825,0.2198084592819214
30,350,1,0.01,3,72,0.9880573749542236,0.011654223315417767,0.10795472808273739,0.3094949424266815
30,350,1,0.01,3,73,0.9966042637825012,0.0033137518912553787,0.05756519687498149,0.21033154428005219
30,350,1,0.01,3,74,0.9954700469970703,0.004420539829879999,0.06648714033465418,0.20123662054538727
30,350,1,0.01,3,75,0.9978112578392029,0.0021359093952924013,0.04621589981048082,0.15867403149604797
30,350,1,0.01,3,76,0.9962373375892639,0.0036718121264129877,0.06059547942225548,0.19618506729602814
30,350,1,0.01,3,77,0.9973846673965454,0.0025522056967020035,0.05051935962284165,0.17764106392860413
30,350,1,0.01,3,78,0.9969351291656494,0.002990859095007181,0.05468874742583872,0.17189078032970428
30,350,1,0.01,3,79,0.9946712851524353,0.005200055427849293,0.07211140983124163,0.20635513961315155
30,350,1,0.01,3,80,0.9958568215370178,0.004043123684823513,0.06358556192111156,0.20701728761196136
30,350,1,0.01,3,81,0.9975926280021667,0.0023492183536291122,0.04846873583691978,0.17245838046073914
30,350,1,0.01,3,82,0.9975894689559937,0.0023523138370364904,0.04850065810931322,0.19106167554855347
30,350,1,0.01,3,83,0.9974216818809509,0.0025160470977425575,0.05016021429123442,0.19560512900352478
30,350,1,0.01,3,84,0.9976471066474915,0.0022960526403039694,0.047917143490654464,0.1803203821182251
30,350,1,0.01,3,85,0.9978191256523132,0.002128212945535779,0.046132558410907354,0.1776745468378067
30,350,1,0.01,3,86,0.9963701963424683,0.0035421662032604218,0.059516100370071476,0.17712783813476562
30,350,1,0.01,3,87,0.9973773956298828,0.0025592579040676355,0.050589108551818106,0.17327865958213806
30,350,1,0.01,3,88,0.9977207779884338,0.0022241815458983183,0.04716122926619193,0.15185301005840302
30,350,1,0.01,3,89,0.9977672696113586,0.0021787937730550766,0.046677551061030144,0.17309266328811646
30,350,1,0.01,3,90,0.9935497045516968,0.006294546648859978,0.0793381790114947,0.2234279215335846
30,350,1,0.01,3,91,0.9977789521217346,0.0021673853043466806,0.046555185579553654,0.17671997845172882
30,350,1,0.01,3,92,0.973465621471405,0.025893649086356163,0.16091503685596373,0.2656163275241852
30,350,1,0.01,3,93,0.9957583546638489,0.00413923803716898,0.06433691037941579,0.21386663615703583
30,350,1,0.01,3,94,0.9951494336128235,0.004733420442789793,0.06879985786896506,0.23127295076847076
30,350,1,0.01,3,95,0.9974363446235657,0.0025017622392624617,0.05001761928823144,0.18105337023735046
30,350,1,0.01,3,96,0.9975461363792419,0.002394628943875432,0.04893494603936365,0.15790463984012604
30,350,1,0.01,3,97,0.9968248605728149,0.0030984727200120687,0.0556639265594161,0.20351488888263702
30,350,1,0.01,3,98,0.997478187084198,0.0024609388783574104,0.04960785097499599,0.20725789666175842
30,350,1,0.01,3,99,0.9970168471336365,0.0029111234471201897,0.05395482783885228,0.18886998295783997
30,350,1,0.01,3,100,0.9976873993873596,0.0022567540872842073,0.04750530588559774,0.19005423784255981
