seed,max_neurons,layers,lr,unlock_layers,epoch,Hys_score,Hys_mse,Hys_rmse,Hys_mape
1,350,5,0.01,7,1,0.9747658967971802,0.0245966836810112,0.15683329901845208,2.701619863510132
1,350,5,0.01,7,2,0.9912124276161194,0.008565608412027359,0.09255057218638553,2.0638644695281982
1,350,5,0.01,7,3,0.99395352602005,0.005893758963793516,0.07677082104415399,1.918786644935608
1,350,5,0.01,7,4,0.9910256266593933,0.008747678250074387,0.09352902357062425,1.150830864906311
1,350,5,0.01,7,5,0.9946668148040771,0.0051984628662467,0.0721003666165901,1.4493651390075684
1,350,5,0.01,7,6,0.9928860664367676,0.006934223230928183,0.08327198346940093,1.667193055152893
1,350,5,0.01,7,7,0.9949795603752136,0.004893630743026733,0.06995449051366705,1.9792851209640503
1,350,5,0.01,7,8,0.9861471056938171,0.013502986170351505,0.11620235010683522,3.105436325073242
1,350,5,0.01,7,9,0.9966265559196472,0.0032882445957511663,0.05734321752178863,0.8358309268951416
1,350,5,0.01,7,10,0.9959986209869385,0.0039003139827400446,0.06245249380721353,1.2352559566497803
1,350,5,0.01,7,11,0.9918883442878723,0.00790675450116396,0.08891993309243974,0.5369184613227844
1,350,5,0.01,7,12,0.9969470500946045,0.0029758578166365623,0.054551423598624464,0.4671758711338043
1,350,5,0.01,7,13,0.9950013756752014,0.004872336983680725,0.06980212735784437,1.1109689474105835
1,350,5,0.01,7,14,0.993243932723999,0.006585381459444761,0.08115036327364629,2.0374820232391357
1,350,5,0.01,7,15,0.9975026249885559,0.002434276044368744,0.04933838307412135,0.8304504156112671
1,350,5,0.01,7,16,0.9965888261795044,0.0033249948173761368,0.05766276803428827,0.8173351287841797
1,350,5,0.01,7,17,0.9977058172225952,0.00223623332567513,0.04728882876192991,0.4142805337905884
1,350,5,0.01,7,18,0.9972012639045715,0.0027280449867248535,0.052230690084708375,1.0233912467956543
1,350,5,0.01,7,19,0.9977900385856628,0.0021541505120694637,0.046412827020872835,0.3655779957771301
1,350,5,0.01,7,20,0.9969146251678467,0.003007423598319292,0.05483998174980816,0.894088625907898
1,350,5,0.01,7,21,0.9977205395698547,0.00222187046892941,0.04713672102437133,0.8800592422485352
1,350,5,0.01,7,22,0.996942400932312,0.0029803526122123003,0.05459260583826623,0.5105603933334351
1,350,5,0.01,7,23,0.9975739121437073,0.0023648047354072332,0.04862925801826749,0.527529239654541
1,350,5,0.01,7,24,0.9972003698348999,0.0027288878336548805,0.05223875796432071,0.656799852848053
1,350,5,0.01,7,25,0.994992196559906,0.004881310276687145,0.06986637443496796,2.36572265625
1,350,5,0.01,7,26,0.9972049593925476,0.002724443329498172,0.05219620033583069,0.7250051498413086
1,350,5,0.01,7,27,0.9963802099227905,0.0035283586475998163,0.05939998861615898,0.669832170009613
1,350,5,0.01,7,28,0.9962927103042603,0.003613630775362253,0.06011348247574959,0.73879075050354
1,350,5,0.01,7,29,0.9953784942626953,0.004504765383899212,0.06711754900098194,1.0979622602462769
1,350,5,0.01,7,30,0.99759840965271,0.002340917708352208,0.04838303120260458,0.8010280132293701
1,350,5,0.01,7,31,0.9833238124847412,0.01625492237508297,0.12749479352147275,1.1439874172210693
1,350,5,0.01,7,32,0.9975500106811523,0.002388089895248413,0.048868086674724774,1.1462403535842896
1,350,5,0.01,7,33,0.9972646236419678,0.002666302490979433,0.051636251713107845,0.320294588804245
1,350,5,0.01,7,34,0.9970170259475708,0.002907638670876622,0.05392252470792352,1.055827021598816
1,350,5,0.01,7,35,0.9962929487228394,0.0036134207621216774,0.06011173564389634,1.208188533782959
1,350,5,0.01,7,36,0.9924620985984802,0.007347464561462402,0.08571735274413461,0.7449489831924438
1,350,5,0.01,7,37,0.9966606497764587,0.0032550052274018526,0.05705265311448585,0.5489715337753296
1,350,5,0.01,7,38,0.9976484179496765,0.0022921706549823284,0.04787661908470907,0.6567656397819519
1,350,5,0.01,7,39,0.9959425330162048,0.003954984247684479,0.06288866549454264,0.9556105732917786
1,350,5,0.01,7,40,0.9976329803466797,0.002307244809344411,0.048033788205224984,0.7956369519233704
1,350,5,0.01,7,41,0.9966171979904175,0.003297339892014861,0.05742246852944291,0.3463231027126312
1,350,5,0.01,7,42,0.9957115650177002,0.0041801235638558865,0.06465387508769978,2.0590016841888428
1,350,5,0.01,7,43,0.9941221475601196,0.005729361437261105,0.07569254545370438,1.1882495880126953
1,350,5,0.01,7,44,0.9975282549858093,0.0024092814419418573,0.049084431767535595,0.8725407719612122
1,350,5,0.01,7,45,0.9960161447525024,0.003883240045979619,0.0623156484839853,1.3079848289489746
1,350,5,0.01,7,46,0.9949085116386414,0.004962877370417118,0.07044769244210287,2.345470905303955
1,350,5,0.01,7,47,0.993769109249115,0.006073495373129845,0.0779326335570013,1.818809151649475
1,350,5,0.01,7,48,0.9974775314331055,0.002458755625411868,0.04958584097715665,0.7957884669303894
1,350,5,0.01,7,49,0.9969196319580078,0.0030025639571249485,0.05479565637096565,0.3810693919658661
1,350,5,0.01,7,50,0.9977101683616638,0.0022320097777992487,0.047244150725769735,0.6036278009414673
1,350,5,0.01,7,51,0.9933032393455505,0.006527602672576904,0.0807935806396579,1.0693279504776
1,350,5,0.01,7,52,0.997614860534668,0.002324884757399559,0.04821705878005791,0.4617867171764374
1,350,5,0.01,7,53,0.9963176250457764,0.0035893304739147425,0.059911021305889475,0.9515673518180847
1,350,5,0.01,7,54,0.9975183606147766,0.0024189609102904797,0.049182933120041544,0.6799086928367615
1,350,5,0.01,7,55,0.9969853758811951,0.002938489895313978,0.0542078397956788,1.2878471612930298
1,350,5,0.01,7,56,0.9979823231697083,0.001966731855645776,0.04434785063163463,1.2079126834869385
1,350,5,0.01,7,57,0.9982430934906006,0.001712533412501216,0.04138276709575153,0.5884366035461426
1,350,5,0.01,7,58,0.9938338398933411,0.006010403390973806,0.07752679143995195,0.774246335029602
1,350,5,0.01,7,59,0.9948474168777466,0.005022404715418816,0.07086892630355575,0.3844737112522125
1,350,5,0.01,7,60,0.9979801774024963,0.0019687942694872618,0.04437109723104965,0.3809499144554138
1,350,5,0.01,7,61,0.9973445534706116,0.0025883871130645275,0.05087619397188166,0.8827346563339233
1,350,5,0.01,7,62,0.9982425570487976,0.0017130624037235975,0.041389158045599304,0.4209166467189789
1,350,5,0.01,7,63,0.9983928203582764,0.0015665765386074781,0.03958000175097871,1.1012662649154663
1,350,5,0.01,7,64,0.994425892829895,0.00543331541121006,0.07371102638825523,1.5021629333496094
1,350,5,0.01,7,65,0.9980750679969788,0.0018763141706585884,0.043316442266864305,0.8214895725250244
1,350,5,0.01,7,66,0.9970206022262573,0.002904148306697607,0.053890150368110935,0.6281060576438904
1,350,5,0.01,7,67,0.993537425994873,0.006299300119280815,0.07936813037536423,0.7710810899734497
1,350,5,0.01,7,68,0.9975811839103699,0.002357741119340062,0.04855657647878464,0.3280872702598572
1,350,5,0.01,7,69,0.9976001977920532,0.0023391616996377707,0.04836488085003178,0.4294571876525879
1,350,5,0.01,7,70,0.9946481585502625,0.005216642748564482,0.07222633002281427,1.2217713594436646
1,350,5,0.01,7,71,0.9978212118148804,0.0021237535402178764,0.04608420054875506,0.3663632869720459
1,350,5,0.01,7,72,0.9938174486160278,0.006026385352015495,0.07762979680519262,0.9033876061439514
1,350,5,0.01,7,73,0.9932880997657776,0.006542379502207041,0.08088497698712067,1.044278860092163
1,350,5,0.01,7,74,0.9915863871574402,0.008201082237064838,0.09055982683875251,1.0785555839538574
1,350,5,0.01,7,75,0.9981763362884521,0.0017776071326807141,0.04216167848509727,0.37648114562034607
1,350,5,0.01,7,76,0.9980207085609436,0.0019292855868116021,0.04392363357933406,0.5211512446403503
1,350,5,0.01,7,77,0.9972481727600098,0.0026823102962225676,0.05179102524784161,0.5244476795196533
1,350,5,0.01,7,78,0.9979047179222107,0.002042336855083704,0.04519222117891202,0.34462082386016846
1,350,5,0.01,7,79,0.9979819059371948,0.0019671025220304728,0.0443520295142226,0.41111838817596436
1,350,5,0.01,7,80,0.9951579570770264,0.004719749093055725,0.0687004300791176,1.8535550832748413
1,350,5,0.01,7,81,0.9976293444633484,0.0023107866290956736,0.048070642070765744,1.0826503038406372
1,350,5,0.01,7,82,0.9963304400444031,0.003576843533664942,0.05980671813153554,0.801101803779602
1,350,5,0.01,7,83,0.9978638291358948,0.002082217251881957,0.045631318761153034,0.7677489519119263
1,350,5,0.01,7,84,0.9939088225364685,0.005937328562140465,0.07705406259335366,1.141613245010376
1,350,5,0.01,7,85,0.9985238909721375,0.0014388069976121187,0.037931609478271795,0.6952712535858154
1,350,5,0.01,7,86,0.9980165958404541,0.0019333054078742862,0.043969368972891644,1.0811710357666016
1,350,5,0.01,7,87,0.9985660314559937,0.0013977705966681242,0.037386770342838174,1.2034709453582764
1,350,5,0.01,7,88,0.9983954429626465,0.00156401505228132,0.03954763017275902,1.1154189109802246
1,350,5,0.01,7,89,0.9953302145004272,0.004551807884126902,0.0674670874139895,1.1455506086349487
1,350,5,0.01,7,90,0.9976943731307983,0.0022473896387964487,0.04740664129419473,1.4091922044754028
1,350,5,0.01,7,91,0.9973117113113403,0.0026203827001154423,0.051189673764495146,0.3367747962474823
1,350,5,0.01,7,92,0.9984666109085083,0.0014946410665288568,0.03866058802616505,0.9651049971580505
1,350,5,0.01,7,93,0.9931278824806213,0.006698539014905691,0.0818446028453049,0.8943549394607544
1,350,5,0.01,7,94,0.9975497126579285,0.002388416090980172,0.048871424073584885,0.964273989200592
1,350,5,0.01,7,95,0.991029679775238,0.008743716403841972,0.09350784140296456,1.5852339267730713
1,350,5,0.01,7,96,0.9971956014633179,0.002733528381213546,0.05228315580771254,0.3949788510799408
1,350,5,0.01,7,97,0.9971557855606079,0.002772369422018528,0.05265329450298935,0.5229194760322571
1,350,5,0.01,7,98,0.996959924697876,0.002963289385661483,0.054436103696549436,0.616240918636322
1,350,5,0.01,7,99,0.995933473110199,0.003963829483836889,0.06295895078411717,1.3874284029006958
1,350,5,0.01,7,100,0.9987606406211853,0.0012080295709893107,0.03475671979616763,0.6840642094612122
2,350,5,0.01,7,1,0.9801172614097595,0.01938048005104065,0.1392137926034653,1.3947283029556274
2,350,5,0.01,7,2,0.9924238920211792,0.007384745869785547,0.0859345441006441,0.9821532368659973
2,350,5,0.01,7,3,0.9920253157615662,0.007773250807076693,0.08816604112171926,0.541939914226532
2,350,5,0.01,7,4,0.9957107305526733,0.004180941265076399,0.06466019846146777,0.8551283478736877
2,350,5,0.01,7,5,0.9945388436317444,0.00532322796061635,0.0729604547725434,2.253835439682007
2,350,5,0.01,7,6,0.9951214790344238,0.004755294416099787,0.0689586427947925,1.0769356489181519
2,350,5,0.01,7,7,0.9961946606636047,0.003709199605509639,0.060903198647605024,1.744250774383545
2,350,5,0.01,7,8,0.9934960007667542,0.006339722312986851,0.0796223731936373,1.5072077512741089
2,350,5,0.01,7,9,0.9941130876541138,0.00573817640542984,0.07575075184729087,0.8677555322647095
2,350,5,0.01,7,10,0.9951308965682983,0.0047460803762078285,0.06889180195210333,1.062106966972351
2,350,5,0.01,7,11,0.9961740374565125,0.0037293359637260437,0.061068289346649,0.5179218649864197
2,350,5,0.01,7,12,0.996763288974762,0.0031549681443721056,0.05616910311169394,0.4557052552700043
2,350,5,0.01,7,13,0.995725154876709,0.004166885744780302,0.06455141938625596,1.65654456615448
2,350,5,0.01,7,14,0.9975546598434448,0.0023835934698581696,0.0488220592545846,0.6644467711448669
2,350,5,0.01,7,15,0.996658980846405,0.003256645519286394,0.05706702655024523,0.6542761325836182
2,350,5,0.01,7,16,0.9972736239433289,0.0026575098745524883,0.051551041449736865,0.9423849582672119
2,350,5,0.01,7,17,0.995345950126648,0.004536482971161604,0.06735341840739491,0.6823629140853882
2,350,5,0.01,7,18,0.9956619739532471,0.004228436853736639,0.06502643196221548,0.37552568316459656
2,350,5,0.01,7,19,0.9972633719444275,0.0026674848049879074,0.05164769893216838,1.1506861448287964
2,350,5,0.01,7,20,0.9977827668190002,0.002161212731152773,0.04648884523359096,0.82707679271698
2,350,5,0.01,7,21,0.9935463070869446,0.00629064068198204,0.07931355925680073,1.170304536819458
2,350,5,0.01,7,22,0.9900742173194885,0.009675057604908943,0.09836187068630274,0.868015706539154
2,350,5,0.01,7,23,0.9957610368728638,0.0041318959556519985,0.06427982541709333,0.6765446662902832
2,350,5,0.01,7,24,0.9946415424346924,0.0052230823785066605,0.07227089579150558,0.6605134606361389
2,350,5,0.01,7,25,0.9970380067825317,0.002887166803702712,0.05373236272213155,0.9949910044670105
2,350,5,0.01,7,26,0.9965505599975586,0.0033623126801103354,0.05798545231444121,1.345483660697937
2,350,5,0.01,7,27,0.996919572353363,0.0030026398599147797,0.05479634896518909,0.7319275140762329
2,350,5,0.01,7,28,0.9934767484664917,0.0063584595918655396,0.0797399497859482,0.5562151670455933
2,350,5,0.01,7,29,0.9967995882034302,0.0031195685733109713,0.055853098153199804,0.5537927150726318
2,350,5,0.01,7,30,0.9974058270454407,0.0025286341551691294,0.05028552629901699,0.564866840839386
2,350,5,0.01,7,31,0.9975239038467407,0.002413566457107663,0.04912806180898716,0.6086218953132629
2,350,5,0.01,7,32,0.9972008466720581,0.0027284198440611362,0.0522342784391738,0.4990851879119873
2,350,5,0.01,7,33,0.9940818548202515,0.005768639966845512,0.07595156329428324,0.9866253733634949
2,350,5,0.01,7,34,0.9966707825660706,0.0032451238948851824,0.05696598893098567,0.7052657008171082
2,350,5,0.01,7,35,0.9890178442001343,0.010704725049436092,0.10346364119552381,1.2275375127792358
2,350,5,0.01,7,36,0.9974532127380371,0.002482448471710086,0.04982417557481594,0.8264588713645935
2,350,5,0.01,7,37,0.9964002370834351,0.0035088283475488424,0.05923536399439817,0.5820242166519165
2,350,5,0.01,7,38,0.9975822567939758,0.002356654265895486,0.04854538356935174,0.5947645902633667
2,350,5,0.01,7,39,0.9958471655845642,0.004047958645969629,0.0636235698933157,0.6110100746154785
2,350,5,0.01,7,40,0.9968714714050293,0.003049487015232444,0.055222160544770825,0.7790291905403137
2,350,5,0.01,7,41,0.9924479126930237,0.007361306343227625,0.08579805559118239,0.4783373773097992
2,350,5,0.01,7,42,0.9977449178695679,0.002198138739913702,0.04688431230074407,0.3554403781890869
2,350,5,0.01,7,43,0.990953803062439,0.008817673660814762,0.09390246887497028,1.1379300355911255
2,350,5,0.01,7,44,0.9973006844520569,0.002631134819239378,0.05129458859606321,0.6826131343841553
2,350,5,0.01,7,45,0.9910044074058533,0.008768337778747082,0.09363940291750628,0.7608529925346375
2,350,5,0.01,7,46,0.9965298175811768,0.0033825149293988943,0.0581593924435159,0.608468234539032
2,350,5,0.01,7,47,0.9963973164558411,0.0035116849467158318,0.05925947136716486,0.6705744862556458
2,350,5,0.01,7,48,0.9978638887405396,0.0020821483340114355,0.04563056359515446,0.6245993375778198
2,350,5,0.01,7,49,0.9981277585029602,0.0018249709391966462,0.04271967859425731,0.8524642586708069
2,350,5,0.01,7,50,0.9974690079689026,0.0024670439306646585,0.04966934598587602,0.5508081316947937
2,350,5,0.01,7,51,0.9950317144393921,0.004842807073146105,0.06959028001916723,1.029972791671753
2,350,5,0.01,7,52,0.9977489709854126,0.002194182248786092,0.04684209910738514,0.3879871666431427
2,350,5,0.01,7,53,0.9955572485923767,0.004330544266849756,0.06580687096990523,1.1368657350540161
2,350,5,0.01,7,54,0.9974150061607361,0.002519693924114108,0.05019655291067414,0.6739554405212402
2,350,5,0.01,7,55,0.9976195096969604,0.002320346888154745,0.04816997911723385,1.2775174379348755
2,350,5,0.01,7,56,0.9947150349617004,0.005151490215212107,0.07177388254241307,0.9783902168273926
2,350,5,0.01,7,57,0.995466947555542,0.004418525844812393,0.06647199293546413,0.5225788950920105
2,350,5,0.01,7,58,0.997275710105896,0.0026554609648883343,0.05153116498671784,0.5721716284751892
2,350,5,0.01,7,59,0.9980965852737427,0.0018553242553025484,0.043073475078086614,0.9876912832260132
2,350,5,0.01,7,60,0.995586097240448,0.004302400164306164,0.06559268377118109,0.4430302381515503
2,350,5,0.01,7,61,0.9980480074882507,0.001902662799693644,0.043619523148398176,0.4083695113658905
2,350,5,0.01,7,62,0.9977428317070007,0.002200155286118388,0.04690581292460869,0.4238622486591339
2,350,5,0.01,7,63,0.9977537393569946,0.00218953937292099,0.04679251406925033,0.9490002989768982
2,350,5,0.01,7,64,0.9905986189842224,0.009163920767605305,0.09572836971141473,0.5985507369041443
2,350,5,0.01,7,65,0.9911262392997742,0.008649594150483608,0.09300319430258086,1.1004849672317505
2,350,5,0.01,7,66,0.9971024394035339,0.002824371913447976,0.05314482019395659,0.48859313130378723
2,350,5,0.01,7,67,0.9980472326278687,0.00190346734598279,0.043628744492396176,0.3225545287132263
2,350,5,0.01,7,68,0.9975625872612,0.0023758173920214176,0.04874235726779551,0.6789863705635071
2,350,5,0.01,7,69,0.9961716532707214,0.0037316607777029276,0.06108732092425504,0.3317781984806061
2,350,5,0.01,7,70,0.9978846311569214,0.002061925595626235,0.04540843088707465,0.7801986336708069
2,350,5,0.01,7,71,0.9971075057983398,0.0028194535989314318,0.05309852727648321,0.9086081385612488
2,350,5,0.01,7,72,0.9979028701782227,0.002044158522039652,0.045212371338380956,0.4564576745033264
2,350,5,0.01,7,73,0.9981755018234253,0.00177843461278826,0.042171490521301945,0.4222741723060608
2,350,5,0.01,7,74,0.9926959276199341,0.007119542919099331,0.08437738393135527,0.6575157642364502
2,350,5,0.01,7,75,0.9980722665786743,0.0018790357280522585,0.043347845714086626,0.6622924208641052
2,350,5,0.01,7,76,0.998275637626648,0.001680780085735023,0.0409973180310008,0.36341363191604614
2,350,5,0.01,7,77,0.998024046421051,0.0019260657718405128,0.04388696585366221,0.643857479095459
2,350,5,0.01,7,78,0.9975111484527588,0.0024259695783257484,0.04925413260149597,0.6285461783409119
2,350,5,0.01,7,79,0.9980558156967163,0.0018950983649119735,0.043532727515192216,0.777294933795929
2,350,5,0.01,7,80,0.9984567761421204,0.0015042171580716968,0.038784238526387196,0.40137508511543274
2,350,5,0.01,7,81,0.998164713382721,0.0017889138543978333,0.04229555360079631,0.37233486771583557
2,350,5,0.01,7,82,0.9981282949447632,0.001824428210966289,0.04271332591787122,0.6352636218070984
2,350,5,0.01,7,83,0.9963093400001526,0.0035974192433059216,0.05997848983849061,1.114904522895813
2,350,5,0.01,7,84,0.997954785823822,0.00199356721714139,0.044649380926742865,0.435400128364563
2,350,5,0.01,7,85,0.9983224868774414,0.0016351641388610005,0.04043716284386184,0.4316489100456238
2,350,5,0.01,7,86,0.996974766254425,0.0029488306026905775,0.054303136214132026,0.9550891518592834
2,350,5,0.01,7,87,0.998453676700592,0.0015072626993060112,0.03882348128782388,0.6138083934783936
2,350,5,0.01,7,88,0.9958887100219727,0.004007462412118912,0.06330452126127258,0.2672920227050781
2,350,5,0.01,7,89,0.9943541288375854,0.005503247957676649,0.07418387936524114,1.708622694015503
2,350,5,0.01,7,90,0.9963856935501099,0.0035229779314249754,0.05935467910304103,0.5690609216690063
2,350,5,0.01,7,91,0.9942480325698853,0.005606651306152344,0.07487757545588895,1.1150206327438354
2,350,5,0.01,7,92,0.9979825019836426,0.0019665530417114496,0.04434583454746849,0.9193413257598877
2,350,5,0.01,7,93,0.9970503449440002,0.002875142265111208,0.05362035308640934,0.3646377921104431
2,350,5,0.01,7,94,0.9962084293365479,0.0036958183627575636,0.060793242739284464,0.673608660697937
2,350,5,0.01,7,95,0.9980263113975525,0.001923834439367056,0.043861537129551854,0.6991443634033203
2,350,5,0.01,7,96,0.9941800832748413,0.0056728823110461235,0.07531853895984789,0.7105650305747986
2,350,5,0.01,7,97,0.9928146004676819,0.007003867067396641,0.08368910961049018,1.2695645093917847
2,350,5,0.01,7,98,0.997969925403595,0.00197880738414824,0.044483787879948354,0.5846916437149048
2,350,5,0.01,7,99,0.9982983469963074,0.001658654655329883,0.04072658413530262,0.8128139972686768
2,350,5,0.01,7,100,0.997891366481781,0.002055366523563862,0.04533615029492317,0.4007400572299957
3,350,5,0.01,7,1,0.9652005434036255,0.03392039239406586,0.18417489621027577,7.005133152008057
3,350,5,0.01,7,2,0.9808558821678162,0.018660522997379303,0.1366035248351202,1.1923376321792603
3,350,5,0.01,7,3,0.9938436150550842,0.00600084662437439,0.07746513166821825,0.7584729790687561
3,350,5,0.01,7,4,0.9942433834075928,0.005611209664493799,0.07490800801312099,0.7493162751197815
3,350,5,0.01,7,5,0.9933505654335022,0.006481457967311144,0.08050750255293691,1.7725625038146973
3,350,5,0.01,7,6,0.9965887069702148,0.0033251186832785606,0.05766384207871134,0.8299426436424255
3,350,5,0.01,7,7,0.9963800311088562,0.0035285295452922583,0.05940142713178075,1.2759346961975098
3,350,5,0.01,7,8,0.993030309677124,0.0067936135455966,0.08242337984817535,0.6960302591323853
3,350,5,0.01,7,9,0.9963933229446411,0.0035155455116182566,0.05929203581947795,1.423340082168579
3,350,5,0.01,7,10,0.9966091513633728,0.0033051653299480677,0.05749056731280417,0.7312725186347961
3,350,5,0.01,7,11,0.9960770010948181,0.0038238917477428913,0.06183762404671521,0.7747803926467896
3,350,5,0.01,7,12,0.9959442019462585,0.0039533572271466255,0.06287572844227433,1.6149251461029053
3,350,5,0.01,7,13,0.9961547255516052,0.003748155664652586,0.06122218278248976,1.2024002075195312
3,350,5,0.01,7,14,0.9971551895141602,0.002772947773337364,0.05265878628811496,0.6457962989807129
3,350,5,0.01,7,15,0.9968961477279663,0.0030254351440817118,0.05500395571303678,0.839410126209259
3,350,5,0.01,7,16,0.9962978363037109,0.003608629573136568,0.06007187006525241,0.7729828357696533
3,350,5,0.01,7,17,0.9888606071472168,0.010857991874217987,0.1042016884422608,0.6596981883049011
3,350,5,0.01,7,18,0.9948491454124451,0.005020763725042343,0.07085734771385635,1.3282228708267212
3,350,5,0.01,7,19,0.9924672245979309,0.007342502474784851,0.08568840338566737,1.427036166191101
3,350,5,0.01,7,20,0.9864604473114014,0.01319755520671606,0.11488061284096661,1.266442894935608
3,350,5,0.01,7,21,0.9938368201255798,0.006007518153637648,0.07750818120455187,0.7453925013542175
3,350,5,0.01,7,22,0.9970964193344116,0.0028302508872002363,0.05320010232321209,0.45282191038131714
3,350,5,0.01,7,23,0.9974346160888672,0.002500590868294239,0.050005908333858304,0.9736321568489075
3,350,5,0.01,7,24,0.9973437190055847,0.002589192008599639,0.050884103692603634,0.5051401853561401
3,350,5,0.01,7,25,0.9979156255722046,0.002031746320426464,0.04507489678775165,0.6443006992340088
3,350,5,0.01,7,26,0.9979442954063416,0.0020037968643009663,0.04476378965526675,0.35096150636672974
3,350,5,0.01,7,27,0.9951601028442383,0.004717623814940453,0.06868496061686614,0.5930235981941223
3,350,5,0.01,7,28,0.9958882331848145,0.004007876850664616,0.06330779454904914,0.3708834946155548
3,350,5,0.01,7,29,0.9952952861785889,0.004585892427712679,0.06771921756571526,0.4414479732513428
3,350,5,0.01,7,30,0.9970846772193909,0.0028417049907147884,0.05330764476803293,0.8263170123100281
3,350,5,0.01,7,31,0.9915292859077454,0.008256743662059307,0.09086662567774434,0.8530953526496887
3,350,5,0.01,7,32,0.9961145520210266,0.0037872982211411,0.061541028762453265,0.5855990052223206
3,350,5,0.01,7,33,0.9977058172225952,0.002236203756183386,0.04728851611314724,0.4319944679737091
3,350,5,0.01,7,34,0.9882544875144958,0.011448824778199196,0.10699918120340546,1.042467474937439
3,350,5,0.01,7,35,0.9853193163871765,0.014309845864772797,0.1196237679759871,1.2939705848693848
3,350,5,0.01,7,36,0.9970762133598328,0.00284993601962924,0.05338479202571871,0.9788075685501099
3,350,5,0.01,7,37,0.9982207417488098,0.001734286081045866,0.04164476054734696,0.6405844688415527
3,350,5,0.01,7,38,0.9981375932693481,0.0018153878627344966,0.04260736864363366,0.4042717218399048
3,350,5,0.01,7,39,0.9972763657569885,0.0026548104360699654,0.05152485260599942,0.731450617313385
3,350,5,0.01,7,40,0.9981187582015991,0.0018337421352043748,0.04282221544017048,0.3669146001338959
3,350,5,0.01,7,41,0.9899205565452576,0.009824850596487522,0.09912038436410305,1.4343342781066895
3,350,5,0.01,7,42,0.9968609809875488,0.003059752518311143,0.055315029768690745,0.37646856904029846
3,350,5,0.01,7,43,0.9978005886077881,0.0021438368130475283,0.0463015854269325,0.4045565724372864
3,350,5,0.01,7,44,0.9970058798789978,0.00291846739128232,0.054022841384754286,0.4840867221355438
3,350,5,0.01,7,45,0.9958038926124573,0.00409009400755167,0.06395384278955933,0.3839169442653656
3,350,5,0.01,7,46,0.9970095753669739,0.0029148636385798454,0.05398947710970949,0.9497891068458557
3,350,5,0.01,7,47,0.9878420829772949,0.011850827373564243,0.10886150547169667,2.0863516330718994
3,350,5,0.01,7,48,0.9971996545791626,0.002729630097746849,0.05224586201554004,0.7920370101928711
3,350,5,0.01,7,49,0.9971872568130493,0.0027417175006121397,0.05236141232446027,0.7117586731910706
3,350,5,0.01,7,50,0.9981722831726074,0.001781562576070428,0.04220856045958483,0.9640968441963196
3,350,5,0.01,7,51,0.992952287197113,0.0068696835078299046,0.08288355390443815,0.8937769532203674
3,350,5,0.01,7,52,0.9963439106941223,0.003563749836757779,0.05969715099364273,1.3841733932495117
3,350,5,0.01,7,53,0.99334716796875,0.006484794896095991,0.08052822422043088,0.5475161671638489
3,350,5,0.01,7,54,0.9955092072486877,0.004377327393740416,0.06616137388038745,0.4057224690914154
3,350,5,0.01,7,55,0.9911689162254333,0.00860799290239811,0.09277926978801951,0.6506006121635437
3,350,5,0.01,7,56,0.9970881342887878,0.0028383044991642237,0.0532757402498006,0.5026488304138184
3,350,5,0.01,7,57,0.9954938888549805,0.004392261616885662,0.06627413988039121,0.9343317151069641
3,350,5,0.01,7,58,0.9963833093643188,0.0035253476817160845,0.05937463837124471,0.47373664379119873
3,350,5,0.01,7,59,0.9982911348342896,0.0016657215310260653,0.04081325190457219,0.8260636329650879
3,350,5,0.01,7,60,0.9937551021575928,0.006087156943976879,0.07802023419586024,0.47256043553352356
3,350,5,0.01,7,61,0.9980627298355103,0.0018883086740970612,0.04345467378886949,0.4616377055644989
3,350,5,0.01,7,62,0.9975118637084961,0.0024253109004348516,0.0492474456234519,0.32671716809272766
3,350,5,0.01,7,63,0.9975986480712891,0.0023406839463859797,0.048380615399000244,0.6088586449623108
3,350,5,0.01,7,64,0.9982643723487854,0.0016917809844017029,0.041131265290551215,0.8283310532569885
3,350,5,0.01,7,65,0.9785900712013245,0.020869113504886627,0.14446146027535034,1.3303908109664917
3,350,5,0.01,7,66,0.9980613589286804,0.0018896466353908181,0.04347006596947856,0.75284343957901
3,350,5,0.01,7,67,0.9978727698326111,0.0020734663121402264,0.045535330372582415,0.5909258127212524
3,350,5,0.01,7,68,0.997715413570404,0.0022268504835665226,0.047189516670194054,0.4665878117084503
3,350,5,0.01,7,69,0.9982353448867798,0.0017200965667143464,0.0414740469054365,0.6446834802627563
3,350,5,0.01,7,70,0.9876378178596497,0.01204992737621069,0.10977216120770643,0.5698305368423462
3,350,5,0.01,7,71,0.9980183839797974,0.0019315325189381838,0.043949203848740924,0.6881699562072754
3,350,5,0.01,7,72,0.9976182579994202,0.002321600215509534,0.04818298678485523,1.015127182006836
3,350,5,0.01,7,73,0.9983338117599487,0.001624113181605935,0.04030028761195055,0.8302879929542542
3,350,5,0.01,7,74,0.9955700039863586,0.004318062216043472,0.06571196402515658,0.43186452984809875
3,350,5,0.01,7,75,0.9968595504760742,0.003061130177229643,0.05532748121168759,0.6317901611328125
3,350,5,0.01,7,76,0.997597336769104,0.0023419870994985104,0.04839408124449219,1.2059860229492188
3,350,5,0.01,7,77,0.9963787794113159,0.0035297602880746126,0.059411785767426756,0.6202639937400818
3,350,5,0.01,7,78,0.9972103834152222,0.0027191685512661934,0.052145647481512715,0.2784915268421173
3,350,5,0.01,7,79,0.9966789484024048,0.0032371762208640575,0.05689618810486391,1.313202142715454
3,350,5,0.01,7,80,0.997527003288269,0.002410554327070713,0.0490973963369822,0.5791090726852417
3,350,5,0.01,7,81,0.9976001381874084,0.0023392243310809135,0.0483655283345578,0.4945088326931
3,350,5,0.01,7,82,0.9927479028701782,0.007068918086588383,0.08407685821073706,2.099086046218872
3,350,5,0.01,7,83,0.9968979358673096,0.003023680066689849,0.054987999297027065,0.608389139175415
3,350,5,0.01,7,84,0.9978768229484558,0.0020695189014077187,0.04549196524011376,0.26178547739982605
3,350,5,0.01,7,85,0.994273841381073,0.00558148417621851,0.07470933125265217,0.5107871294021606
3,350,5,0.01,7,86,0.9976589679718018,0.0022818883880972862,0.047769115420921146,0.3658769726753235
3,350,5,0.01,7,87,0.9965582489967346,0.0033547920174896717,0.05792056644655395,0.845985472202301
3,350,5,0.01,7,88,0.9969327449798584,0.00298979040235281,0.0546789758714701,0.4971155524253845
3,350,5,0.01,7,89,0.9983159303665161,0.0016415031859651208,0.04051546847767061,0.6659110188484192
3,350,5,0.01,7,90,0.998238205909729,0.001717285835184157,0.04144014762502852,0.5874457955360413
3,350,5,0.01,7,91,0.9949733018875122,0.004899716004729271,0.06999797143295848,1.2865358591079712
3,350,5,0.01,7,92,0.9980691075325012,0.0018821227131411433,0.043383438235588746,0.6610638499259949
3,350,5,0.01,7,93,0.9976909756660461,0.0022506830282509327,0.047441364106135614,0.5592864155769348
3,350,5,0.01,7,94,0.9984028935432434,0.0015567727386951447,0.03945595948263259,0.5276364088058472
3,350,5,0.01,7,95,0.9935023188591003,0.006333543919026852,0.0795835656340356,0.8490807414054871
3,350,5,0.01,7,96,0.9977566599845886,0.0021866695024073124,0.046761838099109325,0.6017331480979919
3,350,5,0.01,7,97,0.9973767399787903,0.0025569801218807697,0.05056659096558487,0.46687012910842896
3,350,5,0.01,7,98,0.9981022477149963,0.0018498020945116878,0.043009325669111434,0.3176555633544922
3,350,5,0.01,7,99,0.9976438283920288,0.0022966505493968725,0.047923382073856935,0.840161919593811
3,350,5,0.01,7,100,0.9973911046981812,0.0025429707020521164,0.05042787623975569,0.31297174096107483
4,350,5,0.01,7,1,0.9674032330513,0.03177332505583763,0.17825073648049153,5.164297103881836
4,350,5,0.01,7,2,0.9906733632087708,0.009091032668948174,0.09534690697106107,3.0242340564727783
4,350,5,0.01,7,3,0.9929061532020569,0.006914634723216295,0.08315428265108356,2.8046071529388428
4,350,5,0.01,7,4,0.9947543144226074,0.005113169085234404,0.07150642688062664,1.4267420768737793
4,350,5,0.01,7,5,0.9961525797843933,0.003750226926058531,0.061239096385058873,0.36399179697036743
4,350,5,0.01,7,6,0.9960222840309143,0.0038772420957684517,0.06226750433226348,1.0870554447174072
4,350,5,0.01,7,7,0.996418833732605,0.003490705508738756,0.05908219282270045,0.7022608518600464
4,350,5,0.01,7,8,0.9945473670959473,0.005314898677170277,0.07290335161822313,1.7124427556991577
4,350,5,0.01,7,9,0.9968813061714172,0.0030398990493267775,0.055135279534312485,0.44874560832977295
4,350,5,0.01,7,10,0.9965498447418213,0.0033630102407187223,0.05799146696470717,0.5226644277572632
4,350,5,0.01,7,11,0.996361255645752,0.003546849125996232,0.05955542902201471,1.085891842842102
4,350,5,0.01,7,12,0.9866818189620972,0.01298175286501646,0.11393749543068103,1.021956205368042
4,350,5,0.01,7,13,0.9687842726707458,0.03042718768119812,0.17443390634047648,0.6151676177978516
4,350,5,0.01,7,14,0.9964054822921753,0.003503721207380295,0.059192239418527616,0.6712871193885803
4,350,5,0.01,7,15,0.9965999126434326,0.0033141877502202988,0.057568982535913374,0.9102783203125
4,350,5,0.01,7,16,0.993741512298584,0.006100390572100878,0.07810499710070334,0.49041080474853516
4,350,5,0.01,7,17,0.9901986122131348,0.009553824551403522,0.09774366757700226,1.1745820045471191
4,350,5,0.01,7,18,0.9959484338760376,0.003949232865124941,0.06284292215615805,0.35064366459846497
4,350,5,0.01,7,19,0.996372640132904,0.0035357335582375526,0.05946203459550937,1.530448317527771
4,350,5,0.01,7,20,0.9972317218780518,0.0026983616407960653,0.051945756715982734,1.4526580572128296
4,350,5,0.01,7,21,0.9941547513008118,0.005697568412870169,0.07548223905575516,1.0459192991256714
4,350,5,0.01,7,22,0.9967132210731506,0.003203748492524028,0.05660166510381146,1.0220314264297485
4,350,5,0.01,7,23,0.9977800846099854,0.0021638143807649612,0.04651681825710956,1.4547967910766602
4,350,5,0.01,7,24,0.9851534366607666,0.014471536502242088,0.12029769948856914,1.3682324886322021
4,350,5,0.01,7,25,0.9944943189620972,0.00536662433296442,0.07325724764802743,0.6814166903495789
4,350,5,0.01,7,26,0.9965260028839111,0.003386251861229539,0.05819151021609199,1.2602217197418213
4,350,5,0.01,7,27,0.9946218729019165,0.005242259707301855,0.07240345093503385,1.1979539394378662
4,350,5,0.01,7,28,0.9954752326011658,0.004410452209413052,0.06641123556607761,1.6913560628890991
4,350,5,0.01,7,29,0.9942077994346619,0.005645872559398413,0.07513902154938147,0.6314086318016052
4,350,5,0.01,7,30,0.9920405149459839,0.0077584246173501015,0.08808191992316074,1.4748573303222656
4,350,5,0.01,7,31,0.9877092242240906,0.01198031660169363,0.10945463261869563,2.4110970497131348
4,350,5,0.01,7,32,0.9972353577613831,0.0026947830338031054,0.051911299673607726,0.8911773562431335
4,350,5,0.01,7,33,0.9967286586761475,0.0031886843498796225,0.05646843675788823,1.1094971895217896
4,350,5,0.01,7,34,0.983187735080719,0.016387570649385452,0.1280139470893131,1.7351460456848145
4,350,5,0.01,7,35,0.9971798062324524,0.0027489429339766502,0.05243036271071039,0.6781738996505737
4,350,5,0.01,7,36,0.9941816329956055,0.005671370774507523,0.07530850399860246,0.9245896339416504
4,350,5,0.01,7,37,0.9955568909645081,0.004330878611654043,0.06580941126962042,0.4535563886165619
4,350,5,0.01,7,38,0.9969444274902344,0.0029783935751765966,0.054574660559426266,1.027383804321289
4,350,5,0.01,7,39,0.9966138005256653,0.003300654236227274,0.0574513205786192,0.36719462275505066
4,350,5,0.01,7,40,0.9953550696372986,0.004527622833848,0.06728761278161084,2.2051594257354736
4,350,5,0.01,7,41,0.9971677660942078,0.0027607064694166183,0.05254242542380984,0.8759135603904724
4,350,5,0.01,7,42,0.9978979825973511,0.002048914786428213,0.04526493992515856,0.5467765927314758
4,350,5,0.01,7,43,0.9966551661491394,0.003260351251810789,0.05709948556520268,1.052205204963684
4,350,5,0.01,7,44,0.9978532791137695,0.002092513022944331,0.04574399439209841,0.638975203037262
4,350,5,0.01,7,45,0.9976693391799927,0.002271764213219285,0.047663027738691605,0.8052626252174377
4,350,5,0.01,7,46,0.9967767000198364,0.0031418988946825266,0.0560526439580019,0.649665117263794
4,350,5,0.01,7,47,0.997428834438324,0.002506194869056344,0.05006191036163466,0.3520882725715637
4,350,5,0.01,7,48,0.9955750703811646,0.004313131794333458,0.06567443790649036,0.8404951691627502
4,350,5,0.01,7,49,0.9981478452682495,0.0018053626408800483,0.0424895591984672,0.6032249331474304
4,350,5,0.01,7,50,0.9966697692871094,0.003246085252612829,0.056974426303498915,0.574872612953186
4,350,5,0.01,7,51,0.9974583983421326,0.002477393951267004,0.04977342615560038,0.48231804370880127
4,350,5,0.01,7,52,0.9981381297111511,0.0018148384988307953,0.0426009213378161,0.5551812052726746
4,350,5,0.01,7,53,0.9972948431968689,0.002636808203533292,0.05134986079370899,0.8070539236068726
4,350,5,0.01,7,54,0.9919010400772095,0.007894369773566723,0.08885026602980277,0.5451340675354004
4,350,5,0.01,7,55,0.9973399043083191,0.002592917066067457,0.05092069388831477,0.6497880816459656
4,350,5,0.01,7,56,0.9952954649925232,0.0045856996439397335,0.06771779414555479,0.6214779019355774
4,350,5,0.01,7,57,0.9978601932525635,0.002085770247504115,0.0456702337141394,0.7178564667701721
4,350,5,0.01,7,58,0.9932613968849182,0.006568367592990398,0.08104546620873002,0.8504398465156555
4,350,5,0.01,7,59,0.9974108338356018,0.0025237782392650843,0.05023721966097531,1.8742523193359375
4,350,5,0.01,7,60,0.9934940338134766,0.006341616623103619,0.07963426789456671,0.6995665431022644
4,350,5,0.01,7,61,0.9842737317085266,0.015329007990658283,0.1238103710949058,0.6327958703041077
4,350,5,0.01,7,62,0.99072265625,0.009042982012033463,0.09509459507266153,0.780776858329773
4,350,5,0.01,7,63,0.9960662722587585,0.0038343716878443956,0.0619223036380624,0.6247978806495667
4,350,5,0.01,7,64,0.9976029992103577,0.002336454577744007,0.04833688630584315,0.5528731346130371
4,350,5,0.01,7,65,0.9966777563095093,0.003238305449485779,0.056906110827272136,0.6851890683174133
4,350,5,0.01,7,66,0.9977907538414001,0.002153427340090275,0.04640503571909276,0.8251622319221497
4,350,5,0.01,7,67,0.9943516254425049,0.005505702458322048,0.07420042087698726,0.8187238574028015
4,350,5,0.01,7,68,0.9971449971199036,0.002782912226393819,0.05275331483796842,0.6418110728263855
4,350,5,0.01,7,69,0.9976206421852112,0.0023192246444523335,0.04815832892088692,0.5594004988670349
4,350,5,0.01,7,70,0.9948331713676453,0.005036326125264168,0.07096707775626786,0.45438966155052185
4,350,5,0.01,7,71,0.9969202876091003,0.003001888282597065,0.05478949062180689,0.6875254511833191
4,350,5,0.01,7,72,0.9976818561553955,0.0022595722693949938,0.04753495839269236,0.5843511819839478
4,350,5,0.01,7,73,0.9971632361412048,0.002765099285170436,0.05258421136777118,0.6101202964782715
4,350,5,0.01,7,74,0.9979987144470215,0.0019507462857291102,0.044167253545235416,0.4985545575618744
4,350,5,0.01,7,75,0.9960702061653137,0.0038305146154016256,0.06189115134978203,0.7174424529075623
4,350,5,0.01,7,76,0.9977123737335205,0.002229866338893771,0.04722146057560875,0.932768702507019
4,350,5,0.01,7,77,0.9976984262466431,0.0022434082347899675,0.0473646306307773,0.7172507047653198
4,350,5,0.01,7,78,0.9975539445877075,0.002384239574894309,0.04882867574381174,0.5787240266799927
4,350,5,0.01,7,79,0.9934098124504089,0.006423733197152615,0.08014819522080716,0.5110278725624084
4,350,5,0.01,7,80,0.9962722063064575,0.0036336034536361694,0.06027937834480519,1.027448296546936
4,350,5,0.01,7,81,0.997519314289093,0.0024180496111512184,0.04917366786351429,0.49617913365364075
4,350,5,0.01,7,82,0.9972466230392456,0.002683839062228799,0.05180578213123318,0.6017966270446777
4,350,5,0.01,7,83,0.9954440593719482,0.004440833814442158,0.06663958143957807,0.5442495942115784
4,350,5,0.01,7,84,0.9977756142616272,0.0021681960206478834,0.04656389181165899,1.1043975353240967
4,350,5,0.01,7,85,0.9975335001945496,0.0024041933938860893,0.049032574824152256,1.4278289079666138
4,350,5,0.01,7,86,0.9957951307296753,0.004098653327673674,0.0640207257665334,0.6392095685005188
4,350,5,0.01,7,87,0.9982693195343018,0.0016869761748239398,0.04107281552102242,0.5678519010543823
4,350,5,0.01,7,88,0.99840247631073,0.0015571753028780222,0.03946106058987799,0.3979403078556061
4,350,5,0.01,7,89,0.998228907585144,0.0017263626214116812,0.04154952011048601,0.4644564390182495
4,350,5,0.01,7,90,0.9974891543388367,0.0024474153760820627,0.049471359149330665,0.3936695456504822
4,350,5,0.01,7,91,0.99725341796875,0.0026772019919008017,0.05174168524411243,0.5131734013557434
4,350,5,0.01,7,92,0.9961223006248474,0.0037797698751091957,0.06147983307645846,0.4125503599643707
4,350,5,0.01,7,93,0.9963198304176331,0.003587195184081793,0.059893198145380355,0.7656233310699463
4,350,5,0.01,7,94,0.9975674748420715,0.0023710685782134533,0.048693619481544534,0.7508420944213867
4,350,5,0.01,7,95,0.9964500069618225,0.0034603162202984095,0.05882445257117493,1.0827374458312988
4,350,5,0.01,7,96,0.9981669187545776,0.0017867606366053224,0.04227009151404007,0.605650782585144
4,350,5,0.01,7,97,0.9897187352180481,0.010021562688052654,0.1001077553841492,1.139630675315857
4,350,5,0.01,7,98,0.9976495504379272,0.0022910521365702152,0.0478649363999391,1.329693078994751
4,350,5,0.01,7,99,0.998214840888977,0.0017400393262505531,0.041713778613913094,0.6369226574897766
4,350,5,0.01,7,100,0.9981915950775146,0.001762702944688499,0.04198455602585907,0.46357759833335876
5,350,5,0.01,7,1,0.9874362349510193,0.012246400117874146,0.11066345430120164,1.024123191833496
5,350,5,0.01,7,2,0.9926167130470276,0.007196799851953983,0.0848339545933937,2.008488178253174
5,350,5,0.01,7,3,0.9957733154296875,0.004119915422052145,0.06418656730229577,1.031604290008545
5,350,5,0.01,7,4,0.9944750070571899,0.005385443102568388,0.07338557830097402,1.1619439125061035
5,350,5,0.01,7,5,0.9936677813529968,0.006172237452119589,0.07856358858987787,0.5918598771095276
5,350,5,0.01,7,6,0.9905412197113037,0.009219830855727196,0.09601995030058699,0.78408282995224
5,350,5,0.01,7,7,0.9969651699066162,0.002958146156743169,0.05438884220815119,0.7743381261825562
5,350,5,0.01,7,8,0.9957965016365051,0.004097323399037123,0.06401033821998696,1.5794090032577515
5,350,5,0.01,7,9,0.9968363642692566,0.003083727788180113,0.05553132258626759,0.4364621639251709
5,350,5,0.01,7,10,0.9944621920585632,0.005397904198616743,0.07347043077740012,0.8031305074691772
5,350,5,0.01,7,11,0.995762288570404,0.004130690824240446,0.06427045063044483,0.7855253219604492
5,350,5,0.01,7,12,0.996347963809967,0.0035597924143075943,0.05966399596329091,0.6054929494857788
5,350,5,0.01,7,13,0.9969375133514404,0.002985109342262149,0.054636154167933056,0.5013248324394226
5,350,5,0.01,7,14,0.9975215792655945,0.0024157909210771322,0.04915069603858253,0.7182496786117554
5,350,5,0.01,7,15,0.9941931366920471,0.005660193972289562,0.07523426062831721,0.5601135492324829
5,350,5,0.01,7,16,0.9973183274269104,0.0026139370165765285,0.0511266761737601,0.6817371249198914
5,350,5,0.01,7,17,0.996315062046051,0.0035918562207370996,0.059932096749046745,0.6644420027732849
5,350,5,0.01,7,18,0.9967644214630127,0.003153841011226177,0.05615906882442209,1.3641248941421509
5,350,5,0.01,7,19,0.9965797066688538,0.0033338807988911867,0.05773976791511364,1.7084168195724487
5,350,5,0.01,7,20,0.9962916970252991,0.0036146449856460094,0.06012191768104216,0.8011297583580017
5,350,5,0.01,7,21,0.9894571304321289,0.010276521556079388,0.10137317966838856,0.84581458568573
5,350,5,0.01,7,22,0.9963189959526062,0.0035880112554877996,0.059900010479863854,0.5653953552246094
5,350,5,0.01,7,23,0.9958377480506897,0.004057113081216812,0.06369547143413581,1.3125455379486084
5,350,5,0.01,7,24,0.9931430816650391,0.006683691404759884,0.0817538464218038,0.7994974851608276
5,350,5,0.01,7,25,0.9962539672851562,0.0036514175590127707,0.06042696053098129,0.45790913701057434
5,350,5,0.01,7,26,0.99332195520401,0.00650933850556612,0.08068047164937821,1.1314170360565186
5,350,5,0.01,7,27,0.9973939657211304,0.00254018884152174,0.05040028612539556,1.2148905992507935
5,350,5,0.01,7,28,0.9966729283332825,0.003243016079068184,0.05694748527431377,1.3468443155288696
5,350,5,0.01,7,29,0.9977834820747375,0.002160498173907399,0.04648115934340923,0.5785320401191711
5,350,5,0.01,7,30,0.9953022599220276,0.004579055123031139,0.06766871598479714,1.6343135833740234
5,350,5,0.01,7,31,0.9967187643051147,0.003198359627276659,0.056554041652888604,0.7810083627700806
5,350,5,0.01,7,32,0.9977756142616272,0.0021681857760995626,0.046563781806244674,0.7373141050338745
5,350,5,0.01,7,33,0.9976605772972107,0.002280303742736578,0.04775252603513848,0.6209869980812073
5,350,5,0.01,7,34,0.9966130256652832,0.0033014288637787104,0.05745806178230093,0.672321081161499
5,350,5,0.01,7,35,0.9897841811180115,0.009957755915820599,0.09978855603635418,2.0070016384124756
5,350,5,0.01,7,36,0.9977748394012451,0.002168963197618723,0.04657212897880795,0.9097262620925903
5,350,5,0.01,7,37,0.981458842754364,0.01807277277112007,0.13443501318897572,0.46457359194755554
5,350,5,0.01,7,38,0.9954898953437805,0.004396195989102125,0.06630381579594137,0.46634015440940857
5,350,5,0.01,7,39,0.997420072555542,0.002514739753678441,0.05014718091456828,0.4968893229961395
5,350,5,0.01,7,40,0.9931501746177673,0.006676810327917337,0.08171175146768876,0.8041697144508362
5,350,5,0.01,7,41,0.9963439106941223,0.0035637603141367435,0.059697238748008634,0.8114314675331116
5,350,5,0.01,7,42,0.9965237975120544,0.0033883736468851566,0.05820973841965927,0.5864264965057373
5,350,5,0.01,7,43,0.9956273436546326,0.004262186586856842,0.06528542399997753,1.5913771390914917
5,350,5,0.01,7,44,0.9952558875083923,0.0046242703683674335,0.06800198797364261,1.1079154014587402
5,350,5,0.01,7,45,0.9979537725448608,0.0019945299718528986,0.044660160902675876,0.5251947641372681
5,350,5,0.01,7,46,0.9979757070541382,0.00197318266145885,0.044420520724760194,0.8533982634544373
5,350,5,0.01,7,47,0.9950523972511292,0.004822625778615475,0.06944512782489118,0.8458208441734314
5,350,5,0.01,7,48,0.9966012239456177,0.0033129083458334208,0.057557869538694885,0.48850005865097046
5,350,5,0.01,7,49,0.9960035085678101,0.0038955151103436947,0.06241406179975547,0.7026763558387756
5,350,5,0.01,7,50,0.9979425668716431,0.0020054460037499666,0.044782206329634616,0.5480711460113525
5,350,5,0.01,7,51,0.9977730512619019,0.0021707017440348864,0.04659079033494588,0.8605554699897766
5,350,5,0.01,7,52,0.9943491816520691,0.005508068483322859,0.07421636263872583,1.6477535963058472
5,350,5,0.01,7,53,0.9972934722900391,0.002638178179040551,0.05136319868388797,1.0356842279434204
5,350,5,0.01,7,54,0.9968883395195007,0.0030330501031130552,0.05507313413192548,0.4601026773452759
5,350,5,0.01,7,55,0.9971024990081787,0.002824304159730673,0.05314418274590995,0.928136944770813
5,350,5,0.01,7,56,0.9761829972267151,0.023215387016534805,0.15236596410135306,1.949326753616333
5,350,5,0.01,7,57,0.9969722032546997,0.002951321890577674,0.054326070082214434,2.369962215423584
5,350,5,0.01,7,58,0.9980103373527527,0.0019393984694033861,0.044038602037342035,0.4470122158527374
5,350,5,0.01,7,59,0.9972689747810364,0.0026620393618941307,0.05159495481046699,1.3334060907363892
5,350,5,0.01,7,60,0.996886670589447,0.0030346917919814587,0.05508803674103352,0.4428956210613251
5,350,5,0.01,7,61,0.9973880648612976,0.0025459432508796453,0.050457340901791936,0.4774302542209625
5,350,5,0.01,7,62,0.9960909485816956,0.003810290712863207,0.061727552299303164,1.7695634365081787
5,350,5,0.01,7,63,0.9972565174102783,0.002674201736226678,0.05171268448095378,1.0560497045516968
5,350,5,0.01,7,64,0.9974753856658936,0.002460835501551628,0.049606809024080836,1.0216054916381836
5,350,5,0.01,7,65,0.9969478249549866,0.0029750533867627382,0.05454404996663466,1.3658915758132935
5,350,5,0.01,7,66,0.9954851865768433,0.004400739446282387,0.0663380693590218,1.7268732786178589
5,350,5,0.01,7,67,0.9971345067024231,0.0027930918149650097,0.05284970969612804,0.8280261754989624
5,350,5,0.01,7,68,0.9983236789703369,0.0016339850844815373,0.040422581368358176,0.8891471028327942
5,350,5,0.01,7,69,0.9977496862411499,0.002193495398387313,0.04683476698337799,0.7888267040252686
5,350,5,0.01,7,70,0.99615877866745,0.003744215937331319,0.0611899986707903,1.6131483316421509
5,350,5,0.01,7,71,0.9860976338386536,0.013551165349781513,0.1164094727665301,1.8475605249404907
5,350,5,0.01,7,72,0.9979081749916077,0.002038959413766861,0.045154838209951115,1.3420817852020264
5,350,5,0.01,7,73,0.9952040314674377,0.004674846306443214,0.06837284772805075,0.5359814167022705
5,350,5,0.01,7,74,0.9981499910354614,0.001803270890377462,0.04246493718796087,0.8659446835517883
5,350,5,0.01,7,75,0.9972052574157715,0.002724169287830591,0.052193575158544094,0.7980672121047974
5,350,5,0.01,7,76,0.995611310005188,0.004277835134416819,0.06540516137444215,2.0170021057128906
5,350,5,0.01,7,77,0.9965280890464783,0.003384185256436467,0.058173750579075326,1.805736780166626
5,350,5,0.01,7,78,0.9661794900894165,0.03296619653701782,0.18156595643737242,2.079627752304077
5,350,5,0.01,7,79,0.9980137348175049,0.0019360919250175357,0.044001044590072355,1.2517293691635132
5,350,5,0.01,7,80,0.99672532081604,0.003191967960447073,0.05649750401962084,1.5628936290740967
5,350,5,0.01,7,81,0.998263418674469,0.0016927042743191123,0.04114248745906247,1.468802809715271
5,350,5,0.01,7,82,0.9981312155723572,0.00182155123911798,0.04267963494593153,1.1634615659713745
5,350,5,0.01,7,83,0.995850682258606,0.004044510889798403,0.0635964691614118,1.4742228984832764
5,350,5,0.01,7,84,0.9916243553161621,0.008164046332240105,0.09035511237467476,0.8393793702125549
5,350,5,0.01,7,85,0.9980112314224243,0.0019385034684091806,0.044028439313802396,0.940831184387207
5,350,5,0.01,7,86,0.99798583984375,0.0019632817711681128,0.044308935567988005,1.5645231008529663
5,350,5,0.01,7,87,0.9979813098907471,0.001967711839824915,0.04435889809074291,0.32158324122428894
5,350,5,0.01,7,88,0.9953829050064087,0.004500442184507847,0.06708533509275963,0.5701751112937927
5,350,5,0.01,7,89,0.996432900428772,0.0034769794438034296,0.058965917645733536,1.3524283170700073
5,350,5,0.01,7,90,0.9959390759468079,0.003958321642130613,0.0629151940482632,1.6973907947540283
5,350,5,0.01,7,91,0.9978386759757996,0.0021067517809569836,0.04589936580125028,0.9979867935180664
5,350,5,0.01,7,92,0.9970415830612183,0.0028836752753704786,0.05369986289899145,1.2756221294403076
5,350,5,0.01,7,93,0.9970651865005493,0.0028606948908418417,0.05348546429490766,0.7874098420143127
5,350,5,0.01,7,94,0.9981541037559509,0.001799292745999992,0.04241807098395673,0.7979497909545898
5,350,5,0.01,7,95,0.9979432225227356,0.002004800597205758,0.0447749996896232,0.672071099281311
5,350,5,0.01,7,96,0.9904974699020386,0.009262461215257645,0.09624168127821565,0.4785475730895996
5,350,5,0.01,7,97,0.9975724816322327,0.0023661877494305372,0.0486434759184676,1.0378105640411377
5,350,5,0.01,7,98,0.997536301612854,0.0024014459922909737,0.049004550730426796,0.7083620429039001
5,350,5,0.01,7,99,0.9980645179748535,0.0018865906167775393,0.043434900906730974,1.1256625652313232
5,350,5,0.01,7,100,0.9954413175582886,0.004443509504199028,0.06665965424602072,0.5697587132453918
6,350,5,0.01,7,1,0.9860291481018066,0.013617961667478085,0.11669602250067516,2.4740867614746094
6,350,5,0.01,7,2,0.9851338267326355,0.014490645378828049,0.12037709657085126,3.993117570877075
6,350,5,0.01,7,3,0.9933180809020996,0.006513125728815794,0.08070393874412694,2.5572190284729004
6,350,5,0.01,7,4,0.9952946305274963,0.004586511757224798,0.06772379018649796,1.4579567909240723
6,350,5,0.01,7,5,0.9940133094787598,0.005835444666445255,0.07639008225185555,0.5617961883544922
6,350,5,0.01,7,6,0.9952288866043091,0.004650607705116272,0.06819536424945813,1.2483631372451782
6,350,5,0.01,7,7,0.9953434467315674,0.004538907669484615,0.06737141581920789,0.8553030490875244
6,350,5,0.01,7,8,0.9612334966659546,0.03778720647096634,0.19438931676140625,1.364235281944275
6,350,5,0.01,7,9,0.9963980913162231,0.003510919399559498,0.05925301173408402,0.9718303084373474
6,350,5,0.01,7,10,0.996917188167572,0.0030049572233110666,0.05481749012232379,1.018566608428955
6,350,5,0.01,7,11,0.9967296719551086,0.0031876906286925077,0.056459637164017515,1.088122010231018
6,350,5,0.01,7,12,0.995867908000946,0.0040277051739394665,0.06346420387856029,0.6090909838676453
6,350,5,0.01,7,13,0.9971519112586975,0.002776160603389144,0.052689283572555284,0.4352900981903076
6,350,5,0.01,7,14,0.9974395632743835,0.0024957668501883745,0.049957650567139106,0.6189303994178772
6,350,5,0.01,7,15,0.9968773126602173,0.003043814329430461,0.05517077423265384,0.6312116384506226
6,350,5,0.01,7,16,0.9934064745903015,0.006426979787647724,0.08016844633425126,0.8023169636726379
6,350,5,0.01,7,17,0.9965878129005432,0.003325967350974679,0.05767120036009896,0.7140616178512573
6,350,5,0.01,7,18,0.9973312616348267,0.0026013015303760767,0.0510029560944861,0.685065507888794
6,350,5,0.01,7,19,0.9893853664398193,0.010346525348722935,0.10171787133401354,1.154799461364746
6,350,5,0.01,7,20,0.995424211025238,0.004460219759494066,0.0667848767274004,1.1397093534469604
6,350,5,0.01,7,21,0.9927048683166504,0.007110854145139456,0.08432588063660798,0.4307827651500702
6,350,5,0.01,7,22,0.9970969557762146,0.0028296876698732376,0.05319480867409185,0.7810493111610413
6,350,5,0.01,7,23,0.9971737265586853,0.002754861256107688,0.05248677220126694,0.5892027616500854
6,350,5,0.01,7,24,0.9947172403335571,0.005149325355887413,0.07175879984982618,1.0310354232788086
6,350,5,0.01,7,25,0.9972923994064331,0.0026392138097435236,0.051373279141432304,0.5497987270355225
6,350,5,0.01,7,26,0.9958597421646118,0.004035680089145899,0.06352700283458916,1.1632630825042725
6,350,5,0.01,7,27,0.9975208044052124,0.0024165883660316467,0.04915880761401406,0.4865409731864929
6,350,5,0.01,7,28,0.9964085221290588,0.0035007295664399862,0.05916696347151835,1.2677925825119019
6,350,5,0.01,7,29,0.9933487772941589,0.006483214907348156,0.08051841346765444,0.8927943706512451
6,350,5,0.01,7,30,0.9936096668243408,0.006228908896446228,0.078923436927482,0.7234027981758118
6,350,5,0.01,7,31,0.9957662224769592,0.0041268267668783665,0.06424038268004298,0.4761970043182373
6,350,5,0.01,7,32,0.9949212074279785,0.004950501956045628,0.0703598035532052,1.0205096006393433
6,350,5,0.01,7,33,0.9961163401603699,0.0037855461705476046,0.06152679229853938,1.3283737897872925
6,350,5,0.01,7,34,0.9977412819862366,0.002201674273237586,0.04692200201651232,0.8601565957069397
6,350,5,0.01,7,35,0.9976119995117188,0.002327696653082967,0.048246208691284403,0.9024202227592468
6,350,5,0.01,7,36,0.9963395595550537,0.0035679470747709274,0.05973229507369466,1.4597808122634888
6,350,5,0.01,7,37,0.9972415566444397,0.002688741311430931,0.05185307427174334,0.5731198191642761
6,350,5,0.01,7,38,0.9947957992553711,0.005072723608464003,0.07122305531542439,0.44230663776397705
6,350,5,0.01,7,39,0.9960044026374817,0.0038946692366153,0.062407285124537346,0.5356268286705017
6,350,5,0.01,7,40,0.9977496266365051,0.002193538472056389,0.046835226828279466,0.9234540462493896
6,350,5,0.01,7,41,0.9970436692237854,0.002881645457819104,0.053680959918942436,0.5338345170021057
6,350,5,0.01,7,42,0.9970741868019104,0.002851902972906828,0.0534032112602494,1.0844578742980957
6,350,5,0.01,7,43,0.9959830641746521,0.0039154659025371075,0.06257368378589442,1.1783075332641602
6,350,5,0.01,7,44,0.997138261795044,0.002789426827803254,0.05281502464075213,0.4389500617980957
6,350,5,0.01,7,45,0.991666853427887,0.008122622966766357,0.09012559551407334,1.8085229396820068
6,350,5,0.01,7,46,0.9967228174209595,0.003194420598447323,0.05651920557162249,1.2586562633514404
6,350,5,0.01,7,47,0.9965134859085083,0.003398435190320015,0.05829609927190682,0.9855945110321045
6,350,5,0.01,7,48,0.9973008632659912,0.0026309355162084103,0.051292645829674355,1.1486109495162964
6,350,5,0.01,7,49,0.9974015355110168,0.0025328455958515406,0.05032738415466813,0.39089012145996094
6,350,5,0.01,7,50,0.997721254825592,0.0022211596369743347,0.04712918031299011,1.1199376583099365
6,350,5,0.01,7,51,0.9970440864562988,0.0028812438249588013,0.05367721886386068,0.48849934339523315
6,350,5,0.01,7,52,0.9965814352035522,0.003332200227305293,0.05772521309882964,0.7386850714683533
6,350,5,0.01,7,53,0.9978755712509155,0.0020707366056740284,0.04550534700091879,1.2793411016464233
6,350,5,0.01,7,54,0.9975121021270752,0.002425023354589939,0.04924452613834292,1.1255581378936768
6,350,5,0.01,7,55,0.9971319437026978,0.00279563432559371,0.05287375838347138,0.6402164101600647
6,350,5,0.01,7,56,0.9935444593429565,0.006292480509728193,0.0793251568528433,1.0541749000549316
6,350,5,0.01,7,57,0.9969727993011475,0.002950747264549136,0.054320781148186156,0.43513956665992737
6,350,5,0.01,7,58,0.9981188178062439,0.0018336503999307752,0.042821144308983324,0.8726613521575928
6,350,5,0.01,7,59,0.9964053630828857,0.0035038155037909746,0.05919303593997333,1.093218445777893
6,350,5,0.01,7,60,0.9905835390090942,0.009178612381219864,0.09580507492413888,2.3776695728302
6,350,5,0.01,7,61,0.9976387023925781,0.002301667118445039,0.047975692995985364,0.7329656481742859
6,350,5,0.01,7,62,0.9976906180381775,0.002251042751595378,0.047445155196240825,1.5472962856292725
6,350,5,0.01,7,63,0.9861189126968384,0.013530432246625423,0.11632038620390418,2.7449448108673096
6,350,5,0.01,7,64,0.997383177280426,0.0025507400278002024,0.050504851527355295,0.49887967109680176
6,350,5,0.01,7,65,0.9980997443199158,0.0018522498430684209,0.04303777228282641,1.1253176927566528
6,350,5,0.01,7,66,0.992178738117218,0.007623698562383652,0.08731379365474651,0.8939905166625977
6,350,5,0.01,7,67,0.9972042441368103,0.0027251290157437325,0.052202768276631964,0.7173125147819519
6,350,5,0.01,7,68,0.9981185793876648,0.0018338931258767843,0.042823978398518564,0.768859326839447
6,350,5,0.01,7,69,0.9969642758369446,0.0029590344056487083,0.054397007322542185,0.732046365737915
6,350,5,0.01,7,70,0.9981740713119507,0.0017798008630052209,0.04218768615372525,1.0948612689971924
6,350,5,0.01,7,71,0.9976741671562195,0.002267070347443223,0.04761376216434932,0.5439292788505554
6,350,5,0.01,7,72,0.9978505969047546,0.002095133066177368,0.04577262354483702,0.5863423347473145
6,350,5,0.01,7,73,0.9981197714805603,0.0018327344441786408,0.042810447839033886,0.9760507941246033
6,350,5,0.01,7,74,0.9930421113967896,0.006782154086977243,0.08235383468289284,0.6276628375053406
6,350,5,0.01,7,75,0.9977291822433472,0.002213450614362955,0.04704732313706015,0.5588104724884033
6,350,5,0.01,7,76,0.9980159997940063,0.0019338729325681925,0.04397582213635343,0.5774191617965698
6,350,5,0.01,7,77,0.996129035949707,0.0037731826305389404,0.06142623731386239,1.6410794258117676
6,350,5,0.01,7,78,0.992333710193634,0.007472618483006954,0.08644430856341528,0.9693852066993713
6,350,5,0.01,7,79,0.9965395331382751,0.0033730657305568457,0.0580781002664244,0.4942072033882141
6,350,5,0.01,7,80,0.9975184798240662,0.0024188519455492496,0.04918182535804512,0.9570130109786987
6,350,5,0.01,7,81,0.9969357252120972,0.002986851381137967,0.054652094023358036,0.40620318055152893
6,350,5,0.01,7,82,0.9977846741676331,0.0021593705751001835,0.046469028127347184,0.8123137950897217
6,350,5,0.01,7,83,0.9976814389228821,0.0022600090596824884,0.04753955258185008,0.7992361783981323
6,350,5,0.01,7,84,0.9981951713562012,0.001759213744662702,0.04194298206688101,0.4101252555847168
6,350,5,0.01,7,85,0.9940440058708191,0.00580552127212286,0.07619397136337533,1.167202353477478
6,350,5,0.01,7,86,0.9975495934486389,0.0023884952533990145,0.048872233971847596,0.6717524528503418
6,350,5,0.01,7,87,0.9968756437301636,0.003045460907742381,0.055185694774482826,0.39318960905075073
6,350,5,0.01,7,88,0.9980588555335999,0.0018920997390523553,0.04349827282838199,1.1676725149154663
6,350,5,0.01,7,89,0.997979462146759,0.0019694773945957422,0.04437879442476713,0.34491193294525146
6,350,5,0.01,7,90,0.9973927140235901,0.0025414256379008293,0.0504125543679432,1.0063762664794922
6,350,5,0.01,7,91,0.9932864308357239,0.006544003263115883,0.08089501383346122,0.9738786220550537
6,350,5,0.01,7,92,0.9954131245613098,0.004471035208553076,0.06686579999187235,0.3705662190914154
6,350,5,0.01,7,93,0.9981095194816589,0.001842718105763197,0.042926892570545994,1.3936065435409546
6,350,5,0.01,7,94,0.9960119128227234,0.00388734950684011,0.062348612709827875,0.4706757962703705
6,350,5,0.01,7,95,0.9969107508659363,0.003011210123077035,0.054874494285387584,1.232937216758728
6,350,5,0.01,7,96,0.997437059879303,0.0024982222821563482,0.04998221966015863,0.8109139800071716
6,350,5,0.01,7,97,0.9970749616622925,0.0028511753771454096,0.05339639854096351,0.6981011629104614
6,350,5,0.01,7,98,0.9952259063720703,0.00465351901948452,0.06821670630779912,0.5696954131126404
6,350,5,0.01,7,99,0.998289167881012,0.0016676418017596006,0.04083677021704337,0.6807831525802612
6,350,5,0.01,7,100,0.9985103011131287,0.001452080556191504,0.038106174777737846,0.3372308313846588
7,350,5,0.01,7,1,0.985485315322876,0.014148052781820297,0.11894558748360654,1.794719934463501
7,350,5,0.01,7,2,0.9943249225616455,0.0055317142978310585,0.07437549527788745,1.2538414001464844
7,350,5,0.01,7,3,0.989301860332489,0.010427922010421753,0.10211719742737632,0.668180525302887
7,350,5,0.01,7,4,0.9946537017822266,0.005211226176470518,0.07218882307165368,1.322967767715454
7,350,5,0.01,7,5,0.9842804670333862,0.015322459861636162,0.12378392408401086,1.2980772256851196
7,350,5,0.01,7,6,0.9962643384933472,0.0036413015332072973,0.060343197903386735,1.2814388275146484
7,350,5,0.01,7,7,0.9955995082855225,0.004289343953132629,0.06549308324649733,1.5378012657165527
7,350,5,0.01,7,8,0.995650589466095,0.004239548929035664,0.06511181865864034,0.5887019038200378
7,350,5,0.01,7,9,0.9963463544845581,0.0035613393411040306,0.059676958209211955,1.150871753692627
7,350,5,0.01,7,10,0.9875510931015015,0.012134421616792679,0.11015635077830364,0.756000816822052
7,350,5,0.01,7,11,0.9951462149620056,0.004731159191578627,0.06878342236017794,0.8801333904266357
7,350,5,0.01,7,12,0.9961018562316895,0.0037996810860931873,0.0616415532420557,0.5707383751869202
7,350,5,0.01,7,13,0.9961100220680237,0.003791737137362361,0.06157708289097788,1.4564590454101562
7,350,5,0.01,7,14,0.9964526891708374,0.0034577276092022657,0.05880244560562312,0.8230299949645996
7,350,5,0.01,7,15,0.987644612789154,0.012043273076415062,0.10974184742574303,1.9320614337921143
7,350,5,0.01,7,16,0.9948668479919434,0.005003510508686304,0.07073549680808289,0.9073192477226257
7,350,5,0.01,7,17,0.9957252144813538,0.004166801925748587,0.06455077014063106,1.0769355297088623
7,350,5,0.01,7,18,0.9958862662315369,0.004009836353361607,0.06332326865664474,0.5348491668701172
7,350,5,0.01,7,19,0.9970622062683105,0.002863585017621517,0.053512475345675395,1.4015748500823975
7,350,5,0.01,7,20,0.9961346387863159,0.003767695976421237,0.06138156055706988,1.3371868133544922
7,350,5,0.01,7,21,0.995229184627533,0.004650278016924858,0.06819294697345803,0.897807776927948
7,350,5,0.01,7,22,0.9916825294494629,0.008107347413897514,0.09004080971369324,0.44686299562454224
7,350,5,0.01,7,23,0.9959465861320496,0.003951018210500479,0.06285712537573189,0.7037229537963867
7,350,5,0.01,7,24,0.9960582256317139,0.003842216217890382,0.06198561299116418,0.8211219906806946
7,350,5,0.01,7,25,0.9968860149383545,0.0030353162437677383,0.05509370421171314,1.5001975297927856
7,350,5,0.01,7,26,0.9967118501663208,0.0032050865702331066,0.05661348399659843,2.0391602516174316
7,350,5,0.01,7,27,0.9916273951530457,0.008161078207194805,0.09033868610509456,1.39547598361969
7,350,5,0.01,7,28,0.9943317770957947,0.005525050684809685,0.07433068467873603,1.6111477613449097
7,350,5,0.01,7,29,0.9972865581512451,0.002644893014803529,0.05142852335818644,1.1503074169158936
7,350,5,0.01,7,30,0.99582439661026,0.00407014274969697,0.06379767040963934,1.7328797578811646
7,350,5,0.01,7,31,0.9955693483352661,0.004318724386394024,0.06571700226268712,1.6466822624206543
7,350,5,0.01,7,32,0.9972255229949951,0.00270442059263587,0.05200404400271069,0.640766441822052
7,350,5,0.01,7,33,0.9981138110160828,0.001838520634919405,0.04287797377348194,0.5943259000778198
7,350,5,0.01,7,34,0.9936762452125549,0.0061640129424631596,0.07851122812988699,2.1666884422302246
7,350,5,0.01,7,35,0.9976860284805298,0.002255512634292245,0.047492237621449725,1.2182962894439697
7,350,5,0.01,7,36,0.9978346228599548,0.0021106789354234934,0.04594212593495749,0.9776010513305664
7,350,5,0.01,7,37,0.9981552958488464,0.001798079814761877,0.04240377123277925,0.798583984375
7,350,5,0.01,7,38,0.9968026280403137,0.0031165939290076494,0.055826462623093445,1.25849449634552
7,350,5,0.01,7,39,0.9980796575546265,0.0018718410283327103,0.04326477814958388,0.6960673332214355
7,350,5,0.01,7,40,0.9973933696746826,0.0025408046785742044,0.05040639521503402,0.6411545872688293
7,350,5,0.01,7,41,0.9881964921951294,0.011505370028316975,0.10726308791153169,1.1117273569107056
7,350,5,0.01,7,42,0.9980705380439758,0.0018807328306138515,0.04336741669287959,0.7049754858016968
7,350,5,0.01,7,43,0.9968385696411133,0.0030815834179520607,0.055512011474563416,1.1280114650726318
7,350,5,0.01,7,44,0.9919453859329224,0.007851164788007736,0.08860679876853546,0.8000786900520325
7,350,5,0.01,7,45,0.998126208782196,0.001826485968194902,0.042737407129994465,0.30666956305503845
7,350,5,0.01,7,46,0.997109055519104,0.0028179027140140533,0.05308392142649272,0.5979376435279846
7,350,5,0.01,7,47,0.9877667427062988,0.011924214661121368,0.10919805246029514,1.4633654356002808
7,350,5,0.01,7,48,0.9975054264068604,0.0024315579794347286,0.04931083024483292,0.7804226279258728
7,350,5,0.01,7,49,0.9969484806060791,0.0029744135681539774,0.05453818449631393,0.6922520399093628
7,350,5,0.01,7,50,0.9968497157096863,0.003070733742788434,0.05541420163449469,1.1520129442214966
7,350,5,0.01,7,51,0.9977389574050903,0.0022039427421987057,0.046946168557175205,0.9910308122634888
7,350,5,0.01,7,52,0.9970912933349609,0.002835240215063095,0.05324697376436613,0.4418298304080963
7,350,5,0.01,7,53,0.9948039054870605,0.005064851138740778,0.07116776755484731,0.9409005045890808
7,350,5,0.01,7,54,0.9966003894805908,0.0033137123100459576,0.05756485307933963,0.4518263339996338
7,350,5,0.01,7,55,0.9967694878578186,0.003148899646475911,0.05611505721707776,0.9377077221870422
7,350,5,0.01,7,56,0.9982784986495972,0.0016779948491603136,0.04096333542523501,0.6556057929992676
7,350,5,0.01,7,57,0.9969950318336487,0.002929084235802293,0.05412101473367155,1.1315118074417114
7,350,5,0.01,7,58,0.9973751306533813,0.002558542415499687,0.050582036490237195,1.143276572227478
7,350,5,0.01,7,59,0.996817409992218,0.0031021740287542343,0.05569716356112073,0.4715290367603302
7,350,5,0.01,7,60,0.9971550107002258,0.0027731475420296192,0.052660683075987716,1.0297832489013672
7,350,5,0.01,7,61,0.9984221458435059,0.0015380072873085737,0.03921743601140408,0.6599701046943665
7,350,5,0.01,7,62,0.9976009130477905,0.002338486025109887,0.04835789516831649,0.5408159494400024
7,350,5,0.01,7,63,0.9956371188163757,0.004252698738127947,0.06521271914379853,0.9126905798912048
7,350,5,0.01,7,64,0.9980359673500061,0.0019144268007948995,0.04375416323956955,1.6176680326461792
7,350,5,0.01,7,65,0.9931788444519043,0.006648852489888668,0.08154049601203484,1.2719504833221436
7,350,5,0.01,7,66,0.9978827238082886,0.0020637812558561563,0.045428859284117586,0.9425347447395325
7,350,5,0.01,7,67,0.9971799850463867,0.002748775528743863,0.052428766233279446,1.24416184425354
7,350,5,0.01,7,68,0.9953955411911011,0.004488169681280851,0.06699380330508824,0.5596053004264832
7,350,5,0.01,7,69,0.9981499910354614,0.0018032982479780912,0.04246525930661546,1.4134628772735596
7,350,5,0.01,7,70,0.9983342289924622,0.0016236765077337623,0.04029486949642302,0.7038668990135193
7,350,5,0.01,7,71,0.997950553894043,0.0019976827315986156,0.044695444192877375,0.9740930199623108
7,350,5,0.01,7,72,0.9973058700561523,0.0026260868180543184,0.05124535899039364,1.0378159284591675
7,350,5,0.01,7,73,0.9983617663383484,0.001596871530637145,0.039960874998392425,0.8472043871879578
7,350,5,0.01,7,74,0.9949787855148315,0.004894347861409187,0.06995961593240194,0.6473488807678223
7,350,5,0.01,7,75,0.9964629411697388,0.003447736380621791,0.05871742825279212,0.8154561519622803
7,350,5,0.01,7,76,0.9978480935096741,0.0020975670777261257,0.045799203898388076,1.3038586378097534
7,350,5,0.01,7,77,0.9980301856994629,0.001920053269714117,0.04381841245086496,1.0936651229858398
7,350,5,0.01,7,78,0.996679425239563,0.0032367222011089325,0.05689219806888228,0.46589982509613037
7,350,5,0.01,7,79,0.9969972372055054,0.002926914719864726,0.05410096782743102,0.8829535245895386
7,350,5,0.01,7,80,0.9979069232940674,0.002040190389379859,0.04516846675923214,0.7388116717338562
7,350,5,0.01,7,81,0.9902763962745667,0.009478000923991203,0.09735502516044667,0.7826370596885681
7,350,5,0.01,7,82,0.9965279698371887,0.0033843237906694412,0.05817494126055858,1.1747636795043945
7,350,5,0.01,7,83,0.9977239966392517,0.0022184965200722218,0.04710091846314912,0.6159366369247437
7,350,5,0.01,7,84,0.9978682994842529,0.002077836077660322,0.045583287262551855,0.6228235363960266
7,350,5,0.01,7,85,0.9982420802116394,0.0017135143280029297,0.041394617138016024,0.37196704745292664
7,350,5,0.01,7,86,0.9971872568130493,0.0027417056262493134,0.05236129893584873,0.81744384765625
7,350,5,0.01,7,87,0.9974902272224426,0.0024463736917823553,0.04946082987357122,0.49901261925697327
7,350,5,0.01,7,88,0.990182101726532,0.00956988800317049,0.09782580438294637,1.022588849067688
7,350,5,0.01,7,89,0.9986473321914673,0.001318493508733809,0.036311065926709025,0.7087373733520508
7,350,5,0.01,7,90,0.9947945475578308,0.005073973443359137,0.07123182886434362,1.0272564888000488
7,350,5,0.01,7,91,0.9968982934951782,0.0030233508441597223,0.05498500563025999,0.9844586849212646
7,350,5,0.01,7,92,0.998464047908783,0.0014971473719924688,0.03869298866710181,0.7471659779548645
7,350,5,0.01,7,93,0.997764527797699,0.0021789793390780687,0.0466795387624821,0.3943333029747009
7,350,5,0.01,7,94,0.9970234632492065,0.002901360159739852,0.05386427535704766,1.0450770854949951
7,350,5,0.01,7,95,0.9961628317832947,0.00374021427705884,0.061157291282878445,1.4952763319015503
7,350,5,0.01,7,96,0.9981757998466492,0.0017781280912458897,0.042167856137654065,0.7543132901191711
7,350,5,0.01,7,97,0.9984950423240662,0.001466967980377376,0.038301018007063155,0.339063435792923
7,350,5,0.01,7,98,0.9972655177116394,0.0026653888635337353,0.05162740419131815,0.3154474198818207
7,350,5,0.01,7,99,0.9983984231948853,0.0015611456474289298,0.03951133568267377,0.6287282109260559
7,350,5,0.01,7,100,0.9977424144744873,0.0022005774080753326,0.04691031238518171,0.4539981782436371
8,350,5,0.01,7,1,0.9816514849662781,0.017885034903883934,0.1337349427183634,1.755994200706482
8,350,5,0.01,7,2,0.9911382794380188,0.008637883700430393,0.09294021573264392,1.1532484292984009
8,350,5,0.01,7,3,0.9901790022850037,0.009572927840054035,0.09784134013827711,0.8456408381462097
8,350,5,0.01,7,4,0.9941620826721191,0.005690425168722868,0.07543490683180346,0.6949668526649475
8,350,5,0.01,7,5,0.9963948130607605,0.0035141457337886095,0.05928023054770123,0.6536679267883301
8,350,5,0.01,7,6,0.9949535131454468,0.004919024184346199,0.07013575539157042,0.6839072108268738
8,350,5,0.01,7,7,0.9955741763114929,0.004314023535698652,0.06568122666103803,0.55113285779953
8,350,5,0.01,7,8,0.99654221534729,0.0033704128582030535,0.05805525693856719,0.6037338376045227
8,350,5,0.01,7,9,0.9956786632537842,0.0042121619917452335,0.06490117095819792,0.6915268898010254
8,350,5,0.01,7,10,0.9973338842391968,0.002598786260932684,0.05097829205586123,0.5718015432357788
8,350,5,0.01,7,11,0.9959398508071899,0.003957582637667656,0.06290932075350723,0.7269036769866943
8,350,5,0.01,7,12,0.9966407418251038,0.0032743720803409815,0.05722212928877238,0.5551283359527588
8,350,5,0.01,7,13,0.9958986639976501,0.00399770587682724,0.06322741396599453,0.470249742269516
8,350,5,0.01,7,14,0.9976089596748352,0.002330637304112315,0.048276674534523556,0.9004484415054321
8,350,5,0.01,7,15,0.9976856112480164,0.0022559126373380423,0.04749644868132819,0.6328057050704956
8,350,5,0.01,7,16,0.9969586133956909,0.002964543178677559,0.05444761866856584,0.4666869044303894
8,350,5,0.01,7,17,0.9964279532432556,0.0034817890264093876,0.05900668628561841,1.2505286931991577
8,350,5,0.01,7,18,0.9976488351821899,0.002291775308549404,0.047872490101825746,0.8195081949234009
8,350,5,0.01,7,19,0.9929144978523254,0.006906523369252682,0.08310549542149834,1.190306544303894
8,350,5,0.01,7,20,0.9938901662826538,0.005955465603619814,0.07717166321662255,0.5829624533653259
8,350,5,0.01,7,21,0.9977253079414368,0.002217221073806286,0.04708737701132105,0.48374947905540466
8,350,5,0.01,7,22,0.9939855933189392,0.005862507037818432,0.07656701011413748,0.5568866729736328
8,350,5,0.01,7,23,0.9969499111175537,0.002973017282783985,0.05452538200493404,0.7916035652160645
8,350,5,0.01,7,24,0.9976621866226196,0.002278747735545039,0.04773623084770141,0.9464676976203918
8,350,5,0.01,7,25,0.9970855116844177,0.0028408498037606478,0.0532996229232501,0.6979835033416748
8,350,5,0.01,7,26,0.9966949224472046,0.0032215858809649944,0.05675901585620556,0.41165265440940857
8,350,5,0.01,7,27,0.9956666827201843,0.004223838448524475,0.0649910643744544,0.38312777876853943
8,350,5,0.01,7,28,0.9977718591690063,0.0021718295756727457,0.04660289235307982,0.4685596227645874
8,350,5,0.01,7,29,0.9980099201202393,0.001939793466590345,0.04404308647892816,0.509761393070221
8,350,5,0.01,7,30,0.9966726303100586,0.003243306651711464,0.05695003645048407,0.6816179156303406
8,350,5,0.01,7,31,0.9963557124137878,0.003552258713170886,0.05960082812487496,0.3300943374633789
8,350,5,0.01,7,32,0.9754316210746765,0.023947790265083313,0.1547507359112819,0.46664559841156006
8,350,5,0.01,7,33,0.9951926469802856,0.004685907159000635,0.06845368623383721,1.1710700988769531
8,350,5,0.01,7,34,0.9971873164176941,0.00274161109700799,0.05236039626481058,0.41651803255081177
8,350,5,0.01,7,35,0.9977202415466309,0.0022221868857741356,0.04714007727798222,1.2142677307128906
8,350,5,0.01,7,36,0.9970488548278809,0.002876605838537216,0.05363399890495968,0.6228463053703308
8,350,5,0.01,7,37,0.9965025186538696,0.0034091367851942778,0.05838781367027094,0.8342716693878174
8,350,5,0.01,7,38,0.9963284730911255,0.003578769974410534,0.05982282151830131,0.8463781476020813
8,350,5,0.01,7,39,0.9953814148902893,0.004501913208514452,0.06709629802391821,0.47262606024742126
8,350,5,0.01,7,40,0.9958748817443848,0.004020904656499624,0.06341060365979513,0.4966561794281006
8,350,5,0.01,7,41,0.9906682968139648,0.009095999412238598,0.09537294905914673,0.7824852466583252
8,350,5,0.01,7,42,0.9932020902633667,0.006626185495406389,0.08140138509513453,0.5198546648025513
8,350,5,0.01,7,43,0.9956830739974976,0.004207868129014969,0.06486808251378307,0.8937390446662903
8,350,5,0.01,7,44,0.9977070093154907,0.002235078951343894,0.04727662161516931,0.8910900950431824
8,350,5,0.01,7,45,0.9963299632072449,0.0035773541312664747,0.05981098671035678,1.0847601890563965
8,350,5,0.01,7,46,0.9982897639274597,0.001667055650614202,0.040829592829395224,0.6414326429367065
8,350,5,0.01,7,47,0.9971790909767151,0.0027496383991092443,0.05243699456594785,0.608942449092865
8,350,5,0.01,7,48,0.9959263205528259,0.0039707669056952,0.06301402150073585,0.9803512692451477
8,350,5,0.01,7,49,0.9955691695213318,0.004318913444876671,0.06571844067593716,0.7639646530151367
8,350,5,0.01,7,50,0.9979647397994995,0.0019838351290673018,0.0445402641333356,1.12334144115448
8,350,5,0.01,7,51,0.9978017807006836,0.0021426891908049583,0.046289190863580215,0.41122907400131226
8,350,5,0.01,7,52,0.9956886172294617,0.004202486015856266,0.06482658417544662,1.517515778541565
8,350,5,0.01,7,53,0.9974722266197205,0.0024639458861202,0.04963814950338298,1.655884861946106
8,350,5,0.01,7,54,0.9971886277198792,0.0027403589338064194,0.05234843773988312,0.9843040108680725
8,350,5,0.01,7,55,0.998042643070221,0.0019079329213127494,0.04367989149840862,0.5783309936523438
8,350,5,0.01,7,56,0.9963235855102539,0.0035835732705891132,0.05986295407502969,0.665411651134491
8,350,5,0.01,7,57,0.9953852891921997,0.004498156253248453,0.067068295440159,1.7257834672927856
8,350,5,0.01,7,58,0.9952580332756042,0.004622191656380892,0.06798670205548209,0.5393958687782288
8,350,5,0.01,7,59,0.9955481886863708,0.0043393648229539394,0.06587385538249556,0.5776167511940002
8,350,5,0.01,7,60,0.9888027310371399,0.010914401151239872,0.10447201132954162,0.9848659038543701
8,350,5,0.01,7,61,0.9976711869239807,0.0022699814289808273,0.04764432210642552,1.077943205833435
8,350,5,0.01,7,62,0.9974272847175598,0.0025077504105865955,0.05007744412993334,0.716372013092041
8,350,5,0.01,7,63,0.9982020854949951,0.0017524858703836799,0.0418627026168125,0.34716394543647766
8,350,5,0.01,7,64,0.9979797005653381,0.0019692531786859035,0.04437626819242357,0.666474461555481
8,350,5,0.01,7,65,0.9861705899238586,0.013480061665177345,0.11610366775075344,0.6621814966201782
8,350,5,0.01,7,66,0.9972441792488098,0.002686224179342389,0.05182879681550006,0.7597255706787109
8,350,5,0.01,7,67,0.9953122735023499,0.004569288808852434,0.06759651476853251,0.6489229202270508
8,350,5,0.01,7,68,0.9975461363792419,0.0023918941151350737,0.04890699454203942,0.4730161428451538
8,350,5,0.01,7,69,0.9982033967971802,0.001751200994476676,0.041847353494297294,0.3190152943134308
8,350,5,0.01,7,70,0.9981321096420288,0.0018207080429419875,0.04266975559974521,0.5394303798675537
8,350,5,0.01,7,71,0.996832013130188,0.003087934572249651,0.05556918725561542,1.3474371433258057
8,350,5,0.01,7,72,0.9971933960914612,0.0027357074432075024,0.05230399070059093,0.8373900055885315
8,350,5,0.01,7,73,0.993553638458252,0.006283507216721773,0.07926857647720043,0.3702619671821594
8,350,5,0.01,7,74,0.9982351660728455,0.00172026630025357,0.041476093117042374,0.40197885036468506
8,350,5,0.01,7,75,0.9930821657180786,0.006743098609149456,0.08211637235746265,1.2344201803207397
8,350,5,0.01,7,76,0.99570232629776,0.0041891103610396385,0.06472333706662256,0.5025245547294617
8,350,5,0.01,7,77,0.9977375864982605,0.0022052889689803123,0.04696050435185202,0.7628017067909241
8,350,5,0.01,7,78,0.9983803629875183,0.001578738447278738,0.03973334175826063,0.5659776926040649
8,350,5,0.01,7,79,0.9975828528404236,0.0023560994304716587,0.04853966862754276,1.4489052295684814
8,350,5,0.01,7,80,0.9984824657440186,0.0014791878638789058,0.038460211438302125,0.6063282489776611
8,350,5,0.01,7,81,0.9974563121795654,0.0024794370401650667,0.04979394581839309,0.7864956855773926
8,350,5,0.01,7,82,0.9982158541679382,0.001739065395668149,0.04170210301253582,0.8576704859733582
8,350,5,0.01,7,83,0.9973679780960083,0.002565559698268771,0.050651354357694835,0.8423831462860107
8,350,5,0.01,7,84,0.9963645935058594,0.003543565282598138,0.05952785299839175,0.7285051345825195
8,350,5,0.01,7,85,0.997771680355072,0.002172040054574609,0.046605150515523594,0.8584418892860413
8,350,5,0.01,7,86,0.9961808323860168,0.0037227030843496323,0.06101395811082602,0.8607665300369263
8,350,5,0.01,7,87,0.9951297044754028,0.0047472636215388775,0.06890038912472757,0.6290999054908752
8,350,5,0.01,7,88,0.9984999299049377,0.0014621957670897245,0.03823866847956038,0.45109114050865173
8,350,5,0.01,7,89,0.9975709319114685,0.0023676936980336905,0.048658952907288194,1.9850760698318481
8,350,5,0.01,7,90,0.9972814321517944,0.0026498790830373764,0.05147697624217429,0.46490880846977234
8,350,5,0.01,7,91,0.9896451830863953,0.010093231685459614,0.10046507694447665,0.8822365999221802
8,350,5,0.01,7,92,0.9973950386047363,0.002539164386689663,0.05039012191580472,0.9034653306007385
8,350,5,0.01,7,93,0.997355580329895,0.0025775907561182976,0.05076997888632905,0.8197510242462158
8,350,5,0.01,7,94,0.9952975511550903,0.004583690315485001,0.06770295647521607,1.4942947626113892
8,350,5,0.01,7,95,0.998177170753479,0.0017767914105206728,0.04215200363589699,0.5171399712562561
8,350,5,0.01,7,96,0.9975219368934631,0.002415487775579095,0.049147612104547815,0.9363202452659607
8,350,5,0.01,7,97,0.9977373480796814,0.002205471508204937,0.04696244785150085,0.3505024015903473
8,350,5,0.01,7,98,0.9965733289718628,0.0033400969114154577,0.05779357154057411,1.9569003582000732
8,350,5,0.01,7,99,0.9982563257217407,0.0016996396007016301,0.041226685541062236,0.6449272632598877
8,350,5,0.01,7,100,0.9980583786964417,0.0018926025368273258,0.04350405195872364,0.7756746411323547
9,350,5,0.01,7,1,0.9831273555755615,0.0164464320987463,0.12824364350230502,1.6895240545272827
9,350,5,0.01,7,2,0.9886049032211304,0.01110724825412035,0.1053909306065771,3.1484973430633545
9,350,5,0.01,7,3,0.9929137229919434,0.006907245144248009,0.08310983783071658,2.2693989276885986
9,350,5,0.01,7,4,0.9933858513832092,0.006447046995162964,0.08029350531122031,3.0920796394348145
9,350,5,0.01,7,5,0.9932579398155212,0.006571754347532988,0.081066357680193,1.2763234376907349
9,350,5,0.01,7,6,0.9937993288040161,0.006044040899723768,0.07774342994571161,0.5626220703125
9,350,5,0.01,7,7,0.9930695295333862,0.006755415815860033,0.08219133662290712,1.9157048463821411
9,350,5,0.01,7,8,0.9949939846992493,0.004879578948020935,0.06985398305050998,2.3839900493621826
9,350,5,0.01,7,9,0.9959649443626404,0.003933114465326071,0.06271454747764725,1.4221835136413574
9,350,5,0.01,7,10,0.9964204430580139,0.003489128779619932,0.05906884779323135,1.1822408437728882
9,350,5,0.01,7,11,0.9944007992744446,0.005457786377519369,0.07387683248163371,0.9016796946525574
9,350,5,0.01,7,12,0.9954243302345276,0.004460075404495001,0.06678379597248872,0.5114549398422241
9,350,5,0.01,7,13,0.9964284300804138,0.0034813308157026768,0.059002803456299234,1.0319076776504517
9,350,5,0.01,7,14,0.9967485666275024,0.003169293748214841,0.05629648078001716,1.2794338464736938
9,350,5,0.01,7,15,0.9959769248962402,0.003921442199498415,0.06262141965412805,0.48560094833374023
9,350,5,0.01,7,16,0.9974048733711243,0.0025295729283243418,0.05029485985987377,1.7977155447006226
9,350,5,0.01,7,17,0.9974959492683411,0.00244081299751997,0.04940458478238604,0.7762895822525024
9,350,5,0.01,7,18,0.9965198636054993,0.0033922374714165926,0.05824291777904497,1.6453735828399658
9,350,5,0.01,7,19,0.9957675933837891,0.004125468898564577,0.0642298131599694,0.6546754240989685
9,350,5,0.01,7,20,0.9944348931312561,0.005424553994089365,0.07365157156564525,1.7036703824996948
9,350,5,0.01,7,21,0.9913484454154968,0.008432983420789242,0.09183127692017161,1.027133822441101
9,350,5,0.01,7,22,0.9966262578964233,0.003288533538579941,0.05734573688235195,0.4917833209037781
9,350,5,0.01,7,23,0.9948534965515137,0.005016488954424858,0.0708271766656335,1.5273187160491943
9,350,5,0.01,7,24,0.9939379096031189,0.005908958613872528,0.0768697509679362,2.5047152042388916
9,350,5,0.01,7,25,0.9964286684989929,0.003481111489236355,0.059000944816471834,0.995676577091217
9,350,5,0.01,7,26,0.9972165822982788,0.0027130774687975645,0.05208721022283267,1.4192265272140503
9,350,5,0.01,7,27,0.9971156120300293,0.002811502432450652,0.05302360259781159,0.7613828778266907
9,350,5,0.01,7,28,0.9727013111114502,0.026609109714627266,0.16312298953436105,1.369654893875122
9,350,5,0.01,7,29,0.9964715242385864,0.0034393584355711937,0.05864604364806882,1.0854618549346924
9,350,5,0.01,7,30,0.9964315295219421,0.003478312399238348,0.05897721932439972,1.106523871421814
9,350,5,0.01,7,31,0.9976629018783569,0.002278068568557501,0.04772911657005083,0.5798508524894714
9,350,5,0.01,7,32,0.9946034550666809,0.0052602472715079784,0.07252756215059196,1.3983426094055176
9,350,5,0.01,7,33,0.9976966977119446,0.0022451202385127544,0.04738269978075072,0.9706460237503052
9,350,5,0.01,7,34,0.9962443709373474,0.003660735907033086,0.06050401562733738,0.8140861988067627
9,350,5,0.01,7,35,0.9978557229042053,0.0020901053212583065,0.04571766968315759,0.6420128345489502
9,350,5,0.01,7,36,0.9970347881317139,0.0028903172351419926,0.05376167068778641,0.4847385883331299
9,350,5,0.01,7,37,0.997486412525177,0.0024500733707100153,0.04949821583360369,1.1211868524551392
9,350,5,0.01,7,38,0.9981883764266968,0.0017658713040873408,0.04202227152460158,0.9451628923416138
9,350,5,0.01,7,39,0.9979052543640137,0.0020418381318449974,0.04518670304243271,1.027832269668579
9,350,5,0.01,7,40,0.9980610609054565,0.0018899826100096107,0.0434739302342175,0.9834010004997253
9,350,5,0.01,7,41,0.9955796003341675,0.004308717325329781,0.06564082057172793,0.9394711256027222
9,350,5,0.01,7,42,0.9975258708000183,0.0024116423446685076,0.04910847528348348,0.3731285631656647
9,350,5,0.01,7,43,0.9969401359558105,0.002982577309012413,0.054612977477998884,1.362349271774292
9,350,5,0.01,7,44,0.9955319762229919,0.00435517355799675,0.06599373877874135,0.7714839577674866
9,350,5,0.01,7,45,0.9944449663162231,0.005414700601249933,0.07358464922285037,0.5245075821876526
9,350,5,0.01,7,46,0.9939210414886475,0.005925410892814398,0.07697669058107394,1.8096357583999634
9,350,5,0.01,7,47,0.9977271556854248,0.0022154366597533226,0.04706842529502472,0.4493200182914734
9,350,5,0.01,7,48,0.9959092140197754,0.003987431991845369,0.06314611620555431,0.3891524374485016
9,350,5,0.01,7,49,0.9970777630805969,0.002848405158147216,0.05337045210739006,0.8515093326568604
9,350,5,0.01,7,50,0.9979158639907837,0.0020314997527748346,0.04507216161639948,0.3890340328216553
9,350,5,0.01,7,51,0.9965532422065735,0.003359688213095069,0.057962817504802755,0.518623948097229
9,350,5,0.01,7,52,0.9976020455360413,0.0023373921867460012,0.04834658402354815,0.6291420459747314
9,350,5,0.01,7,53,0.996314287185669,0.003592608030885458,0.05993836860380384,0.7608957886695862
9,350,5,0.01,7,54,0.9979243874549866,0.002023157896474004,0.044979527526131304,1.0163588523864746
9,350,5,0.01,7,55,0.9824982285499573,0.017059648409485817,0.13061258901608916,0.965397298336029
9,350,5,0.01,7,56,0.9962409734725952,0.0036640623584389687,0.060531498894699186,0.719818115234375
9,350,5,0.01,7,57,0.9975858926773071,0.0023531350307166576,0.048509123169942554,0.9448871612548828
9,350,5,0.01,7,58,0.995422899723053,0.004461467731744051,0.06679421929885887,0.41953080892562866
9,350,5,0.01,7,59,0.9967885613441467,0.003130299272015691,0.05594907749030086,0.6841900944709778
9,350,5,0.01,7,60,0.9972946643829346,0.002637005178257823,0.051351778725355006,1.3390792608261108
9,350,5,0.01,7,61,0.9956967830657959,0.004194531124085188,0.06476519994630749,1.1649948358535767
9,350,5,0.01,7,62,0.9980666637420654,0.0018845184240490198,0.04341104034746253,0.5274903178215027
9,350,5,0.01,7,63,0.9965538382530212,0.003359125694260001,0.05795796489059982,0.4974210858345032
9,350,5,0.01,7,64,0.998202383518219,0.0017522218404337764,0.04185954897551784,0.7009008526802063
9,350,5,0.01,7,65,0.9974536895751953,0.002481982344761491,0.049819497636582916,0.5165890455245972
9,350,5,0.01,7,66,0.9977930784225464,0.002151151653379202,0.04638050941267465,0.8073883652687073
9,350,5,0.01,7,67,0.9979615211486816,0.0019869685638695955,0.04457542556016258,0.4775129556655884
9,350,5,0.01,7,68,0.9976702928543091,0.002270849421620369,0.04765343032374866,0.778377115726471
9,350,5,0.01,7,69,0.9977412223815918,0.002201707335188985,0.04692235432274243,0.9863073825836182
9,350,5,0.01,7,70,0.9974362254142761,0.0024990085512399673,0.04999008452923407,0.5859553217887878
9,350,5,0.01,7,71,0.9981470108032227,0.0018061638111248612,0.042498986001137266,0.9939476251602173
9,350,5,0.01,7,72,0.9965792894363403,0.003334272187203169,0.057743157059544026,0.9048823118209839
9,350,5,0.01,7,73,0.9951868057250977,0.00469159334897995,0.06849520675915907,0.6627034544944763
9,350,5,0.01,7,74,0.9950955510139465,0.0047805835492908955,0.06914176414650479,1.3177886009216309
9,350,5,0.01,7,75,0.9966132640838623,0.0033011839259415865,0.0574559302939356,0.823631227016449
9,350,5,0.01,7,76,0.9928043484687805,0.0070138899609446526,0.08374896990975264,0.7885980606079102
9,350,5,0.01,7,77,0.9978094100952148,0.0021352656185626984,0.04620893440193897,0.8208858370780945
9,350,5,0.01,7,78,0.9974281191825867,0.002506922697648406,0.05006917911897903,0.5266575217247009
9,350,5,0.01,7,79,0.9965749979019165,0.0033384705893695354,0.057779499732773174,0.5441563129425049
9,350,5,0.01,7,80,0.9972847700119019,0.0026466569397598505,0.051445669786288624,0.8886328935623169
9,350,5,0.01,7,81,0.998138427734375,0.0018145398935303092,0.0425974165123932,0.49841439723968506
9,350,5,0.01,7,82,0.9978892803192139,0.0020573812071233988,0.04535836424655764,0.43079236149787903
9,350,5,0.01,7,83,0.9984191060066223,0.0015409702900797129,0.03925519443436388,0.5279162526130676
9,350,5,0.01,7,84,0.9954302310943604,0.004454321693629026,0.06674070492307545,0.39407116174697876
9,350,5,0.01,7,85,0.9915577173233032,0.008229046128690243,0.090714090022941,0.7137799859046936
9,350,5,0.01,7,86,0.9975993037223816,0.002340068807825446,0.04837425769792696,0.7737057209014893
9,350,5,0.01,7,87,0.993700385093689,0.006140492390841246,0.07836129395844128,0.82752525806427
9,350,5,0.01,7,88,0.9959515333175659,0.0039462014101445675,0.06281879822270216,0.6845791339874268
9,350,5,0.01,7,89,0.9983805418014526,0.001578557537868619,0.039731065148931245,0.5562219023704529
9,350,5,0.01,7,90,0.9973832368850708,0.0025506666861474514,0.050504125436913086,1.3368940353393555
9,350,5,0.01,7,91,0.996522843837738,0.0033893478102982044,0.05821810551965947,0.8124580383300781
9,350,5,0.01,7,92,0.9963160157203674,0.003590918844565749,0.05992427592024579,1.5149954557418823
9,350,5,0.01,7,93,0.9970037937164307,0.002920491388067603,0.05404157092523868,1.3193825483322144
9,350,5,0.01,7,94,0.9983664155006409,0.0015923093305900693,0.03990375083360046,0.549421489238739
9,350,5,0.01,7,95,0.9983203411102295,0.0016372175887227058,0.040462545504734444,0.48812997341156006
9,350,5,0.01,7,96,0.9979199767112732,0.00202747480943799,0.04502748948629037,0.6995482444763184
9,350,5,0.01,7,97,0.9984214305877686,0.0015387166058644652,0.039226478377041005,0.43394607305526733
9,350,5,0.01,7,98,0.9980484843254089,0.0019022392807528377,0.04361466818345449,0.36360859870910645
9,350,5,0.01,7,99,0.9979995489120483,0.001949894241988659,0.044157606841728404,0.5038127899169922
9,350,5,0.01,7,100,0.9983288049697876,0.0016290058847516775,0.04036094504284653,0.6178052425384521
10,350,5,0.01,7,1,0.9809290170669556,0.01858922466635704,0.13634230695700084,1.0586649179458618
10,350,5,0.01,7,2,0.9897288084030151,0.010011743754148483,0.10005870154138762,1.9000376462936401
10,350,5,0.01,7,3,0.9953619241714478,0.004520904738456011,0.06723767350567694,1.051432490348816
10,350,5,0.01,7,4,0.9957298040390015,0.0041623348370194435,0.06451615950302253,0.8625595569610596
10,350,5,0.01,7,5,0.9944247007369995,0.0054344432428479195,0.07371867635035181,1.0722051858901978
10,350,5,0.01,7,6,0.9954994320869446,0.0043868739157915115,0.06623348032371175,0.40136396884918213
10,350,5,0.01,7,7,0.9957743883132935,0.004118841607123613,0.06417820196237671,0.7567521333694458
10,350,5,0.01,7,8,0.9967160224914551,0.0032010178547352552,0.05657753842944438,0.4667176902294159
10,350,5,0.01,7,9,0.9955586791038513,0.004329129587858915,0.0657961213739755,1.0232146978378296
10,350,5,0.01,7,10,0.9958240389823914,0.004070455674082041,0.0638001228375153,0.9298654794692993
10,350,5,0.01,7,11,0.9875083565711975,0.012176071293652058,0.1103452368417054,1.072861909866333
10,350,5,0.01,7,12,0.9951279163360596,0.004749001003801823,0.06891299589919032,0.5321537256240845
10,350,5,0.01,7,13,0.9965013265609741,0.003410272765904665,0.05839754075219833,0.7296409010887146
10,350,5,0.01,7,14,0.9937548041343689,0.006087440997362137,0.07802205455742714,0.5224407911300659
10,350,5,0.01,7,15,0.9953106641769409,0.004570905119180679,0.06760846928588665,0.45359718799591064
10,350,5,0.01,7,16,0.9923187494277954,0.007487236987799406,0.08652882171738736,1.5112338066101074
10,350,5,0.01,7,17,0.9969472289085388,0.0029756794683635235,0.05454978889384929,0.7136527895927429
10,350,5,0.01,7,18,0.9957245588302612,0.0041674296371638775,0.06455563211032696,1.2248224020004272
10,350,5,0.01,7,19,0.9888527989387512,0.010865638963878155,0.10423837567747377,0.5469033718109131
10,350,5,0.01,7,20,0.9967278242111206,0.003189497860148549,0.05647563952845996,0.7469179630279541
10,350,5,0.01,7,21,0.9974611401557922,0.0024747068528085947,0.04974642552795723,0.4250190258026123
10,350,5,0.01,7,22,0.9968252778053284,0.003094534622505307,0.05562854143787438,0.9239296317100525
10,350,5,0.01,7,23,0.9972901344299316,0.002641416620463133,0.05139471393502578,0.41811275482177734
10,350,5,0.01,7,24,0.9964104890823364,0.0034988163970410824,0.05915079371437954,0.9723101258277893
10,350,5,0.01,7,25,0.9965670108795166,0.0033462883438915014,0.057847111802504896,1.6433079242706299
10,350,5,0.01,7,26,0.9926955699920654,0.007119898684322834,0.0843794920838164,0.7981736063957214
10,350,5,0.01,7,27,0.9884307980537415,0.011276955716311932,0.10619301161711128,1.1123586893081665
10,350,5,0.01,7,28,0.9952070116996765,0.004671904258430004,0.06835132960250301,0.6512745022773743
10,350,5,0.01,7,29,0.9972808361053467,0.0026504513807594776,0.05148253471576043,0.8280215859413147
10,350,5,0.01,7,30,0.9966344237327576,0.0032805532682687044,0.05727611429093898,0.8800614476203918
10,350,5,0.01,7,31,0.9971941113471985,0.002734987298026681,0.05229710601961337,0.8048937320709229
10,350,5,0.01,7,32,0.9935382008552551,0.006298588123172522,0.07936364484556213,0.695867657661438
10,350,5,0.01,7,33,0.9977135062217712,0.0022287138272076845,0.0472092557366422,0.5416091084480286
10,350,5,0.01,7,34,0.9976620674133301,0.002278853440657258,0.04773733801394102,0.7806476354598999
10,350,5,0.01,7,35,0.9973629713058472,0.0025704053696244955,0.05069916537404236,1.0638935565948486
10,350,5,0.01,7,36,0.9963077902793884,0.003598918905481696,0.05999099020254372,0.5090522766113281
10,350,5,0.01,7,37,0.9966202974319458,0.003294310998171568,0.057396088700987,0.7302771806716919
10,350,5,0.01,7,38,0.9944037199020386,0.005454933270812035,0.07385752006946912,0.78807133436203
10,350,5,0.01,7,39,0.9966464042663574,0.003268875414505601,0.057174079918312644,0.9596578478813171
10,350,5,0.01,7,40,0.9980931282043457,0.0018587210215628147,0.043112886954631266,0.38096341490745544
10,350,5,0.01,7,41,0.9974262714385986,0.002508711302652955,0.050087037271662964,0.8468260765075684
10,350,5,0.01,7,42,0.9935014843940735,0.006334343925118446,0.07958859167693852,1.1049493551254272
10,350,5,0.01,7,43,0.9950667023658752,0.004808653146028519,0.06934445288578257,1.1442738771438599
10,350,5,0.01,7,44,0.9975361227989197,0.0024016539100557566,0.049006672097335446,0.4588663578033447
10,350,5,0.01,7,45,0.9818478226661682,0.0176936574280262,0.1330175079755526,1.248437523841858
10,350,5,0.01,7,46,0.9960278868675232,0.0038718017749488354,0.062223803925417764,0.9962100982666016
10,350,5,0.01,7,47,0.997008740901947,0.002915704157203436,0.05399726064536456,0.8604953289031982
10,350,5,0.01,7,48,0.9979028105735779,0.0020442241802811623,0.04521309744179403,0.5931950807571411
10,350,5,0.01,7,49,0.9978735446929932,0.0020727526862174273,0.04552749373968907,0.6703260540962219
10,350,5,0.01,7,50,0.9965827465057373,0.0033309259451925755,0.05771417456043684,0.8591272234916687
10,350,5,0.01,7,51,0.9982705116271973,0.0016857786104083061,0.041058234380064444,0.47096532583236694
10,350,5,0.01,7,52,0.996835470199585,0.0030845741275697947,0.055538942441946036,1.1863369941711426
10,350,5,0.01,7,53,0.9972831606864929,0.0026482325047254562,0.05146098040967988,0.8911899924278259
10,350,5,0.01,7,54,0.996891975402832,0.003029485931620002,0.0550407660886002,0.6298226714134216
10,350,5,0.01,7,55,0.997527003288269,0.0024105063639581203,0.049096907885915995,0.7473797798156738
10,350,5,0.01,7,56,0.9953076243400574,0.004573861137032509,0.06763032705105387,0.6965321898460388
10,350,5,0.01,7,57,0.9980888366699219,0.0018628729740157723,0.04316101219869354,0.6015228629112244
10,350,5,0.01,7,58,0.9970394968986511,0.0028857188299298286,0.053718887087595445,0.7563008069992065
10,350,5,0.01,7,59,0.9981285929679871,0.001824124250560999,0.04270976762476002,0.30361777544021606
10,350,5,0.01,7,60,0.9951162934303284,0.004760312847793102,0.0689950204565018,1.698787808418274
10,350,5,0.01,7,61,0.995547354221344,0.00434015691280365,0.06587986727979686,0.8919029831886292
10,350,5,0.01,7,62,0.9975208044052124,0.002416550414636731,0.04915842160440804,0.7670351266860962
10,350,5,0.01,7,63,0.9970842003822327,0.002842164132744074,0.05331195112490326,0.379517525434494
10,350,5,0.01,7,64,0.9874740242958069,0.012209571897983551,0.1104969316224824,1.2680481672286987
10,350,5,0.01,7,65,0.9980852603912354,0.0018663813825696707,0.04320163634134326,0.6739391684532166
10,350,5,0.01,7,66,0.9979379773139954,0.002009940566495061,0.044832360706247236,0.8101193904876709
10,350,5,0.01,7,67,0.995198130607605,0.004680559039115906,0.06841461129843468,0.9546119570732117
10,350,5,0.01,7,68,0.9973776936531067,0.0025560399517416954,0.050557293754132995,0.36002403497695923
10,350,5,0.01,7,69,0.9966691732406616,0.00324671040289104,0.05697991227521362,0.34196797013282776
10,350,5,0.01,7,70,0.9928748607635498,0.006945124361664057,0.08333741273680181,1.019372820854187
10,350,5,0.01,7,71,0.9968734979629517,0.0030475512612611055,0.05520463079544238,0.5766574144363403
10,350,5,0.01,7,72,0.9965935349464417,0.003320435294881463,0.057623218366223375,1.286877155303955
10,350,5,0.01,7,73,0.9821739792823792,0.017375698313117027,0.1318169120906609,1.8681492805480957
10,350,5,0.01,7,74,0.9944295287132263,0.005429729353636503,0.07368669726372938,0.9928789734840393
10,350,5,0.01,7,75,0.9974572062492371,0.002478556940332055,0.04978510761595334,0.27858299016952515
10,350,5,0.01,7,76,0.9972178936004639,0.0027118416037410498,0.05207534545004046,0.8221797943115234
10,350,5,0.01,7,77,0.9981666207313538,0.0017870706506073475,0.042273758415917406,0.9068343639373779
10,350,5,0.01,7,78,0.9961819648742676,0.0037215761840343475,0.06100472263713972,0.8668707609176636
10,350,5,0.01,7,79,0.9978100657463074,0.0021346108987927437,0.04620184951701332,0.34373417496681213
10,350,5,0.01,7,80,0.9976803660392761,0.0022610491141676903,0.047550490156965684,0.4690750241279602
10,350,5,0.01,7,81,0.9982481598854065,0.001707571791484952,0.04132277569918255,0.6049390435218811
10,350,5,0.01,7,82,0.99806809425354,0.0018831109628081322,0.04339482645210293,0.8294220566749573
10,350,5,0.01,7,83,0.9982786178588867,0.0016779161524027586,0.04096237483841432,0.677422046661377
10,350,5,0.01,7,84,0.9981996417045593,0.0017548615578562021,0.04189106775741342,0.3190144896507263
10,350,5,0.01,7,85,0.9980534315109253,0.0018974257400259376,0.04355945063962512,0.6507939696311951
10,350,5,0.01,7,86,0.9972285628318787,0.0027014375664293766,0.05197535537569105,0.5808731913566589
10,350,5,0.01,7,87,0.997580349445343,0.0023585555609315634,0.048564962276641,1.4591217041015625
10,350,5,0.01,7,88,0.9980461597442627,0.0019045008812099695,0.04364058754428003,0.5895738005638123
10,350,5,0.01,7,89,0.9973113536834717,0.0026207014452666044,0.051192787043358015,0.608959972858429
10,350,5,0.01,7,90,0.9953098297119141,0.004571686964482069,0.06761425119368009,0.6105856895446777
10,350,5,0.01,7,91,0.9980846643447876,0.0018669479759410024,0.043208193388997444,0.37727874517440796
10,350,5,0.01,7,92,0.9985696077346802,0.0013942357618361712,0.03733946654461163,0.4104883074760437
10,350,5,0.01,7,93,0.9975008964538574,0.002435974543914199,0.04935559283317544,0.9573748111724854
10,350,5,0.01,7,94,0.9978849291801453,0.002061637816950679,0.04540526199627835,0.2802623510360718
10,350,5,0.01,7,95,0.9980928301811218,0.0018590110121294856,0.04311624997758369,0.47562381625175476
10,350,5,0.01,7,96,0.9941261410713196,0.00572546711191535,0.07566681645156845,0.5041135549545288
10,350,5,0.01,7,97,0.9982473254203796,0.0017084289574995637,0.0413331459908336,0.6959994435310364
10,350,5,0.01,7,98,0.9911448955535889,0.00863142404705286,0.0929054575740998,0.7330487370491028
10,350,5,0.01,7,99,0.9986058473587036,0.0013589144218713045,0.03686345645583583,0.3471529185771942
10,350,5,0.01,7,100,0.9969668984413147,0.002956454874947667,0.05437329192671405,0.6987196803092957
11,350,5,0.01,7,1,0.9847657084465027,0.014849484898149967,0.12185846256272055,2.0469577312469482
11,350,5,0.01,7,2,0.9862951040267944,0.013358727097511292,0.1155799597573528,2.0748398303985596
11,350,5,0.01,7,3,0.9888796210289001,0.010839498601853848,0.10411291275271213,1.2656006813049316
11,350,5,0.01,7,4,0.9954946637153625,0.004391549155116081,0.06626876455100156,1.3252005577087402
11,350,5,0.01,7,5,0.9967270493507385,0.0031902592163532972,0.05648237969803766,0.47254204750061035
11,350,5,0.01,7,6,0.9958242177963257,0.004070298746228218,0.06379889298591487,0.6771121621131897
11,350,5,0.01,7,7,0.991904079914093,0.007891394197940826,0.08883351956294891,0.657358705997467
11,350,5,0.01,7,8,0.9969393014907837,0.002983409445732832,0.05462059543553907,0.6097198128700256
11,350,5,0.01,7,9,0.9963886737823486,0.0035200915299355984,0.05933035926012582,0.6407341361045837
11,350,5,0.01,7,10,0.9965516328811646,0.0033612684346735477,0.05797644724087143,1.0523921251296997
11,350,5,0.01,7,11,0.9959414005279541,0.003956100903451443,0.06289754290472278,1.1873254776000977
11,350,5,0.01,7,12,0.9954821467399597,0.004403730854392052,0.06636061222134747,0.5465502142906189
11,350,5,0.01,7,13,0.9949315786361694,0.004940391052514315,0.0702879154087978,0.7968854308128357
11,350,5,0.01,7,14,0.9968041777610779,0.003115096827968955,0.05581305248746887,0.6314692497253418
11,350,5,0.01,7,15,0.9456833004951477,0.0529446005821228,0.23009693735928516,2.063591718673706
11,350,5,0.01,7,16,0.9926360249519348,0.007177968975156546,0.08472289522411605,0.5127376914024353
11,350,5,0.01,7,17,0.9947575926780701,0.005109990481287241,0.07148419742353719,1.1400926113128662
11,350,5,0.01,7,18,0.9961835145950317,0.003720054402947426,0.06099224871200787,0.6236810684204102
11,350,5,0.01,7,19,0.9953972101211548,0.004486494697630405,0.0669813011043411,0.6193903088569641
11,350,5,0.01,7,20,0.9940339922904968,0.005815292242914438,0.07625806346160673,1.2943730354309082
11,350,5,0.01,7,21,0.9908859133720398,0.008883851580321789,0.09425418600954437,1.6956626176834106
11,350,5,0.01,7,22,0.9974959492683411,0.0024408132303506136,0.04940458713875275,1.0693999528884888
11,350,5,0.01,7,23,0.9949212670326233,0.004950442351400852,0.07035937998164035,0.9165442585945129
11,350,5,0.01,7,24,0.9974318146705627,0.0025033382698893547,0.05003337156228185,1.6028834581375122
11,350,5,0.01,7,25,0.9970853924751282,0.0028409832157194614,0.053300874436724405,1.0492197275161743
11,350,5,0.01,7,26,0.9955452084541321,0.004342249128967524,0.06589574439193721,0.7041194438934326
11,350,5,0.01,7,27,0.9971961975097656,0.0027329472359269857,0.05227759784005943,0.6005551218986511
11,350,5,0.01,7,28,0.9927611351013184,0.007055978290736675,0.0839998707780951,0.9283864498138428
11,350,5,0.01,7,29,0.9942736625671387,0.005581663455814123,0.0747105310904301,1.9571574926376343
11,350,5,0.01,7,30,0.9961189031600952,0.0037830453366041183,0.06150646581136099,0.8552232980728149
11,350,5,0.01,7,31,0.9966219663619995,0.0032927189022302628,0.05738221764824241,0.5915235280990601
11,350,5,0.01,7,32,0.9970424771308899,0.0028827949427068233,0.053691665486431166,0.5999157428741455
11,350,5,0.01,7,33,0.9976062178611755,0.0023333283606916666,0.04830453768220608,0.5434666872024536
11,350,5,0.01,7,34,0.9973793625831604,0.002554443897679448,0.05054150668192875,0.4108685553073883
11,350,5,0.01,7,35,0.9946509599685669,0.005213931202888489,0.07220755641128211,0.5985625982284546
11,350,5,0.01,7,36,0.9960436224937439,0.0038564479909837246,0.062100305884783887,0.5995891690254211
11,350,5,0.01,7,37,0.9826840758323669,0.016878508031368256,0.12991731228503867,0.7209693193435669
11,350,5,0.01,7,38,0.9978092908859253,0.0021353501360863447,0.0462098489078502,0.8502110242843628
11,350,5,0.01,7,39,0.9811677932739258,0.018356511369347572,0.13548620361257294,0.5763033628463745
11,350,5,0.01,7,40,0.9976044297218323,0.002335052005946636,0.04832237583094023,0.43735411763191223
11,350,5,0.01,7,41,0.9959785342216492,0.0039198994636535645,0.06260910048590032,0.6018260717391968
11,350,5,0.01,7,42,0.9964423179626465,0.0034677840303629637,0.058887893750438756,0.8515607714653015
11,350,5,0.01,7,43,0.9979304075241089,0.00201734178699553,0.044914828141667536,0.41547808051109314
11,350,5,0.01,7,44,0.9937606453895569,0.006081729661673307,0.07798544519122338,1.477902889251709
11,350,5,0.01,7,45,0.9955804347991943,0.004307922907173634,0.06563476904182443,0.6491492390632629
11,350,5,0.01,7,46,0.9977803826332092,0.002163542900234461,0.04651390007550926,0.6389991044998169
11,350,5,0.01,7,47,0.997643232345581,0.0022972202859818935,0.04792932594958846,0.5580745339393616
11,350,5,0.01,7,48,0.9964682459831238,0.0034425598569214344,0.058673331735307435,0.8718821406364441
11,350,5,0.01,7,49,0.9868190288543701,0.012848024256527424,0.11334912552167054,2.2361316680908203
11,350,5,0.01,7,50,0.997319757938385,0.002612526062875986,0.0511128757054031,0.5294288396835327
11,350,5,0.01,7,51,0.991672933101654,0.008116713725030422,0.09009280617802079,0.7786927223205566
11,350,5,0.01,7,52,0.9977959394454956,0.002148411236703396,0.04635095723610674,0.42737066745758057
11,350,5,0.01,7,53,0.9944303631782532,0.0054289414547383785,0.07368135079338854,0.4276195466518402
11,350,5,0.01,7,54,0.9952505230903625,0.004629512317478657,0.06804051967378451,1.1162441968917847
11,350,5,0.01,7,55,0.9953439831733704,0.004538403823971748,0.06736767640324066,1.3618969917297363
11,350,5,0.01,7,56,0.997999906539917,0.0019495842279866338,0.04415409638965148,0.35058799386024475
11,350,5,0.01,7,57,0.9975962042808533,0.0023430921137332916,0.04840549673057071,0.4413437247276306
11,350,5,0.01,7,58,0.9947502017021179,0.005117193330079317,0.07153456038922247,0.5927475690841675
11,350,5,0.01,7,59,0.9865744113922119,0.013086475431919098,0.11439613381543581,1.2226834297180176
11,350,5,0.01,7,60,0.9977702498435974,0.0021734319161623716,0.046620080610852356,0.6559147238731384
11,350,5,0.01,7,61,0.9974126815795898,0.002521958202123642,0.05021910196452782,0.5465529561042786
11,350,5,0.01,7,62,0.9980101585388184,0.001939593581482768,0.04404081722087782,0.49833348393440247
11,350,5,0.01,7,63,0.9982244372367859,0.0017306854715570807,0.04160150804426543,0.35600969195365906
11,350,5,0.01,7,64,0.9974871873855591,0.002449310850352049,0.04949051273074516,0.6372423768043518
11,350,5,0.01,7,65,0.9981648325920105,0.0017887867288663983,0.04229405075026981,0.4362572729587555
11,350,5,0.01,7,66,0.9976716041564941,0.002269596792757511,0.04764028539752371,0.7754707932472229
11,350,5,0.01,7,67,0.9964706301689148,0.003440207801759243,0.05865328466300283,0.7663500905036926
11,350,5,0.01,7,68,0.9973731637001038,0.00256047653965652,0.05060115156452983,0.6829056739807129
11,350,5,0.01,7,69,0.9862439632415771,0.013408555649220943,0.11579531790716299,0.6128336191177368
11,350,5,0.01,7,70,0.9971927404403687,0.0027363228145986795,0.0523098730126415,1.0276912450790405
11,350,5,0.01,7,71,0.9978557229042053,0.002090135356411338,0.04571799816714789,0.4311542212963104
11,350,5,0.01,7,72,0.9981083273887634,0.0018438908737152815,0.042940550458922644,1.0418157577514648
11,350,5,0.01,7,73,0.9970725178718567,0.00285352673381567,0.053418411936481884,0.6799209713935852
11,350,5,0.01,7,74,0.9978803396224976,0.0020660972222685814,0.04545434217177256,0.8151320815086365
11,350,5,0.01,7,75,0.9946706295013428,0.0051947543397545815,0.07207464422218525,1.2284982204437256
11,350,5,0.01,7,76,0.9981381893157959,0.0018147865775972605,0.0426003119424877,0.6524865627288818
11,350,5,0.01,7,77,0.9903509020805359,0.009405337274074554,0.09698111813169899,0.9958751797676086
11,350,5,0.01,7,78,0.997199296951294,0.0027299411594867706,0.052248838833860896,0.4693866968154907
11,350,5,0.01,7,79,0.9961607456207275,0.0037422601599246264,0.061174015398080796,0.6154270768165588
11,350,5,0.01,7,80,0.9975922703742981,0.002346929395571351,0.04844511735532644,1.1447099447250366
11,350,5,0.01,7,81,0.9953920245170593,0.004491564817726612,0.0670191376975757,0.3743937313556671
11,350,5,0.01,7,82,0.9958575963973999,0.004037773702293634,0.06354347883373741,0.687578558921814
11,350,5,0.01,7,83,0.9977521896362305,0.0021910094656050205,0.046808220064482486,0.7235841751098633
11,350,5,0.01,7,84,0.9947840571403503,0.005084204487502575,0.07130360781547154,0.42188560962677
11,350,5,0.01,7,85,0.9971298575401306,0.002797652967274189,0.052892844197246464,1.2283751964569092
11,350,5,0.01,7,86,0.9981845021247864,0.0017696083523333073,0.0420667131153993,0.8061950206756592
11,350,5,0.01,7,87,0.9969292283058167,0.002993203466758132,0.054710176994395954,0.8259528875350952
11,350,5,0.01,7,88,0.9977076649665833,0.0022344577591866255,0.04727005139818049,0.7133685946464539
11,350,5,0.01,7,89,0.9980365037918091,0.0019138992065563798,0.0437481337494113,0.6484971642494202
11,350,5,0.01,7,90,0.9977870583534241,0.0021570618264377117,0.04644417968311758,0.5526865720748901
11,350,5,0.01,7,91,0.9974209070205688,0.002513936487957835,0.05013917119336772,0.3198232650756836
11,350,5,0.01,7,92,0.9984093904495239,0.0015504176262766123,0.039375342871860966,0.4768888056278229
11,350,5,0.01,7,93,0.9982644319534302,0.0016917046159505844,0.04113033692969928,0.9206685423851013
11,350,5,0.01,7,94,0.9966103434562683,0.0033040072303265333,0.05748049434657407,0.5404481887817383
11,350,5,0.01,7,95,0.9973962306976318,0.002538023516535759,0.05037880026892025,0.3286861181259155
11,350,5,0.01,7,96,0.995582640171051,0.0043057785369455814,0.06561843138132442,0.6986801624298096
11,350,5,0.01,7,97,0.9976464509963989,0.0022940707858651876,0.04789645901175981,0.41245660185813904
11,350,5,0.01,7,98,0.9982060790061951,0.0017485835123807192,0.04181606763411308,0.33117544651031494
11,350,5,0.01,7,99,0.9953016042709351,0.004579690285027027,0.06767340899516609,0.6377567648887634
11,350,5,0.01,7,100,0.9974685907363892,0.002467474201694131,0.04967367715092301,1.5231114625930786
12,350,5,0.01,7,1,0.9820910692214966,0.01745651289820671,0.1321230975197248,0.7705642580986023
12,350,5,0.01,7,2,0.9937618970870972,0.0060805389657616615,0.07797781072690911,0.7291834950447083
12,350,5,0.01,7,3,0.9955136775970459,0.004373020492494106,0.0661288174133948,0.5093180537223816
12,350,5,0.01,7,4,0.9955910444259644,0.004297607112675905,0.06555613710916702,0.978842556476593
12,350,5,0.01,7,5,0.9962496161460876,0.003655622247606516,0.06046174201597665,1.0791956186294556
12,350,5,0.01,7,6,0.9949556589126587,0.0049169049598276615,0.07012064574594035,0.4630052447319031
12,350,5,0.01,7,7,0.9954114556312561,0.004472652450203896,0.06687789208852127,1.5941106081008911
12,350,5,0.01,7,8,0.9971523880958557,0.002775657456368208,0.05268450869438006,1.4197701215744019
12,350,5,0.01,7,9,0.9962170124053955,0.003687451593577862,0.06072439043397523,0.6914388537406921
12,350,5,0.01,7,10,0.9897571206092834,0.009984113276004791,0.09992053480643902,0.9946902394294739
12,350,5,0.01,7,11,0.9970868825912476,0.002839520340785384,0.053287149865473046,1.680382490158081
12,350,5,0.01,7,12,0.9973596930503845,0.002573603531345725,0.050730696144895594,0.6536878943443298
12,350,5,0.01,7,13,0.9980508685112,0.0018998741870746017,0.04358754623828464,0.44564589858055115
12,350,5,0.01,7,14,0.9976319670677185,0.0023082122206687927,0.04804385726259698,0.5650035738945007
12,350,5,0.01,7,15,0.9956811666488647,0.004209717269986868,0.06488233403621411,0.3844980299472809
12,350,5,0.01,7,16,0.9937544465065002,0.0060878051444888115,0.07802438813915051,1.10331130027771
12,350,5,0.01,7,17,0.9962241053581238,0.003680519061163068,0.06066728163650542,0.4928533434867859
12,350,5,0.01,7,18,0.9980716705322266,0.0018796446966007352,0.04335486935282743,0.4301651120185852
12,350,5,0.01,7,19,0.9977323412895203,0.0022103972733020782,0.04701486225973738,0.4822199046611786
12,350,5,0.01,7,20,0.9976763725280762,0.002264932030811906,0.047591302049974485,0.8405909538269043
12,350,5,0.01,7,21,0.9979585409164429,0.0019899115432053804,0.04460842457659069,1.0097565650939941
12,350,5,0.01,7,22,0.9969926476478577,0.0029313655104488134,0.05414208631414949,0.4156467616558075
12,350,5,0.01,7,23,0.9932636022567749,0.006566226948052645,0.08103225868783767,1.022725224494934
12,350,5,0.01,7,24,0.9978053569793701,0.0021391864866018295,0.04625134037627266,1.2238205671310425
12,350,5,0.01,7,25,0.9979715347290039,0.0019772187806665897,0.0444659283122099,1.8997238874435425
12,350,5,0.01,7,26,0.9975292086601257,0.002408377593383193,0.04907522382407637,1.8459383249282837
12,350,5,0.01,7,27,0.9936533570289612,0.006186333019286394,0.07865324544662092,0.6160862445831299
12,350,5,0.01,7,28,0.9976322650909424,0.0023079137317836285,0.04804075074125745,0.6341729164123535
12,350,5,0.01,7,29,0.9977348446846008,0.002207911806181073,0.04698842204395752,1.3268271684646606
12,350,5,0.01,7,30,0.9919119477272034,0.00788375549018383,0.08879051464083217,1.8694450855255127
12,350,5,0.01,7,31,0.9931941032409668,0.00663394620642066,0.08144904054941753,1.1128911972045898
12,350,5,0.01,7,32,0.9974102973937988,0.002524296287447214,0.05024237541604909,1.7754809856414795
12,350,5,0.01,7,33,0.9963416457176208,0.0035659174900501966,0.05971530365032231,1.8918629884719849
12,350,5,0.01,7,34,0.9965498447418213,0.0033630102407187223,0.05799146696470717,2.107633352279663
12,350,5,0.01,7,35,0.9978759288787842,0.002070442773401737,0.04550211833971839,1.0859949588775635
12,350,5,0.01,7,36,0.9972642660140991,0.00266663427464664,0.0516394643140945,0.9650912284851074
12,350,5,0.01,7,37,0.9980639219284058,0.0018871501088142395,0.04344134101077267,1.5615569353103638
12,350,5,0.01,7,38,0.9982579350471497,0.0016980668297037482,0.041207606454436885,0.5822579860687256
12,350,5,0.01,7,39,0.9977597594261169,0.0021836436353623867,0.04672947287700115,0.9812670946121216
12,350,5,0.01,7,40,0.9978997707366943,0.002047188812866807,0.045245870671994,1.3973826169967651
12,350,5,0.01,7,41,0.9976006150245667,0.0023387810215353966,0.04836094520928429,1.11826491355896
12,350,5,0.01,7,42,0.9985242486000061,0.0014385016402229667,0.03792758416011975,0.6828114986419678
12,350,5,0.01,7,43,0.9969507455825806,0.0029722272884100676,0.054518137242665105,2.396620750427246
12,350,5,0.01,7,44,0.9981626868247986,0.001790889073163271,0.04231889735287619,1.3173283338546753
12,350,5,0.01,7,45,0.9944266676902771,0.005432534497231245,0.0737057290665471,1.8868541717529297
12,350,5,0.01,7,46,0.9983720183372498,0.0015868735499680042,0.03983558145638148,1.2858896255493164
12,350,5,0.01,7,47,0.9979567527770996,0.001991645200178027,0.04462785229179225,0.5209941864013672
12,350,5,0.01,7,48,0.9972280859947205,0.0027019029948860407,0.05197983257847259,0.5875672101974487
12,350,5,0.01,7,49,0.9951416254043579,0.004735622555017471,0.06881585976370179,1.2621349096298218
12,350,5,0.01,7,50,0.9980096220970154,0.0019401067402213812,0.04404664278036842,0.6939032673835754
12,350,5,0.01,7,51,0.9907495379447937,0.009016791358590126,0.09495678679583743,2.258230447769165
12,350,5,0.01,7,52,0.9978376626968384,0.0021076900884509087,0.045909586019162806,1.9620903730392456
12,350,5,0.01,7,53,0.99688321352005,0.0030380261596292257,0.055118292423017114,1.7891619205474854
12,350,5,0.01,7,54,0.998172402381897,0.0017814231105148792,0.042206908326894534,0.8760711550712585
12,350,5,0.01,7,55,0.9984921813011169,0.0014697269070893526,0.03833701745166612,1.131829857826233
12,350,5,0.01,7,56,0.9961677193641663,0.0037354908417910337,0.061118661976445735,0.49652451276779175
12,350,5,0.01,7,57,0.9951682090759277,0.004709722474217415,0.06862741780234351,2.693669557571411
12,350,5,0.01,7,58,0.997550904750824,0.0023872079327702522,0.04885906193092794,1.221237301826477
12,350,5,0.01,7,59,0.9979974031448364,0.0019519877387210727,0.04418130530802675,1.182465672492981
12,350,5,0.01,7,60,0.998473584651947,0.0014878581278026104,0.03857276406744285,0.7495390772819519
12,350,5,0.01,7,61,0.9984744191169739,0.0014870279701426625,0.03856200163558244,0.8307763934135437
12,350,5,0.01,7,62,0.9961875081062317,0.0037161721847951412,0.06096041490012302,0.8225423693656921
12,350,5,0.01,7,63,0.9979684948921204,0.0019802094902843237,0.04449954483232749,0.41765686869621277
12,350,5,0.01,7,64,0.994514524936676,0.005346905905753374,0.07312254033985262,0.9098470211029053
12,350,5,0.01,7,65,0.9980237483978271,0.0019263132708147168,0.043889785495200555,0.8626121878623962
12,350,5,0.01,7,66,0.9984269738197327,0.0015332968905568123,0.039157335079864825,0.8046595454216003
12,350,5,0.01,7,67,0.9981095790863037,0.0018426907481625676,0.04292657391596222,0.6939150094985962
12,350,5,0.01,7,68,0.9987090826034546,0.0012583043426275253,0.035472585789980485,0.9378846883773804
12,350,5,0.01,7,69,0.9985421299934387,0.0014210566878318787,0.03769690554716499,0.29385483264923096
12,350,5,0.01,7,70,0.9913049936294556,0.00847536325454712,0.09206173610435076,0.9461841583251953
12,350,5,0.01,7,71,0.9983957409858704,0.001563739962875843,0.039544152069248405,0.7471381425857544
12,350,5,0.01,7,72,0.9984399676322937,0.0015206416137516499,0.03899540503381969,0.31153932213783264
12,350,5,0.01,7,73,0.9982753992080688,0.0016810102388262749,0.04100012486354493,0.46786636114120483
12,350,5,0.01,7,74,0.996404230594635,0.0035049328580498695,0.05920247341158872,1.0273358821868896
12,350,5,0.01,7,75,0.9985621571540833,0.0014015441993251443,0.03743720341218271,0.4498368203639984
12,350,5,0.01,7,76,0.998198390007019,0.0017560913693159819,0.04190574387021404,0.46497464179992676
12,350,5,0.01,7,77,0.997837245464325,0.0021081205923110247,0.045914274385108436,0.9160187840461731
12,350,5,0.01,7,78,0.9981251955032349,0.0018274643225595355,0.042748851710420664,0.3116368353366852
12,350,5,0.01,7,79,0.997124433517456,0.002802930073812604,0.05294270557699714,1.4113043546676636
12,350,5,0.01,7,80,0.992900013923645,0.006920608226209879,0.0831901930891489,0.5296585559844971
12,350,5,0.01,7,81,0.9980987310409546,0.001853224472142756,0.04304909374357091,1.0880876779556274
12,350,5,0.01,7,82,0.9962402582168579,0.003664738964289427,0.06053708751079314,0.4782041609287262
12,350,5,0.01,7,83,0.9986002445220947,0.0013644177233800292,0.036938025439647276,0.7095375061035156
12,350,5,0.01,7,84,0.9987166523933411,0.0012509041698649526,0.0353681236407157,0.38225793838500977
12,350,5,0.01,7,85,0.9984778761863708,0.0014836699701845646,0.03851843675676058,0.4581073522567749
12,350,5,0.01,7,86,0.9981467127799988,0.0018064710311591625,0.04250260028703141,0.7078211307525635
12,350,5,0.01,7,87,0.9987130165100098,0.001254461007192731,0.03541837104092636,0.9278841614723206
12,350,5,0.01,7,88,0.9952325820922852,0.004647009074687958,0.06816897442889953,0.9704827666282654
12,350,5,0.01,7,89,0.9981739521026611,0.0017799249617382884,0.04218915692139733,1.1129711866378784
12,350,5,0.01,7,90,0.9984272122383118,0.0015330616151914,0.03915433073353956,0.7627689838409424
12,350,5,0.01,7,91,0.9985187649726868,0.0014437990030273795,0.03799735521095356,0.6078567504882812
12,350,5,0.01,7,92,0.9972665905952454,0.002664389554411173,0.051617725196013556,0.7963921427726746
12,350,5,0.01,7,93,0.9981828331947327,0.0017712529515847564,0.0420862560889509,0.841938316822052
12,350,5,0.01,7,94,0.994745135307312,0.005122111178934574,0.07156892607084847,0.8541644811630249
12,350,5,0.01,7,95,0.998380184173584,0.0015789075987413526,0.03973547028463804,0.8306318521499634
12,350,5,0.01,7,96,0.9954206347465515,0.004463711753487587,0.06681101521072395,0.5490424633026123
12,350,5,0.01,7,97,0.9985328912734985,0.0014300323091447353,0.037815767996230557,0.8159209489822388
12,350,5,0.01,7,98,0.9982252717018127,0.0017299223691225052,0.04159233546126624,1.1934254169464111
12,350,5,0.01,7,99,0.9929987788200378,0.006824384909123182,0.08260983542607492,1.1625220775604248
12,350,5,0.01,7,100,0.9965620040893555,0.0033511617220938206,0.05788921939440728,0.5755486488342285
13,350,5,0.01,7,1,0.9846557974815369,0.014956592582166195,0.12229714870824338,2.7216827869415283
13,350,5,0.01,7,2,0.9924731254577637,0.007336724549531937,0.08565468200590051,0.9439351558685303
13,350,5,0.01,7,3,0.9951602816581726,0.0047174920327961445,0.06868400128702568,1.2178804874420166
13,350,5,0.01,7,4,0.9946104288101196,0.0052534532733261585,0.07248070966351088,0.7472378015518188
13,350,5,0.01,7,5,0.9967567920684814,0.0031612825114279985,0.05622528356022759,0.8525391221046448
13,350,5,0.01,7,6,0.9968259930610657,0.003093854757025838,0.05562243034087811,0.49359825253486633
13,350,5,0.01,7,7,0.9919864535331726,0.007811135146766901,0.08838062653527017,0.8597025871276855
13,350,5,0.01,7,8,0.9968456625938416,0.003074670908972621,0.05544971513878697,0.5611567497253418
13,350,5,0.01,7,9,0.996886134147644,0.0030352328903973103,0.05509294773741291,0.5852017998695374
13,350,5,0.01,7,10,0.9970573782920837,0.0028682982083410025,0.05355649548225689,0.9700511693954468
13,350,5,0.01,7,11,0.9970234632492065,0.002901375060901046,0.05386441367824443,1.1908750534057617
13,350,5,0.01,7,12,0.9974762201309204,0.002460051327943802,0.04959890450346461,0.5425185561180115
13,350,5,0.01,7,13,0.9969994425773621,0.002924770349636674,0.054081145971925135,0.7204941511154175
13,350,5,0.01,7,14,0.9973304271697998,0.0026021257508546114,0.05101103557912358,0.7336033582687378
13,350,5,0.01,7,15,0.9947270750999451,0.005139704328030348,0.07169173123889776,0.6007503867149353
13,350,5,0.01,7,16,0.9954808354377747,0.004405026789754629,0.06637037584460878,0.5283346176147461
13,350,5,0.01,7,17,0.9784531593322754,0.021002542227506638,0.14492253871467556,2.1455399990081787
13,350,5,0.01,7,18,0.9967403411865234,0.003177323844283819,0.05636775535963641,0.4423694908618927
13,350,5,0.01,7,19,0.99739009141922,0.0025440070312470198,0.05043815055339579,0.801916778087616
13,350,5,0.01,7,20,0.9967623949050903,0.0031558095943182707,0.05617659293974912,1.0034526586532593
13,350,5,0.01,7,21,0.997446596622467,0.002488903235644102,0.049888908944214265,0.75435870885849
13,350,5,0.01,7,22,0.997364342212677,0.0025690693873912096,0.050685988077487545,0.8357681632041931
13,350,5,0.01,7,23,0.9921784400939941,0.0076240007765591145,0.08731552425862835,0.9338191151618958
13,350,5,0.01,7,24,0.9967635869979858,0.003154682694002986,0.05616656206323284,0.6318562626838684
13,350,5,0.01,7,25,0.9980444312095642,0.0019061630591750145,0.04365962733664838,0.3804047703742981
13,350,5,0.01,7,26,0.9979018568992615,0.002045141300186515,0.045223238497331376,0.765675961971283
13,350,5,0.01,7,27,0.9969865083694458,0.0029373755678534508,0.05419756053415551,0.5994815826416016
13,350,5,0.01,7,28,0.997063398361206,0.0028624492697417736,0.05350186230162249,0.3227297067642212
13,350,5,0.01,7,29,0.9969406723976135,0.002982035279273987,0.05460801478971733,0.4588043689727783
13,350,5,0.01,7,30,0.9975417256355286,0.0023961756378412247,0.04895074706111465,0.5515015125274658
13,350,5,0.01,7,31,0.9980633854866028,0.0018876914400607347,0.04344757116411382,0.5961941480636597
13,350,5,0.01,7,32,0.9978297352790833,0.0021154419519007206,0.04599393385981156,0.6508841514587402
13,350,5,0.01,7,33,0.9982689619064331,0.0016872931737452745,0.0410766743267426,0.7265668511390686
13,350,5,0.01,7,34,0.9975403547286987,0.0023975411895662546,0.048964693295948,1.187119722366333
13,350,5,0.01,7,35,0.997803270816803,0.002141224918887019,0.046273371596275745,0.4441947042942047
13,350,5,0.01,7,36,0.9977208971977234,0.00222154357470572,0.04713325338554215,0.6927047967910767
13,350,5,0.01,7,37,0.9976531863212585,0.002287551062181592,0.047828349983891266,0.279526948928833
13,350,5,0.01,7,38,0.9975360035896301,0.0024017500691115856,0.04900765316878156,0.47585350275039673
13,350,5,0.01,7,39,0.9930709004402161,0.006754074711352587,0.08218317778811297,1.0667591094970703
13,350,5,0.01,7,40,0.994454562664032,0.005405377596616745,0.07352127308892811,0.6221544146537781
13,350,5,0.01,7,41,0.9935433268547058,0.006293596234172583,0.07933218914269656,1.0714794397354126
13,350,5,0.01,7,42,0.9981002807617188,0.001851710258051753,0.04303150308845548,0.7612698674201965
13,350,5,0.01,7,43,0.9967699646949768,0.0031484588980674744,0.05611112989476753,0.39287519454956055
13,350,5,0.01,7,44,0.997183620929718,0.0027452465146780014,0.05239510010180343,0.7249501943588257
13,350,5,0.01,7,45,0.9972562789916992,0.0026744126807898283,0.05171472402314285,0.8443729281425476
13,350,5,0.01,7,46,0.9957689046859741,0.004124212544411421,0.06422003226728729,0.6781967878341675
13,350,5,0.01,7,47,0.9972667098045349,0.0026642493903636932,0.051616367465792214,1.0937849283218384
13,350,5,0.01,7,48,0.9928279519081116,0.006990850903093815,0.08361130846418931,0.5141175389289856
13,350,5,0.01,7,49,0.998082160949707,0.00186937116086483,0.043236225099617914,0.40208810567855835
13,350,5,0.01,7,50,0.9927788972854614,0.007038719020783901,0.08389707397033523,1.1262913942337036
13,350,5,0.01,7,51,0.9879054427146912,0.011789032258093357,0.10857731005183982,0.3531043231487274
13,350,5,0.01,7,52,0.9966095685958862,0.0033047751057893038,0.05748717340232779,0.4941614866256714
13,350,5,0.01,7,53,0.9973549246788025,0.002578284591436386,0.05077681155248315,0.2972172200679779
13,350,5,0.01,7,54,0.9971988201141357,0.0027304384857416153,0.05225359782581115,0.6214435696601868
13,350,5,0.01,7,55,0.995698094367981,0.004193252418190241,0.06475532733443821,0.9270451068878174
13,350,5,0.01,7,56,0.9979436993598938,0.002004364738240838,0.04477013221156308,0.7981554269790649
13,350,5,0.01,7,57,0.995085597038269,0.004790289793163538,0.0692119194442947,1.3254318237304688
13,350,5,0.01,7,58,0.9971557259559631,0.002772438107058406,0.05265394673771764,0.7515300512313843
13,350,5,0.01,7,59,0.9962560534477234,0.003649367019534111,0.06040999105722588,0.3744315803050995
13,350,5,0.01,7,60,0.9979512691497803,0.0019969893619418144,0.04468768691644058,0.4104800522327423
13,350,5,0.01,7,61,0.9967857003211975,0.003133112099021673,0.055974209230874115,0.6218866109848022
13,350,5,0.01,7,62,0.998031497001648,0.0019187969155609608,0.04380407418906329,0.5027170777320862
13,350,5,0.01,7,63,0.9968448281288147,0.0030754515901207924,0.05545675423355385,0.714598536491394
13,350,5,0.01,7,64,0.9984717965126038,0.0014896279899403453,0.03859569911195217,0.6093823909759521
13,350,5,0.01,7,65,0.9978895783424377,0.0020570906344801188,0.04535516105671017,0.8386390209197998
13,350,5,0.01,7,66,0.9969003200531006,0.00302138808183372,0.05496715457283304,0.35851964354515076
13,350,5,0.01,7,67,0.9943511486053467,0.005506184883415699,0.07420367163028861,0.4193172752857208
13,350,5,0.01,7,68,0.9950612187385559,0.00481403898447752,0.069383275971069,1.1040560007095337
13,350,5,0.01,7,69,0.9980903267860413,0.0018614184809848666,0.04314415929166852,0.6830002665519714
13,350,5,0.01,7,70,0.997960090637207,0.0019883569329977036,0.04459099609784136,1.2299563884735107
13,350,5,0.01,7,71,0.9960641264915466,0.0038364676292985678,0.06193922528816911,0.6126065254211426
13,350,5,0.01,7,72,0.9981886148452759,0.0017656522104516625,0.04201966456852865,0.5536298751831055
13,350,5,0.01,7,73,0.9969519972801208,0.002970996079966426,0.05450684434056356,0.7694662809371948
13,350,5,0.01,7,74,0.9954559803009033,0.004429229535162449,0.06655245701822322,0.9293533563613892
13,350,5,0.01,7,75,0.9982436299324036,0.0017119771800935268,0.041376045969782164,0.5722693204879761
13,350,5,0.01,7,76,0.9976653456687927,0.002275687176734209,0.047704163096465795,0.3868125379085541
13,350,5,0.01,7,77,0.9936860203742981,0.006154488772153854,0.07845054985246346,0.7415483593940735
13,350,5,0.01,7,78,0.9902150630950928,0.009537733159959316,0.09766131864745282,1.4605565071105957
13,350,5,0.01,7,79,0.9968472123146057,0.0030731656588613987,0.055436140367646436,0.3836717903614044
13,350,5,0.01,7,80,0.9976502060890198,0.002290451666340232,0.04785866344080486,0.802121639251709
13,350,5,0.01,7,81,0.9979114532470703,0.002035796409472823,0.04511980063644811,0.6232630014419556
13,350,5,0.01,7,82,0.9981602430343628,0.0017932930495589972,0.04234729093530066,0.6463561058044434
13,350,5,0.01,7,83,0.9980262517929077,0.001923913019709289,0.04386243289774621,0.38410884141921997
13,350,5,0.01,7,84,0.9980595707893372,0.0018914074171334505,0.04349031406110389,0.728571355342865
13,350,5,0.01,7,85,0.9962266683578491,0.0036780228838324547,0.06064670546561004,0.6798402667045593
13,350,5,0.01,7,86,0.9978298544883728,0.002115353476256132,0.04599297203112811,1.1118335723876953
13,350,5,0.01,7,87,0.9983195066452026,0.0016380265587940812,0.04047254079983219,0.660199761390686
13,350,5,0.01,7,88,0.997870683670044,0.002075506141409278,0.045557723180699866,0.721261739730835
13,350,5,0.01,7,89,0.992336630821228,0.007469765841960907,0.08642780711067999,1.7671362161636353
13,350,5,0.01,7,90,0.9973280429840088,0.0026044363621622324,0.05103367870497121,1.0625510215759277
13,350,5,0.01,7,91,0.9937422275543213,0.006099723279476166,0.078100725217351,0.3851619362831116
13,350,5,0.01,7,92,0.9978294372558594,0.002115738345310092,0.04599715583935698,0.9108177423477173
13,350,5,0.01,7,93,0.9974187016487122,0.002516074338927865,0.0501604858322551,0.8408961892127991
13,350,5,0.01,7,94,0.9974759221076965,0.002460317686200142,0.04960158955315991,0.7736476063728333
13,350,5,0.01,7,95,0.996313214302063,0.0035936327185481787,0.0599469158384998,1.2543416023254395
13,350,5,0.01,7,96,0.9982296824455261,0.0017256162827834487,0.04154053782491807,1.0583170652389526
13,350,5,0.01,7,97,0.9979385137557983,0.0020094059873372316,0.04482639833108647,0.6959916949272156
13,350,5,0.01,7,98,0.994253396987915,0.0056014168076217175,0.07484261358091203,1.3239574432373047
13,350,5,0.01,7,99,0.9984375238418579,0.0015230221906676888,0.03902591691001877,0.27999550104141235
13,350,5,0.01,7,100,0.9984017610549927,0.0015578391030430794,0.039469470518909665,0.4367237985134125
14,350,5,0.01,7,1,0.973129153251648,0.02619209885597229,0.16183973200661292,4.309924125671387
14,350,5,0.01,7,2,0.9913288354873657,0.008452116511762142,0.09193539313975953,1.0529223680496216
14,350,5,0.01,7,3,0.9930923581123352,0.006733153481036425,0.08205579492660116,1.105787992477417
14,350,5,0.01,7,4,0.9952502250671387,0.004629787523299456,0.06804254201085859,1.3313522338867188
14,350,5,0.01,7,5,0.995993971824646,0.003904813202098012,0.0624885045596229,0.9487372636795044
14,350,5,0.01,7,6,0.9796550273895264,0.019831033423542976,0.1408227020886298,1.4378917217254639
14,350,5,0.01,7,7,0.9967004656791687,0.0032161581330001354,0.0567111817281225,0.9606118202209473
14,350,5,0.01,7,8,0.9965754151344299,0.003338069887831807,0.057776032122600865,0.5549365878105164
14,350,5,0.01,7,9,0.9968814849853516,0.0030397537630051374,0.055133961974495695,0.7369123101234436
14,350,5,0.01,7,10,0.9949045181274414,0.004966795444488525,0.07047549534759245,0.9988728761672974
14,350,5,0.01,7,11,0.9968959093093872,0.003025670303031802,0.05500609332639251,0.5316872000694275
14,350,5,0.01,7,12,0.9902238249778748,0.009529209695756435,0.09761767102198472,1.8327109813690186
14,350,5,0.01,7,13,0.9971853494644165,0.0027435526717454195,0.05237893347277529,0.9293586611747742
14,350,5,0.01,7,14,0.996501624584198,0.0034100310876965523,0.05839547146565864,0.8110015392303467
14,350,5,0.01,7,15,0.9974843263626099,0.002452137414366007,0.049519061121612626,0.7935829162597656
14,350,5,0.01,7,16,0.9974861145019531,0.0024503658059984446,0.04950116974373883,0.44457578659057617
14,350,5,0.01,7,17,0.9966298937797546,0.0032849740236997604,0.057314692912897654,0.4937913417816162
14,350,5,0.01,7,18,0.996218740940094,0.003685758914798498,0.06071045144617604,1.1139253377914429
14,350,5,0.01,7,19,0.9973562359809875,0.002576989820227027,0.05076406032053609,0.48287102580070496
14,350,5,0.01,7,20,0.9976045489311218,0.0023349164985120296,0.04832097369167999,1.3316240310668945
14,350,5,0.01,7,21,0.9951808452606201,0.0046974360011518,0.06853784356946023,0.776942253112793
14,350,5,0.01,7,22,0.9950405359268188,0.004834208637475967,0.06952847357360845,0.6699605584144592
14,350,5,0.01,7,23,0.9959859848022461,0.003912647254765034,0.06255115710172782,0.6899676322937012
14,350,5,0.01,7,24,0.9946992993354797,0.005166786722838879,0.07188036395872574,0.4944600760936737
14,350,5,0.01,7,25,0.9971743226051331,0.002754315733909607,0.05248157518510289,0.4884655475616455
14,350,5,0.01,7,26,0.9975951910018921,0.002344089560210705,0.04841579866335683,0.806364119052887
14,350,5,0.01,7,27,0.9962512850761414,0.0036540168803185225,0.060448464664692045,0.4609406888484955
14,350,5,0.01,7,28,0.9909099340438843,0.00886045303195715,0.09412997945371682,1.3891733884811401
14,350,5,0.01,7,29,0.9950036406517029,0.004870147444307804,0.06978644169398382,0.595378577709198
14,350,5,0.01,7,30,0.9758995771408081,0.02349160611629486,0.15326971689246008,2.1441588401794434
14,350,5,0.01,7,31,0.9961597323417664,0.003743276931345463,0.061182325318227836,0.7529950737953186
14,350,5,0.01,7,32,0.997047483921051,0.0028779390268027782,0.053646426039418306,0.6536276936531067
14,350,5,0.01,7,33,0.9946767091751099,0.0051888455636799335,0.0720336418882173,0.4201052188873291
14,350,5,0.01,7,34,0.9961385726928711,0.003763869171962142,0.06135038037341042,1.105107069015503
14,350,5,0.01,7,35,0.9953950643539429,0.0044886148534715176,0.06699712571052222,0.5104533433914185
14,350,5,0.01,7,36,0.9978100061416626,0.0021346586290746927,0.04620236605494023,0.8368822336196899
14,350,5,0.01,7,37,0.9977425932884216,0.002200386021286249,0.04690827241847912,0.7693538069725037
14,350,5,0.01,7,38,0.9909223318099976,0.008848383091390133,0.09406584444627143,1.2225570678710938
14,350,5,0.01,7,39,0.9776089191436768,0.021825458854436874,0.14773442000575518,1.6147187948226929
14,350,5,0.01,7,40,0.9971880912780762,0.0027409004978835583,0.05235361017048928,0.7364552617073059
14,350,5,0.01,7,41,0.9877901077270508,0.011901447549462318,0.10909375577668191,0.6522760391235352
14,350,5,0.01,7,42,0.9982009530067444,0.0017536003142595291,0.04187601120282983,0.452438622713089
14,350,5,0.01,7,43,0.9974009990692139,0.0025333575904369354,0.050332470537784404,0.5143724679946899
14,350,5,0.01,7,44,0.9963236451148987,0.003583496203646064,0.05986231037678101,0.45185911655426025
14,350,5,0.01,7,45,0.9939232468605042,0.00592326233163476,0.07696273339503192,1.1209337711334229
14,350,5,0.01,7,46,0.997683584690094,0.0022578781936317682,0.04751713578943672,0.49937379360198975
14,350,5,0.01,7,47,0.994620680809021,0.005243442952632904,0.07241162166829924,1.027886986732483
14,350,5,0.01,7,48,0.9975973963737488,0.0023419330827891827,0.048393523149169275,0.39240503311157227
14,350,5,0.01,7,49,0.9979997277259827,0.001949755591340363,0.04415603686179686,0.7913320660591125
14,350,5,0.01,7,50,0.9978080987930298,0.0021365436259657145,0.04622276090808201,0.43691298365592957
14,350,5,0.01,7,51,0.9973769187927246,0.002556826686486602,0.050565073781085317,0.9991499185562134
14,350,5,0.01,7,52,0.9973605871200562,0.0025727679021656513,0.0507224595437332,0.4457581341266632
14,350,5,0.01,7,53,0.9968721866607666,0.003048801328986883,0.055215951762030535,1.0475102663040161
14,350,5,0.01,7,54,0.9980781674385071,0.0018732857424765825,0.043281471121908305,1.3193424940109253
14,350,5,0.01,7,55,0.9967941641807556,0.0031248698942363262,0.055900535724054796,1.0782021284103394
14,350,5,0.01,7,56,0.9923763871192932,0.007431008853018284,0.0862032995483252,1.2884784936904907
14,350,5,0.01,7,57,0.9955850839614868,0.004303389694541693,0.06560022632995784,0.44711777567863464
14,350,5,0.01,7,58,0.9967213869094849,0.0031957696191966534,0.056531138491955506,1.0278578996658325
14,350,5,0.01,7,59,0.9850828647613525,0.014540308155119419,0.12058320013633499,1.7310103178024292
14,350,5,0.01,7,60,0.9974750876426697,0.0024611034896224737,0.04960951007238908,0.4031621217727661
14,350,5,0.01,7,61,0.9931383728981018,0.006688312627375126,0.08178210456680071,1.2060915231704712
14,350,5,0.01,7,62,0.9931888580322266,0.0066390871070325375,0.08148059343814659,0.7310633659362793
14,350,5,0.01,7,63,0.9967378973960876,0.003179689170792699,0.056388732658153425,0.753943145275116
14,350,5,0.01,7,64,0.9980511665344238,0.0018996319267898798,0.04358476714162736,0.547892689704895
14,350,5,0.01,7,65,0.997512698173523,0.0024244547821581364,0.049238752849337444,1.1350715160369873
14,350,5,0.01,7,66,0.9970807433128357,0.002845493843778968,0.05334317054486889,1.070027232170105
14,350,5,0.01,7,67,0.9958714246749878,0.0040242671966552734,0.0634371121399396,0.9973298907279968
14,350,5,0.01,7,68,0.9928920269012451,0.006928428541868925,0.08323718244792362,0.7397367358207703
14,350,5,0.01,7,69,0.9967792630195618,0.003139376174658537,0.05603013630769192,0.5815999507904053
14,350,5,0.01,7,70,0.9964858293533325,0.0034253986086696386,0.0585269049982112,0.9122509956359863
14,350,5,0.01,7,71,0.9982379078865051,0.001717599923722446,0.04144393711657286,0.3217875361442566
14,350,5,0.01,7,72,0.9978981018066406,0.0020488142035901546,0.045263828865774874,0.4136579632759094
14,350,5,0.01,7,73,0.9968692064285278,0.003051716834306717,0.05524234638668706,0.653924286365509
14,350,5,0.01,7,74,0.9938415884971619,0.0060028741136193275,0.07747821702658966,1.3944206237792969
14,350,5,0.01,7,75,0.982204794883728,0.017345678061246872,0.13170299184622525,0.6532896161079407
14,350,5,0.01,7,76,0.9959859848022461,0.003912643063813448,0.06255112360152652,0.7640331983566284
14,350,5,0.01,7,77,0.9970204830169678,0.0029042582027614117,0.05389116998879698,1.0718568563461304
14,350,5,0.01,7,78,0.9973328709602356,0.0025997294578701258,0.05098754218306787,0.4301689863204956
14,350,5,0.01,7,79,0.998183012008667,0.0017710990505293012,0.04208442764882637,0.969390332698822
14,350,5,0.01,7,80,0.9978129863739014,0.0021317419596016407,0.046170791195317855,0.7348741888999939
14,350,5,0.01,7,81,0.9978346824645996,0.0021106235217303038,0.045941522849491004,0.33462488651275635
14,350,5,0.01,7,82,0.9970385432243347,0.0028866268694400787,0.05372733819425711,0.46884042024612427
14,350,5,0.01,7,83,0.997653603553772,0.00228714058175683,0.04782405860816113,0.510167121887207
14,350,5,0.01,7,84,0.9970093369483948,0.002915122779086232,0.05399187697317285,0.3912103474140167
14,350,5,0.01,7,85,0.9975119829177856,0.002425195649266243,0.04924627548623594,0.9669270515441895
14,350,5,0.01,7,86,0.9961575269699097,0.003745407797396183,0.06119973690626605,0.4244006276130676
14,350,5,0.01,7,87,0.9976919889450073,0.002249714219942689,0.0474311524205631,0.30744069814682007
14,350,5,0.01,7,88,0.9971696734428406,0.0027588431257754564,0.05252469062998331,0.4400203824043274
14,350,5,0.01,7,89,0.9981741309165955,0.0017797487089410424,0.0421870680296823,0.6926162242889404
14,350,5,0.01,7,90,0.9935652613639832,0.006272213067859411,0.07919730467547119,1.2992442846298218
14,350,5,0.01,7,91,0.9979224801063538,0.002025049878284335,0.04500055419974664,0.684148371219635
14,350,5,0.01,7,92,0.9944546818733215,0.00540523324161768,0.07352029135971701,0.3843396008014679
14,350,5,0.01,7,93,0.9981138706207275,0.001838511903770268,0.042877871959441594,0.4942430555820465
14,350,5,0.01,7,94,0.9980689287185669,0.0018823101418092847,0.043385598322591847,0.43492209911346436
14,350,5,0.01,7,95,0.9966736435890198,0.0032423590309917927,0.056941716087520515,0.8396656513214111
14,350,5,0.01,7,96,0.9932218790054321,0.006606919225305319,0.08128295777901613,0.4236085116863251
14,350,5,0.01,7,97,0.997463583946228,0.002472358988597989,0.04972282160736646,0.4023439288139343
14,350,5,0.01,7,98,0.9977822303771973,0.0021617740858346224,0.046494882361767756,0.3367505371570587
14,350,5,0.01,7,99,0.9981865882873535,0.0017676058923825622,0.04204290537513508,0.36843156814575195
14,350,5,0.01,7,100,0.9976522922515869,0.002288379240781069,0.04783700702156301,1.2409788370132446
15,350,5,0.01,7,1,0.9850381016731262,0.014583929441869259,0.12076394098351237,2.9507312774658203
15,350,5,0.01,7,2,0.9945446252822876,0.005317596718668938,0.07292185350544059,1.3523588180541992
15,350,5,0.01,7,3,0.9939895272254944,0.005858667194843292,0.07654193095841842,0.9091966152191162
15,350,5,0.01,7,4,0.9948691725730896,0.0050012036226689816,0.0707191885040332,1.3169612884521484
15,350,5,0.01,7,5,0.995935320854187,0.00396199245005846,0.06294435995431569,0.7978329062461853
15,350,5,0.01,7,6,0.9942935705184937,0.005562254227697849,0.074580521771424,0.8438020944595337
15,350,5,0.01,7,7,0.9957836270332336,0.004109888803213835,0.06410841444938281,0.49729904532432556
15,350,5,0.01,7,8,0.9828256368637085,0.01674051582813263,0.12938514531480277,0.8871549367904663
15,350,5,0.01,7,9,0.9961127638816833,0.0037890488747507334,0.061555250586369424,0.5924652814865112
15,350,5,0.01,7,10,0.9975265264511108,0.0024109631776809692,0.049101559829408364,0.41273781657218933
15,350,5,0.01,7,11,0.9975528120994568,0.0023853578604757786,0.048840125516585016,1.1902663707733154
15,350,5,0.01,7,12,0.9944818019866943,0.005378824193030596,0.0733404676357507,0.4387257993221283
15,350,5,0.01,7,13,0.9969865083694458,0.002937356708571315,0.05419738654742787,1.2088429927825928
15,350,5,0.01,7,14,0.9962368011474609,0.0036681578494608402,0.060565318866995496,0.9687622785568237
15,350,5,0.01,7,15,0.9967259764671326,0.0031913185957819223,0.056491756883477455,1.4293910264968872
15,350,5,0.01,7,16,0.9960435032844543,0.003856537165120244,0.062101023865313555,0.755723237991333
15,350,5,0.01,7,17,0.9978336095809937,0.002111689420416951,0.04595312198770559,0.8387770056724548
15,350,5,0.01,7,18,0.9949730038642883,0.004900038708001375,0.07000027648517808,0.8225467801094055
15,350,5,0.01,7,19,0.994750440120697,0.005116934422403574,0.07153275069786967,1.4728291034698486
15,350,5,0.01,7,20,0.9979628324508667,0.001985725946724415,0.04456148501480191,0.6825226545333862
15,350,5,0.01,7,21,0.9975787401199341,0.0023600838612765074,0.04858069432682604,1.3090394735336304
15,350,5,0.01,7,22,0.9952118992805481,0.004667146597057581,0.06831651774686398,1.7370275259017944
15,350,5,0.01,7,23,0.9916664958000183,0.008123007602989674,0.09012772937886361,1.1537446975708008
15,350,5,0.01,7,24,0.9952068328857422,0.004672064911574125,0.06835250479370983,0.4746946692466736
15,350,5,0.01,7,25,0.9970299005508423,0.0028950602281838655,0.053805763893693265,0.9440639019012451
15,350,5,0.01,7,26,0.995689868927002,0.004201258532702923,0.0648171160474062,0.8383088707923889
15,350,5,0.01,7,27,0.9962943196296692,0.003612072207033634,0.06010051752716972,0.7355623841285706
15,350,5,0.01,7,28,0.9947595000267029,0.00510813295841217,0.07147120370059658,1.2343989610671997
15,350,5,0.01,7,29,0.9977810382843018,0.002162918681278825,0.04650718956547283,0.9353919625282288
15,350,5,0.01,7,30,0.9928351044654846,0.006983929313719273,0.08356990674710169,1.112234115600586
15,350,5,0.01,7,31,0.9977021813392639,0.0022397544234991074,0.04732604381837877,0.5696614980697632
15,350,5,0.01,7,32,0.9948047399520874,0.005064038559794426,0.07116205842859259,0.7372273802757263
15,350,5,0.01,7,33,0.9968810677528381,0.0030401579570025206,0.055137627415427666,0.38788193464279175
15,350,5,0.01,7,34,0.9962281584739685,0.003676538821309805,0.06063446892081933,0.9896929264068604
15,350,5,0.01,7,35,0.994788408279419,0.00507997116073966,0.07127391641224481,0.46187350153923035
15,350,5,0.01,7,36,0.9931644201278687,0.006662905216217041,0.08162662075706087,0.7696452140808105
15,350,5,0.01,7,37,0.9960294961929321,0.0038702322635799646,0.062211190822712634,0.6002950072288513
15,350,5,0.01,7,38,0.9981241822242737,0.0018284600228071213,0.04276049605426861,0.3923325538635254
15,350,5,0.01,7,39,0.9981469511985779,0.0018062256276607513,0.04249971326562982,0.5403786301612854
15,350,5,0.01,7,40,0.9976029396057129,0.002336508361622691,0.048337442646696684,0.761815071105957
15,350,5,0.01,7,41,0.9939839839935303,0.005864064209163189,0.07657717812222639,1.4336965084075928
15,350,5,0.01,7,42,0.9978601336479187,0.0020857963245362043,0.04567051920589697,0.544744610786438
15,350,5,0.01,7,43,0.9974361658096313,0.0024990488309413195,0.04999048740451847,0.4745282232761383
15,350,5,0.01,7,44,0.997673511505127,0.0022677460219711065,0.04762085700584468,1.1420814990997314
15,350,5,0.01,7,45,0.9979947209358215,0.001954633044078946,0.0442112321031539,0.7770440578460693
15,350,5,0.01,7,46,0.9763543605804443,0.023048315197229385,0.15181671580306758,0.84357750415802
15,350,5,0.01,7,47,0.9960551857948303,0.003845169208943844,0.062009428387494785,0.8473435044288635
15,350,5,0.01,7,48,0.9963400959968567,0.003567471168935299,0.05972831128481115,0.7873879075050354
15,350,5,0.01,7,49,0.9979738593101501,0.0019749426282942295,0.04444032659977005,0.37939152121543884
15,350,5,0.01,7,50,0.9954527616500854,0.004432383459061384,0.0665761478238369,0.9864150881767273
15,350,5,0.01,7,51,0.9979949593544006,0.001954386243596673,0.04420844086367074,0.7792341709136963
15,350,5,0.01,7,52,0.9974488019943237,0.002486733254045248,0.04986715606534273,0.34195950627326965
15,350,5,0.01,7,53,0.9972444176673889,0.0026859475765377283,0.05182612831900265,0.4704873263835907
15,350,5,0.01,7,54,0.9968560934066772,0.0030644689686596394,0.05535764598192051,1.191961646080017
15,350,5,0.01,7,55,0.9970194697380066,0.0029052409809082747,0.053900287391703904,0.5871864557266235
15,350,5,0.01,7,56,0.9948557615280151,0.0050143031403422356,0.0708117443673169,0.6119208931922913
15,350,5,0.01,7,57,0.9964742660522461,0.003436645492911339,0.05862290928392533,1.6193524599075317
15,350,5,0.01,7,58,0.9967950582504272,0.0031240065582096577,0.05589281311769571,0.34170234203338623
15,350,5,0.01,7,59,0.9953105449676514,0.0045710233971476555,0.06760934400767142,0.7627217769622803
15,350,5,0.01,7,60,0.9965785145759583,0.003335076617076993,0.05775012222564549,0.6757805943489075
15,350,5,0.01,7,61,0.9973112344741821,0.0026208534836769104,0.05119427198112022,0.42210161685943604
15,350,5,0.01,7,62,0.9981034994125366,0.0018486019689589739,0.042995371482974463,0.4613463878631592
15,350,5,0.01,7,63,0.9979258179664612,0.0020217816345393658,0.0449642261641337,0.3587152659893036
15,350,5,0.01,7,64,0.9966855645179749,0.0032306888606399298,0.056839149014037235,0.36122366786003113
15,350,5,0.01,7,65,0.9982479214668274,0.0017078148666769266,0.04132571677148415,0.3249945640563965
15,350,5,0.01,7,66,0.9957025051116943,0.004188936669379473,0.06472199525184211,0.43277132511138916
15,350,5,0.01,7,67,0.9983150959014893,0.0016423567431047559,0.040526000827922265,0.48119109869003296
15,350,5,0.01,7,68,0.9932039976119995,0.006624342408031225,0.08139006332489995,0.6567746996879578
15,350,5,0.01,7,69,0.996665358543396,0.0032504075206816196,0.05701234533573952,0.37992095947265625
15,350,5,0.01,7,70,0.9982119202613831,0.0017429309664294124,0.04174842471793891,0.42499783635139465
15,350,5,0.01,7,71,0.9967035055160522,0.003213235642760992,0.05668540943453608,0.989508867263794
15,350,5,0.01,7,72,0.9961875677108765,0.003716143313795328,0.0609601780984548,0.4521867334842682
15,350,5,0.01,7,73,0.9978007674217224,0.0021436752285808325,0.046299840481159676,0.7369847297668457
15,350,5,0.01,7,74,0.9875631928443909,0.01212263759225607,0.11010285006418348,1.0095573663711548
15,350,5,0.01,7,75,0.9842276573181152,0.01537391822785139,0.1239916054733198,1.8036248683929443
15,350,5,0.01,7,76,0.9975830912590027,0.002355882665142417,0.04853743570835214,0.5113143920898438
15,350,5,0.01,7,77,0.9981361627578735,0.0018167388625442982,0.04262321975806495,1.3308771848678589
15,350,5,0.01,7,78,0.996924638748169,0.0029976628720760345,0.05475091663229059,0.41901224851608276
15,350,5,0.01,7,79,0.9969924092292786,0.0029316414147615433,0.05414463421948239,0.36160627007484436
15,350,5,0.01,7,80,0.9983267784118652,0.001630976446904242,0.04038534940921326,0.8352406024932861
15,350,5,0.01,7,81,0.9973065257072449,0.002625438617542386,0.05123903411992059,0.5214417576789856
15,350,5,0.01,7,82,0.996578574180603,0.00333498721010983,0.05774934813580002,0.47039303183555603
15,350,5,0.01,7,83,0.9976280927658081,0.002311977092176676,0.04808302291013613,0.49430346488952637
15,350,5,0.01,7,84,0.9974302649497986,0.0025048204697668552,0.0500481814831154,0.9711509346961975
15,350,5,0.01,7,85,0.9975712895393372,0.0023673484101891518,0.04865540473769745,0.492119163274765
15,350,5,0.01,7,86,0.9937041401863098,0.0061368076130747795,0.07833777896439738,1.3149182796478271
15,350,5,0.01,7,87,0.9272230267524719,0.0709385871887207,0.266342987872256,2.434809923171997
15,350,5,0.01,7,88,0.9964715242385864,0.00343936774879694,0.05864612305001022,0.6914103627204895
15,350,5,0.01,7,89,0.9959073662757874,0.003989249002188444,0.06316050191526698,0.6571712493896484
15,350,5,0.01,7,90,0.9966686964035034,0.003247144166380167,0.056983718432374764,0.8839772343635559
15,350,5,0.01,7,91,0.9954784512519836,0.004407326690852642,0.06638769984607572,1.482520341873169
15,350,5,0.01,7,92,0.9964993000030518,0.0034122667275369167,0.05841461056565315,0.41047757863998413
15,350,5,0.01,7,93,0.9965454936027527,0.0033672628924250603,0.058028121565539756,0.850355863571167
15,350,5,0.01,7,94,0.9976681470870972,0.0022729479242116213,0.04767544361840403,1.0733035802841187
15,350,5,0.01,7,95,0.997035026550293,0.0028900757897645235,0.05375942512494459,0.9128645062446594
15,350,5,0.01,7,96,0.9982608556747437,0.0016952338628470898,0.04117321778592353,0.8839229941368103
15,350,5,0.01,7,97,0.9981637597084045,0.0017898704390972853,0.042306860425908296,0.7737425565719604
15,350,5,0.01,7,98,0.993640661239624,0.0061987233348190784,0.07873197149074243,1.5880647897720337
15,350,5,0.01,7,99,0.9978575110435486,0.0020883469842374325,0.045698435249332474,1.107344627380371
15,350,5,0.01,7,100,0.9979959726333618,0.00195340346544981,0.044197324188799146,0.8641901016235352
16,350,5,0.01,7,1,0.9878947138786316,0.01179947704076767,0.1086253977703542,0.863258957862854
16,350,5,0.01,7,2,0.9931678771972656,0.006659560836851597,0.08160613234832047,1.0350555181503296
16,350,5,0.01,7,3,0.9915057420730591,0.00827969890087843,0.09099285082289943,1.8893235921859741
16,350,5,0.01,7,4,0.9960671067237854,0.0038335167337208986,0.06191539981071671,1.2483786344528198
16,350,5,0.01,7,5,0.9955355525016785,0.004351670853793621,0.06596719528518415,1.24887216091156
16,350,5,0.01,7,6,0.9879051446914673,0.011789337731897831,0.10857871675378113,1.7042067050933838
16,350,5,0.01,7,7,0.996806800365448,0.003112535225227475,0.05579009970619765,1.3168853521347046
16,350,5,0.01,7,8,0.9841764569282532,0.0154238510876894,0.1241927980508105,1.0616801977157593
16,350,5,0.01,7,9,0.9970987439155579,0.0028279954567551613,0.05317890048463922,1.4738682508468628
16,350,5,0.01,7,10,0.9954493045806885,0.004435750190168619,0.06660142783881302,0.8788987398147583
16,350,5,0.01,7,11,0.9966077208518982,0.003306611208245158,0.05750314085547987,0.8549730777740479
16,350,5,0.01,7,12,0.9970428943634033,0.002882393542677164,0.05368792734570002,1.0766936540603638
16,350,5,0.01,7,13,0.996110737323761,0.0037910311948508024,0.061571350438745474,2.7153890132904053
16,350,5,0.01,7,14,0.9967163801193237,0.003200697712600231,0.05657470912519331,0.586920976638794
16,350,5,0.01,7,15,0.9974592328071594,0.002476598834618926,0.04976543815359136,1.289627194404602
16,350,5,0.01,7,16,0.9975067377090454,0.002430294407531619,0.049298016263655264,0.8277378678321838
16,350,5,0.01,7,17,0.9965357184410095,0.003376748412847519,0.05810979618659421,1.096630334854126
16,350,5,0.01,7,18,0.9972093105316162,0.0027202123310416937,0.05215565483283374,1.0676668882369995
16,350,5,0.01,7,19,0.9943488836288452,0.0055083599872887135,0.07421832649210512,1.0022355318069458
16,350,5,0.01,7,20,0.9953670501708984,0.0045159244909882545,0.06720062865024594,1.0139381885528564
16,350,5,0.01,7,21,0.9932687282562256,0.00656122388318181,0.08100138198316008,1.3233859539031982
16,350,5,0.01,7,22,0.9972318410873413,0.002698223339393735,0.05194442548911033,1.0423674583435059
16,350,5,0.01,7,23,0.9920517802238464,0.007747462950646877,0.08801967365678469,0.5615811944007874
16,350,5,0.01,7,24,0.9968376159667969,0.0030825005378574133,0.05552027141375854,0.46082794666290283
16,350,5,0.01,7,25,0.9931707382202148,0.006656760815531015,0.08158897484054457,2.283487319946289
16,350,5,0.01,7,26,0.996006429195404,0.003892704378813505,0.06239154092353791,0.5292757153511047
16,350,5,0.01,7,27,0.9959187507629395,0.0039781308732926846,0.06307242561763964,0.6859009265899658
16,350,5,0.01,7,28,0.9977558255195618,0.0021874583326280117,0.04677027188960966,0.5132336020469666
16,350,5,0.01,7,29,0.9977274537086487,0.0022151286248117685,0.04706515297767307,0.4635014832019806
16,350,5,0.01,7,30,0.9964085817337036,0.0035007114056497812,0.059166810000622655,0.5150660276412964
16,350,5,0.01,7,31,0.9960172176361084,0.0038821990601718426,0.06230729540087455,1.6844555139541626
16,350,5,0.01,7,32,0.9968608617782593,0.003059819107875228,0.05531563167744926,1.0887528657913208
16,350,5,0.01,7,33,0.997677743434906,0.002263623522594571,0.04757755271758491,0.5828662514686584
16,350,5,0.01,7,34,0.9848096370697021,0.014806640334427357,0.12168253915179185,0.7871192097663879
16,350,5,0.01,7,35,0.9971064925193787,0.0028203886467963457,0.05310733138462472,1.031765103340149
16,350,5,0.01,7,36,0.9955171942710876,0.0043695890344679356,0.06610286706692786,1.946553111076355
16,350,5,0.01,7,37,0.9978061318397522,0.002138474490493536,0.04624364270354938,0.6582670211791992
16,350,5,0.01,7,38,0.9961350560188293,0.0037673350889235735,0.061378620780558224,0.4105914831161499
16,350,5,0.01,7,39,0.9976553320884705,0.00228544301353395,0.04780630725682491,0.9691541790962219
16,350,5,0.01,7,40,0.9977335929870605,0.0022091511636972427,0.047001608096928375,0.6756462454795837
16,350,5,0.01,7,41,0.9968053102493286,0.00311401579529047,0.055803367239714755,0.3892383873462677
16,350,5,0.01,7,42,0.9974358677864075,0.0024993601255118847,0.04999360084562708,0.5268794298171997
16,350,5,0.01,7,43,0.997948944568634,0.001999242464080453,0.04471288923879168,0.5682585835456848
16,350,5,0.01,7,44,0.9937017560005188,0.0061391317285597324,0.07835261149802049,0.940348207950592
16,350,5,0.01,7,45,0.9969472289085388,0.002975637326017022,0.05454940261833325,0.7416667938232422
16,350,5,0.01,7,46,0.9961743354797363,0.0037290072068572044,0.06106559757225998,1.0353397130966187
16,350,5,0.01,7,47,0.9972401261329651,0.0026901308447122574,0.051866471296129806,0.675014078617096
16,350,5,0.01,7,48,0.9942331314086914,0.005621171090751886,0.07497446959300137,0.718979001045227
16,350,5,0.01,7,49,0.993893563747406,0.005952177569270134,0.077150356896583,1.1518915891647339
16,350,5,0.01,7,50,0.9978733658790588,0.00207293382845819,0.04552948306820746,0.3635108768939972
16,350,5,0.01,7,51,0.9965758323669434,0.0033376473002135754,0.05777237488812084,0.5895962715148926
16,350,5,0.01,7,52,0.9912924766540527,0.008487535640597343,0.09212782229379649,0.8872422575950623
16,350,5,0.01,7,53,0.9969329833984375,0.002989558968693018,0.05467685953575807,1.007358193397522
16,350,5,0.01,7,54,0.9969968795776367,0.002927257213741541,0.054104133056001744,0.7835239171981812
16,350,5,0.01,7,55,0.9933951497077942,0.006438032723963261,0.08023735242368893,0.4293488562107086
16,350,5,0.01,7,56,0.9979367256164551,0.002011144533753395,0.0448457861315129,0.9637088179588318
16,350,5,0.01,7,57,0.995662271976471,0.004228146746754646,0.06502420123888218,0.3676837384700775
16,350,5,0.01,7,58,0.9958978891372681,0.0039984798058867455,0.06323353387156806,0.712199866771698
16,350,5,0.01,7,59,0.9958913922309875,0.0040047955699265,0.06328345415609439,0.7347561717033386
16,350,5,0.01,7,60,0.9963170886039734,0.003589893225580454,0.05991571768393043,1.8388372659683228
16,350,5,0.01,7,61,0.9914998412132263,0.008285453543066978,0.09102446672772645,1.1571600437164307
16,350,5,0.01,7,62,0.9980410933494568,0.001909401617012918,0.043696700298911796,0.5938736200332642
16,350,5,0.01,7,63,0.9971928000450134,0.00273631582967937,0.05230980624777127,0.4630957841873169
16,350,5,0.01,7,64,0.996021032333374,0.0038784509524703026,0.062277210538609566,1.1180115938186646
16,350,5,0.01,7,65,0.996249258518219,0.003656000830233097,0.060464872696741015,0.5904784798622131
16,350,5,0.01,7,66,0.997853696346283,0.00209211278706789,0.04573961944603267,0.5793325901031494
16,350,5,0.01,7,67,0.9969121217727661,0.003009852720424533,0.054862124643733336,0.4896934926509857
16,350,5,0.01,7,68,0.9933311939239502,0.006500333081930876,0.08062464314296762,1.1681324243545532
16,350,5,0.01,7,69,0.9976409673690796,0.002299446612596512,0.047952545423538384,0.8184005618095398
16,350,5,0.01,7,70,0.9970903396606445,0.0028361533768475056,0.053255547850411845,0.4929845333099365
16,350,5,0.01,7,71,0.9834577441215515,0.016124367713928223,0.1269817613436206,0.5991855263710022
16,350,5,0.01,7,72,0.9962711930274963,0.003634612774476409,0.06028774978780025,0.5572205185890198
16,350,5,0.01,7,73,0.9975737929344177,0.0023649248760193586,0.048630493273453014,0.499481201171875
16,350,5,0.01,7,74,0.9942856431007385,0.0055700307711958885,0.07463263877953055,0.9615858793258667
16,350,5,0.01,7,75,0.997286856174469,0.0026446180418133736,0.05142584993768575,0.673130214214325
16,350,5,0.01,7,76,0.996475338935852,0.0034356440883129835,0.05861436759287763,0.5498837232589722
16,350,5,0.01,7,77,0.9967895746231079,0.003129338612779975,0.055940491710209116,0.6520932912826538
16,350,5,0.01,7,78,0.9964567422866821,0.003453741781413555,0.058768544149175206,0.3304685056209564
16,350,5,0.01,7,79,0.9978757500648499,0.002070602960884571,0.04550387852573197,0.9335724711418152
16,350,5,0.01,7,80,0.9963577389717102,0.003550271037966013,0.05958415089573747,0.5503832101821899
16,350,5,0.01,7,81,0.9952928423881531,0.004588226322084665,0.0677364475159767,0.317189484834671
16,350,5,0.01,7,82,0.9951143264770508,0.004762269090861082,0.06900919569782771,0.4625789523124695
16,350,5,0.01,7,83,0.9953581094741821,0.004524611867964268,0.06726523521080015,1.3627318143844604
16,350,5,0.01,7,84,0.9978095293045044,0.002135123359039426,0.04620739506874875,0.6493526101112366
16,350,5,0.01,7,85,0.9915071129798889,0.008278329856693745,0.09098532770009539,0.9473230242729187
16,350,5,0.01,7,86,0.997186541557312,0.0027424085419625044,0.052368010674098596,0.40396401286125183
16,350,5,0.01,7,87,0.9969751238822937,0.002948490669950843,0.0543000061689761,0.831969141960144
16,350,5,0.01,7,88,0.9970353245735168,0.002889782190322876,0.053756694376820416,0.566536545753479
16,350,5,0.01,7,89,0.9975274801254272,0.002410090295597911,0.04909267048753725,0.754151463508606
16,350,5,0.01,7,90,0.9950741529464722,0.004801441449671984,0.06929243428883115,1.4584237337112427
16,350,5,0.01,7,91,0.997886598110199,0.0020600445568561554,0.045387713721404335,0.42567142844200134
16,350,5,0.01,7,92,0.996845006942749,0.0030753230676054955,0.055455595458037375,0.8189440965652466
16,350,5,0.01,7,93,0.9979323148727417,0.0020154695957899094,0.0448939817324094,0.660469114780426
16,350,5,0.01,7,94,0.9973013997077942,0.002630441915243864,0.051287833988616284,0.8804384469985962
16,350,5,0.01,7,95,0.9970760345458984,0.0028501194901764393,0.05338651037646532,1.0191916227340698
16,350,5,0.01,7,96,0.9953389167785645,0.004543363116681576,0.0674044740108665,0.6856779456138611
16,350,5,0.01,7,97,0.9959823489189148,0.00391616765409708,0.06257929093635593,0.5070948004722595
16,350,5,0.01,7,98,0.997241199016571,0.0026890975423157215,0.051856509160526046,0.7555532455444336
16,350,5,0.01,7,99,0.9951789975166321,0.00469921063631773,0.06855078873592725,0.6188089847564697
16,350,5,0.01,7,100,0.9980676770210266,0.0018835394876077771,0.04339976368147386,0.34512442350387573
17,350,5,0.01,7,1,0.9864554405212402,0.013202386908233166,0.11490164014596643,4.334842205047607
17,350,5,0.01,7,2,0.99309903383255,0.00672666123136878,0.08201622541527244,2.7920429706573486
17,350,5,0.01,7,3,0.9943082332611084,0.005547995679080486,0.07448486879279903,0.5908359885215759
17,350,5,0.01,7,4,0.9956453442573547,0.004244648385792971,0.06515096611557629,0.4790298640727997
17,350,5,0.01,7,5,0.9810119867324829,0.018508365377783775,0.1360454533521197,0.9443604946136475
17,350,5,0.01,7,6,0.9966251254081726,0.003289642045274377,0.057355401186587274,0.6372365951538086
17,350,5,0.01,7,7,0.9967343211174011,0.0031831683591008186,0.05641957425487026,0.6258307695388794
17,350,5,0.01,7,8,0.9949584603309631,0.004914204124361277,0.0701013846108711,0.575617790222168
17,350,5,0.01,7,9,0.9966698884963989,0.003245983738452196,0.05697353542173942,0.5791259407997131
17,350,5,0.01,7,10,0.9889068603515625,0.01081289816647768,0.10398508626951117,1.8408766984939575
17,350,5,0.01,7,11,0.9965360760688782,0.0033764184918254614,0.058106957344413256,1.3718994855880737
17,350,5,0.01,7,12,0.9941953420639038,0.0056579988449811935,0.07521967059872832,1.4778388738632202
17,350,5,0.01,7,13,0.9975757598876953,0.002362978644669056,0.04861047875375284,1.028272271156311
17,350,5,0.01,7,14,0.9875690937042236,0.0121168727055192,0.1100766673983147,1.4499396085739136
17,350,5,0.01,7,15,0.9937006235122681,0.006140276324003935,0.07835991528839177,1.0900132656097412
17,350,5,0.01,7,16,0.9949199557304382,0.004951694514602423,0.0703682777578251,0.49462467432022095
17,350,5,0.01,7,17,0.9956259727478027,0.004263526760041714,0.06529568714732784,0.4565581679344177
17,350,5,0.01,7,18,0.996793806552887,0.003125184215605259,0.055903347087676775,0.988997220993042
17,350,5,0.01,7,19,0.9942234754562378,0.005630596540868282,0.07503730099669285,1.2269645929336548
17,350,5,0.01,7,20,0.9963851571083069,0.003523502266034484,0.05935909589973961,0.6572239398956299
17,350,5,0.01,7,21,0.9963986873626709,0.0035103384871035814,0.05924810956565265,0.4308532774448395
17,350,5,0.01,7,22,0.9945393204689026,0.005322717595845461,0.0729569571449184,0.45454344153404236
17,350,5,0.01,7,23,0.9928135871887207,0.007004876621067524,0.08369514096449998,1.1820992231369019
17,350,5,0.01,7,24,0.9974725246429443,0.002463606186211109,0.049634727623017225,0.6669839024543762
17,350,5,0.01,7,25,0.9973572492599487,0.0025759893469512463,0.05075420521445732,0.9008179903030396
17,350,5,0.01,7,26,0.9971864223480225,0.002742511685937643,0.0523689954642787,0.9319362044334412
17,350,5,0.01,7,27,0.9966852068901062,0.003231084905564785,0.05684263281696921,1.2852513790130615
17,350,5,0.01,7,28,0.9965968132019043,0.00331723946146667,0.05759548125909419,1.2174649238586426
17,350,5,0.01,7,29,0.9944276213645935,0.005431613884866238,0.07369948361329431,0.5959258675575256
17,350,5,0.01,7,30,0.996740996837616,0.003176688449457288,0.0563621189227063,1.3829361200332642
17,350,5,0.01,7,31,0.9978273510932922,0.002117762342095375,0.046019151905433625,0.553310751914978
17,350,5,0.01,7,32,0.9977137446403503,0.0022284958977252245,0.04720694755780366,0.6343116760253906
17,350,5,0.01,7,33,0.9965069890022278,0.0034047511871904135,0.05835024581945147,0.5378710627555847
17,350,5,0.01,7,34,0.9948940277099609,0.004976974334567785,0.07054767419672874,0.7045049667358398
17,350,5,0.01,7,35,0.9970595240592957,0.002866179682314396,0.05353671340598334,1.1944094896316528
17,350,5,0.01,7,36,0.9973157644271851,0.0026164245791733265,0.05115099783164866,0.49538829922676086
17,350,5,0.01,7,37,0.9960062503814697,0.0038928810972720385,0.0623929571127386,0.5607808232307434
17,350,5,0.01,7,38,0.9971740245819092,0.002754592103883624,0.05248420813810211,0.6638155579566956
17,350,5,0.01,7,39,0.9932902455329895,0.006540251430124044,0.08087182098929172,1.8960777521133423
17,350,5,0.01,7,40,0.9972989559173584,0.0026327872183173895,0.05131069302121527,0.43673548102378845
17,350,5,0.01,7,41,0.9906508326530457,0.009113016538321972,0.09546212096073485,0.5808476805686951
17,350,5,0.01,7,42,0.9976890087127686,0.002252618782222271,0.04746176126338203,0.41642212867736816
17,350,5,0.01,7,43,0.9963775873184204,0.003530884627252817,0.059421247271096704,0.766049861907959
17,350,5,0.01,7,44,0.9832924604415894,0.016285495832562447,0.12761463800270895,0.7875461578369141
17,350,5,0.01,7,45,0.9966668486595154,0.003248973283916712,0.05699976564791045,1.1557984352111816
17,350,5,0.01,7,46,0.9980895519256592,0.001862187054939568,0.04315306541764522,0.5328193306922913
17,350,5,0.01,7,47,0.9936528205871582,0.0061868587508797646,0.0786565874601725,1.5186084508895874
17,350,5,0.01,7,48,0.9964648485183716,0.0034458618611097336,0.05870146387535607,0.49058079719543457
17,350,5,0.01,7,49,0.9972627758979797,0.0026680617593228817,0.05165328410975319,1.149911642074585
17,350,5,0.01,7,50,0.997575581073761,0.002363191219046712,0.04861266521233651,1.0494087934494019
17,350,5,0.01,7,51,0.9957479238510132,0.004144694656133652,0.0643793030106233,1.1298644542694092
17,350,5,0.01,7,52,0.9974753260612488,0.002460918854922056,0.04960764915738354,1.1270147562026978
17,350,5,0.01,7,53,0.9887961149215698,0.010920842178165913,0.10450283334994277,0.49906137585639954
17,350,5,0.01,7,54,0.9956840872764587,0.004206862300634384,0.06486032917457622,0.46997976303100586
17,350,5,0.01,7,55,0.9966111183166504,0.003303298493847251,0.057474328998669055,0.6199464797973633
17,350,5,0.01,7,56,0.9961440563201904,0.0037585643585771322,0.06130713138434331,1.0698375701904297
17,350,5,0.01,7,57,0.9977961182594299,0.0021482277661561966,0.046348978048671115,0.4741973578929901
17,350,5,0.01,7,58,0.9980399012565613,0.001910597668029368,0.04371038398400737,0.3534204959869385
17,350,5,0.01,7,59,0.9957441091537476,0.004148382693529129,0.06440793967772242,0.3542807698249817
17,350,5,0.01,7,60,0.9979194402694702,0.0020280256867408752,0.04503360619294079,0.5054337978363037
17,350,5,0.01,7,61,0.9976468682289124,0.0022936866153031588,0.047892448416249914,0.6298069357872009
17,350,5,0.01,7,62,0.9971151947975159,0.0028119338676333427,0.05302767077322313,0.7630907893180847
17,350,5,0.01,7,63,0.9959428906440735,0.003954649902880192,0.06288600721050902,0.7448457479476929
17,350,5,0.01,7,64,0.9977055788040161,0.0022364456672221422,0.04729107386412516,0.6900398135185242
17,350,5,0.01,7,65,0.9975544810295105,0.0023837555199861526,0.048823718825855046,0.5032541751861572
17,350,5,0.01,7,66,0.9970594048500061,0.002866327064111829,0.05353808984369753,0.6411135196685791
17,350,5,0.01,7,67,0.9904209971427917,0.009337043389678001,0.0966283777659441,1.039204478263855
17,350,5,0.01,7,68,0.9970571994781494,0.0028684441931545734,0.053557858369753485,0.5188838243484497
17,350,5,0.01,7,69,0.9973132014274597,0.0026189552154392004,0.051175728772917345,1.148227334022522
17,350,5,0.01,7,70,0.9977097511291504,0.0022324002347886562,0.047248282876615276,0.4210500419139862
17,350,5,0.01,7,71,0.9983370900154114,0.001620910712517798,0.04026053542264184,1.0030078887939453
17,350,5,0.01,7,72,0.9972425103187561,0.0026878153439611197,0.05184414474134104,0.496489554643631
17,350,5,0.01,7,73,0.9967314600944519,0.00318595627322793,0.05644427582339887,0.5557750463485718
17,350,5,0.01,7,74,0.9971939325332642,0.0027352103497833014,0.05229923852010946,1.2991873025894165
17,350,5,0.01,7,75,0.9979447722434998,0.0020033062901347876,0.04475830973277239,0.6765263080596924
17,350,5,0.01,7,76,0.9969432950019836,0.0029794787988066673,0.05458460221350585,1.492145299911499
17,350,5,0.01,7,77,0.9977208375930786,0.0022215854842215776,0.047133697968879736,1.1033413410186768
17,350,5,0.01,7,78,0.9978725910186768,0.0020736628212034702,0.04553748808622924,0.8346084952354431
17,350,5,0.01,7,79,0.9983090162277222,0.0016482534119859338,0.0405986873185074,1.0274536609649658
17,350,5,0.01,7,80,0.9879792928695679,0.011717056855559349,0.10824535489137328,0.9501230716705322
17,350,5,0.01,7,81,0.9979297518730164,0.002017927821725607,0.04492135151267832,0.4543939530849457
17,350,5,0.01,7,82,0.9964854717254639,0.003425732720643282,0.05852975927375135,1.0561323165893555
17,350,5,0.01,7,83,0.9966711401939392,0.0032447788398712873,0.056962960244981015,1.5067163705825806
17,350,5,0.01,7,84,0.9980810880661011,0.0018704435788094997,0.043248625166697495,1.0316048860549927
17,350,5,0.01,7,85,0.9975516200065613,0.002386530162766576,0.04885212546825957,1.035912036895752
17,350,5,0.01,7,86,0.9917281866073608,0.00806285347789526,0.08979339328645097,2.026069164276123
17,350,5,0.01,7,87,0.9972684979438782,0.0026624964084476233,0.05159938379910775,0.76241135597229
17,350,5,0.01,7,88,0.997077465057373,0.0028487350791692734,0.05337354287630973,1.1502385139465332
17,350,5,0.01,7,89,0.9973275661468506,0.002604916924610734,0.05103838677515909,0.6308618187904358
17,350,5,0.01,7,90,0.9979774951934814,0.0019714131485670805,0.04440059851586553,0.9828270077705383
17,350,5,0.01,7,91,0.9971694350242615,0.002759064780548215,0.0525268005931088,0.7116340398788452
17,350,5,0.01,7,92,0.9971839785575867,0.0027448830660432577,0.05239163164135335,0.5862247943878174
17,350,5,0.01,7,93,0.9970889687538147,0.0028374921530485153,0.0532681157264692,1.1348923444747925
17,350,5,0.01,7,94,0.9982510209083557,0.0017048047157004476,0.04128928088136735,0.8072901368141174
17,350,5,0.01,7,95,0.9975389838218689,0.0023988555185496807,0.04897811264789284,0.9076051712036133
17,350,5,0.01,7,96,0.9983701109886169,0.001588699291460216,0.03985849083269732,0.7391765713691711
17,350,5,0.01,7,97,0.998176634311676,0.001777304569259286,0.04215809019938268,0.9768786430358887
17,350,5,0.01,7,98,0.9960886836051941,0.0038124965503811836,0.06174541724193937,0.803074300289154
17,350,5,0.01,7,99,0.9983529448509216,0.0016054401639848948,0.040067944344387006,0.44486004114151
17,350,5,0.01,7,100,0.9946847558021545,0.00518095213919878,0.07197883118805681,1.0215767621994019
18,350,5,0.01,7,1,0.9714987874031067,0.027781272307038307,0.16667714992475216,2.9195849895477295
18,350,5,0.01,7,2,0.9881625175476074,0.011538434773683548,0.10741710652258116,2.7737984657287598
18,350,5,0.01,7,3,0.9945602416992188,0.005302338395267725,0.07281715728636848,1.3753392696380615
18,350,5,0.01,7,4,0.9918160438537598,0.007977205328643322,0.08931520211388048,0.5408235788345337
18,350,5,0.01,7,5,0.9951984882354736,0.004680209327489138,0.06841205542511596,0.6554940938949585
18,350,5,0.01,7,6,0.9961878061294556,0.0037158692721277475,0.060957930346491815,1.2366197109222412
18,350,5,0.01,7,7,0.9953792095184326,0.004504065494984388,0.06711233489444685,1.3751416206359863
18,350,5,0.01,7,8,0.993071973323822,0.006753045599907637,0.08217691646629019,0.5516653060913086
18,350,5,0.01,7,9,0.9927276372909546,0.007088684011250734,0.08419432291580434,1.0746158361434937
18,350,5,0.01,7,10,0.9909462332725525,0.008825065568089485,0.09394182012335872,1.1131988763809204
18,350,5,0.01,7,11,0.99493807554245,0.0049340613186359406,0.07024287379254882,0.7040560841560364
18,350,5,0.01,7,12,0.9973491430282593,0.002583883935585618,0.05083191847240883,0.8196523785591125
18,350,5,0.01,7,13,0.9962656497955322,0.0036400414537638426,0.06033275605973792,0.6616550087928772
18,350,5,0.01,7,14,0.9911423921585083,0.00863388180732727,0.09291868384414015,0.6603333353996277
18,350,5,0.01,7,15,0.9968483448028564,0.00307203596457839,0.05542595028123911,0.9083852171897888
18,350,5,0.01,7,16,0.9973199367523193,0.0026123756542801857,0.05111140434658576,0.4679323434829712
18,350,5,0.01,7,17,0.9962714314460754,0.003634360386058688,0.060285656553268854,0.6349909901618958
18,350,5,0.01,7,18,0.9955971837043762,0.004291580058634281,0.06551015233255286,0.44620281457901
18,350,5,0.01,7,19,0.9962355494499207,0.003669347381219268,0.06057513830953478,0.6778120398521423
18,350,5,0.01,7,20,0.9972975254058838,0.002634198172017932,0.05132444029911999,0.6833474636077881
18,350,5,0.01,7,21,0.9954886436462402,0.004397406708449125,0.066312945255426,1.3135255575180054
18,350,5,0.01,7,22,0.9967560768127441,0.0031619786750525236,0.05623147406081867,0.8685352206230164
18,350,5,0.01,7,23,0.9934877753257751,0.006347741931676865,0.07967271761197094,0.7725091576576233
18,350,5,0.01,7,24,0.9974722266197205,0.0024639293551445007,0.04963798298827724,0.41832083463668823
18,350,5,0.01,7,25,0.9965053200721741,0.0034064059145748615,0.058364423363679876,1.1355409622192383
18,350,5,0.01,7,26,0.9977944493293762,0.0021498168352991343,0.046366117319645545,0.40426963567733765
18,350,5,0.01,7,27,0.984965980052948,0.014654234051704407,0.12105467381189546,0.7379503846168518
18,350,5,0.01,7,28,0.9964592456817627,0.0034512924030423164,0.05874770125751574,0.6636064648628235
18,350,5,0.01,7,29,0.9937340617179871,0.006107657682150602,0.07815150466977973,0.49075719714164734
18,350,5,0.01,7,30,0.9979538917541504,0.0019944387022405863,0.04465913906739119,0.8306635618209839
18,350,5,0.01,7,31,0.9969093799591064,0.0030125551857054234,0.05488674872594863,0.9007973074913025
18,350,5,0.01,7,32,0.995823323726654,0.004071194678544998,0.06380591413454553,0.695490300655365
18,350,5,0.01,7,33,0.9954491853713989,0.004435829818248749,0.06660202563172346,0.874497652053833
18,350,5,0.01,7,34,0.9939001798629761,0.005945747718214989,0.0771086747273936,0.5034353137016296
18,350,5,0.01,7,35,0.9975519776344299,0.0023861874360591173,0.04884861754501469,0.6204431056976318
18,350,5,0.01,7,36,0.9942970871925354,0.005558842793107033,0.07455764744885016,1.011413335800171
18,350,5,0.01,7,37,0.9974191784858704,0.002515650587156415,0.05015626169439281,0.44981393218040466
18,350,5,0.01,7,38,0.9971976280212402,0.0027315723709762096,0.052264446528937906,0.4707315266132355
18,350,5,0.01,7,39,0.9947615265846252,0.00510614737868309,0.07145731158309197,1.248289704322815
18,350,5,0.01,7,40,0.9971070885658264,0.002819844987243414,0.05310221263980828,1.41011643409729
18,350,5,0.01,7,41,0.993327260017395,0.0065041943453252316,0.08064858551348084,1.1866886615753174
18,350,5,0.01,7,42,0.9978554844856262,0.0020903353579342365,0.0457201854538478,0.5422465801239014
18,350,5,0.01,7,43,0.9971848130226135,0.002744075143709779,0.05238392065996759,0.8135277032852173
18,350,5,0.01,7,44,0.9972944855690002,0.0026371865533292294,0.05135354470072372,0.459629088640213
18,350,5,0.01,7,45,0.9980688095092773,0.0018824109574779868,0.043386760163418366,0.6139793992042542
18,350,5,0.01,7,46,0.9974055886268616,0.0025288790930062532,0.050287961710594846,0.7207926511764526
18,350,5,0.01,7,47,0.9977144002914429,0.0022278432734310627,0.04720003467616377,1.0681885480880737
18,350,5,0.01,7,48,0.9980156421661377,0.00193421368021518,0.043979696226954315,0.6196310520172119
18,350,5,0.01,7,49,0.9960399866104126,0.0038599688559770584,0.06212864762713782,0.7681328654289246
18,350,5,0.01,7,50,0.9915282726287842,0.008257735520601273,0.09087208328524923,1.2307065725326538
18,350,5,0.01,7,51,0.9981253743171692,0.0018272730521857738,0.04274661451139463,0.7785513401031494
18,350,5,0.01,7,52,0.9829874038696289,0.01658286526799202,0.12877447444269388,0.7362020015716553
18,350,5,0.01,7,53,0.9981800317764282,0.0017739778850227594,0.04211861684603092,0.6305835247039795
18,350,5,0.01,7,54,0.9977014064788818,0.002240536967292428,0.047334310677271174,0.7219188213348389
18,350,5,0.01,7,55,0.9946205615997314,0.0052435449324548244,0.07241232583238039,0.5759479403495789
18,350,5,0.01,7,56,0.9974220991134644,0.0025127858389168978,0.050127695328200536,0.8553997874259949
18,350,5,0.01,7,57,0.9973738193511963,0.0025598183274269104,0.05059464722109356,0.4343618154525757
18,350,5,0.01,7,58,0.9981249570846558,0.001827671774663031,0.04275127804713014,1.1667308807373047
18,350,5,0.01,7,59,0.9969372153282166,0.0029854443855583668,0.054639220213674046,0.6632856726646423
18,350,5,0.01,7,60,0.9812045693397522,0.018320661038160324,0.13535383643680118,0.9665124416351318
18,350,5,0.01,7,61,0.9965462684631348,0.00336646381765604,0.058021235919756484,0.8151715397834778
18,350,5,0.01,7,62,0.9970319271087646,0.00289307814091444,0.053787341827928624,0.7710958123207092
18,350,5,0.01,7,63,0.9956895112991333,0.0042015742510557175,0.06481955145676123,1.159865379333496
18,350,5,0.01,7,64,0.9982976913452148,0.0016592831816524267,0.040734299817873715,0.797851026058197
18,350,5,0.01,7,65,0.9966742992401123,0.0032416940666735172,0.05693587679726657,1.1380281448364258
18,350,5,0.01,7,66,0.992957353591919,0.006864736322313547,0.08285370433670149,0.7688918113708496
18,350,5,0.01,7,67,0.9974139332771301,0.002520759589970112,0.05020716671920565,1.163626790046692
18,350,5,0.01,7,68,0.9978798627853394,0.002066576387733221,0.04545961270989032,1.3575278520584106
18,350,5,0.01,7,69,0.9981873631477356,0.0017668481450527906,0.042033892813452226,1.3502885103225708
18,350,5,0.01,7,70,0.9982258081436157,0.0017293533310294151,0.041585494238128455,1.5974990129470825
18,350,5,0.01,7,71,0.9982869625091553,0.0016697600949555635,0.040862698087076474,0.5180555582046509
18,350,5,0.01,7,72,0.996903657913208,0.003018119838088751,0.05493741746832254,1.565947413444519
18,350,5,0.01,7,73,0.9977395534515381,0.0022033569402992725,0.046939929061506604,1.1981449127197266
18,350,5,0.01,7,74,0.9974275827407837,0.0025074128061532974,0.05007407319315353,0.7743507623672485
18,350,5,0.01,7,75,0.9844391345977783,0.01516778115183115,0.12315754606125907,2.1456000804901123
18,350,5,0.01,7,76,0.9983665943145752,0.0015921663725748658,0.03990195950795983,0.9294724464416504
18,350,5,0.01,7,77,0.99835205078125,0.0016063477378338575,0.040079268179868975,0.9987290501594543
18,350,5,0.01,7,78,0.9960853457450867,0.003815749194473028,0.06177175078037717,0.5535901784896851
18,350,5,0.01,7,79,0.9979985356330872,0.0019509200938045979,0.044169221113854816,0.48121440410614014
18,350,5,0.01,7,80,0.997798502445221,0.0021459092386066914,0.046323959660273986,1.147394061088562
18,350,5,0.01,7,81,0.9957544803619385,0.004138270393013954,0.06432938980756739,0.867257297039032
18,350,5,0.01,7,82,0.9982714056968689,0.0016849343664944172,0.04104795203776209,0.7320373058319092
18,350,5,0.01,7,83,0.9972721934318542,0.002658882411196828,0.051564352135916806,0.7507216930389404
18,350,5,0.01,7,84,0.9980596303939819,0.0018913738895207644,0.04348992859870851,1.817050814628601
18,350,5,0.01,7,85,0.9955658316612244,0.004322136286646128,0.06574295617513809,1.0202447175979614
18,350,5,0.01,7,86,0.9968544244766235,0.003066139994189143,0.055372736921603785,0.5363145470619202
18,350,5,0.01,7,87,0.9971703886985779,0.002758111571893096,0.0525177262635493,0.4307520389556885
18,350,5,0.01,7,88,0.9972847104072571,0.002646686742082238,0.05144595943397536,0.6414673328399658
18,350,5,0.01,7,89,0.9979719519615173,0.0019768106285482645,0.04446133858250631,1.4698631763458252
18,350,5,0.01,7,90,0.9971824884414673,0.0027463312726467848,0.05240545079137079,1.084856390953064
18,350,5,0.01,7,91,0.9970261454582214,0.00289874617010355,0.053840005294423496,0.5337490439414978
18,350,5,0.01,7,92,0.9967427849769592,0.0031749140471220016,0.05634637563430324,0.7227400541305542
18,350,5,0.01,7,93,0.9970185160636902,0.002906190464273095,0.053909094448646555,1.797930121421814
18,350,5,0.01,7,94,0.9982379674911499,0.0017175193643197417,0.04144296519699986,0.9850682616233826
18,350,5,0.01,7,95,0.9978331923484802,0.0021120908204466105,0.045957489274835395,0.5927881002426147
18,350,5,0.01,7,96,0.9963032007217407,0.003603411605581641,0.060028423314140454,2.398353338241577
18,350,5,0.01,7,97,0.9964424967765808,0.00346764107234776,0.058886679922948285,0.7218331098556519
18,350,5,0.01,7,98,0.9984295964241028,0.0015307372668758035,0.039124637594178474,0.6075260043144226
18,350,5,0.01,7,99,0.9853357076644897,0.014293842017650604,0.11955685684079606,0.7968416810035706
18,350,5,0.01,7,100,0.9982660412788391,0.0016901643248274922,0.04111160815180418,0.3351656198501587
19,350,5,0.01,7,1,0.9722297787666321,0.02706872671842575,0.16452576308416184,4.348891258239746
19,350,5,0.01,7,2,0.9912405014038086,0.008538215421140194,0.09240246436724615,0.7906749248504639
19,350,5,0.01,7,3,0.9933274984359741,0.006503961980342865,0.0806471448988919,0.5950573086738586
19,350,5,0.01,7,4,0.9942904114723206,0.005565371830016375,0.07460141975871756,0.4686737656593323
19,350,5,0.01,7,5,0.9883317351341248,0.011373533867299557,0.10664677148090118,2.543667793273926
19,350,5,0.01,7,6,0.9872857928276062,0.012393045239150524,0.11132405507863305,2.0316162109375
19,350,5,0.01,7,7,0.9768494963645935,0.022565733641386032,0.15021895233753307,1.7242757081985474
19,350,5,0.01,7,8,0.9955766797065735,0.004311589058488607,0.06566269152638055,0.6234942674636841
19,350,5,0.01,7,9,0.9821348786354065,0.017413808032870293,0.131961388416727,2.1363525390625
19,350,5,0.01,7,10,0.9960379004478455,0.003861987730488181,0.06214489303625988,1.6523377895355225
19,350,5,0.01,7,11,0.989169180393219,0.010557242669165134,0.1027484436337852,2.6865928173065186
19,350,5,0.01,7,12,0.9944982528686523,0.005362775642424822,0.07323097461064425,1.3624428510665894
19,350,5,0.01,7,13,0.9951050877571106,0.004771285690367222,0.06907449377568554,0.694970428943634
19,350,5,0.01,7,14,0.9950959086418152,0.004780233837664127,0.06913923515388443,1.5805788040161133
19,350,5,0.01,7,15,0.9876427054405212,0.012045137584209442,0.10975034206875822,3.1884303092956543
19,350,5,0.01,7,16,0.9945705533027649,0.005292310379445553,0.07274826719204762,2.341439723968506
19,350,5,0.01,7,17,0.9972330331802368,0.0026970996987074614,0.051933608566201724,1.5128713846206665
19,350,5,0.01,7,18,0.9970520734786987,0.0028734502848237753,0.05360457335735241,0.6823378801345825
19,350,5,0.01,7,19,0.9965692162513733,0.003344115102663636,0.05782832439785573,0.503810465335846
19,350,5,0.01,7,20,0.9971727728843689,0.002755780704319477,0.05249553032706191,0.5917314291000366
19,350,5,0.01,7,21,0.996016800403595,0.0038825953379273415,0.06231047534666496,0.869201123714447
19,350,5,0.01,7,22,0.9937994480133057,0.006043911445885897,0.07774259737033422,0.8625938892364502
19,350,5,0.01,7,23,0.9973390102386475,0.0025937482714653015,0.05092885499856934,0.36863425374031067
19,350,5,0.01,7,24,0.9966049790382385,0.003309265710413456,0.05752621759175077,1.9773281812667847
19,350,5,0.01,7,25,0.9969757199287415,0.0029478692449629307,0.05429428372271736,0.6283867359161377
19,350,5,0.01,7,26,0.9973801374435425,0.0025536692701280117,0.05053384281971847,0.5558105111122131
19,350,5,0.01,7,27,0.9968391060829163,0.0030810520984232426,0.05550722564156168,0.38664528727531433
19,350,5,0.01,7,28,0.9942987561225891,0.005557229742407799,0.07454682919083681,1.5932165384292603
19,350,5,0.01,7,29,0.9967214465141296,0.0031957293394953012,0.05653078222964283,0.9887110590934753
19,350,5,0.01,7,30,0.9965245723724365,0.0033876136876642704,0.058203210286583595,0.7274174690246582
19,350,5,0.01,7,31,0.9942330121994019,0.005621296353638172,0.07497530495862069,0.5918117165565491
19,350,5,0.01,7,32,0.9956997036933899,0.0041916402988135815,0.06474287836367473,1.2463135719299316
19,350,5,0.01,7,33,0.9967567920684814,0.0031613055616617203,0.05622548854088971,1.3238097429275513
19,350,5,0.01,7,34,0.9969792366027832,0.0029444764368236065,0.05426303011096603,1.1776082515716553
19,350,5,0.01,7,35,0.9968200922012329,0.003099598689004779,0.05567403963253231,0.6046093106269836
19,350,5,0.01,7,36,0.9896482229232788,0.010090303607285023,0.10045050327044172,2.5673742294311523
19,350,5,0.01,7,37,0.9966955780982971,0.003220923012122512,0.056753176229375146,0.7362598180770874
19,350,5,0.01,7,38,0.9972109198570251,0.002718620700761676,0.05214039413699973,0.6904453635215759
19,350,5,0.01,7,39,0.9973087310791016,0.002623300300911069,0.05121816377918159,0.8750112056732178
19,350,5,0.01,7,40,0.981069028377533,0.01845274679362774,0.1358408877828312,2.5431272983551025
19,350,5,0.01,7,41,0.9958284497261047,0.00406615762040019,0.06376643019959789,2.0042920112609863
19,350,5,0.01,7,42,0.9969912171363831,0.0029327599331736565,0.05415496222114513,0.5683557987213135
19,350,5,0.01,7,43,0.9973880052566528,0.0025460380129516125,0.050458279924623,0.7902197241783142
19,350,5,0.01,7,44,0.9974310994148254,0.0025040165055543184,0.050040148936172424,0.7267952561378479
19,350,5,0.01,7,45,0.9968512058258057,0.003069269470870495,0.05540098799543646,1.0206540822982788
19,350,5,0.01,7,46,0.9955908060073853,0.0042978255078196526,0.06555780279890146,0.5626592636108398
19,350,5,0.01,7,47,0.996063232421875,0.003837320487946272,0.0619461095464943,0.6916934251785278
19,350,5,0.01,7,48,0.9956165552139282,0.004272738005965948,0.06536618396362104,0.5394189953804016
19,350,5,0.01,7,49,0.994713544845581,0.005152900703251362,0.07178370778422749,0.6504567265510559
19,350,5,0.01,7,50,0.997525155544281,0.0024123545736074448,0.04911572633696304,0.8893207907676697
19,350,5,0.01,7,51,0.9942408800125122,0.005613625515252352,0.07492413172838476,1.5011560916900635
19,350,5,0.01,7,52,0.995596170425415,0.0042925807647407055,0.06551778968143465,0.8728819489479065
19,350,5,0.01,7,53,0.9946901202201843,0.0051757702603936195,0.07194282633031329,1.740766167640686
19,350,5,0.01,7,54,0.993596613407135,0.006241642404347658,0.07900406574567956,0.7158973217010498
19,350,5,0.01,7,55,0.9940455555915833,0.005804010201245546,0.07618405477030969,1.8100368976593018
19,350,5,0.01,7,56,0.9962220191955566,0.0036825519055128098,0.06068403336556338,0.4580587148666382
19,350,5,0.01,7,57,0.9966212511062622,0.003293416230008006,0.05738829349273252,1.145656943321228
19,350,5,0.01,7,58,0.9977090954780579,0.0022330256178975105,0.04725490046436994,0.39030733704566956
19,350,5,0.01,7,59,0.9973900318145752,0.0025440133176743984,0.05043821287153619,0.547696590423584
19,350,5,0.01,7,60,0.9974873661994934,0.0024491464719176292,0.04948885199636004,0.9206352829933167
19,350,5,0.01,7,61,0.9972010254859924,0.0027282771188765764,0.052232912218988674,0.3982871174812317
19,350,5,0.01,7,62,0.9936261773109436,0.006212810054421425,0.0788213806934478,0.6637164950370789
19,350,5,0.01,7,63,0.9924471974372864,0.007362008094787598,0.08580214504770611,1.4114023447036743
19,350,5,0.01,7,64,0.9843755960464478,0.015229731798171997,0.12340879951677675,2.3165149688720703
19,350,5,0.01,7,65,0.9976261854171753,0.0023138257674872875,0.048102242852982306,0.8650425672531128
19,350,5,0.01,7,66,0.9980693459510803,0.0018819131655618548,0.04338102310413915,0.6905993819236755
19,350,5,0.01,7,67,0.9947764873504639,0.005091559607535601,0.07135516524776325,0.45406681299209595
19,350,5,0.01,7,68,0.9915880560874939,0.008199437521398067,0.09055074555959254,2.089987277984619
19,350,5,0.01,7,69,0.9973961710929871,0.00253803632222116,0.050378927362749196,0.584601879119873
19,350,5,0.01,7,70,0.9979006052017212,0.0020463578402996063,0.04523668688464714,0.4102010130882263
19,350,5,0.01,7,71,0.9978148341178894,0.002129941014572978,0.04615128399701332,0.5145213007926941
19,350,5,0.01,7,72,0.9967960119247437,0.0031230596359819174,0.05588434159925227,1.47893488407135
19,350,5,0.01,7,73,0.9961310029029846,0.0037712850607931614,0.06141078944935622,0.9919106960296631
19,350,5,0.01,7,74,0.9972761869430542,0.0026550248730927706,0.05152693347262935,1.1419575214385986
19,350,5,0.01,7,75,0.9963177442550659,0.0035892443265765905,0.05991030234088784,1.5636558532714844
19,350,5,0.01,7,76,0.9939858317375183,0.0058622583746910095,0.07656538627010909,2.0189154148101807
19,350,5,0.01,7,77,0.9977095723152161,0.002232589991763234,0.04725029091723388,0.7286947965621948
19,350,5,0.01,7,78,0.9976020455360413,0.0023373521398752928,0.0483461698573454,0.7516773343086243
19,350,5,0.01,7,79,0.9978120923042297,0.0021326118148863316,0.0461802102083385,0.43724170327186584
19,350,5,0.01,7,80,0.99676513671875,0.0031531548593193293,0.05615295948851965,0.44946420192718506
19,350,5,0.01,7,81,0.9977303743362427,0.002212287625297904,0.0470349617337774,0.37478676438331604
19,350,5,0.01,7,82,0.9942722320556641,0.0055830511264503,0.07471981749476038,0.8221609592437744
19,350,5,0.01,7,83,0.9975587725639343,0.0023795419838279486,0.048780549236636814,0.9107741117477417
19,350,5,0.01,7,84,0.9976600408554077,0.002280862769111991,0.04775837904611076,0.5027579069137573
19,350,5,0.01,7,85,0.9954593181610107,0.00442595174536109,0.06652782684983097,1.6823939085006714
19,350,5,0.01,7,86,0.9947758913040161,0.005092122126370668,0.071359106821559,0.5617188215255737
19,350,5,0.01,7,87,0.9975115060806274,0.002425661077722907,0.04925100077889694,0.7297802567481995
19,350,5,0.01,7,88,0.9943638443946838,0.005493792239576578,0.07412012034243184,1.3524528741836548
19,350,5,0.01,7,89,0.9955451488494873,0.004342327825725079,0.06589634152003493,1.5146605968475342
19,350,5,0.01,7,90,0.9962098002433777,0.003694466780871153,0.06078212550471687,1.2211555242538452
19,350,5,0.01,7,91,0.9976404309272766,0.0022999499924480915,0.047957793865524,0.6405187845230103
19,350,5,0.01,7,92,0.9978512525558472,0.0020944704301655293,0.045765384628183005,0.92583167552948
19,350,5,0.01,7,93,0.9975515604019165,0.002386581851169467,0.04885265449460722,0.920243501663208
19,350,5,0.01,7,94,0.9962084889411926,0.003695744788274169,0.060792637615702846,0.9013625383377075
19,350,5,0.01,7,95,0.9978750944137573,0.002071215072646737,0.0455106039582726,0.610325813293457
19,350,5,0.01,7,96,0.9966240525245667,0.003290693974122405,0.05736457072202672,0.3151039481163025
19,350,5,0.01,7,97,0.997840166091919,0.0021052563097327948,0.04588307214793703,0.5101618766784668
19,350,5,0.01,7,98,0.997327446937561,0.002605034504085779,0.051039538635118745,0.8519976139068604
19,350,5,0.01,7,99,0.9920637011528015,0.007735835388302803,0.08795359792699105,1.5340697765350342
19,350,5,0.01,7,100,0.9981226921081543,0.001829876913689077,0.04277706060132085,0.565680742263794
20,350,5,0.01,7,1,0.9610161781311035,0.03799903392791748,0.19493340895782202,3.3007845878601074
20,350,5,0.01,7,2,0.9910457134246826,0.008728096261620522,0.0934242808996704,2.4970569610595703
20,350,5,0.01,7,3,0.9881118535995483,0.011587819084525108,0.10764673280933848,1.4262391328811646
20,350,5,0.01,7,4,0.9913206100463867,0.008460169658064842,0.09197918056856585,1.125551700592041
20,350,5,0.01,7,5,0.9966145753860474,0.0032999138347804546,0.057444876488512486,1.1658918857574463
20,350,5,0.01,7,6,0.9956851005554199,0.004205898381769657,0.06485289802136568,0.4903677999973297
20,350,5,0.01,7,7,0.9930379390716553,0.006786181125789881,0.0823782806678428,0.5861919522285461
20,350,5,0.01,7,8,0.9971224665641785,0.0028048499953001738,0.052960834541198216,0.5237134695053101
20,350,5,0.01,7,9,0.9955357313156128,0.0043514748103916645,0.06596570935259974,0.6436399221420288
20,350,5,0.01,7,10,0.9832491278648376,0.01632773131132126,0.12778001139192804,1.1693731546401978
20,350,5,0.01,7,11,0.99653559923172,0.003376877401024103,0.05811090604201679,0.6974422335624695
20,350,5,0.01,7,12,0.996281623840332,0.0036244429647922516,0.06020334679062495,0.5328121781349182
20,350,5,0.01,7,13,0.9968216419219971,0.003098083892837167,0.055660433818262384,0.6429648399353027
20,350,5,0.01,7,14,0.9948815107345581,0.004989212844520807,0.07063436022589012,0.6164038777351379
20,350,5,0.01,7,15,0.9969981908798218,0.0029260076116770506,0.05409258370310158,0.3313196897506714
20,350,5,0.01,7,16,0.996466875076294,0.0034438606817275286,0.058684416003974414,0.8540668487548828
20,350,5,0.01,7,17,0.9950979948043823,0.004778150003403425,0.06912416367236153,1.0381020307540894
20,350,5,0.01,7,18,0.9955313205718994,0.004355794284492731,0.06599844153078716,0.8251461386680603
20,350,5,0.01,7,19,0.9973598718643188,0.00257345219142735,0.05072920452192553,0.7796722650527954
20,350,5,0.01,7,20,0.9974201321601868,0.002514700638130307,0.050146790905603394,0.5680280923843384
20,350,5,0.01,7,21,0.9946926832199097,0.005173222161829472,0.07192511495875048,0.6081627607345581
20,350,5,0.01,7,22,0.9971684813499451,0.002759987022727728,0.05253557863703157,0.8792273998260498
20,350,5,0.01,7,23,0.996004581451416,0.003894515335559845,0.06240605207477753,1.0103873014450073
20,350,5,0.01,7,24,0.9965490698814392,0.0033637324813753366,0.05799769375910853,0.5456783771514893
20,350,5,0.01,7,25,0.9918981194496155,0.0078972103074193,0.08886624954064,0.35593336820602417
20,350,5,0.01,7,26,0.9953555464744568,0.004527153912931681,0.06728412823936772,0.5074744820594788
20,350,5,0.01,7,27,0.9937680959701538,0.0060744560323655605,0.07793879670847864,0.4813807010650635
20,350,5,0.01,7,28,0.997749388217926,0.00219375966116786,0.046837588122872635,0.873052179813385
20,350,5,0.01,7,29,0.9975035190582275,0.002433435758575797,0.04932986680071007,1.4612364768981934
20,350,5,0.01,7,30,0.9911980628967285,0.008579587563872337,0.09262606309172564,0.8052017688751221
20,350,5,0.01,7,31,0.9946776032447815,0.005187921691685915,0.07202722882136946,0.9756742715835571
20,350,5,0.01,7,32,0.9966383576393127,0.0032767385710030794,0.05724280366127326,0.37463679909706116
20,350,5,0.01,7,33,0.9970563054084778,0.0028693254571408033,0.053566084952522,0.446258008480072
20,350,5,0.01,7,34,0.9959641098976135,0.003933941945433617,0.06272114432496921,0.7224229574203491
20,350,5,0.01,7,35,0.9956871867179871,0.004203875083476305,0.06483729700933179,0.6715291142463684
20,350,5,0.01,7,36,0.9962531328201294,0.003652219194918871,0.06043359326499518,0.5132585167884827
20,350,5,0.01,7,37,0.9960507750511169,0.0038494649343192577,0.06204405639800849,0.4319503605365753
20,350,5,0.01,7,38,0.9971321821212769,0.002795392880216241,0.052871475109138394,0.9392551183700562
20,350,5,0.01,7,39,0.9974130392074585,0.0025215998757630587,0.050215534207683765,1.0476659536361694
20,350,5,0.01,7,40,0.9947896003723145,0.005078809801489115,0.07126576879181978,0.8955751061439514
20,350,5,0.01,7,41,0.9971222877502441,0.0028050211258232594,0.05296245014935826,0.42792224884033203
20,350,5,0.01,7,42,0.9967578649520874,0.0031602291855961084,0.056215915767655236,0.571976363658905
20,350,5,0.01,7,43,0.9928988218307495,0.006921791005879641,0.0831973016742709,0.5888391733169556
20,350,5,0.01,7,44,0.9973805546760559,0.0025532888248562813,0.05053007841727817,0.8236412405967712
20,350,5,0.01,7,45,0.9979637265205383,0.0019848623778671026,0.044551794328254644,0.7328935265541077
20,350,5,0.01,7,46,0.9974787831306458,0.002457557013258338,0.049573753269833605,0.7521155476570129
20,350,5,0.01,7,47,0.9957815408706665,0.004111925605684519,0.06412429809116446,1.054118275642395
20,350,5,0.01,7,48,0.9975701570510864,0.0023684692569077015,0.04866692158856672,0.5216130018234253
20,350,5,0.01,7,49,0.9976785182952881,0.002262824447825551,0.04756915437366478,0.8330073952674866
20,350,5,0.01,7,50,0.9974559545516968,0.0024797965306788683,0.04979755546890699,0.729128897190094
20,350,5,0.01,7,51,0.9972410202026367,0.0026892581954598427,0.05185805815357766,0.3604110777378082
20,350,5,0.01,7,52,0.9965388774871826,0.0033737136982381344,0.05808367841518075,0.6378793120384216
20,350,5,0.01,7,53,0.9968164563179016,0.003103098599240184,0.05570546292097557,0.817964494228363
20,350,5,0.01,7,54,0.9975324273109436,0.0024052392691373825,0.04904323877087832,0.3859463036060333
20,350,5,0.01,7,55,0.997846782207489,0.002098818775266409,0.045812866918218606,0.6245542168617249
20,350,5,0.01,7,56,0.9980123043060303,0.0019375047413632274,0.044017096012381685,0.6354306936264038
20,350,5,0.01,7,57,0.9982528686523438,0.0017030206508934498,0.041267670771361085,0.5858144164085388
20,350,5,0.01,7,58,0.9980393648147583,0.0019110909197479486,0.04371602589151888,0.9484221935272217
20,350,5,0.01,7,59,0.997562825679779,0.0023756357841193676,0.048740494294984,0.5090944766998291
20,350,5,0.01,7,60,0.9931649565696716,0.006662384606897831,0.0816234317270343,1.7144562005996704
20,350,5,0.01,7,61,0.9946392774581909,0.005225278437137604,0.07228608743830035,0.4640792906284332
20,350,5,0.01,7,62,0.9964299201965332,0.003479873761534691,0.05899045483410592,0.5762435793876648
20,350,5,0.01,7,63,0.9956470727920532,0.0042429654859006405,0.06513804944808096,0.5230469703674316
20,350,5,0.01,7,64,0.9967045783996582,0.003212150651961565,0.056675838343703086,0.4182750880718231
20,350,5,0.01,7,65,0.9977754950523376,0.002168289851397276,0.04656489934915865,0.7263212203979492
20,350,5,0.01,7,66,0.9934222102165222,0.006411614362150431,0.08007255686032781,0.6854695081710815
20,350,5,0.01,7,67,0.9981228709220886,0.0018296953057870269,0.0427749378232982,0.42221277952194214
20,350,5,0.01,7,68,0.9965949654579163,0.003319025505334139,0.057610984242018805,0.6542695164680481
20,350,5,0.01,7,69,0.992530882358551,0.007280462887138128,0.08532562854815737,0.5645514130592346
20,350,5,0.01,7,70,0.9982202649116516,0.0017347935354337096,0.0416508527575812,0.6209256649017334
20,350,5,0.01,7,71,0.9980477690696716,0.0019029033137485385,0.04362228001547533,0.9990256428718567
20,350,5,0.01,7,72,0.9980260729789734,0.001924074487760663,0.043864273478089924,0.6243959069252014
20,350,5,0.01,7,73,0.9948610663414001,0.005009102169424295,0.07077501091080309,1.8875811100006104
20,350,5,0.01,7,74,0.9966654181480408,0.0032503509428352118,0.05701184914414908,0.4123181700706482
20,350,5,0.01,7,75,0.9968081116676331,0.003111267928034067,0.05577874082510349,0.639927864074707
20,350,5,0.01,7,76,0.9979267716407776,0.002020885469391942,0.04495425974690209,0.6297028064727783
20,350,5,0.01,7,77,0.9983245730400085,0.0016331016086041927,0.04041165189155465,0.6950232982635498
20,350,5,0.01,7,78,0.9983386993408203,0.0016193254850804806,0.040240843493650584,0.4923625588417053
20,350,5,0.01,7,79,0.9982000589370728,0.0017544702859595418,0.04188639738578077,0.4521750211715698
20,350,5,0.01,7,80,0.9976369142532349,0.0023034147452563047,0.04799390320922341,0.4515877962112427
20,350,5,0.01,7,81,0.9965493679046631,0.0033634782303124666,0.057995501811023815,0.5007503628730774
20,350,5,0.01,7,82,0.9965205192565918,0.0033915801905095577,0.05823727492345051,0.5523548722267151
20,350,5,0.01,7,83,0.9958956837654114,0.004000640008598566,0.06325061271322648,0.9650825262069702
20,350,5,0.01,7,84,0.9967053532600403,0.0032114076893776655,0.05666928347330382,0.4828912913799286
20,350,5,0.01,7,85,0.9955559968948364,0.004331742879003286,0.06581597738393988,1.8548563718795776
20,350,5,0.01,7,86,0.9973512887954712,0.0025817803107202053,0.05081122229114554,0.49273914098739624
20,350,5,0.01,7,87,0.9963818788528442,0.0035267253406345844,0.05938623864696757,0.637209415435791
20,350,5,0.01,7,88,0.9982302188873291,0.00172506645321846,0.04153391930962524,0.7056223154067993
20,350,5,0.01,7,89,0.9953363537788391,0.004545866511762142,0.06742304140100877,0.4314645528793335
20,350,5,0.01,7,90,0.9977667927742004,0.0021767839789390564,0.04665601760693958,1.1774265766143799
20,350,5,0.01,7,91,0.9985733032226562,0.0013906584354117513,0.0372915330257654,0.31208494305610657
20,350,5,0.01,7,92,0.9935760498046875,0.006261675152927637,0.07913074720314245,0.8848761916160583
20,350,5,0.01,7,93,0.990966796875,0.008805004879832268,0.09383498750376784,1.3614696264266968
20,350,5,0.01,7,94,0.9983784556388855,0.0015805579023435712,0.03975623098765238,0.4049944281578064
20,350,5,0.01,7,95,0.9985244870185852,0.00143821828532964,0.03792384850367431,0.6604201197624207
20,350,5,0.01,7,96,0.9983596801757812,0.0015988772502169013,0.039985963164801984,0.5206177234649658
20,350,5,0.01,7,97,0.9980626702308655,0.001888407627120614,0.04345581235140605,0.7524129152297974
20,350,5,0.01,7,98,0.996796727180481,0.0031223702244460583,0.05587817305930875,0.713674783706665
20,350,5,0.01,7,99,0.9985188841819763,0.0014437196077778935,0.03799631044954093,0.8175359964370728
20,350,5,0.01,7,100,0.9969909191131592,0.002933092415332794,0.054158031863545356,0.6474590301513672
21,350,5,0.01,7,1,0.9769592881202698,0.02245865948498249,0.14986213492734746,5.442108631134033
21,350,5,0.01,7,2,0.9937865734100342,0.0060564992018043995,0.07782351316796486,0.7525014877319336
21,350,5,0.01,7,3,0.9939223527908325,0.005924132186919451,0.0769683843335655,1.0359219312667847
21,350,5,0.01,7,4,0.9952065944671631,0.0046723405830562115,0.068354521306613,0.6910723447799683
21,350,5,0.01,7,5,0.9933093786239624,0.006521615199744701,0.08075651800161211,0.5674192309379578
21,350,5,0.01,7,6,0.9955217838287354,0.004365121014416218,0.06606906246055122,1.4024937152862549
21,350,5,0.01,7,7,0.9939903020858765,0.005857904441654682,0.07653694821231562,1.201482892036438
21,350,5,0.01,7,8,0.9937520027160645,0.006090180482715368,0.07803960842236056,1.7546007633209229
21,350,5,0.01,7,9,0.9904879927635193,0.00927173625677824,0.09628985541986362,0.7134563326835632
21,350,5,0.01,7,10,0.9968938827514648,0.0030276253819465637,0.055023861932315905,1.6491159200668335
21,350,5,0.01,7,11,0.9950113892555237,0.004862585105001926,0.06973223863466543,0.808255136013031
21,350,5,0.01,7,12,0.9940003156661987,0.005848112981766462,0.07647295588485162,0.5864084362983704
21,350,5,0.01,7,13,0.9879684448242188,0.011727611534297466,0.10829409741208182,1.1602026224136353
21,350,5,0.01,7,14,0.9964237213134766,0.003485957160592079,0.05904199489001095,0.929028332233429
21,350,5,0.01,7,15,0.9967743754386902,0.0031441478058695793,0.05607270107520752,0.8180557489395142
21,350,5,0.01,7,16,0.997338056564331,0.002594691002741456,0.05093810953246553,1.6557719707489014
21,350,5,0.01,7,17,0.996060848236084,0.003839672077447176,0.061965087569107624,0.8244364857673645
21,350,5,0.01,7,18,0.9956426024436951,0.004247330594807863,0.06517154743297003,0.9654355645179749
21,350,5,0.01,7,19,0.9959734082221985,0.003924892749637365,0.06264896447378332,0.5178999900817871
21,350,5,0.01,7,20,0.996486246585846,0.003424972528591752,0.05852326484904744,1.3069546222686768
21,350,5,0.01,7,21,0.9954676032066345,0.004417886026203632,0.06646718006808798,1.0767823457717896
21,350,5,0.01,7,22,0.9966000318527222,0.003314073896035552,0.057567993677351235,0.39954710006713867
21,350,5,0.01,7,23,0.9966071248054504,0.003307177685201168,0.057508066262057254,1.2522608041763306
21,350,5,0.01,7,24,0.9970604777336121,0.0028652790933847427,0.05352830179806513,0.8578080534934998
21,350,5,0.01,7,25,0.9944992065429688,0.005361818242818117,0.07322443747013778,1.2514264583587646
21,350,5,0.01,7,26,0.9980685710906982,0.0018826544983312488,0.04338956669904931,0.4735574424266815
21,350,5,0.01,7,27,0.9974403381347656,0.002495016437023878,0.0499501395095537,0.7337787747383118
21,350,5,0.01,7,28,0.9951172471046448,0.004759421106427908,0.06898855779350593,0.9597448110580444
21,350,5,0.01,7,29,0.9902046322822571,0.00954793393611908,0.09771352995424472,1.9721324443817139
21,350,5,0.01,7,30,0.9972622394561768,0.0026685979682952166,0.051658474312499945,0.35408684611320496
21,350,5,0.01,7,31,0.9723485708236694,0.02695293352007866,0.16417348604472848,1.011014699935913
21,350,5,0.01,7,32,0.9814295172691345,0.01810140535235405,0.13454146332024952,1.7203319072723389
21,350,5,0.01,7,33,0.9972687363624573,0.0026622668374329805,0.05159715919925224,0.7461271286010742
21,350,5,0.01,7,34,0.9980165362358093,0.0019333885284140706,0.04397031417233758,0.8564466238021851
21,350,5,0.01,7,35,0.9975132346153259,0.002423947909846902,0.04923360549306644,0.9940899610519409
21,350,5,0.01,7,36,0.9973053336143494,0.0026265718042850494,0.05125009077343229,0.3371344804763794
21,350,5,0.01,7,37,0.9968574643135071,0.0030631758272647858,0.055345964868857296,0.37769418954849243
21,350,5,0.01,7,38,0.9939582347869873,0.005889148451387882,0.07674078740401276,1.1409820318222046
21,350,5,0.01,7,39,0.9961175322532654,0.003784374101087451,0.06151726669064102,0.8252281546592712
21,350,5,0.01,7,40,0.9932535290718079,0.0065760258585214615,0.08109269916904642,1.3014650344848633
21,350,5,0.01,7,41,0.9960625767707825,0.003837973577901721,0.061951380758637827,0.6490438580513
21,350,5,0.01,7,42,0.9969921112060547,0.0029318928718566895,0.05414695625662341,0.8806931376457214
21,350,5,0.01,7,43,0.9977626204490662,0.00218085921369493,0.04669967038100944,0.31194227933883667
21,350,5,0.01,7,44,0.9966804385185242,0.003235694719478488,0.0568831672771347,1.2347668409347534
21,350,5,0.01,7,45,0.9947851896286011,0.0050830845721066,0.07129575423618575,1.5554053783416748
21,350,5,0.01,7,46,0.9964348673820496,0.003475084900856018,0.05894985072802151,0.41354677081108093
21,350,5,0.01,7,47,0.9925102591514587,0.007300558499991894,0.08544330576465246,1.80033540725708
21,350,5,0.01,7,48,0.9978532791137695,0.0020924757700413465,0.04574358720128261,0.3652769923210144
21,350,5,0.01,7,49,0.9970561861991882,0.002869430696591735,0.05356706727637546,0.6073272824287415
21,350,5,0.01,7,50,0.9972162842750549,0.0027134213596582413,0.05209051122477338,0.31873488426208496
21,350,5,0.01,7,51,0.9977110624313354,0.0022311110515147448,0.04723463825959446,0.44331595301628113
21,350,5,0.01,7,52,0.9971538782119751,0.0027742283418774605,0.052670944000249895,0.9166802763938904
21,350,5,0.01,7,53,0.9974627494812012,0.002473148750141263,0.04973076261371087,0.2985689043998718
21,350,5,0.01,7,54,0.9957898259162903,0.004103850107640028,0.06406129960935876,1.3322621583938599
21,350,5,0.01,7,55,0.9968591928482056,0.003061455674469471,0.05533042268471723,0.436189204454422
21,350,5,0.01,7,56,0.9947040677070618,0.005162151996046305,0.0718481175539506,1.2678308486938477
21,350,5,0.01,7,57,0.997911810874939,0.002035446697846055,0.04511592510240763,0.28477418422698975
21,350,5,0.01,7,58,0.9957649111747742,0.004128122236579657,0.0642504648744245,1.0908868312835693
21,350,5,0.01,7,59,0.9949690103530884,0.004903904628008604,0.07002788464610797,0.7993003726005554
21,350,5,0.01,7,60,0.9948633313179016,0.005006884224712849,0.07075934019415987,0.9708915948867798
21,350,5,0.01,7,61,0.9980538487434387,0.0018970073433592916,0.04355464778137107,0.5469090938568115
21,350,5,0.01,7,62,0.9967730045318604,0.003145504742860794,0.05608479957047893,0.9710461497306824
21,350,5,0.01,7,63,0.9974479675292969,0.00248755537904799,0.04987539853522967,0.6020170450210571
21,350,5,0.01,7,64,0.9971802830696106,0.0027485061436891556,0.05242619711259969,0.5124980211257935
21,350,5,0.01,7,65,0.9980342388153076,0.0019161110976710916,0.04377340628362261,0.961436927318573
21,350,5,0.01,7,66,0.9905490875244141,0.009212148375809193,0.09597993736093598,0.38967329263687134
21,350,5,0.01,7,67,0.9969357252120972,0.0029868974816054106,0.05465251578477802,0.8050768971443176
21,350,5,0.01,7,68,0.9957902431488037,0.004103385843336582,0.06405767591270059,0.6706899404525757
21,350,5,0.01,7,69,0.9983620643615723,0.0015965733909979463,0.039957144429975805,0.3648790121078491
21,350,5,0.01,7,70,0.9975377917289734,0.0023999980185180902,0.04898977463224433,0.7015782594680786
21,350,5,0.01,7,71,0.9967661499977112,0.003152186516672373,0.056144336461235095,0.40642473101615906
21,350,5,0.01,7,72,0.9980186820030212,0.0019312674412503839,0.04394618801728296,0.48947402834892273
21,350,5,0.01,7,73,0.9977803230285645,0.0021636185701936483,0.046514713480721864,1.0239245891571045
21,350,5,0.01,7,74,0.997706413269043,0.0022356295958161354,0.047282444901000364,0.7143530249595642
21,350,5,0.01,7,75,0.9979275465011597,0.002020118059590459,0.04494572348500421,0.8916038870811462
21,350,5,0.01,7,76,0.9972972869873047,0.0026344426441937685,0.051326821878953,0.9909200072288513
21,350,5,0.01,7,77,0.9968177676200867,0.003101818962022662,0.05569397599402167,1.0671035051345825
21,350,5,0.01,7,78,0.9961726665496826,0.00373067962937057,0.06107928969274749,0.40512967109680176
21,350,5,0.01,7,79,0.9934775829315186,0.006357656791806221,0.07973491576346099,0.5548065900802612
21,350,5,0.01,7,80,0.9965460896492004,0.0033666386734694242,0.05802274272618819,1.1758772134780884
21,350,5,0.01,7,81,0.9984171986579895,0.0015428118640556931,0.03927864386731921,0.48033595085144043
21,350,5,0.01,7,82,0.9966721534729004,0.003243792802095413,0.05695430450892552,0.38375794887542725
21,350,5,0.01,7,83,0.9984127283096313,0.0015471724327653646,0.03933411283816332,0.6747856736183167
21,350,5,0.01,7,84,0.9957674145698547,0.004125664476305246,0.06423133562604195,1.0777277946472168
21,350,5,0.01,7,85,0.9982340931892395,0.001721299602650106,0.041488547849377735,0.2837015986442566
21,350,5,0.01,7,86,0.9971896409988403,0.002739389194175601,0.052339174565287146,1.4583616256713867
21,350,5,0.01,7,87,0.9965602159500122,0.0033528991043567657,0.057904223545064186,0.6273680925369263
21,350,5,0.01,7,88,0.9941439628601074,0.005708121694624424,0.07555211244316352,0.49892979860305786
21,350,5,0.01,7,89,0.9967234134674072,0.003193803131580353,0.05651374285587845,0.39082157611846924
21,350,5,0.01,7,90,0.9982509016990662,0.0017049083253368735,0.04129053554189959,0.33900007605552673
21,350,5,0.01,7,91,0.9933595061302185,0.0064727747812867165,0.08045355667269606,0.8116717338562012
21,350,5,0.01,7,92,0.9944514036178589,0.0054084537550807,0.07354219030652201,1.6542949676513672
21,350,5,0.01,7,93,0.9968225359916687,0.003097224747762084,0.05565271554706099,0.9654200673103333
21,350,5,0.01,7,94,0.9968262910842896,0.0030935604590922594,0.055619784781067425,1.3775455951690674
21,350,5,0.01,7,95,0.9978359937667847,0.002109318505972624,0.04592731764399728,1.3141051530838013
21,350,5,0.01,7,96,0.9834256768226624,0.016155647113919258,0.12710486660202772,2.3530259132385254
21,350,5,0.01,7,97,0.9978314638137817,0.002113781636580825,0.04597588103104523,0.3895728886127472
21,350,5,0.01,7,98,0.9984564185142517,0.0015046175103634596,0.03878939945865957,0.25816383957862854
21,350,5,0.01,7,99,0.9954015016555786,0.004482337273657322,0.06695025969820671,0.7705686688423157
21,350,5,0.01,7,100,0.9966555833816528,0.003259945660829544,0.05709593383796734,1.246543526649475
22,350,5,0.01,7,1,0.9842170476913452,0.015384277328848839,0.12403337183536066,2.644341230392456
22,350,5,0.01,7,2,0.9920017123222351,0.007796264719218016,0.08829645926773064,1.439429759979248
22,350,5,0.01,7,3,0.9902434349060059,0.009510110132396221,0.09751979354159965,0.7055500149726868
22,350,5,0.01,7,4,0.9954814314842224,0.004404399078339338,0.0663656468237848,1.0766063928604126
22,350,5,0.01,7,5,0.9953374266624451,0.004544773139059544,0.06741493261184456,1.4833250045776367
22,350,5,0.01,7,6,0.9958659410476685,0.004029625095427036,0.06347932809527079,1.2123277187347412
22,350,5,0.01,7,7,0.9962766766548157,0.0036292660515755415,0.06024339010692826,0.6223258376121521
22,350,5,0.01,7,8,0.9951629042625427,0.004714914597570896,0.06866523572792055,0.6130774021148682
22,350,5,0.01,7,9,0.9868777394294739,0.012790793552994728,0.1130963905391977,1.3025805950164795
22,350,5,0.01,7,10,0.9964923858642578,0.0034189880825579166,0.0584721137172064,1.3562569618225098
22,350,5,0.01,7,11,0.9946785569190979,0.005187017377465963,0.07202095096196637,0.5523332953453064
22,350,5,0.01,7,12,0.993768572807312,0.00607400992885232,0.07793593477242908,0.7021946310997009
22,350,5,0.01,7,13,0.9960203766822815,0.0038791168481111526,0.0622825565315936,0.7463967800140381
22,350,5,0.01,7,14,0.9969559907913208,0.002967138309031725,0.05447144489575914,0.6352573037147522
22,350,5,0.01,7,15,0.9967578649520874,0.003160234075039625,0.05621595925570981,0.8459039926528931
22,350,5,0.01,7,16,0.9949832558631897,0.004889994859695435,0.06992849819419429,1.3655078411102295
22,350,5,0.01,7,17,0.9479396939277649,0.05074521526694298,0.22526698663351222,1.356411099433899
22,350,5,0.01,7,18,0.9912678599357605,0.00851154699921608,0.09225804571535254,1.511112093925476
22,350,5,0.01,7,19,0.9972608089447021,0.0026699688751250505,0.051671741553048614,0.8492176532745361
22,350,5,0.01,7,20,0.9967082738876343,0.0032085867132991552,0.0566443881889385,0.37298545241355896
22,350,5,0.01,7,21,0.9956771731376648,0.004213630687445402,0.06491248483493296,0.5458815693855286
22,350,5,0.01,7,22,0.9974515438079834,0.002484070137143135,0.04984044679919247,0.7024032473564148
22,350,5,0.01,7,23,0.9966914057731628,0.0032250008080154657,0.05678909057218178,0.5117678642272949
22,350,5,0.01,7,24,0.9974913001060486,0.0024453045334666967,0.04945002056083189,1.0174593925476074
22,350,5,0.01,7,25,0.9965476393699646,0.0033651497215032578,0.058009910545554697,0.58831387758255
22,350,5,0.01,7,26,0.9930937886238098,0.006731742061674595,0.08204719411213643,1.956547498703003
22,350,5,0.01,7,27,0.9964542984962463,0.00345615204423666,0.05878904697506722,1.501793384552002
22,350,5,0.01,7,28,0.9971842765808105,0.002744580851867795,0.05238874737830439,0.8120768666267395
22,350,5,0.01,7,29,0.9972974061965942,0.002634342759847641,0.05132584884683,0.6840163469314575
22,350,5,0.01,7,30,0.9972517490386963,0.0026788441464304924,0.051757551588444486,1.3256030082702637
22,350,5,0.01,7,31,0.9924741983413696,0.007335692644119263,0.08564865815714373,1.2373521327972412
22,350,5,0.01,7,32,0.9966253042221069,0.0032894215546548367,0.0573534790109095,0.6132956743240356
22,350,5,0.01,7,33,0.9963133335113525,0.003593534231185913,0.05994609437808199,0.7772852182388306
22,350,5,0.01,7,34,0.9446555376052856,0.05394642427563667,0.2322636955609651,1.978554129600525
22,350,5,0.01,7,35,0.9967271685600281,0.003190144430845976,0.05648136357105745,1.1658483743667603
22,350,5,0.01,7,36,0.9975878596305847,0.0023511853069067,0.0484890225402276,0.5915937423706055
22,350,5,0.01,7,37,0.9970877170562744,0.0028387403581291437,0.05327983068787985,0.40674424171447754
22,350,5,0.01,7,38,0.996321439743042,0.003585652681067586,0.05988031964733977,0.8585589528083801
22,350,5,0.01,7,39,0.990645706653595,0.0091179721057415,0.09548807310728132,1.4868441820144653
22,350,5,0.01,7,40,0.997014045715332,0.00291052577085793,0.0539492888818558,0.8760078549385071
22,350,5,0.01,7,41,0.9950732588768005,0.004802302457392216,0.06929864686552123,0.8100302815437317
22,350,5,0.01,7,42,0.9972822070121765,0.002649113768711686,0.05146954214593021,1.6239748001098633
22,350,5,0.01,7,43,0.9977582693099976,0.002185112563893199,0.046745187601433355,0.9961046576499939
22,350,5,0.01,7,44,0.9979534149169922,0.0019949013367295265,0.04466431838424859,0.6647747159004211
22,350,5,0.01,7,45,0.9968730807304382,0.003047906095162034,0.055207844507479495,1.1310874223709106
22,350,5,0.01,7,46,0.9972376227378845,0.00269259512424469,0.05189022185580526,0.6666330099105835
22,350,5,0.01,7,47,0.9973031878471375,0.002628675661981106,0.05127061206949948,1.4538325071334839
22,350,5,0.01,7,48,0.9844678044319153,0.015139863826334476,0.12304415397057462,2.534036159515381
22,350,5,0.01,7,49,0.9933268427848816,0.006504604127258062,0.08065112601357816,0.7808787822723389
22,350,5,0.01,7,50,0.9975405931472778,0.002397306263446808,0.04896229430333926,0.38285040855407715
22,350,5,0.01,7,51,0.9952833652496338,0.004597483202815056,0.06780474321767656,0.882819414138794
22,350,5,0.01,7,52,0.9972923398017883,0.0026392817962914705,0.05137394082890148,0.6232545971870422
22,350,5,0.01,7,53,0.9970825910568237,0.002843717113137245,0.05332651416638111,0.6847704648971558
22,350,5,0.01,7,54,0.9975130558013916,0.002424122067168355,0.04923537414469758,0.7739988565444946
22,350,5,0.01,7,55,0.9976872801780701,0.0022542993538081646,0.04747946244228303,1.5219087600708008
22,350,5,0.01,7,56,0.9979115724563599,0.002035690937191248,0.04511863181869823,0.5256050229072571
22,350,5,0.01,7,57,0.9965395927429199,0.003373011713847518,0.05807763522947123,0.7574253678321838
22,350,5,0.01,7,58,0.9976107478141785,0.0023289164528250694,0.04825884844072711,0.7928455471992493
22,350,5,0.01,7,59,0.9969307780265808,0.0029917184729129076,0.05469660385172838,1.00296950340271
22,350,5,0.01,7,60,0.9964821934700012,0.0034289697650820017,0.05855740572363159,0.5722443461418152
22,350,5,0.01,7,61,0.9981796741485596,0.0017743713688105345,0.04212328772556262,0.528179943561554
22,350,5,0.01,7,62,0.9961855411529541,0.0037181172519922256,0.060976366339691196,0.8664595484733582
22,350,5,0.01,7,63,0.9961910247802734,0.003712752368301153,0.06093235895894031,0.8106589317321777
22,350,5,0.01,7,64,0.9977951645851135,0.002149134874343872,0.04635876264897362,0.9717426300048828
22,350,5,0.01,7,65,0.9971016645431519,0.0028251095209270716,0.053151759339903994,0.6042436361312866
22,350,5,0.01,7,66,0.994512140750885,0.0053492579609155655,0.0731386215409859,0.7494409680366516
22,350,5,0.01,7,67,0.9975746273994446,0.002364125568419695,0.0486222744060754,0.43420881032943726
22,350,5,0.01,7,68,0.98673015832901,0.012934613972902298,0.11373044435375383,1.1214144229888916
22,350,5,0.01,7,69,0.9962761402130127,0.0036297966726124287,0.06024779392320045,0.42529547214508057
22,350,5,0.01,7,70,0.997710108757019,0.0022320435382425785,0.047244508022018586,1.0903408527374268
22,350,5,0.01,7,71,0.9971030354499817,0.002823806367814541,0.05313949913025659,0.98145991563797
22,350,5,0.01,7,72,0.9981982111930847,0.001756287761963904,0.041908087071159714,0.8394452929496765
22,350,5,0.01,7,73,0.997238039970398,0.002692178124561906,0.05188620360521577,0.5249090194702148
22,350,5,0.01,7,74,0.9976428747177124,0.0022975560277700424,0.04793282828886735,2.0934956073760986
22,350,5,0.01,7,75,0.9977871775627136,0.0021569200325757265,0.046442653160384005,0.6212932467460632
22,350,5,0.01,7,76,0.9877092242240906,0.01198030449450016,0.1094545773117788,0.7455467581748962
22,350,5,0.01,7,77,0.9975311160087585,0.002406496787443757,0.049056057601928806,0.38159942626953125
22,350,5,0.01,7,78,0.997663676738739,0.002277300925925374,0.0477210742327263,1.2620762586593628
22,350,5,0.01,7,79,0.9979436993598938,0.002004338661208749,0.04476984097814899,0.46498847007751465
22,350,5,0.01,7,80,0.9949668645858765,0.004905997775495052,0.07004282815174621,0.6660955548286438
22,350,5,0.01,7,81,0.9973946809768677,0.002539520151913166,0.05039365190094052,0.6156727075576782
22,350,5,0.01,7,82,0.9983193874359131,0.0016381561290472746,0.04047414148622889,0.3171006441116333
22,350,5,0.01,7,83,0.9843055605888367,0.015297980979084969,0.12368500709093633,1.0347400903701782
22,350,5,0.01,7,84,0.9971384406089783,0.002789266174659133,0.052813503715045576,0.9218012690544128
22,350,5,0.01,7,85,0.9925139546394348,0.007296934723854065,0.08542209739788684,1.2174772024154663
22,350,5,0.01,7,86,0.9972652196884155,0.002665723906829953,0.051630648909634605,0.5549363493919373
22,350,5,0.01,7,87,0.9976529479026794,0.0022877578157931566,0.047830511347811834,0.4438267946243286
22,350,5,0.01,7,88,0.9967660903930664,0.0031522237695753574,0.0561446682203694,0.5861097574234009
22,350,5,0.01,7,89,0.9974079728126526,0.0025265731383115053,0.05026502897951522,0.9944483041763306
22,350,5,0.01,7,90,0.9980079531669617,0.0019417408620938659,0.04406518877860239,0.7604602575302124
22,350,5,0.01,7,91,0.9966920614242554,0.0032243651803582907,0.056783493907633854,1.3728519678115845
22,350,5,0.01,7,92,0.9896054267883301,0.010131999850273132,0.10065783551355122,0.7255221605300903
22,350,5,0.01,7,93,0.9976175427436829,0.002322251908481121,0.04818974899790537,1.1391292810440063
22,350,5,0.01,7,94,0.9904152154922485,0.009342677891254425,0.09665752889068924,0.3355340361595154
22,350,5,0.01,7,95,0.9980645775794983,0.0018865579040721059,0.043434524333439015,0.8527587652206421
22,350,5,0.01,7,96,0.9974790811538696,0.0024572385009378195,0.04957054065609754,0.31770551204681396
22,350,5,0.01,7,97,0.9978907108306885,0.00205602846108377,0.0453434500350797,0.4918128550052643
22,350,5,0.01,7,98,0.9960180521011353,0.003881386946886778,0.06230077806004334,1.2480928897857666
22,350,5,0.01,7,99,0.997999906539917,0.001949575962498784,0.044154002791352724,0.4092797338962555
22,350,5,0.01,7,100,0.9984506964683533,0.0015101614408195019,0.03886079567918678,0.6762955784797668
23,350,5,0.01,7,1,0.9740981459617615,0.02524755336344242,0.15889478708706092,2.934767484664917
23,350,5,0.01,7,2,0.9936281442642212,0.0062109194695949554,0.07880938693832706,2.566547393798828
23,350,5,0.01,7,3,0.9948055148124695,0.005063260905444622,0.07115659425130338,1.8022152185440063
23,350,5,0.01,7,4,0.9944012761116028,0.005457308143377304,0.07387359571171086,0.6842662692070007
23,350,5,0.01,7,5,0.9956325888633728,0.004257072228938341,0.0652462430254673,0.5341272354125977
23,350,5,0.01,7,6,0.9946841597557068,0.005181571934372187,0.07198313645828575,0.6940470337867737
23,350,5,0.01,7,7,0.9968329071998596,0.003087100572884083,0.05556168259586892,1.3998808860778809
23,350,5,0.01,7,8,0.9970371723175049,0.0028879812452942133,0.05373994087542536,0.8513895869255066
23,350,5,0.01,7,9,0.9953300356864929,0.004551990889012814,0.06746844365340594,1.5290640592575073
23,350,5,0.01,7,10,0.9976301193237305,0.002310036448761821,0.04806283854249373,0.7439132928848267
23,350,5,0.01,7,11,0.9966393709182739,0.003275730414316058,0.05723399701502646,0.7967826128005981
23,350,5,0.01,7,12,0.991945743560791,0.007850812748074532,0.0886048122173651,2.2432267665863037
23,350,5,0.01,7,13,0.9974463582038879,0.002489111153408885,0.04989099270819218,1.1934661865234375
23,350,5,0.01,7,14,0.997316300868988,0.002615910954773426,0.05114597691679597,0.75870680809021
23,350,5,0.01,7,15,0.9923673868179321,0.007439821492880583,0.08625439984650396,0.49669522047042847
23,350,5,0.01,7,16,0.9975702166557312,0.002368417102843523,0.04866638575899718,1.1029812097549438
23,350,5,0.01,7,17,0.9954429864883423,0.004441909957677126,0.06664765530517279,0.8070704936981201
23,350,5,0.01,7,18,0.9965959787368774,0.003318032482638955,0.05760236525212272,0.7976623773574829
23,350,5,0.01,7,19,0.9938896894454956,0.005955988075584173,0.07717504827069545,0.5239084959030151
23,350,5,0.01,7,20,0.997302770614624,0.002629104070365429,0.051274789812981475,0.8948380351066589
23,350,5,0.01,7,21,0.9951872825622559,0.004691138863563538,0.06849188903485973,1.26407790184021
23,350,5,0.01,7,22,0.9959264397621155,0.00397063372656703,0.06301296474985946,0.7804113626480103
23,350,5,0.01,7,23,0.9931955337524414,0.006632605101913214,0.08144080735057342,1.9993058443069458
23,350,5,0.01,7,24,0.9954915642738342,0.004394544754177332,0.06629136259104448,1.5074660778045654
23,350,5,0.01,7,25,0.9954942464828491,0.004391917958855629,0.066271547128882,0.45416098833084106
23,350,5,0.01,7,26,0.9949322938919067,0.004939684644341469,0.07028289012513265,1.7963699102401733
23,350,5,0.01,7,27,0.9958999156951904,0.003996521700173616,0.0632180488482017,0.6678307056427002
23,350,5,0.01,7,28,0.9956606030464172,0.004229798447340727,0.06503690065909297,0.4522344470024109
23,350,5,0.01,7,29,0.9957237839698792,0.004168172366917133,0.06456138448730118,0.8737865686416626
23,350,5,0.01,7,30,0.9975079894065857,0.002429061569273472,0.049285510743761925,0.9845964312553406
23,350,5,0.01,7,31,0.9970428943634033,0.00288238562643528,0.05368785362104989,1.2073380947113037
23,350,5,0.01,7,32,0.996645987033844,0.0032692677341401577,0.05717751073752825,1.2116299867630005
23,350,5,0.01,7,33,0.9962792992591858,0.0036267039831727743,0.06022212204142905,1.0619263648986816
23,350,5,0.01,7,34,0.9964632987976074,0.003447379684075713,0.05871439077496856,0.4424664378166199
23,350,5,0.01,7,35,0.9924226999282837,0.007385877892374992,0.08594113038804524,1.049433946609497
23,350,5,0.01,7,36,0.9964795708656311,0.0034315071534365416,0.05857906753642073,0.5318061709403992
23,350,5,0.01,7,37,0.9974889755249023,0.002447578590363264,0.04947300870538666,0.6393572688102722
23,350,5,0.01,7,38,0.9971364736557007,0.0027911739889532328,0.05283156243149764,1.4095358848571777
23,350,5,0.01,7,39,0.9963861107826233,0.003522612154483795,0.05935159774162609,0.5393834114074707
23,350,5,0.01,7,40,0.9963011741638184,0.0036053829826414585,0.060044841432394996,1.3040409088134766
23,350,5,0.01,7,41,0.9929397106170654,0.006881919223815203,0.08295733375546253,2.8159232139587402
23,350,5,0.01,7,42,0.9967724680900574,0.003146018600091338,0.056089380457367666,0.6794245839118958
23,350,5,0.01,7,43,0.9981809854507446,0.001773086842149496,0.04210803773805538,0.5403169989585876
23,350,5,0.01,7,44,0.9952713847160339,0.004609160590916872,0.06789079901516017,1.062168836593628
23,350,5,0.01,7,45,0.9978152513504028,0.002129551023244858,0.046147058662983687,0.8258757591247559
23,350,5,0.01,7,46,0.9951202869415283,0.004756429232656956,0.06896687054417473,1.1800967454910278
23,350,5,0.01,7,47,0.9974444508552551,0.0024909924250096083,0.049909842967190435,0.805310070514679
23,350,5,0.01,7,48,0.9882670044898987,0.011436587199568748,0.106941980529485,1.1278762817382812
23,350,5,0.01,7,49,0.9973204135894775,0.002611899748444557,0.0511067485606799,0.5168845057487488
23,350,5,0.01,7,50,0.9974805116653442,0.002455869223922491,0.0495567273326487,1.1413459777832031
23,350,5,0.01,7,51,0.9973689913749695,0.0025645457208156586,0.05064134398705922,0.8221526741981506
23,350,5,0.01,7,52,0.9963808059692383,0.0035277719143778086,0.05939504957803982,1.1439257860183716
23,350,5,0.01,7,53,0.9962466359138489,0.0036585608031600714,0.06048603808450403,0.5519048571586609
23,350,5,0.01,7,54,0.9923458099365234,0.00746081443503499,0.08637600613037738,0.668387234210968
23,350,5,0.01,7,55,0.9948046803474426,0.005064079537987709,0.07116234634965116,1.0488866567611694
23,350,5,0.01,7,56,0.9940772652626038,0.005773124285042286,0.07598107846722292,1.0674728155136108
23,350,5,0.01,7,57,0.9973136782646179,0.0026184392627328634,0.051170687534299,0.32514142990112305
23,350,5,0.01,7,58,0.9945245981216431,0.005337102804332972,0.0730554775792546,0.48567548394203186
23,350,5,0.01,7,59,0.9967296719551086,0.003187715308740735,0.05645985572723982,0.4329928755760193
23,350,5,0.01,7,60,0.9947283864021301,0.005138438660651445,0.07168290354506746,1.0763514041900635
23,350,5,0.01,7,61,0.9979440569877625,0.002004026435315609,0.0447663538309254,0.7216569185256958
23,350,5,0.01,7,62,0.9966344237327576,0.0032805404625833035,0.05727600250177472,0.84211266040802
23,350,5,0.01,7,63,0.9946230053901672,0.005241147242486477,0.0723957681255367,1.8368339538574219
23,350,5,0.01,7,64,0.9960150718688965,0.0038842540234327316,0.06232378377018465,1.0616934299468994
23,350,5,0.01,7,65,0.9981829524040222,0.0017711198888719082,0.04208467522592883,0.29402509331703186
23,350,5,0.01,7,66,0.9891370534896851,0.010588543489575386,0.10290064863534819,2.056175947189331
23,350,5,0.01,7,67,0.9982582926750183,0.0016976946499198675,0.04120309029575169,0.5177145600318909
23,350,5,0.01,7,68,0.9938675761222839,0.005977526307106018,0.07731446376394276,1.6389639377593994
23,350,5,0.01,7,69,0.9972696304321289,0.0026613848749548197,0.05158861187272652,0.4588293731212616
23,350,5,0.01,7,70,0.992546796798706,0.007264936808496714,0.08523459865862404,2.4370622634887695
23,350,5,0.01,7,71,0.9976523518562317,0.002288340125232935,0.04783659817789027,0.6510912179946899
23,350,5,0.01,7,72,0.9980849623680115,0.001866677077487111,0.04320505847105303,0.5983858108520508
23,350,5,0.01,7,73,0.9940519332885742,0.005797802470624447,0.07614330220462236,1.3725241422653198
23,350,5,0.01,7,74,0.9948847889900208,0.0049859918653965,0.07061155617458448,2.2572622299194336
23,350,5,0.01,7,75,0.9977845549583435,0.0021594821009784937,0.04647022811412156,0.4210529923439026
23,350,5,0.01,7,76,0.9976836442947388,0.0022578490898013115,0.047516829542818946,0.4200895130634308
23,350,5,0.01,7,77,0.9959729909896851,0.0039252773858606815,0.06265203417177037,0.49674421548843384
23,350,5,0.01,7,78,0.9970001578330994,0.0029240611474961042,0.05407458874088738,0.7586851716041565
23,350,5,0.01,7,79,0.9938080906867981,0.006035507190972567,0.07768852676536328,1.6835495233535767
23,350,5,0.01,7,80,0.9971143007278442,0.0028128193225711584,0.05303601910561499,0.6946999430656433
23,350,5,0.01,7,81,0.9974556565284729,0.0024800756946206093,0.04980035837843548,0.8803290724754333
23,350,5,0.01,7,82,0.9973929524421692,0.002541173016652465,0.050410048766614625,0.4670290946960449
23,350,5,0.01,7,83,0.9755130410194397,0.023868422955274582,0.15449408712075224,0.4632512927055359
23,350,5,0.01,7,84,0.995996356010437,0.0039025007281452417,0.06246999862450168,0.676392138004303
23,350,5,0.01,7,85,0.9964318871498108,0.003478006459772587,0.058974625558561936,0.9376595616340637
23,350,5,0.01,7,86,0.9966659545898438,0.0032498056534677744,0.05700706669762771,0.5593637824058533
23,350,5,0.01,7,87,0.9978750348091125,0.0020712839905172586,0.04551136111475088,0.3008999526500702
23,350,5,0.01,7,88,0.9976717233657837,0.002269479213282466,0.04763905134742364,0.7742524147033691
23,350,5,0.01,7,89,0.9971374869346619,0.00279023265466094,0.05282265285519973,0.9897761940956116
23,350,5,0.01,7,90,0.9976613521575928,0.002279559848830104,0.04774473634684879,1.2209407091140747
23,350,5,0.01,7,91,0.994297981262207,0.005557996686547995,0.07455197305603652,0.6647825241088867
23,350,5,0.01,7,92,0.9940911531448364,0.005759599152952433,0.07589202298629569,0.47740715742111206
23,350,5,0.01,7,93,0.998161256313324,0.0017922853585332632,0.04233539132372893,0.774797260761261
23,350,5,0.01,7,94,0.998267412185669,0.0016888249665498734,0.041095315627816674,0.49666038155555725
23,350,5,0.01,7,95,0.9966332316398621,0.0032817304600030184,0.0572863898321671,0.4915790855884552
23,350,5,0.01,7,96,0.9972437024116516,0.002686662133783102,0.05183302165399102,0.8448729515075684
23,350,5,0.01,7,97,0.997411847114563,0.002522793598473072,0.05022741879166271,0.8859856128692627
23,350,5,0.01,7,98,0.997536301612854,0.002401437144726515,0.04900446045745749,0.4452112317085266
23,350,5,0.01,7,99,0.9973071217536926,0.002624835819005966,0.05123315156230355,1.2537704706192017
23,350,5,0.01,7,100,0.9677059650421143,0.03147827088832855,0.1774211680953785,1.16818368434906
24,350,5,0.01,7,1,0.9879323244094849,0.011762845329940319,0.10845665184736397,4.459812641143799
24,350,5,0.01,7,2,0.9938001036643982,0.006043273489922285,0.07773849426070899,1.7468379735946655
24,350,5,0.01,7,3,0.994336724281311,0.005520212929695845,0.07429813543889137,1.8993093967437744
24,350,5,0.01,7,4,0.9949946999549866,0.004878876730799675,0.0698489565476799,1.835967779159546
24,350,5,0.01,7,5,0.9959567785263062,0.003941085189580917,0.06277806296454931,1.59221351146698
24,350,5,0.01,7,6,0.9968697428703308,0.003051206935197115,0.055237731082993576,1.858597993850708
24,350,5,0.01,7,7,0.9966493248939514,0.0032660115975886583,0.05714902971694846,1.2247211933135986
24,350,5,0.01,7,8,0.9946674108505249,0.005197891965508461,0.07209640743829376,1.5626628398895264
24,350,5,0.01,7,9,0.9963556528091431,0.0035522892139852047,0.05960108400008514,1.101635456085205
24,350,5,0.01,7,10,0.996868908405304,0.003051998559385538,0.05524489622929468,1.173230528831482
24,350,5,0.01,7,11,0.9964309334754944,0.003478891681879759,0.058982130191099054,0.45489925146102905
24,350,5,0.01,7,12,0.9938229322433472,0.006021005101501942,0.07759513581083509,1.1785755157470703
24,350,5,0.01,7,13,0.9970048069953918,0.0029195407405495644,0.0540327746886051,1.2253001928329468
24,350,5,0.01,7,14,0.9954037070274353,0.004480171948671341,0.06693408659772195,0.5552042722702026
24,350,5,0.01,7,15,0.9642089605331421,0.0348869226872921,0.18678041301831436,1.0511891841888428
24,350,5,0.01,7,16,0.9947866201400757,0.005081671755760908,0.07128584540959662,2.373448133468628
24,350,5,0.01,7,17,0.9955899119377136,0.0042986636981368065,0.06556419524509399,1.2084907293319702
24,350,5,0.01,7,18,0.9952752590179443,0.00460539385676384,0.06786305222110069,1.0484222173690796
24,350,5,0.01,7,19,0.9966685175895691,0.0032473092433065176,0.05698516687091929,0.9025169610977173
24,350,5,0.01,7,20,0.9975481629371643,0.0023899234365671873,0.04888684318471778,0.9675132632255554
24,350,5,0.01,7,21,0.997383177280426,0.0025507055688649416,0.05050451038140001,0.3257067799568176
24,350,5,0.01,7,22,0.9976209402084351,0.0023189352359622717,0.048155324066631214,1.3869025707244873
24,350,5,0.01,7,23,0.9901531934738159,0.00959804467856884,0.097969610995292,1.4999819993972778
24,350,5,0.01,7,24,0.9844154715538025,0.015190844424068928,0.12325114370288386,1.6536359786987305
24,350,5,0.01,7,25,0.9957607388496399,0.004132148809731007,0.0642817922100108,0.3704874515533447
24,350,5,0.01,7,26,0.9975093007087708,0.00242775771766901,0.04927228143357085,0.46141740679740906
24,350,5,0.01,7,27,0.9966536164283752,0.0032618348486721516,0.05711247542063075,0.3564818501472473
24,350,5,0.01,7,28,0.995402991771698,0.004480861593037844,0.06693923806735362,0.5591360926628113
24,350,5,0.01,7,29,0.9966728687286377,0.0032430856954306364,0.05694809650401527,0.8152087330818176
24,350,5,0.01,7,30,0.9970431923866272,0.002882130444049835,0.053685477031035454,0.6988720297813416
24,350,5,0.01,7,31,0.996466875076294,0.003443887224420905,0.05868464215125543,0.8221773505210876
24,350,5,0.01,7,32,0.9968781471252441,0.0030429873149842024,0.055163278682328176,1.2606345415115356
24,350,5,0.01,7,33,0.9950642585754395,0.004811068065464497,0.06936186319199115,0.5184820294380188
24,350,5,0.01,7,34,0.9979189038276672,0.002028546528890729,0.04503938863806578,0.3263976573944092
24,350,5,0.01,7,35,0.9981455206871033,0.001807643799111247,0.042516394474499446,0.4440486431121826
24,350,5,0.01,7,36,0.9821199178695679,0.01742844469845295,0.1320168349054504,1.6531431674957275
24,350,5,0.01,7,37,0.9966309666633606,0.0032839549239724874,0.05730580183517623,0.42274558544158936
24,350,5,0.01,7,38,0.9967359900474548,0.0031815345864742994,0.05640509362171381,0.40909403562545776
24,350,5,0.01,7,39,0.9982898235321045,0.0016669590258970857,0.040828409544055054,0.3360121548175812
24,350,5,0.01,7,40,0.9981572031974792,0.0017962222918868065,0.04238186277037392,0.37752506136894226
24,350,5,0.01,7,41,0.9945269823074341,0.005334752611815929,0.07303939082314372,0.7830489873886108
24,350,5,0.01,7,42,0.9972020983695984,0.0027272130828350782,0.05222272573157282,0.5065881609916687
24,350,5,0.01,7,43,0.9972971081733704,0.0026346188969910145,0.05132853881605256,0.7271434664726257
24,350,5,0.01,7,44,0.998110830783844,0.0018414545338600874,0.0429121723274421,0.7023900747299194
24,350,5,0.01,7,45,0.9931162595748901,0.006709835026413202,0.0819135826735298,0.7394581437110901
24,350,5,0.01,7,46,0.9979243278503418,0.0020232191309332848,0.04498020821353859,0.3738979697227478
24,350,5,0.01,7,47,0.9976145029067993,0.002325250068679452,0.04822084682665218,0.7271387577056885
24,350,5,0.01,7,48,0.9939734935760498,0.005874261260032654,0.07664372942408697,0.6297885775566101
24,350,5,0.01,7,49,0.9980033040046692,0.0019462425261735916,0.044116238803569734,0.4619002342224121
24,350,5,0.01,7,50,0.9949187636375427,0.004952908027917147,0.07037689981746245,1.2068902254104614
24,350,5,0.01,7,51,0.9969292283058167,0.0029931829776614904,0.05470998974283847,0.6300972700119019
24,350,5,0.01,7,52,0.9979717135429382,0.001977034844458103,0.044463859981541225,0.7284227013587952
24,350,5,0.01,7,53,0.9914650321006775,0.008319353684782982,0.09121049108947381,2.224402904510498
24,350,5,0.01,7,54,0.9978737831115723,0.0020724793430417776,0.045524491683507876,0.34041112661361694
24,350,5,0.01,7,55,0.9961652755737305,0.0037378331180661917,0.0611378206846318,0.4251869320869446
24,350,5,0.01,7,56,0.9981362223625183,0.0018167245434597135,0.04262305178491697,0.4912811815738678
24,350,5,0.01,7,57,0.9979780316352844,0.001970874611288309,0.04439453357439752,0.7216290831565857
24,350,5,0.01,7,58,0.9952682256698608,0.004612232558429241,0.0679134195754362,0.7542518377304077
24,350,5,0.01,7,59,0.9964648485183716,0.0034458530135452747,0.058701388514627785,0.7769362926483154
24,350,5,0.01,7,60,0.9982848167419434,0.0016718539409339428,0.04088831056590554,0.47646164894104004
24,350,5,0.01,7,61,0.995134711265564,0.004742407705634832,0.06886514144060718,0.5541602969169617
24,350,5,0.01,7,62,0.9979663491249084,0.001982275629416108,0.04452275406369319,0.48755618929862976
24,350,5,0.01,7,63,0.9794248342514038,0.020055439323186874,0.14161722820048017,0.8177788853645325
24,350,5,0.01,7,64,0.9967793226242065,0.003139335196465254,0.056029770626562926,0.6322619915008545
24,350,5,0.01,7,65,0.9980228543281555,0.0019271817291155457,0.04389967800696886,0.3992462456226349
24,350,5,0.01,7,66,0.9933388829231262,0.006492864340543747,0.08057831184967669,0.5724828243255615
24,350,5,0.01,7,67,0.9983811974525452,0.0015778879169374704,0.039722637336127,0.5180253982543945
24,350,5,0.01,7,68,0.9971247911453247,0.0028025652281939983,0.05293925980020875,0.3705959916114807
24,350,5,0.01,7,69,0.9950641989707947,0.004811124410480261,0.06936226935791721,1.4389766454696655
24,350,5,0.01,7,70,0.9960222840309143,0.003877248615026474,0.06226755668103956,0.40448203682899475
24,350,5,0.01,7,71,0.9983388781547546,0.0016191659960895777,0.04023886176433893,0.6215406656265259
24,350,5,0.01,7,72,0.9985042810440063,0.0014579114504158497,0.038182606647737524,0.2992297410964966
24,350,5,0.01,7,73,0.9975895881652832,0.002349536633118987,0.04847201907409043,0.7919409275054932
24,350,5,0.01,7,74,0.9978110790252686,0.002133648144081235,0.04619142933576785,0.6127966642379761
24,350,5,0.01,7,75,0.9967663884162903,0.003151930868625641,0.05614205971128634,0.7879042029380798
24,350,5,0.01,7,76,0.9965583682060242,0.003354711225256324,0.057919869002409904,0.6852229237556458
24,350,5,0.01,7,77,0.9845301508903503,0.01507908571511507,0.122796928769066,1.032863736152649
24,350,5,0.01,7,78,0.9979909062385559,0.0019583329558372498,0.04425305589264147,0.6985374093055725
24,350,5,0.01,7,79,0.9966193437576294,0.0032952330075204372,0.05740412012669855,0.6861987113952637
24,350,5,0.01,7,80,0.9964680075645447,0.003442775458097458,0.058675169007830374,0.8493021726608276
24,350,5,0.01,7,81,0.9981150031089783,0.0018374065402895212,0.04286498034864266,0.6800370812416077
24,350,5,0.01,7,82,0.9985350966453552,0.0014279248425737023,0.037787892804094045,0.44409406185150146
24,350,5,0.01,7,83,0.9957255125045776,0.004166525322943926,0.06454862758373664,0.28517788648605347
24,350,5,0.01,7,84,0.9982407689094543,0.001714788842946291,0.041410008970613504,0.9233605265617371
24,350,5,0.01,7,85,0.9982544183731079,0.001701457891613245,0.041248732000065715,0.5117040276527405
24,350,5,0.01,7,86,0.998052716255188,0.0018981123575940728,0.04356733131136302,0.4076578915119171
24,350,5,0.01,7,87,0.9978072047233582,0.0021374074276536703,0.046232103863588885,0.8128035664558411
24,350,5,0.01,7,88,0.9982978701591492,0.0016591063467785716,0.04073212917069977,0.41736897826194763
24,350,5,0.01,7,89,0.9978679418563843,0.0020781864877790213,0.0455871307254473,1.132720708847046
24,350,5,0.01,7,90,0.9848095774650574,0.014806723222136497,0.12168287974130337,0.685068666934967
24,350,5,0.01,7,91,0.9973850846290588,0.0025488657411187887,0.05048629260619945,0.3554230332374573
24,350,5,0.01,7,92,0.9968121647834778,0.0031073151621967554,0.05574329701584537,0.5222613215446472
24,350,5,0.01,7,93,0.9981107115745544,0.0018415740923956037,0.04291356536569298,0.5651304125785828
24,350,5,0.01,7,94,0.9974702000617981,0.002465919591486454,0.04965802645581532,0.5018876791000366
24,350,5,0.01,7,95,0.9983352422714233,0.0016226836014539003,0.04028254710732553,0.6002768874168396
24,350,5,0.01,7,96,0.9955422878265381,0.004345135297626257,0.06591764026136143,0.359231173992157
24,350,5,0.01,7,97,0.9966834783554077,0.0032327279914170504,0.056857083915876745,0.6388130187988281
24,350,5,0.01,7,98,0.9980612397193909,0.0018897939007729292,0.043471759807637525,0.4382489323616028
24,350,5,0.01,7,99,0.997035026550293,0.0028900967445224524,0.053759620018397195,0.3065412938594818
24,350,5,0.01,7,100,0.9965659976005554,0.0033472697250545025,0.0578555937231181,0.28402653336524963
25,350,5,0.01,7,1,0.9850948452949524,0.014528638683259487,0.12053480278848713,1.0119779109954834
25,350,5,0.01,7,2,0.992178201675415,0.007624220103025436,0.08731678019158423,0.5495374202728271
25,350,5,0.01,7,3,0.9951926469802856,0.00468592531979084,0.06845381888390771,0.4296468198299408
25,350,5,0.01,7,4,0.9937512278556824,0.006090896669775248,0.07804419690005944,0.7125187516212463
25,350,5,0.01,7,5,0.9958811402320862,0.004014838021248579,0.0633627494767121,0.7450459599494934
25,350,5,0.01,7,6,0.9965053796768188,0.003406338859349489,0.058363848907945486,2.03877329826355
25,350,5,0.01,7,7,0.9917848706245422,0.00800759345293045,0.08948515772423073,1.4084086418151855
25,350,5,0.01,7,8,0.9968127608299255,0.003106728894636035,0.0557380381304907,1.1422547101974487
25,350,5,0.01,7,9,0.9970388412475586,0.0028863358311355114,0.05372462965098514,0.7508186101913452
25,350,5,0.01,7,10,0.9936755299568176,0.006164685823023319,0.07851551326345207,0.9126678705215454
25,350,5,0.01,7,11,0.9969327449798584,0.002989749424159527,0.05467860115401204,0.7219996452331543
25,350,5,0.01,7,12,0.9961583018302917,0.0037446795031428337,0.06119378647495866,1.3559727668762207
25,350,5,0.01,7,13,0.9961732029914856,0.0037301320116966963,0.06107480668570877,2.2267024517059326
25,350,5,0.01,7,14,0.9918907284736633,0.007904398255050182,0.08890668284808619,1.6442257165908813
25,350,5,0.01,7,15,0.9913429617881775,0.008438341319561005,0.09186044480384908,1.1385173797607422
25,350,5,0.01,7,16,0.997535228729248,0.002402492566034198,0.0490152278994416,0.8417924642562866
25,350,5,0.01,7,17,0.9948597550392151,0.005010379943996668,0.07078403735304074,0.8057928085327148
25,350,5,0.01,7,18,0.9975455403327942,0.002392446855083108,0.0489126451450247,1.1862279176712036
25,350,5,0.01,7,19,0.9974302649497986,0.0025048181414604187,0.05004815822246028,0.4639112651348114
25,350,5,0.01,7,20,0.9976121187210083,0.0023275844287127256,0.048245045639036616,0.3459320664405823
25,350,5,0.01,7,21,0.995370626449585,0.0045124501921236515,0.0671747734802556,1.1342434883117676
25,350,5,0.01,7,22,0.9975172877311707,0.0024199988692998886,0.04919348401261989,1.040278434753418
25,350,5,0.01,7,23,0.9923396110534668,0.007466896437108517,0.08641120550662695,0.8954993486404419
25,350,5,0.01,7,24,0.996977686882019,0.002945938613265753,0.05427650148329158,0.379550039768219
25,350,5,0.01,7,25,0.9943093657493591,0.0055469064973294735,0.07447755700430482,0.8530312180519104
25,350,5,0.01,7,26,0.9972391724586487,0.0026910926681011915,0.05187574257879295,0.6290663480758667
25,350,5,0.01,7,27,0.9953460097312927,0.004536403343081474,0.06735282728350366,0.7234878540039062
25,350,5,0.01,7,28,0.991849422454834,0.007944716140627861,0.08913313716361532,0.9610303044319153
25,350,5,0.01,7,29,0.9972956776618958,0.0026359877083450556,0.05134187090811023,0.8786494731903076
25,350,5,0.01,7,30,0.9962514042854309,0.0036538783460855484,0.060447318766720735,0.4999149441719055
25,350,5,0.01,7,31,0.9969495534896851,0.002973387250676751,0.054528774520217774,0.33573487401008606
25,350,5,0.01,7,32,0.9958212971687317,0.004073168151080608,0.06382137691307363,0.4045509099960327
25,350,5,0.01,7,33,0.9936642050743103,0.0061757261864840984,0.07858578870561839,1.5031431913375854
25,350,5,0.01,7,34,0.9966649413108826,0.0032508247531950474,0.057016004360136,0.6565330624580383
25,350,5,0.01,7,35,0.9975773692131042,0.002361456397920847,0.048594818632451416,1.0109379291534424
25,350,5,0.01,7,36,0.9975528120994568,0.0023853913880884647,0.04884046875377492,0.877975583076477
25,350,5,0.01,7,37,0.9968408346176147,0.003079373622313142,0.05549210414386124,0.5890571475028992
25,350,5,0.01,7,38,0.9956584572792053,0.00423189764842391,0.06505303719599809,0.8544912338256836
25,350,5,0.01,7,39,0.9955613017082214,0.004326594062149525,0.06577685050342198,0.76146399974823
25,350,5,0.01,7,40,0.9980634450912476,0.0018876318354159594,0.043446885221106006,0.3839329183101654
25,350,5,0.01,7,41,0.9980504512786865,0.0019003159832209349,0.043592613860847285,0.34144261479377747
25,350,5,0.01,7,42,0.9964679479598999,0.0034428329672664404,0.05867565906972363,0.7436689734458923
25,350,5,0.01,7,43,0.997772216796875,0.002171497093513608,0.04659932503281145,0.34480687975883484
25,350,5,0.01,7,44,0.9977729916572571,0.0021707387641072273,0.046591187622845885,0.5062070488929749
25,350,5,0.01,7,45,0.9976279735565186,0.002312127500772476,0.048084586935654094,0.46137169003486633
25,350,5,0.01,7,46,0.9978152513504028,0.002129531465470791,0.04614684675544788,1.2272776365280151
25,350,5,0.01,7,47,0.9963358044624329,0.0035716616548597813,0.05976338055080035,0.7622023224830627
25,350,5,0.01,7,48,0.9949283599853516,0.004943550564348698,0.07031038731473961,1.11506986618042
25,350,5,0.01,7,49,0.9968737959861755,0.003047212725505233,0.05520156452044845,0.5462929010391235
25,350,5,0.01,7,50,0.9960409998893738,0.0038590161129832268,0.06212097965247511,0.433157742023468
25,350,5,0.01,7,51,0.998300313949585,0.001656738226301968,0.0407030493489366,0.5301713347434998
25,350,5,0.01,7,52,0.9975265264511108,0.0024109783116728067,0.04910171393824055,1.4366799592971802
25,350,5,0.01,7,53,0.9971628785133362,0.0027654508594423532,0.052587554225713457,0.9605778455734253
25,350,5,0.01,7,54,0.9962478876113892,0.0036573437973856926,0.06047597702712783,0.46537959575653076
25,350,5,0.01,7,55,0.9758276343345642,0.0235617496073246,0.15349837004777803,0.977293074131012
25,350,5,0.01,7,56,0.99644935131073,0.003460961626842618,0.05882993818492943,0.4101615250110626
25,350,5,0.01,7,57,0.9961735010147095,0.00372982956469059,0.06107233059815705,0.36759522557258606
25,350,5,0.01,7,58,0.9964900612831116,0.003421296365559101,0.058491848710389566,1.7101225852966309
25,350,5,0.01,7,59,0.997482180595398,0.002454223111271858,0.049540116181452966,0.6488041877746582
25,350,5,0.01,7,60,0.9932237267494202,0.006605082657188177,0.08127165961876365,0.7613246440887451
25,350,5,0.01,7,61,0.9969547390937805,0.002968339715152979,0.05448247163219542,1.2743258476257324
25,350,5,0.01,7,62,0.9975476264953613,0.0023904379922896624,0.048892105623399594,0.7218384742736816
25,350,5,0.01,7,63,0.9978840947151184,0.0020624359603971243,0.045414050253166416,0.4847049415111542
25,350,5,0.01,7,64,0.9932166337966919,0.006612027995288372,0.08131437754350931,1.1285181045532227
25,350,5,0.01,7,65,0.9982473850250244,0.0017083476996049285,0.04133216301628707,0.600724458694458
25,350,5,0.01,7,66,0.9942560195922852,0.005598904564976692,0.07482582819439215,0.7454449534416199
25,350,5,0.01,7,67,0.9978267550468445,0.0021183518692851067,0.04602555669717757,0.6518957018852234
25,350,5,0.01,7,68,0.9958474040031433,0.004047725815325975,0.06362174011551378,0.8331904411315918
25,350,5,0.01,7,69,0.9951099157333374,0.004766528028994799,0.06904004655991187,0.8270102143287659
25,350,5,0.01,7,70,0.9966051578521729,0.0033090615179389715,0.057524442786862105,0.9972880482673645
25,350,5,0.01,7,71,0.9981096386909485,0.0018426369642838836,0.04292594744771376,0.783322811126709
25,350,5,0.01,7,72,0.9966995716094971,0.003217061748728156,0.05671914799014664,0.831134021282196
25,350,5,0.01,7,73,0.9983658194541931,0.001592890708707273,0.039911034924031634,0.4949725866317749
25,350,5,0.01,7,74,0.9970366954803467,0.0028884741477668285,0.0537445266772983,0.7458266019821167
25,350,5,0.01,7,75,0.9776831865310669,0.02175304852426052,0.1474891471405965,1.0162928104400635
25,350,5,0.01,7,76,0.9980197548866272,0.0019302386790513992,0.04393448166362498,0.8340817093849182
25,350,5,0.01,7,77,0.9964260458946228,0.0034836686681956053,0.059022611499285636,0.44447240233421326
25,350,5,0.01,7,78,0.9960713386535645,0.003829425433650613,0.06188235155236599,1.3964269161224365
25,350,5,0.01,7,79,0.9967153668403625,0.0032016769982874393,0.056583363264191354,0.49979305267333984
25,350,5,0.01,7,80,0.9947664141654968,0.005101367365568876,0.07142385711769476,1.3560231924057007
25,350,5,0.01,7,81,0.9978910684585571,0.0020556296221911907,0.04533905184486317,1.1244829893112183
25,350,5,0.01,7,82,0.9962436556816101,0.003661433234810829,0.06050977800992852,0.6735259890556335
25,350,5,0.01,7,83,0.9970841407775879,0.0028422025498002768,0.053312311428039556,0.8845704197883606
25,350,5,0.01,7,84,0.998201310634613,0.0017532353522256017,0.04187165332567609,0.56272292137146
25,350,5,0.01,7,85,0.9973973631858826,0.0025369110517203808,0.050367758057316594,0.5600646138191223
25,350,5,0.01,7,86,0.995935320854187,0.003962025977671146,0.06294462628113019,0.6551435589790344
25,350,5,0.01,7,87,0.9971979260444641,0.002731315791606903,0.05226199184500054,0.49962741136550903
25,350,5,0.01,7,88,0.9978823065757751,0.002064180327579379,0.04543325134281476,0.6199697256088257
25,350,5,0.01,7,89,0.9928296804428101,0.006989211309701204,0.08360150303494072,0.9806345701217651
25,350,5,0.01,7,90,0.9979119300842285,0.0020353305153548717,0.045114637484466966,0.4683856666088104
25,350,5,0.01,7,91,0.9983713030815125,0.0015875573735684156,0.03984416360733923,0.475029855966568
25,350,5,0.01,7,92,0.9982634782791138,0.0016926666721701622,0.041142030481858355,0.33237141370773315
25,350,5,0.01,7,93,0.9739217162132263,0.025419501587748528,0.15943494468826,1.129227876663208
25,350,5,0.01,7,94,0.9968169331550598,0.003102661343291402,0.05570153806935139,0.5778481364250183
25,350,5,0.01,7,95,0.9977273344993591,0.002215232467278838,0.04706625614257882,0.4531368017196655
25,350,5,0.01,7,96,0.9926663637161255,0.00714837433770299,0.08454805933729638,0.4962313175201416
25,350,5,0.01,7,97,0.9980290532112122,0.0019211304606869817,0.04383070226093784,0.4505496919155121
25,350,5,0.01,7,98,0.9983246922492981,0.0016329799545928836,0.04041014667868559,0.43326976895332336
25,350,5,0.01,7,99,0.9942991137504578,0.005556854419410229,0.07454431178440263,0.5669748187065125
25,350,5,0.01,7,100,0.9982424974441528,0.0017131230561062694,0.04138989074769671,0.3830191493034363
26,350,5,0.01,7,1,0.9831991791725159,0.016376424580812454,0.12797040509747734,0.7403498291969299
26,350,5,0.01,7,2,0.9843918681144714,0.015213856473565102,0.12334446267897518,3.184237003326416
26,350,5,0.01,7,3,0.992584228515625,0.0072284541092813015,0.08502031586204148,1.1669243574142456
26,350,5,0.01,7,4,0.9958292841911316,0.004065344575792551,0.06376005470349402,0.7101823091506958
26,350,5,0.01,7,5,0.99061119556427,0.00915165338665247,0.09566427434864318,1.5236386060714722
26,350,5,0.01,7,6,0.9966184496879578,0.0032961368560791016,0.057411992267113514,1.4917044639587402
26,350,5,0.01,7,7,0.9966273307800293,0.003287476720288396,0.057336521696806794,0.42621544003486633
26,350,5,0.01,7,8,0.9969149231910706,0.0030071509536355734,0.054837495873130214,0.639646053314209
26,350,5,0.01,7,9,0.9972236752510071,0.0027061928994953632,0.05202108129879043,1.1590328216552734
26,350,5,0.01,7,10,0.9920704960823059,0.007729201577603817,0.08791587784697265,1.6401516199111938
26,350,5,0.01,7,11,0.9968588948249817,0.0030617620795965195,0.055333191482116045,0.3455638587474823
26,350,5,0.01,7,12,0.995384693145752,0.004498747643083334,0.06707270415812482,0.8554990291595459
26,350,5,0.01,7,13,0.9967142343521118,0.0032027880661189556,0.05659318038526334,1.1311068534851074
26,350,5,0.01,7,14,0.996535062789917,0.0033774301409721375,0.058115661752854,1.4880748987197876
26,350,5,0.01,7,15,0.9932364225387573,0.006592695601284504,0.081195416134684,0.7728732824325562
26,350,5,0.01,7,16,0.9818556904792786,0.017685964703559875,0.13298858862158014,2.0936641693115234
26,350,5,0.01,7,17,0.9898284077644348,0.009914669208228588,0.09957243196903744,2.5213301181793213
26,350,5,0.01,7,18,0.9928802847862244,0.006939837709069252,0.08330568833560678,0.7117488980293274
26,350,5,0.01,7,19,0.9977374076843262,0.002205440541729331,0.04696211815633246,1.36900794506073
26,350,5,0.01,7,20,0.9613038897514343,0.037718627601861954,0.19421284098087324,0.665471613407135
26,350,5,0.01,7,21,0.9917131662368774,0.008077512495219707,0.0898749825881469,1.7127342224121094
26,350,5,0.01,7,22,0.9953411817550659,0.004541120491921902,0.06738783637958635,1.1667258739471436
26,350,5,0.01,7,23,0.9976114630699158,0.0023282007314264774,0.04825143242875259,0.9269663095474243
26,350,5,0.01,7,24,0.9968084692955017,0.003110901452600956,0.05577545564673547,1.4375760555267334
26,350,5,0.01,7,25,0.9960546493530273,0.003845679108053446,0.062013539715560874,0.5069102048873901
26,350,5,0.01,7,26,0.9978685975074768,0.0020775566808879375,0.045580222475191334,0.4499421715736389
26,350,5,0.01,7,27,0.9973858594894409,0.002548133721575141,0.05047904239954579,0.9859663248062134
26,350,5,0.01,7,28,0.9972898364067078,0.0026417116168886423,0.05139758376508221,0.9478758573532104
26,350,5,0.01,7,29,0.9964365363121033,0.0034734527580440044,0.058936005616634764,0.5546918511390686
26,350,5,0.01,7,30,0.9970831871032715,0.002843114547431469,0.053320864091192945,1.4311821460723877
26,350,5,0.01,7,31,0.9972315430641174,0.0026985325384885073,0.0519474016529076,0.9456328749656677
26,350,5,0.01,7,32,0.9927194714546204,0.007096597459167242,0.08424130494696318,1.2303184270858765
26,350,5,0.01,7,33,0.9940634965896606,0.005786551628261805,0.07606938693233832,0.4778749346733093
26,350,5,0.01,7,34,0.9980418086051941,0.0019087153486907482,0.04368884695995934,0.6534414887428284
26,350,5,0.01,7,35,0.9971883893013,0.002740610856562853,0.0523508438954221,0.43458643555641174
26,350,5,0.01,7,36,0.9966384172439575,0.0032766766380518675,0.057242262691580136,1.660794734954834
26,350,5,0.01,7,37,0.9968653917312622,0.0030554060358554125,0.055275727366136146,0.9178210496902466
26,350,5,0.01,7,38,0.9967951774597168,0.0031238433439284563,0.05589135303361743,0.7028594017028809
26,350,5,0.01,7,39,0.9965493083000183,0.0033635033760219812,0.05799571860078967,0.9045045375823975
26,350,5,0.01,7,40,0.9953876733779907,0.0044958321377635,0.06705096671759103,0.9512377977371216
26,350,5,0.01,7,41,0.9980376362800598,0.0019128108397126198,0.043735692971674976,0.3974660634994507
26,350,5,0.01,7,42,0.9966052174568176,0.0033090088982135057,0.05752398541663734,0.2828996777534485
26,350,5,0.01,7,43,0.9970951676368713,0.0028314320370554924,0.053211202176379105,0.8537358641624451
26,350,5,0.01,7,44,0.9973621368408203,0.002571226330474019,0.050707261121796146,0.6531464457511902
26,350,5,0.01,7,45,0.9977019429206848,0.0022399944718927145,0.04732857986346849,0.4692049026489258
26,350,5,0.01,7,46,0.9975307583808899,0.0024068860802799463,0.04906002527801984,0.5764454007148743
26,350,5,0.01,7,47,0.9975630044937134,0.0023754399735480547,0.04873848554836367,1.0780242681503296
26,350,5,0.01,7,48,0.9978969693183899,0.00204987870529294,0.04527558619491238,0.4317040741443634
26,350,5,0.01,7,49,0.9943181276321411,0.005538345314562321,0.07442005989356848,1.9109469652175903
26,350,5,0.01,7,50,0.9981191754341125,0.0018333083717152476,0.04281715043899171,0.64845210313797
26,350,5,0.01,7,51,0.9971070885658264,0.0028198561631143093,0.053102317869508385,1.2520309686660767
26,350,5,0.01,7,52,0.9965857267379761,0.0033279983326792717,0.05768880595643553,1.11739981174469
26,350,5,0.01,7,53,0.9970035552978516,0.0029207421466708183,0.05404389092830769,1.0486775636672974
26,350,5,0.01,7,54,0.9972571730613708,0.0026735595893114805,0.051706475313170214,0.28322410583496094
26,350,5,0.01,7,55,0.9948377013206482,0.005031903274357319,0.07093590962521958,0.6984410285949707
26,350,5,0.01,7,56,0.9982255101203918,0.0017296598525717854,0.04158917951308712,0.8333836793899536
26,350,5,0.01,7,57,0.9975589513778687,0.002379360841587186,0.048778692495670545,0.6126072406768799
26,350,5,0.01,7,58,0.9976248741149902,0.0023151522036641836,0.048116028552491565,0.4446234703063965
26,350,5,0.01,7,59,0.9970715641975403,0.0028544729575514793,0.053427267921460096,0.9102487564086914
26,350,5,0.01,7,60,0.9915915727615356,0.008196000941097736,0.09053176757966087,1.693244218826294
26,350,5,0.01,7,61,0.9938148856163025,0.006028874311596155,0.07764582610543953,1.156880259513855
26,350,5,0.01,7,62,0.998428463935852,0.0015318647492676973,0.03913904379603182,0.4102056622505188
26,350,5,0.01,7,63,0.9970084428787231,0.0029159823898226023,0.05399983694255569,0.45478662848472595
26,350,5,0.01,7,64,0.9981147646903992,0.0018376343650743365,0.0428676377361097,1.2515045404434204
26,350,5,0.01,7,65,0.9979795813560486,0.0019693535286933184,0.044377398850015064,0.38952144980430603
26,350,5,0.01,7,66,0.9969580769538879,0.002965068444609642,0.054452442044500095,0.5323936343193054
26,350,5,0.01,7,67,0.9973602294921875,0.0025730628985911608,0.05072536740715794,0.5593088269233704
26,350,5,0.01,7,68,0.998155415058136,0.0017979798140004277,0.04240259206700019,0.4826650023460388
26,350,5,0.01,7,69,0.997997522354126,0.001951912883669138,0.04418045816499799,0.3344069719314575
26,350,5,0.01,7,70,0.9967359900474548,0.0031815373804420233,0.05640511838868901,0.7073485255241394
26,350,5,0.01,7,71,0.9978692531585693,0.002076948992908001,0.045573555851041524,0.31335970759391785
26,350,5,0.01,7,72,0.996064305305481,0.0038362706545740366,0.06193763520327553,0.9744951725006104
26,350,5,0.01,7,73,0.9971944689750671,0.0027346881106495857,0.052294245483127354,1.1350585222244263
26,350,5,0.01,7,74,0.9979819059371948,0.0019671162590384483,0.04435218437730489,0.5012156963348389
26,350,5,0.01,7,75,0.9981045722961426,0.001847520237788558,0.04298279001866396,0.6762672662734985
26,350,5,0.01,7,76,0.9973382949829102,0.0025944856461137533,0.05093609374612224,0.3527655303478241
26,350,5,0.01,7,77,0.9966405034065247,0.0032746093347668648,0.05722420235151264,0.841989278793335
26,350,5,0.01,7,78,0.9983963370323181,0.0015631683636456728,0.03953692405392297,0.6305477619171143
26,350,5,0.01,7,79,0.9981778264045715,0.0017761613707989454,0.042144529547723575,0.4417155086994171
26,350,5,0.01,7,80,0.9952073693275452,0.004671563860028982,0.06834883949292031,1.2379258871078491
26,350,5,0.01,7,81,0.9962249398231506,0.003679720452055335,0.06066069940295228,0.9365851879119873
26,350,5,0.01,7,82,0.997869610786438,0.0020765645895153284,0.045569338260669626,0.4526005983352661
26,350,5,0.01,7,83,0.9977291822433472,0.0022134652826935053,0.04704747902591068,0.5733929872512817
26,350,5,0.01,7,84,0.9912514686584473,0.008527519181370735,0.09234456768738881,1.876577615737915
26,350,5,0.01,7,85,0.993401825428009,0.0064315092749893665,0.0801966911723256,2.056112289428711
26,350,5,0.01,7,86,0.9960492849349976,0.003850930603221059,0.062055866791311996,0.5887890458106995
26,350,5,0.01,7,87,0.9957350492477417,0.0041572339832782745,0.06447661578648707,0.5246720314025879
26,350,5,0.01,7,88,0.9982631802558899,0.0016929554985836148,0.04114554044588083,0.4003623127937317
26,350,5,0.01,7,89,0.9967143535614014,0.0032026427797973156,0.05659189676797656,0.9708842039108276
26,350,5,0.01,7,90,0.9937901496887207,0.0060529992915689945,0.07780102371800125,1.397066354751587
26,350,5,0.01,7,91,0.9969173669815063,0.003004751168191433,0.05481561062499836,0.7798057198524475
26,350,5,0.01,7,92,0.9978227615356445,0.0021222347859293222,0.04606771956510678,0.6879682540893555
26,350,5,0.01,7,93,0.9981482028961182,0.0018050329526886344,0.04248567938363037,0.3315611779689789
26,350,5,0.01,7,94,0.9982360601425171,0.0017194069223478436,0.04146573190416206,0.502120852470398
26,350,5,0.01,7,95,0.9975336194038391,0.0024040781427174807,0.04903139955903238,0.45398640632629395
26,350,5,0.01,7,96,0.9964509606361389,0.0034593737218528986,0.05881644091453425,1.1470140218734741
26,350,5,0.01,7,97,0.9953485131263733,0.004534007515758276,0.06733503928682508,1.4822996854782104
26,350,5,0.01,7,98,0.9969648718833923,0.002958443947136402,0.05439157974481346,0.3862816095352173
26,350,5,0.01,7,99,0.9981868863105774,0.0017673089168965816,0.042039373412273665,0.7860223650932312
26,350,5,0.01,7,100,0.9978885650634766,0.0020581011194735765,0.045366299380416475,0.9810512065887451
27,350,5,0.01,7,1,0.9833754301071167,0.016204647719860077,0.12729747727217566,3.903620481491089
27,350,5,0.01,7,2,0.9935958981513977,0.006242351606488228,0.07900855400833652,0.7855644226074219
27,350,5,0.01,7,3,0.9957190155982971,0.004172834102064371,0.06459747752090922,1.7661327123641968
27,350,5,0.01,7,4,0.9965280890464783,0.003384190145879984,0.058173792603542565,0.5548360347747803
27,350,5,0.01,7,5,0.993535041809082,0.006301635876297951,0.07938284371511234,0.667837381362915
27,350,5,0.01,7,6,0.9831861257553101,0.016389144584536552,0.1280200944560523,1.7948341369628906
27,350,5,0.01,7,7,0.9970371127128601,0.0028880483005195856,0.05374056475810043,0.4688127040863037
27,350,5,0.01,7,8,0.9973536133766174,0.0025795605033636093,0.05078937392175266,0.4593842923641205
27,350,5,0.01,7,9,0.9973225593566895,0.0026097851805388927,0.051086056615664635,0.802116870880127
27,350,5,0.01,7,10,0.9967855215072632,0.0031332653015851974,0.05597557772444334,1.4652191400527954
27,350,5,0.01,7,11,0.9949894547462463,0.004883999470621347,0.06988561705115973,1.2068721055984497
27,350,5,0.01,7,12,0.9975102543830872,0.0024268438573926687,0.0492630069869133,1.1554532051086426
27,350,5,0.01,7,13,0.9961313009262085,0.0037709909956902266,0.06140839515644605,0.4995710551738739
27,350,5,0.01,7,14,0.9964994192123413,0.003412178484722972,0.05841385524619114,0.5087640881538391
27,350,5,0.01,7,15,0.9917336106300354,0.008057589642703533,0.08976407768536104,1.7016593217849731
27,350,5,0.01,7,16,0.9971181154251099,0.002809076337143779,0.05300072015684106,1.0824238061904907
27,350,5,0.01,7,17,0.9923979043960571,0.007410070393234491,0.08608176574184856,1.392020344734192
27,350,5,0.01,7,18,0.9973836541175842,0.002550274832174182,0.050500245862512214,0.3555060029029846
27,350,5,0.01,7,19,0.9961950778961182,0.0037088089156895876,0.060899991097615014,0.5428346395492554
27,350,5,0.01,7,20,0.9906075596809387,0.009155204519629478,0.09568283294107402,0.6182370185852051
27,350,5,0.01,7,21,0.9970646500587463,0.0028611980378627777,0.05349016767465566,1.1434847116470337
27,350,5,0.01,7,22,0.9969614744186401,0.002961758291348815,0.054422038654839223,0.8301863074302673
27,350,5,0.01,7,23,0.9930758476257324,0.006749225780367851,0.08215367174002541,1.724554419517517
27,350,5,0.01,7,24,0.9865391850471497,0.013120782561600208,0.11454598448483565,1.984435796737671
27,350,5,0.01,7,25,0.9958463907241821,0.004048667382448912,0.06362913941307796,1.675283432006836
27,350,5,0.01,7,26,0.9822150468826294,0.017335686832666397,0.13166505547284138,1.3832504749298096
27,350,5,0.01,7,27,0.9971721768379211,0.002756369998678565,0.05250114283211905,0.8297350406646729
27,350,5,0.01,7,28,0.9969460368156433,0.002976830117404461,0.054560334652606936,0.8050664067268372
27,350,5,0.01,7,29,0.99791020154953,0.002037016674876213,0.0451333211150721,0.8610156178474426
27,350,5,0.01,7,30,0.9649370908737183,0.03417722135782242,0.1848708234357775,0.8535237908363342
27,350,5,0.01,7,31,0.9975479245185852,0.0023901271633803844,0.04888892679718368,0.9567007422447205
27,350,5,0.01,7,32,0.9962936043739319,0.0036127690691500902,0.06010631471942104,0.3515869677066803
27,350,5,0.01,7,33,0.9977763891220093,0.0021674251183867455,0.04655561317807709,1.2038131952285767
27,350,5,0.01,7,34,0.9677479267120361,0.031437356024980545,0.17730582625785465,0.9142312407493591
27,350,5,0.01,7,35,0.9934462904930115,0.006388163659721613,0.07992598863774919,0.4542373716831207
27,350,5,0.01,7,36,0.994715690612793,0.005150850862264633,0.07176942846550077,2.1901862621307373
27,350,5,0.01,7,37,0.9971779584884644,0.0027507415506988764,0.05244751234042351,0.6915560364723206
27,350,5,0.01,7,38,0.9939627647399902,0.005884726531803608,0.0767119712418056,1.1760950088500977
27,350,5,0.01,7,39,0.9974621534347534,0.0024737189523875713,0.04973649517595275,1.566946268081665
27,350,5,0.01,7,40,0.9969968199729919,0.002927301451563835,0.05410454187555639,0.4374609589576721
27,350,5,0.01,7,41,0.9908654689788818,0.008903758600354195,0.09435972975986204,1.3842054605484009
27,350,5,0.01,7,42,0.9951213002204895,0.004755467176437378,0.06895989542072535,0.537537157535553
27,350,5,0.01,7,43,0.9979507327079773,0.0019975248724222183,0.04469367821540557,1.1491765975952148
27,350,5,0.01,7,44,0.9955074191093445,0.004379122518002987,0.06617493874574412,0.3813929557800293
27,350,5,0.01,7,45,0.9972586631774902,0.002672073431313038,0.051692102214100734,0.3648393750190735
27,350,5,0.01,7,46,0.9965429902076721,0.0033696547616273165,0.05804872747638243,0.9824697375297546
27,350,5,0.01,7,47,0.9963675141334534,0.0035407247487455606,0.05950398935151794,0.6137714385986328
27,350,5,0.01,7,48,0.9935968518257141,0.006241397466510534,0.07900251557077492,0.3345387578010559
27,350,5,0.01,7,49,0.9977841377258301,0.0021598665043711662,0.046474363948000044,0.4401780068874359
27,350,5,0.01,7,50,0.9979325532913208,0.002015224192291498,0.044891248504485795,0.716073751449585
27,350,5,0.01,7,51,0.9962471127510071,0.0036580893211066723,0.060482140513598494,1.1806753873825073
27,350,5,0.01,7,52,0.9970309734344482,0.002894048811867833,0.053796364299716695,1.0745457410812378
27,350,5,0.01,7,53,0.9980678558349609,0.001883337157778442,0.04339743261736161,0.682012140750885
27,350,5,0.01,7,54,0.9978698492050171,0.002076322678476572,0.045566683865260284,0.30874210596084595
27,350,5,0.01,7,55,0.9969051480293274,0.0030166504438966513,0.05492404249412684,0.3382546007633209
27,350,5,0.01,7,56,0.9738542437553406,0.02548527903854847,0.1596410944542428,1.7038531303405762
27,350,5,0.01,7,57,0.9959164261817932,0.003980407025665045,0.06309046699514155,1.2180403470993042
27,350,5,0.01,7,58,0.9960289001464844,0.003870805026963353,0.062215794031446336,1.30902898311615
27,350,5,0.01,7,59,0.9977417588233948,0.002201189985498786,0.04691684117136176,0.5837181210517883
27,350,5,0.01,7,60,0.9968172907829285,0.0031023246701806784,0.055698515870538944,1.5732396841049194
27,350,5,0.01,7,61,0.9969905614852905,0.002933414885774255,0.054161008906539534,0.9512783288955688
27,350,5,0.01,7,62,0.9980460405349731,0.0019046260276809335,0.04364202135191418,0.5472316145896912
27,350,5,0.01,7,63,0.9899286031723022,0.009817006066441536,0.09908080574178602,2.3818540573120117
27,350,5,0.01,7,64,0.9978973865509033,0.002049517584964633,0.045271597994378694,1.337565541267395
27,350,5,0.01,7,65,0.997462809085846,0.002473104279488325,0.04973031549757477,0.5289888381958008
27,350,5,0.01,7,66,0.997478187084198,0.0024581279139965773,0.04957951103022878,1.1404404640197754
27,350,5,0.01,7,67,0.9978511929512024,0.002094551455229521,0.04576626984176797,0.40769556164741516
27,350,5,0.01,7,68,0.9956212043762207,0.004268172197043896,0.06533124977408511,0.6962108612060547
27,350,5,0.01,7,69,0.997002124786377,0.0029221291188150644,0.05405672131025951,0.45861607789993286
27,350,5,0.01,7,70,0.9934786558151245,0.00635661743581295,0.07972839792578897,1.532690167427063
27,350,5,0.01,7,71,0.9980638027191162,0.0018872633809223771,0.04344264472752985,0.5509805679321289
27,350,5,0.01,7,72,0.9964377880096436,0.003472249722108245,0.0589257984426876,0.6967901587486267
27,350,5,0.01,7,73,0.9974189400672913,0.002515858970582485,0.05015833899345636,1.0394197702407837
27,350,5,0.01,7,74,0.9964585900306702,0.003451928496360779,0.05875311478007595,1.0511959791183472
27,350,5,0.01,7,75,0.9981483221054077,0.0018049163045361638,0.04248430656767466,0.6133882403373718
27,350,5,0.01,7,76,0.9976306557655334,0.00230951770208776,0.048057441693121365,0.8949908018112183
27,350,5,0.01,7,77,0.9972448945045471,0.002685531275346875,0.051822111837968116,0.7482531666755676
27,350,5,0.01,7,78,0.9974541664123535,0.002481507370248437,0.049814730454439245,0.731856107711792
27,350,5,0.01,7,79,0.9968429207801819,0.003077335888519883,0.055473740531172794,1.637332797050476
27,350,5,0.01,7,80,0.997636079788208,0.002304215682670474,0.048002246641907026,0.742577850818634
27,350,5,0.01,7,81,0.9973855018615723,0.0025484280195087194,0.0504819573660602,0.5591490268707275
27,350,5,0.01,7,82,0.9925272464752197,0.007284014020115137,0.085346435309948,1.043581247329712
27,350,5,0.01,7,83,0.9944659471511841,0.005394286476075649,0.07344580638862677,1.5280219316482544
27,350,5,0.01,7,84,0.9976054430007935,0.0023340596817433834,0.04831210698927737,0.4765967130661011
27,350,5,0.01,7,85,0.9956614375114441,0.004228961654007435,0.06503046712124583,0.5737618207931519
27,350,5,0.01,7,86,0.9912809729576111,0.008498751558363438,0.0921886736989064,1.5232305526733398
27,350,5,0.01,7,87,0.9947195649147034,0.005147027317434549,0.07174278582153434,1.6199604272842407
27,350,5,0.01,7,88,0.9973732829093933,0.002560378285124898,0.05060018068272976,0.6199277639389038
27,350,5,0.01,7,89,0.9979233741760254,0.002024163259193301,0.04499070191932219,0.5317328572273254
27,350,5,0.01,7,90,0.9978863596916199,0.0020602638833224773,0.045390129800678886,1.0320348739624023
27,350,5,0.01,7,91,0.9978764057159424,0.0020699400920420885,0.04549659429058497,0.38510003685951233
27,350,5,0.01,7,92,0.9893297553062439,0.010400730185210705,0.10198397023655582,0.7324926853179932
27,350,5,0.01,7,93,0.9974703788757324,0.0024657254107296467,0.04965607123735875,0.45246997475624084
27,350,5,0.01,7,94,0.9964647889137268,0.003445895854383707,0.05870175341830691,0.6744776368141174
27,350,5,0.01,7,95,0.9931600093841553,0.006667181849479675,0.08165281286936583,1.1930581331253052
27,350,5,0.01,7,96,0.9925355315208435,0.007275923155248165,0.08529902200639915,0.5387964248657227
27,350,5,0.01,7,97,0.9976774454116821,0.002263873117044568,0.047580175672695534,0.46916040778160095
27,350,5,0.01,7,98,0.9950570464134216,0.00481811398640275,0.06941263563936144,1.3669202327728271
27,350,5,0.01,7,99,0.997654139995575,0.002286626026034355,0.047818678631203884,0.5474464297294617
27,350,5,0.01,7,100,0.9970821738243103,0.0028441145550459623,0.05333024053054666,0.7049527764320374
28,350,5,0.01,7,1,0.9775744080543518,0.02185908332467079,0.14784817660245522,1.1783058643341064
28,350,5,0.01,7,2,0.9932297468185425,0.0065992446616292,0.08123573512703137,1.4578105211257935
28,350,5,0.01,7,3,0.9954681396484375,0.004417360760271549,0.06646322863261722,1.458288550376892
28,350,5,0.01,7,4,0.9956106543540955,0.004278486128896475,0.06541013781438222,0.8329535126686096
28,350,5,0.01,7,5,0.9936702251434326,0.006169906351715326,0.07854875143320438,0.5037052631378174
28,350,5,0.01,7,6,0.9964912533760071,0.0034201149828732014,0.058481749143413975,0.7932016849517822
28,350,5,0.01,7,7,0.9964065551757812,0.003502670908346772,0.059183366821656674,0.6514766216278076
28,350,5,0.01,7,8,0.9966585636138916,0.0032570217736065388,0.0570703230550392,0.9131152033805847
28,350,5,0.01,7,9,0.9962875247001648,0.0036186950746923685,0.060155590552270106,0.5505311489105225
28,350,5,0.01,7,10,0.9950882792472839,0.004787638783454895,0.0691927653982329,0.7549274563789368
28,350,5,0.01,7,11,0.9740718603134155,0.025273164734244347,0.15897535889012596,0.7770336866378784
28,350,5,0.01,7,12,0.9956286549568176,0.004260919522494078,0.06527571924149192,0.7762284874916077
28,350,5,0.01,7,13,0.9963111877441406,0.003595629008486867,0.05996356400754434,0.4413827955722809
28,350,5,0.01,7,14,0.9952899813652039,0.004591068718582392,0.06775742556046822,0.5823062658309937
28,350,5,0.01,7,15,0.9941375255584717,0.005714407656341791,0.07559370116842931,0.7923060655593872
28,350,5,0.01,7,16,0.9962273836135864,0.0036773208994418383,0.0606409176995355,0.8931751251220703
28,350,5,0.01,7,17,0.9957829117774963,0.004110542591661215,0.0641135133311318,0.5256404876708984
28,350,5,0.01,7,18,0.996652364730835,0.003263074206188321,0.05712332453725292,0.5797802805900574
28,350,5,0.01,7,19,0.997390627861023,0.0025434629060328007,0.050432756280346214,0.6766019463539124
28,350,5,0.01,7,20,0.9957342147827148,0.004158050753176212,0.06448294932132224,1.1032888889312744
28,350,5,0.01,7,21,0.9927915334701538,0.007026376202702522,0.08382348240620001,0.7232571840286255
28,350,5,0.01,7,22,0.9962602257728577,0.0036452908534556627,0.0603762441151788,0.6669590473175049
28,350,5,0.01,7,23,0.9853881001472473,0.014242812991142273,0.11934325699905408,0.8700851798057556
28,350,5,0.01,7,24,0.9921103715896606,0.007690302096307278,0.0876943675289769,0.4493580758571625
28,350,5,0.01,7,25,0.9961897730827332,0.003713971236720681,0.060942359953653595,0.7447167038917542
28,350,5,0.01,7,26,0.9971790909767151,0.0027496390976011753,0.052437001226244576,0.8376863598823547
28,350,5,0.01,7,27,0.9961725473403931,0.0037307520397007465,0.06107988244668409,1.0305627584457397
28,350,5,0.01,7,28,0.9966508746147156,0.003264517756178975,0.05713595852157357,0.4096463620662689
28,350,5,0.01,7,29,0.9953810572624207,0.004502261523157358,0.06709889360605999,0.8372223377227783
28,350,5,0.01,7,30,0.9940922260284424,0.005758561193943024,0.07588518428483272,0.8256946206092834
28,350,5,0.01,7,31,0.9974058270454407,0.0025286406744271517,0.05028559112138538,0.6196877956390381
28,350,5,0.01,7,32,0.9955270290374756,0.0043599847704172134,0.06603018075408558,0.49072420597076416
28,350,5,0.01,7,33,0.9974940419197083,0.002442628378048539,0.04942295395915282,0.6492858529090881
28,350,5,0.01,7,34,0.9963435530662537,0.0035640602000057697,0.05969975041828709,0.9589303731918335
28,350,5,0.01,7,35,0.9973630905151367,0.0025703096762299538,0.0506982216278831,0.660108745098114
28,350,5,0.01,7,36,0.995002031326294,0.0048717171885073185,0.06979768755845224,0.804284930229187
28,350,5,0.01,7,37,0.9954999089241028,0.004386416170746088,0.06623002469232582,0.9351463317871094
28,350,5,0.01,7,38,0.9949076771736145,0.004963711369782686,0.07045361147437856,0.9943570494651794
28,350,5,0.01,7,39,0.9960875511169434,0.003813633695244789,0.06175462488951568,0.5181248784065247
28,350,5,0.01,7,40,0.9936530590057373,0.006186604034155607,0.07865496827381985,1.2623990774154663
28,350,5,0.01,7,41,0.9962560534477234,0.003649360965937376,0.06040994095293734,0.426798015832901
28,350,5,0.01,7,42,0.9977839589118958,0.0021600774489343166,0.04647663336488903,0.769614577293396
28,350,5,0.01,7,43,0.9972827434539795,0.0026486190035939217,0.05146473553409093,1.0238808393478394
28,350,5,0.01,7,44,0.9981646537780762,0.0017889788141474128,0.04229632152028605,0.7596352696418762
28,350,5,0.01,7,45,0.9980468153953552,0.0019038525642827153,0.043633158999580986,0.7590442299842834
28,350,5,0.01,7,46,0.9919465780258179,0.007850004360079765,0.08860025033869692,0.8859254121780396
28,350,5,0.01,7,47,0.9889238476753235,0.010796332731842995,0.10390540280391099,0.7262416481971741
28,350,5,0.01,7,48,0.9956721067428589,0.004218578338623047,0.06495058382049423,0.7436673045158386
28,350,5,0.01,7,49,0.9965463280677795,0.0033664184156805277,0.05802084466534874,0.461068332195282
28,350,5,0.01,7,50,0.998019814491272,0.001930145313963294,0.043933419101673546,0.46074700355529785
28,350,5,0.01,7,51,0.9968987703323364,0.003022865392267704,0.054980591050548956,0.5756157636642456
28,350,5,0.01,7,52,0.9978983998298645,0.0020485157147049904,0.04526053153361094,0.5643509030342102
28,350,5,0.01,7,53,0.988020122051239,0.011677280999720097,0.10806146861726476,1.1120914220809937
28,350,5,0.01,7,54,0.9975448846817017,0.002393093192949891,0.04891925176195862,0.9803324937820435
28,350,5,0.01,7,55,0.9976654052734375,0.002275634091347456,0.047703606691186944,0.38043808937072754
28,350,5,0.01,7,56,0.9965912699699402,0.0033226122613996267,0.05764210493553845,0.7363316416740417
28,350,5,0.01,7,57,0.9967306852340698,0.0031867478974163532,0.056451287827793205,0.3593035042285919
28,350,5,0.01,7,58,0.9942450523376465,0.00560959056019783,0.07489719994898228,0.39322394132614136
28,350,5,0.01,7,59,0.9968767762184143,0.0030443461146205664,0.055175593468675684,0.8559450507164001
28,350,5,0.01,7,60,0.9945574402809143,0.005305078346282244,0.0728359687673765,0.6631123423576355
28,350,5,0.01,7,61,0.9965351223945618,0.003377361223101616,0.05811506881267212,0.6937750577926636
28,350,5,0.01,7,62,0.9981136322021484,0.0018386909505352378,0.04287995977767747,0.4734388291835785
28,350,5,0.01,7,63,0.992499053478241,0.007311450317502022,0.08550701911248001,0.675286591053009
28,350,5,0.01,7,64,0.9939813017845154,0.005866684950888157,0.07659428797820472,1.0294443368911743
28,350,5,0.01,7,65,0.9974882006645203,0.0024483336601406336,0.049480639245472906,0.6396469473838806
28,350,5,0.01,7,66,0.9952841401100159,0.004596712067723274,0.06779905654006753,0.4256303906440735
28,350,5,0.01,7,67,0.9928960800170898,0.006924447603523731,0.08321326579052003,1.8455175161361694
28,350,5,0.01,7,68,0.9957129955291748,0.0041787289083004,0.06464308863521606,0.6790216565132141
28,350,5,0.01,7,69,0.9978148937225342,0.0021298883948475122,0.04615071391481948,0.8473803997039795
28,350,5,0.01,7,70,0.9982550740242004,0.0017008606810122728,0.041241492225818806,0.34250062704086304
28,350,5,0.01,7,71,0.997529923915863,0.0024076977279037237,0.04906829656615077,0.902459442615509
28,350,5,0.01,7,72,0.9963533878326416,0.0035544901620596647,0.05961954513462565,0.9149380922317505
28,350,5,0.01,7,73,0.9981817603111267,0.0017722963821142912,0.04209865059730883,0.5552815198898315
28,350,5,0.01,7,74,0.9973683953285217,0.002565140603110194,0.050647217130955914,0.9517102837562561
28,350,5,0.01,7,75,0.9980379939079285,0.001912444131448865,0.04373150044817654,0.38782262802124023
28,350,5,0.01,7,76,0.9877247214317322,0.011965218000113964,0.10938563891166868,1.2393176555633545
28,350,5,0.01,7,77,0.9886084794998169,0.011103745549917221,0.10537431162250703,1.8002513647079468
28,350,5,0.01,7,78,0.9978834390640259,0.002063084626570344,0.045421191382110884,0.3506138026714325
28,350,5,0.01,7,79,0.9949629306793213,0.004909825045615435,0.07007014375335215,0.49842020869255066
28,350,5,0.01,7,80,0.9591457843780518,0.03982219845056534,0.19955500106628582,0.8785098195075989
28,350,5,0.01,7,81,0.9940474033355713,0.005802226718515158,0.07617234877903634,0.43453970551490784
28,350,5,0.01,7,82,0.9980409145355225,0.001909582526423037,0.04369877030790497,0.5439850687980652
28,350,5,0.01,7,83,0.9974660873413086,0.0024699042551219463,0.04969813130412396,0.5410094261169434
28,350,5,0.01,7,84,0.9979444742202759,0.002003596629947424,0.04476155303323851,0.6622207164764404
28,350,5,0.01,7,85,0.9980120062828064,0.001937758643180132,0.0440199800452037,0.8173663020133972
28,350,5,0.01,7,86,0.9977805018424988,0.002163450699299574,0.04651290895331719,0.8602772951126099
28,350,5,0.01,7,87,0.9982011914253235,0.0017533599166199565,0.041873140754187,0.3757638931274414
28,350,5,0.01,7,88,0.9934598207473755,0.006374969147145748,0.07984340390505497,0.5320090651512146
28,350,5,0.01,7,89,0.9981797933578491,0.0017742372583597898,0.04212169581533713,0.5809452533721924
28,350,5,0.01,7,90,0.9978843331336975,0.0020622238516807556,0.0454117149167564,0.7697934508323669
28,350,5,0.01,7,91,0.9946433901786804,0.005221304018050432,0.0722585913096182,0.3770372271537781
28,350,5,0.01,7,92,0.998001754283905,0.0019477482419461012,0.04413330082767548,0.6944702863693237
28,350,5,0.01,7,93,0.9972478747367859,0.002682576421648264,0.05179359440749661,0.6533585786819458
28,350,5,0.01,7,94,0.9976718425750732,0.0022693192586302757,0.04763737249922875,0.6176483631134033
28,350,5,0.01,7,95,0.99765545129776,0.002285297494381666,0.04780478526655743,0.9138965010643005
28,350,5,0.01,7,96,0.9970350861549377,0.0028900105971843004,0.053758818785240255,1.0901175737380981
28,350,5,0.01,7,97,0.9909887313842773,0.008783651515841484,0.09372113697475871,1.2203516960144043
28,350,5,0.01,7,98,0.9981318712234497,0.001820947858504951,0.04267256564240016,0.7212308049201965
28,350,5,0.01,7,99,0.997704267501831,0.0022377632558345795,0.04730500243985386,0.4381401836872101
28,350,5,0.01,7,100,0.9980761408805847,0.0018752885516732931,0.043304601968766475,0.49232134222984314
29,350,5,0.01,7,1,0.9701460003852844,0.02909984439611435,0.17058676500864406,4.044152736663818
29,350,5,0.01,7,2,0.9908022284507751,0.008965451270341873,0.0946860669282544,1.3929578065872192
29,350,5,0.01,7,3,0.9886123538017273,0.011099983006715775,0.10535645688193854,1.2911120653152466
29,350,5,0.01,7,4,0.9896315932273865,0.010106509551405907,0.10053113722327976,0.9999550580978394
29,350,5,0.01,7,5,0.9944131970405579,0.005445658229291439,0.07379470326040642,0.8532209396362305
29,350,5,0.01,7,6,0.996148407459259,0.003754314733669162,0.061272463094518746,0.6894615292549133
29,350,5,0.01,7,7,0.9853406548500061,0.014289013110101223,0.11953666010936236,1.615244746208191
29,350,5,0.01,7,8,0.9961948990821838,0.0037089732941240072,0.06090134065949622,0.6274438500404358
29,350,5,0.01,7,9,0.9958834648132324,0.004012572579085827,0.06334487018761524,0.7140507698059082
29,350,5,0.01,7,10,0.9916706681251526,0.008118928410112858,0.0901050964713587,0.6615663170814514
29,350,5,0.01,7,11,0.9959407448768616,0.003956741187721491,0.06290263259770207,0.9631205201148987
29,350,5,0.01,7,12,0.995736300945282,0.0041559720411896706,0.06446682899902609,0.8433794975280762
29,350,5,0.01,7,13,0.9955665469169617,0.004321484360843897,0.06573799784632856,0.5091896057128906
29,350,5,0.01,7,14,0.9714650511741638,0.027814120054244995,0.16677565785882842,0.7831239104270935
29,350,5,0.01,7,15,0.9968772530555725,0.0030438369140028954,0.055170978911044305,1.090141773223877
29,350,5,0.01,7,16,0.9919236898422241,0.007872287184000015,0.0887259104433424,1.5381046533584595
29,350,5,0.01,7,17,0.9958055019378662,0.004088517744094133,0.06394151815600044,0.917602002620697
29,350,5,0.01,7,18,0.996684730052948,0.0032314974814653397,0.05684626180731095,0.8179402351379395
29,350,5,0.01,7,19,0.9922769069671631,0.007527987472712994,0.08676397566221244,1.1967175006866455
29,350,5,0.01,7,20,0.9961919188499451,0.0037118643522262573,0.06092507162266005,1.1633614301681519
29,350,5,0.01,7,21,0.9758924245834351,0.02349862828850746,0.1532926230726954,3.698098659515381
29,350,5,0.01,7,22,0.9899498224258423,0.009796282276511192,0.09897617024572729,2.140963077545166
29,350,5,0.01,7,23,0.9945994019508362,0.00526419235393405,0.07255475417871698,0.870238184928894
29,350,5,0.01,7,24,0.9973770976066589,0.0025566299445927143,0.050563128310980865,0.8090459108352661
29,350,5,0.01,7,25,0.9966793656349182,0.0032367731910198927,0.05689264619456449,0.9720807671546936
29,350,5,0.01,7,26,0.9962390661239624,0.003665933618322015,0.060546953831898224,0.42856889963150024
29,350,5,0.01,7,27,0.9963316917419434,0.0035756442230194807,0.05979669073635665,0.7638810873031616
29,350,5,0.01,7,28,0.9924626350402832,0.007346941623836756,0.08571430232952232,0.7377422451972961
29,350,5,0.01,7,29,0.9854748249053955,0.014158259145915508,0.11898848324907545,1.7319883108139038
29,350,5,0.01,7,30,0.9968324899673462,0.0030874868389219046,0.05556515849812636,1.0901989936828613
29,350,5,0.01,7,31,0.9969242811203003,0.002998005598783493,0.05475404641470339,0.8933611512184143
29,350,5,0.01,7,32,0.997718334197998,0.0022240011021494865,0.04715931617559235,0.3398280143737793
29,350,5,0.01,7,33,0.9917993545532227,0.00799347460269928,0.08940623357853343,0.36132076382637024
29,350,5,0.01,7,34,0.9975672960281372,0.0023712352849543095,0.04869533124391197,0.4328453838825226
29,350,5,0.01,7,35,0.9965289235115051,0.0033833757042884827,0.05816679210931683,0.6618220806121826
29,350,5,0.01,7,36,0.9968335628509521,0.0030864542350172997,0.055555865892066694,0.8317817449569702
29,350,5,0.01,7,37,0.9859887957572937,0.013657253235578537,0.11686425131569764,1.2996128797531128
29,350,5,0.01,7,38,0.9945148229598999,0.005346599034965038,0.07312044197736388,1.1452957391738892
29,350,5,0.01,7,39,0.9971423149108887,0.0027854754589498043,0.05277760376286332,0.8266565799713135
29,350,5,0.01,7,40,0.9978154301643372,0.002129411557689309,0.0461455475391647,0.687204897403717
29,350,5,0.01,7,41,0.9869998097419739,0.012671799398958683,0.11256908722628377,0.5519740581512451
29,350,5,0.01,7,42,0.9934179782867432,0.006415777839720249,0.08009855079662959,2.190652847290039
29,350,5,0.01,7,43,0.9966883063316345,0.003228019690141082,0.056815664126551244,0.6344184279441833
29,350,5,0.01,7,44,0.9970396161079407,0.0028856194112449884,0.05371796171900967,0.935062825679779
29,350,5,0.01,7,45,0.9967488646507263,0.0031690194737166166,0.056294044744685176,0.6357595324516296
29,350,5,0.01,7,46,0.9965621829032898,0.0033509950153529644,0.05788777949924288,0.8021571040153503
29,350,5,0.01,7,47,0.9977133274078369,0.00222893338650465,0.04721158106338581,1.0807267427444458
29,350,5,0.01,7,48,0.9977631568908691,0.00218033860437572,0.04669409603339292,0.4011891484260559
29,350,5,0.01,7,49,0.99529629945755,0.004584870766848326,0.06771167378560602,1.2350741624832153
29,350,5,0.01,7,50,0.9847438931465149,0.014870747923851013,0.12194567611789692,1.0282410383224487
29,350,5,0.01,7,51,0.9932377338409424,0.00659144576638937,0.08118771930772148,1.5945684909820557
29,350,5,0.01,7,52,0.9917999505996704,0.007992884144186974,0.08940293140712431,1.590436339378357
29,350,5,0.01,7,53,0.9949736595153809,0.004899378400295973,0.06999555986129387,0.7251343131065369
29,350,5,0.01,7,54,0.9977297782897949,0.0022128697019070387,0.047041149028345795,0.8476817011833191
29,350,5,0.01,7,55,0.9973429441452026,0.0025899535976350307,0.05089158670777549,0.39549508690834045
29,350,5,0.01,7,56,0.9948001503944397,0.005068505182862282,0.07119343497024344,1.3330577611923218
29,350,5,0.01,7,57,0.9971432685852051,0.0027845953591167927,0.052769265288771953,0.8108306527137756
29,350,5,0.01,7,58,0.9957347512245178,0.004157506860792637,0.06447873184851449,0.37375661730766296
29,350,5,0.01,7,59,0.9975518584251404,0.002386289183050394,0.048849658986019485,0.893147885799408
29,350,5,0.01,7,60,0.9971960186958313,0.0027331337332725525,0.0522793815310831,0.3594018518924713
29,350,5,0.01,7,61,0.997352659702301,0.0025804887991398573,0.05079851178075847,1.278686285018921
29,350,5,0.01,7,62,0.9969779253005981,0.0029457586351782084,0.05427484348368228,0.5799517631530762
29,350,5,0.01,7,63,0.9977341890335083,0.0022085863165557384,0.04699559890623523,0.396751344203949
29,350,5,0.01,7,64,0.9946608543395996,0.005204284097999334,0.07214072426860806,0.7260903716087341
29,350,5,0.01,7,65,0.997947633266449,0.002000529319047928,0.04472727712535079,0.6024507284164429
29,350,5,0.01,7,66,0.9981104135513306,0.0018418256659060717,0.04291649643093051,0.35119614005088806
29,350,5,0.01,7,67,0.9961550235748291,0.0037478783633559942,0.061219918028007796,0.892585039138794
29,350,5,0.01,7,68,0.9973776936531067,0.002556045074015856,0.05055734441222023,0.36214974522590637
29,350,5,0.01,7,69,0.9972557425498962,0.0026749183889478445,0.05171961319410504,0.5864025950431824
29,350,5,0.01,7,70,0.9970484972000122,0.0028769676573574543,0.05363737183491986,0.3575507700443268
29,350,5,0.01,7,71,0.9960883855819702,0.003812801092863083,0.06174788330674245,0.5508137941360474
29,350,5,0.01,7,72,0.9959636330604553,0.0039343866519629955,0.06272468933333186,0.9845805168151855
29,350,5,0.01,7,73,0.9976329803466797,0.002307200338691473,0.04803332529287841,0.5109337568283081
29,350,5,0.01,7,74,0.9912732243537903,0.00850635301321745,0.09222989218912407,1.0022772550582886
29,350,5,0.01,7,75,0.9979466199874878,0.002001528162509203,0.04473844166384434,0.46529558300971985
29,350,5,0.01,7,76,0.996297299861908,0.003609148785471916,0.06007619150272357,1.2311292886734009
29,350,5,0.01,7,77,0.9961810111999512,0.0037225151900202036,0.061012418326273576,0.41129615902900696
29,350,5,0.01,7,78,0.9970259666442871,0.0028988937847316265,0.05384137614076767,1.1840825080871582
29,350,5,0.01,7,79,0.9980680346488953,0.0018831397173926234,0.043395157764347665,0.7759039998054504
29,350,5,0.01,7,80,0.99786376953125,0.002082262886688113,0.045631818796626034,1.1774307489395142
29,350,5,0.01,7,81,0.9923194050788879,0.007486553397029638,0.08652487155165062,0.41541770100593567
29,350,5,0.01,7,82,0.9974027872085571,0.002531626960262656,0.05031527561548934,0.41586869955062866
29,350,5,0.01,7,83,0.9970498085021973,0.0028756496030837297,0.053625083711671066,0.3860740065574646
29,350,5,0.01,7,84,0.9950005412101746,0.004873163532465696,0.06980804776288832,0.9671229720115662
29,350,5,0.01,7,85,0.9978081583976746,0.002136480761691928,0.04622208088881252,0.5309075713157654
29,350,5,0.01,7,86,0.9975057244300842,0.0024312641471624374,0.04930785076600315,1.0665463209152222
29,350,5,0.01,7,87,0.9973971843719482,0.0025370607618242502,0.05036924420541021,1.195335865020752
29,350,5,0.01,7,88,0.9932441115379333,0.006585244555026293,0.08114951974612229,0.8545164465904236
29,350,5,0.01,7,89,0.9982039928436279,0.001750658848322928,0.04184087532931079,0.5940673351287842
29,350,5,0.01,7,90,0.9959027767181396,0.003993696998804808,0.06319570395845597,0.9581419229507446
29,350,5,0.01,7,91,0.9978199005126953,0.0021250031422823668,0.04609775636928946,0.5919153690338135
29,350,5,0.01,7,92,0.9968945980072021,0.003026929683983326,0.05501753978490247,0.6350362300872803
29,350,5,0.01,7,93,0.9981216788291931,0.0018308513099327683,0.04278844832349928,0.4409429728984833
29,350,5,0.01,7,94,0.997887134552002,0.0020595162641257048,0.04538189357139811,0.5755903720855713
29,350,5,0.01,7,95,0.9979596138000488,0.001988849835470319,0.044596522683616475,0.6498111486434937
29,350,5,0.01,7,96,0.9960675239562988,0.0038331234827637672,0.06191222401726308,0.8248694539070129
29,350,5,0.01,7,97,0.9982663989067078,0.0016897881869226694,0.04110703330237624,0.46277275681495667
29,350,5,0.01,7,98,0.9980544447898865,0.0018963913898915052,0.04354757616551701,0.5757526755332947
29,350,5,0.01,7,99,0.9978436827659607,0.0021018432453274727,0.04584586399368511,0.6014370918273926
29,350,5,0.01,7,100,0.9974249601364136,0.0025100111961364746,0.050100011937488344,0.8631619811058044
30,350,5,0.01,7,1,0.9867637753486633,0.012901844456791878,0.11358628639405322,4.179902076721191
30,350,5,0.01,7,2,0.9935042262077332,0.006331708747893572,0.07957203496137051,1.907117486000061
30,350,5,0.01,7,3,0.9949300289154053,0.004941877909004688,0.07029849151300964,0.5721025466918945
30,350,5,0.01,7,4,0.9953291416168213,0.004552854225039482,0.0674748414228554,2.3017256259918213
30,350,5,0.01,7,5,0.9956325888633728,0.0042571076191961765,0.06524651423023438,2.0333638191223145
30,350,5,0.01,7,6,0.9954102039337158,0.004473829176276922,0.06688668908143773,0.4955781400203705
30,350,5,0.01,7,7,0.9967207908630371,0.0031963842920958996,0.05653657481750994,0.9467195868492126
30,350,5,0.01,7,8,0.9941257834434509,0.005725817754864693,0.07566913343540213,1.3629770278930664
30,350,5,0.01,7,9,0.9962121248245239,0.003692172933369875,0.06076325314999086,1.8071682453155518
30,350,5,0.01,7,10,0.9966757297515869,0.0032402679789811373,0.056923351789763196,0.8507586121559143
30,350,5,0.01,7,11,0.9969101548194885,0.003011819440871477,0.05488004592628797,0.5162515640258789
30,350,5,0.01,7,12,0.9976339936256409,0.0023062326945364475,0.04802325160311875,0.7917740345001221
30,350,5,0.01,7,13,0.9974165558815002,0.002518205437809229,0.050181724141456406,0.3932141065597534
30,350,5,0.01,7,14,0.9958628416061401,0.004032661207020283,0.06350323776800898,1.2736283540725708
30,350,5,0.01,7,15,0.9947391748428345,0.005127918906509876,0.07160948894182863,0.48597079515457153
30,350,5,0.01,7,16,0.9923790097236633,0.007428461220115423,0.08618852139418232,0.4498077929019928
30,350,5,0.01,7,17,0.9965083003044128,0.0034034750424325466,0.05833930958138386,0.8341402411460876
30,350,5,0.01,7,18,0.9957410097122192,0.004151416942477226,0.06443149030153832,0.7425000071525574
30,350,5,0.01,7,19,0.992928147315979,0.006893235724419355,0.08302551249115753,0.9268722534179688
30,350,5,0.01,7,20,0.9957831501960754,0.004110325127840042,0.06411181738057378,0.5875920057296753
30,350,5,0.01,7,21,0.9925277233123779,0.007283505983650684,0.08534345893887055,1.0505799055099487
30,350,5,0.01,7,22,0.9950552582740784,0.004819813650101423,0.06942487774639163,1.2076892852783203
30,350,5,0.01,7,23,0.9979721903800964,0.0019765966571867466,0.04445893225423601,0.3253933787345886
30,350,5,0.01,7,24,0.9960169792175293,0.0038823988288640976,0.06230889847256247,0.8465909957885742
30,350,5,0.01,7,25,0.9970341324806213,0.0028909635730087757,0.053767681491847644,0.8285356163978577
30,350,5,0.01,7,26,0.9963665008544922,0.0035417373292148113,0.05951249725238231,0.7474366426467896
30,350,5,0.01,7,27,0.9862877130508423,0.013365887105464935,0.11561092987025463,1.3500194549560547
30,350,5,0.01,7,28,0.9956995248794556,0.004191833548247814,0.06474437078424512,0.9425250887870789
30,350,5,0.01,7,29,0.9957829713821411,0.004110531881451607,0.06411342980570925,0.6014560461044312
30,350,5,0.01,7,30,0.9974921345710754,0.0024445110466331244,0.04944199679051327,0.36268678307533264
30,350,5,0.01,7,31,0.9970242977142334,0.0029005594551563263,0.05385684223157097,1.025198221206665
30,350,5,0.01,7,32,0.9972665905952454,0.0026643583551049232,0.05161742298008419,1.1505190134048462
30,350,5,0.01,7,33,0.997204601764679,0.002724782330915332,0.052199447611208795,0.9148049354553223
30,350,5,0.01,7,34,0.9973580241203308,0.0025752608198672533,0.05074702769490301,1.4056556224822998
30,350,5,0.01,7,35,0.9979303479194641,0.0020173753146082163,0.04491520137557235,0.3580457866191864
30,350,5,0.01,7,36,0.9976233839988708,0.0023165629245340824,0.048130685893035874,0.6967110633850098
30,350,5,0.01,7,37,0.9954932928085327,0.0043928916566073895,0.06627889299473393,0.3841124176979065
30,350,5,0.01,7,38,0.9945866465568542,0.00527661107480526,0.07264028548130341,0.8300293684005737
30,350,5,0.01,7,39,0.9657732844352722,0.03336210548877716,0.18265296463177694,1.3071379661560059
30,350,5,0.01,7,40,0.9981786012649536,0.001775394775904715,0.04213543373343527,0.5260031223297119
30,350,5,0.01,7,41,0.9825347065925598,0.017024094238877296,0.13047641257666956,2.8969955444335938
30,350,5,0.01,7,42,0.9977738857269287,0.002169892657548189,0.046582106624198406,0.754732608795166
30,350,5,0.01,7,43,0.9962555766105652,0.003649825230240822,0.06041378344583976,0.4139025807380676
30,350,5,0.01,7,44,0.9978602528572083,0.0020857062190771103,0.045669532722342476,1.1253408193588257
30,350,5,0.01,7,45,0.998030424118042,0.0019198256777599454,0.04381581538394493,0.9381835460662842
30,350,5,0.01,7,46,0.9980397820472717,0.001910692430101335,0.04371146794722565,0.9252244234085083
30,350,5,0.01,7,47,0.997831404209137,0.002113811671733856,0.045976207670205424,0.8000851273536682
30,350,5,0.01,7,48,0.9859045743942261,0.013739367946982384,0.11721505000204702,1.0779255628585815
30,350,5,0.01,7,49,0.9961650371551514,0.0037380987778306007,0.06113999327633755,0.4794020354747772
30,350,5,0.01,7,50,0.9971833825111389,0.002745491685345769,0.0523974396831159,1.1550829410552979
30,350,5,0.01,7,51,0.9979283809661865,0.0020193092059344053,0.04493672446823873,1.9264817237854004
30,350,5,0.01,7,52,0.9970294237136841,0.0028955608140677214,0.053810415479419234,1.133736252784729
30,350,5,0.01,7,53,0.9978248476982117,0.002120217075571418,0.046045814962615415,0.40685582160949707
30,350,5,0.01,7,54,0.997301459312439,0.002630385337397456,0.05128728241384462,1.925004482269287
30,350,5,0.01,7,55,0.9980089664459229,0.0019407179206609726,0.04405358011173408,0.6229576468467712
30,350,5,0.01,7,56,0.9980659484863281,0.0018852187786251307,0.043419106147238117,2.083632469177246
30,350,5,0.01,7,57,0.9971207976341248,0.002806443255394697,0.052975874276831876,1.6408642530441284
30,350,5,0.01,7,58,0.9971247315406799,0.0028026450891047716,0.05294001406407795,1.178147315979004
30,350,5,0.01,7,59,0.9969820380210876,0.002941708080470562,0.05423751543415832,0.7231893539428711
30,350,5,0.01,7,60,0.9975213408470154,0.0024160435423254967,0.04915326583580685,0.9768459796905518
30,350,5,0.01,7,61,0.9965742230415344,0.0033392468467354774,0.05778621675395853,0.637601375579834
30,350,5,0.01,7,62,0.9971669316291809,0.002761528827250004,0.05255025049654857,0.5923026204109192
30,350,5,0.01,7,63,0.9980270266532898,0.0019231075420975685,0.04385325007451065,1.2587529420852661
30,350,5,0.01,7,64,0.9971544742584229,0.002773635322228074,0.05266531422319698,1.046595573425293
30,350,5,0.01,7,65,0.9958102703094482,0.004083897918462753,0.06390538254687748,1.4319772720336914
30,350,5,0.01,7,66,0.9973660111427307,0.0025674316566437483,0.05066982984620876,0.5543701648712158
30,350,5,0.01,7,67,0.9977136850357056,0.0022285396698862314,0.04720741117543125,0.7234482765197754
30,350,5,0.01,7,68,0.9980450868606567,0.0019055029843002558,0.04365206735425318,0.9060803055763245
30,350,5,0.01,7,69,0.9933248162269592,0.006506564095616341,0.08066327600349704,2.0208353996276855
30,350,5,0.01,7,70,0.9981298446655273,0.0018229249399155378,0.04269572507775852,0.6425104141235352
30,350,5,0.01,7,71,0.9972028136253357,0.0027265457902103662,0.05221633643037748,1.5198488235473633
30,350,5,0.01,7,72,0.997330367565155,0.002602210734039545,0.05101186856055701,0.4569242000579834
30,350,5,0.01,7,73,0.9978490471839905,0.0020966429729014635,0.04578911413099694,1.1967467069625854
30,350,5,0.01,7,74,0.9897240996360779,0.010016333311796188,0.10008163323905235,1.2392916679382324
30,350,5,0.01,7,75,0.9975682497024536,0.002370312809944153,0.048685858418478695,0.7078456878662109
30,350,5,0.01,7,76,0.9971768260002136,0.002751858439296484,0.05245815893925829,0.7274117469787598
30,350,5,0.01,7,77,0.9983388185501099,0.0016192065086215734,0.040239365161761353,0.3072017729282379
30,350,5,0.01,7,78,0.9979596138000488,0.0019888586830347776,0.04459662187918248,0.3552962839603424
30,350,5,0.01,7,79,0.9931761026382446,0.006651523523032665,0.08155687293559424,1.3407409191131592
30,350,5,0.01,7,80,0.9973052740097046,0.002626638626679778,0.0512507426939335,0.4385036826133728
30,350,5,0.01,7,81,0.9967208504676819,0.003196309320628643,0.05653591177852041,0.8051589131355286
30,350,5,0.01,7,82,0.9972354173660278,0.0026947343721985817,0.0519108309719521,1.1667022705078125
30,350,5,0.01,7,83,0.997639536857605,0.0023008340504020452,0.04796701002149337,0.8708422183990479
30,350,5,0.01,7,84,0.997874915599823,0.0020713938865810633,0.0455125684463211,0.8902878761291504
30,350,5,0.01,7,85,0.9972006678581238,0.0027286014519631863,0.052236016807976335,1.5685927867889404
30,350,5,0.01,7,86,0.9983114004135132,0.0016459721373394132,0.04057058216663169,0.36347711086273193
30,350,5,0.01,7,87,0.9980558753013611,0.001895042136311531,0.04353208169053636,0.9620375633239746
30,350,5,0.01,7,88,0.9983233213424683,0.0016343181487172842,0.040426700937836665,0.64487224817276
30,350,5,0.01,7,89,0.9964279532432556,0.0034818416461348534,0.05900713216328051,1.1093802452087402
30,350,5,0.01,7,90,0.9984691739082336,0.0014921559486538172,0.03862843445771285,0.857489824295044
30,350,5,0.01,7,91,0.9980953335762024,0.0018565499922260642,0.04308770117128627,0.5423137545585632
30,350,5,0.01,7,92,0.9978153109550476,0.002129483735188842,0.04614632959606692,1.1783342361450195
30,350,5,0.01,7,93,0.9924378991127014,0.007371104322373867,0.0858551356785013,0.4319624602794647
30,350,5,0.01,7,94,0.9966835975646973,0.0032325992360711098,0.05685595163279839,0.7000943422317505
30,350,5,0.01,7,95,0.998039186000824,0.0019112725276499987,0.04371810297405411,0.4051218330860138
30,350,5,0.01,7,96,0.9977362751960754,0.002206516917794943,0.04697357680435824,0.40099623799324036
30,350,5,0.01,7,97,0.9972127676010132,0.0027168516535311937,0.052123427108462406,0.72393399477005
30,350,5,0.01,7,98,0.9970422983169556,0.002882979577407241,0.05369338485704958,1.1143405437469482
30,350,5,0.01,7,99,0.9979483485221863,0.001999832456931472,0.04471948632231224,0.4773413836956024
30,350,5,0.01,7,100,0.9984944462776184,0.0014675258425995708,0.038308299917897304,0.6428362131118774
