seed,max_neurons,layers,lr,unlock_layers,epoch,Jou_score,Jou_mse,Jou_rmse,Jou_mape
1,380,1,0.01,3,1,0.9874781966209412,0.012733053416013718,0.11284083221960797,0.5685909390449524
1,380,1,0.01,3,2,0.9934706091880798,0.006639545783400536,0.08148340802519576,0.3990148603916168
1,380,1,0.01,3,3,0.9957579374313354,0.0043136319145560265,0.06567824536751897,0.3779643476009369
1,380,1,0.01,3,4,0.9962989091873169,0.0037635131739079952,0.06134747895315663,0.31369560956954956
1,380,1,0.01,3,5,0.9973732233047485,0.0026710752863436937,0.05168244659788944,0.26770341396331787
1,380,1,0.01,3,6,0.9964706301689148,0.003588894149288535,0.059907379756491894,0.29011091589927673
1,380,1,0.01,3,7,0.998006284236908,0.002027370734140277,0.045026333785244795,0.19892416894435883
1,380,1,0.01,3,8,0.9977998733520508,0.002237273845821619,0.04729982923670675,0.23482955992221832
1,380,1,0.01,3,9,0.9986534714698792,0.0013692653737962246,0.0370035859586098,0.19929273426532745
1,380,1,0.01,3,10,0.9987592101097107,0.0012617317261174321,0.035520863251298274,0.21020618081092834
1,380,1,0.01,3,11,0.9987741708755493,0.0012465080944821239,0.035305921521497266,0.1592128425836563
1,380,1,0.01,3,12,0.9988152384757996,0.001204746076837182,0.0347094522693341,0.1369619518518448
1,380,1,0.01,3,13,0.9983451962471008,0.001682725502178073,0.04102103731231175,0.16768349707126617
1,380,1,0.01,3,14,0.9986223578453064,0.001400864333845675,0.03742812223242939,0.23312565684318542
1,380,1,0.01,3,15,0.9987177848815918,0.0013038446195423603,0.036108788674536846,0.2566540241241455
1,380,1,0.01,3,16,0.9989275932312012,0.0010904938681051135,0.033022626608207796,0.20031559467315674
1,380,1,0.01,3,17,0.9990628957748413,0.0009529165690764785,0.030869346754936012,0.17150680720806122
1,380,1,0.01,3,18,0.9987799525260925,0.0012406536843627691,0.03522291419463712,0.18165607750415802
1,380,1,0.01,3,19,0.9988875985145569,0.0011311393463984132,0.03363241511397023,0.2168673574924469
1,380,1,0.01,3,20,0.9986610412597656,0.0013615568168461323,0.0368992793540217,0.2596825659275055
1,380,1,0.01,3,21,0.9982531070709229,0.0017763363430276513,0.042146605355919846,0.2653425335884094
1,380,1,0.01,3,22,0.9989050626754761,0.0011134266387671232,0.033368048171373815,0.19304627180099487
1,380,1,0.01,3,23,0.9981220960617065,0.0019096009200438857,0.04369898076664816,0.3205881118774414
1,380,1,0.01,3,24,0.998757004737854,0.0012639631750062108,0.035552259773553224,0.15620221197605133
1,380,1,0.01,3,25,0.9991322755813599,0.0008823414682410657,0.029704233170392832,0.1554647833108902
1,380,1,0.01,3,26,0.9989592432975769,0.001058305730111897,0.032531611243710276,0.10798712819814682
1,380,1,0.01,3,27,0.9990580081939697,0.0009578759199939668,0.030949570594662003,0.1707410365343094
1,380,1,0.01,3,28,0.999171257019043,0.0008427462889812887,0.029030092817304058,0.2667897641658783
1,380,1,0.01,3,29,0.99895179271698,0.0010658808751031756,0.0326478310934,0.1773374378681183
1,380,1,0.01,3,30,0.9991180300712585,0.0008968485053628683,0.02994742902759548,0.1808999627828598
1,380,1,0.01,3,31,0.9990676641464233,0.0009480838198214769,0.030790969777216775,0.17334848642349243
1,380,1,0.01,3,32,0.9984453916549683,0.0015808513853698969,0.03975992184813618,0.23460248112678528
1,380,1,0.01,3,33,0.9987751245498657,0.0012455654796212912,0.03529256975088795,0.19350512325763702
1,380,1,0.01,3,34,0.9991776347160339,0.0008362484513781965,0.0289179607057309,0.19526080787181854
1,380,1,0.01,3,35,0.9992422461509705,0.0007705255411565304,0.027758341830097316,0.17702756822109222
1,380,1,0.01,3,36,0.9984015226364136,0.0016254645306617022,0.04031705012351105,0.25141796469688416
1,380,1,0.01,3,37,0.9992552995681763,0.0007572625181637704,0.027518403263339434,0.24258507788181305
1,380,1,0.01,3,38,0.9991886019706726,0.0008250886457972229,0.02872435631649947,0.18081490695476532
1,380,1,0.01,3,39,0.9980016350746155,0.0020320506300777197,0.04507827226145341,0.19362163543701172
1,380,1,0.01,3,40,0.9989904165267944,0.0010266447206959128,0.03204129711319304,0.17111873626708984
1,380,1,0.01,3,41,0.9992737174034119,0.000738506147172302,0.027175469585129564,0.1750798523426056
1,380,1,0.01,3,42,0.999199390411377,0.0008141060243360698,0.028532543250402158,0.21457551419734955
1,380,1,0.01,3,43,0.9990718960762024,0.000943764578551054,0.03072075159482681,0.17924027144908905
1,380,1,0.01,3,44,0.9988746643066406,0.0011442925315350294,0.033827393212233034,0.1787830889225006
1,380,1,0.01,3,45,0.9992644786834717,0.0007479178020730615,0.027348085894136384,0.16460900008678436
1,380,1,0.01,3,46,0.9985671639442444,0.0014570333296433091,0.03817110595258289,0.21378356218338013
1,380,1,0.01,3,47,0.9991474151611328,0.0008669671369716525,0.029444305679904435,0.16492648422718048
1,380,1,0.01,3,48,0.9991360902786255,0.0008785079116933048,0.02963963413561822,0.1705874353647232
1,380,1,0.01,3,49,0.9992247819900513,0.0007882850477471948,0.028076414438941356,0.1623435616493225
1,380,1,0.01,3,50,0.998329758644104,0.001698412117548287,0.04121179585444302,0.2074843943119049
1,380,1,0.01,3,51,0.9993629455566406,0.0006478000432252884,0.025451916297703173,0.20118185877799988
1,380,1,0.01,3,52,0.9988594651222229,0.0011598028941079974,0.03405587899479321,0.16762040555477142
1,380,1,0.01,3,53,0.9992584586143494,0.0007540719234384596,0.027460370052831765,0.18894188106060028
1,380,1,0.01,3,54,0.998881459236145,0.0011374354362487793,0.03372588673776835,0.16338428854942322
1,380,1,0.01,3,55,0.9989517331123352,0.0010659807594493032,0.032649360781634044,0.20237943530082703
1,380,1,0.01,3,56,0.9989281296730042,0.0010899724438786507,0.0330147307103761,0.15129084885120392
1,380,1,0.01,3,57,0.9986149668693542,0.001408410957083106,0.03752880170060198,0.19117140769958496
1,380,1,0.01,3,58,0.9992329478263855,0.00077996333129704,0.02792782360473225,0.1935359537601471
1,380,1,0.01,3,59,0.9994714856147766,0.0005374317988753319,0.023182575328796667,0.14917370676994324
1,380,1,0.01,3,60,0.9991458654403687,0.0008685498614795506,0.029471170005270414,0.17544499039649963
1,380,1,0.01,3,61,0.9994362592697144,0.0005732735153287649,0.02394313085894919,0.1888526976108551
1,380,1,0.01,3,62,0.9991708397865295,0.0008431457681581378,0.029036972434434996,0.22078649699687958
1,380,1,0.01,3,63,0.9993897676467896,0.0006205527461133897,0.02491089613228295,0.14368052780628204
1,380,1,0.01,3,64,0.9991918206214905,0.0008218227885663509,0.0286674517278106,0.19210782647132874
1,380,1,0.01,3,65,0.9992352724075317,0.0007776131387799978,0.027885715676309937,0.15340277552604675
1,380,1,0.01,3,66,0.9990189671516418,0.0009975763969123363,0.031584432825560387,0.1337403804063797
1,380,1,0.01,3,67,0.9990637302398682,0.0009520449675619602,0.030855225936005724,0.15223254263401031
1,380,1,0.01,3,68,0.9993547201156616,0.0006561801419593394,0.025616013389271552,0.18410341441631317
1,380,1,0.01,3,69,0.9994588494300842,0.0005502833519130945,0.02345811910433346,0.17978303134441376
1,380,1,0.01,3,70,0.9991667866706848,0.0008472746703773737,0.029107982932133476,0.20584429800510406
1,380,1,0.01,3,71,0.9993298053741455,0.0006815149099566042,0.02610584053342478,0.1428254246711731
1,380,1,0.01,3,72,0.9992223381996155,0.0007907930994406343,0.028121043711794094,0.15890325605869293
1,380,1,0.01,3,73,0.9989148378372192,0.0011034758063033223,0.03321860632692652,0.2009839564561844
1,380,1,0.01,3,74,0.9993627071380615,0.0006480413721874356,0.0254566567362534,0.16344770789146423
1,380,1,0.01,3,75,0.9994038343429565,0.0006062256288714707,0.02462164959687857,0.17989283800125122
1,380,1,0.01,3,76,0.9993972182273865,0.0006129714893177152,0.024758261031779173,0.11649094521999359
1,380,1,0.01,3,77,0.9992141127586365,0.0007991436286829412,0.02826912854480911,0.1739494651556015
1,380,1,0.01,3,78,0.9994224309921265,0.0005873370100744069,0.02423503682841037,0.14421048760414124
1,380,1,0.01,3,79,0.9994686245918274,0.0005403654649853706,0.02324576230166201,0.1304275244474411
1,380,1,0.01,3,80,0.99955815076828,0.0004493027226999402,0.021196762080561742,0.16068267822265625
1,380,1,0.01,3,81,0.9994235634803772,0.0005861636018380523,0.024210815802819457,0.15771310031414032
1,380,1,0.01,3,82,0.9992008805274963,0.0008126145112328231,0.028506394216610827,0.16703663766384125
1,380,1,0.01,3,83,0.9993828535079956,0.0006275565247051418,0.025051078314219166,0.14071345329284668
1,380,1,0.01,3,84,0.9993348121643066,0.0006764062563888729,0.026007811449425593,0.18139766156673431
1,380,1,0.01,3,85,0.9990583658218384,0.0009575244039297104,0.030943891221527235,0.2482171505689621
1,380,1,0.01,3,86,0.999485433101654,0.0005232543917372823,0.02287475446288511,0.17255927622318268
1,380,1,0.01,3,87,0.9994439482688904,0.0005654250853694975,0.02377866870473403,0.1547534018754959
1,380,1,0.01,3,88,0.9994686841964722,0.0005402539391070604,0.023243363334660937,0.16089831292629242
1,380,1,0.01,3,89,0.9993210434913635,0.0006904234178364277,0.026275909457836616,0.18377049267292023
1,380,1,0.01,3,90,0.9993679523468018,0.0006427094922401011,0.025351715765212047,0.17123505473136902
1,380,1,0.01,3,91,0.9994888305664062,0.0005198129802010953,0.022799407452850508,0.1514049619436264
1,380,1,0.01,3,92,0.9992911219596863,0.000720858748536557,0.026848812795662994,0.14361928403377533
1,380,1,0.01,3,93,0.9992485642433167,0.0007641136762686074,0.027642606177215045,0.22075214982032776
1,380,1,0.01,3,94,0.9994745254516602,0.0005343376542441547,0.02311574472614185,0.17305651307106018
1,380,1,0.01,3,95,0.9995193481445312,0.0004887397517450154,0.022107459187907946,0.17580875754356384
1,380,1,0.01,3,96,0.9994878172874451,0.0005208473303355277,0.022822079886275215,0.11593232303857803
1,380,1,0.01,3,97,0.998345673084259,0.001682255999185145,0.04101531420317471,0.18390411138534546
1,380,1,0.01,3,98,0.9994811415672302,0.0005276265437714756,0.022970122850596065,0.11224301159381866
1,380,1,0.01,3,99,0.9995657205581665,0.00044163057464174926,0.021015008318859864,0.1235165074467659
1,380,1,0.01,3,100,0.9990406036376953,0.0009755759383551776,0.031234211025015144,0.1637040078639984
2,380,1,0.01,3,1,0.9901749491691589,0.009990782476961613,0.09995390175956921,0.558303952217102
2,380,1,0.01,3,2,0.9944526553153992,0.00564094353467226,0.07510621502027819,0.32680895924568176
2,380,1,0.01,3,3,0.9954272508621216,0.004649915732443333,0.06819029060242618,0.3278755843639374
2,380,1,0.01,3,4,0.9953954815864563,0.0046821776777505875,0.06842643990264718,0.4153774380683899
2,380,1,0.01,3,5,0.9968305230140686,0.003222943050786853,0.05677097014132181,0.3191673457622528
2,380,1,0.01,3,6,0.9974934458732605,0.002548842690885067,0.05048606432358406,0.23315447568893433
2,380,1,0.01,3,7,0.9975122809410095,0.002529712626710534,0.050296248634570495,0.33610931038856506
2,380,1,0.01,3,8,0.9979252815246582,0.002109696390107274,0.045931431396237524,0.20612917840480804
2,380,1,0.01,3,9,0.9974584579467773,0.0025843901094049215,0.05083689712605325,0.2390097677707672
2,380,1,0.01,3,10,0.9984533786773682,0.0015727280406281352,0.039657635338332206,0.22230926156044006
2,380,1,0.01,3,11,0.9986163973808289,0.0014069657772779465,0.03750954248291955,0.2582402527332306
2,380,1,0.01,3,12,0.9986191391944885,0.0014041624963283539,0.037472156280742026,0.1957922875881195
2,380,1,0.01,3,13,0.9987214803695679,0.0013000593753531575,0.036056336133239573,0.19785678386688232
2,380,1,0.01,3,14,0.9985137581825256,0.0015112987020984292,0.038875425426590886,0.2949012219905853
2,380,1,0.01,3,15,0.9980619549751282,0.001970715820789337,0.044392745136895256,0.23910671472549438
2,380,1,0.01,3,16,0.9986050724983215,0.001418468775227666,0.03766256463954182,0.1962018609046936
2,380,1,0.01,3,17,0.9988476037979126,0.0011718565365299582,0.03423239016676981,0.14170385897159576
2,380,1,0.01,3,18,0.9988449811935425,0.0011745207011699677,0.03427128099692172,0.18168126046657562
2,380,1,0.01,3,19,0.9990361332893372,0.0009801362175494432,0.031307127264401685,0.18241219222545624
2,380,1,0.01,3,20,0.9986817240715027,0.00134049984626472,0.03661283717857331,0.25022777915000916
2,380,1,0.01,3,21,0.9970698952674866,0.0029795088339596987,0.054584877337589564,0.37176188826560974
2,380,1,0.01,3,22,0.9985582828521729,0.001466044457629323,0.03828895999670562,0.14217127859592438
2,380,1,0.01,3,23,0.9984370470046997,0.001589309424161911,0.03986614383360787,0.276119202375412
2,380,1,0.01,3,24,0.9987492561340332,0.001271827844902873,0.03566269542397031,0.17953026294708252
2,380,1,0.01,3,25,0.9989812970161438,0.0010358716826885939,0.032184960504692155,0.16927102208137512
2,380,1,0.01,3,26,0.9992516040802002,0.000761014933232218,0.027586499111562128,0.1494196057319641
2,380,1,0.01,3,27,0.9990610480308533,0.0009548128582537174,0.03090004625002554,0.19149036705493927
2,380,1,0.01,3,28,0.9990136027336121,0.0010030078701674938,0.03167029949601825,0.24493007361888885
2,380,1,0.01,3,29,0.9989758729934692,0.0010414246935397387,0.03227111236911022,0.20454846322536469
2,380,1,0.01,3,30,0.9991427063941956,0.0008717279997654259,0.02952504021615256,0.10916448384523392
2,380,1,0.01,3,31,0.9987794160842896,0.0012411971110850573,0.03523062745800956,0.16107438504695892
2,380,1,0.01,3,32,0.9989367127418518,0.0010812452528625727,0.03288229391120049,0.16143961250782013
2,380,1,0.01,3,33,0.9985586404800415,0.0014656716957688332,0.038284091941285917,0.2026909589767456
2,380,1,0.01,3,34,0.9988961219787598,0.0011225106427446008,0.03350388996436982,0.2518802881240845
2,380,1,0.01,3,35,0.9971801042556763,0.0028674870263785124,0.05354892180407102,0.3199823498725891
2,380,1,0.01,3,36,0.9991739392280579,0.0008400091319344938,0.028982911032787818,0.12846551835536957
2,380,1,0.01,3,37,0.9991156458854675,0.0008992509101517498,0.029987512570264142,0.1219358965754509
2,380,1,0.01,3,38,0.9991217255592346,0.0008930724579840899,0.029884317927369362,0.13404540717601776
2,380,1,0.01,3,39,0.9988319277763367,0.0011877684155479074,0.03446401624227663,0.17795680463314056
2,380,1,0.01,3,40,0.9989495277404785,0.0010681850835680962,0.032683100886667656,0.14157254993915558
2,380,1,0.01,3,41,0.9986700415611267,0.0013523813104256988,0.036774737394381196,0.1425507515668869
2,380,1,0.01,3,42,0.999104917049408,0.000910178292542696,0.03016916128338168,0.1290401965379715
2,380,1,0.01,3,43,0.9991626143455505,0.0008515294757671654,0.029180977978250925,0.11871770024299622
2,380,1,0.01,3,44,0.9985179305076599,0.00150705361738801,0.03882078846942718,0.14969931542873383
2,380,1,0.01,3,45,0.9986742734909058,0.001348119112662971,0.036716741585589685,0.2705025374889374
2,380,1,0.01,3,46,0.9986255168914795,0.001397696789354086,0.03738578325184703,0.14238294959068298
2,380,1,0.01,3,47,0.9991826415061951,0.0008311296696774662,0.028829319618705298,0.1432753950357437
2,380,1,0.01,3,48,0.9987079501152039,0.001313837361522019,0.036246894508661275,0.17417238652706146
2,380,1,0.01,3,49,0.999291181564331,0.0007208064198493958,0.026847838271439953,0.12380216270685196
2,380,1,0.01,3,50,0.999024510383606,0.000991950393654406,0.031495243984678165,0.17128947377204895
2,380,1,0.01,3,51,0.9988527297973633,0.0011666279751807451,0.03415593616314366,0.14762011170387268
2,380,1,0.01,3,52,0.9991843104362488,0.0008294697618111968,0.028800516693476122,0.13839606940746307
2,380,1,0.01,3,53,0.9991098046302795,0.0009052350651472807,0.030087124574264,0.1577426940202713
2,380,1,0.01,3,54,0.99923175573349,0.0007811887189745903,0.027949753468941192,0.12656284868717194
2,380,1,0.01,3,55,0.998240053653717,0.0017896645003929734,0.04230442648698802,0.1836608499288559
2,380,1,0.01,3,56,0.9992367625236511,0.0007761301239952445,0.027859112046065726,0.16497883200645447
2,380,1,0.01,3,57,0.9993127584457397,0.0006988638779148459,0.026436033702407893,0.12634138762950897
2,380,1,0.01,3,58,0.9984947443008423,0.0015306241111829877,0.03912319147491661,0.20460820198059082
2,380,1,0.01,3,59,0.9992110133171082,0.000802314025349915,0.028325148284694204,0.1716938316822052
2,380,1,0.01,3,60,0.9993048906326294,0.0007068630657158792,0.02658689650402768,0.14266498386859894
2,380,1,0.01,3,61,0.9994373917579651,0.0005720945773646235,0.02391849864361523,0.11923918128013611
2,380,1,0.01,3,62,0.9992477297782898,0.0007649484905414283,0.027657702192001206,0.17202898859977722
2,380,1,0.01,3,63,0.9994593262672424,0.0005497895181179047,0.023447590880896586,0.11372265219688416
2,380,1,0.01,3,64,0.9990881681442261,0.0009272241150029004,0.030450354924087507,0.1888909637928009
2,380,1,0.01,3,65,0.9990864396095276,0.0009289500885643065,0.030478682526715397,0.17523513734340668
2,380,1,0.01,3,66,0.9992701411247253,0.0007421645568683743,0.02724269731264462,0.13659833371639252
2,380,1,0.01,3,67,0.99917072057724,0.0008432921022176743,0.029039492113631642,0.11592870950698853
2,380,1,0.01,3,68,0.9995432496070862,0.0004644609580282122,0.021551356292080836,0.14924338459968567
2,380,1,0.01,3,69,0.9995006322860718,0.0005077718524262309,0.022533793564915583,0.14309494197368622
2,380,1,0.01,3,70,0.9992374181747437,0.000775426160544157,0.02784647483155017,0.11762776225805283
2,380,1,0.01,3,71,0.9994363188743591,0.0005731692654080689,0.023940953728038256,0.15806961059570312
2,380,1,0.01,3,72,0.9991570115089417,0.0008571940707042813,0.029277876813462438,0.15842318534851074
2,380,1,0.01,3,73,0.9990909695625305,0.000924383697565645,0.030403679013659597,0.14608195424079895
2,380,1,0.01,3,74,0.9992104172706604,0.0008029114105738699,0.028335691461015555,0.21705590188503265
2,380,1,0.01,3,75,0.999109148979187,0.0009058777359314263,0.030097802842257874,0.13308535516262054
2,380,1,0.01,3,76,0.9995344281196594,0.00047340666060335934,0.02175791029955219,0.08732447028160095
2,380,1,0.01,3,77,0.9988695979118347,0.0011494432110339403,0.03390343951627829,0.17221926152706146
2,380,1,0.01,3,78,0.9994832277297974,0.0005255182622931898,0.022924185095509714,0.10542816668748856
2,380,1,0.01,3,79,0.9994957447052002,0.000512750179041177,0.022643987701842117,0.13410471379756927
2,380,1,0.01,3,80,0.9993540644645691,0.0006568212411366403,0.02562852397499006,0.12798212468624115
2,380,1,0.01,3,81,0.9993991255760193,0.0006110284593887627,0.024718989853729112,0.11880459636449814
2,380,1,0.01,3,82,0.9994426369667053,0.0005667487275786698,0.023806484989991064,0.14038391411304474
2,380,1,0.01,3,83,0.99925696849823,0.0007555743213742971,0.027487712188799873,0.10137035697698593
2,380,1,0.01,3,84,0.9994806051254272,0.0005281414487399161,0.022981328263177395,0.1460728943347931
2,380,1,0.01,3,85,0.9990030527114868,0.001013759640045464,0.03183959233478758,0.22702349722385406
2,380,1,0.01,3,86,0.9992507696151733,0.0007618640665896237,0.027601885199921104,0.16110409796237946
2,380,1,0.01,3,87,0.9994370341300964,0.0005724396323785186,0.023925710697459305,0.17479068040847778
2,380,1,0.01,3,88,0.9995048642158508,0.0005034773494116962,0.022438300947524886,0.1200060248374939
2,380,1,0.01,3,89,0.99940025806427,0.0006098448066040874,0.02469503607213578,0.16094395518302917
2,380,1,0.01,3,90,0.9990373849868774,0.0009788419120013714,0.03128644933515741,0.22281676530838013
2,380,1,0.01,3,91,0.9991865754127502,0.0008271420374512672,0.028760077146128576,0.15715308487415314
2,380,1,0.01,3,92,0.9994930028915405,0.0005155535181984305,0.022705803623708862,0.0954798012971878
2,380,1,0.01,3,93,0.9987360239028931,0.0012852840591222048,0.03585085855488268,0.17085915803909302
2,380,1,0.01,3,94,0.9993974566459656,0.0006126980879344046,0.024752738998632142,0.1009538397192955
2,380,1,0.01,3,95,0.9993575811386108,0.0006532829720526934,0.025559400854728447,0.14250192046165466
2,380,1,0.01,3,96,0.9992335438728333,0.0007794039556756616,0.027917807143034382,0.15689368546009064
2,380,1,0.01,3,97,0.9992546439170837,0.0007579528028145432,0.027530942643043357,0.1536138951778412
2,380,1,0.01,3,98,0.9992765784263611,0.0007356303976848722,0.027122507216053464,0.16679073870182037
2,380,1,0.01,3,99,0.9993617534637451,0.0006490350351668894,0.02547616602173273,0.13641610741615295
2,380,1,0.01,3,100,0.9992329478263855,0.0007799795712344348,0.027928114351571158,0.12189190089702606
3,380,1,0.01,3,1,0.9910246729850769,0.00912674143910408,0.09553398054673573,0.3606886565685272
3,380,1,0.01,3,2,0.9953209161758423,0.004758037626743317,0.06897853018688725,0.2414804846048355
3,380,1,0.01,3,3,0.9963470697402954,0.003714565187692642,0.06094723281407157,0.29724425077438354
3,380,1,0.01,3,4,0.997220516204834,0.0028263565618544817,0.053163488992488836,0.2641184628009796
3,380,1,0.01,3,5,0.9959571361541748,0.004111066926270723,0.06411760231224124,0.19568201899528503
3,380,1,0.01,3,6,0.9974353909492493,0.0026078689843416214,0.051067298580810216,0.23148012161254883
3,380,1,0.01,3,7,0.9966946840286255,0.0033610505051910877,0.057974567744754145,0.3114284574985504
3,380,1,0.01,3,8,0.998198390007019,0.0018319935770705342,0.04280179408705357,0.24444924294948578
3,380,1,0.01,3,9,0.9978359937667847,0.0022005157079547644,0.046909654741372424,0.17405617237091064
3,380,1,0.01,3,10,0.9985353350639343,0.0014893936458975077,0.03859266310968327,0.14973987638950348
3,380,1,0.01,3,11,0.9986618161201477,0.0013607802102342248,0.03688875452267567,0.1687726229429245
3,380,1,0.01,3,12,0.9979654550552368,0.002068874891847372,0.04548488641128361,0.21119113266468048
3,380,1,0.01,3,13,0.9980800151824951,0.0019523970549926162,0.04418593729901649,0.19511011242866516
3,380,1,0.01,3,14,0.9987599849700928,0.0012609066907316446,0.035509247960660115,0.12472445517778397
3,380,1,0.01,3,15,0.9989577531814575,0.0010598567314445972,0.03255544088849969,0.1483110785484314
3,380,1,0.01,3,16,0.9987307786941528,0.0012906522024422884,0.03592564825361247,0.25926104187965393
3,380,1,0.01,3,17,0.9989742040634155,0.001043088617734611,0.03229688247702262,0.11209206283092499
3,380,1,0.01,3,18,0.9989526271820068,0.0010650655021890998,0.032635341306459474,0.2094413936138153
3,380,1,0.01,3,19,0.9972923994064331,0.0027532868552953005,0.05247177198547139,0.22251823544502258
3,380,1,0.01,3,20,0.9991077184677124,0.0009073534165509045,0.03012230762326991,0.15349556505680084
3,380,1,0.01,3,21,0.9989872574806213,0.0010298447450622916,0.032091194198133104,0.1505659520626068
3,380,1,0.01,3,22,0.9990882277488708,0.000927164510358125,0.03044937618996693,0.13440856337547302
3,380,1,0.01,3,23,0.9988417625427246,0.0011777671752497554,0.03431861266499209,0.1479313224554062
3,380,1,0.01,3,24,0.9992103576660156,0.0008029546588659286,0.0283364545923785,0.1557713896036148
3,380,1,0.01,3,25,0.9993289709091187,0.0006823758012615144,0.026122323810517212,0.12769632041454315
3,380,1,0.01,3,26,0.9989044070243835,0.0011140480637550354,0.03337735854969706,0.24858535826206207
3,380,1,0.01,3,27,0.9991549253463745,0.000859359628520906,0.029314836320895703,0.1591121405363083
3,380,1,0.01,3,28,0.99928879737854,0.0007231790223158896,0.026891988069235224,0.12480580806732178
3,380,1,0.01,3,29,0.9990378618240356,0.000978349708020687,0.03127858225720417,0.15872056782245636
3,380,1,0.01,3,30,0.9983206987380981,0.001707636285573244,0.04132355606156426,0.2030218541622162
3,380,1,0.01,3,31,0.9989201426506042,0.0010980687802657485,0.03313712088075469,0.2438049018383026
3,380,1,0.01,3,32,0.9992905855178833,0.0007213532808236778,0.026858020791258572,0.12168378382921219
3,380,1,0.01,3,33,0.9990621209144592,0.0009537159348838031,0.030882291606741285,0.16293607652187347
3,380,1,0.01,3,34,0.9992567896842957,0.0007557665812782943,0.027491209163627094,0.11888585984706879
3,380,1,0.01,3,35,0.9993253946304321,0.0006859622662886977,0.026190881357615627,0.10385025292634964
3,380,1,0.01,3,36,0.9991157054901123,0.0008991985814645886,0.029986640049605235,0.157511904835701
3,380,1,0.01,3,37,0.9992059469223022,0.0008074233774095774,0.02841519624091267,0.16408437490463257
3,380,1,0.01,3,38,0.9988346695899963,0.0011850063456222415,0.034423921125029344,0.19190721213817596
3,380,1,0.01,3,39,0.9986014366149902,0.0014221329474821687,0.03771117801769349,0.24525414407253265
3,380,1,0.01,3,40,0.9992898106575012,0.0007221550331450999,0.02687294239835117,0.1379174292087555
3,380,1,0.01,3,41,0.9991381764411926,0.0008763864170759916,0.02960382436571315,0.1353619396686554
3,380,1,0.01,3,42,0.9989573359489441,0.001060277340002358,0.032561900128867755,0.16079168021678925
3,380,1,0.01,3,43,0.9992807507514954,0.0007314113900065422,0.027044618503623642,0.13610246777534485
3,380,1,0.01,3,44,0.9994478821754456,0.00056145602138713,0.02369506322817329,0.10892380774021149
3,380,1,0.01,3,45,0.9994105696678162,0.0005993657978251576,0.02448194840745233,0.1533595770597458
3,380,1,0.01,3,46,0.9989681243896484,0.0010492759756743908,0.03239252962759146,0.19541043043136597
3,380,1,0.01,3,47,0.999004065990448,0.0010127323912456632,0.03182345662001008,0.13943296670913696
3,380,1,0.01,3,48,0.9989503026008606,0.0010673971846699715,0.03267104505016592,0.1321435570716858
3,380,1,0.01,3,49,0.9992081522941589,0.0008051848853938282,0.028375779908115798,0.13743184506893158
3,380,1,0.01,3,50,0.9994359016418457,0.0005736296880058944,0.02395056759256228,0.1584712564945221
3,380,1,0.01,3,51,0.9993396997451782,0.0006714186747558415,0.025911747813604575,0.09933289885520935
3,380,1,0.01,3,52,0.999431312084198,0.0005782842054031789,0.024047540527113765,0.10943590849637985
3,380,1,0.01,3,53,0.9989859461784363,0.0010311419609934092,0.03211139923755128,0.2080947905778885
3,380,1,0.01,3,54,0.9971897006034851,0.002857718849554658,0.05345763602662072,0.2803824245929718
3,380,1,0.01,3,55,0.9991532564163208,0.0008610409568063915,0.029343499396056898,0.13061846792697906
3,380,1,0.01,3,56,0.9991498589515686,0.0008644566405564547,0.029401643500941484,0.15302011370658875
3,380,1,0.01,3,57,0.9992032051086426,0.0008102456922642887,0.028464814987353926,0.15560437738895416
3,380,1,0.01,3,58,0.9991747736930847,0.0008391298470087349,0.02896773803749155,0.1578769087791443
3,380,1,0.01,3,59,0.9991565346717834,0.0008576852851547301,0.029286264445209296,0.16796092689037323
3,380,1,0.01,3,60,0.9993245005607605,0.0006868928903713822,0.02620864152090646,0.11173966526985168
3,380,1,0.01,3,61,0.999485969543457,0.000522727845236659,0.022863242229322137,0.09233793616294861
3,380,1,0.01,3,62,0.9992846846580505,0.0007274018134921789,0.02697038771490278,0.10302720963954926
3,380,1,0.01,3,63,0.9994305968284607,0.0005790262948721647,0.024062965213625786,0.10021984577178955
3,380,1,0.01,3,64,0.9984776973724365,0.0015479873400181532,0.039344470259722056,0.19445152580738068
3,380,1,0.01,3,65,0.9993034601211548,0.0007083069649524987,0.026614036990890703,0.1747574657201767
3,380,1,0.01,3,66,0.9992628693580627,0.0007495598401874304,0.02737809051390236,0.1142733171582222
3,380,1,0.01,3,67,0.9993513226509094,0.0006596280727535486,0.02568322551303766,0.11493930220603943
3,380,1,0.01,3,68,0.9993754029273987,0.0006351537886075675,0.02520225760934063,0.13917143642902374
3,380,1,0.01,3,69,0.9994009137153625,0.0006091796094551682,0.024681564161437748,0.1469157487154007
3,380,1,0.01,3,70,0.9994044899940491,0.000605573586653918,0.024608404797018396,0.13425041735172272
3,380,1,0.01,3,71,0.9992781281471252,0.0007340477895922959,0.02709331632695222,0.13131274282932281
3,380,1,0.01,3,72,0.999360978603363,0.0006498016300611198,0.025491206916525545,0.09809479117393494
3,380,1,0.01,3,73,0.9994989633560181,0.0005094903171993792,0.02257189219359731,0.13138911128044128
3,380,1,0.01,3,74,0.9985802173614502,0.0014437275240197778,0.0379964146205899,0.14959095418453217
3,380,1,0.01,3,75,0.9994805455207825,0.0005281944177113473,0.02298248066922601,0.11503540724515915
3,380,1,0.01,3,76,0.9993934035301208,0.0006168030085973442,0.024835519092568696,0.1337524950504303
3,380,1,0.01,3,77,0.9994903802871704,0.0005182343884371221,0.02276476198946789,0.1255156397819519
3,380,1,0.01,3,78,0.9992406368255615,0.0007721972651779652,0.02778843761671327,0.1250135600566864
3,380,1,0.01,3,79,0.9993802905082703,0.0006301665562205017,0.025103118456090305,0.11452078074216843
3,380,1,0.01,3,80,0.9995236396789551,0.0004844116629101336,0.022009353986660617,0.09007319808006287
3,380,1,0.01,3,81,0.999397337436676,0.0006128280656412244,0.024755364381103834,0.17438703775405884
3,380,1,0.01,3,82,0.999463677406311,0.0005453791236504912,0.023353353584667263,0.13231651484966278
3,380,1,0.01,3,83,0.9993913769721985,0.0006188765983097255,0.024877230519286617,0.09860740602016449
3,380,1,0.01,3,84,0.9993929266929626,0.0006173070869408548,0.02484566535516517,0.13570097088813782
3,380,1,0.01,3,85,0.9994376301765442,0.0005718430620618165,0.023913240308703804,0.143973246216774
3,380,1,0.01,3,86,0.9993608593940735,0.0006499465089291334,0.02549404850017222,0.17809081077575684
3,380,1,0.01,3,87,0.9993922114372253,0.0006180587806738913,0.02486078801393655,0.14482086896896362
3,380,1,0.01,3,88,0.9995732307434082,0.00043397373519837856,0.020832036271050857,0.09995049238204956
3,380,1,0.01,3,89,0.9995079040527344,0.0005004194099456072,0.022370056100636117,0.11329210549592972
3,380,1,0.01,3,90,0.9993451833724976,0.0006658346974290907,0.025803772930118006,0.13704420626163483
3,380,1,0.01,3,91,0.9995055198669434,0.0005028520827181637,0.022424363596725855,0.09216760098934174
3,380,1,0.01,3,92,0.9995293021202087,0.0004786142089869827,0.021877253232226907,0.15116830170154572
3,380,1,0.01,3,93,0.999208927154541,0.0008044110727496445,0.028362141540258283,0.1325470507144928
3,380,1,0.01,3,94,0.9977267980575562,0.002311561955139041,0.04807870583885387,0.21000199019908905
3,380,1,0.01,3,95,0.9994485974311829,0.0005606919294223189,0.023678934296591958,0.09486470371484756
3,380,1,0.01,3,96,0.9995333552360535,0.0004745115293189883,0.021783285549223017,0.12769614160060883
3,380,1,0.01,3,97,0.9995833039283752,0.00042371192830614746,0.02058426409435488,0.09592466801404953
3,380,1,0.01,3,98,0.9993530511856079,0.0006578592001460493,0.025648766055037603,0.13003899157047272
3,380,1,0.01,3,99,0.9988448023796082,0.0011746877571567893,0.0342737181694194,0.22832661867141724
3,380,1,0.01,3,100,0.9995044469833374,0.000503895862493664,0.02244762487421919,0.14777763187885284
4,380,1,0.01,3,1,0.9918044805526733,0.008333778940141201,0.0912895335739054,0.6633533835411072
4,380,1,0.01,3,2,0.9950206279754639,0.005063364747911692,0.07115732392320338,0.6278513669967651
4,380,1,0.01,3,3,0.996603786945343,0.0034534938167780638,0.058766434439891484,0.3691776990890503
4,380,1,0.01,3,4,0.9975686073303223,0.0024724178947508335,0.04972341394907266,0.2654128968715668
4,380,1,0.01,3,5,0.9961276650428772,0.003937655594199896,0.06275074178206896,0.3761917054653168
4,380,1,0.01,3,6,0.9981545805931091,0.0018765537533909082,0.04331920767270459,0.34977778792381287
4,380,1,0.01,3,7,0.9975785613059998,0.0024622755590826273,0.04962132161765371,0.29524973034858704
4,380,1,0.01,3,8,0.9983837604522705,0.0016435201978310943,0.040540352709751974,0.25238052010536194
4,380,1,0.01,3,9,0.9982462525367737,0.0017833124147728086,0.042229283853421055,0.3228773772716522
4,380,1,0.01,3,10,0.9981201887130737,0.0019115058239549398,0.043720771081431534,0.21070162951946259
4,380,1,0.01,3,11,0.9981382489204407,0.0018931305967271328,0.04351012062413908,0.21959245204925537
4,380,1,0.01,3,12,0.9986552000045776,0.0013675056397914886,0.03697980042930855,0.16540499031543732
4,380,1,0.01,3,13,0.9986861944198608,0.0013359441654756665,0.03655056997470308,0.2004805952310562
4,380,1,0.01,3,14,0.9989447593688965,0.0010730415815487504,0.03275731340553969,0.20533159375190735
4,380,1,0.01,3,15,0.9990304708480835,0.0009859059937298298,0.03139914001576842,0.16253195703029633
4,380,1,0.01,3,16,0.9989081621170044,0.0011102651478722692,0.03332064146849921,0.22337393462657928
4,380,1,0.01,3,17,0.9974386692047119,0.0026045520789921284,0.051034812422425226,0.24703475832939148
4,380,1,0.01,3,18,0.9982085227966309,0.0018217299366369843,0.042681728369842103,0.14699970185756683
4,380,1,0.01,3,19,0.9988718628883362,0.0011471445905044675,0.03386952303331813,0.17092107236385345
4,380,1,0.01,3,20,0.9988068342208862,0.0012132826959714293,0.03483220773897958,0.16029395163059235
4,380,1,0.01,3,21,0.9991088509559631,0.0009061694727279246,0.0301026489320778,0.1171068400144577
4,380,1,0.01,3,22,0.9991467595100403,0.0008676438010297716,0.029455794014586867,0.15508058667182922
4,380,1,0.01,3,23,0.9990351796150208,0.000981075456365943,0.03132212407174748,0.15003232657909393
4,380,1,0.01,3,24,0.999151885509491,0.000862425658851862,0.02936708461614571,0.14671720564365387
4,380,1,0.01,3,25,0.9988946914672852,0.001123968162573874,0.033525634409715115,0.15714609622955322
4,380,1,0.01,3,26,0.9989309310913086,0.001087109325453639,0.032971340971419995,0.1522977501153946
4,380,1,0.01,3,27,0.9989559054374695,0.0010616891086101532,0.03258357114575002,0.14041166007518768
4,380,1,0.01,3,28,0.9981175065040588,0.0019142602104693651,0.043752259489875094,0.19849030673503876
4,380,1,0.01,3,29,0.9980272054672241,0.0020061051473021507,0.04478956516089602,0.15441223978996277
4,380,1,0.01,3,30,0.9988947510719299,0.0011238674633204937,0.03352413255135014,0.17991046607494354
4,380,1,0.01,3,31,0.9991884231567383,0.0008252435945905745,0.028727053357254978,0.1390172690153122
4,380,1,0.01,3,32,0.998575747013092,0.001448269234970212,0.03805613268541894,0.1437981128692627
4,380,1,0.01,3,33,0.9991537928581238,0.0008605011971667409,0.02933430069333068,0.11830785870552063
4,380,1,0.01,3,34,0.9993062019348145,0.0007054746383801103,0.026560772548631,0.1610230952501297
4,380,1,0.01,3,35,0.9992449879646301,0.0007677458343096077,0.02770822683445492,0.1687878519296646
4,380,1,0.01,3,36,0.9990803003311157,0.0009351857588626444,0.030580807034194576,0.19429288804531097
4,380,1,0.01,3,37,0.999287486076355,0.0007245558663271368,0.026917575416948992,0.11513049155473709
4,380,1,0.01,3,38,0.9993022680282593,0.0007095060427673161,0.026636554633948366,0.11547089368104935
4,380,1,0.01,3,39,0.9993083477020264,0.0007032920839264989,0.026519654672082345,0.1237160786986351
4,380,1,0.01,3,40,0.9993548393249512,0.0006560701294802129,0.02561386596123695,0.10333777964115143
4,380,1,0.01,3,41,0.999340832233429,0.0006703119724988937,0.02589038378431061,0.11791910231113434
4,380,1,0.01,3,42,0.9990283250808716,0.0009880485013127327,0.03143323879769205,0.21201278269290924
4,380,1,0.01,3,43,0.9990596771240234,0.0009561757324263453,0.03092209133332261,0.22566211223602295
4,380,1,0.01,3,44,0.9993304014205933,0.0006808712496422231,0.02609350972257705,0.16524715721607208
4,380,1,0.01,3,45,0.9993194341659546,0.0006920716841705143,0.026307255352288547,0.17111986875534058
4,380,1,0.01,3,46,0.999275267124176,0.0007369325030595064,0.027146500751653174,0.12207449972629547
4,380,1,0.01,3,47,0.9993590116500854,0.0006517883157357574,0.025530145235304818,0.12139169871807098
4,380,1,0.01,3,48,0.9992572069168091,0.000755308021325618,0.027482867778410934,0.13072621822357178
4,380,1,0.01,3,49,0.9985429644584656,0.001481616054661572,0.03849176606316696,0.15684404969215393
4,380,1,0.01,3,50,0.9991366863250732,0.0008778802584856749,0.029629044170976473,0.15934431552886963
4,380,1,0.01,3,51,0.9993859529495239,0.0006243768730200827,0.024987534352554328,0.1495322585105896
4,380,1,0.01,3,52,0.999436616897583,0.0005728951655328274,0.023935228545656866,0.10878026485443115
4,380,1,0.01,3,53,0.9991633296012878,0.0008507575839757919,0.02916774903854927,0.10257468372583389
4,380,1,0.01,3,54,0.9993489384651184,0.0006620163912884891,0.025729679191324736,0.1132679283618927
4,380,1,0.01,3,55,0.9994300603866577,0.0005795828765258193,0.024074527545225457,0.1194344013929367
4,380,1,0.01,3,56,0.9988701343536377,0.0011489263270050287,0.03389581577429623,0.14175711572170258
4,380,1,0.01,3,57,0.9988251328468323,0.0011946760350838304,0.03456408591419467,0.14661166071891785
4,380,1,0.01,3,58,0.9991588592529297,0.0008553554071113467,0.02924645973637402,0.11861692368984222
4,380,1,0.01,3,59,0.9993370771408081,0.0006741218385286629,0.025963856387845447,0.11841609328985214
4,380,1,0.01,3,60,0.9993149638175964,0.0006965892389416695,0.02639297707614034,0.1303940862417221
4,380,1,0.01,3,61,0.9994831085205078,0.0005256264703348279,0.022926545102453354,0.08851748704910278
4,380,1,0.01,3,62,0.9993978142738342,0.0006123526836745441,0.02474576092332875,0.19746950268745422
4,380,1,0.01,3,63,0.999335765838623,0.0006754114874638617,0.0259886799869455,0.09642169624567032
4,380,1,0.01,3,64,0.9990761280059814,0.0009394680382683873,0.030650742866501414,0.14487135410308838
4,380,1,0.01,3,65,0.999284565448761,0.0007275241077877581,0.02697265481534508,0.154832661151886
4,380,1,0.01,3,66,0.9992675185203552,0.0007448170217685401,0.02729133602021968,0.15649817883968353
4,380,1,0.01,3,67,0.9991841912269592,0.0008295967127196491,0.028802720578439273,0.15218093991279602
4,380,1,0.01,3,68,0.9993703365325928,0.0006402693688869476,0.025303544591360073,0.15899260342121124
4,380,1,0.01,3,69,0.9991012215614319,0.0009139335015788674,0.030231333109521773,0.17319664359092712
4,380,1,0.01,3,70,0.9991096258163452,0.0009054213296622038,0.030090219834062425,0.13906246423721313
4,380,1,0.01,3,71,0.9990106225013733,0.001006080536171794,0.03171877261452268,0.13525031507015228
4,380,1,0.01,3,72,0.9994801878929138,0.0005285972729325294,0.022991243396835444,0.1091894656419754
4,380,1,0.01,3,73,0.999178409576416,0.000835444952826947,0.028904064641965963,0.12435143440961838
4,380,1,0.01,3,74,0.9985964298248291,0.0014272704720497131,0.03777923334385854,0.15860874950885773
4,380,1,0.01,3,75,0.9994150400161743,0.0005947994068264961,0.02438850972951189,0.15716461837291718
4,380,1,0.01,3,76,0.9993884563446045,0.0006218711496330798,0.02493734447837379,0.13091789186000824
4,380,1,0.01,3,77,0.9993933439254761,0.0006169097614474595,0.024837668196661687,0.1270175725221634
4,380,1,0.01,3,78,0.9990905523300171,0.0009248038404621184,0.030410587637566596,0.12624655663967133
4,380,1,0.01,3,79,0.9992004036903381,0.0008130857604555786,0.028514658694355408,0.209951713681221
4,380,1,0.01,3,80,0.9987699389457703,0.0012508053332567215,0.035366726357647545,0.16797767579555511
4,380,1,0.01,3,81,0.9987920522689819,0.00122830958571285,0.03504724790497608,0.13065548241138458
4,380,1,0.01,3,82,0.9992588758468628,0.0007536063203588128,0.027451891016081437,0.12348221987485886
4,380,1,0.01,3,83,0.9994232654571533,0.0005864669801667333,0.024217080339436734,0.12453173846006393
4,380,1,0.01,3,84,0.9992512464523315,0.000761401723138988,0.027593508713807818,0.1336163729429245
4,380,1,0.01,3,85,0.9992957711219788,0.0007161119137890637,0.026760267446142308,0.1639855057001114
4,380,1,0.01,3,86,0.9986302256584167,0.0013928679982200265,0.03732114679668923,0.2414829283952713
4,380,1,0.01,3,87,0.9992656111717224,0.0007467931718565524,0.027327516752470436,0.13984104990959167
4,380,1,0.01,3,88,0.9992632269859314,0.0007491915603168309,0.02737136387388891,0.14681559801101685
4,380,1,0.01,3,89,0.999252438545227,0.0007601627730764449,0.027571049546153387,0.1659008264541626
4,380,1,0.01,3,90,0.9993306994438171,0.0006805788725614548,0.026087906634328764,0.11798954010009766
4,380,1,0.01,3,91,0.9993383288383484,0.0006728065200150013,0.025938514221423733,0.16760128736495972
4,380,1,0.01,3,92,0.9990832805633545,0.0009321703109890223,0.0305314642784951,0.1763771027326584
4,380,1,0.01,3,93,0.9995225667953491,0.0004854939761571586,0.02203392784224271,0.10060635954141617
4,380,1,0.01,3,94,0.999515175819397,0.0004929933929815888,0.022203454528104155,0.10858885943889618
4,380,1,0.01,3,95,0.9988350868225098,0.0011845589615404606,0.034417422354680496,0.14595584571361542
4,380,1,0.01,3,96,0.9995220303535461,0.00048605623305775225,0.022046683039807877,0.11699414253234863
4,380,1,0.01,3,97,0.9995194673538208,0.0004886681563220918,0.022105839869185965,0.13214175403118134
4,380,1,0.01,3,98,0.9993613958358765,0.0006493711262010038,0.02548276135353082,0.1191856861114502
4,380,1,0.01,3,99,0.9994763731956482,0.0005324556841515005,0.02307500128172262,0.10305168479681015
4,380,1,0.01,3,100,0.9982768297195435,0.001752257696352899,0.04185997726173414,0.32701924443244934
5,380,1,0.01,3,1,0.9912340641021729,0.008913797326385975,0.09441290868512618,0.6811069846153259
5,380,1,0.01,3,2,0.9945199489593506,0.005572497844696045,0.07464916506362308,0.5527822971343994
5,380,1,0.01,3,3,0.9956926703453064,0.004379966761916876,0.06618131731778143,0.420915424823761
5,380,1,0.01,3,4,0.9969701766967773,0.003080907743424177,0.055505925300135095,0.35196805000305176
5,380,1,0.01,3,5,0.9971955418586731,0.002851793309673667,0.05340218450282411,0.25044405460357666
5,380,1,0.01,3,6,0.9976063370704651,0.0024340671952813864,0.0493362665316437,0.2832454741001129
5,380,1,0.01,3,7,0.998011589050293,0.002021951600909233,0.044966116142149,0.23760293424129486
5,380,1,0.01,3,8,0.9976865649223328,0.0023524805437773466,0.04850237668173949,0.24343310296535492
5,380,1,0.01,3,9,0.9981222748756409,0.0019093947485089302,0.04369662170590457,0.25413233041763306
5,380,1,0.01,3,10,0.9987881183624268,0.001232309266924858,0.03510426280275457,0.18906790018081665
5,380,1,0.01,3,11,0.9989563822746277,0.0010612000478431582,0.032576065567271294,0.14665067195892334
5,380,1,0.01,3,12,0.998325765132904,0.001702451379969716,0.041260772895932475,0.1860933154821396
5,380,1,0.01,3,13,0.9989967942237854,0.0010201053228229284,0.0319390876955327,0.14310096204280853
5,380,1,0.01,3,14,0.9988160729408264,0.0012038836721330881,0.03469702684860892,0.1572137475013733
5,380,1,0.01,3,15,0.9981826543807983,0.0018480042926967144,0.04298842044896177,0.2368621677160263
5,380,1,0.01,3,16,0.9988461136817932,0.0011733619030565023,0.034254370568680755,0.20151685178279877
5,380,1,0.01,3,17,0.9986780881881714,0.001344220363534987,0.036663610890568146,0.19441230595111847
5,380,1,0.01,3,18,0.9988421201705933,0.001177384634502232,0.034313038840974606,0.1361973136663437
5,380,1,0.01,3,19,0.9984947443008423,0.001530671725049615,0.03912379998223096,0.19409818947315216
5,380,1,0.01,3,20,0.9988830089569092,0.0011358452029526234,0.03370230263576397,0.16883248090744019
5,380,1,0.01,3,21,0.9983727335929871,0.001654743100516498,0.040678533657403364,0.27779799699783325
5,380,1,0.01,3,22,0.9992058873176575,0.0008075123769231141,0.028416762252640854,0.11374083906412125
5,380,1,0.01,3,23,0.9992718696594238,0.0007404241478070617,0.02721073589242051,0.13612790405750275
5,380,1,0.01,3,24,0.9986099004745483,0.0014135646633803844,0.03759740234883767,0.1461629569530487
5,380,1,0.01,3,25,0.9991227984428406,0.000891977222636342,0.029865987722430043,0.1657566875219345
5,380,1,0.01,3,26,0.998304545879364,0.0017240277957171202,0.04152141370084983,0.24955318868160248
5,380,1,0.01,3,27,0.9992225766181946,0.0007905617239885032,0.02811692949076238,0.10757874697446823
5,380,1,0.01,3,28,0.999359130859375,0.0006516844732686877,0.02552811143168816,0.12711003422737122
5,380,1,0.01,3,29,0.999316394329071,0.0006951117538847029,0.02636497210096576,0.13395510613918304
5,380,1,0.01,3,30,0.9983804225921631,0.001646883669309318,0.04058181451474685,0.26875123381614685
5,380,1,0.01,3,31,0.9990262389183044,0.0009901775047183037,0.03146708605381667,0.14718909561634064
5,380,1,0.01,3,32,0.9992360472679138,0.0007768204668536782,0.027871499185613935,0.10392411053180695
5,380,1,0.01,3,33,0.9991203546524048,0.0008944968576543033,0.02990814032423787,0.13671264052391052
5,380,1,0.01,3,34,0.9986438155174255,0.0013790890807285905,0.03713608865683879,0.14473119378089905
5,380,1,0.01,3,35,0.9992685914039612,0.0007437671301886439,0.027272094349144585,0.14427776634693146
5,380,1,0.01,3,36,0.9992445707321167,0.0007681602728553116,0.02771570444450784,0.11534381657838821
5,380,1,0.01,3,37,0.9991151690483093,0.0008997449767775834,0.029995749311820558,0.15810319781303406
5,380,1,0.01,3,38,0.9991934895515442,0.0008201459422707558,0.028638190275762115,0.1360584795475006
5,380,1,0.01,3,39,0.999262809753418,0.0007496323669329286,0.027379415021744503,0.1328747421503067
5,380,1,0.01,3,40,0.9990826845169067,0.0009327746811322868,0.030541360171614605,0.1376906931400299
5,380,1,0.01,3,41,0.9991320371627808,0.0008826181874610484,0.02970889071407831,0.1487714797258377
5,380,1,0.01,3,42,0.9991723895072937,0.000841556815430522,0.02900959867751572,0.12156558036804199
5,380,1,0.01,3,43,0.999117374420166,0.0008974970551207662,0.029958255208218754,0.14564591646194458
5,380,1,0.01,3,44,0.9993208050727844,0.0006906783091835678,0.026280759296176504,0.12798184156417847
5,380,1,0.01,3,45,0.9992020130157471,0.0008114236406981945,0.028485498779171736,0.1082729920744896
5,380,1,0.01,3,46,0.9993361830711365,0.0006750017055310309,0.02598079493647242,0.15070858597755432
5,380,1,0.01,3,47,0.9989687204360962,0.001048703445121646,0.03238369103610096,0.09387436509132385
5,380,1,0.01,3,48,0.999209463596344,0.0008038626983761787,0.02835247252668061,0.10563343018293381
5,380,1,0.01,3,49,0.9993873834609985,0.0006229399004951119,0.024958764001751208,0.1400013566017151
5,380,1,0.01,3,50,0.9987542629241943,0.001266723731532693,0.03559106252323317,0.10861138999462128
5,380,1,0.01,3,51,0.9993197321891785,0.0006917453138157725,0.02630105157243285,0.12668681144714355
5,380,1,0.01,3,52,0.9992706775665283,0.0007416015723720193,0.027232362592548215,0.16810157895088196
5,380,1,0.01,3,53,0.9993423819541931,0.0006686992710456252,0.025859220232745325,0.10473431646823883
5,380,1,0.01,3,54,0.9994152188301086,0.0005946691962890327,0.024385840077574376,0.1485360860824585
5,380,1,0.01,3,55,0.9993547201156616,0.0006561570917256176,0.025615563466877274,0.13767485320568085
5,380,1,0.01,3,56,0.9990681409835815,0.000947549706324935,0.030782295338797186,0.2115107625722885
5,380,1,0.01,3,57,0.9994476437568665,0.0005616500857286155,0.02369915791180386,0.13041506707668304
5,380,1,0.01,3,58,0.9994691610336304,0.0005397771601565182,0.02323310483246951,0.11961676925420761
5,380,1,0.01,3,59,0.9994686245918274,0.0005403242539614439,0.023244875864616786,0.10969818383455276
5,380,1,0.01,3,60,0.9994120001792908,0.0005978992558084428,0.024451978566333705,0.12434320151805878
5,380,1,0.01,3,61,0.9994732141494751,0.0005356477340683341,0.02314406476979215,0.12363102287054062
5,380,1,0.01,3,62,0.9994453191757202,0.0005640287999995053,0.023749290515708153,0.11713557690382004
5,380,1,0.01,3,63,0.999118983745575,0.0008958779508247972,0.02993122033637782,0.2283707857131958
5,380,1,0.01,3,64,0.9992272853851318,0.0007857613381929696,0.02803143482223073,0.15798701345920563
5,380,1,0.01,3,65,0.9991413354873657,0.0008731293492019176,0.02954876222791604,0.14163750410079956
5,380,1,0.01,3,66,0.9993634223937988,0.0006473109824582934,0.0254423069405723,0.11644712090492249
5,380,1,0.01,3,67,0.999355137348175,0.0006557444576174021,0.025607507836909904,0.12109038978815079
5,380,1,0.01,3,68,0.9995598196983337,0.0004476284666452557,0.021157232017569208,0.08315814286470413
5,380,1,0.01,3,69,0.9988667368888855,0.0011524093570187688,0.033947155359746545,0.23887035250663757
5,380,1,0.01,3,70,0.9989950060844421,0.0010219442192465067,0.031967862287718064,0.16918665170669556
5,380,1,0.01,3,71,0.9995266199111938,0.0004813957493752241,0.021940732653565245,0.1000235453248024
5,380,1,0.01,3,72,0.9993996024131775,0.000610529794357717,0.02470890111594842,0.10851778835058212
5,380,1,0.01,3,73,0.9991777539253235,0.000836133782286197,0.028915977975614054,0.12952053546905518
5,380,1,0.01,3,74,0.9990676641464233,0.000948066939599812,0.03079069566605815,0.15236343443393707
5,380,1,0.01,3,75,0.9994872808456421,0.0005213550175540149,0.022833199897386587,0.09613517671823502
5,380,1,0.01,3,76,0.9993930459022522,0.0006171747809275985,0.024843002655226654,0.11107371747493744
5,380,1,0.01,3,77,0.9990641474723816,0.0009516552672721446,0.03084891030931473,0.20193733274936676
5,380,1,0.01,3,78,0.9988269805908203,0.0011928376043215394,0.034537481151953445,0.18946990370750427
5,380,1,0.01,3,79,0.9993837475776672,0.00062666239682585,0.025033225857365046,0.1673957109451294
5,380,1,0.01,3,80,0.999014139175415,0.0010024892399087548,0.03166211047780541,0.1260184794664383
5,380,1,0.01,3,81,0.9994968771934509,0.0005116088432259858,0.022618771921260133,0.0926605612039566
5,380,1,0.01,3,82,0.9993800520896912,0.0006304035778157413,0.025107838971439603,0.15238513052463531
5,380,1,0.01,3,83,0.9991509318351746,0.0008633908582851291,0.029383513375447957,0.11144719272851944
5,380,1,0.01,3,84,0.9994981288909912,0.0005103087751194835,0.02259001494287871,0.09128634631633759
5,380,1,0.01,3,85,0.9988501071929932,0.0011692739790305495,0.03419464839752778,0.145350381731987
5,380,1,0.01,3,86,0.9994398355484009,0.0005695865256711841,0.02386601193478257,0.10285619646310806
5,380,1,0.01,3,87,0.9995065927505493,0.000501733913552016,0.02239941770564619,0.11162199825048447
5,380,1,0.01,3,88,0.9996127486228943,0.00039376935455948114,0.019843622516049864,0.1059880256652832
5,380,1,0.01,3,89,0.9991558194160461,0.0008583984454162419,0.029298437593432213,0.1521100401878357
5,380,1,0.01,3,90,0.9995101094245911,0.0004981458187103271,0.0223191805116211,0.10767287015914917
5,380,1,0.01,3,91,0.9995728731155396,0.00043432487291283906,0.0208404623968097,0.07570700347423553
5,380,1,0.01,3,92,0.9995508193969727,0.0004567582509480417,0.021371903306632325,0.10937795042991638
5,380,1,0.01,3,93,0.9994422793388367,0.0005671049584634602,0.023813965618171624,0.1213676780462265
5,380,1,0.01,3,94,0.9992456436157227,0.0007670684717595577,0.027696001006635555,0.11170650273561478
5,380,1,0.01,3,95,0.9990674257278442,0.0009483260218985379,0.030794902531077084,0.14961351454257965
5,380,1,0.01,3,96,0.999494194984436,0.0005143634625710547,0.02267958250433757,0.0914127454161644
5,380,1,0.01,3,97,0.9994316101074219,0.000577978091314435,0.024041174915432794,0.11723274737596512
5,380,1,0.01,3,98,0.9990686774253845,0.0009470063378103077,0.03077346808226703,0.1590663492679596
5,380,1,0.01,3,99,0.99944669008255,0.0005626445636153221,0.023720129924081828,0.10718171298503876
5,380,1,0.01,3,100,0.9994136095046997,0.0005962673458270729,0.02441858607346201,0.08466357737779617
6,380,1,0.01,3,1,0.989867091178894,0.010303881019353867,0.10150803426012084,0.640733540058136
6,380,1,0.01,3,2,0.9934549331665039,0.0066555095836520195,0.08158130658215777,0.39045462012290955
6,380,1,0.01,3,3,0.9943150281906128,0.00578087056055665,0.07603203640937582,0.3979952931404114
6,380,1,0.01,3,4,0.9950160980224609,0.005067961756139994,0.07118961831713942,0.363190233707428
6,380,1,0.01,3,5,0.9963093400001526,0.0037529158871620893,0.06126104706224086,0.29751163721084595
6,380,1,0.01,3,6,0.9970949292182922,0.002954096533358097,0.05435160101927171,0.3384326994419098
6,380,1,0.01,3,7,0.9962603449821472,0.003802735358476639,0.061666322725428005,0.41961607336997986
6,380,1,0.01,3,8,0.9972339868545532,0.0028126996476203203,0.05303489085140386,0.2591809034347534
6,380,1,0.01,3,9,0.996531069278717,0.003527481574565172,0.05939260538623619,0.42388638854026794
6,380,1,0.01,3,10,0.9979602694511414,0.00207416620105505,0.04554301484371725,0.19835196435451508
6,380,1,0.01,3,11,0.997945249080658,0.0020893856417387724,0.0457097980933932,0.2805527448654175
6,380,1,0.01,3,12,0.9983245730400085,0.0017037163488566875,0.04127609900240922,0.25466522574424744
6,380,1,0.01,3,13,0.9984296560287476,0.0015968322986736894,0.0399603841156925,0.25432470440864563
6,380,1,0.01,3,14,0.9975650310516357,0.002476062625646591,0.04976005049883482,0.3736286461353302
6,380,1,0.01,3,15,0.9985272288322449,0.0014976045349612832,0.03869889578478026,0.22970743477344513
6,380,1,0.01,3,16,0.998047411441803,0.0019855001010000706,0.044558950851653484,0.29257598519325256
6,380,1,0.01,3,17,0.9986816048622131,0.0013406598009169102,0.0366150215200935,0.1876973956823349
6,380,1,0.01,3,18,0.9987986087799072,0.0012216843897476792,0.0349526020454512,0.251549631357193
6,380,1,0.01,3,19,0.9987631440162659,0.0012576968874782324,0.03546402243793324,0.24220316112041473
6,380,1,0.01,3,20,0.9986557364463806,0.0013669703621417284,0.036972562288022835,0.1975550353527069
6,380,1,0.01,3,21,0.998925507068634,0.001092631253413856,0.03305497320243742,0.18634307384490967
6,380,1,0.01,3,22,0.9989331960678101,0.0010848181555047631,0.03293657777463778,0.22556376457214355
6,380,1,0.01,3,23,0.9990298748016357,0.000986484345048666,0.03140834833366228,0.18422599136829376
6,380,1,0.01,3,24,0.998517632484436,0.001507393317297101,0.038825163454866495,0.1352333426475525
6,380,1,0.01,3,25,0.9983327388763428,0.0016953834565356374,0.04117503438414639,0.21802937984466553
6,380,1,0.01,3,26,0.9989957809448242,0.0010211673798039556,0.03195570965890064,0.1892816722393036
6,380,1,0.01,3,27,0.9980015754699707,0.0020321649499237537,0.0450795402585669,0.25458768010139465
6,380,1,0.01,3,28,0.9989139437675476,0.001104348455555737,0.03323173867789251,0.14634670317173004
6,380,1,0.01,3,29,0.9990862011909485,0.0009292294853366911,0.030483265660632412,0.19687116146087646
6,380,1,0.01,3,30,0.9981833100318909,0.0018473312957212329,0.042980592082022706,0.22965607047080994
6,380,1,0.01,3,31,0.9986222386360168,0.001401004963554442,0.03743000084897731,0.3047352135181427
6,380,1,0.01,3,32,0.9991258978843689,0.0008888716110959649,0.029813949941193046,0.1689075380563736
6,380,1,0.01,3,33,0.9984205365180969,0.0016061246860772371,0.040076485450663425,0.16117459535598755
6,380,1,0.01,3,34,0.9992028474807739,0.0008106088498607278,0.028471193333977553,0.16767889261245728
6,380,1,0.01,3,35,0.9985790848731995,0.0014449004083871841,0.03801184563247599,0.235185906291008
6,380,1,0.01,3,36,0.9969598650932312,0.00309141818434,0.05560052323800559,0.3405822813510895
6,380,1,0.01,3,37,0.999016284942627,0.0010003402130678296,0.03162815538516006,0.1354798823595047
6,380,1,0.01,3,38,0.9988725781440735,0.0011464464478194714,0.03385921510932395,0.18242013454437256
6,380,1,0.01,3,39,0.9993146657943726,0.0006968993111513555,0.02639885056496505,0.12665927410125732
6,380,1,0.01,3,40,0.9982309341430664,0.0017989212647080421,0.042413691948568234,0.30954331159591675
6,380,1,0.01,3,41,0.999213695526123,0.0007995916530489922,0.028277051703616347,0.1255430281162262
6,380,1,0.01,3,42,0.9993442893028259,0.0006667778361588717,0.025822041672936547,0.14650313556194305
6,380,1,0.01,3,43,0.9992018938064575,0.000811563921160996,0.028487960986370995,0.12223277986049652
6,380,1,0.01,3,44,0.9981415271759033,0.001889813574962318,0.04347198609406198,0.1927381306886673
6,380,1,0.01,3,45,0.9990776181221008,0.0009379620314575732,0.030626165797526354,0.19367197155952454
6,380,1,0.01,3,46,0.9993561506271362,0.0006546900840476155,0.025586912358618333,0.17953988909721375
6,380,1,0.01,3,47,0.9987374544143677,0.0012838166439905763,0.03583038715937321,0.14019891619682312
6,380,1,0.01,3,48,0.9987602829933167,0.0012606391683220863,0.035505480820882944,0.14162346720695496
6,380,1,0.01,3,49,0.9990185499191284,0.0009980077156797051,0.031591260115413335,0.14340409636497498
6,380,1,0.01,3,50,0.9992232322692871,0.000789856945630163,0.028104393706859482,0.12319361418485641
6,380,1,0.01,3,51,0.9991544485092163,0.0008598296553827822,0.02932285210177861,0.15044881403446198
6,380,1,0.01,3,52,0.9989787936210632,0.001038455287925899,0.032225072349428466,0.1354411244392395
6,380,1,0.01,3,53,0.9989253878593445,0.0010927525581791997,0.03305680804583527,0.14856009185314178
6,380,1,0.01,3,54,0.9990649819374084,0.0009508201037533581,0.030835370984526166,0.1330268681049347
6,380,1,0.01,3,55,0.9992865324020386,0.000725504127331078,0.0269351838184015,0.10227895528078079
6,380,1,0.01,3,56,0.9992398023605347,0.0007730111829005182,0.02780307865867588,0.1378546804189682
6,380,1,0.01,3,57,0.9993869066238403,0.0006234357715584338,0.02496869583215018,0.11194250732660294
6,380,1,0.01,3,58,0.9991963505744934,0.0008171796798706055,0.02858635478459269,0.16381341218948364
6,380,1,0.01,3,59,0.9983277916908264,0.001700392458587885,0.041235815240975714,0.15932047367095947
6,380,1,0.01,3,60,0.9988211393356323,0.0011987661710008979,0.034623202783695475,0.11715701967477798
6,380,1,0.01,3,61,0.9993608593940735,0.0006499435985460877,0.02549399142045215,0.11242329329252243
6,380,1,0.01,3,62,0.9990319609642029,0.0009843598818406463,0.031374510065348374,0.11053315550088882
6,380,1,0.01,3,63,0.9993783831596375,0.0006320850225165486,0.025141301130143377,0.12555177509784698
6,380,1,0.01,3,64,0.9992066621780396,0.0008067230228334665,0.028402869975294162,0.118248350918293
6,380,1,0.01,3,65,0.9992839097976685,0.0007281937287189066,0.026985064919671894,0.15112727880477905
6,380,1,0.01,3,66,0.9992334842681885,0.0007794372504577041,0.027918403436760206,0.1348123848438263
6,380,1,0.01,3,67,0.9993553757667542,0.0006554966676048934,0.025602669150010384,0.09299086034297943
6,380,1,0.01,3,68,0.9992066025733948,0.0008067648159340024,0.028403605685440755,0.15590783953666687
6,380,1,0.01,3,69,0.9991756677627563,0.0008382483501918614,0.02895251889200422,0.1153005063533783
6,380,1,0.01,3,70,0.9994167685508728,0.0005930481129325926,0.02435257918440247,0.10658089816570282
6,380,1,0.01,3,71,0.9990088939666748,0.0010077975457534194,0.03174582721797338,0.18023763597011566
6,380,1,0.01,3,72,0.999060869216919,0.000954951741732657,0.030902293470431236,0.13612030446529388
6,380,1,0.01,3,73,0.9991977214813232,0.0008158179698511958,0.028562527371561428,0.11600647866725922
6,380,1,0.01,3,74,0.9992561340332031,0.0007564052357338369,0.027502822323060536,0.08827915042638779
6,380,1,0.01,3,75,0.9992836117744446,0.0007284862804226577,0.026990484997914687,0.1146170049905777
6,380,1,0.01,3,76,0.9989362955093384,0.00108166818972677,0.03288872435541959,0.15627127885818481
6,380,1,0.01,3,77,0.9993529915809631,0.0006579376058652997,0.0256502944596217,0.10277573764324188
6,380,1,0.01,3,78,0.9993972182273865,0.0006129636894911528,0.02475810351160106,0.10511811077594757
6,380,1,0.01,3,79,0.9991084933280945,0.0009065575432032347,0.030109094028270507,0.09907815605401993
6,380,1,0.01,3,80,0.999396562576294,0.0006135970470495522,0.024770891123444716,0.13793091475963593
6,380,1,0.01,3,81,0.9993358850479126,0.0006753132329322398,0.02598678958494565,0.12287480384111404
6,380,1,0.01,3,82,0.9987470507621765,0.0012740761740133166,0.035694203647277475,0.1218605786561966
6,380,1,0.01,3,83,0.9991562366485596,0.0008579848217777908,0.029291377942626578,0.12398938834667206
6,380,1,0.01,3,84,0.9991469383239746,0.0008674802957102656,0.029453018448204346,0.10242118686437607
6,380,1,0.01,3,85,0.999045193195343,0.0009709045989438891,0.031159342081370865,0.13285399973392487
6,380,1,0.01,3,86,0.9990299940109253,0.0009863723535090685,0.03140656545229148,0.10377032309770584
6,380,1,0.01,3,87,0.9989894032478333,0.0010276534594595432,0.03205703447699963,0.19263575971126556
6,380,1,0.01,3,88,0.9994794130325317,0.0005293732974678278,0.023008113731199865,0.08462698757648468
6,380,1,0.01,3,89,0.9990132451057434,0.001003424171358347,0.03167687123688744,0.13379555940628052
6,380,1,0.01,3,90,0.9995013475418091,0.0005070477491244674,0.022517720779964997,0.10731076449155807
6,380,1,0.01,3,91,0.9990941882133484,0.0009211048018187284,0.030349708430538972,0.10104900598526001
6,380,1,0.01,3,92,0.9994205832481384,0.0005891806213185191,0.02427304309967168,0.09148432314395905
6,380,1,0.01,3,93,0.9992743134498596,0.0007379089365713298,0.027164479317140056,0.12936902046203613
6,380,1,0.01,3,94,0.9993436932563782,0.0006673939642496407,0.025833969192705187,0.08060911297798157
6,380,1,0.01,3,95,0.9994421005249023,0.0005673173582181334,0.023818424763576065,0.11373355984687805
6,380,1,0.01,3,96,0.9992678165435791,0.0007445533410646021,0.027286504742538978,0.1582353115081787
6,380,1,0.01,3,97,0.9992884993553162,0.0007235014345496893,0.026897981979131617,0.1509442776441574
6,380,1,0.01,3,98,0.9994880557060242,0.0005205553607083857,0.022815682341503305,0.14170339703559875
6,380,1,0.01,3,99,0.999237596988678,0.0007752513629384339,0.02784333605979057,0.10935282707214355
6,380,1,0.01,3,100,0.9994163513183594,0.0005935142398811877,0.024362147686137765,0.10876239091157913
7,380,1,0.01,3,1,0.9913625717163086,0.008783155120909214,0.09371848868237907,0.5099881887435913
7,380,1,0.01,3,2,0.9957665205001831,0.004304893314838409,0.0656116858100629,0.3446747660636902
7,380,1,0.01,3,3,0.9963634014129639,0.0036979326978325844,0.06081062980953728,0.3622150123119354
7,380,1,0.01,3,4,0.9969451427459717,0.0031064064241945744,0.05573514532316727,0.25751930475234985
7,380,1,0.01,3,5,0.9973999857902527,0.002643903251737356,0.05141889975230272,0.21628300845623016
7,380,1,0.01,3,6,0.9977407455444336,0.00229739211499691,0.047931118440913835,0.26595285534858704
7,380,1,0.01,3,7,0.9985458254814148,0.001478691934607923,0.03845376359484105,0.17966146767139435
7,380,1,0.01,3,8,0.9983931183815002,0.001633978565223515,0.04042250072946397,0.16913434863090515
7,380,1,0.01,3,9,0.9988113641738892,0.0012086888309568167,0.03476620242357248,0.16920383274555206
7,380,1,0.01,3,10,0.9987471699714661,0.0012739605735987425,0.035692584294202384,0.1662110835313797
7,380,1,0.01,3,11,0.9988104104995728,0.0012096851132810116,0.034780527788994396,0.17366409301757812
7,380,1,0.01,3,12,0.9987542629241943,0.0012667758855968714,0.03559179520053563,0.1736806035041809
7,380,1,0.01,3,13,0.9990690350532532,0.0009466566261835396,0.03076778552615608,0.21758759021759033
7,380,1,0.01,3,14,0.998802661895752,0.0012175148585811257,0.03489290556232206,0.2362668812274933
7,380,1,0.01,3,15,0.99894118309021,0.001076702494174242,0.03281314514297955,0.14114902913570404
7,380,1,0.01,3,16,0.9990774393081665,0.0009381021372973919,0.030628453067326006,0.14419995248317719
7,380,1,0.01,3,17,0.9991313815116882,0.0008832471794448793,0.029719474750487758,0.13884815573692322
7,380,1,0.01,3,18,0.998972475528717,0.0010448767570778728,0.032324553470664874,0.24509967863559723
7,380,1,0.01,3,19,0.9990982413291931,0.000916997785679996,0.030281971297787005,0.14649339020252228
7,380,1,0.01,3,20,0.9990782737731934,0.0009372828644700348,0.030615075771097396,0.15353652834892273
7,380,1,0.01,3,21,0.9988324642181396,0.0011872403556481004,0.03445635435805855,0.22675490379333496
7,380,1,0.01,3,22,0.9989268183708191,0.0010912759462371469,0.033034466035296334,0.22190602123737335
7,380,1,0.01,3,23,0.9990940690040588,0.0009212270379066467,0.030351722157179923,0.1799408346414566
7,380,1,0.01,3,24,0.9988961815834045,0.001122440560720861,0.03350284406913629,0.18240995705127716
7,380,1,0.01,3,25,0.9985171556472778,0.0015078550204634666,0.038831108926522646,0.19223898649215698
7,380,1,0.01,3,26,0.9990825057029724,0.0009329932508990169,0.030544938220579475,0.1833197921514511
7,380,1,0.01,3,27,0.9991798996925354,0.0008339316700585186,0.028877875095971287,0.15243254601955414
7,380,1,0.01,3,28,0.9975965023040771,0.0024440546985715628,0.049437381590973876,0.20945923030376434
7,380,1,0.01,3,29,0.9993140697479248,0.0006974785937927663,0.026409820025754933,0.1285467892885208
7,380,1,0.01,3,30,0.9994032979011536,0.0006067450740374625,0.024632195883385274,0.15751905739307404
7,380,1,0.01,3,31,0.9989703893661499,0.0010470029665157199,0.032357425214558096,0.23560838401317596
7,380,1,0.01,3,32,0.9993737936019897,0.0006367476307787001,0.02523385881665149,0.13000819087028503
7,380,1,0.01,3,33,0.9991015791893005,0.0009135681320913136,0.030225289611372025,0.14698582887649536
7,380,1,0.01,3,34,0.9991078972816467,0.0009071681415662169,0.03011923208792377,0.15428344905376434
7,380,1,0.01,3,35,0.998827338218689,0.0011924462160095572,0.034531814548464684,0.19345875084400177
7,380,1,0.01,3,36,0.9990143179893494,0.0010022814385592937,0.0316588287616471,0.16272316873073578
7,380,1,0.01,3,37,0.9993756413459778,0.0006349101895466447,0.025197424264131536,0.14135105907917023
7,380,1,0.01,3,38,0.999329149723053,0.0006821905262768269,0.026118777273770433,0.12066085636615753
7,380,1,0.01,3,39,0.9993168115615845,0.0006947224610485137,0.026357588301066423,0.13292381167411804
7,380,1,0.01,3,40,0.9990994334220886,0.0009157652384601533,0.030261613282509467,0.19474811851978302
7,380,1,0.01,3,41,0.9993271231651306,0.0006842536968179047,0.026158243381731592,0.14628183841705322
7,380,1,0.01,3,42,0.9995120167732239,0.0004962024977430701,0.022275603195942194,0.11842029541730881
7,380,1,0.01,3,43,0.9994770884513855,0.0005317613831721246,0.02305995193343049,0.11426602303981781
7,380,1,0.01,3,44,0.9995274543762207,0.0004805013013537973,0.02192033990050787,0.11082236468791962
7,380,1,0.01,3,45,0.9994537830352783,0.0005554160452447832,0.023567266393130604,0.11240840703248978
7,380,1,0.01,3,46,0.998811662197113,0.0012083975598216057,0.034762013172737936,0.1741809844970703
7,380,1,0.01,3,47,0.9992656111717224,0.0007467637187801301,0.027326977856691914,0.12057827413082123
7,380,1,0.01,3,48,0.9989750981330872,0.00104221620131284,0.03228337345001046,0.2535804808139801
7,380,1,0.01,3,49,0.9994465708732605,0.0005627720383927226,0.02372281683090612,0.13526929914951324
7,380,1,0.01,3,50,0.9994553923606873,0.0005538169061765075,0.02353331481488546,0.1514008343219757
7,380,1,0.01,3,51,0.9989432692527771,0.0010745438048616052,0.03278023497264175,0.17145699262619019
7,380,1,0.01,3,52,0.9994986057281494,0.0005098609253764153,0.0225801002074042,0.11770216375589371
7,380,1,0.01,3,53,0.9992145895957947,0.0007986602140590549,0.028260577029831768,0.14612562954425812
7,380,1,0.01,3,54,0.9991790056228638,0.0008348734118044376,0.0288941760880015,0.12339994311332703
7,380,1,0.01,3,55,0.9993981122970581,0.0006120250327512622,0.024739139693030196,0.10699360072612762
7,380,1,0.01,3,56,0.999386191368103,0.0006241468363441527,0.02498293089979942,0.1268930435180664
7,380,1,0.01,3,57,0.9994702339172363,0.0005387096316553652,0.023210119165040174,0.10708492249250412
7,380,1,0.01,3,58,0.9992917776107788,0.0007201832486316562,0.026836230149401688,0.18531803786754608
7,380,1,0.01,3,59,0.9994537234306335,0.0005555122043006122,0.023569306402620595,0.14145521819591522
7,380,1,0.01,3,60,0.9991174936294556,0.0008973758667707443,0.029956232519640122,0.2093401402235031
7,380,1,0.01,3,61,0.9988256096839905,0.0011942036217078567,0.034557251362165024,0.15918707847595215
7,380,1,0.01,3,62,0.9992385506629944,0.000774274580180645,0.027825789839295578,0.1361609697341919
7,380,1,0.01,3,63,0.9994704127311707,0.0005385009571909904,0.02320562339587089,0.1348855197429657
7,380,1,0.01,3,64,0.9995974898338318,0.00040927575901150703,0.020230564970151157,0.10857593268156052
7,380,1,0.01,3,65,0.9992598295211792,0.0007526421104557812,0.027434323582982343,0.10861678421497345
7,380,1,0.01,3,66,0.9993010759353638,0.0007107214187271893,0.026659358933162465,0.18776752054691315
7,380,1,0.01,3,67,0.9994955062866211,0.0005130135104991496,0.022649801555403297,0.10696439445018768
7,380,1,0.01,3,68,0.9991422295570374,0.0008722660131752491,0.0295341499484114,0.13898861408233643
7,380,1,0.01,3,69,0.999479353427887,0.0005294574657455087,0.02300994275841443,0.09741688519716263
7,380,1,0.01,3,70,0.9988153576850891,0.0012045979965478182,0.03470731906309991,0.20919612050056458
7,380,1,0.01,3,71,0.9993071556091309,0.000704549252986908,0.026543346680230583,0.10172948986291885
7,380,1,0.01,3,72,0.9992970824241638,0.0007147688884288073,0.02673516202361241,0.1370093673467636
7,380,1,0.01,3,73,0.9993117451667786,0.0006998581811785698,0.026454832851079777,0.14615705609321594
7,380,1,0.01,3,74,0.9992714524269104,0.0007408394012600183,0.027218365146716994,0.10412348806858063
7,380,1,0.01,3,75,0.9994787573814392,0.000530021614395082,0.023022198296320052,0.12174852937459946
7,380,1,0.01,3,76,0.9994560480117798,0.0005531228962354362,0.023518564927210932,0.12112923711538315
7,380,1,0.01,3,77,0.999437689781189,0.0005717709427699447,0.023911732324738512,0.1271980106830597
7,380,1,0.01,3,78,0.9992536902427673,0.0007588971056975424,0.027548087151334888,0.12386833131313324
7,380,1,0.01,3,79,0.9989977478981018,0.0010191366309300065,0.031923919416794774,0.15812863409519196
7,380,1,0.01,3,80,0.9994680285453796,0.0005409170407801867,0.023257623283134212,0.13576549291610718
7,380,1,0.01,3,81,0.9994275569915771,0.0005820745136588812,0.0241262204594686,0.1561097651720047
7,380,1,0.01,3,82,0.9995359182357788,0.00047188912867568433,0.02172300919936472,0.11376295983791351
7,380,1,0.01,3,83,0.999399721622467,0.0006104239146225154,0.024706758480677216,0.09357918798923492
7,380,1,0.01,3,84,0.9992208480834961,0.0007922770455479622,0.028147416321004707,0.20239605009555817
7,380,1,0.01,3,85,0.999366044998169,0.0006446234765462577,0.02538943631800946,0.1063881516456604
7,380,1,0.01,3,86,0.999548614025116,0.00045898102689534426,0.02142384248670962,0.11273488402366638
7,380,1,0.01,3,87,0.9995574355125427,0.0004500465001910925,0.021214299427298855,0.07226677238941193
7,380,1,0.01,3,88,0.9994057416915894,0.0006042629829607904,0.02458176118508986,0.10000958293676376
7,380,1,0.01,3,89,0.9990145564079285,0.0010020500048995018,0.03165517343025468,0.1743267923593521
7,380,1,0.01,3,90,0.9995817542076111,0.0004253052466083318,0.020622930116943418,0.11809647083282471
7,380,1,0.01,3,91,0.9992949366569519,0.0007169861346483231,0.02677659677121652,0.13184548914432526
7,380,1,0.01,3,92,0.9994593858718872,0.0005497463862411678,0.023446671112146555,0.09981844574213028
7,380,1,0.01,3,93,0.9990689754486084,0.0009467375348322093,0.030769100325362283,0.20464865863323212
7,380,1,0.01,3,94,0.9985409379005432,0.0014836754417046905,0.038518507781385956,0.2152268886566162
7,380,1,0.01,3,95,0.9995647072792053,0.00044263844029046595,0.021038974316502836,0.09508231282234192
7,380,1,0.01,3,96,0.9994720816612244,0.0005368241691030562,0.023169466310276898,0.10071741789579391
7,380,1,0.01,3,97,0.9993776679039001,0.0006328432355076075,0.0251563756433157,0.11098365485668182
7,380,1,0.01,3,98,0.9992762207984924,0.0007359644514508545,0.02712866475613672,0.1648273915052414
7,380,1,0.01,3,99,0.9993074536323547,0.0007042260258458555,0.026537257315816482,0.11907456070184708
7,380,1,0.01,3,100,0.9994757175445557,0.0005331566208042204,0.023090184512130265,0.09930169582366943
8,380,1,0.01,3,1,0.9922444224357605,0.007886429317295551,0.08880557030555883,0.5558592081069946
8,380,1,0.01,3,2,0.9957662224769592,0.004305217415094376,0.06561415559994943,0.3989250957965851
8,380,1,0.01,3,3,0.994655966758728,0.005434216000139713,0.0737171350510837,0.3075692653656006
8,380,1,0.01,3,4,0.9971160292625427,0.0029326409567147493,0.05415386372840584,0.25858065485954285
8,380,1,0.01,3,5,0.9974682331085205,0.0025744943413883448,0.05073947517848746,0.22807423770427704
8,380,1,0.01,3,6,0.9980061650276184,0.0020274771377444267,0.045027515340560674,0.19595319032669067
8,380,1,0.01,3,7,0.9973437786102295,0.0027010515332221985,0.05197164162523826,0.23457832634449005
8,380,1,0.01,3,8,0.9979438781738281,0.0020907900761812925,0.045725158022485744,0.247041717171669
8,380,1,0.01,3,9,0.9972788095474243,0.002767078345641494,0.052603026012212395,0.24139124155044556
8,380,1,0.01,3,10,0.9982377886772156,0.0017919103847816586,0.04233096248352568,0.23951725661754608
8,380,1,0.01,3,11,0.998296856880188,0.0017318811733275652,0.041615876457519976,0.20915549993515015
8,380,1,0.01,3,12,0.9982970952987671,0.0017316119046881795,0.04161264116453292,0.2937045693397522
8,380,1,0.01,3,13,0.9986874461174011,0.0013346804771572351,0.03653327903647899,0.26788321137428284
8,380,1,0.01,3,14,0.99847811460495,0.0015475344844162464,0.039338714829239736,0.2407953143119812
8,380,1,0.01,3,15,0.9986903071403503,0.0013318050187081099,0.03649390385678285,0.2519616186618805
8,380,1,0.01,3,16,0.9985725283622742,0.001451559248380363,0.03809933396242463,0.2653503119945526
8,380,1,0.01,3,17,0.9982532858848572,0.0017761851195245981,0.042144811300142256,0.29787304997444153
8,380,1,0.01,3,18,0.998776376247406,0.0012442899169400334,0.035274493858027695,0.19953416287899017
8,380,1,0.01,3,19,0.9986673593521118,0.0013551057782024145,0.03681176141129917,0.21385568380355835
8,380,1,0.01,3,20,0.9985796809196472,0.0014443062245845795,0.03800402905725365,0.1937602311372757
8,380,1,0.01,3,21,0.9988913536071777,0.0011273660929873586,0.03357627276794371,0.22017249464988708
8,380,1,0.01,3,22,0.9986500144004822,0.0013727688929066062,0.03705089597980872,0.20082087814807892
8,380,1,0.01,3,23,0.9985130429267883,0.0015120648313313723,0.038885277822478935,0.2002277970314026
8,380,1,0.01,3,24,0.9983788728713989,0.0016484709922224283,0.04060136687628174,0.2004900723695755
8,380,1,0.01,3,25,0.9986315965652466,0.0013914661249145865,0.037302360849074775,0.18483707308769226
8,380,1,0.01,3,26,0.9988382458686829,0.0011813370510935783,0.03437058409590355,0.25448498129844666
8,380,1,0.01,3,27,0.9989280104637146,0.0010900573106482625,0.033016015971771374,0.20789875090122223
8,380,1,0.01,3,28,0.9990034103393555,0.0010134016629308462,0.03183397026653833,0.16603150963783264
8,380,1,0.01,3,29,0.9984589219093323,0.001567061641253531,0.03958612940479949,0.18084152042865753
8,380,1,0.01,3,30,0.9985747337341309,0.001449315226636827,0.038069872952727686,0.28209397196769714
8,380,1,0.01,3,31,0.9989420175552368,0.0010758547578006983,0.03280022496570257,0.12789136171340942
8,380,1,0.01,3,32,0.9990291595458984,0.000987228355370462,0.031420190250386164,0.2350648194551468
8,380,1,0.01,3,33,0.9989141821861267,0.001104139955714345,0.03322860147093683,0.17618469893932343
8,380,1,0.01,3,34,0.9989675879478455,0.001049843500368297,0.032401288560307245,0.186817929148674
8,380,1,0.01,3,35,0.9985631108283997,0.0014611028600484133,0.038224375208084346,0.21357330679893494
8,380,1,0.01,3,36,0.9986963868141174,0.0013255974045023322,0.036408754503585154,0.20440101623535156
8,380,1,0.01,3,37,0.9985347390174866,0.0014899751404300332,0.03860019611906179,0.16635632514953613
8,380,1,0.01,3,38,0.999106764793396,0.0009083340992219746,0.030138581572827453,0.1190691664814949
8,380,1,0.01,3,39,0.9992653727531433,0.0007470354321412742,0.027331948926874464,0.155818909406662
8,380,1,0.01,3,40,0.9991998672485352,0.0008136247051879764,0.028524107438936217,0.1726912558078766
8,380,1,0.01,3,41,0.9992278218269348,0.0007851909613236785,0.028021259095973517,0.12872138619422913
8,380,1,0.01,3,42,0.9990754127502441,0.0009401786956004798,0.030662333498944268,0.20261695981025696
8,380,1,0.01,3,43,0.9987889528274536,0.0012314695632085204,0.03509230062575722,0.16825005412101746
8,380,1,0.01,3,44,0.998723566532135,0.0012979930033907294,0.03602766996893817,0.1835290491580963
8,380,1,0.01,3,45,0.9986523985862732,0.0013703475706279278,0.037018205934754966,0.19080588221549988
8,380,1,0.01,3,46,0.9980477690696716,0.0019851692486554384,0.0445552381730301,0.21273715794086456
8,380,1,0.01,3,47,0.9993763566017151,0.0006341886473819613,0.025183102417731643,0.13683949410915375
8,380,1,0.01,3,48,0.9987356662750244,0.0012856731191277504,0.03585628423481371,0.1885886937379837
8,380,1,0.01,3,49,0.9992897510528564,0.0007222265121527016,0.026874272309268237,0.13227753341197968
8,380,1,0.01,3,50,0.9991718530654907,0.0008421481470577419,0.02901978888720147,0.13864149153232574
8,380,1,0.01,3,51,0.9993032813072205,0.0007084635435603559,0.026616978482922434,0.20067466795444489
8,380,1,0.01,3,52,0.9994101524353027,0.0005998178385198116,0.02449117878991968,0.12324132770299911
8,380,1,0.01,3,53,0.9983580708503723,0.0016696136444807053,0.04086090606534203,0.21723556518554688
8,380,1,0.01,3,54,0.999321699142456,0.0006897288258187473,0.026262688853557002,0.1673581600189209
8,380,1,0.01,3,55,0.999136745929718,0.0008778065675869584,0.029627800586391126,0.1634943187236786
8,380,1,0.01,3,56,0.9992232322692871,0.0007898828480392694,0.028104854527986254,0.18420176208019257
8,380,1,0.01,3,57,0.999422013759613,0.0005877097137272358,0.02424272496497116,0.1325729340314865
8,380,1,0.01,3,58,0.9993522763252258,0.0006586691015399992,0.025664549509780983,0.22278986871242523
8,380,1,0.01,3,59,0.9988346695899963,0.0011850097216665745,0.034423970161307285,0.1571851521730423
8,380,1,0.01,3,60,0.999172568321228,0.00084141013212502,0.029007070381633165,0.244718998670578
8,380,1,0.01,3,61,0.9988146424293518,0.0012053478276357055,0.034718119586689966,0.23200084269046783
8,380,1,0.01,3,62,0.9988747239112854,0.0011442842660471797,0.03382727104049601,0.1617894470691681
8,380,1,0.01,3,63,0.9993327856063843,0.0006784888682886958,0.026047818877762027,0.2057674080133438
8,380,1,0.01,3,64,0.9991596937179565,0.0008544594165869057,0.029231137791521318,0.11724814027547836
8,380,1,0.01,3,65,0.9992183446884155,0.0007948664133436978,0.028193375344993686,0.10979684442281723
8,380,1,0.01,3,66,0.9991871118545532,0.0008265800424851477,0.028750305085079492,0.22103765606880188
8,380,1,0.01,3,67,0.999454140663147,0.0005550454370677471,0.023559402307099114,0.16961191594600677
8,380,1,0.01,3,68,0.9988126754760742,0.0012073523830622435,0.03474697660318439,0.19852213561534882
8,380,1,0.01,3,69,0.9994943141937256,0.0005142340669408441,0.022676729635043146,0.1503082513809204
8,380,1,0.01,3,70,0.9983874559402466,0.0016397289000451565,0.04049356615618284,0.19610044360160828
8,380,1,0.01,3,71,0.9994202256202698,0.0005895335343666375,0.024280311661233622,0.1304977983236313
8,380,1,0.01,3,72,0.999286413192749,0.0007256355020217597,0.02693762242703984,0.10976964980363846
8,380,1,0.01,3,73,0.9994118809700012,0.0005980394198559225,0.02445484450688498,0.12858770787715912
8,380,1,0.01,3,74,0.999372124671936,0.0006384480511769652,0.025267529581994463,0.1778249442577362
8,380,1,0.01,3,75,0.9992805123329163,0.0007316483533941209,0.027048999120006658,0.19001691043376923
8,380,1,0.01,3,76,0.9992995262145996,0.0007122621173039079,0.026688239306928957,0.1276911199092865
8,380,1,0.01,3,77,0.9993454813957214,0.0006655503530055285,0.025798262596646474,0.15435916185379028
8,380,1,0.01,3,78,0.9987145662307739,0.001307107275351882,0.036153938586990515,0.15663422644138336
8,380,1,0.01,3,79,0.9993117451667786,0.0006998661556281149,0.02645498356884984,0.16919860243797302
8,380,1,0.01,3,80,0.9994559288024902,0.0005532297655008733,0.023520836836746974,0.14701181650161743
8,380,1,0.01,3,81,0.9992269277572632,0.0007861243211664259,0.028037908644662247,0.11509425938129425
8,380,1,0.01,3,82,0.9986621737480164,0.0013603664701804519,0.036883146153500135,0.13974490761756897
8,380,1,0.01,3,83,0.9994200468063354,0.0005897571099922061,0.024284915276611654,0.15624500811100006
8,380,1,0.01,3,84,0.9994983673095703,0.0005101250135339797,0.022585947257841094,0.15756972134113312
8,380,1,0.01,3,85,0.9994046092033386,0.0006054257974028587,0.024605401793160352,0.17008230090141296
8,380,1,0.01,3,86,0.9990003705024719,0.0010164881823584437,0.03188241180272352,0.15654847025871277
8,380,1,0.01,3,87,0.9995566010475159,0.0004508580605033785,0.02123341848368695,0.1476593017578125
8,380,1,0.01,3,88,0.999171793460846,0.000842176319565624,0.029020274284810334,0.14854440093040466
8,380,1,0.01,3,89,0.9989546537399292,0.001062994939275086,0.03260360316399226,0.19719298183918
8,380,1,0.01,3,90,0.9992483258247375,0.0007643817807547748,0.027647455231083654,0.12521937489509583
8,380,1,0.01,3,91,0.9989191889762878,0.001099025714211166,0.03315155673887979,0.13546179234981537
8,380,1,0.01,3,92,0.999370813369751,0.0006397789111360908,0.025293851251560938,0.11828961223363876
8,380,1,0.01,3,93,0.9991408586502075,0.0008736417512409389,0.0295574314046559,0.24646222591400146
8,380,1,0.01,3,94,0.9991437792778015,0.0008706817752681673,0.029507317317373452,0.15528985857963562
8,380,1,0.01,3,95,0.9989202618598938,0.0010979392100125551,0.03313516576105445,0.13729242980480194
8,380,1,0.01,3,96,0.9992978572845459,0.0007140067173168063,0.02672090412611082,0.1412903368473053
8,380,1,0.01,3,97,0.999381422996521,0.0006290178862400353,0.025080228990980828,0.18665601313114166
8,380,1,0.01,3,98,0.9994421601295471,0.0005672386032529175,0.02381677146997295,0.09198790788650513
8,380,1,0.01,3,99,0.999241828918457,0.0007709763594903052,0.027766461054486314,0.17596979439258575
8,380,1,0.01,3,100,0.9991776347160339,0.0008362688240595162,0.02891831295320521,0.13334254920482635
9,380,1,0.01,3,1,0.9842547178268433,0.01601090095937252,0.12653418889522516,0.7256065607070923
9,380,1,0.01,3,2,0.9933552742004395,0.0067568025551736355,0.08219977223310071,0.4391753673553467
9,380,1,0.01,3,3,0.9950709342956543,0.005012201145291328,0.07079690067574518,0.36675602197647095
9,380,1,0.01,3,4,0.9961199164390564,0.003945569042116404,0.06281376475038257,0.3858362138271332
9,380,1,0.01,3,5,0.9969109296798706,0.0031412027310580015,0.05604643370508066,0.3478952646255493
9,380,1,0.01,3,6,0.9974716305732727,0.0025710267946124077,0.050705293556121016,0.31577274203300476
9,380,1,0.01,3,7,0.9978213310241699,0.0022154233884066343,0.04706828431552009,0.384980708360672
9,380,1,0.01,3,8,0.9980001449584961,0.0020335714798420668,0.045095138095387476,0.3194190561771393
9,380,1,0.01,3,9,0.9983689785003662,0.0016585643170401454,0.04072547503762412,0.29748964309692383
9,380,1,0.01,3,10,0.9982408285140991,0.0017888343427330256,0.0422946136373537,0.29239991307258606
9,380,1,0.01,3,11,0.9977226853370667,0.0023157321847975254,0.04812205507662287,0.3348650634288788
9,380,1,0.01,3,12,0.9985302090644836,0.001494562136940658,0.03865956721098489,0.2564639449119568
9,380,1,0.01,3,13,0.9983154535293579,0.0017129373736679554,0.04138764759765835,0.2587520480155945
9,380,1,0.01,3,14,0.9986674785614014,0.0013550306903198361,0.036810741507335,0.23699727654457092
9,380,1,0.01,3,15,0.9975239634513855,0.0025177833158522844,0.05017751803200597,0.2943879961967468
9,380,1,0.01,3,16,0.9987097382545471,0.001312039908953011,0.03622209144918348,0.18595899641513824
9,380,1,0.01,3,17,0.9987688660621643,0.001251896028406918,0.035382142789928905,0.27718260884284973
9,380,1,0.01,3,18,0.9990124106407166,0.0010042211506515741,0.031689448569698624,0.21690939366817474
9,380,1,0.01,3,19,0.9987169504165649,0.0013046899111941457,0.036120491569109986,0.2535013258457184
9,380,1,0.01,3,20,0.9989559054374695,0.0010616841027513146,0.03258349432997196,0.20644238591194153
9,380,1,0.01,3,21,0.999099850654602,0.0009153570863418281,0.030254868803910356,0.19317346811294556
9,380,1,0.01,3,22,0.9988932609558105,0.0011254134587943554,0.0335471825761025,0.23644326627254486
9,380,1,0.01,3,23,0.9990326166152954,0.0009836906101554632,0.03136384240101112,0.174406036734581
9,380,1,0.01,3,24,0.9989138841629028,0.001104461494833231,0.03323343940721801,0.18569843471050262
9,380,1,0.01,3,25,0.9989506602287292,0.001067055040039122,0.03266580842469879,0.2273116260766983
9,380,1,0.01,3,26,0.9988813400268555,0.0011375610483810306,0.033727748937351726,0.1942145824432373
9,380,1,0.01,3,27,0.9989044666290283,0.0011139882262796164,0.03337646215942631,0.2262522429227829
9,380,1,0.01,3,28,0.9992212653160095,0.0007919016061350703,0.0281407463677684,0.16342027485370636
9,380,1,0.01,3,29,0.9989582896232605,0.0010593130718916655,0.03254709006795639,0.1566907912492752
9,380,1,0.01,3,30,0.9990756511688232,0.0009399670525453985,0.03065888211506412,0.1883997619152069
9,380,1,0.01,3,31,0.9991554617881775,0.0008587752818129957,0.029304867885950204,0.21198512613773346
9,380,1,0.01,3,32,0.9990324378013611,0.000983887119218707,0.03136697497717475,0.18305447697639465
9,380,1,0.01,3,33,0.9986369609832764,0.001386026619002223,0.03722937843964391,0.13732437789440155
9,380,1,0.01,3,34,0.9991264939308167,0.0008882174734026194,0.0298029775928953,0.22715498507022858
9,380,1,0.01,3,35,0.9992467164993286,0.0007660207338631153,0.027677079576124274,0.138980433344841
9,380,1,0.01,3,36,0.9993002414703369,0.0007115913322195411,0.026675669292813276,0.15614035725593567
9,380,1,0.01,3,37,0.998787522315979,0.0012329538585618138,0.035113442704494444,0.16569536924362183
9,380,1,0.01,3,38,0.999121367931366,0.0008934402139857411,0.029890470287128993,0.1770656406879425
9,380,1,0.01,3,39,0.9987884163856506,0.0012320204405114055,0.03510014872491861,0.22239825129508972
9,380,1,0.01,3,40,0.9992076754570007,0.0008056951337493956,0.02838476939750252,0.15216821432113647
9,380,1,0.01,3,41,0.9980040788650513,0.0020295833237469196,0.04505089703598497,0.3030891418457031
9,380,1,0.01,3,42,0.9992383122444153,0.0007745595066808164,0.02783090919608658,0.17475539445877075
9,380,1,0.01,3,43,0.9989031553268433,0.0011153375962749124,0.033396670436959916,0.2692965865135193
9,380,1,0.01,3,44,0.9989376664161682,0.0010802734177559614,0.03286751310573956,0.24737225472927094
9,380,1,0.01,3,45,0.9991113543510437,0.0009036150295287371,0.030060190111320606,0.15348950028419495
9,380,1,0.01,3,46,0.9991186857223511,0.0008961954154074192,0.02993652310151296,0.23653556406497955
9,380,1,0.01,3,47,0.9987581372261047,0.0012628231197595596,0.03553622264337559,0.19018232822418213
9,380,1,0.01,3,48,0.9992178678512573,0.0007953475578688085,0.028201906989932586,0.18715353310108185
9,380,1,0.01,3,49,0.9977011680603027,0.002337612444534898,0.04834886187424579,0.27506694197654724
9,380,1,0.01,3,50,0.9990312457084656,0.0009850759524852037,0.03138591965332868,0.25794410705566406
9,380,1,0.01,3,51,0.999209463596344,0.0008038812084123492,0.02835279895199677,0.15506485104560852
9,380,1,0.01,3,52,0.9991833567619324,0.0008304164512082934,0.028816947291625,0.18331201374530792
9,380,1,0.01,3,53,0.9992625713348389,0.0007498747436329722,0.027383840921846085,0.15778204798698425
9,380,1,0.01,3,54,0.9992980360984802,0.000713804445695132,0.026717118963225282,0.13778658211231232
9,380,1,0.01,3,55,0.999397873878479,0.0006122735794633627,0.024744162533077627,0.12717914581298828
9,380,1,0.01,3,56,0.9994972944259644,0.0005111969076097012,0.02260966403133185,0.11703507602214813
9,380,1,0.01,3,57,0.9984606504440308,0.0015653406735509634,0.03956438642960312,0.2008981853723526
9,380,1,0.01,3,58,0.9986732006072998,0.0013491552090272307,0.03673084819368089,0.2026294767856598
9,380,1,0.01,3,59,0.9987754225730896,0.0012452390510588884,0.035287944840396816,0.17442268133163452
9,380,1,0.01,3,60,0.9991059303283691,0.000909172638785094,0.030152489760964914,0.18887241184711456
9,380,1,0.01,3,61,0.9993999004364014,0.0006102122715674341,0.02470247500894261,0.12608416378498077
9,380,1,0.01,3,62,0.9994178414344788,0.0005919699906371534,0.024330433424769756,0.15242141485214233
9,380,1,0.01,3,63,0.999347984790802,0.0006630354910157621,0.025749475548363352,0.1666378676891327
9,380,1,0.01,3,64,0.999312698841095,0.0006988996756263077,0.02643671075656553,0.20969760417938232
9,380,1,0.01,3,65,0.9987621307373047,0.001258733100257814,0.03547862878209661,0.17861583828926086
9,380,1,0.01,3,66,0.9994184970855713,0.0005913142231293023,0.024316953409695512,0.13288983702659607
9,380,1,0.01,3,67,0.9993001818656921,0.0007115997141227126,0.026675826399995797,0.21354526281356812
9,380,1,0.01,3,68,0.9994744658470154,0.0005344205419532955,0.023117537540864846,0.1030726507306099
9,380,1,0.01,3,69,0.9992556571960449,0.0007568817236460745,0.027511483486829177,0.16240811347961426
9,380,1,0.01,3,70,0.9983381628990173,0.0016898664180189371,0.041107984845026604,0.1265546977519989
9,380,1,0.01,3,71,0.9991728067398071,0.0008411488961428404,0.029002567061259258,0.11574732512235641
9,380,1,0.01,3,72,0.9992551207542419,0.0007574163028039038,0.027521197335942778,0.12085838615894318
9,380,1,0.01,3,73,0.9991808533668518,0.0008329847478307784,0.028861475149943017,0.16042214632034302
9,380,1,0.01,3,74,0.9994834065437317,0.0005253059207461774,0.022919553240545013,0.12685415148735046
9,380,1,0.01,3,75,0.9990794062614441,0.0009360942058265209,0.03059565664970309,0.1270146667957306
9,380,1,0.01,3,76,0.9991583824157715,0.0008558441768400371,0.029254814592474126,0.13833287358283997
9,380,1,0.01,3,77,0.9992638230323792,0.0007485722890123725,0.027360049141263845,0.11308196187019348
9,380,1,0.01,3,78,0.9993302822113037,0.0006810128106735647,0.02609622215328427,0.1317700296640396
9,380,1,0.01,3,79,0.9985724091529846,0.0014516531955450773,0.03810056686645328,0.11800488084554672
9,380,1,0.01,3,80,0.9994950890541077,0.0005134392413310707,0.022659197720375508,0.13746410608291626
9,380,1,0.01,3,81,0.999234676361084,0.00077821098966524,0.027896433278561616,0.1521872729063034
9,380,1,0.01,3,82,0.9994017481803894,0.0006083361222408712,0.024664470848588485,0.16402389109134674
9,380,1,0.01,3,83,0.998908281326294,0.0011101358104497194,0.03331870061166431,0.18001729249954224
9,380,1,0.01,3,84,0.9993564486503601,0.0006543858326040208,0.02558096621717055,0.13205568492412567
9,380,1,0.01,3,85,0.9991226196289062,0.0008921859553083777,0.029869482006027116,0.10605297237634659
9,380,1,0.01,3,86,0.9993470311164856,0.0006639898056164384,0.02576799964328699,0.15133361518383026
9,380,1,0.01,3,87,0.9991752505302429,0.000838654930703342,0.02895953954577562,0.17447538673877716
9,380,1,0.01,3,88,0.9993183612823486,0.0006931665702722967,0.02632805671279779,0.1347445845603943
9,380,1,0.01,3,89,0.9991518259048462,0.0008624919573776424,0.029368213384161495,0.1785670667886734
9,380,1,0.01,3,90,0.9994875192642212,0.0005211465177126229,0.022828633724176813,0.10198839753866196
9,380,1,0.01,3,91,0.9995176792144775,0.0004904434317722917,0.022145957458919938,0.11765673756599426
9,380,1,0.01,3,92,0.9993926882743835,0.0006175635498948395,0.02485082593989261,0.11202815920114517
9,380,1,0.01,3,93,0.9993728399276733,0.0006377551471814513,0.02525381450754423,0.15864504873752594
9,380,1,0.01,3,94,0.9991490840911865,0.0008653004188090563,0.029415989169311582,0.18446873128414154
9,380,1,0.01,3,95,0.9994407892227173,0.0005686682998202741,0.023846767072713947,0.08734914660453796
9,380,1,0.01,3,96,0.9994635581970215,0.0005455080536194146,0.023356113838124155,0.09255095571279526
9,380,1,0.01,3,97,0.9994950890541077,0.0005134145612828434,0.022658653121552554,0.12099187821149826
9,380,1,0.01,3,98,0.9991427659988403,0.0008716930169612169,0.029524447784187547,0.12688392400741577
9,380,1,0.01,3,99,0.9993973970413208,0.000612752279266715,0.02475383362767705,0.1161867082118988
9,380,1,0.01,3,100,0.999436616897583,0.0005729137337766588,0.023935616427755914,0.15943241119384766
10,380,1,0.01,3,1,0.9916971325874329,0.008442913182079792,0.09188532626094219,0.47694945335388184
10,380,1,0.01,3,2,0.9948258996009827,0.0052614058367908,0.07253554877982796,0.42644256353378296
10,380,1,0.01,3,3,0.9958518147468567,0.004218156915158033,0.06494733955411902,0.3726341426372528
10,380,1,0.01,3,4,0.9963191151618958,0.003742961445823312,0.0611797470232046,0.4492945075035095
10,380,1,0.01,3,5,0.9977365732192993,0.0023015926126390696,0.04797491649434181,0.36093878746032715
10,380,1,0.01,3,6,0.9974057078361511,0.002638035686686635,0.05136181155962701,0.3344903588294983
10,380,1,0.01,3,7,0.9982749819755554,0.0017541140550747514,0.0418821448241939,0.32526475191116333
10,380,1,0.01,3,8,0.997997522354126,0.0020362522918730974,0.045124852264280015,0.32611626386642456
10,380,1,0.01,3,9,0.997067391872406,0.002982107223942876,0.05460867352301167,0.3505539000034332
10,380,1,0.01,3,10,0.9987743496894836,0.0012463016901165247,0.03530299831624114,0.2735074460506439
10,380,1,0.01,3,11,0.9984213709831238,0.0016052392311394215,0.0400654368644524,0.24057219922542572
10,380,1,0.01,3,12,0.9984649419784546,0.0015609553083777428,0.03950892694540998,0.248979389667511
10,380,1,0.01,3,13,0.9981638193130493,0.001867151353508234,0.04321054678557347,0.2180687040090561
10,380,1,0.01,3,14,0.9986168742179871,0.0014064451679587364,0.03750260214916742,0.23235774040222168
10,380,1,0.01,3,15,0.9987034797668457,0.001318416791036725,0.03631000951578951,0.1935725063085556
10,380,1,0.01,3,16,0.9983741044998169,0.0016533234156668186,0.04066107986351099,0.21719716489315033
10,380,1,0.01,3,17,0.9987448453903198,0.0012763316044583917,0.03572578346878332,0.21981392800807953
10,380,1,0.01,3,18,0.9990792870521545,0.0009362521232105792,0.03059823725659011,0.16872887313365936
10,380,1,0.01,3,19,0.9987818002700806,0.0012387360911816359,0.03519568284863409,0.2073836773633957
10,380,1,0.01,3,20,0.9985548853874207,0.0014695222489535809,0.03833434816132369,0.18194834887981415
10,380,1,0.01,3,21,0.9990699887275696,0.0009456845582462847,0.030751984622887103,0.19144582748413086
10,380,1,0.01,3,22,0.9981454014778137,0.0018859043484553695,0.043427000224000846,0.2547444701194763
10,380,1,0.01,3,23,0.9986819624900818,0.0013403001939877868,0.03661011054323364,0.1575796902179718
10,380,1,0.01,3,24,0.9992057085037231,0.0008077048696577549,0.028420149008366494,0.17983785271644592
10,380,1,0.01,3,25,0.9988803267478943,0.0011385716497898102,0.033742727361459834,0.20796628296375275
10,380,1,0.01,3,26,0.998756468296051,0.0012644869275391102,0.03555962496342038,0.21376760303974152
10,380,1,0.01,3,27,0.9986751079559326,0.0013472229475155473,0.03670453578940275,0.2485416978597641
10,380,1,0.01,3,28,0.998862087726593,0.0011571025243028998,0.03401620972864113,0.16391165554523468
10,380,1,0.01,3,29,0.9985265135765076,0.0014983713626861572,0.03870880213447785,0.2125101238489151
10,380,1,0.01,3,30,0.9989813566207886,0.0010358395520597696,0.03218446134487526,0.19697566330432892
10,380,1,0.01,3,31,0.9990163445472717,0.0010002710623666644,0.03162706218362155,0.18660958111286163
10,380,1,0.01,3,32,0.9987214207649231,0.0013001214247196913,0.036057196573218105,0.16040170192718506
10,380,1,0.01,3,33,0.9988704323768616,0.0011486433213576674,0.03389164087732648,0.18022261559963226
10,380,1,0.01,3,34,0.9991073608398438,0.0009076897986233234,0.03012789070982772,0.18368381261825562
10,380,1,0.01,3,35,0.9991918206214905,0.0008218027069233358,0.02866710147404749,0.12919892370700836
10,380,1,0.01,3,36,0.9991711378097534,0.0008428504806943238,0.029031887308515164,0.12878206372261047
10,380,1,0.01,3,37,0.9991321563720703,0.000882510794326663,0.029707083234923333,0.16492895781993866
10,380,1,0.01,3,38,0.9990836381912231,0.0009318205993622541,0.030525736671901206,0.12937268614768982
10,380,1,0.01,3,39,0.9991980195045471,0.0008155087707564235,0.02855711418817426,0.16212692856788635
10,380,1,0.01,3,40,0.9988476634025574,0.0011717661982402205,0.034231070655768574,0.1636899709701538
10,380,1,0.01,3,41,0.9992656707763672,0.0007467181421816349,0.027326143931803385,0.1490515023469925
10,380,1,0.01,3,42,0.9992198348045349,0.0007933476008474827,0.028166426838480644,0.173382967710495
10,380,1,0.01,3,43,0.9987029433250427,0.0013189158635213971,0.036316881247174804,0.2179003804922104
10,380,1,0.01,3,44,0.9992580413818359,0.0007544662803411484,0.02746754958748866,0.17629119753837585
10,380,1,0.01,3,45,0.9993430376052856,0.0006680721417069435,0.025847091552183264,0.1417839676141739
10,380,1,0.01,3,46,0.9987087845802307,0.0013130136067047715,0.03623552961810785,0.14504528045654297
10,380,1,0.01,3,47,0.9991839528083801,0.0008297919994220138,0.028806110452853813,0.14268748462200165
10,380,1,0.01,3,48,0.9990403056144714,0.0009758887463249266,0.031239218081202457,0.13972875475883484
10,380,1,0.01,3,49,0.9993308782577515,0.0006804344011470675,0.026085137552772603,0.1792314201593399
10,380,1,0.01,3,50,0.9991800785064697,0.0008337459876202047,0.028874659956789183,0.1235792264342308
10,380,1,0.01,3,51,0.998845636844635,0.0011738525936380029,0.03426153227218542,0.1972416490316391
10,380,1,0.01,3,52,0.9994484186172485,0.0005608701030723751,0.02368269627961257,0.12276510894298553
10,380,1,0.01,3,53,0.9992517828941345,0.0007608204032294452,0.027582973067264618,0.16307653486728668
10,380,1,0.01,3,54,0.999142587184906,0.0008719016332179308,0.029527980513708193,0.14832375943660736
10,380,1,0.01,3,55,0.9989396333694458,0.0010782820172607899,0.03283720477234306,0.1471702754497528
10,380,1,0.01,3,56,0.9991247653961182,0.0008900055545382202,0.029832960874479425,0.16232064366340637
10,380,1,0.01,3,57,0.9991005063056946,0.000914686534088105,0.030243785048966753,0.22020016610622406
10,380,1,0.01,3,58,0.9993011951446533,0.0007106073317117989,0.026657219129380298,0.16063998639583588
10,380,1,0.01,3,59,0.999144434928894,0.0008699909085407853,0.029495608292435423,0.14968544244766235
10,380,1,0.01,3,60,0.9991235733032227,0.0008912180783227086,0.02985327583905506,0.19635163247585297
10,380,1,0.01,3,61,0.9992111921310425,0.0008021076791919768,0.02832150559543007,0.24153615534305573
10,380,1,0.01,3,62,0.9994121789932251,0.0005977560067549348,0.024449049199405173,0.1263199746608734
10,380,1,0.01,3,63,0.9986612200737,0.0013613428454846144,0.03689637984253488,0.1597660332918167
10,380,1,0.01,3,64,0.9993983507156372,0.0006117745651863515,0.024734077002919505,0.09253699332475662
10,380,1,0.01,3,65,0.9993591904640198,0.000651599548291415,0.025526448015566423,0.14938189089298248
10,380,1,0.01,3,66,0.9993525147438049,0.0006583783542737365,0.025658884509536583,0.12614770233631134
10,380,1,0.01,3,67,0.9986100792884827,0.0014133898075670004,0.03759507690598598,0.2354009747505188
10,380,1,0.01,3,68,0.9984424114227295,0.001583838602527976,0.03979746980057873,0.15767769515514374
10,380,1,0.01,3,69,0.9992033243179321,0.000810088706202805,0.02846205730798118,0.23604057729244232
10,380,1,0.01,3,70,0.9991985559463501,0.0008149837958626449,0.028547921042742234,0.17056824266910553
10,380,1,0.01,3,71,0.9994279742240906,0.0005816778866574168,0.024117999225835813,0.11879394948482513
10,380,1,0.01,3,72,0.9994599223136902,0.0005491783376783133,0.023434554352031386,0.16515371203422546
10,380,1,0.01,3,73,0.9990135431289673,0.0010030893608927727,0.03167158601795579,0.11197096854448318
10,380,1,0.01,3,74,0.999442458152771,0.000566967879422009,0.023811087321288144,0.12744668126106262
10,380,1,0.01,3,75,0.9994543790817261,0.000554846425075084,0.02355517830701105,0.10820385813713074
10,380,1,0.01,3,76,0.9992537498474121,0.0007588327280245721,0.027546918666605382,0.2062341868877411
10,380,1,0.01,3,77,0.9992325305938721,0.0007804413908161223,0.027936381133141105,0.12339452654123306
10,380,1,0.01,3,78,0.9994810223579407,0.000527725787833333,0.022972283034851652,0.08400648087263107
10,380,1,0.01,3,79,0.9994661808013916,0.0005428518634289503,0.023299181604274223,0.12752459943294525
10,380,1,0.01,3,80,0.9994245767593384,0.0005851576570421457,0.02419003218356986,0.12420142441987991
10,380,1,0.01,3,81,0.9985767006874084,0.0014473156770691276,0.03804360231456963,0.12750180065631866
10,380,1,0.01,3,82,0.9993851184844971,0.0006252711173146963,0.025005421758384647,0.12481863051652908
10,380,1,0.01,3,83,0.9994601607322693,0.0005489460309036076,0.023429597326962485,0.11334899812936783
10,380,1,0.01,3,84,0.9993942975997925,0.0006159372278489172,0.024818082678742876,0.10734616965055466
10,380,1,0.01,3,85,0.9993256330490112,0.0006857728003524244,0.026187264086811827,0.14143075048923492
10,380,1,0.01,3,86,0.9994969964027405,0.0005114959785714746,0.022616276850345517,0.14698128402233124
10,380,1,0.01,3,87,0.9992549419403076,0.0007576404022984207,0.027525268432813162,0.16486506164073944
10,380,1,0.01,3,88,0.9987871050834656,0.0012333523482084274,0.03511911656361002,0.24358044564723969
10,380,1,0.01,3,89,0.9994131326675415,0.0005967640317976475,0.024428754200688324,0.1531580239534378
10,380,1,0.01,3,90,0.9994829893112183,0.0005257537704892457,0.02292932119556193,0.13293986022472382
10,380,1,0.01,3,91,0.9995076656341553,0.0005006277933716774,0.022374713257864946,0.14482338726520538
10,380,1,0.01,3,92,0.9992129802703857,0.0008002669783309102,0.028288990408477113,0.11643518507480621
10,380,1,0.01,3,93,0.9993429780006409,0.0006681354134343565,0.0258483154854307,0.1480555534362793
10,380,1,0.01,3,94,0.9977503418922424,0.002287599490955472,0.04782885625807366,0.22825254499912262
10,380,1,0.01,3,95,0.9992403984069824,0.0007723966846242547,0.02779202555813906,0.1555633693933487
10,380,1,0.01,3,96,0.9994032382965088,0.0006068488000892103,0.024634301290866974,0.14908932149410248
10,380,1,0.01,3,97,0.9994291663169861,0.0005804529646411538,0.024092591488695313,0.1425314098596573
10,380,1,0.01,3,98,0.99959397315979,0.0004128736618440598,0.020319292848031394,0.14132408797740936
10,380,1,0.01,3,99,0.9995474219322205,0.0004601975961122662,0.021452216578066383,0.07001036405563354
10,380,1,0.01,3,100,0.9995505809783936,0.00045702719944529235,0.021378194485159225,0.1291860044002533
11,380,1,0.01,3,1,0.9915357828140259,0.0086069880053401,0.09277385410416072,0.5258687138557434
11,380,1,0.01,3,2,0.994327962398529,0.005767705384641886,0.07594541055680643,0.4156883656978607
11,380,1,0.01,3,3,0.9961117506027222,0.003953856416046619,0.0628796979640219,0.38810646533966064
11,380,1,0.01,3,4,0.9971135854721069,0.002935100346803665,0.0541765663991699,0.309364914894104
11,380,1,0.01,3,5,0.9972106218338013,0.0028364225290715694,0.053258074778117635,0.30366700887680054
11,380,1,0.01,3,6,0.9972752928733826,0.002770685590803623,0.05263730227513207,0.3126271665096283
11,380,1,0.01,3,7,0.9979327321052551,0.0021021144930273294,0.04584882215528911,0.29536357522010803
11,380,1,0.01,3,8,0.998358428478241,0.0016692903591319919,0.04085694994896207,0.27713415026664734
11,380,1,0.01,3,9,0.998598039150238,0.0014256031718105078,0.03775716053691681,0.17549584805965424
11,380,1,0.01,3,10,0.9979204535484314,0.002114647999405861,0.04598530199320062,0.17137055099010468
11,380,1,0.01,3,11,0.9988515973091125,0.001167802605777979,0.034173126953470016,0.1615062952041626
11,380,1,0.01,3,12,0.9990095496177673,0.0010071658762171865,0.03173587679925019,0.1985640525817871
11,380,1,0.01,3,13,0.998881459236145,0.0011374164605513215,0.0337256054141556,0.17498792707920074
11,380,1,0.01,3,14,0.997189998626709,0.002857428276911378,0.053454918173273615,0.2259705811738968
11,380,1,0.01,3,15,0.999011218547821,0.0010054652811959386,0.031709072537618295,0.15853002667427063
11,380,1,0.01,3,16,0.9991514682769775,0.000862833228893578,0.029374023028750727,0.16283805668354034
11,380,1,0.01,3,17,0.9978767037391663,0.002159134251996875,0.04646648525547069,0.22885175049304962
11,380,1,0.01,3,18,0.9991351366043091,0.0008794532623142004,0.02965557725477959,0.14428739249706268
11,380,1,0.01,3,19,0.9992759227752686,0.0007363023469224572,0.02713489168805465,0.15356755256652832
11,380,1,0.01,3,20,0.9988510012626648,0.0011684068012982607,0.0341819660244735,0.1824057698249817
11,380,1,0.01,3,21,0.9987435936927795,0.0012776082148775458,0.035743645797225915,0.14182984828948975
11,380,1,0.01,3,22,0.9989165663719177,0.0011017037322744727,0.03319192269625959,0.17877240478992462
11,380,1,0.01,3,23,0.9988095164299011,0.0012105690548196435,0.03479323288830234,0.17164264619350433
11,380,1,0.01,3,24,0.9990575313568115,0.0009583632927387953,0.030957443252613664,0.12367584556341171
11,380,1,0.01,3,25,0.9989528059959412,0.0010648834286257625,0.032632551672000194,0.15835705399513245
11,380,1,0.01,3,26,0.9993680715560913,0.0006425688625313342,0.025348942039685487,0.11664610356092453
11,380,1,0.01,3,27,0.9993515014648438,0.0006594129954464734,0.025679038055318064,0.11275911331176758
11,380,1,0.01,3,28,0.9992668628692627,0.0007454773294739425,0.02730343072718047,0.15850988030433655
11,380,1,0.01,3,29,0.9991313219070435,0.000883320695720613,0.02972071156147869,0.1364477425813675
11,380,1,0.01,3,30,0.9983998537063599,0.001627117395401001,0.040337543249446925,0.20771349966526031
11,380,1,0.01,3,31,0.9990883469581604,0.0009270147420465946,0.030446916790482982,0.18343359231948853
11,380,1,0.01,3,32,0.9994043707847595,0.00060569605557248,0.02461089302671644,0.12170933932065964
11,380,1,0.01,3,33,0.9990298748016357,0.000986479572020471,0.03140827235013845,0.15136800706386566
11,380,1,0.01,3,34,0.9993787407875061,0.0006317631341516972,0.02513489872968851,0.12158618867397308
11,380,1,0.01,3,35,0.9991741180419922,0.000839795044157654,0.028979217452471936,0.1629435122013092
11,380,1,0.01,3,36,0.9993464350700378,0.0006645694957114756,0.025779245444959704,0.14957137405872345
11,380,1,0.01,3,37,0.9994006156921387,0.000609510054346174,0.024688257418177047,0.14041094481945038
11,380,1,0.01,3,38,0.9992755651473999,0.0007366496720351279,0.027141290905834378,0.12687358260154724
11,380,1,0.01,3,39,0.9992997646331787,0.0007120652007870376,0.026684549851684544,0.16025249660015106
11,380,1,0.01,3,40,0.9985739588737488,0.001450078678317368,0.038079898612225424,0.1871240884065628
11,380,1,0.01,3,41,0.9993363618850708,0.0006748177111148834,0.025977253725420694,0.14761550724506378
11,380,1,0.01,3,42,0.9994615316390991,0.0005475623183883727,0.023400049538160654,0.09985784441232681
11,380,1,0.01,3,43,0.9994947910308838,0.0005137560656294227,0.022666187717157525,0.14911510050296783
11,380,1,0.01,3,44,0.9985655546188354,0.0014586725737899542,0.03819257223322297,0.22867147624492645
11,380,1,0.01,3,45,0.9993391633033752,0.0006719744415022433,0.025922469818716026,0.11289113014936447
11,380,1,0.01,3,46,0.9992497563362122,0.0007629261235706508,0.027621117348337863,0.18662923574447632
11,380,1,0.01,3,47,0.999268114566803,0.0007442221976816654,0.02728043617103043,0.09951779991388321
11,380,1,0.01,3,48,0.9993419647216797,0.0006691385642625391,0.0258677127760175,0.1572670042514801
11,380,1,0.01,3,49,0.9993575215339661,0.0006533447303809226,0.025560608959508818,0.18403121829032898
11,380,1,0.01,3,50,0.9989959597587585,0.0010210038162767887,0.03195315033414998,0.1314980387687683
11,380,1,0.01,3,51,0.9994250535964966,0.0005846335552632809,0.02417919674561752,0.12680286169052124
11,380,1,0.01,3,52,0.9994544386863708,0.0005547409527935088,0.023552939366319203,0.18664652109146118
11,380,1,0.01,3,53,0.9990725517272949,0.0009431042708456516,0.030710002781596284,0.12492251396179199
11,380,1,0.01,3,54,0.9991187453269958,0.0008961500716395676,0.029935765760033057,0.137389674782753
11,380,1,0.01,3,55,0.9984074234962463,0.0016194520285353065,0.040242415789006836,0.16189061105251312
11,380,1,0.01,3,56,0.9990724921226501,0.0009431614307686687,0.03071093340764277,0.10418736934661865
11,380,1,0.01,3,57,0.9992867112159729,0.0007253398071043193,0.026932133355980534,0.14122891426086426
11,380,1,0.01,3,58,0.9994938969612122,0.00051463971612975,0.02268567204492188,0.0897410437464714
11,380,1,0.01,3,59,0.9994140267372131,0.0005958728143014014,0.024410506227880678,0.120620496571064
11,380,1,0.01,3,60,0.9994326829910278,0.0005769077106378973,0.024018903193899117,0.12294979393482208
11,380,1,0.01,3,61,0.998669445514679,0.0013530132127925754,0.03678332791894414,0.19257168471813202
11,380,1,0.01,3,62,0.9996060132980347,0.0004006462695542723,0.020016150218118176,0.08827925473451614
11,380,1,0.01,3,63,0.9992624521255493,0.0007499886560253799,0.027385920762782102,0.10996150970458984
11,380,1,0.01,3,64,0.9993798732757568,0.0006305807619355619,0.02511136718571018,0.15488965809345245
11,380,1,0.01,3,65,0.9992616176605225,0.0007508143899030983,0.027400992498504473,0.18868348002433777
11,380,1,0.01,3,66,0.9992852807044983,0.0007267756736837327,0.026958777303203733,0.09832823276519775
11,380,1,0.01,3,67,0.9991932511329651,0.0008203315665014088,0.028641430943676834,0.15704655647277832
11,380,1,0.01,3,68,0.9994771480560303,0.0005316699971444905,0.02305797036047385,0.1191575676202774
11,380,1,0.01,3,69,0.9940764307975769,0.006023528054356575,0.07761139126672434,0.24727903306484222
11,380,1,0.01,3,70,0.9993804097175598,0.0006300606182776392,0.025101008311971037,0.1000572070479393
11,380,1,0.01,3,71,0.9994021654129028,0.0006079252925701439,0.02465614107215774,0.15973438322544098
11,380,1,0.01,3,72,0.9989909529685974,0.001026088953949511,0.0320326232761151,0.18643076717853546
11,380,1,0.01,3,73,0.9994931817054749,0.0005153459496796131,0.022701232338347033,0.1055867001414299
11,380,1,0.01,3,74,0.9994797706604004,0.0005289775435812771,0.02299951181180325,0.10707023739814758
11,380,1,0.01,3,75,0.9989214539527893,0.0010967315174639225,0.033116937018147115,0.14574091136455536
11,380,1,0.01,3,76,0.9992223978042603,0.0007907390827313066,0.028120083263235666,0.0874750167131424
11,380,1,0.01,3,77,0.9991952180862427,0.0008183825411833823,0.02860738612986832,0.24457795917987823
11,380,1,0.01,3,78,0.9991967678070068,0.000816764310002327,0.028579088683901854,0.12788790464401245
11,380,1,0.01,3,79,0.9995632171630859,0.00044414863805286586,0.02107483423547777,0.09732069075107574
11,380,1,0.01,3,80,0.9994664788246155,0.0005425125709734857,0.023291899256468667,0.11240117996931076
11,380,1,0.01,3,81,0.9994168281555176,0.0005930076004005969,0.024351747378793927,0.13661310076713562
11,380,1,0.01,3,82,0.9994441866874695,0.0005652111722156405,0.023774170273968356,0.10987774282693863
11,380,1,0.01,3,83,0.9994149208068848,0.0005949235055595636,0.02439105380174386,0.09041953831911087
11,380,1,0.01,3,84,0.9990898370742798,0.0009255289915017784,0.030422507975211024,0.09025206416845322
11,380,1,0.01,3,85,0.9991921186447144,0.0008215277339331806,0.02866230510501869,0.13623832166194916
11,380,1,0.01,3,86,0.9989829659461975,0.001034220913425088,0.03215930523853225,0.12029886990785599
11,380,1,0.01,3,87,0.9994035363197327,0.0006065205670893192,0.02462763827672721,0.08027393370866776
11,380,1,0.01,3,88,0.999522864818573,0.00048518693074584007,0.022026959180645886,0.10758426785469055
11,380,1,0.01,3,89,0.9990605115890503,0.000955339812207967,0.030908571824139124,0.1158994734287262
11,380,1,0.01,3,90,0.9988297820091248,0.0011899714590981603,0.03449596293913478,0.16152814030647278
11,380,1,0.01,3,91,0.9979561567306519,0.002078345511108637,0.04558887486118337,0.1805233508348465
11,380,1,0.01,3,92,0.9994040131568909,0.0006060356390662491,0.02461779110859155,0.14038607478141785
11,380,1,0.01,3,93,0.9995990991592407,0.00040767030441202223,0.020190847045431806,0.10658854246139526
11,380,1,0.01,3,94,0.999536395072937,0.00047145294956862926,0.021712967313765045,0.12669506669044495
11,380,1,0.01,3,95,0.9994326829910278,0.0005768680130131543,0.024018076796720304,0.1402401477098465
11,380,1,0.01,3,96,0.999552845954895,0.0004547150747384876,0.021324049210656205,0.09221255034208298
11,380,1,0.01,3,97,0.9995467066764832,0.0004609294992405921,0.02146926871694963,0.10583990067243576
11,380,1,0.01,3,98,0.998907744884491,0.0011106599122285843,0.033326564662871934,0.1374967247247696
11,380,1,0.01,3,99,0.9994214177131653,0.0005883608828298748,0.024256151443085006,0.11986791342496872
11,380,1,0.01,3,100,0.9994286298751831,0.0005810330039821565,0.024104626194615765,0.1579604297876358
12,380,1,0.01,3,1,0.9899053573608398,0.010264945216476917,0.10131606593466269,0.5078543424606323
12,380,1,0.01,3,2,0.9948068261146545,0.005280788987874985,0.07266903733967435,0.4185526669025421
12,380,1,0.01,3,3,0.9964292645454407,0.0036309584975242615,0.06025743520532766,0.3778664171695709
12,380,1,0.01,3,4,0.9967299699783325,0.0033252143766731024,0.05766467182489728,0.3136608898639679
12,380,1,0.01,3,5,0.9975648522377014,0.0024762037210166454,0.04976146823614277,0.3046315610408783
12,380,1,0.01,3,6,0.9977800250053406,0.002257425105199218,0.0475123679182507,0.25160807371139526
12,380,1,0.01,3,7,0.997685432434082,0.0023536039516329765,0.04851395625624627,0.28439199924468994
12,380,1,0.01,3,8,0.9981288909912109,0.0019026981899514794,0.04361992881644214,0.2885354459285736
12,380,1,0.01,3,9,0.9983162879943848,0.0017121389973908663,0.041378001370183,0.2644023597240448
12,380,1,0.01,3,10,0.9981523156166077,0.00187884911429137,0.043345693145817495,0.27679434418678284
12,380,1,0.01,3,11,0.9981622099876404,0.001868777209892869,0.04322935588107772,0.25719383358955383
12,380,1,0.01,3,12,0.9982166290283203,0.0018134788842871785,0.042584960775926266,0.2244185507297516
12,380,1,0.01,3,13,0.9985693693161011,0.001454746350646019,0.03814113724898641,0.2267543375492096
12,380,1,0.01,3,14,0.99864262342453,0.0013802568428218365,0.03715180806935022,0.24442072212696075
12,380,1,0.01,3,15,0.9983360767364502,0.001691994140855968,0.04113385638201174,0.23515935242176056
12,380,1,0.01,3,16,0.9986363053321838,0.0013867304660379887,0.037238830084174085,0.23255914449691772
12,380,1,0.01,3,17,0.9973018169403076,0.0027437005192041397,0.05238034477935535,0.2296660840511322
12,380,1,0.01,3,18,0.9982186555862427,0.001811418915167451,0.04256076732352756,0.23912622034549713
12,380,1,0.01,3,19,0.9964393377304077,0.003620718838647008,0.0601724092807244,0.22575369477272034
12,380,1,0.01,3,20,0.9985607862472534,0.0014634825056418777,0.03825548987585805,0.21616537868976593
12,380,1,0.01,3,21,0.9981071352958679,0.001924825832247734,0.04387283706631854,0.1972164660692215
12,380,1,0.01,3,22,0.9987990260124207,0.0012212579604238272,0.03494650140463029,0.28673285245895386
12,380,1,0.01,3,23,0.9984768629074097,0.0015488434582948685,0.039355348534790904,0.1733824759721756
12,380,1,0.01,3,24,0.9986399412155151,0.0013830189127475023,0.03718896224348701,0.15438516438007355
12,380,1,0.01,3,25,0.998916506767273,0.0011017617071047425,0.03319279601215816,0.15700827538967133
12,380,1,0.01,3,26,0.9984762668609619,0.0015494668623432517,0.03936326793272189,0.21192283928394318
12,380,1,0.01,3,27,0.9989094734191895,0.0011089034378528595,0.03330020176895118,0.1515311449766159
12,380,1,0.01,3,28,0.998755693435669,0.0012653152225539088,0.03557126962246229,0.14919984340667725
12,380,1,0.01,3,29,0.9987722039222717,0.0012485217303037643,0.03533442698422835,0.1924375593662262
12,380,1,0.01,3,30,0.9990840554237366,0.0009313839836977422,0.030518584234818992,0.16470874845981598
12,380,1,0.01,3,31,0.9989316463470459,0.0010863612405955791,0.03295999454786938,0.17398186028003693
12,380,1,0.01,3,32,0.9991684556007385,0.000845591479446739,0.029079055683545484,0.1877104938030243
12,380,1,0.01,3,33,0.9991188645362854,0.0008959788247011602,0.029932905383560082,0.17554005980491638
12,380,1,0.01,3,34,0.9989781975746155,0.0010390416719019413,0.032234169322350174,0.16395197808742523
12,380,1,0.01,3,35,0.9986953735351562,0.0013266140595078468,0.03642271351104757,0.14427907764911652
12,380,1,0.01,3,36,0.9991245865821838,0.0008901663240976632,0.02983565524833774,0.18219436705112457
12,380,1,0.01,3,37,0.9992377161979675,0.0007751405937597156,0.02784134683810601,0.14135514199733734
12,380,1,0.01,3,38,0.9982321858406067,0.0017976313829421997,0.04239848326228427,0.17844544351100922
12,380,1,0.01,3,39,0.9983178973197937,0.001710509299300611,0.041358303873594855,0.1934245228767395
12,380,1,0.01,3,40,0.9972013235092163,0.0028458833694458008,0.05334682154960875,0.24953211843967438
12,380,1,0.01,3,41,0.9991259574890137,0.0008887831354513764,0.02981246610817992,0.1670573651790619
12,380,1,0.01,3,42,0.9990006685256958,0.0010162104154005647,0.03187805538925743,0.14943811297416687
12,380,1,0.01,3,43,0.9985385537147522,0.0014860868686810136,0.03854979725862399,0.19651617109775543
12,380,1,0.01,3,44,0.9990252256393433,0.0009912023087963462,0.03148336558877316,0.15930791199207306
12,380,1,0.01,3,45,0.9991686344146729,0.0008453759364783764,0.02907534929245694,0.14350014925003052
12,380,1,0.01,3,46,0.9989216327667236,0.0010965716792270541,0.033114523690173384,0.2400428056716919
12,380,1,0.01,3,47,0.9991255402565002,0.0008892216719686985,0.02981982011965697,0.1226818710565567
12,380,1,0.01,3,48,0.9990256428718567,0.0009907650528475642,0.03147642058505961,0.14824910461902618
12,380,1,0.01,3,49,0.9990127086639404,0.0010039211483672261,0.0316847147433463,0.2000589519739151
12,380,1,0.01,3,50,0.9992707967758179,0.0007415079162456095,0.02723064296423442,0.12525208294391632
12,380,1,0.01,3,51,0.9993963837623596,0.000613784184679389,0.024774668205233122,0.11807870864868164
12,380,1,0.01,3,52,0.9962457418441772,0.0038175927475094795,0.06178667127714099,0.29997238516807556
12,380,1,0.01,3,53,0.9993444681167603,0.0006665895343758166,0.025818395271120485,0.16175949573516846
12,380,1,0.01,3,54,0.999225378036499,0.000787688884884119,0.028065795639605855,0.13335423171520233
12,380,1,0.01,3,55,0.9986256957054138,0.0013974604662507772,0.03738262251703025,0.1727159023284912
12,380,1,0.01,3,56,0.9990953803062439,0.0009198983898386359,0.030329826736047075,0.1887701153755188
12,380,1,0.01,3,57,0.9988836646080017,0.0011351569555699825,0.033692090400715455,0.1272304803133011
12,380,1,0.01,3,58,0.9992420077323914,0.0007707967888563871,0.027763227277396753,0.11239022016525269
12,380,1,0.01,3,59,0.9984992146492004,0.0015261140652000904,0.03906550991859815,0.11885205656290054
12,380,1,0.01,3,60,0.9991812705993652,0.0008325359085574746,0.028853698351467436,0.13381652534008026
12,380,1,0.01,3,61,0.9987728595733643,0.001247850013896823,0.03532492057877587,0.14285196363925934
12,380,1,0.01,3,62,0.9991893172264099,0.0008243881748057902,0.028712160747770103,0.11974740773439407
12,380,1,0.01,3,63,0.999271035194397,0.0007412894628942013,0.02722663150105428,0.12156032770872116
12,380,1,0.01,3,64,0.9992509484291077,0.0007616633083671331,0.02759824828439539,0.13490493595600128
12,380,1,0.01,3,65,0.9986966252326965,0.0013253758661448956,0.03640571199887314,0.12409539520740509
12,380,1,0.01,3,66,0.9992176294326782,0.0007955447654239833,0.02820540312464942,0.11858498305082321
12,380,1,0.01,3,67,0.9993261098861694,0.0006852834485471249,0.026177919102692727,0.11258050054311752
12,380,1,0.01,3,68,0.9993877410888672,0.0006226067780517042,0.024952089653007103,0.15632843971252441
12,380,1,0.01,3,69,0.9991669058799744,0.0008471728069707751,0.029106233129190303,0.12362084537744522
12,380,1,0.01,3,70,0.9993751049041748,0.0006354182260110974,0.025207503367273353,0.14031410217285156
12,380,1,0.01,3,71,0.9990966320037842,0.0009185793460346758,0.030308073941355557,0.18439657986164093
12,380,1,0.01,3,72,0.9990139007568359,0.0010027500102296472,0.031666228228661004,0.15791131556034088
12,380,1,0.01,3,73,0.9991985559463501,0.0008149718632921576,0.02854771205004278,0.1289287507534027
12,380,1,0.01,3,74,0.9992727041244507,0.000739560869988054,0.027194868449544926,0.14828839898109436
12,380,1,0.01,3,75,0.9992504715919495,0.0007621998083777726,0.027607966393375892,0.12605464458465576
12,380,1,0.01,3,76,0.9991264343261719,0.0008883229456841946,0.029804747032716024,0.10840719193220139
12,380,1,0.01,3,77,0.9993917942047119,0.00061845185700804,0.024868692305950468,0.09825000911951065
12,380,1,0.01,3,78,0.9994546175003052,0.0005545954336412251,0.023549849970673383,0.12673118710517883
12,380,1,0.01,3,79,0.9983429908752441,0.0016849860548973083,0.04104858164294241,0.1500200778245926
12,380,1,0.01,3,80,0.9988108277320862,0.0012092123506590724,0.03477373075554408,0.12363271415233612
12,380,1,0.01,3,81,0.9993656277656555,0.0006450793007388711,0.025398411382188277,0.13410456478595734
12,380,1,0.01,3,82,0.9973788261413574,0.002665374195203185,0.05162726213158301,0.238785982131958
12,380,1,0.01,3,83,0.9990571141242981,0.000958765100222081,0.03096393224740813,0.14171448349952698
12,380,1,0.01,3,84,0.9989845752716064,0.0010325497714802623,0.03213331248844822,0.18967409431934357
12,380,1,0.01,3,85,0.9984585046768188,0.001567482715472579,0.03959144750413376,0.18386401236057281
12,380,1,0.01,3,86,0.9989444017410278,0.0010733796516433358,0.032762473222321536,0.156060129404068
12,380,1,0.01,3,87,0.9992906451225281,0.0007213512435555458,0.02685798286460742,0.12135730683803558
12,380,1,0.01,3,88,0.999289870262146,0.0007220878032967448,0.026871691485590272,0.15459413826465607
12,380,1,0.01,3,89,0.9994393587112427,0.0005700803594663739,0.023876355657142776,0.15055692195892334
12,380,1,0.01,3,90,0.9993500113487244,0.0006609495612792671,0.025708939326220114,0.11722519248723984
12,380,1,0.01,3,91,0.9992964863777161,0.000715396658051759,0.026746899970870625,0.09275191277265549
12,380,1,0.01,3,92,0.9994484782218933,0.0005608560750260949,0.023682400111181615,0.10551540553569794
12,380,1,0.01,3,93,0.998269259929657,0.0017599660204723477,0.04195194894724615,0.18150544166564941
12,380,1,0.01,3,94,0.9992985129356384,0.0007133298204280436,0.02670823506763492,0.148365780711174
12,380,1,0.01,3,95,0.9994577765464783,0.0005513557698577642,0.023480966118491892,0.10996922105550766
12,380,1,0.01,3,96,0.9994988441467285,0.0005096046952530742,0.02257442569043727,0.11722558736801147
12,380,1,0.01,3,97,0.9992722272872925,0.0007400470785796642,0.027203806325212364,0.1579822301864624
12,380,1,0.01,3,98,0.9993398785591125,0.0006712504546158016,0.025908501589551672,0.13715015351772308
12,380,1,0.01,3,99,0.9990715384483337,0.0009441099246032536,0.03072637180994941,0.11709345877170563
12,380,1,0.01,3,100,0.9994809627532959,0.0005278175231069326,0.02297427959930262,0.1296587586402893
13,380,1,0.01,3,1,0.9919907450675964,0.008144386112689972,0.09024625262408391,0.7036009430885315
13,380,1,0.01,3,2,0.995732307434082,0.004339670296758413,0.06587617396873026,0.4134639501571655
13,380,1,0.01,3,3,0.9965938925743103,0.0034635437186807394,0.05885187948299306,0.4437229037284851
13,380,1,0.01,3,4,0.9975897669792175,0.0024509234353899956,0.04950680191034355,0.34057390689849854
13,380,1,0.01,3,5,0.9966637492179871,0.0033925166353583336,0.05824531427813171,0.3350718319416046
13,380,1,0.01,3,6,0.998015820980072,0.002017667982727289,0.04491845926484221,0.31093642115592957
13,380,1,0.01,3,7,0.9983370900154114,0.0016909611877053976,0.04112129846813446,0.17745578289031982
13,380,1,0.01,3,8,0.9985845685005188,0.001439293846487999,0.037938026391577076,0.24999116361141205
13,380,1,0.01,3,9,0.9986371397972107,0.0013858433812856674,0.03722691742926974,0.17680978775024414
13,380,1,0.01,3,10,0.9986028075218201,0.0014207890490069985,0.0376933555020908,0.2145005315542221
13,380,1,0.01,3,11,0.9976667165756226,0.0023726671934127808,0.04871003175335426,0.2894953787326813
13,380,1,0.01,3,12,0.9989251494407654,0.001092995866201818,0.03306048799098129,0.1525629460811615
13,380,1,0.01,3,13,0.9985846281051636,0.0014392377343028784,0.037937286860065235,0.23952458798885345
13,380,1,0.01,3,14,0.9989996552467346,0.0010171938920393586,0.03189347726478502,0.18033382296562195
13,380,1,0.01,3,15,0.9986656904220581,0.0013568137073889375,0.03683495225175319,0.22327353060245514
13,380,1,0.01,3,16,0.9969218969345093,0.0031300573609769344,0.055946915562673644,0.26087796688079834
13,380,1,0.01,3,17,0.9987701177597046,0.001250647590495646,0.03536449618608536,0.17329944670200348
13,380,1,0.01,3,18,0.9990640878677368,0.0009516804711893201,0.030849318812403624,0.15029093623161316
13,380,1,0.01,3,19,0.9990529417991638,0.0009630252025090158,0.03103264736546039,0.2003467082977295
13,380,1,0.01,3,20,0.9991142749786377,0.0009006944601424038,0.03001157210381362,0.14663435518741608
13,380,1,0.01,3,21,0.9990249872207642,0.000991446664556861,0.03148724606180828,0.20282046496868134
13,380,1,0.01,3,22,0.9991833567619324,0.0008304505608975887,0.02881753911939027,0.17191444337368011
13,380,1,0.01,3,23,0.9990375638008118,0.000978652504272759,0.031283422195673524,0.17918699979782104
13,380,1,0.01,3,24,0.9989879727363586,0.0010290963109582663,0.032079531027717136,0.23237654566764832
13,380,1,0.01,3,25,0.9985819458961487,0.0014419755898416042,0.037973353681780654,0.21678301692008972
13,380,1,0.01,3,26,0.9987818598747253,0.0012387022143229842,0.03519520158093976,0.19330662488937378
13,380,1,0.01,3,27,0.9985576272010803,0.0014667065115645528,0.03829760451470239,0.1742585301399231
13,380,1,0.01,3,28,0.9992493987083435,0.0007632393389940262,0.0276267866208509,0.13409824669361115
13,380,1,0.01,3,29,0.9986257553100586,0.0013974362518638372,0.0373822986433932,0.2217687964439392
13,380,1,0.01,3,30,0.9989398121833801,0.0010780851589515805,0.03283420714668744,0.16565142571926117
13,380,1,0.01,3,31,0.9991267323493958,0.0008880036184564233,0.029799389565164307,0.1357753425836563
13,380,1,0.01,3,32,0.9992538690567017,0.0007587064756080508,0.027544626982554162,0.1292833387851715
13,380,1,0.01,3,33,0.9990258812904358,0.0009905321057885885,0.03147272002526297,0.15700285136699677
13,380,1,0.01,3,34,0.999232828617096,0.0007801075698807836,0.027930405830936,0.18776489794254303
13,380,1,0.01,3,35,0.9988151788711548,0.0012048110365867615,0.034710388021264776,0.21432475745677948
13,380,1,0.01,3,36,0.9993643760681152,0.0006463766330853105,0.02542393818992861,0.15916939079761505
13,380,1,0.01,3,37,0.9989618062973022,0.0010557149071246386,0.032491766759052035,0.201783686876297
13,380,1,0.01,3,38,0.9991894960403442,0.0008242050535045564,0.02870897165529543,0.17051957547664642
13,380,1,0.01,3,39,0.9991437196731567,0.0008707512752152979,0.02950849496696329,0.12512671947479248
13,380,1,0.01,3,40,0.9994022250175476,0.0006078608566895127,0.024654834347233257,0.11712849140167236
13,380,1,0.01,3,41,0.9991508722305298,0.0008634488331153989,0.029384499878599243,0.1959654986858368
13,380,1,0.01,3,42,0.9989446997642517,0.001073123188689351,0.03275855901423857,0.13499362766742706
13,380,1,0.01,3,43,0.9993917942047119,0.0006184944650158286,0.02486954895079178,0.14913269877433777
13,380,1,0.01,3,44,0.9990216493606567,0.0009948712540790439,0.03154157976511392,0.1511569619178772
13,380,1,0.01,3,45,0.9991517663002014,0.0008625600021332502,0.0293693718375666,0.18288061022758484
13,380,1,0.01,3,46,0.9992526173591614,0.0007599696982651949,0.027567547918978846,0.13804984092712402
13,380,1,0.01,3,47,0.9984391927719116,0.001587128615938127,0.039838782811955076,0.20821532607078552
13,380,1,0.01,3,48,0.9993617534637451,0.0006489924853667617,0.02547533091770864,0.09083183854818344
13,380,1,0.01,3,49,0.998717725276947,0.0013038881588727236,0.03610939156054452,0.11273565888404846
13,380,1,0.01,3,50,0.9976745247840881,0.0023647041525691748,0.04862822382700375,0.25398319959640503
13,380,1,0.01,3,51,0.9993720054626465,0.0006385967717505991,0.02527047232939264,0.14576365053653717
13,380,1,0.01,3,52,0.9993293881416321,0.000681932782754302,0.026113842742007582,0.12272986769676208
13,380,1,0.01,3,53,0.9990332126617432,0.0009831173811107874,0.03135470269530214,0.1501750648021698
13,380,1,0.01,3,54,0.9993480443954468,0.0006629637791775167,0.025748083019469948,0.12085163593292236
13,380,1,0.01,3,55,0.9993410706520081,0.0006700302474200726,0.025884942484387958,0.16704830527305603
13,380,1,0.01,3,56,0.999305784702301,0.0007059391937218606,0.026569516249300828,0.09871139377355576
13,380,1,0.01,3,57,0.9990808367729187,0.0009346692240796983,0.03057236045973059,0.13643772900104523
13,380,1,0.01,3,58,0.9992799758911133,0.0007321474840864539,0.027058223964008685,0.1384882777929306
13,380,1,0.01,3,59,0.999448835849762,0.0005604657926596701,0.023674158752945585,0.10391870886087418
13,380,1,0.01,3,60,0.9994248747825623,0.0005848260479979217,0.024183176962465493,0.14794372022151947
13,380,1,0.01,3,61,0.9994561672210693,0.0005529994377866387,0.023515940078734653,0.12493249773979187
13,380,1,0.01,3,62,0.9988155961036682,0.0012043565511703491,0.034703840582424726,0.2790476977825165
13,380,1,0.01,3,63,0.9986224174499512,0.0014008120633661747,0.0374274239477709,0.2876223623752594
13,380,1,0.01,3,64,0.9992212057113647,0.0007919303607195616,0.028141257269702104,0.12025138735771179
13,380,1,0.01,3,65,0.9993293285369873,0.0006819654954597354,0.02611446908247869,0.13481080532073975
13,380,1,0.01,3,66,0.9991839528083801,0.0008298337925225496,0.0288068358644706,0.21885058283805847
13,380,1,0.01,3,67,0.9983603954315186,0.0016672469209879637,0.04083193506298671,0.19833116233348846
13,380,1,0.01,3,68,0.9995747208595276,0.00043246353743597865,0.020795757678814655,0.13714982569217682
13,380,1,0.01,3,69,0.9994312524795532,0.0005783396190963686,0.024048692669173692,0.12594018876552582
13,380,1,0.01,3,70,0.999342143535614,0.000668957713060081,0.025864216846061296,0.12406294792890549
13,380,1,0.01,3,71,0.9993856549263,0.0006247141282074153,0.02499428191021729,0.09269236028194427
13,380,1,0.01,3,72,0.9993308782577515,0.0006803865544497967,0.026084220411003212,0.11758655309677124
13,380,1,0.01,3,73,0.9992650747299194,0.000747336249332875,0.027337451405222014,0.14487409591674805
13,380,1,0.01,3,74,0.9992852210998535,0.0007268225308507681,0.026959646341351885,0.12476351112127304
13,380,1,0.01,3,75,0.9994203448295593,0.0005894628702662885,0.024278856444781095,0.0935085192322731
13,380,1,0.01,3,76,0.9995233416557312,0.0004846883239224553,0.022015638167503918,0.11275380104780197
13,380,1,0.01,3,77,0.9993554353713989,0.0006554421852342784,0.02560160513003586,0.14645932614803314
13,380,1,0.01,3,78,0.9990747570991516,0.0009408670011907816,0.030673555405116987,0.18016068637371063
13,380,1,0.01,3,79,0.9991361498832703,0.0008784447563812137,0.02963856873030838,0.1647183895111084
13,380,1,0.01,3,80,0.999509334564209,0.0004989469307474792,0.02233712001909555,0.0971168801188469
13,380,1,0.01,3,81,0.999396562576294,0.0006136031006462872,0.02477101331488656,0.12939779460430145
13,380,1,0.01,3,82,0.9994873404502869,0.0005213108379393816,0.02283223243442002,0.1669049710035324
13,380,1,0.01,3,83,0.9991260766983032,0.0008886564173735678,0.02981034077922572,0.18502280116081238
13,380,1,0.01,3,84,0.9993988275527954,0.0006112953997217119,0.02472438876335898,0.1062052920460701
13,380,1,0.01,3,85,0.9994871616363525,0.0005215129931457341,0.022836658975115734,0.1257462501525879
13,380,1,0.01,3,86,0.9989972710609436,0.001019629999063909,0.03193164573059004,0.14305762946605682
13,380,1,0.01,3,87,0.9991850852966309,0.0008286810480058193,0.028786820734596923,0.11960180103778839
13,380,1,0.01,3,88,0.9993621110916138,0.00064866803586483,0.025468962206278253,0.09765646606683731
13,380,1,0.01,3,89,0.9987287521362305,0.001292687258683145,0.03595396026424829,0.12981677055358887
13,380,1,0.01,3,90,0.999542772769928,0.0004649553447961807,0.021562823210242686,0.11328549683094025
13,380,1,0.01,3,91,0.9994829893112183,0.0005257520824670792,0.022929284386283826,0.13336507976055145
13,380,1,0.01,3,92,0.9990987181663513,0.0009165169321931899,0.030274030656541093,0.14610441029071808
13,380,1,0.01,3,93,0.9993700385093689,0.0006405616295523942,0.025309319025852792,0.12239257991313934
13,380,1,0.01,3,94,0.9995286464691162,0.0004792925901710987,0.02189275200085861,0.16391536593437195
13,380,1,0.01,3,95,0.9993730783462524,0.000637468125205487,0.02524813112302546,0.15715280175209045
13,380,1,0.01,3,96,0.9993710517883301,0.0006395438686013222,0.02528920458617317,0.16013631224632263
13,380,1,0.01,3,97,0.9993895888328552,0.0006207341211847961,0.024914536342962437,0.19469326734542847
13,380,1,0.01,3,98,0.9993223547935486,0.0006890800432302058,0.02625033415463898,0.11017102003097534
13,380,1,0.01,3,99,0.9993886947631836,0.0006216143956407905,0.024932195965072762,0.12422975897789001
13,380,1,0.01,3,100,0.9990171790122986,0.0009994219290092587,0.03161363517549443,0.12261044234037399
14,380,1,0.01,3,1,0.991752564907074,0.00838655699044466,0.09157814690440433,0.5703838467597961
14,380,1,0.01,3,2,0.9941554665565491,0.005943103227764368,0.0770915250060885,0.4842493236064911
14,380,1,0.01,3,3,0.995357871055603,0.004720459692180157,0.06870560160700259,0.3688206374645233
14,380,1,0.01,3,4,0.9961089491844177,0.0039567179046571255,0.06290244752517286,0.3582095205783844
14,380,1,0.01,3,5,0.9953548312187195,0.004723511170595884,0.06872780493072571,0.45591679215431213
14,380,1,0.01,3,6,0.9967756867408752,0.0032786845695227385,0.05725979889523485,0.350273460149765
14,380,1,0.01,3,7,0.9964767098426819,0.0035827152896672487,0.05985578743669862,0.35506075620651245
14,380,1,0.01,3,8,0.9970121383666992,0.003038292285054922,0.055120706499961716,0.32847127318382263
14,380,1,0.01,3,9,0.9975275993347168,0.0025141031946986914,0.050140833605941286,0.30693480372428894
14,380,1,0.01,3,10,0.9976678490638733,0.0023715156130492687,0.04869820954664831,0.26961222290992737
14,380,1,0.01,3,11,0.9980583190917969,0.0019744448363780975,0.04443472556883971,0.25741392374038696
14,380,1,0.01,3,12,0.9979583621025085,0.002076071687042713,0.04556392967076823,0.2733296751976013
14,380,1,0.01,3,13,0.9978936314582825,0.0021419122349470854,0.04628079769134371,0.30044928193092346
14,380,1,0.01,3,14,0.9976486563682556,0.002391026820987463,0.04889812696809013,0.28030139207839966
14,380,1,0.01,3,15,0.9984056949615479,0.0016212067566812038,0.040264211859680106,0.313685804605484
14,380,1,0.01,3,16,0.9985264539718628,0.001498397090472281,0.03870913445780312,0.19709791243076324
14,380,1,0.01,3,17,0.9984833002090454,0.0015422658761963248,0.03927169306506055,0.206759974360466
14,380,1,0.01,3,18,0.9983662962913513,0.0016612770268693566,0.04075876625793961,0.32272976636886597
14,380,1,0.01,3,19,0.9986124038696289,0.0014110327465459704,0.037563715824529,0.2777695655822754
14,380,1,0.01,3,20,0.9985748529434204,0.0014492140617221594,0.03806854425535811,0.17070336639881134
14,380,1,0.01,3,21,0.9984166622161865,0.0016100360080599785,0.040125253993712966,0.17704348266124725
14,380,1,0.01,3,22,0.9986088871955872,0.001414610305801034,0.037611305558316294,0.17912206053733826
14,380,1,0.01,3,23,0.9984639286994934,0.001561980345286429,0.039521897035522335,0.3326922059059143
14,380,1,0.01,3,24,0.9988908767700195,0.001127860159613192,0.03358362933950397,0.2748430669307709
14,380,1,0.01,3,25,0.9989681839942932,0.0010492155561223626,0.03239159699864091,0.192299947142601
14,380,1,0.01,3,26,0.9989861249923706,0.0010309937642887235,0.03210909161419431,0.20509393513202667
14,380,1,0.01,3,27,0.9987002611160278,0.001321695395745337,0.036355128878128556,0.1872211992740631
14,380,1,0.01,3,28,0.999101996421814,0.0009131523547694087,0.0302184108577769,0.20218072831630707
14,380,1,0.01,3,29,0.9990240335464478,0.0009924104670062661,0.031502546992366605,0.16001246869564056
14,380,1,0.01,3,30,0.9988669753074646,0.0011521345004439354,0.03394310681779049,0.21202999353408813
14,380,1,0.01,3,31,0.998863160610199,0.0011560189304873347,0.03400027838837992,0.1566954404115677
14,380,1,0.01,3,32,0.9988176226615906,0.0012023098533973098,0.034674339985027974,0.19580809772014618
14,380,1,0.01,3,33,0.994900107383728,0.005185933317989111,0.07201342456784784,0.3787432610988617
14,380,1,0.01,3,34,0.9989948272705078,0.0010221084812656045,0.031970431358766566,0.1715768277645111
14,380,1,0.01,3,35,0.9990111589431763,0.0010055399034172297,0.03171024918566913,0.15527737140655518
14,380,1,0.01,3,36,0.9990440607070923,0.0009720373782329261,0.031177513984166957,0.21111059188842773
14,380,1,0.01,3,37,0.9987783432006836,0.001242259400896728,0.03524570045972598,0.1602209210395813
14,380,1,0.01,3,38,0.9987253546714783,0.0012961735483258963,0.03600241031272623,0.14501850306987762
14,380,1,0.01,3,39,0.9991917014122009,0.0008219259907491505,0.028669251660082627,0.17090824246406555
14,380,1,0.01,3,40,0.9989446401596069,0.0010731462389230728,0.03275891083236854,0.18233373761177063
14,380,1,0.01,3,41,0.9990652203559875,0.0009505372727289796,0.030830784497462592,0.1677611768245697
14,380,1,0.01,3,42,0.9985119104385376,0.0015131680993363261,0.03889946142732989,0.15944074094295502
14,380,1,0.01,3,43,0.9983317852020264,0.0016963528469204903,0.04118680428147455,0.19266954064369202
14,380,1,0.01,3,44,0.9987375140190125,0.0012837729882448912,0.03582977795416672,0.13187454640865326
14,380,1,0.01,3,45,0.9989669322967529,0.0010504787787795067,0.03241109036702571,0.1395668387413025
14,380,1,0.01,3,46,0.998924732208252,0.0010933958692476153,0.033066537001137805,0.12044048309326172
14,380,1,0.01,3,47,0.9981717467308044,0.0018591012340039015,0.043117296227893294,0.1621481031179428
14,380,1,0.01,3,48,0.9990139603614807,0.0010026550153270364,0.03166472825285315,0.12646546959877014
14,380,1,0.01,3,49,0.9989437460899353,0.0010740782599896193,0.03277313320373289,0.14293630421161652
14,380,1,0.01,3,50,0.9986811876296997,0.0013410323299467564,0.036620108273280084,0.21941089630126953
14,380,1,0.01,3,51,0.9988269805908203,0.0011928270105272532,0.03453732778498147,0.1512770652770996
14,380,1,0.01,3,52,0.9991100430488586,0.0009049923974089324,0.030083091553378162,0.11772676557302475
14,380,1,0.01,3,53,0.9987537860870361,0.001267220824956894,0.035598045240671485,0.13993459939956665
14,380,1,0.01,3,54,0.9992284178733826,0.0007846194203011692,0.02801105889289388,0.1347157061100006
14,380,1,0.01,3,55,0.9987854361534119,0.0012350359465926886,0.03514307821737715,0.1620863527059555
14,380,1,0.01,3,56,0.9984962940216064,0.001529088825918734,0.039103565386275636,0.18161098659038544
14,380,1,0.01,3,57,0.999076247215271,0.0009393647778779268,0.03064905835222229,0.1305844783782959
14,380,1,0.01,3,58,0.9993153810501099,0.0006961749168112874,0.026385126810597053,0.12593048810958862
14,380,1,0.01,3,59,0.9992477893829346,0.0007648703758604825,0.02765628998727925,0.10765155404806137
14,380,1,0.01,3,60,0.9991833567619324,0.000830393168143928,0.028816543306648144,0.15896667540073395
14,380,1,0.01,3,61,0.9991814494132996,0.0008323845686390996,0.02885107569292867,0.1751367449760437
14,380,1,0.01,3,62,0.9990832805633545,0.0009322077385149896,0.03053207720603021,0.11923475563526154
14,380,1,0.01,3,63,0.9993065595626831,0.0007051570573821664,0.02655479349161214,0.10310736298561096
14,380,1,0.01,3,64,0.9990959763526917,0.0009192478028126061,0.03031909963723537,0.15821611881256104
14,380,1,0.01,3,65,0.9989843368530273,0.001032808213494718,0.03213733364009401,0.14327232539653778
14,380,1,0.01,3,66,0.9994168281555176,0.0005930124898441136,0.02435184777063362,0.11554496735334396
14,380,1,0.01,3,67,0.9991728663444519,0.0008411152521148324,0.029001987037353707,0.1835470050573349
14,380,1,0.01,3,68,0.9989612102508545,0.001056329463608563,0.032501222494062634,0.20810332894325256
14,380,1,0.01,3,69,0.9990946650505066,0.0009205781389027834,0.030341030617017335,0.13084112107753754
14,380,1,0.01,3,70,0.9992478489875793,0.0007648428436368704,0.027655792225804533,0.10947351157665253
14,380,1,0.01,3,71,0.9991886019706726,0.0008250847458839417,0.028724288431290018,0.11206052452325821
14,380,1,0.01,3,72,0.9992905855178833,0.0007214091601781547,0.026859061044238956,0.1446225941181183
14,380,1,0.01,3,73,0.9992800354957581,0.0007321034790948033,0.027057410798056847,0.12849043309688568
14,380,1,0.01,3,74,0.9991357326507568,0.0008788408595137298,0.029645250201570737,0.17116524279117584
14,380,1,0.01,3,75,0.998943030834198,0.0010747865308076143,0.032783937085219254,0.10616028308868408
14,380,1,0.01,3,76,0.9991409182548523,0.0008735785959288478,0.02955636303622027,0.12063226103782654
14,380,1,0.01,3,77,0.998893141746521,0.0011255330173298717,0.033548964474777336,0.17838497459888458
14,380,1,0.01,3,78,0.9991177320480347,0.0008971428615041077,0.029952343172181164,0.10655038803815842
14,380,1,0.01,3,79,0.9993769526481628,0.0006335767102427781,0.025170949728660977,0.11238043010234833
14,380,1,0.01,3,80,0.9982585906982422,0.001770765520632267,0.04208046483384264,0.14825862646102905
14,380,1,0.01,3,81,0.9992036819458008,0.0008097256650216877,0.0284556789590705,0.12673082947731018
14,380,1,0.01,3,82,0.9990370273590088,0.000979216187261045,0.03129243019103893,0.13688646256923676
14,380,1,0.01,3,83,0.9992826581001282,0.0007294511306099594,0.02700835297847611,0.11153584718704224
14,380,1,0.01,3,84,0.9994084239006042,0.0006015384569764137,0.024526280944660438,0.12475665658712387
14,380,1,0.01,3,85,0.999402642250061,0.0006074636476114392,0.02464677763139513,0.1391298472881317
14,380,1,0.01,3,86,0.999169647693634,0.0008443527622148395,0.029057748746502014,0.19268487393856049
14,380,1,0.01,3,87,0.9987586140632629,0.0012623461661860347,0.035529511201057,0.15894676744937897
14,380,1,0.01,3,88,0.9990599751472473,0.0009558669989928603,0.030917098812677433,0.13209137320518494
14,380,1,0.01,3,89,0.9993802309036255,0.0006302355322986841,0.025104492273270218,0.12150241434574127
14,380,1,0.01,3,90,0.999371349811554,0.0006392262876033783,0.025282924822958644,0.09214288741350174
14,380,1,0.01,3,91,0.9992355108261108,0.0007773750112392008,0.027881445644715067,0.13701222836971283
14,380,1,0.01,3,92,0.9994170069694519,0.0005928326863795519,0.024348155707969995,0.08764806389808655
14,380,1,0.01,3,93,0.9993876218795776,0.0006227357080206275,0.024954673069800523,0.10183088481426239
14,380,1,0.01,3,94,0.9989805817604065,0.0010365917114540935,0.03219614435695823,0.1213693842291832
14,380,1,0.01,3,95,0.99925696849823,0.0007555682677775621,0.027487602073981682,0.15011021494865417
14,380,1,0.01,3,96,0.999164342880249,0.0008497807430103421,0.0291509990053573,0.09669651091098785
14,380,1,0.01,3,97,0.9989528059959412,0.0010648687602952123,0.03263232692124808,0.14885874092578888
14,380,1,0.01,3,98,0.9993411898612976,0.0006699353107251227,0.025883108598565255,0.10706479102373123
14,380,1,0.01,3,99,0.9993172883987427,0.0006942067993804812,0.02634780445085475,0.11667385697364807
14,380,1,0.01,3,100,0.9994046092033386,0.0006054453551769257,0.02460579921841446,0.11539969593286514
15,380,1,0.01,3,1,0.98662930727005,0.01359628327190876,0.11660310146779441,0.5542863607406616
15,380,1,0.01,3,2,0.9935678243637085,0.0065406872890889645,0.0808745156961633,0.3757266104221344
15,380,1,0.01,3,3,0.9951820373535156,0.004899260587990284,0.06999471828638418,0.42120975255966187
15,380,1,0.01,3,4,0.9929916858673096,0.007126544136554003,0.08441886126070407,0.5561504364013672
15,380,1,0.01,3,5,0.9968436360359192,0.0032096176873892546,0.05665348786605512,0.35033097863197327
15,380,1,0.01,3,6,0.9971086978912354,0.0029401041101664305,0.054222726878739975,0.4180572032928467
15,380,1,0.01,3,7,0.9972338080406189,0.002812829101458192,0.053036111296532594,0.2476443201303482
15,380,1,0.01,3,8,0.9979339838027954,0.0021008907351642847,0.04583547463662054,0.3154861629009247
15,380,1,0.01,3,9,0.9980494379997253,0.001983495196327567,0.04453644795364317,0.2141920030117035
15,380,1,0.01,3,10,0.9979023337364197,0.002133044181391597,0.04618489126750865,0.23695588111877441
15,380,1,0.01,3,11,0.9980890154838562,0.0019432021072134376,0.044081766153517915,0.3113534152507782
15,380,1,0.01,3,12,0.998399555683136,0.0016274215886369348,0.040341313670193425,0.24110470712184906
15,380,1,0.01,3,13,0.996780276298523,0.0032740572933107615,0.05721937865191094,0.19706526398658752
15,380,1,0.01,3,14,0.9974504709243774,0.0025925650261342525,0.050917237023764876,0.34243613481521606
15,380,1,0.01,3,15,0.9980934262275696,0.0019387230277061462,0.04403093262362434,0.17716947197914124
15,380,1,0.01,3,16,0.9984323978424072,0.001594021450728178,0.039925198192722576,0.14551112055778503
15,380,1,0.01,3,17,0.9982893466949463,0.001739482511766255,0.04170710385253638,0.2835540175437927
15,380,1,0.01,3,18,0.9986394047737122,0.0013835221761837602,0.03719572792920929,0.17754796147346497
15,380,1,0.01,3,19,0.9983270764350891,0.0017011656891554594,0.04124518989113105,0.1646033227443695
15,380,1,0.01,3,20,0.998702347278595,0.0013195282081142068,0.03632531084676643,0.1400364190340042
15,380,1,0.01,3,21,0.9986512064933777,0.0013715419918298721,0.03703433530968083,0.16024212539196014
15,380,1,0.01,3,22,0.9987009167671204,0.0013209735043346882,0.0363451991923925,0.18011030554771423
15,380,1,0.01,3,23,0.9963589310646057,0.0037024901248514652,0.060848090560439654,0.25900256633758545
15,380,1,0.01,3,24,0.9988309144973755,0.0011888103326782584,0.03447912894314847,0.21653497219085693
15,380,1,0.01,3,25,0.9989774823188782,0.001039748196490109,0.032245126709165045,0.16307123005390167
15,380,1,0.01,3,26,0.9990013241767883,0.00101554358843714,0.0318675946446722,0.1474847048521042
15,380,1,0.01,3,27,0.9988687038421631,0.0011504057329148054,0.03391763159353561,0.22038085758686066
15,380,1,0.01,3,28,0.9990460872650146,0.0009699884685687721,0.031144637878273238,0.1451926976442337
15,380,1,0.01,3,29,0.9988534450531006,0.0011659077135846019,0.03414539081024849,0.17263822257518768
15,380,1,0.01,3,30,0.9990658164024353,0.0009499468724243343,0.030821208159712597,0.15783502161502838
15,380,1,0.01,3,31,0.9987319111824036,0.0012894626706838608,0.03590908897039663,0.15847963094711304
15,380,1,0.01,3,32,0.9981939792633057,0.0018364673014730215,0.042854023165544465,0.1630936861038208
15,380,1,0.01,3,33,0.9989866614341736,0.0010304056340828538,0.03209993199498799,0.17049725353717804
15,380,1,0.01,3,34,0.9983155131340027,0.00171292619779706,0.04138751258286803,0.2079458087682724
15,380,1,0.01,3,35,0.9959078431129456,0.004161203280091286,0.06450738934487495,0.33713647723197937
15,380,1,0.01,3,36,0.9989657402038574,0.0010517253540456295,0.03243031535532193,0.13695484399795532
15,380,1,0.01,3,37,0.9990540146827698,0.000961929326876998,0.031014985521147644,0.12618394196033478
15,380,1,0.01,3,38,0.9991158246994019,0.0008990728529170156,0.029984543566928205,0.14640390872955322
15,380,1,0.01,3,39,0.9988934993743896,0.0011251714313402772,0.033543575112684056,0.2252742350101471
15,380,1,0.01,3,40,0.9986089468002319,0.001414507394656539,0.03760993744552813,0.18711404502391815
15,380,1,0.01,3,41,0.9983909726142883,0.0016361509915441275,0.040449363302085824,0.23580513894557953
15,380,1,0.01,3,42,0.9986461997032166,0.001376649015583098,0.0371032210944427,0.1464853286743164
15,380,1,0.01,3,43,0.9989320039749146,0.0010859958129003644,0.03295445057803823,0.1857936680316925
15,380,1,0.01,3,44,0.9992188215255737,0.0007943771197460592,0.028184696552314682,0.12872314453125
15,380,1,0.01,3,45,0.9992620944976807,0.0007503649103455245,0.027392789385995805,0.10528424382209778
15,380,1,0.01,3,46,0.9991326332092285,0.000881976680830121,0.029698092208593485,0.17919208109378815
15,380,1,0.01,3,47,0.9991398453712463,0.0008746585226617754,0.029574626331735375,0.11627262830734253
15,380,1,0.01,3,48,0.9990106225013733,0.0010060687782242894,0.03171858726715755,0.13486836850643158
15,380,1,0.01,3,49,0.9991673231124878,0.0008467423031106591,0.02909883679995919,0.16702774167060852
15,380,1,0.01,3,50,0.9993255138397217,0.0006858386332169175,0.026188521020036958,0.14482387900352478
15,380,1,0.01,3,51,0.9992669820785522,0.0007453817524947226,0.027301680396904556,0.13965089619159698
15,380,1,0.01,3,52,0.998665452003479,0.0013570886803790927,0.036838684563636266,0.1702296882867813
15,380,1,0.01,3,53,0.9988660216331482,0.001153083867393434,0.03395708861774569,0.21816392242908478
15,380,1,0.01,3,54,0.9992218017578125,0.0007913431618362665,0.028130822274442434,0.19195623695850372
15,380,1,0.01,3,55,0.9993032217025757,0.0007085281540639699,0.02661819216370582,0.11659298837184906
15,380,1,0.01,3,56,0.9987988471984863,0.0012214394519105554,0.034949098012832254,0.23034267127513885
15,380,1,0.01,3,57,0.9990272521972656,0.0009891855297610164,0.031451320000295956,0.1674507111310959
15,380,1,0.01,3,58,0.9992127418518066,0.0008005357813090086,0.02829374102710719,0.13588479161262512
15,380,1,0.01,3,59,0.998982310295105,0.0010348360519856215,0.03216886774484955,0.17774035036563873
15,380,1,0.01,3,60,0.9990943670272827,0.0009209243580698967,0.030346735542227547,0.16409453749656677
15,380,1,0.01,3,61,0.9989635348320007,0.0010539701906964183,0.03246490706434285,0.16989666223526
15,380,1,0.01,3,62,0.9990560412406921,0.0009598886244930327,0.030982069403011684,0.16330696642398834
15,380,1,0.01,3,63,0.9991846084594727,0.000829133321531117,0.02879467522878348,0.13095039129257202
15,380,1,0.01,3,64,0.9973989129066467,0.002644947497174144,0.051429053045668104,0.24378904700279236
15,380,1,0.01,3,65,0.9992127418518066,0.0008005346171557903,0.0282937204544717,0.17853133380413055
15,380,1,0.01,3,66,0.9991052150726318,0.0009099032613448799,0.03016460278778555,0.1820547878742218
15,380,1,0.01,3,67,0.9992485642433167,0.0007640865514986217,0.02764211553949194,0.1382710337638855
15,380,1,0.01,3,68,0.9985475540161133,0.0014769777189940214,0.038431467822528216,0.18961834907531738
15,380,1,0.01,3,69,0.9992596507072449,0.0007528407732024789,0.027437944041098977,0.11755242943763733
15,380,1,0.01,3,70,0.9992286562919617,0.0007843589992262423,0.02800640996676015,0.12281342595815659
15,380,1,0.01,3,71,0.998083770275116,0.001948565593920648,0.04414255989315355,0.22282220423221588
15,380,1,0.01,3,72,0.9993078708648682,0.000703831494320184,0.02652982273442821,0.11575150489807129
15,380,1,0.01,3,73,0.99918133020401,0.0008325098897330463,0.02885324747291102,0.1574794054031372
15,380,1,0.01,3,74,0.9992767572402954,0.0007354696281254292,0.027119543287552412,0.11399500072002411
15,380,1,0.01,3,75,0.9991339445114136,0.0008806505356915295,0.02967575669956083,0.14864136278629303
15,380,1,0.01,3,76,0.9993367791175842,0.0006743880803696811,0.025968983044579955,0.12470465153455734
15,380,1,0.01,3,77,0.9988638162612915,0.0011553746880963445,0.033990802992814755,0.12324554473161697
15,380,1,0.01,3,78,0.9991359114646912,0.0008786777616478503,0.02964249924766551,0.1261162906885147
15,380,1,0.01,3,79,0.9991555213928223,0.0008586989133618772,0.029303564857571122,0.13795365393161774
15,380,1,0.01,3,80,0.9992541670799255,0.0007583999540656805,0.02753906233090881,0.12483002245426178
15,380,1,0.01,3,81,0.999229371547699,0.0007836018339730799,0.02799288898940372,0.13050049543380737
15,380,1,0.01,3,82,0.9993087649345398,0.0007029022090137005,0.026512302974538077,0.13332538306713104
15,380,1,0.01,3,83,0.9990081787109375,0.001008569379337132,0.031757981348585936,0.1156003549695015
15,380,1,0.01,3,84,0.9991694688796997,0.0008445151033811271,0.029060542035225824,0.16853590309619904
15,380,1,0.01,3,85,0.9992538094520569,0.0007587940199300647,0.027546216072812334,0.1643315851688385
15,380,1,0.01,3,86,0.9993361830711365,0.0006749908206984401,0.025980585457191684,0.12653383612632751
15,380,1,0.01,3,87,0.9987446069717407,0.0012765470892190933,0.03572879915724979,0.20242221653461456
15,380,1,0.01,3,88,0.9991921186447144,0.0008214824483729899,0.02866151510951558,0.15027132630348206
15,380,1,0.01,3,89,0.9986380338668823,0.0013849296374246478,0.03721464278244046,0.170913428068161
15,380,1,0.01,3,90,0.9992451667785645,0.0007675476372241974,0.0277046501010967,0.13051576912403107
15,380,1,0.01,3,91,0.9993449449539185,0.0006661051884293556,0.025809013705086748,0.09680832922458649
15,380,1,0.01,3,92,0.999119222164154,0.0008956614183261991,0.029927602949888905,0.10845154523849487
15,380,1,0.01,3,93,0.9993274211883545,0.0006839143461547792,0.026151756081662647,0.12077935039997101
15,380,1,0.01,3,94,0.9993541240692139,0.0006567737436853349,0.02562759730613338,0.16228635609149933
15,380,1,0.01,3,95,0.9992925524711609,0.0007193611818365753,0.02682090941479381,0.16143517196178436
15,380,1,0.01,3,96,0.9991931915283203,0.0008204078185372055,0.02864276206194517,0.16894207894802094
15,380,1,0.01,3,97,0.9992272257804871,0.000785793992690742,0.02803201727829701,0.11309432983398438
15,380,1,0.01,3,98,0.9993297457695007,0.0006815503002144396,0.026106518347233505,0.1664055585861206
15,380,1,0.01,3,99,0.9993054270744324,0.0007063196389935911,0.02657667471663058,0.10271238535642624
15,380,1,0.01,3,100,0.9989275336265564,0.0010905590606853366,0.03302361368301986,0.1707272082567215
16,380,1,0.01,3,1,0.9901555776596069,0.010010512545704842,0.10005254892157842,0.8304797410964966
16,380,1,0.01,3,2,0.9948348999023438,0.005252258386462927,0.0724724664025099,0.57728511095047
16,380,1,0.01,3,3,0.9967465996742249,0.0033083013258874416,0.05751783485048304,0.4259032607078552
16,380,1,0.01,3,4,0.996464729309082,0.003594885813072324,0.05995736662889994,0.39901575446128845
16,380,1,0.01,3,5,0.9977110624313354,0.0023275273852050304,0.04824445445027885,0.437722384929657
16,380,1,0.01,3,6,0.9972379803657532,0.0028085941448807716,0.05299617103980977,0.3864363133907318
16,380,1,0.01,3,7,0.9976032376289368,0.0024371955078095198,0.04936796033673581,0.44131016731262207
16,380,1,0.01,3,8,0.9978061318397522,0.002230891492217779,0.04723231406799564,0.37462782859802246
16,380,1,0.01,3,9,0.9981054067611694,0.0019265500595793128,0.04389248295072076,0.29900169372558594
16,380,1,0.01,3,10,0.9980504512786865,0.0019824549090117216,0.04452476736617185,0.31278902292251587
16,380,1,0.01,3,11,0.9977521300315857,0.0022857654839754105,0.047809679814608784,0.36970093846321106
16,380,1,0.01,3,12,0.9978255033493042,0.0022112103179097176,0.04702350814124482,0.25603407621383667
16,380,1,0.01,3,13,0.9982772469520569,0.0017517944797873497,0.04185444396700725,0.26270508766174316
16,380,1,0.01,3,14,0.9985372424125671,0.0014874535845592618,0.038567519813429305,0.22790253162384033
16,380,1,0.01,3,15,0.9987682700157166,0.0012525013880804181,0.03539069634918785,0.2084159106016159
16,380,1,0.01,3,16,0.9988650679588318,0.0011540742125362158,0.03397166779150261,0.22607925534248352
16,380,1,0.01,3,17,0.9985341429710388,0.0014906016876921058,0.03860831112198649,0.22723597288131714
16,380,1,0.01,3,18,0.9983420372009277,0.00168596301227808,0.04106047993238852,0.21612168848514557
16,380,1,0.01,3,19,0.9987574219703674,0.001263512996956706,0.03554592799402916,0.30240383744239807
16,380,1,0.01,3,20,0.9984800219535828,0.0015456457622349262,0.03931470160429717,0.2326580137014389
16,380,1,0.01,3,21,0.9988992810249329,0.0011192875681445003,0.03345575538146613,0.19878070056438446
16,380,1,0.01,3,22,0.9985902905464172,0.0014334891457110643,0.037861446693319374,0.19171158969402313
16,380,1,0.01,3,23,0.9981701374053955,0.0018607421079650521,0.04313632005590013,0.2385769486427307
16,380,1,0.01,3,24,0.9988361597061157,0.0011834701290354133,0.034401600675483306,0.24333536624908447
16,380,1,0.01,3,25,0.9987574815750122,0.0012634871527552605,0.03554556445965179,0.2056131213903427
16,380,1,0.01,3,26,0.9988662004470825,0.0011529386974871159,0.03395495100110021,0.2361176311969757
16,380,1,0.01,3,27,0.99861741065979,0.0014059352688491344,0.03749580334983016,0.19646324217319489
16,380,1,0.01,3,28,0.9989191889762878,0.0010990363080054522,0.03315171651672734,0.17207525670528412
16,380,1,0.01,3,29,0.9981675744056702,0.0018633625004440546,0.04316668275932324,0.21173188090324402
16,380,1,0.01,3,30,0.9990322589874268,0.0009840800194069743,0.031370049719548966,0.22225771844387054
16,380,1,0.01,3,31,0.9988930821418762,0.001125616836361587,0.033550213655975235,0.17910559475421906
16,380,1,0.01,3,32,0.9989712238311768,0.0010461420752108097,0.032344119638827856,0.14342257380485535
16,380,1,0.01,3,33,0.9990787506103516,0.0009367911261506379,0.030607043734255646,0.1309017539024353
16,380,1,0.01,3,34,0.9986133575439453,0.0014100222615525126,0.03755026313559617,0.17827735841274261
16,380,1,0.01,3,35,0.9990518093109131,0.0009641747456043959,0.031051163353478333,0.1627824455499649
16,380,1,0.01,3,36,0.9987097382545471,0.0013120585354045033,0.03622234856279343,0.18392299115657806
16,380,1,0.01,3,37,0.9985708594322205,0.0014532238710671663,0.038121173526888784,0.1500704288482666
16,380,1,0.01,3,38,0.9990254044532776,0.000991019536741078,0.031480462778381735,0.11544199287891388
16,380,1,0.01,3,39,0.9987812042236328,0.0012393667129799724,0.03520464050349005,0.2036588340997696
16,380,1,0.01,3,40,0.9993426203727722,0.0006684696418233216,0.025854779864143525,0.10998497903347015
16,380,1,0.01,3,41,0.9989789724349976,0.0010382365435361862,0.03222167816138983,0.18669769167900085
16,380,1,0.01,3,42,0.9991287589073181,0.0008859253139235079,0.029764497541929176,0.2272261381149292
16,380,1,0.01,3,43,0.9993442296981812,0.000666836800519377,0.025823183392435896,0.09856261312961578
16,380,1,0.01,3,44,0.9991056323051453,0.0009094616980291903,0.030157282669849256,0.175502747297287
16,380,1,0.01,3,45,0.9992595314979553,0.0007529748254455626,0.027440386758308684,0.16692540049552917
16,380,1,0.01,3,46,0.9988695979118347,0.0011494809295982122,0.033903995776282954,0.11813449114561081
16,380,1,0.01,3,47,0.9993050694465637,0.00070663244696334,0.026582559074764416,0.17114762961864471
16,380,1,0.01,3,48,0.9978857040405273,0.0021499888971447945,0.04636797275215722,0.14284907281398773
16,380,1,0.01,3,49,0.999077320098877,0.0009382694261148572,0.03063118388366433,0.14499802887439728
16,380,1,0.01,3,50,0.9989840984344482,0.0010330225341022015,0.032140667916242836,0.1843583583831787
16,380,1,0.01,3,51,0.999062716960907,0.00095311866607517,0.030872620006652658,0.16060678660869598
16,380,1,0.01,3,52,0.9989281892776489,0.0010898660402745008,0.033013119214556214,0.13354916870594025
16,380,1,0.01,3,53,0.9986786246299744,0.0013436839217320085,0.03665629443536278,0.20040524005889893
16,380,1,0.01,3,54,0.9992790222167969,0.000733167224097997,0.027077060846738832,0.16930611431598663
16,380,1,0.01,3,55,0.9992789626121521,0.000733213615603745,0.0270779174901569,0.1552329659461975
16,380,1,0.01,3,56,0.9992306232452393,0.00078233378008008,0.02797023024717673,0.15306110680103302
16,380,1,0.01,3,57,0.9993222951889038,0.000689133012201637,0.026251343055196948,0.13554100692272186
16,380,1,0.01,3,58,0.9991282224655151,0.000886455294676125,0.02977339911189391,0.22908473014831543
16,380,1,0.01,3,59,0.9992405772209167,0.000772206811234355,0.02778860937928264,0.1584904044866562
16,380,1,0.01,3,60,0.9991273880004883,0.0008873462211340666,0.029788357140568638,0.1639944314956665
16,380,1,0.01,3,61,0.9990676641464233,0.0009480473236180842,0.030790377126922043,0.12500670552253723
16,380,1,0.01,3,62,0.998696506023407,0.0013254546793177724,0.036406794411452545,0.2134518325328827
16,380,1,0.01,3,63,0.9991057515144348,0.0009093567496165633,0.030155542601925826,0.1801985800266266
16,380,1,0.01,3,64,0.9992321133613586,0.0007808583322912455,0.027943842475422837,0.15966232120990753
16,380,1,0.01,3,65,0.999065637588501,0.0009501235326752067,0.030824073914315846,0.21588647365570068
16,380,1,0.01,3,66,0.9979273676872253,0.002107609761878848,0.04590871117640799,0.2247164100408554
16,380,1,0.01,3,67,0.9991876482963562,0.000826082774437964,0.028741655735847298,0.262740820646286
16,380,1,0.01,3,68,0.9994056224822998,0.0006044289912097156,0.024585137608110222,0.13738492131233215
16,380,1,0.01,3,69,0.9990657567977905,0.0009500329615548253,0.03082260471723351,0.17969684302806854
16,380,1,0.01,3,70,0.9992647171020508,0.0007477083709090948,0.027344256634787036,0.1292821168899536
16,380,1,0.01,3,71,0.9989084601402283,0.0011099742259830236,0.03331627569196509,0.1400970071554184
16,380,1,0.01,3,72,0.9990928769111633,0.0009224400855600834,0.030371698759866617,0.16022536158561707
16,380,1,0.01,3,73,0.9991139769554138,0.0009009831119328737,0.030016380726744417,0.12043655663728714
16,380,1,0.01,3,74,0.9991266131401062,0.000888093956746161,0.029800905300781735,0.1780538111925125
16,380,1,0.01,3,75,0.9993398189544678,0.0006713460898026824,0.025910347157123974,0.13575546443462372
16,380,1,0.01,3,76,0.9991868138313293,0.0008268750389106572,0.028755434945600407,0.11913450062274933
16,380,1,0.01,3,77,0.9993433952331543,0.0006676905322819948,0.02583970844034419,0.1345304697751999
16,380,1,0.01,3,78,0.99870365858078,0.00131823995616287,0.036307574363524615,0.1397215873003006
16,380,1,0.01,3,79,0.9994000196456909,0.0006101281614974141,0.024700772487867947,0.14548331499099731
16,380,1,0.01,3,80,0.9994288682937622,0.0005807704874314368,0.024099180223224125,0.13774234056472778
16,380,1,0.01,3,81,0.9991482496261597,0.0008661446045152843,0.02943033476729893,0.15929660201072693
16,380,1,0.01,3,82,0.9993156790733337,0.0006958508165553212,0.02637898437308232,0.16377004981040955
16,380,1,0.01,3,83,0.9994322657585144,0.0005773030570708215,0.024027131686300416,0.17783652245998383
16,380,1,0.01,3,84,0.9990464448928833,0.000969642132986337,0.03113907726613518,0.1347564458847046
16,380,1,0.01,3,85,0.9991162419319153,0.0008986453176476061,0.029977413458262308,0.11074960231781006
16,380,1,0.01,3,86,0.999504566192627,0.0005038050003349781,0.022445600912761907,0.09273876249790192
16,380,1,0.01,3,87,0.9989560842514038,0.0010615357896313071,0.03258121835707356,0.15126562118530273
16,380,1,0.01,3,88,0.9990873336791992,0.0009280481026507914,0.030463881936660525,0.15780062973499298
16,380,1,0.01,3,89,0.9988730549812317,0.0011459647212177515,0.03385210069135668,0.18117395043373108
16,380,1,0.01,3,90,0.9992387294769287,0.0007741002482362092,0.027822657102372684,0.1102173924446106
16,380,1,0.01,3,91,0.9994503259658813,0.0005589646752923727,0.023642433785301644,0.14391928911209106
16,380,1,0.01,3,92,0.9994767904281616,0.0005320546915754676,0.023066310749130813,0.1122039183974266
16,380,1,0.01,3,93,0.9987938404083252,0.0012265107361599803,0.03502157529523737,0.11448518931865692
16,380,1,0.01,3,94,0.9991798400878906,0.000834011472761631,0.028879256790326702,0.14050428569316864
16,380,1,0.01,3,95,0.9993066191673279,0.0007050620624795556,0.026553004773086523,0.16482782363891602
16,380,1,0.01,3,96,0.9994914531707764,0.0005171485245227814,0.02274089981779044,0.1081172376871109
16,380,1,0.01,3,97,0.999176025390625,0.0008378762868233025,0.028946092773003102,0.183287113904953
16,380,1,0.01,3,98,0.9994311928749084,0.0005784173845313489,0.024050309447725387,0.1036580502986908
16,380,1,0.01,3,99,0.9992309808731079,0.000781993439886719,0.027964145613387136,0.17195971310138702
16,380,1,0.01,3,100,0.9995437860488892,0.0004639194521587342,0.02153878947756197,0.1214895024895668
17,380,1,0.01,3,1,0.9910325407981873,0.009118772111833096,0.09549226205213224,0.494488924741745
17,380,1,0.01,3,2,0.9946926236152649,0.005396908614784479,0.0734636550600668,0.3557758629322052
17,380,1,0.01,3,3,0.9966151118278503,0.0034419670701026917,0.05866827993134528,0.28085848689079285
17,380,1,0.01,3,4,0.9974088072776794,0.002634932054206729,0.05133158924294794,0.2832082509994507
17,380,1,0.01,3,5,0.997878909111023,0.0021568522788584232,0.04644192372047505,0.26166489720344543
17,380,1,0.01,3,6,0.9980567097663879,0.001976069761440158,0.0444530062137552,0.22940784692764282
17,380,1,0.01,3,7,0.9983550310134888,0.0016727122711017728,0.040898805252742684,0.15910565853118896
17,380,1,0.01,3,8,0.998314380645752,0.0017140450654551387,0.0414010273478224,0.22591257095336914
17,380,1,0.01,3,9,0.9979619979858398,0.0020723671186715364,0.04552325909545072,0.29173675179481506
17,380,1,0.01,3,10,0.9989308714866638,0.0010871682316064835,0.03297223425257202,0.1439989060163498
17,380,1,0.01,3,11,0.9986544847488403,0.0013682397548109293,0.0369897249896634,0.25330066680908203
17,380,1,0.01,3,12,0.9987570643424988,0.0012639029882848263,0.0355514133092459,0.16783247888088226
17,380,1,0.01,3,13,0.9969509840011597,0.003100456902757287,0.05568174658501013,0.29843994975090027
17,380,1,0.01,3,14,0.9989885687828064,0.0010285110911354423,0.03207040834064079,0.1693027913570404
17,380,1,0.01,3,15,0.999064564704895,0.0009512046817690134,0.03084160634222889,0.1755269467830658
17,380,1,0.01,3,16,0.9987876415252686,0.001232790295034647,0.03511111355446658,0.15602216124534607
17,380,1,0.01,3,17,0.9988621473312378,0.0011570509523153305,0.034015451670018,0.17625275254249573
17,380,1,0.01,3,18,0.9977063536643982,0.0023323276545852423,0.04829417826804016,0.20419926941394806
17,380,1,0.01,3,19,0.9987069964408875,0.001314846333116293,0.03626080987948688,0.27343642711639404
17,380,1,0.01,3,20,0.9990373849868774,0.0009788526222109795,0.031286620498401224,0.22606714069843292
17,380,1,0.01,3,21,0.9988600611686707,0.0011591933434829116,0.03404692854697633,0.12075958400964737
17,380,1,0.01,3,22,0.9991797804832458,0.0008340409258380532,0.028879766720630782,0.11900841444730759
17,380,1,0.01,3,23,0.9978885650634766,0.002147042891010642,0.04633619417917965,0.21883434057235718
17,380,1,0.01,3,24,0.9993141293525696,0.0006974549032747746,0.02640937150472867,0.13881786167621613
17,380,1,0.01,3,25,0.9991087317466736,0.0009063230827450752,0.030105200260836587,0.14765988290309906
17,380,1,0.01,3,26,0.9992362260818481,0.0007766364142298698,0.027868197182987452,0.18112392723560333
17,380,1,0.01,3,27,0.999364972114563,0.0006457535782828927,0.025411681925502153,0.1393371969461441
17,380,1,0.01,3,28,0.9993159770965576,0.0006955385906621814,0.02637306562882255,0.1282280683517456
17,380,1,0.01,3,29,0.9981613159179688,0.001869695377536118,0.04323997430082629,0.22629225254058838
17,380,1,0.01,3,30,0.9990755915641785,0.0009400041308254004,0.030659486799772113,0.15258873999118805
17,380,1,0.01,3,31,0.9990657567977905,0.0009500097949057817,0.03082222890878889,0.17603082954883575
17,380,1,0.01,3,32,0.9988567233085632,0.0011625401675701141,0.034096043283203904,0.15215173363685608
17,380,1,0.01,3,33,0.9986855387687683,0.0013366122730076313,0.03655970832771552,0.16824565827846527
17,380,1,0.01,3,34,0.9992932677268982,0.000718628813046962,0.026807252993303176,0.1410740464925766
17,380,1,0.01,3,35,0.99927818775177,0.0007340008160099387,0.027092449428022167,0.14340612292289734
17,380,1,0.01,3,36,0.9992029070854187,0.0008105663000606,0.028470446081166344,0.14223717153072357
17,380,1,0.01,3,37,0.9993670582771301,0.0006436255061998963,0.025369775446382973,0.11295191198587418
17,380,1,0.01,3,38,0.9993195533752441,0.0006919063744135201,0.02630411326035379,0.10583087056875229
17,380,1,0.01,3,39,0.9989482760429382,0.0010694857919588685,0.032702993623808636,0.1651192009449005
17,380,1,0.01,3,40,0.9990119934082031,0.0010046698153018951,0.031696526864972055,0.10381465405225754
17,380,1,0.01,3,41,0.9989438056945801,0.00107402796857059,0.03277236592879113,0.12579715251922607
17,380,1,0.01,3,42,0.9989035129547119,0.0011150096543133259,0.033391760275752545,0.1846747249364853
17,380,1,0.01,3,43,0.9992896318435669,0.0007223663851618767,0.026876874542287776,0.12530583143234253
17,380,1,0.01,3,44,0.9993359446525574,0.0006752691697329283,0.025985941771137108,0.15237541496753693
17,380,1,0.01,3,45,0.9993866086006165,0.0006237462512217462,0.024974912436718295,0.15753373503684998
17,380,1,0.01,3,46,0.9990537762641907,0.0009622083744034171,0.031019483786862364,0.14755913615226746
17,380,1,0.01,3,47,0.9994060397148132,0.0006039801519364119,0.02457600764844469,0.12194749712944031
17,380,1,0.01,3,48,0.9992063641548157,0.0008070438634604216,0.028408517445660933,0.19669364392757416
17,380,1,0.01,3,49,0.9991799592971802,0.0008338927291333675,0.028877200853499766,0.15351474285125732
17,380,1,0.01,3,50,0.9992694854736328,0.0007428137469105422,0.02725460964516906,0.13173355162143707
17,380,1,0.01,3,51,0.9985477924346924,0.0014766856329515576,0.03842766754503268,0.17018191516399384
17,380,1,0.01,3,52,0.9993142485618591,0.0006973124109208584,0.026406673605754633,0.14184680581092834
17,380,1,0.01,3,53,0.9963002800941467,0.003762117587029934,0.061336103454897865,0.19405214488506317
17,380,1,0.01,3,54,0.9992911219596863,0.0007208420429378748,0.02684850168888154,0.1173185259103775
17,380,1,0.01,3,55,0.999487578868866,0.0005210742237977684,0.022827050264932796,0.11780405044555664
17,380,1,0.01,3,56,0.999285101890564,0.0007269709603860974,0.026962399010216014,0.19643105566501617
17,380,1,0.01,3,57,0.9992409944534302,0.00077183882240206,0.027781987373153492,0.12313541024923325
17,380,1,0.01,3,58,0.9994105100631714,0.0005994316888973117,0.024483294077744352,0.13950075209140778
17,380,1,0.01,3,59,0.9984729886054993,0.0015527777140960097,0.039405300583754084,0.27285394072532654
17,380,1,0.01,3,60,0.999001681804657,0.0010151881724596024,0.031862017708544486,0.1392054706811905
17,380,1,0.01,3,61,0.9993405938148499,0.000670532404910773,0.025894640466914635,0.14237086474895477
17,380,1,0.01,3,62,0.9993788599967957,0.0006315987557172775,0.02513162859261766,0.10793200135231018
17,380,1,0.01,3,63,0.999481737613678,0.0005270114634186029,0.022956730242318982,0.11053553968667984
17,380,1,0.01,3,64,0.9993206858634949,0.0006907502538524568,0.026282128031277392,0.126937597990036
17,380,1,0.01,3,65,0.9991287589073181,0.0008859484223648906,0.029764885727395135,0.13414937257766724
17,380,1,0.01,3,66,0.9992479681968689,0.0007647214806638658,0.027653597969592776,0.11885225772857666
17,380,1,0.01,3,67,0.9993407726287842,0.0006703244871459901,0.02589062546841984,0.12341877073049545
17,380,1,0.01,3,68,0.9989991188049316,0.0010177860967814922,0.031902760018241244,0.12646237015724182
17,380,1,0.01,3,69,0.9993144273757935,0.0006971660768613219,0.02640390268239379,0.13345861434936523
17,380,1,0.01,3,70,0.999343991279602,0.0006670589791610837,0.025827484956167986,0.18698829412460327
17,380,1,0.01,3,71,0.9985291957855225,0.0014956053346395493,0.038673056960105305,0.14987894892692566
17,380,1,0.01,3,72,0.9991693496704102,0.0008446446154266596,0.029062770264148247,0.2444058060646057
17,380,1,0.01,3,73,0.9989041686058044,0.0011143418960273266,0.03338175993004753,0.1419806182384491
17,380,1,0.01,3,74,0.9990785121917725,0.0009370313491672277,0.03061096779207132,0.1332186460494995
17,380,1,0.01,3,75,0.9987037181854248,0.0013181293616071343,0.03630605130838569,0.12717261910438538
17,380,1,0.01,3,76,0.999244213104248,0.0007685197051614523,0.027722187957689277,0.15842874348163605
17,380,1,0.01,3,77,0.999134361743927,0.0008802622323855758,0.029669213545113995,0.1833164542913437
17,380,1,0.01,3,78,0.9993240237236023,0.0006874032551422715,0.0262183762872965,0.14763329923152924
17,380,1,0.01,3,79,0.9993413090705872,0.0006697993958368897,0.02588048291351786,0.14662256836891174
17,380,1,0.01,3,80,0.9994487166404724,0.0005606123013421893,0.02367725282506797,0.11103321611881256
17,380,1,0.01,3,81,0.9991520643234253,0.0008622510940767825,0.029364112349546383,0.1438976377248764
17,380,1,0.01,3,82,0.9988152384757996,0.0012047262862324715,0.03470916717860674,0.12355434149503708
17,380,1,0.01,3,83,0.9995067119598389,0.0005016312934458256,0.02239712690158775,0.10142459720373154
17,380,1,0.01,3,84,0.999126672744751,0.0008880466339178383,0.029800111307138406,0.13163834810256958
17,380,1,0.01,3,85,0.9991105794906616,0.0009044428006745875,0.0300739555209252,0.22271862626075745
17,380,1,0.01,3,86,0.9994115829467773,0.0005983470473438501,0.02446113340268292,0.11630993336439133
17,380,1,0.01,3,87,0.9992609620094299,0.0007515015313401818,0.027413528254133613,0.13877148926258087
17,380,1,0.01,3,88,0.9993192553520203,0.0006922397878952324,0.026310450165195433,0.14231988787651062
17,380,1,0.01,3,89,0.9994422197341919,0.0005671763210557401,0.02381546390595279,0.12176073342561722
17,380,1,0.01,3,90,0.9988988637924194,0.0011197180720046163,0.033462188691187195,0.1589784175157547
17,380,1,0.01,3,91,0.9992257356643677,0.000787326309364289,0.028059335511809416,0.1456022709608078
17,380,1,0.01,3,92,0.9994646310806274,0.0005443906993605196,0.023332181624539948,0.1507052481174469
17,380,1,0.01,3,93,0.9994398951530457,0.0005695786676369607,0.023865847306076538,0.1218593567609787
17,380,1,0.01,3,94,0.9994727373123169,0.0005361869698390365,0.023155711387021483,0.10982899367809296
17,380,1,0.01,3,95,0.9994304776191711,0.0005791158182546496,0.024064825331895714,0.1201290488243103
17,380,1,0.01,3,96,0.9992602467536926,0.00075225142063573,0.027427202202115513,0.1737668514251709
17,380,1,0.01,3,97,0.99920254945755,0.0008108785259537399,0.028475928886583134,0.17486095428466797
17,380,1,0.01,3,98,0.9989427328109741,0.0010751239024102688,0.03278908206111096,0.15336255729198456
17,380,1,0.01,3,99,0.9988672137260437,0.0011519219260662794,0.0339399753398007,0.14877255260944366
17,380,1,0.01,3,100,0.9991423487663269,0.0008721015765331686,0.02953136597811162,0.1201515793800354
18,380,1,0.01,3,1,0.9900860786437988,0.01008118037134409,0.10040508140200918,0.8519285321235657
18,380,1,0.01,3,2,0.9947956800460815,0.0052921283058822155,0.07274701578678136,0.7280877232551575
18,380,1,0.01,3,3,0.9958325624465942,0.004237771965563297,0.065098171752848,0.5614089369773865
18,380,1,0.01,3,4,0.9960923790931702,0.003973531071096659,0.06303595062420062,0.48147642612457275
18,380,1,0.01,3,5,0.9967160820960999,0.003339337185025215,0.05778699840816458,0.45321041345596313
18,380,1,0.01,3,6,0.9975799322128296,0.002460886724293232,0.04960732530880124,0.41028717160224915
18,380,1,0.01,3,7,0.9978613257408142,0.00217474065721035,0.046634114735999335,0.38066205382347107
18,380,1,0.01,3,8,0.9982366561889648,0.0017931136535480618,0.04234517273017152,0.2987179756164551
18,380,1,0.01,3,9,0.9985450506210327,0.0014795111492276192,0.03846441406323017,0.31713923811912537
18,380,1,0.01,3,10,0.9984443187713623,0.0015819560503587127,0.039773811111819705,0.2575259208679199
18,380,1,0.01,3,11,0.9985691905021667,0.0014549455372616649,0.03814374833785564,0.22345373034477234
18,380,1,0.01,3,12,0.9987340569496155,0.0012873167870566249,0.03587919713506177,0.20397375524044037
18,380,1,0.01,3,13,0.9984017014503479,0.0016252894420176744,0.04031487866802621,0.20940841734409332
18,380,1,0.01,3,14,0.9986217617988586,0.0014014941407367587,0.03743653483880097,0.19663949310779572
18,380,1,0.01,3,15,0.9986451268196106,0.0013777355197817087,0.037117859849157636,0.21323196589946747
18,380,1,0.01,3,16,0.9989721775054932,0.0010451391572132707,0.03232861205207039,0.21184243261814117
18,380,1,0.01,3,17,0.9988101720809937,0.0012098965235054493,0.03478356686001954,0.2198389768600464
18,380,1,0.01,3,18,0.9988225102424622,0.001197364181280136,0.03460295047073495,0.1919969916343689
18,380,1,0.01,3,19,0.9988232254981995,0.0011966238962486386,0.03459225196844864,0.17120985686779022
18,380,1,0.01,3,20,0.9988254308700562,0.001194388372823596,0.034559924375258635,0.19620485603809357
18,380,1,0.01,3,21,0.9985954165458679,0.0014282804913818836,0.037792598367694746,0.23503586649894714
18,380,1,0.01,3,22,0.9984191656112671,0.0016075088642537594,0.04009375093769301,0.20542344450950623
18,380,1,0.01,3,23,0.9991199374198914,0.0008949030307121575,0.029914929896494115,0.1542091816663742
18,380,1,0.01,3,24,0.9992302060127258,0.0007827771478332579,0.02797815483253422,0.17804786562919617
18,380,1,0.01,3,25,0.9980682730674744,0.001964340917766094,0.04432088579627098,0.18170902132987976
18,380,1,0.01,3,26,0.9990081787109375,0.0010085746180266142,0.03175806382679231,0.20038831233978271
18,380,1,0.01,3,27,0.9990212917327881,0.0009951895335689187,0.031546624757157755,0.16967809200286865
18,380,1,0.01,3,28,0.998899519443512,0.0011190369259566069,0.033452009296253145,0.20055857300758362
18,380,1,0.01,3,29,0.9990882277488708,0.0009271683520637453,0.03044943927338803,0.13859111070632935
18,380,1,0.01,3,30,0.9993463754653931,0.0006646309630014002,0.025780437602984946,0.16326050460338593
18,380,1,0.01,3,31,0.9989160299301147,0.0011022576363757253,0.033200265607005695,0.1754942685365677
18,380,1,0.01,3,32,0.9988723993301392,0.001146607450209558,0.0338615925527663,0.19578418135643005
18,380,1,0.01,3,33,0.99901282787323,0.001003843150101602,0.031683483869385354,0.14167821407318115
18,380,1,0.01,3,34,0.9992026686668396,0.000810797035228461,0.028474497980271067,0.15862487256526947
18,380,1,0.01,3,35,0.9983119964599609,0.0017164627788588405,0.04143021577132854,0.26591795682907104
18,380,1,0.01,3,36,0.9987428188323975,0.0012783703859895468,0.03575430583845177,0.18258319795131683
18,380,1,0.01,3,37,0.999262809753418,0.000749617291148752,0.027379139707973878,0.13709309697151184
18,380,1,0.01,3,38,0.9988783001899719,0.001140617299824953,0.03377302621656746,0.16802778840065002
18,380,1,0.01,3,39,0.9993686079978943,0.0006420727586373687,0.02533915465514524,0.14458690583705902
18,380,1,0.01,3,40,0.9991167783737183,0.0008981481660157442,0.029969120207569394,0.22699834406375885
18,380,1,0.01,3,41,0.9991822838783264,0.0008315242012031376,0.028836161346530463,0.13975758850574493
18,380,1,0.01,3,42,0.999286949634552,0.0007250913185998797,0.026927519726106967,0.17243139445781708
18,380,1,0.01,3,43,0.9988325834274292,0.0011870970483869314,0.0344542747476555,0.19006024301052094
18,380,1,0.01,3,44,0.9993155598640442,0.0006959824240766466,0.026381478807615138,0.10404375940561295
18,380,1,0.01,3,45,0.9989129900932312,0.0011053589405491948,0.03324693881471187,0.16383083164691925
18,380,1,0.01,3,46,0.9993088841438293,0.0007027722313068807,0.026509851589680406,0.1952233910560608
18,380,1,0.01,3,47,0.9993523955345154,0.0006585292867384851,0.025661825475567498,0.1820591390132904
18,380,1,0.01,3,48,0.997990071773529,0.002043829532340169,0.04520873292119752,0.22185935080051422
18,380,1,0.01,3,49,0.9991811513900757,0.0008326914394274354,0.02885639338911631,0.18585051596164703
18,380,1,0.01,3,50,0.9990958571434021,0.0009193732403218746,0.030321168188608343,0.17328859865665436
18,380,1,0.01,3,51,0.9993236064910889,0.0006877962732687593,0.026225870305268406,0.15455467998981476
18,380,1,0.01,3,52,0.9990421533584595,0.0009740301175042987,0.0312094555784669,0.13982708752155304
18,380,1,0.01,3,53,0.9988884925842285,0.0011302734492346644,0.03361953969397357,0.21614502370357513
18,380,1,0.01,3,54,0.9992791414260864,0.0007330278167501092,0.0270744864540421,0.15359987318515778
18,380,1,0.01,3,55,0.9975273013114929,0.0025144368410110474,0.05014416058736099,0.24733716249465942
18,380,1,0.01,3,56,0.9992396235466003,0.0007732021622359753,0.027806512946358004,0.16571353375911713
18,380,1,0.01,3,57,0.999407172203064,0.0006028575589880347,0.024553157821103882,0.14193634688854218
18,380,1,0.01,3,58,0.9995017647743225,0.0005066178855486214,0.022508173749743034,0.16806669533252716
18,380,1,0.01,3,59,0.9993002414703369,0.0007115344633348286,0.02667460333978424,0.16158828139305115
18,380,1,0.01,3,60,0.9992012977600098,0.0008121539140120149,0.028498314231056105,0.20443643629550934
18,380,1,0.01,3,61,0.9993547201156616,0.0006561485351994634,0.02561539644821964,0.16582702100276947
18,380,1,0.01,3,62,0.9994500279426575,0.0005592234083451331,0.023647904946213164,0.13780133426189423
18,380,1,0.01,3,63,0.9988694190979004,0.0011496427468955517,0.03390638209681994,0.19396701455116272
18,380,1,0.01,3,64,0.9985123872756958,0.0015126802027225494,0.03889318967020511,0.18514788150787354
18,380,1,0.01,3,65,0.9987743496894836,0.0012463430175557733,0.03530358363616608,0.1692088395357132
18,380,1,0.01,3,66,0.9993588328361511,0.0006519713788293302,0.02553373021768128,0.1384020894765854
18,380,1,0.01,3,67,0.9995162487030029,0.0004918922786600888,0.02217864465336168,0.12472495436668396
18,380,1,0.01,3,68,0.999351978302002,0.0006589784170500934,0.025670574926364494,0.17341284453868866
18,380,1,0.01,3,69,0.9986864924430847,0.0013356864219531417,0.03654704395642884,0.17437733709812164
18,380,1,0.01,3,70,0.9994641542434692,0.0005449032760225236,0.02334316336794402,0.15222008526325226
18,380,1,0.01,3,71,0.99918133020401,0.0008324572117999196,0.028852334598779342,0.14514309167861938
18,380,1,0.01,3,72,0.9989691972732544,0.0010482193902134895,0.03237621642832111,0.17436854541301727
18,380,1,0.01,3,73,0.9994434118270874,0.0005659631569869816,0.02378998018046635,0.1449367254972458
18,380,1,0.01,3,74,0.9994038343429565,0.0006062157335691154,0.024621448648873515,0.12010665237903595
18,380,1,0.01,3,75,0.999387800693512,0.000622500607278198,0.024949962069674536,0.17445281147956848
18,380,1,0.01,3,76,0.9990522861480713,0.0009636993054300547,0.03104350665485545,0.2252156138420105
18,380,1,0.01,3,77,0.999391496181488,0.0006187708349898458,0.024875104723193545,0.14569444954395294
18,380,1,0.01,3,78,0.9986976981163025,0.0013242820277810097,0.036390686003165834,0.17174668610095978
18,380,1,0.01,3,79,0.9988463521003723,0.0011731104459613562,0.03425069993388976,0.16655293107032776
18,380,1,0.01,3,80,0.9992234706878662,0.0007896166644059122,0.02810011858348488,0.18511977791786194
18,380,1,0.01,3,81,0.9991056323051453,0.0009094310225918889,0.0301567740746899,0.22820259630680084
18,380,1,0.01,3,82,0.9995109438896179,0.0004973106551915407,0.02230046311607767,0.1614781618118286
18,380,1,0.01,3,83,0.9992163181304932,0.0007969121215865016,0.028229631977524993,0.16049756109714508
18,380,1,0.01,3,84,0.9986748695373535,0.0013475068844854832,0.03670840345868345,0.1748102605342865
18,380,1,0.01,3,85,0.9994755387306213,0.000533300859387964,0.02309330767534101,0.11393477022647858
18,380,1,0.01,3,86,0.999335527420044,0.000675658811815083,0.025993437860642503,0.12611335515975952
18,380,1,0.01,3,87,0.9991765022277832,0.0008373684249818325,0.028937318897607506,0.129411518573761
18,380,1,0.01,3,88,0.9994317889213562,0.0005777897895313799,0.024037258361372663,0.15385954082012177
18,380,1,0.01,3,89,0.9990956783294678,0.0009195999009534717,0.030324905621509718,0.1482904553413391
18,380,1,0.01,3,90,0.9990561604499817,0.0009597332100383937,0.030979561166007398,0.11264859139919281
18,380,1,0.01,3,91,0.999212920665741,0.0008003697730600834,0.02829080721824818,0.18386688828468323
18,380,1,0.01,3,92,0.9994582533836365,0.0005508865579031408,0.023470972666320006,0.1319851130247116
18,380,1,0.01,3,93,0.9994462132453918,0.0005631097010336816,0.023729932596484163,0.17076759040355682
18,380,1,0.01,3,94,0.9994072914123535,0.0006027357303537428,0.024550676779953397,0.1543348878622055
18,380,1,0.01,3,95,0.9989916086196899,0.0010254023363813758,0.03202190400930863,0.1644626408815384
18,380,1,0.01,3,96,0.9994759559631348,0.000532892532646656,0.023084465180000513,0.14594468474388123
18,380,1,0.01,3,97,0.9994695782661438,0.0005393936298787594,0.02322484940486718,0.14251944422721863
18,380,1,0.01,3,98,0.9990103244781494,0.0010063658701255918,0.031723270167585055,0.16841639578342438
18,380,1,0.01,3,99,0.9992268085479736,0.0007862562197260559,0.02804026069290469,0.14747479557991028
18,380,1,0.01,3,100,0.9985532760620117,0.0014711172552779317,0.03835514639885933,0.12873747944831848
19,380,1,0.01,3,1,0.9880988597869873,0.01210190448909998,0.11000865642802833,0.6869071125984192
19,380,1,0.01,3,2,0.9944933652877808,0.005599562078714371,0.074830221693607,0.6526958346366882
19,380,1,0.01,3,3,0.9959740042686462,0.004093915224075317,0.06398371061508794,0.4858592450618744
19,380,1,0.01,3,4,0.9964144825935364,0.003646028460934758,0.06038235223088579,0.43368640542030334
19,380,1,0.01,3,5,0.9973880052566528,0.002656065160408616,0.051537027081590726,0.4275873601436615
19,380,1,0.01,3,6,0.9978563785552979,0.0021797590889036655,0.04668789017404476,0.3018033504486084
19,380,1,0.01,3,7,0.9974099397659302,0.002633755560964346,0.05132012822435605,0.2764119505882263
19,380,1,0.01,3,8,0.9975416660308838,0.002499811816960573,0.04999811813419154,0.2683180272579193
19,380,1,0.01,3,9,0.9981170892715454,0.0019146770937368274,0.043757023364676295,0.2789772152900696
19,380,1,0.01,3,10,0.9979168176651001,0.002118324162438512,0.046025255702043764,0.256934255361557
19,380,1,0.01,3,11,0.9980179667472839,0.0020154593512415886,0.04489386763514131,0.19069069623947144
19,380,1,0.01,3,12,0.9978938102722168,0.002141697332262993,0.04627847590687265,0.2744838297367096
19,380,1,0.01,3,13,0.9987505078315735,0.0012705924455076456,0.035645370604156235,0.22279910743236542
19,380,1,0.01,3,14,0.998788058757782,0.0012324145063757896,0.035105761726186624,0.1475316435098648
19,380,1,0.01,3,15,0.9985334277153015,0.0014912993647158146,0.038617345386701744,0.18443192541599274
19,380,1,0.01,3,16,0.9984225630760193,0.001604054355993867,0.04005064738545267,0.16214056313037872
19,380,1,0.01,3,17,0.9986438155174255,0.0013790505472570658,0.037135569838862924,0.18854552507400513
19,380,1,0.01,3,18,0.9986551403999329,0.0013675238005816936,0.036980045978631415,0.1959778368473053
19,380,1,0.01,3,19,0.9988915324211121,0.0011271786643192172,0.03357348156386551,0.18725383281707764
19,380,1,0.01,3,20,0.9985515475273132,0.001472873380407691,0.038378032523928206,0.21059618890285492
19,380,1,0.01,3,21,0.9987276196479797,0.0012938342988491058,0.03596990824076572,0.1833280622959137
19,380,1,0.01,3,22,0.9986869692802429,0.0013351993402466178,0.036540379585420536,0.2128061056137085
19,380,1,0.01,3,23,0.9987990260124207,0.0012212455039843917,0.03494632318262383,0.1845339983701706
19,380,1,0.01,3,24,0.9983428120613098,0.0016851350665092468,0.04105039666689284,0.18822447955608368
19,380,1,0.01,3,25,0.9982993602752686,0.0017293407581746578,0.04158534306909897,0.19623294472694397
19,380,1,0.01,3,26,0.9988513588905334,0.0011680170428007841,0.03417626431897998,0.1776212602853775
19,380,1,0.01,3,27,0.9990459680557251,0.0009701167582534254,0.031146697389184384,0.1867630034685135
19,380,1,0.01,3,28,0.9991364479064941,0.0008781486540101469,0.029633573088815104,0.13461165130138397
19,380,1,0.01,3,29,0.9990560412406921,0.0009598956676200032,0.030982183067369596,0.1261659860610962
19,380,1,0.01,3,30,0.9989375472068787,0.001080361078493297,0.03286884662554038,0.2133955955505371
19,380,1,0.01,3,31,0.9983251094818115,0.0017031282186508179,0.041268974044078414,0.17278538644313812
19,380,1,0.01,3,32,0.998586118221283,0.0014377504121512175,0.03791767941410995,0.20266707241535187
19,380,1,0.01,3,33,0.9990348815917969,0.0009814136428758502,0.03132752213112059,0.13094951212406158
19,380,1,0.01,3,34,0.9991359114646912,0.0008786962134763598,0.029642810485450935,0.15477681159973145
19,380,1,0.01,3,35,0.9988287091255188,0.0011910595931112766,0.03451173123897549,0.23626144230365753
19,380,1,0.01,3,36,0.9991500973701477,0.0008642610046081245,0.029398316356691663,0.16019581258296967
19,380,1,0.01,3,37,0.9987473487854004,0.0012737804790958762,0.0356900613490069,0.13881707191467285
19,380,1,0.01,3,38,0.9992730021476746,0.0007392330444417894,0.027188840439448487,0.1333378255367279
19,380,1,0.01,3,39,0.9987651705741882,0.001255672425031662,0.03543546846073383,0.1617782562971115
19,380,1,0.01,3,40,0.9988831281661987,0.0011357390321791172,0.03370072747255046,0.16488495469093323
19,380,1,0.01,3,41,0.9989560842514038,0.0010615094797685742,0.03258081459645498,0.1434299796819687
19,380,1,0.01,3,42,0.998709499835968,0.00131229090038687,0.03622555590169556,0.24224252998828888
19,380,1,0.01,3,43,0.9990701079368591,0.0009455727995373309,0.030750167471695677,0.15115267038345337
19,380,1,0.01,3,44,0.9991076588630676,0.000907408888451755,0.03012322838694012,0.1267554610967636
19,380,1,0.01,3,45,0.9991500377655029,0.000864314497448504,0.02939922613689864,0.18687646090984344
19,380,1,0.01,3,46,0.9991990923881531,0.0008144054445438087,0.028537789762765595,0.12572520971298218
19,380,1,0.01,3,47,0.9989466071128845,0.0010711344657465816,0.03272819068855749,0.16073770821094513
19,380,1,0.01,3,48,0.9990230798721313,0.000993423629552126,0.03151862353517561,0.1709936559200287
19,380,1,0.01,3,49,0.9989669322967529,0.001050486695021391,0.03241121248922031,0.19329479336738586
19,380,1,0.01,3,50,0.9989948272705078,0.0010221434058621526,0.031970977555623045,0.17386223375797272
19,380,1,0.01,3,51,0.9992791414260864,0.0007330258376896381,0.027074449905577735,0.18448027968406677
19,380,1,0.01,3,52,0.9989981055259705,0.0010187717853114009,0.031918204606641035,0.16161605715751648
19,380,1,0.01,3,53,0.9988501667976379,0.0011692354455590248,0.034194084949871445,0.2335246205329895
19,380,1,0.01,3,54,0.9988371133804321,0.0011824977118521929,0.03438746445802878,0.15687866508960724
19,380,1,0.01,3,55,0.9986502528190613,0.0013725460739806294,0.037047888927449424,0.21960972249507904
19,380,1,0.01,3,56,0.9975244998931885,0.002517245477065444,0.05017215838555726,0.2694336771965027
19,380,1,0.01,3,57,0.9991205930709839,0.0008942215936258435,0.02990353814560818,0.17169323563575745
19,380,1,0.01,3,58,0.9981421232223511,0.001889235689304769,0.043465338941560884,0.22263407707214355
19,380,1,0.01,3,59,0.9992508292198181,0.0007618083036504686,0.027600875052260002,0.20401674509048462
19,380,1,0.01,3,60,0.9992684125900269,0.0007439138134941459,0.027274783472910392,0.16517367959022522
19,380,1,0.01,3,61,0.9992303252220154,0.0007826781366020441,0.027976385338389306,0.19397160410881042
19,380,1,0.01,3,62,0.998919665813446,0.001098537351936102,0.03314419031951304,0.17427492141723633
19,380,1,0.01,3,63,0.9993604421615601,0.0006503502372652292,0.02550196536083502,0.16672679781913757
19,380,1,0.01,3,64,0.9989978671073914,0.0010190410539507866,0.03192242243237168,0.2229192852973938
19,380,1,0.01,3,65,0.9991152882575989,0.0008996246615424752,0.02999374370668782,0.18957564234733582
19,380,1,0.01,3,66,0.9992728233337402,0.0007394741987809539,0.027193274881502482,0.17211465537548065
19,380,1,0.01,3,67,0.9992173910140991,0.0007957968045957386,0.028209870694417206,0.17802117764949799
19,380,1,0.01,3,68,0.9993138313293457,0.000697755953297019,0.0264150705714942,0.16967463493347168
19,380,1,0.01,3,69,0.998870849609375,0.0011482154950499535,0.033885328610623704,0.20371468365192413
19,380,1,0.01,3,70,0.999321460723877,0.0006899779546074569,0.026267431442900103,0.18583501875400543
19,380,1,0.01,3,71,0.9989263415336609,0.0010917880572378635,0.03304221628822533,0.17194725573062897
19,380,1,0.01,3,72,0.9989759922027588,0.0010412788251414895,0.032268852243944,0.16735398769378662
19,380,1,0.01,3,73,0.9993451833724976,0.0006658848142251372,0.025804744025568965,0.15757599472999573
19,380,1,0.01,3,74,0.9989303350448608,0.001087734941393137,0.032980826875521736,0.17779791355133057
19,380,1,0.01,3,75,0.998035192489624,0.0019979688804596663,0.044698645174766384,0.17029280960559845
19,380,1,0.01,3,76,0.9991833567619324,0.0008304191287606955,0.02881699374953424,0.17483894526958466
19,380,1,0.01,3,77,0.9993461966514587,0.0006648204871453345,0.025784113076569738,0.14307120442390442
19,380,1,0.01,3,78,0.9990518093109131,0.0009641591459512711,0.03105091215973004,0.15003742277622223
19,380,1,0.01,3,79,0.9993854761123657,0.0006249189027585089,0.024998378002552665,0.09951765090227127
19,380,1,0.01,3,80,0.9990046620368958,0.0010121105005964637,0.031813684172011004,0.21387486159801483
19,380,1,0.01,3,81,0.9992997050285339,0.0007120888913050294,0.02668499374751715,0.16951024532318115
19,380,1,0.01,3,82,0.9992538094520569,0.0007587893633171916,0.027546131549043174,0.13932208716869354
19,380,1,0.01,3,83,0.9990002512931824,0.0010166334686800838,0.03188469019263138,0.14701037108898163
19,380,1,0.01,3,84,0.998858630657196,0.001160603715106845,0.03406763442193844,0.15727020800113678
19,380,1,0.01,3,85,0.9992945790290833,0.0007173429476097226,0.026783258719015553,0.15146151185035706
19,380,1,0.01,3,86,0.9990597367286682,0.0009561388869769871,0.030921495548840893,0.11784140765666962
19,380,1,0.01,3,87,0.9992783665657043,0.0007338052382692695,0.027088839736490553,0.16497527062892914
19,380,1,0.01,3,88,0.9990726113319397,0.0009430345380678773,0.03070886741753719,0.11247704178094864
19,380,1,0.01,3,89,0.9992377758026123,0.0007750982185825706,0.027840585816081,0.12435698509216309
19,380,1,0.01,3,90,0.9986410737037659,0.0013818558072671294,0.03717332117617592,0.20246337354183197
19,380,1,0.01,3,91,0.9992156624794006,0.000797582499217242,0.028241503133106107,0.14487192034721375
19,380,1,0.01,3,92,0.9991677403450012,0.0008463229169137776,0.029091629670985737,0.1217244565486908
19,380,1,0.01,3,93,0.9994214177131653,0.0005883152480237186,0.024255210739627033,0.09473907202482224
19,380,1,0.01,3,94,0.9988424181938171,0.001177102793008089,0.03430893167978404,0.16114553809165955
19,380,1,0.01,3,95,0.9992332458496094,0.0007796817808412015,0.027922782469539126,0.12320015579462051
19,380,1,0.01,3,96,0.9991102814674377,0.0009047087514773011,0.030078376809217964,0.12053965777158737
19,380,1,0.01,3,97,0.9992533922195435,0.0007592178881168365,0.027553908762947527,0.10485749691724777
19,380,1,0.01,3,98,0.9991263747215271,0.0008883756818249822,0.029805631713234703,0.09455131739377975
19,380,1,0.01,3,99,0.9993665814399719,0.0006441319710575044,0.025379755141795683,0.08928141742944717
19,380,1,0.01,3,100,0.9993352293968201,0.000675971619784832,0.025999454220903023,0.08784058690071106
20,380,1,0.01,3,1,0.9926047921180725,0.007519964128732681,0.08671772672719621,0.6735904812812805
20,380,1,0.01,3,2,0.9954183101654053,0.004659000318497419,0.0682568701194057,0.5803853273391724
20,380,1,0.01,3,3,0.996003270149231,0.00406417902559042,0.06375091391964839,0.4911327064037323
20,380,1,0.01,3,4,0.9971203207969666,0.002928256755694747,0.05411336947275365,0.4245719611644745
20,380,1,0.01,3,5,0.9974147081375122,0.00262891361489892,0.05127293257556974,0.30786973237991333
20,380,1,0.01,3,6,0.9977999329566956,0.0022371644154191017,0.047298672448802426,0.24718953669071198
20,380,1,0.01,3,7,0.9981428980827332,0.00188841309864074,0.04345587530634655,0.24358956515789032
20,380,1,0.01,3,8,0.9982733130455017,0.0017557893879711628,0.04190214061323315,0.26428869366645813
20,380,1,0.01,3,9,0.9982436895370483,0.0017859484069049358,0.042260482804919966,0.21970605850219727
20,380,1,0.01,3,10,0.9981087446212769,0.0019231524784117937,0.043853762420250714,0.2809719443321228
20,380,1,0.01,3,11,0.998455286026001,0.0015707726124674082,0.03963297380297633,0.20743578672409058
20,380,1,0.01,3,12,0.9985807538032532,0.0014431591844186187,0.03798893502611805,0.210922509431839
20,380,1,0.01,3,13,0.9976136088371277,0.0024266408290714025,0.04926094628680414,0.2141394019126892
20,380,1,0.01,3,14,0.9984827637672424,0.0015428580809384584,0.039279232183667474,0.16008499264717102
20,380,1,0.01,3,15,0.9981450438499451,0.0018862462602555752,0.04343093667255606,0.1708337515592575
20,380,1,0.01,3,16,0.9984978437423706,0.0015275017358362675,0.03908326669863034,0.2951059639453888
20,380,1,0.01,3,17,0.9988107681274414,0.0012092875549569726,0.03477481207651556,0.20376378297805786
20,380,1,0.01,3,18,0.9989030361175537,0.0011154764797538519,0.03339874967351101,0.1987014263868332
20,380,1,0.01,3,19,0.9984902143478394,0.0015352722257375717,0.03918255001576048,0.21359115839004517
20,380,1,0.01,3,20,0.9990354180335999,0.0009808773174881935,0.031318960989921,0.17716848850250244
20,380,1,0.01,3,21,0.9988210201263428,0.0011988721089437604,0.03462473261909412,0.2205945998430252
20,380,1,0.01,3,22,0.9987826943397522,0.0012378580868244171,0.03518320745504049,0.2185623198747635
20,380,1,0.01,3,23,0.9987830519676208,0.0012374778743833303,0.035177803717448455,0.23204405605793
20,380,1,0.01,3,24,0.9988458156585693,0.0011736516607925296,0.03425859980782241,0.16009028255939484
20,380,1,0.01,3,25,0.9984608292579651,0.0015651530120521784,0.039562014762296656,0.3178460896015167
20,380,1,0.01,3,26,0.9982747435569763,0.00175437331199646,0.041885239786784795,0.23770681023597717
20,380,1,0.01,3,27,0.9991714358329773,0.0008425617124885321,0.029026913588746085,0.16891618072986603
20,380,1,0.01,3,28,0.9990284442901611,0.0009879502467811108,0.03143167585066235,0.1779031902551651
20,380,1,0.01,3,29,0.9989702105522156,0.001047154888510704,0.03235977268941647,0.1607775092124939
20,380,1,0.01,3,30,0.9990078210830688,0.0010089235147461295,0.031763556393233576,0.19421079754829407
20,380,1,0.01,3,31,0.9985711574554443,0.0014529216568917036,0.0381172094583497,0.16690607368946075
20,380,1,0.01,3,32,0.9987067580223083,0.0013150569284334779,0.03626371366026207,0.19279992580413818
20,380,1,0.01,3,33,0.9990543127059937,0.0009616445167921484,0.031010393689731647,0.16981615126132965
20,380,1,0.01,3,34,0.9984323382377625,0.0015941287856549025,0.03992654237039444,0.19112928211688995
20,380,1,0.01,3,35,0.9987492561340332,0.0012718397192656994,0.0356628619051486,0.18109513819217682
20,380,1,0.01,3,36,0.999225914478302,0.0007871217094361782,0.028055689430776392,0.13791273534297943
20,380,1,0.01,3,37,0.9993307590484619,0.0006805327720940113,0.02608702305925326,0.1341264545917511
20,380,1,0.01,3,38,0.9992229342460632,0.0007901811040937901,0.02811016015773994,0.18946844339370728
20,380,1,0.01,3,39,0.9989171624183655,0.0011011004680767655,0.03318283393679276,0.23237213492393494
20,380,1,0.01,3,40,0.9993724822998047,0.000638079596683383,0.025260237462925463,0.15651826560497284
20,380,1,0.01,3,41,0.9992385506629944,0.0007742784218862653,0.027825858870594907,0.1821584850549698
20,380,1,0.01,3,42,0.9985632300376892,0.0014610015787184238,0.03822305035863077,0.16936123371124268
20,380,1,0.01,3,43,0.999335527420044,0.0006756665534339845,0.02599358677508713,0.13196267187595367
20,380,1,0.01,3,44,0.9990652799606323,0.0009505057823844254,0.030830273796780095,0.1902725249528885
20,380,1,0.01,3,45,0.9992630481719971,0.0007493683369830251,0.02737459290990507,0.18150661885738373
20,380,1,0.01,3,46,0.9988881945610046,0.001130571123212576,0.03362396650028928,0.1536979377269745
20,380,1,0.01,3,47,0.9988457560539246,0.001173697179183364,0.034259264136629726,0.1860506385564804
20,380,1,0.01,3,48,0.999140202999115,0.0008742884383536875,0.0295683688821972,0.19100366532802582
20,380,1,0.01,3,49,0.9985272884368896,0.0014975430676713586,0.038698101602938594,0.15953348577022552
20,380,1,0.01,3,50,0.9991932511329651,0.0008203416946344078,0.02864160775226153,0.11005695909261703
20,380,1,0.01,3,51,0.9993286728858948,0.0006826696335338056,0.026127947365489804,0.15873517096042633
20,380,1,0.01,3,52,0.9989657998085022,0.0010516317561268806,0.03242887226110215,0.19108767807483673
20,380,1,0.01,3,53,0.9989652037620544,0.0010522686643525958,0.0324386908544811,0.10397636890411377
20,380,1,0.01,3,54,0.9993129968643188,0.0006985705113038421,0.026430484507550027,0.10982460528612137
20,380,1,0.01,3,55,0.9992023706436157,0.0008110765484161675,0.028479405689307624,0.18050582706928253
20,380,1,0.01,3,56,0.9989941716194153,0.0010227829916402698,0.03198097859103548,0.21853940188884735
20,380,1,0.01,3,57,0.9991025328636169,0.0009125970536842942,0.030209221335285922,0.15080119669437408
20,380,1,0.01,3,58,0.9991812705993652,0.0008325545932166278,0.028854022132393048,0.11170268803834915
20,380,1,0.01,3,59,0.9991918802261353,0.0008217680733650923,0.028666497403154998,0.14424322545528412
20,380,1,0.01,3,60,0.9989392161369324,0.0010787041392177343,0.03284363163868658,0.11488941311836243
20,380,1,0.01,3,61,0.9992552399635315,0.0007573089678771794,0.02751924722584503,0.11547563970088959
20,380,1,0.01,3,62,0.9991605281829834,0.000853629841003567,0.029216944415930406,0.11744652688503265
20,380,1,0.01,3,63,0.9991421699523926,0.0008723051869310439,0.029534813135197655,0.1963324099779129
20,380,1,0.01,3,64,0.9993641376495361,0.0006465763435699046,0.025427865493782693,0.11618883907794952
20,380,1,0.01,3,65,0.999376654624939,0.0006338877719826996,0.025177127953416364,0.1071324348449707
20,380,1,0.01,3,66,0.9993621110916138,0.0006486639613285661,0.025468882215923142,0.15605521202087402
20,380,1,0.01,3,67,0.9993990659713745,0.0006110735121183097,0.02471990113488138,0.16338974237442017
20,380,1,0.01,3,68,0.9989315271377563,0.00108649383764714,0.032962005971226026,0.10703245550394058
20,380,1,0.01,3,69,0.9993090629577637,0.0007026026141829789,0.02650665226283732,0.1146853119134903
20,380,1,0.01,3,70,0.9992390275001526,0.0007738042622804642,0.027817337440532733,0.09862938523292542
20,380,1,0.01,3,71,0.9992918372154236,0.0007201208500191569,0.026835067542660608,0.11918982863426208
20,380,1,0.01,3,72,0.9987049698829651,0.0013168728910386562,0.03628874331026987,0.14144812524318695
20,380,1,0.01,3,73,0.9985776543617249,0.001446324517019093,0.038030573451094486,0.11637274920940399
20,380,1,0.01,3,74,0.9991747736930847,0.0008391772280447185,0.028968555850175177,0.14341047406196594
20,380,1,0.01,3,75,0.9993712902069092,0.0006392918294295669,0.025284220957537268,0.11525849997997284
20,380,1,0.01,3,76,0.9990934133529663,0.0009218808263540268,0.030362490450455918,0.12157651036977768
20,380,1,0.01,3,77,0.9994021058082581,0.0006079912418499589,0.024657478416293076,0.12730920314788818
20,380,1,0.01,3,78,0.9994208216667175,0.0005889530875720084,0.02426835568331749,0.12098602950572968
20,380,1,0.01,3,79,0.9994633793830872,0.0005456471699289978,0.02335909180445588,0.1030028685927391
20,380,1,0.01,3,80,0.9994957447052002,0.0005127813201397657,0.022644675315397343,0.11443180590867996
20,380,1,0.01,3,81,0.9982497096061707,0.0017798173939809203,0.04218788207508076,0.12561489641666412
20,380,1,0.01,3,82,0.9994374513626099,0.000572067394386977,0.023917930395144497,0.11001214385032654
20,380,1,0.01,3,83,0.9989781379699707,0.0010391289833933115,0.03223552362523853,0.10888314992189407
20,380,1,0.01,3,84,0.9986112117767334,0.0014122015563771129,0.03757927030128596,0.2499711960554123
20,380,1,0.01,3,85,0.9993987679481506,0.0006113738636486232,0.024725975484268022,0.16221970319747925
20,380,1,0.01,3,86,0.9987205862998962,0.0013010000111535192,0.03606937774835489,0.2513411343097687
20,380,1,0.01,3,87,0.9991901516914368,0.0008234917768277228,0.028696546426838943,0.12138613313436508
20,380,1,0.01,3,88,0.9992449283599854,0.0007678036927245557,0.027709270880421154,0.1677192896604538
20,380,1,0.01,3,89,0.9990787506103516,0.000936801137868315,0.030607207286329065,0.15368536114692688
20,380,1,0.01,3,90,0.9991506338119507,0.0008637231658212841,0.029389167491123053,0.14498719573020935
20,380,1,0.01,3,91,0.9991125464439392,0.0009024422033689916,0.030040675814118956,0.13746295869350433
20,380,1,0.01,3,92,0.9989101886749268,0.001108214957639575,0.03328986268580234,0.1203073263168335
20,380,1,0.01,3,93,0.9994476437568665,0.000561655790079385,0.02369927826072737,0.13186168670654297
20,380,1,0.01,3,94,0.9990307092666626,0.000985666993074119,0.031395333937929676,0.15335434675216675
20,380,1,0.01,3,95,0.9990758895874023,0.0009397069807164371,0.03065464044343755,0.12601396441459656
20,380,1,0.01,3,96,0.9994596242904663,0.0005495162331499159,0.023441762586245855,0.17024065554141998
20,380,1,0.01,3,97,0.9988901019096375,0.0011286188382655382,0.033594922804875416,0.19096897542476654
20,380,1,0.01,3,98,0.999334454536438,0.0006767922313883901,0.026015230757930826,0.1290794461965561
20,380,1,0.01,3,99,0.9989877343177795,0.0010293378727510571,0.032083295852375536,0.14007610082626343
20,380,1,0.01,3,100,0.9993391036987305,0.0006720167584717274,0.025923286027657207,0.12764838337898254
21,380,1,0.01,3,1,0.9920679330825806,0.008065886795520782,0.08981028223717362,0.5841001868247986
21,380,1,0.01,3,2,0.9944584965705872,0.005634970497339964,0.07506644055328562,0.42671141028404236
21,380,1,0.01,3,3,0.9957236051559448,0.004348529037088156,0.06594337750743554,0.3762238919734955
21,380,1,0.01,3,4,0.9965873956680298,0.003470164258033037,0.05890810010544422,0.28094935417175293
21,380,1,0.01,3,5,0.9965140223503113,0.0035448106937110424,0.05953831282217394,0.3078337013721466
21,380,1,0.01,3,6,0.9971851110458374,0.0028623584657907486,0.053501013689375536,0.2210201621055603
21,380,1,0.01,3,7,0.9972870945930481,0.002758673159405589,0.05252307263865652,0.2737591862678528
21,380,1,0.01,3,8,0.9978818893432617,0.0021538338623940945,0.04640941566529463,0.2097100466489792
21,380,1,0.01,3,9,0.998491644859314,0.0015337972436100245,0.039163723566714444,0.1589362621307373
21,380,1,0.01,3,10,0.9974231719970703,0.0026202916633337736,0.05118878454636107,0.26979535818099976
21,380,1,0.01,3,11,0.9983972907066345,0.0016297654947265983,0.0403703541565664,0.15986967086791992
21,380,1,0.01,3,12,0.9986536502838135,0.0013690547784790397,0.037000740242311904,0.1923050433397293
21,380,1,0.01,3,13,0.9979740381240845,0.002060112077742815,0.04538845753870487,0.32379788160324097
21,380,1,0.01,3,14,0.9988270401954651,0.0011927701998502016,0.03453650532190832,0.2617434561252594
21,380,1,0.01,3,15,0.9987730979919434,0.001247598440386355,0.03532135954895217,0.20031778514385223
21,380,1,0.01,3,16,0.9984786510467529,0.0015470313373953104,0.03933231924760235,0.29594939947128296
21,380,1,0.01,3,17,0.9990811347961426,0.0009343954734504223,0.030567883038418318,0.1467563956975937
21,380,1,0.01,3,18,0.9991326332092285,0.0008820003713481128,0.029698491061805023,0.17775921523571014
21,380,1,0.01,3,19,0.9989850521087646,0.0010320533765479922,0.03212558756735808,0.2118113934993744
21,380,1,0.01,3,20,0.9990183115005493,0.0009982680203393102,0.03159537973089278,0.15735211968421936
21,380,1,0.01,3,21,0.9991101622581482,0.0009048578795045614,0.03008085569767857,0.18442878127098083
21,380,1,0.01,3,22,0.9979288578033447,0.0021060898434370756,0.04589215448676468,0.29737886786460876
21,380,1,0.01,3,23,0.9986025094985962,0.0014210594817996025,0.03769694260546341,0.2413041591644287
21,380,1,0.01,3,24,0.999154269695282,0.0008599923457950354,0.029325626093828504,0.19999399781227112
21,380,1,0.01,3,25,0.9986662268638611,0.0013562662061303854,0.03682751968474642,0.14769573509693146
21,380,1,0.01,3,26,0.9987961649894714,0.0012241366785019636,0.03498766466202001,0.17452001571655273
21,380,1,0.01,3,27,0.9990279674530029,0.0009884401224553585,0.0314394675917923,0.11200346797704697
21,380,1,0.01,3,28,0.9992144703865051,0.0007987545104697347,0.028262245318971646,0.1438559591770172
21,380,1,0.01,3,29,0.9986609220504761,0.0013616651995107532,0.036900747953269905,0.12385216355323792
21,380,1,0.01,3,30,0.999316394329071,0.0006951504619792104,0.026365706172587343,0.10941088199615479
21,380,1,0.01,3,31,0.9988225102424622,0.0011973597574979067,0.03460288654863791,0.13626304268836975
21,380,1,0.01,3,32,0.9988336563110352,0.0011859998339787126,0.034438348305032174,0.17632581293582916
21,380,1,0.01,3,33,0.9991542100906372,0.0008600327419117093,0.029326314836878316,0.13652750849723816
21,380,1,0.01,3,34,0.998619556427002,0.0014037052169442177,0.03746605419502056,0.22695869207382202
21,380,1,0.01,3,35,0.9993053078651428,0.0007064124220050871,0.026578420231554153,0.12829938530921936
21,380,1,0.01,3,36,0.998899519443512,0.001119066379033029,0.03345244952216547,0.14485251903533936
21,380,1,0.01,3,37,0.9993289709091187,0.0006823427393101156,0.026121690973405907,0.13404829800128937
21,380,1,0.01,3,38,0.9993536472320557,0.000657262688037008,0.025637134942052477,0.1272529512643814
21,380,1,0.01,3,39,0.9991347789764404,0.0008798132766969502,0.029661646560785362,0.15384551882743835
21,380,1,0.01,3,40,0.998828113079071,0.001191633054986596,0.03452003845575199,0.17629867792129517
21,380,1,0.01,3,41,0.9990493655204773,0.0009666429832577705,0.031090882638770013,0.11282433569431305
21,380,1,0.01,3,42,0.9993112683296204,0.000700364529620856,0.02646440117631336,0.11573787778615952
21,380,1,0.01,3,43,0.9988494515419006,0.0011699438327923417,0.03420444171145528,0.1659085750579834
21,380,1,0.01,3,44,0.9990364909172058,0.000979779870249331,0.03130143559406391,0.13326679170131683
21,380,1,0.01,3,45,0.9991017580032349,0.0009134162683039904,0.03022277730957217,0.1315900832414627
21,380,1,0.01,3,46,0.9978320002555847,0.0022045879159122705,0.046953039474695035,0.19123178720474243
21,380,1,0.01,3,47,0.9990392923355103,0.0009769113967195153,0.03125558184899963,0.1558673083782196
21,380,1,0.01,3,48,0.9990206360816956,0.0009958860464394093,0.03155766224610767,0.1803935170173645
21,380,1,0.01,3,49,0.9992902278900146,0.0007217255188152194,0.02686494963358799,0.1510172039270401
21,380,1,0.01,3,50,0.9993987083435059,0.0006114142015576363,0.024726791169855347,0.12842102348804474
21,380,1,0.01,3,51,0.9991506338119507,0.0008636974962428212,0.029388730769511318,0.11894140392541885
21,380,1,0.01,3,52,0.9994124174118042,0.000597515027038753,0.02444412050041386,0.0994727835059166
21,380,1,0.01,3,53,0.998244047164917,0.0017855720361694694,0.04225602958359279,0.26768118143081665
21,380,1,0.01,3,54,0.9987051486968994,0.0013166973367333412,0.03628632437617981,0.14308707416057587
21,380,1,0.01,3,55,0.9993945956230164,0.0006156183080747724,0.024811656697503542,0.1530412882566452
21,380,1,0.01,3,56,0.9992305636405945,0.0007824223139323294,0.02797181284672714,0.13822109997272491
21,380,1,0.01,3,57,0.9989802241325378,0.001036951201967895,0.03220172669233585,0.12782512605190277
21,380,1,0.01,3,58,0.9991850852966309,0.0008286790107376873,0.028786785349143924,0.15730370581150055
21,380,1,0.01,3,59,0.9989770650863647,0.0010401667095720768,0.03225161561181202,0.22750045359134674
21,380,1,0.01,3,60,0.9993635416030884,0.0006471780361607671,0.025439694105094248,0.1630535125732422
21,380,1,0.01,3,61,0.9967387914657593,0.0033162159379571676,0.057586595123840824,0.24210169911384583
21,380,1,0.01,3,62,0.9992812275886536,0.0007309135398827493,0.027035412700433283,0.17583774030208588
21,380,1,0.01,3,63,0.9993987679481506,0.0006113623385317624,0.02472574242630062,0.11200147867202759
21,380,1,0.01,3,64,0.999129593372345,0.0008850970189087093,0.029750580144069616,0.24579046666622162
21,380,1,0.01,3,65,0.9989517331123352,0.0010659386171028018,0.03264871539743642,0.12761813402175903
21,380,1,0.01,3,66,0.9992566704750061,0.0007558510988019407,0.027492746294285348,0.1365005224943161
21,380,1,0.01,3,67,0.998991847038269,0.0010251583298668265,0.032018093788775535,0.17904779314994812
21,380,1,0.01,3,68,0.9992026090621948,0.0008108493057079613,0.02847541581273154,0.1886080801486969
21,380,1,0.01,3,69,0.9993693232536316,0.0006413065711967647,0.025324031495730783,0.13165982067584991
21,380,1,0.01,3,70,0.9992914795875549,0.0007204710273072124,0.026841591370617583,0.15005998313426971
21,380,1,0.01,3,71,0.9992583990097046,0.0007541060331277549,0.027460991116996396,0.1607663780450821
21,380,1,0.01,3,72,0.9991329312324524,0.000881685467902571,0.029693188914338097,0.17342223227024078
21,380,1,0.01,3,73,0.9993001222610474,0.0007116661290638149,0.026677071223502307,0.17045581340789795
21,380,1,0.01,3,74,0.9994635581970215,0.0005454920465126634,0.02335577116073591,0.12528473138809204
21,380,1,0.01,3,75,0.9995436668395996,0.0004640599654521793,0.021542051096684812,0.11794640868902206
21,380,1,0.01,3,76,0.9992666244506836,0.0007457747124135494,0.02730887607378871,0.142319455742836
21,380,1,0.01,3,77,0.9993340373039246,0.0006772273918613791,0.026023592985238975,0.15190258622169495
21,380,1,0.01,3,78,0.9989901781082153,0.001026840996928513,0.032044359830218375,0.19737184047698975
21,380,1,0.01,3,79,0.9989582896232605,0.0010592879261821508,0.032546703768310405,0.18292813003063202
21,380,1,0.01,3,80,0.9994202256202698,0.0005895362701267004,0.024280367998172934,0.20435471832752228
21,380,1,0.01,3,81,0.9992626905441284,0.0007497648475691676,0.02738183426232011,0.17444953322410583
21,380,1,0.01,3,82,0.9992872476577759,0.0007247589528560638,0.026921347530464813,0.16896389424800873
21,380,1,0.01,3,83,0.9991006255149841,0.0009145350777544081,0.030241281020393435,0.16626249253749847
21,380,1,0.01,3,84,0.9994916915893555,0.0005169131327420473,0.022735723712739988,0.15551714599132538
21,380,1,0.01,3,85,0.9993936419487,0.0006166124367155135,0.024831682116109522,0.14956657588481903
21,380,1,0.01,3,86,0.9994219541549683,0.0005877997609786689,0.024244582095360376,0.1674581617116928
21,380,1,0.01,3,87,0.9993244409561157,0.0006869447533972561,0.026209630928291535,0.1503978669643402
21,380,1,0.01,3,88,0.9994003772735596,0.0006097621517255902,0.024693362503425697,0.19858117401599884
21,380,1,0.01,3,89,0.9995600581169128,0.00044736950076185167,0.021151111099936372,0.14078746736049652
21,380,1,0.01,3,90,0.9992972016334534,0.0007146656862460077,0.02673323187057651,0.20159375667572021
21,380,1,0.01,3,91,0.9994118809700012,0.0005980348796583712,0.02445475167852602,0.16481563448905945
21,380,1,0.01,3,92,0.9992523789405823,0.0007602588157169521,0.027572791221001765,0.12187273055315018
21,380,1,0.01,3,93,0.9993924498558044,0.0006177893374115229,0.02485536838213272,0.1847732812166214
21,380,1,0.01,3,94,0.9989445209503174,0.0010732815135270357,0.03276097546665904,0.2197452038526535
21,380,1,0.01,3,95,0.9994348287582397,0.0005747305694967508,0.023973538943942982,0.09254483133554459
21,380,1,0.01,3,96,0.9994719624519348,0.0005369473365135491,0.02317212412606037,0.17377078533172607
21,380,1,0.01,3,97,0.9993048906326294,0.0007068128325045109,0.02658595178857644,0.18457812070846558
21,380,1,0.01,3,98,0.9992665648460388,0.0007458172040060163,0.027309654044055855,0.18248921632766724
21,380,1,0.01,3,99,0.998812735080719,0.0012072644894942641,0.03474571181447092,0.1550937294960022
21,380,1,0.01,3,100,0.9994616508483887,0.0005474103963933885,0.02339680312336257,0.1386868804693222
22,380,1,0.01,3,1,0.9906687140464783,0.009488681331276894,0.09740986259756705,0.6123466491699219
22,380,1,0.01,3,2,0.995442807674408,0.004634055308997631,0.0680738959440227,0.4524187445640564
22,380,1,0.01,3,3,0.9960651993751526,0.004001192282885313,0.0632549783249138,0.272651344537735
22,380,1,0.01,3,4,0.9971932768821716,0.002854094607755542,0.053423727011090695,0.3007875382900238
22,380,1,0.01,3,5,0.9975259304046631,0.002515836851671338,0.050158118502106296,0.25387072563171387
22,380,1,0.01,3,6,0.9972049593925476,0.0028421899769455194,0.05331219351091755,0.27844858169555664
22,380,1,0.01,3,7,0.9981712698936462,0.0018596049631014466,0.043123137213118515,0.1811063438653946
22,380,1,0.01,3,8,0.9976972937583923,0.002341550076380372,0.04838956578003539,0.24086980521678925
22,380,1,0.01,3,9,0.9978074431419373,0.0022295378148555756,0.047217981901555,0.27146023511886597
22,380,1,0.01,3,10,0.9978797435760498,0.002156031085178256,0.04643308179712236,0.3480110168457031
22,380,1,0.01,3,11,0.9979725480079651,0.002061652485281229,0.04540542352276024,0.246978297829628
22,380,1,0.01,3,12,0.997546374797821,0.002495030639693141,0.0499502816778158,0.2517542541027069
22,380,1,0.01,3,13,0.9987441301345825,0.0012770482571795583,0.035735811970340876,0.1982938051223755
22,380,1,0.01,3,14,0.9987977147102356,0.0012225884711369872,0.03496553261623491,0.21766528487205505
22,380,1,0.01,3,15,0.9978187084197998,0.0022180730011314154,0.04709642238144438,0.3304221034049988
22,380,1,0.01,3,16,0.9980404376983643,0.001992596313357353,0.04463850706909174,0.21466338634490967
22,380,1,0.01,3,17,0.999032199382782,0.00098415685351938,0.031371274336873534,0.23657986521720886
22,380,1,0.01,3,18,0.998882532119751,0.0011363171506673098,0.033709303621809066,0.2378413826227188
22,380,1,0.01,3,19,0.9989515542984009,0.0010661230189725757,0.032651539304795044,0.27188339829444885
22,380,1,0.01,3,20,0.9989458918571472,0.001071894890628755,0.032739805903956656,0.19143246114253998
22,380,1,0.01,3,21,0.9989898204803467,0.0010272269137203693,0.03205038086700951,0.25624513626098633
22,380,1,0.01,3,22,0.9979392290115356,0.0020955249201506376,0.045776903785103656,0.19341912865638733
22,380,1,0.01,3,23,0.9988728165626526,0.0011461968533694744,0.03385552914029663,0.2291504144668579
22,380,1,0.01,3,24,0.9990792274475098,0.0009362937998957932,0.030598918279831286,0.15229451656341553
22,380,1,0.01,3,25,0.9979448914527893,0.0020898047368973494,0.04571438216685586,0.26245957612991333
22,380,1,0.01,3,26,0.9990100264549255,0.001006685197353363,0.03172830278085109,0.20700308680534363
22,380,1,0.01,3,27,0.9988849759101868,0.0011338569456711411,0.033672792365218855,0.199161097407341
22,380,1,0.01,3,28,0.9991260766983032,0.0008886680589057505,0.029810536038551043,0.18735569715499878
22,380,1,0.01,3,29,0.9986808896064758,0.0013413896085694432,0.0366249861238123,0.21021398901939392
22,380,1,0.01,3,30,0.998872697353363,0.0011463301489129663,0.03385749767648174,0.1889142245054245
22,380,1,0.01,3,31,0.9991862773895264,0.0008274447172880173,0.028765338817542497,0.1480613797903061
22,380,1,0.01,3,32,0.9991463422775269,0.0008680768078193069,0.029463143210107554,0.16508221626281738
22,380,1,0.01,3,33,0.9993224740028381,0.0006889547221362591,0.02624794700802825,0.16474725306034088
22,380,1,0.01,3,34,0.9988979697227478,0.001120636472478509,0.03347590883722963,0.12904991209506989
22,380,1,0.01,3,35,0.998944878578186,0.0010728933848440647,0.032755051287458925,0.1497834324836731
22,380,1,0.01,3,36,0.9992641806602478,0.0007482215878553689,0.027353639389583406,0.12857291102409363
22,380,1,0.01,3,37,0.9992879629135132,0.0007240630220621824,0.026908419166910984,0.15842629969120026
22,380,1,0.01,3,38,0.998238205909729,0.0017914882628247142,0.04232597621821278,0.20390628278255463
22,380,1,0.01,3,39,0.9988688826560974,0.001150206895545125,0.03391470028682437,0.18306607007980347
22,380,1,0.01,3,40,0.999406099319458,0.0006038916762918234,0.02457420754148185,0.15498900413513184
22,380,1,0.01,3,41,0.9971723556518555,0.0028753180522471666,0.05362199224429438,0.28980791568756104
22,380,1,0.01,3,42,0.9992976188659668,0.0007142032845877111,0.02672458202830703,0.14448152482509613
22,380,1,0.01,3,43,0.9991831183433533,0.000830682460218668,0.02882156241806936,0.12265715003013611
22,380,1,0.01,3,44,0.9991756081581116,0.0008383151143789291,0.028953671863494776,0.1724071502685547
22,380,1,0.01,3,45,0.9992358684539795,0.0007770078373141587,0.027874860310217856,0.15291619300842285
22,380,1,0.01,3,46,0.9990981221199036,0.0009170887060463428,0.03028347248989691,0.17874327301979065
22,380,1,0.01,3,47,0.9992102384567261,0.0008030817843973637,0.028338697648222364,0.13604283332824707
22,380,1,0.01,3,48,0.9993534088134766,0.0006574905128218234,0.02564157781459291,0.1248253658413887
22,380,1,0.01,3,49,0.9993879199028015,0.000622392981313169,0.02494780514019558,0.10895119607448578
22,380,1,0.01,3,50,0.9991365075111389,0.000878070539329201,0.029632255049678567,0.17262738943099976
22,380,1,0.01,3,51,0.9993107318878174,0.0007009254186414182,0.02647499610276493,0.12318885326385498
22,380,1,0.01,3,52,0.9994173049926758,0.000592513766605407,0.02434160567023891,0.1333983838558197
22,380,1,0.01,3,53,0.9994456768035889,0.0005636801943182945,0.02374195009510159,0.13538125157356262
22,380,1,0.01,3,54,0.9991836547851562,0.000830087112262845,0.028811232397501586,0.12788888812065125
22,380,1,0.01,3,55,0.9994539022445679,0.0005553168593905866,0.023565161985239707,0.14362184703350067
22,380,1,0.01,3,56,0.9987967610359192,0.0012235494796186686,0.03497927214249417,0.19459280371665955
22,380,1,0.01,3,57,0.9991891980171204,0.0008244813070632517,0.028713782527964714,0.1655319333076477
22,380,1,0.01,3,58,0.9994485974311829,0.0005607341299764812,0.023679825378927127,0.12406853586435318
22,380,1,0.01,3,59,0.9989433288574219,0.0010745213367044926,0.03277989226194151,0.15681199729442596
22,380,1,0.01,3,60,0.9983840584754944,0.0016431881813332438,0.04053625761381092,0.1808750480413437
22,380,1,0.01,3,61,0.9992597103118896,0.0007527722627855837,0.027436695551497883,0.1666400134563446
22,380,1,0.01,3,62,0.9989874362945557,0.0010296590626239777,0.032088301024267046,0.16469387710094452
22,380,1,0.01,3,63,0.9994462132453918,0.0005631051608361304,0.02372983693235439,0.12828046083450317
22,380,1,0.01,3,64,0.9992489218711853,0.0007637585513293743,0.02763618192387245,0.14341431856155396
22,380,1,0.01,3,65,0.9988554120063782,0.0011638712603598833,0.03411555745345345,0.1792726069688797
22,380,1,0.01,3,66,0.9988653659820557,0.001153785502538085,0.03396741824952384,0.1967141330242157
22,380,1,0.01,3,67,0.9990304708480835,0.0009858773555606604,0.03139868397816476,0.15383154153823853
22,380,1,0.01,3,68,0.9988440871238708,0.0011754255974665284,0.034284480417041886,0.15148384869098663
22,380,1,0.01,3,69,0.9992492198944092,0.000763445277698338,0.02763051352578048,0.14516529440879822
22,380,1,0.01,3,70,0.998799741268158,0.0012205214006826282,0.03493596142490755,0.1495657116174698
22,380,1,0.01,3,71,0.998778223991394,0.0012423678999766707,0.035247239607899376,0.10820657014846802
22,380,1,0.01,3,72,0.9995039701461792,0.0005044132703915238,0.022459146697760442,0.1381419599056244
22,380,1,0.01,3,73,0.9994556903839111,0.0005534703959710896,0.02352595154230939,0.11142075806856155
22,380,1,0.01,3,74,0.999402642250061,0.0006074570119380951,0.02464664301559332,0.12586568295955658
22,380,1,0.01,3,75,0.9995153546333313,0.0004928437410853803,0.02220008425851984,0.12011901289224625
22,380,1,0.01,3,76,0.9992652535438538,0.0007471441640518606,0.027333937953611085,0.16110621392726898
22,380,1,0.01,3,77,0.9995609521865845,0.0004464344820007682,0.02112899623741668,0.11236636340618134
22,380,1,0.01,3,78,0.9984869956970215,0.001538546523079276,0.039224310358236716,0.14448441565036774
22,380,1,0.01,3,79,0.9994373917579651,0.000572076765820384,0.023918126302459063,0.11834397166967392
22,380,1,0.01,3,80,0.9985769391059875,0.001447092043235898,0.03804066302308489,0.17922084033489227
22,380,1,0.01,3,81,0.9991682171821594,0.0008458337397314608,0.029083220931173714,0.11325149238109589
22,380,1,0.01,3,82,0.9991305470466614,0.0008841062081046402,0.029733923523555385,0.12545624375343323
22,380,1,0.01,3,83,0.9993402361869812,0.0006708779255859554,0.025901311271554484,0.13368885219097137
22,380,1,0.01,3,84,0.99940425157547,0.0006057770224288106,0.02461253791117061,0.15376591682434082
22,380,1,0.01,3,85,0.999193012714386,0.0008206032798625529,0.028646173913152048,0.1032249704003334
22,380,1,0.01,3,86,0.9993873238563538,0.0006230359431356192,0.02496068795397313,0.18937838077545166
22,380,1,0.01,3,87,0.9995071887969971,0.0005011506145820022,0.022386393514409644,0.11262986063957214
22,380,1,0.01,3,88,0.9989849328994751,0.0010321959853172302,0.03212780704183263,0.16740266978740692
22,380,1,0.01,3,89,0.9994667172431946,0.0005422617541626096,0.023286514427080098,0.11820276826620102
22,380,1,0.01,3,90,0.9989430904388428,0.0010747615015134215,0.03278355535193554,0.16013173758983612
22,380,1,0.01,3,91,0.9994248151779175,0.0005848826258443296,0.024184346711133828,0.11556084454059601
22,380,1,0.01,3,92,0.9994832873344421,0.0005254050483927131,0.02292171565116174,0.11886455863714218
22,380,1,0.01,3,93,0.9995080232620239,0.0005002843681722879,0.02236703753679257,0.1128869354724884
22,380,1,0.01,3,94,0.9992369413375854,0.0007759109139442444,0.027855177506959893,0.09831219911575317
22,380,1,0.01,3,95,0.9992173910140991,0.0007958091446198523,0.028210089411766358,0.1520426869392395
22,380,1,0.01,3,96,0.9993003606796265,0.0007114507025107741,0.026673033245410507,0.13455450534820557
22,380,1,0.01,3,97,0.9993847012519836,0.0006256736814975739,0.025013470001132868,0.12739181518554688
22,380,1,0.01,3,98,0.9995163083076477,0.0004918582271784544,0.022177876976357643,0.13050328195095062
22,380,1,0.01,3,99,0.9995582103729248,0.0004492466105148196,0.021195438436484856,0.1038152277469635
22,380,1,0.01,3,100,0.9994235634803772,0.0005861468380317092,0.02421046959543968,0.10757938772439957
23,380,1,0.01,3,1,0.9906648993492126,0.009492611512541771,0.09743003393482819,0.6405256390571594
23,380,1,0.01,3,2,0.9930976629257202,0.007018808741122484,0.08377833097598976,0.5212690830230713
23,380,1,0.01,3,3,0.9946101903915405,0.005480707623064518,0.07403180143063194,0.32927650213241577
23,380,1,0.01,3,4,0.9956537485122681,0.004419553559273481,0.0664797229181461,0.25449779629707336
23,380,1,0.01,3,5,0.9960743188858032,0.0039918869733810425,0.06318138154061718,0.24687378108501434
23,380,1,0.01,3,6,0.9967743158340454,0.003280083881691098,0.05727201656735249,0.28797727823257446
23,380,1,0.01,3,7,0.997628927230835,0.0024110551457852125,0.0491024963294659,0.25089675188064575
23,380,1,0.01,3,8,0.9978296160697937,0.0022070184350013733,0.04697891479165279,0.18386238813400269
23,380,1,0.01,3,9,0.9976440668106079,0.002395657589659095,0.048945455250299745,0.2025292068719864
23,380,1,0.01,3,10,0.997261106967926,0.0027850866317749023,0.0527739199962908,0.26195865869522095
23,380,1,0.01,3,11,0.9983125329017639,0.0017159362323582172,0.04142386066457612,0.21791046857833862
23,380,1,0.01,3,12,0.9985003471374512,0.0015249787829816341,0.039050976722505085,0.1423361599445343
23,380,1,0.01,3,13,0.9988676309585571,0.0011514717480167747,0.03393334271799309,0.14954529702663422
23,380,1,0.01,3,14,0.9987980723381042,0.001222209888510406,0.03496011854256799,0.19823849201202393
23,380,1,0.01,3,15,0.998428225517273,0.0015982877230271697,0.03997859080842107,0.1432500183582306
23,380,1,0.01,3,16,0.9989140629768372,0.001104268478229642,0.03323053532866484,0.12107101082801819
23,380,1,0.01,3,17,0.9985381364822388,0.0014865412376821041,0.038555690081777866,0.15252810716629028
23,380,1,0.01,3,18,0.9989485144615173,0.001069217105396092,0.032698885384613526,0.15482227504253387
23,380,1,0.01,3,19,0.9988018274307251,0.0012183568906039,0.0349049694256262,0.2144472748041153
23,380,1,0.01,3,20,0.9985642433166504,0.0014599862042814493,0.03820976582343118,0.184573695063591
23,380,1,0.01,3,21,0.9980918169021606,0.0019404044141992927,0.0440500217275689,0.20388786494731903
23,380,1,0.01,3,22,0.9988364577293396,0.001183168962597847,0.034397223181498925,0.15343672037124634
23,380,1,0.01,3,23,0.9988372325897217,0.0011823816457763314,0.034385776794720394,0.18592208623886108
23,380,1,0.01,3,24,0.9987210631370544,0.0013005281798541546,0.036062836547534005,0.1645517796278
23,380,1,0.01,3,25,0.9991479516029358,0.0008664376800879836,0.029435313487170194,0.1121143326163292
23,380,1,0.01,3,26,0.9990105032920837,0.0010062181390821934,0.031720941648730946,0.18307551741600037
23,380,1,0.01,3,27,0.9989542365074158,0.0010634252103045583,0.03261020101600967,0.204013854265213
23,380,1,0.01,3,28,0.9989801049232483,0.001037112670019269,0.032204233728180355,0.16406293213367462
23,380,1,0.01,3,29,0.9976550340652466,0.002384524093940854,0.04883158909907453,0.14987023174762726
23,380,1,0.01,3,30,0.9991061687469482,0.000908940564841032,0.030148641177357098,0.11626589298248291
23,380,1,0.01,3,31,0.9991827011108398,0.0008311113924719393,0.02882900262707573,0.1283131241798401
23,380,1,0.01,3,32,0.9987602233886719,0.001260676421225071,0.03550600542478795,0.16136795282363892
23,380,1,0.01,3,33,0.9991413950920105,0.0008730788249522448,0.029547907285495615,0.141093447804451
23,380,1,0.01,3,34,0.998522937297821,0.0015019989805296063,0.038755631597609225,0.20917856693267822
23,380,1,0.01,3,35,0.9992095232009888,0.0008038150845095515,0.028351632836744193,0.18734635412693024
23,380,1,0.01,3,36,0.9984299540519714,0.0015965559286996722,0.03995692591653758,0.233775332570076
23,380,1,0.01,3,37,0.9992552995681763,0.0007572767208330333,0.02751866131978504,0.12847787141799927
23,380,1,0.01,3,38,0.9993703365325928,0.0006403010338544846,0.025304170285834003,0.10862797498703003
23,380,1,0.01,3,39,0.9992146492004395,0.0007986059063114226,0.02825961617417021,0.10943786799907684
23,380,1,0.01,3,40,0.9989691376686096,0.001048224396072328,0.03237629373588534,0.1269923597574234
23,380,1,0.01,3,41,0.9994075894355774,0.0006024239119142294,0.024544325452418313,0.09817705303430557
23,380,1,0.01,3,42,0.9989843368530273,0.0010327851632609963,0.0321369750172756,0.1715606451034546
23,380,1,0.01,3,43,0.99930340051651,0.0007083296659402549,0.026614463472710754,0.14035393297672272
23,380,1,0.01,3,44,0.9991552233695984,0.000859046820551157,0.029309500516916984,0.11171874403953552
23,380,1,0.01,3,45,0.9992728233337402,0.0007394387503154576,0.027192623086334602,0.1286456286907196
23,380,1,0.01,3,46,0.9991990327835083,0.0008144784951582551,0.028539069626710944,0.12233255058526993
23,380,1,0.01,3,47,0.9990650415420532,0.0009507120121270418,0.030833618213356697,0.1368514597415924
23,380,1,0.01,3,48,0.9993449449539185,0.0006660858634859324,0.0258086393187617,0.17380332946777344
23,380,1,0.01,3,49,0.9989930391311646,0.0010239422554150224,0.0319990977281395,0.1305396407842636
23,380,1,0.01,3,50,0.9991762042045593,0.0008376963087357581,0.02894298375661635,0.13663600385189056
23,380,1,0.01,3,51,0.9988439083099365,0.0011755999876186252,0.03428702360396168,0.13920189440250397
23,380,1,0.01,3,52,0.9990512132644653,0.0009647889528423548,0.031061052024075983,0.12311943620443344
23,380,1,0.01,3,53,0.9990640878677368,0.000951724243350327,0.030850028255259784,0.11876606196165085
23,380,1,0.01,3,54,0.9992676973342896,0.0007446691743098199,0.02728862719723768,0.11055266112089157
23,380,1,0.01,3,55,0.9991803169250488,0.0008335322490893304,0.028870958575865305,0.1391432285308838
23,380,1,0.01,3,56,0.9986485838890076,0.0013742247829213738,0.03707053793676825,0.172969788312912
23,380,1,0.01,3,57,0.9991658329963684,0.0008482290431857109,0.0291243719792498,0.11798447370529175
23,380,1,0.01,3,58,0.999229907989502,0.0007830634131096303,0.027983270236154142,0.14860017597675323
23,380,1,0.01,3,59,0.9993245601654053,0.0006868059281259775,0.026206982430756455,0.10555730760097504
23,380,1,0.01,3,60,0.9993727207183838,0.0006378386751748621,0.02525546822323558,0.14056049287319183
23,380,1,0.01,3,61,0.9992868304252625,0.0007252306095324457,0.02693010600670643,0.1029597595334053
23,380,1,0.01,3,62,0.9990840554237366,0.0009314115741290152,0.030519036258194902,0.1278909146785736
23,380,1,0.01,3,63,0.999143123626709,0.0008713596616871655,0.029518801833529177,0.10143080353736877
23,380,1,0.01,3,64,0.9994186758995056,0.0005911386106163263,0.024313342234590585,0.09396256506443024
23,380,1,0.01,3,65,0.9980642199516296,0.0019684163853526115,0.04436683880278841,0.22152799367904663
23,380,1,0.01,3,66,0.9992640614509583,0.0007483791559934616,0.027356519442236462,0.10426339507102966
23,380,1,0.01,3,67,0.9993161559104919,0.0006954039563424885,0.026370513008708962,0.09448392689228058
23,380,1,0.01,3,68,0.9993282556533813,0.0006831049104221165,0.02613627575654413,0.12224426865577698
23,380,1,0.01,3,69,0.9993754029273987,0.0006351215997710824,0.025201618991070443,0.1269930899143219
23,380,1,0.01,3,70,0.9994224309921265,0.0005873313639312983,0.02423492034093156,0.11717528104782104
23,380,1,0.01,3,71,0.9990788698196411,0.0009366762242279947,0.030605166626372002,0.16448915004730225
23,380,1,0.01,3,72,0.9992896318435669,0.000722331868018955,0.0268762324000027,0.10356537997722626
23,380,1,0.01,3,73,0.9993151426315308,0.0006964412750676274,0.02639017383549467,0.13648469746112823
23,380,1,0.01,3,74,0.9991300106048584,0.0008846783894114196,0.029743543659278726,0.16518549621105194
23,380,1,0.01,3,75,0.9992460608482361,0.0007666396559216082,0.0276882584486928,0.1250636875629425
23,380,1,0.01,3,76,0.999230682849884,0.0007822804036550224,0.02796927606598037,0.12622912228107452
23,380,1,0.01,3,77,0.999482274055481,0.0005264357896521688,0.022944188581254486,0.10618732124567032
23,380,1,0.01,3,78,0.9994603395462036,0.0005487909074872732,0.023426286677304904,0.10354357957839966
23,380,1,0.01,3,79,0.9991142153739929,0.0009007137268781662,0.030011893090542727,0.1265246868133545
23,380,1,0.01,3,80,0.9995138049125671,0.0004944262909702957,0.022235698571672888,0.1308140605688095
23,380,1,0.01,3,81,0.9991191029548645,0.000895749602932483,0.029929076212480782,0.14457327127456665
23,380,1,0.01,3,82,0.999385416507721,0.0006249477155506611,0.024998954289142998,0.11423227190971375
23,380,1,0.01,3,83,0.9994443655014038,0.0005650381790474057,0.023770531736740888,0.1263422667980194
23,380,1,0.01,3,84,0.9994325637817383,0.0005769974086433649,0.024020770359073934,0.12784430384635925
23,380,1,0.01,3,85,0.9992784857749939,0.0007336963899433613,0.027086830562901988,0.126999631524086
23,380,1,0.01,3,86,0.9991620779037476,0.0008520427509211004,0.029189771340678575,0.12123033404350281
23,380,1,0.01,3,87,0.9993160367012024,0.0006955243297852576,0.02637279525922987,0.1997733861207962
23,380,1,0.01,3,88,0.9989464282989502,0.0010713210795074701,0.03273104152799709,0.12729515135288239
23,380,1,0.01,3,89,0.9994667172431946,0.0005422600079327822,0.023286476932605802,0.11189161241054535
23,380,1,0.01,3,90,0.999261200428009,0.0007512635784223676,0.027409187846821868,0.11868518590927124
23,380,1,0.01,3,91,0.9991899132728577,0.0008237541187554598,0.028701117029750946,0.13102023303508759
23,380,1,0.01,3,92,0.9993908405303955,0.0006194304442033172,0.02488835961254412,0.17404945194721222
23,380,1,0.01,3,93,0.999496340751648,0.000512171711307019,0.022631210999569135,0.15767207741737366
23,380,1,0.01,3,94,0.9990953207015991,0.00091992795933038,0.030330314197686444,0.1530824452638626
23,380,1,0.01,3,95,0.999203622341156,0.0008097976678982377,0.028456944106812272,0.16871580481529236
23,380,1,0.01,3,96,0.9994418025016785,0.0005676181754097342,0.023824738726998335,0.11700063198804855
23,380,1,0.01,3,97,0.9992146492004395,0.0007985845440998673,0.028259238208059808,0.11625729501247406
23,380,1,0.01,3,98,0.9991400241851807,0.0008744914666749537,0.029571801884142157,0.12621167302131653
23,380,1,0.01,3,99,0.9993669390678406,0.0006437412230297923,0.025372055948026606,0.14157730340957642
23,380,1,0.01,3,100,0.9996026158332825,0.0004040768835693598,0.020101663701528782,0.11418792605400085
24,380,1,0.01,3,1,0.9907493591308594,0.009406697936356068,0.09698813296664735,0.5345479249954224
24,380,1,0.01,3,2,0.9948967695236206,0.0051893191412091255,0.07203692901012039,0.40466049313545227
24,380,1,0.01,3,3,0.9946608543395996,0.005429204553365707,0.07368313615316402,0.35236606001853943
24,380,1,0.01,3,4,0.9962133169174194,0.00385056110098958,0.06205288954585097,0.28955939412117004
24,380,1,0.01,3,5,0.9970501661300659,0.0029996016528457403,0.05476861923442785,0.251804918050766
24,380,1,0.01,3,6,0.9970207214355469,0.0030295623000711203,0.055041459828670244,0.26932787895202637
24,380,1,0.01,3,7,0.9967057108879089,0.0033498909324407578,0.05787824230607524,0.3617691397666931
24,380,1,0.01,3,8,0.9972652196884155,0.00278093246743083,0.052734547190914895,0.28981107473373413
24,380,1,0.01,3,9,0.9979468584060669,0.002087799133732915,0.04569244066290304,0.19250726699829102
24,380,1,0.01,3,10,0.9980649948120117,0.00196764781139791,0.0443581763759277,0.21780505776405334
24,380,1,0.01,3,11,0.9982072710990906,0.0018229883862659335,0.04269646807718331,0.2187305986881256
24,380,1,0.01,3,12,0.9985356330871582,0.001489073969423771,0.038588521213228304,0.15765021741390228
24,380,1,0.01,3,13,0.9987229108810425,0.0012986334040760994,0.03603655649581546,0.17574624717235565
24,380,1,0.01,3,14,0.9983572959899902,0.0016704443842172623,0.040871070260237403,0.19511152803897858
24,380,1,0.01,3,15,0.9989936351776123,0.001023333054035902,0.03198957727191627,0.17317385971546173
24,380,1,0.01,3,16,0.9988892674446106,0.0011294698342680931,0.03360758596311394,0.16008435189723969
24,380,1,0.01,3,17,0.9989124536514282,0.0011059086536988616,0.03325520491139487,0.15674158930778503
24,380,1,0.01,3,18,0.9983769655227661,0.0016503863735124469,0.04062494767396565,0.16618499159812927
24,380,1,0.01,3,19,0.999030590057373,0.0009857501136139035,0.031396657682210435,0.1528036892414093
24,380,1,0.01,3,20,0.9989314079284668,0.0010866037337109447,0.03296367294023748,0.16389967501163483
24,380,1,0.01,3,21,0.9991225600242615,0.0008922669803723693,0.029870838293766872,0.12224391847848892
24,380,1,0.01,3,22,0.9975458979606628,0.0024955247063189745,0.04995522701698967,0.22920487821102142
24,380,1,0.01,3,23,0.9982051253318787,0.001825166866183281,0.042721971702898744,0.19718629121780396
24,380,1,0.01,3,24,0.9989168643951416,0.0011013932526111603,0.03318724533026446,0.15887247025966644
24,380,1,0.01,3,25,0.9991140961647034,0.0009008466731756926,0.030014107902379718,0.14878308773040771
24,380,1,0.01,3,26,0.999289333820343,0.0007226630114018917,0.02688239221873477,0.12245328724384308
24,380,1,0.01,3,27,0.9987141489982605,0.001307570026256144,0.036160337750858244,0.1493586152791977
24,380,1,0.01,3,28,0.9990419149398804,0.000974263355601579,0.03121319201237802,0.14749620854854584
24,380,1,0.01,3,29,0.9992970824241638,0.000714752241037786,0.026734850682915475,0.1402069628238678
24,380,1,0.01,3,30,0.9984374642372131,0.0015889236237853765,0.03986130484298497,0.17350497841835022
24,380,1,0.01,3,31,0.9992290139198303,0.000784010102506727,0.028000180401324685,0.12772487103939056
24,380,1,0.01,3,32,0.9985462427139282,0.00147825269959867,0.0384480519610379,0.21011660993099213
24,380,1,0.01,3,33,0.9991992712020874,0.0008142468868754804,0.0285350115976055,0.17380249500274658
24,380,1,0.01,3,34,0.9993466734886169,0.0006643422530032694,0.02577483759412015,0.1296086460351944
24,380,1,0.01,3,35,0.9993007779121399,0.0007110051810741425,0.026664680404500304,0.12507303059101105
24,380,1,0.01,3,36,0.9991527199745178,0.0008615492843091488,0.029352159789513766,0.12152401357889175
24,380,1,0.01,3,37,0.9990657567977905,0.0009500281303189695,0.03082252634549883,0.1495351344347
24,380,1,0.01,3,38,0.9992280006408691,0.0007850381080061197,0.0280185315105221,0.13664641976356506
24,380,1,0.01,3,39,0.9991673231124878,0.000846699345856905,0.029098098663948902,0.19902224838733673
24,380,1,0.01,3,40,0.9990580677986145,0.0009578048484399915,0.03094842239016379,0.1568221151828766
24,380,1,0.01,3,41,0.9992509484291077,0.0007617005612701178,0.0275989231904094,0.12144646048545837
24,380,1,0.01,3,42,0.9981018304824829,0.0019301829161122441,0.04393384704430337,0.15968142449855804
24,380,1,0.01,3,43,0.999408483505249,0.0006015200633555651,0.024525905964012117,0.19530746340751648
24,380,1,0.01,3,44,0.9989110827445984,0.001107302843593061,0.03327616028920796,0.21765054762363434
24,380,1,0.01,3,45,0.9992302060127258,0.0007827688241377473,0.027978006078663777,0.09378914535045624
24,380,1,0.01,3,46,0.9992645978927612,0.0007478328770957887,0.02734653318239423,0.12594008445739746
24,380,1,0.01,3,47,0.9988938570022583,0.0011248283553868532,0.033538460838071465,0.13814149796962738
24,380,1,0.01,3,48,0.9993283748626709,0.0006829620688222349,0.026133542982577675,0.11863399296998978
24,380,1,0.01,3,49,0.9994088411331177,0.0006011304794810712,0.024517962384363656,0.1085396409034729
24,380,1,0.01,3,50,0.9993704557418823,0.000640146667137742,0.025301119879122782,0.14368991553783417
24,380,1,0.01,3,51,0.9993356466293335,0.0006755642243660986,0.025991618348346426,0.08071890473365784
24,380,1,0.01,3,52,0.9990041255950928,0.0010126738343387842,0.031822536579266966,0.11998982727527618
24,380,1,0.01,3,53,0.9994125962257385,0.000597299775108695,0.02443971716507159,0.10172547399997711
24,380,1,0.01,3,54,0.999287486076355,0.0007245535380207002,0.026917532168100035,0.17406785488128662
24,380,1,0.01,3,55,0.9988889694213867,0.0011297955643385649,0.03361243169332687,0.16767196357250214
24,380,1,0.01,3,56,0.9992151260375977,0.0007980872178450227,0.028250437480595282,0.11976385861635208
24,380,1,0.01,3,57,0.9992504715919495,0.0007621956174261868,0.02760789049214349,0.15653543174266815
24,380,1,0.01,3,58,0.9991278648376465,0.0008868665900081396,0.029780305404883606,0.13914170861244202
24,380,1,0.01,3,59,0.9995100498199463,0.0004982304526492953,0.0223210764222807,0.13180935382843018
24,380,1,0.01,3,60,0.9995646476745605,0.00044269958743825555,0.02104042745379132,0.10954393446445465
24,380,1,0.01,3,61,0.9993851184844971,0.0006252264720387757,0.025004529030533164,0.1835249364376068
24,380,1,0.01,3,62,0.999354898929596,0.000656002142932266,0.025612538783421412,0.10387726128101349
24,380,1,0.01,3,63,0.9992005825042725,0.0008128814515657723,0.028511075945424652,0.1554255336523056
24,380,1,0.01,3,64,0.99940025806427,0.0006098758312873542,0.02469566422041234,0.1435849368572235
24,380,1,0.01,3,65,0.9994688034057617,0.0005401382804848254,0.023240875209097126,0.12282003462314606
24,380,1,0.01,3,66,0.9991936683654785,0.0008199405274353921,0.028634603671700995,0.13942119479179382
24,380,1,0.01,3,67,0.9994375705718994,0.0005719128530472517,0.02391469951823045,0.12057381868362427
24,380,1,0.01,3,68,0.9985119104385376,0.0015131700783967972,0.03889948686546903,0.1908666044473648
24,380,1,0.01,3,69,0.9994264841079712,0.0005832010647282004,0.024149556201475016,0.14501851797103882
24,380,1,0.01,3,70,0.9989508390426636,0.0010668535251170397,0.03266272378594657,0.10948316007852554
24,380,1,0.01,3,71,0.9994637966156006,0.0005452484474517405,0.023350555613341206,0.10112486034631729
24,380,1,0.01,3,72,0.9994372725486755,0.0005722498171962798,0.023921743606942193,0.11485617607831955
24,380,1,0.01,3,73,0.9992053508758545,0.0008080764091573656,0.028426684807718355,0.1686025857925415
24,380,1,0.01,3,74,0.9993195533752441,0.0006919003208167851,0.02630399819070829,0.11337282508611679
24,380,1,0.01,3,75,0.9987358450889587,0.0012854565866291523,0.03585326465789625,0.1777714043855667
24,380,1,0.01,3,76,0.9991422295570374,0.0008722222992219031,0.029533409881385236,0.19078010320663452
24,380,1,0.01,3,77,0.9995864629745483,0.00042053539073094726,0.020506959568179463,0.12695357203483582
24,380,1,0.01,3,78,0.9989385604858398,0.0010793509427458048,0.032853476874538025,0.15074124932289124
24,380,1,0.01,3,79,0.9992104768753052,0.000802825263235718,0.028334171299611324,0.17125961184501648
24,380,1,0.01,3,80,0.9994094967842102,0.0006004952010698617,0.02450500359252905,0.1450716108083725
24,380,1,0.01,3,81,0.9993354678153992,0.0006757259834557772,0.025994729916961577,0.1075446829199791
24,380,1,0.01,3,82,0.9990279674530029,0.000988450599834323,0.031439634219155965,0.19117987155914307
24,380,1,0.01,3,83,0.99932861328125,0.0006827181205153465,0.026128875224841704,0.18203696608543396
24,380,1,0.01,3,84,0.9994304776191711,0.0005791425937786698,0.024065381646229296,0.14137107133865356
24,380,1,0.01,3,85,0.9994685053825378,0.0005404888070188463,0.0232484151506903,0.1265704333782196
24,380,1,0.01,3,86,0.9989222884178162,0.0010958778439089656,0.03310404573324786,0.13905069231987
24,380,1,0.01,3,87,0.99941486120224,0.0005950218182988465,0.02439306906272449,0.11723928153514862
24,380,1,0.01,3,88,0.9993987083435059,0.0006114195566624403,0.024726899455096273,0.10695990920066833
24,380,1,0.01,3,89,0.9994741678237915,0.0005347324768081307,0.023124283271230932,0.1542564183473587
24,380,1,0.01,3,90,0.9994611740112305,0.0005479117389768362,0.02340751458350152,0.10309766978025436
24,380,1,0.01,3,91,0.9995169043540955,0.0004912575241178274,0.022164329994787287,0.11442230641841888
24,380,1,0.01,3,92,0.9993860721588135,0.0006242642411962152,0.02498528049064519,0.15950608253479004
24,380,1,0.01,3,93,0.9993366599082947,0.0006745061837136745,0.02597125687589406,0.12660908699035645
24,380,1,0.01,3,94,0.9994120597839355,0.0005978652625344694,0.024451283453726297,0.12060438096523285
24,380,1,0.01,3,95,0.9994685053825378,0.000540437875315547,0.02324731974476944,0.14026130735874176
24,380,1,0.01,3,96,0.9988258481025696,0.0011939671821892262,0.03455383021011167,0.1977897435426712
24,380,1,0.01,3,97,0.9994639754295349,0.0005450542084872723,0.023346396049225077,0.11471077799797058
24,380,1,0.01,3,98,0.9993295669555664,0.0006817360990680754,0.026110076581045784,0.10787450522184372
24,380,1,0.01,3,99,0.9990943074226379,0.0009209807030856609,0.030347663881848647,0.2498822957277298
24,380,1,0.01,3,100,0.9988744854927063,0.0011444904375821352,0.03383031831925522,0.1329985111951828
25,380,1,0.01,3,1,0.9896751046180725,0.010499076917767525,0.10246500338050804,0.3997751772403717
25,380,1,0.01,3,2,0.9948146343231201,0.0052728429436683655,0.0726143439250701,0.25446417927742004
25,380,1,0.01,3,3,0.991046667098999,0.009104367345571518,0.09541680850652844,0.2830456793308258
25,380,1,0.01,3,4,0.9963724613189697,0.0036887316964566708,0.06073492978885108,0.3211122155189514
25,380,1,0.01,3,5,0.9929274916648865,0.007191817741841078,0.08480458561800228,0.27907729148864746
25,380,1,0.01,3,6,0.9975806474685669,0.0024601505137979984,0.04959990437287151,0.2966955900192261
25,380,1,0.01,3,7,0.9972381591796875,0.0028084558434784412,0.052994866199269165,0.2622840404510498
25,380,1,0.01,3,8,0.9982221126556396,0.0018079038709402084,0.042519452853255396,0.23084916174411774
25,380,1,0.01,3,9,0.9951966404914856,0.004884399939328432,0.0698884821650065,0.24081268906593323
25,380,1,0.01,3,10,0.99846351146698,0.0015623985091224313,0.03952718696191814,0.20629136264324188
25,380,1,0.01,3,11,0.9984462261199951,0.0015799655811861157,0.03974878087672772,0.19562456011772156
25,380,1,0.01,3,12,0.998444676399231,0.0015815470833331347,0.03976866961985445,0.22025200724601746
25,380,1,0.01,3,13,0.9988662004470825,0.0011529299663379788,0.03395482243125384,0.18580888211727142
25,380,1,0.01,3,14,0.997243344783783,0.002803132403641939,0.05294461638015653,0.3158804178237915
25,380,1,0.01,3,15,0.9989101886749268,0.001108185388147831,0.03328941856127606,0.19412100315093994
25,380,1,0.01,3,16,0.9989556074142456,0.0010620004031807184,0.032588347659565656,0.20469696819782257
25,380,1,0.01,3,17,0.9986696839332581,0.0013527658302336931,0.0367799650656943,0.18611498177051544
25,380,1,0.01,3,18,0.999160647392273,0.0008534957887604833,0.029214650241967354,0.17468968033790588
25,380,1,0.01,3,19,0.9987173676490784,0.0013042984064668417,0.036115071735590414,0.1831030249595642
25,380,1,0.01,3,20,0.9988746047019958,0.0011443999828770757,0.0338289814046636,0.14588111639022827
25,380,1,0.01,3,21,0.9986893534660339,0.0013327468186616898,0.036506805100716355,0.15918366611003876
25,380,1,0.01,3,22,0.9990641474723816,0.0009516371064819396,0.030848615957315483,0.1476401388645172
25,380,1,0.01,3,23,0.9991902112960815,0.0008234704728238285,0.028696175229877385,0.15765103697776794
25,380,1,0.01,3,24,0.9990853667259216,0.0009300762903876603,0.03049715216848387,0.15534143149852753
25,380,1,0.01,3,25,0.998962938785553,0.0010545828845351934,0.0324743419415266,0.1689085066318512
25,380,1,0.01,3,26,0.9990711212158203,0.0009445369942113757,0.030733320585504192,0.13870719075202942
25,380,1,0.01,3,27,0.9992699027061462,0.0007424187497235835,0.027247362252584808,0.19470363855361938
25,380,1,0.01,3,28,0.9992040395736694,0.0008093778160400689,0.028449566183688442,0.14494770765304565
25,380,1,0.01,3,29,0.9989399313926697,0.0010779615258798003,0.03283232440567985,0.20889677107334137
25,380,1,0.01,3,30,0.9987562894821167,0.0012646677205339074,0.035562166983100274,0.2010333091020584
25,380,1,0.01,3,31,0.9988641738891602,0.0011549713090062141,0.033984868824319656,0.20440346002578735
25,380,1,0.01,3,32,0.9988981485366821,0.0011204160982742906,0.03347261714109446,0.17627279460430145
25,380,1,0.01,3,33,0.9992391467094421,0.000773679290432483,0.02781509105562092,0.13459034264087677
25,380,1,0.01,3,34,0.9987527132034302,0.0012683022068813443,0.03561323078409686,0.12377963215112686
25,380,1,0.01,3,35,0.999321699142456,0.0006897389539517462,0.02626288167646015,0.12418641895055771
25,380,1,0.01,3,36,0.9992594122886658,0.0007531011360697448,0.02744268820778578,0.1584485024213791
25,380,1,0.01,3,37,0.9991379380226135,0.0008765750681050122,0.02960701045538053,0.13884337246418
25,380,1,0.01,3,38,0.9993983507156372,0.0006117917946539819,0.024734425294596636,0.15375304222106934
25,380,1,0.01,3,39,0.9989625811576843,0.0010549366706982255,0.03247978864922347,0.2124810367822647
25,380,1,0.01,3,40,0.999318540096283,0.0006929516093805432,0.026323974042316317,0.13346514105796814
25,380,1,0.01,3,41,0.9991228580474854,0.0008919202955439687,0.02986503466503879,0.160808265209198
25,380,1,0.01,3,42,0.9992811679840088,0.0007309570792131126,0.027036217916215882,0.13623660802841187
25,380,1,0.01,3,43,0.9994073510169983,0.0006026576738804579,0.024549087027432564,0.13431894779205322
25,380,1,0.01,3,44,0.999291181564331,0.0007208053139038384,0.02684781767488446,0.16345228254795074
25,380,1,0.01,3,45,0.998903751373291,0.0011147289769724011,0.03338755721780797,0.26865145564079285
25,380,1,0.01,3,46,0.9991464018821716,0.0008679829770699143,0.02946155082594795,0.11217377334833145
25,380,1,0.01,3,47,0.9991907477378845,0.0008229043451137841,0.02868630936725364,0.13656310737133026
25,380,1,0.01,3,48,0.9994848966598511,0.0005237964214757085,0.022886599167978375,0.1315079629421234
25,380,1,0.01,3,49,0.9990876913070679,0.0009276907076127827,0.030458015490389106,0.2009737193584442
25,380,1,0.01,3,50,0.9990518093109131,0.000964204256888479,0.03105163855400354,0.21263866126537323
25,380,1,0.01,3,51,0.9993951916694641,0.0006150287808850408,0.024799773807134627,0.12395133823156357
25,380,1,0.01,3,52,0.9993162751197815,0.000695283932145685,0.026368237183127828,0.19667741656303406
25,380,1,0.01,3,53,0.9994127154350281,0.0005971927312202752,0.024437527109351206,0.11414345353841782
25,380,1,0.01,3,54,0.9991018176078796,0.0009133234270848334,0.030221241322699394,0.16030080616474152
25,380,1,0.01,3,55,0.9987421035766602,0.0012791265035048127,0.03576487807199701,0.11584662646055222
25,380,1,0.01,3,56,0.9994680285453796,0.0005409439327195287,0.023258201407665397,0.11452856659889221
25,380,1,0.01,3,57,0.9973665475845337,0.0026778934989124537,0.05174836711348923,0.21577668190002441
25,380,1,0.01,3,58,0.9993124008178711,0.0006992193521000445,0.02644275613660657,0.22674129903316498
25,380,1,0.01,3,59,0.9993087649345398,0.0007028721738606691,0.026511736530462675,0.15095120668411255
25,380,1,0.01,3,60,0.9993152618408203,0.0006962651386857033,0.026386836466043125,0.12623970210552216
25,380,1,0.01,3,61,0.9991618990898132,0.0008522410644218326,0.029193168112108567,0.14226199686527252
25,380,1,0.01,3,62,0.9993458390235901,0.0006651681615039706,0.02579085422206815,0.1607656329870224
25,380,1,0.01,3,63,0.9992072582244873,0.0008060981635935605,0.028391867913076105,0.20013654232025146
25,380,1,0.01,3,64,0.9992673397064209,0.0007450089906342328,0.027294852823091624,0.1421644687652588
25,380,1,0.01,3,65,0.9994415044784546,0.0005678951274603605,0.023830550297052742,0.14804767072200775
25,380,1,0.01,3,66,0.9994497299194336,0.0005595535621978343,0.023654884531483858,0.14007627964019775
25,380,1,0.01,3,67,0.9988479614257812,0.0011714808642864227,0.03422690263939206,0.13857629895210266
25,380,1,0.01,3,68,0.9990836977958679,0.0009317510412074625,0.030524597314419442,0.1712849885225296
25,380,1,0.01,3,69,0.9994574189186096,0.0005517342942766845,0.02348902497501087,0.1447439044713974
25,380,1,0.01,3,70,0.9994922876358032,0.0005162791931070387,0.02272177794775397,0.16361945867538452
25,380,1,0.01,3,71,0.9992528557777405,0.0007597343064844608,0.027563278224559225,0.14225779473781586
25,380,1,0.01,3,72,0.9995067715644836,0.0005015255883336067,0.022394766985472447,0.13653959333896637
25,380,1,0.01,3,73,0.9993569850921631,0.0006538838497363031,0.0255711526868912,0.11602593213319778
25,380,1,0.01,3,74,0.9990029335021973,0.0010139045771211386,0.03184186830450027,0.17757153511047363
25,380,1,0.01,3,75,0.9993839263916016,0.0006264731055125594,0.025029444770361155,0.11815443634986877
25,380,1,0.01,3,76,0.999365508556366,0.0006451965891756117,0.025400720249150646,0.1445087194442749
25,380,1,0.01,3,77,0.9994734525680542,0.0005354303866624832,0.023139368761106754,0.11472974717617035
25,380,1,0.01,3,78,0.9992202520370483,0.0007929236744530499,0.02815890044822507,0.15156883001327515
25,380,1,0.01,3,79,0.9990358352661133,0.0009804116562008858,0.031311525932168904,0.1379309594631195
25,380,1,0.01,3,80,0.9992707371711731,0.0007415596046485007,0.027231592032940358,0.14401577413082123
25,380,1,0.01,3,81,0.9994280934333801,0.0005815710173919797,0.024115783574082342,0.1501663327217102
25,380,1,0.01,3,82,0.9994640946388245,0.0005449574091471732,0.02334432284619053,0.1527664065361023
25,380,1,0.01,3,83,0.9993293285369873,0.0006819752161391079,0.026114655198549108,0.10700327903032303
25,380,1,0.01,3,84,0.9985085725784302,0.0015166157390922308,0.038943750963309,0.14335966110229492
25,380,1,0.01,3,85,0.999157726764679,0.0008564649033360183,0.029265421632637012,0.1766599416732788
25,380,1,0.01,3,86,0.9994748830795288,0.0005339526105672121,0.023107414623172624,0.1339951455593109
25,380,1,0.01,3,87,0.9989650845527649,0.0010523605160415173,0.03244010659725885,0.21143555641174316
25,380,1,0.01,3,88,0.9993705749511719,0.0006400665733963251,0.025299537019406602,0.12658073008060455
25,380,1,0.01,3,89,0.9995474219322205,0.0004602082190103829,0.021452464171054637,0.11130959540605545
25,380,1,0.01,3,90,0.9992271065711975,0.0007859060424380004,0.02803401581004763,0.1336860954761505
25,380,1,0.01,3,91,0.9994306564331055,0.0005789723945781589,0.024061845203104414,0.10329639911651611
25,380,1,0.01,3,92,0.9993048310279846,0.0007068942068144679,0.026587482145070975,0.12382498383522034
25,380,1,0.01,3,93,0.9988600611686707,0.0011591612128540874,0.03404645668574172,0.28935763239860535
25,380,1,0.01,3,94,0.9993695616722107,0.000641099875792861,0.025319950153838394,0.10612009465694427
25,380,1,0.01,3,95,0.9995216131210327,0.00048647154471836984,0.022056099943516077,0.09946990013122559
25,380,1,0.01,3,96,0.9989926218986511,0.0010243556462228298,0.03200555648981642,0.11437544226646423
25,380,1,0.01,3,97,0.9994034767150879,0.0006065979832783341,0.02462920996049882,0.10714833438396454
25,380,1,0.01,3,98,0.9987102746963501,0.0013114599278196692,0.036214084660801095,0.14919021725654602
25,380,1,0.01,3,99,0.9993991255760193,0.0006110029644332826,0.024718474152610685,0.0956021100282669
25,380,1,0.01,3,100,0.9994283318519592,0.000581305765081197,0.024110283388653835,0.09337280690670013
26,380,1,0.01,3,1,0.9879881739616394,0.012214446440339088,0.11051898678661096,0.6382462978363037
26,380,1,0.01,3,2,0.9933354258537292,0.006777002941817045,0.08232255427170032,0.625062108039856
26,380,1,0.01,3,3,0.9947479963302612,0.00534058129414916,0.07307928088144519,0.4495919942855835
26,380,1,0.01,3,4,0.9950773119926453,0.005005721468478441,0.07075112344322486,0.44940027594566345
26,380,1,0.01,3,5,0.9957252740859985,0.004346814472228289,0.06593037594484266,0.4232746660709381
26,380,1,0.01,3,6,0.9965134263038635,0.0035453925374895334,0.05954319891884827,0.4191148281097412
26,380,1,0.01,3,7,0.9936606287956238,0.006446335464715958,0.08028907437949423,0.32318469882011414
26,380,1,0.01,3,8,0.9970760941505432,0.002973252907395363,0.05452754264952129,0.3264981508255005
26,380,1,0.01,3,9,0.996746301651001,0.0033085818868130445,0.057520273702522,0.34156864881515503
26,380,1,0.01,3,10,0.9975502490997314,0.002491059945896268,0.04991051939116911,0.2651936113834381
26,380,1,0.01,3,11,0.997670590877533,0.0023686850909143686,0.0486691389991067,0.2524929344654083
26,380,1,0.01,3,12,0.9980347156524658,0.0019984266255050898,0.04470376522738426,0.24950838088989258
26,380,1,0.01,3,13,0.9979278445243835,0.002107127569615841,0.04590345923365516,0.2532413899898529
26,380,1,0.01,3,14,0.9966852068901062,0.0033707129769027233,0.058057841648675876,0.17364303767681122
26,380,1,0.01,3,15,0.9984465837478638,0.001579650561325252,0.03974481804368026,0.1757473647594452
26,380,1,0.01,3,16,0.9983692765235901,0.0016582433599978685,0.0407215343522057,0.23273831605911255
26,380,1,0.01,3,17,0.9985490441322327,0.0014754534931853414,0.03841163226400749,0.218717560172081
26,380,1,0.01,3,18,0.9986785650253296,0.0013437321176752448,0.03665695183284127,0.23066115379333496
26,380,1,0.01,3,19,0.9985489845275879,0.0014754777075722814,0.03841194745873062,0.18755988776683807
26,380,1,0.01,3,20,0.9977179765701294,0.0023205482866615057,0.0481720695700476,0.31147223711013794
26,380,1,0.01,3,21,0.9987000226974487,0.0013219062238931656,0.03635802832791082,0.17863237857818604
26,380,1,0.01,3,22,0.9984613060951233,0.001564668957144022,0.039555896616611054,0.2515191435813904
26,380,1,0.01,3,23,0.9987358450889587,0.001285489764995873,0.035853727351502426,0.15585191547870636
26,380,1,0.01,3,24,0.9988204836845398,0.001199412508867681,0.03463253540917386,0.17237138748168945
26,380,1,0.01,3,25,0.9987392425537109,0.0012820471310988069,0.03580568573702795,0.1695113182067871
26,380,1,0.01,3,26,0.9988535642623901,0.0011657567229121923,0.03414317974225881,0.1411728709936142
26,380,1,0.01,3,27,0.99860018491745,0.0014234577538445592,0.03772873909693457,0.2003105878829956
26,380,1,0.01,3,28,0.9985753297805786,0.0014486745931208134,0.03806145810555362,0.27808213233947754
26,380,1,0.01,3,29,0.9984943270683289,0.0015310535673052073,0.03912867960084019,0.21266363561153412
26,380,1,0.01,3,30,0.9988846778869629,0.0011341609060764313,0.03367730550499002,0.14994138479232788
26,380,1,0.01,3,31,0.9986898303031921,0.0013322854647412896,0.03650048581514073,0.16200999915599823
26,380,1,0.01,3,32,0.9972513914108276,0.0027949612122029066,0.05286739271236011,0.27118489146232605
26,380,1,0.01,3,33,0.9986317753791809,0.0013912915019318461,0.03730002013312923,0.24848641455173492
26,380,1,0.01,3,34,0.9985972046852112,0.0014264632482081652,0.03776854839953695,0.1775614619255066
26,380,1,0.01,3,35,0.9988280534744263,0.001191707095131278,0.03452111086177961,0.15630604326725006
26,380,1,0.01,3,36,0.9986932873725891,0.0013287316542118788,0.03645177161966039,0.1899871975183487
26,380,1,0.01,3,37,0.9988601207733154,0.0011590943904593587,0.0340454753302015,0.21671992540359497
26,380,1,0.01,3,38,0.9984896183013916,0.0015358341624960303,0.03918972011249928,0.18500228226184845
26,380,1,0.01,3,39,0.9986489415168762,0.0013738353736698627,0.037065285290550004,0.22833354771137238
26,380,1,0.01,3,40,0.9989069700241089,0.0011114994995296001,0.03333915865059585,0.1596710979938507
26,380,1,0.01,3,41,0.9988182187080383,0.001201719045639038,0.03466581955816187,0.1765093058347702
26,380,1,0.01,3,42,0.9989805221557617,0.0010366636561229825,0.03219726162460066,0.19526906311511993
26,380,1,0.01,3,43,0.9986518621444702,0.0013708614278584719,0.037025145885714913,0.3196343183517456
26,380,1,0.01,3,44,0.9989562630653381,0.0010613357881084085,0.03257814893618741,0.19467398524284363
26,380,1,0.01,3,45,0.9989906549453735,0.001026370096951723,0.03203701136110738,0.18329685926437378
26,380,1,0.01,3,46,0.9990355372428894,0.0009807465830817819,0.03131687377567853,0.19646857678890228
26,380,1,0.01,3,47,0.998602032661438,0.0014215778792276978,0.03770381783357884,0.20731353759765625
26,380,1,0.01,3,48,0.9987988471984863,0.0012214042944833636,0.03494859502874706,0.17741462588310242
26,380,1,0.01,3,49,0.9990646243095398,0.0009511762182228267,0.0308411448915702,0.19917435944080353
26,380,1,0.01,3,50,0.9987567663192749,0.001264221966266632,0.03555589917674185,0.2510482370853424
26,380,1,0.01,3,51,0.9990921020507812,0.0009232383454218507,0.030384837426286334,0.15848930180072784
26,380,1,0.01,3,52,0.9988637566566467,0.0011554075172170997,0.03399128590119973,0.2513979971408844
26,380,1,0.01,3,53,0.9992557168006897,0.0007568207802250981,0.02751037586484594,0.1911040097475052
26,380,1,0.01,3,54,0.9986387491226196,0.0013842135667800903,0.037205020720059954,0.23367522656917572
26,380,1,0.01,3,55,0.9989998936653137,0.0010169737506657839,0.03189002588060699,0.24783040583133698
26,380,1,0.01,3,56,0.9981643557548523,0.0018666089745238423,0.043204270327409096,0.22774654626846313
26,380,1,0.01,3,57,0.9986675381660461,0.001354950130917132,0.0368096472533646,0.16821838915348053
26,380,1,0.01,3,58,0.9989577531814575,0.0010598285589367151,0.03255500820053214,0.1866045892238617
26,380,1,0.01,3,59,0.9986720085144043,0.0013503789668902755,0.03674750286604895,0.24744358658790588
26,380,1,0.01,3,60,0.9988941550254822,0.0011244752677157521,0.03353319650310349,0.21288327872753143
26,380,1,0.01,3,61,0.9990617036819458,0.0009541508625261486,0.030889332503732554,0.1640942096710205
26,380,1,0.01,3,62,0.9990466833114624,0.0009693996980786324,0.031135184246742983,0.19618770480155945
26,380,1,0.01,3,63,0.9993129372596741,0.0006986410589888692,0.02643181906318347,0.18150919675827026
26,380,1,0.01,3,64,0.9989486336708069,0.0010691247880458832,0.03269747372574651,0.19202417135238647
26,380,1,0.01,3,65,0.9992363452911377,0.000776515924371779,0.027866035318498017,0.23494212329387665
26,380,1,0.01,3,66,0.9991587996482849,0.0008554149535484612,0.029247477729685705,0.1430862993001938
26,380,1,0.01,3,67,0.9987395405769348,0.001281705335713923,0.035800912498341754,0.14375491440296173
26,380,1,0.01,3,68,0.9992596507072449,0.0007528169080615044,0.027437509144627257,0.15153582394123077
26,380,1,0.01,3,69,0.9990332126617432,0.0009831213392317295,0.03135476581369616,0.21493014693260193
26,380,1,0.01,3,70,0.9991705417633057,0.0008434581686742604,0.029042351293830537,0.19093520939350128
26,380,1,0.01,3,71,0.999162495136261,0.0008516162051819265,0.029182464001210152,0.21633434295654297
26,380,1,0.01,3,72,0.9989754557609558,0.0010418264428153634,0.03227733636493822,0.23100964725017548
26,380,1,0.01,3,73,0.9993454813957214,0.0006655817851424217,0.025798871780417485,0.16519354283809662
26,380,1,0.01,3,74,0.9987966418266296,0.001223646104335785,0.03498065328629219,0.1770608127117157
26,380,1,0.01,3,75,0.999070405960083,0.0009452855447307229,0.030745496332482955,0.1927832067012787
26,380,1,0.01,3,76,0.9977899193763733,0.002247335622087121,0.04740607157408343,0.1568611115217209
26,380,1,0.01,3,77,0.9992498755455017,0.0007627947488799691,0.027618739089248247,0.22872909903526306
26,380,1,0.01,3,78,0.9984880685806274,0.0015374404611065984,0.039210208633806046,0.1822548806667328
26,380,1,0.01,3,79,0.9994076490402222,0.000602338754106313,0.024542590615220575,0.16180914640426636
26,380,1,0.01,3,80,0.9990319013595581,0.0009844476589933038,0.031375908895095034,0.1522759199142456
26,380,1,0.01,3,81,0.9993245601654053,0.0006868643686175346,0.02620809738644785,0.15118031203746796
26,380,1,0.01,3,82,0.9991239309310913,0.0008908490999601781,0.029847095335395337,0.14536717534065247
26,380,1,0.01,3,83,0.9993892312049866,0.0006210626452229917,0.02492112849015854,0.12381995469331741
26,380,1,0.01,3,84,0.9992856383323669,0.0007263973238877952,0.026951759198386202,0.13036957383155823
26,380,1,0.01,3,85,0.9979807734489441,0.002053267089650035,0.045312990296934,0.17279529571533203
26,380,1,0.01,3,86,0.999384880065918,0.0006255050539039075,0.025010099038266672,0.12570568919181824
26,380,1,0.01,3,87,0.998943567276001,0.001074277563020587,0.03277617370927526,0.1874791383743286
26,380,1,0.01,3,88,0.9992220997810364,0.0007910328567959368,0.02812530634137052,0.1505202203989029
26,380,1,0.01,3,89,0.9992502927780151,0.0007623446872457862,0.027610590128531953,0.11077824234962463
26,380,1,0.01,3,90,0.9992919564247131,0.0007199799292720854,0.026832441731457938,0.11527332663536072
26,380,1,0.01,3,91,0.9989430904388428,0.0010747674386948347,0.03278364590302358,0.21112756431102753
26,380,1,0.01,3,92,0.9990654587745667,0.0009503327310085297,0.030827467152014447,0.13259559869766235
26,380,1,0.01,3,93,0.9992414116859436,0.000771399587392807,0.027774081215997174,0.12498623132705688
26,380,1,0.01,3,94,0.9993448257446289,0.0006662554806098342,0.025811925162797025,0.1284250020980835
26,380,1,0.01,3,95,0.9983208775520325,0.0017074531642720103,0.04132134030101166,0.23969554901123047
26,380,1,0.01,3,96,0.999430775642395,0.0005787989357486367,0.02405824049569371,0.1319824904203415
26,380,1,0.01,3,97,0.999043881893158,0.0009722555405460298,0.031181012500334716,0.14232848584651947
26,380,1,0.01,3,98,0.9991171956062317,0.0008976873359642923,0.029961430806359903,0.11525140702724457
26,380,1,0.01,3,99,0.9991692900657654,0.0008447433938272297,0.029064469612006164,0.14294643700122833
26,380,1,0.01,3,100,0.9993524551391602,0.0006584476213902235,0.025660234242699802,0.09240935742855072
27,380,1,0.01,3,1,0.9900377988815308,0.010130269452929497,0.1006492397036833,0.31928038597106934
27,380,1,0.01,3,2,0.9942061901092529,0.005891541484743357,0.07675637748580477,0.3396596610546112
27,380,1,0.01,3,3,0.9956821799278259,0.004390663467347622,0.06626208167079889,0.317981094121933
27,380,1,0.01,3,4,0.9972056150436401,0.0028415073174983263,0.05330579065634733,0.26680463552474976
27,380,1,0.01,3,5,0.9970552325248718,0.0029944695997983217,0.05472174704629158,0.31706804037094116
27,380,1,0.01,3,6,0.9973163604736328,0.0027289297431707382,0.05223915909708672,0.3289238512516022
27,380,1,0.01,3,7,0.9976633191108704,0.002376112388446927,0.04874538325264175,0.21793831884860992
27,380,1,0.01,3,8,0.9983044266700745,0.0017242023022845387,0.041523515052130866,0.21932442486286163
27,380,1,0.01,3,9,0.9977827668190002,0.0022546136751770973,0.047482772404074065,0.22567243874073029
27,380,1,0.01,3,10,0.998212993144989,0.0018171831034123898,0.04262843069375637,0.20557977259159088
27,380,1,0.01,3,11,0.9980924129486084,0.0019397638970986009,0.04404275078941597,0.20330317318439484
27,380,1,0.01,3,12,0.998569905757904,0.0014542056014761329,0.03813404779820958,0.2124030888080597
27,380,1,0.01,3,13,0.9984232783317566,0.0016033112769946456,0.040041369569417146,0.19419895112514496
27,380,1,0.01,3,14,0.998572826385498,0.0014512232737615705,0.03809492451444904,0.18749243021011353
27,380,1,0.01,3,15,0.9972714781761169,0.002774561056867242,0.05267410233565677,0.34088850021362305
27,380,1,0.01,3,16,0.9975676536560059,0.0024733715690672398,0.0497330028157082,0.23093341290950775
27,380,1,0.01,3,17,0.9987773299217224,0.0012433199444785714,0.03526074225648932,0.2481447160243988
27,380,1,0.01,3,18,0.9988725781440735,0.0011464400449767709,0.03385912055823026,0.16384556889533997
27,380,1,0.01,3,19,0.99875408411026,0.001266943640075624,0.03559415176789052,0.1821965128183365
27,380,1,0.01,3,20,0.9983369708061218,0.0016910743433982134,0.04112267432206001,0.25847935676574707
27,380,1,0.01,3,21,0.9987192153930664,0.0013023748761042953,0.036088431333382937,0.16619110107421875
27,380,1,0.01,3,22,0.9987452030181885,0.0012759532546624541,0.035720487883880506,0.2167770117521286
27,380,1,0.01,3,23,0.9988614916801453,0.001157702412456274,0.03402502626679771,0.16350944340229034
27,380,1,0.01,3,24,0.9984580278396606,0.0015679714269936085,0.03959761895611412,0.1999974250793457
27,380,1,0.01,3,25,0.9986612796783447,0.001361327595077455,0.03689617317659726,0.18128032982349396
27,380,1,0.01,3,26,0.9989686012268066,0.0010487813269719481,0.03238489349946898,0.21014708280563354
27,380,1,0.01,3,27,0.9988473653793335,0.001172094838693738,0.03423587064313887,0.20619113743305206
27,380,1,0.01,3,28,0.9982381463050842,0.0017915521748363972,0.04232673120897003,0.263987272977829
27,380,1,0.01,3,29,0.9989935159683228,0.0010234687943011522,0.031991698834246865,0.1774424910545349
27,380,1,0.01,3,30,0.9990239143371582,0.000992547837086022,0.031504727218086205,0.18047776818275452
27,380,1,0.01,3,31,0.998360276222229,0.001667408854700625,0.040833917944530194,0.15491589903831482
27,380,1,0.01,3,32,0.998890221118927,0.0011284766951575875,0.033592807193766755,0.17843693494796753
27,380,1,0.01,3,33,0.9989572167396545,0.001060381531715393,0.03256349999179132,0.2016129046678543
27,380,1,0.01,3,34,0.9990487098693848,0.0009673359454609454,0.031102024780726822,0.17207881808280945
27,380,1,0.01,3,35,0.9986069202423096,0.001416597981005907,0.03763772018874027,0.209416925907135
27,380,1,0.01,3,36,0.9982528686523438,0.0017765845404937863,0.04214954970689232,0.1427047848701477
27,380,1,0.01,3,37,0.9989836812019348,0.0010334714315831661,0.03214765048309388,0.19510911405086517
27,380,1,0.01,3,38,0.9987893104553223,0.0012311358004808426,0.03508754480554093,0.1512174904346466
27,380,1,0.01,3,39,0.9989995956420898,0.0010172715410590172,0.03189469455973857,0.18178045749664307
27,380,1,0.01,3,40,0.9988278150558472,0.0011919589014723897,0.03452475780468836,0.21470341086387634
27,380,1,0.01,3,41,0.9976512789726257,0.00238832738250494,0.04887051649517263,0.304988294839859
27,380,1,0.01,3,42,0.9986984133720398,0.001323550008237362,0.0363806268257896,0.16925708949565887
27,380,1,0.01,3,43,0.9991687536239624,0.0008452570182271302,0.029073304219285605,0.16723938286304474
27,380,1,0.01,3,44,0.9986518621444702,0.0013708722544834018,0.037025292091803975,0.20213910937309265
27,380,1,0.01,3,45,0.9991660118103027,0.0008480633259750903,0.029121526848279955,0.18872517347335815
27,380,1,0.01,3,46,0.9985669851303101,0.00145716720726341,0.03817285956361417,0.20259763300418854
27,380,1,0.01,3,47,0.9987415075302124,0.0012797415256500244,0.0357734751687619,0.25887736678123474
27,380,1,0.01,3,48,0.9991680383682251,0.0008460177923552692,0.02908638499977729,0.17605561017990112
27,380,1,0.01,3,49,0.9986980557441711,0.0013238982064649463,0.03638541200075858,0.19015640020370483
27,380,1,0.01,3,50,0.9982436895370483,0.0017859183717519045,0.04226012744599695,0.22341836988925934
27,380,1,0.01,3,51,0.998944878578186,0.0010729477507993579,0.03275588116353089,0.20446449518203735
27,380,1,0.01,3,52,0.999171793460846,0.0008421902894042432,0.029020514974828465,0.1602954864501953
27,380,1,0.01,3,53,0.9991743564605713,0.0008395624463446438,0.02897520399142418,0.16931277513504028
27,380,1,0.01,3,54,0.9990079402923584,0.0010087731061503291,0.03176118867659598,0.15998168289661407
27,380,1,0.01,3,55,0.9991889595985413,0.0008247343939729035,0.02871818925303097,0.15514454245567322
27,380,1,0.01,3,56,0.998504638671875,0.00152057153172791,0.03899450643011026,0.14059536159038544
27,380,1,0.01,3,57,0.9987927079200745,0.0012276306515559554,0.03503756058226593,0.17367994785308838
27,380,1,0.01,3,58,0.9991573691368103,0.0008568737539462745,0.029272406015670705,0.14109502732753754
27,380,1,0.01,3,59,0.9992392063140869,0.0007736156112514436,0.027813946344441013,0.17571194469928741
27,380,1,0.01,3,60,0.998384952545166,0.0016423118067905307,0.04052544641074952,0.24801501631736755
27,380,1,0.01,3,61,0.9990673661231995,0.0009483448811806738,0.030795208737410335,0.14921721816062927
27,380,1,0.01,3,62,0.9990249872207642,0.0009914366528391838,0.031487087080884185,0.136180579662323
27,380,1,0.01,3,63,0.9990536570549011,0.0009623343939892948,0.031021515017634047,0.1361772119998932
27,380,1,0.01,3,64,0.99922776222229,0.000785265932790935,0.02802259682454385,0.14967787265777588
27,380,1,0.01,3,65,0.9983788132667542,0.0016485329251736403,0.04060212956451472,0.22561687231063843
27,380,1,0.01,3,66,0.998560905456543,0.0014633466489613056,0.03825371418517822,0.2259211391210556
27,380,1,0.01,3,67,0.9991445541381836,0.0008698604651726782,0.029493396975809317,0.16146396100521088
27,380,1,0.01,3,68,0.9990002512931824,0.0010165903950110078,0.031884014725423265,0.16522720456123352
27,380,1,0.01,3,69,0.9990128874778748,0.0010037600295618176,0.0316821721092765,0.15411262214183807
27,380,1,0.01,3,70,0.9993348121643066,0.0006763912970200181,0.02600752385406996,0.1476851999759674
27,380,1,0.01,3,71,0.9982978701591492,0.0017308605602011085,0.04160361234557774,0.2743273377418518
27,380,1,0.01,3,72,0.9991710782051086,0.0008429174777120352,0.029033041137849047,0.15947413444519043
27,380,1,0.01,3,73,0.9991636872291565,0.000850431330036372,0.0291621557851331,0.15329381823539734
27,380,1,0.01,3,74,0.9991981983184814,0.0008153280941769481,0.02855395058791249,0.13086584210395813
27,380,1,0.01,3,75,0.999199390411377,0.000814111263025552,0.02853263505226168,0.15247295796871185
27,380,1,0.01,3,76,0.9983407855033875,0.0016872178530320525,0.04107575748579754,0.23624096810817719
27,380,1,0.01,3,77,0.9992490410804749,0.0007636509253643453,0.02763423466217846,0.1941741406917572
27,380,1,0.01,3,78,0.9989842176437378,0.0010329355718567967,0.03213931504958992,0.12212780863046646
27,380,1,0.01,3,79,0.999251663684845,0.0007609360618516803,0.027585069545891672,0.16149988770484924
27,380,1,0.01,3,80,0.9984251856803894,0.0016013626009225845,0.04001702888674501,0.24790185689926147
27,380,1,0.01,3,81,0.9992409944534302,0.0007718300330452621,0.027781829188252925,0.14177575707435608
27,380,1,0.01,3,82,0.9989856481552124,0.0010314580285921693,0.03211632028411987,0.18182271718978882
27,380,1,0.01,3,83,0.9993531703948975,0.0006577532039955258,0.02564669967063064,0.13999924063682556
27,380,1,0.01,3,84,0.9991806149482727,0.0008332275319844484,0.028865680868194472,0.14914952218532562
27,380,1,0.01,3,85,0.9993369579315186,0.0006742562400177121,0.025966444500888298,0.12825414538383484
27,380,1,0.01,3,86,0.9991809129714966,0.0008329115808010101,0.028860207566838637,0.1149473488330841
27,380,1,0.01,3,87,0.9991562962532043,0.0008579585701227188,0.02929092982687164,0.18974526226520538
27,380,1,0.01,3,88,0.9994083642959595,0.0006016241968609393,0.024528028800964403,0.13082784414291382
27,380,1,0.01,3,89,0.9991797208786011,0.0008341206121258438,0.028881146309068892,0.14082707464694977
27,380,1,0.01,3,90,0.9983302354812622,0.001697923056781292,0.04120586192256257,0.22430004179477692
27,380,1,0.01,3,91,0.9990218281745911,0.0009946593781933188,0.031538220910402016,0.16055390238761902
27,380,1,0.01,3,92,0.9992468953132629,0.0007658042595721781,0.02767316858569286,0.1732858568429947
27,380,1,0.01,3,93,0.9992955327033997,0.0007163767004385591,0.026765214373110465,0.14030173420906067
27,380,1,0.01,3,94,0.9988353252410889,0.0011843342799693346,0.03441415813250899,0.20306849479675293
27,380,1,0.01,3,95,0.9978809356689453,0.0021547917276620865,0.04641973424807693,0.2902686297893524
27,380,1,0.01,3,96,0.9990484714508057,0.000967591826338321,0.031106138081387104,0.15773048996925354
27,380,1,0.01,3,97,0.9994350671768188,0.0005744631635025144,0.023967961187854808,0.11502908170223236
27,380,1,0.01,3,98,0.9983080625534058,0.0017204940086230636,0.041478838081882956,0.2033012956380844
27,380,1,0.01,3,99,0.998955488204956,0.001062145922333002,0.032590580269964545,0.16702339053153992
27,380,1,0.01,3,100,0.9994004964828491,0.0006096261786296964,0.024690609118239597,0.13334104418754578
28,380,1,0.01,3,1,0.9924173355102539,0.007710616569966078,0.08781011655820802,0.6360853910446167
28,380,1,0.01,3,2,0.9951502680778503,0.004931527189910412,0.07022483314263134,0.6576802730560303
28,380,1,0.01,3,3,0.9948488473892212,0.005238066427409649,0.07237448740688703,0.4658307731151581
28,380,1,0.01,3,4,0.996555507183075,0.003502619219943881,0.059182930139896596,0.350884348154068
28,380,1,0.01,3,5,0.9973008036613464,0.002744704019278288,0.05238992287910231,0.32681459188461304
28,380,1,0.01,3,6,0.9976874589920044,0.0023515333887189627,0.04849261169208112,0.3766661584377289
28,380,1,0.01,3,7,0.9967963695526123,0.003257655305787921,0.05707587323719122,0.27226173877716064
28,380,1,0.01,3,8,0.9979137182235718,0.0021214617881923914,0.04605932900284579,0.30198365449905396
28,380,1,0.01,3,9,0.9983366131782532,0.0016914448933675885,0.041127179496867866,0.34654882550239563
28,380,1,0.01,3,10,0.9985947012901306,0.0014289848040789366,0.037801915349343566,0.277730792760849
28,380,1,0.01,3,11,0.9982923865318298,0.0017364404629915953,0.04167061870180949,0.32527410984039307
28,380,1,0.01,3,12,0.9989469051361084,0.0010708782356232405,0.032724275937341084,0.3052316904067993
28,380,1,0.01,3,13,0.9984570145606995,0.0015690266154706478,0.03961094060320517,0.273879736661911
28,380,1,0.01,3,14,0.9988430142402649,0.001176530378870666,0.03430058860822458,0.30563122034072876
28,380,1,0.01,3,15,0.998460054397583,0.0015659263590350747,0.03957178741268929,0.39043593406677246
28,380,1,0.01,3,16,0.9989184141159058,0.0010998055804520845,0.03316331678906807,0.3489667475223541
28,380,1,0.01,3,17,0.9990814328193665,0.0009340516990050673,0.03056225938972882,0.30031847953796387
28,380,1,0.01,3,18,0.9989280104637146,0.0010901038767769933,0.03301672116938618,0.30581730604171753
28,380,1,0.01,3,19,0.998909056186676,0.001109356409870088,0.03330700241495905,0.2677062451839447
28,380,1,0.01,3,20,0.9989823698997498,0.0010348103241994977,0.03216846785595325,0.3475756049156189
28,380,1,0.01,3,21,0.9987408518791199,0.0012803788995370269,0.03578238253019252,0.25145477056503296
28,380,1,0.01,3,22,0.9989769458770752,0.0010402881307527423,0.032253497961503994,0.33395445346832275
28,380,1,0.01,3,23,0.9989908337593079,0.0010262179421260953,0.032034636600500016,0.2629576623439789
28,380,1,0.01,3,24,0.998296856880188,0.001731866504997015,0.04161570022235617,0.2684711813926697
28,380,1,0.01,3,25,0.9989364743232727,0.0010814728448167443,0.032885754435876095,0.26073217391967773
28,380,1,0.01,3,26,0.9990717172622681,0.0009439574787393212,0.030723891009104318,0.2520115375518799
28,380,1,0.01,3,27,0.9992846846580505,0.0007274037343449891,0.026970423325283367,0.23302604258060455
28,380,1,0.01,3,28,0.9990313649177551,0.0009850048227235675,0.031384786485231464,0.30280715227127075
28,380,1,0.01,3,29,0.9990141987800598,0.0010024562943726778,0.03166159020600004,0.2519706189632416
28,380,1,0.01,3,30,0.9992743134498596,0.0007379167363978922,0.027164622883410185,0.19433358311653137
28,380,1,0.01,3,31,0.9990828633308411,0.0009326264262199402,0.030538932958110047,0.18130606412887573
28,380,1,0.01,3,32,0.9989375472068787,0.0010803592158481479,0.03286881829102087,0.2495070993900299
28,380,1,0.01,3,33,0.9993359446525574,0.0006752383196726441,0.025985348173011732,0.1788308471441269
28,380,1,0.01,3,34,0.9988937377929688,0.0011249326635152102,0.03354001585442693,0.13941413164138794
28,380,1,0.01,3,35,0.9990869164466858,0.000928499095607549,0.03047128313031056,0.18597768247127533
28,380,1,0.01,3,36,0.9991703033447266,0.0008437125943601131,0.029046731216440056,0.17890144884586334
28,380,1,0.01,3,37,0.9992496967315674,0.0007629820611327887,0.027622129916659008,0.1800461709499359
28,380,1,0.01,3,38,0.9990814328193665,0.0009340672404505312,0.030562513647449406,0.18673063814640045
28,380,1,0.01,3,39,0.9989104866981506,0.0011078901588916779,0.033284983985149785,0.16824348270893097
28,380,1,0.01,3,40,0.9987598657608032,0.0012610561680048704,0.0355113526636887,0.1613529622554779
28,380,1,0.01,3,41,0.9987744092941284,0.0012462883023545146,0.03530280870348016,0.1916249841451645
28,380,1,0.01,3,42,0.9992125034332275,0.0008007735013961792,0.028297941645925046,0.2213384211063385
28,380,1,0.01,3,43,0.9991521239280701,0.0008621683809906244,0.02936270391143541,0.20040206611156464
28,380,1,0.01,3,44,0.9992726445198059,0.0007396296714432538,0.027196133391407938,0.17438916862010956
28,380,1,0.01,3,45,0.9994010329246521,0.0006090818787924945,0.024679584250803223,0.12209273129701614
28,380,1,0.01,3,46,0.9992219805717468,0.0007911216234788299,0.028126884354276245,0.15576162934303284
28,380,1,0.01,3,47,0.9992583394050598,0.0007541616796515882,0.02746200429050269,0.13036999106407166
28,380,1,0.01,3,48,0.999331533908844,0.000679756049066782,0.026072131655596978,0.1583293080329895
28,380,1,0.01,3,49,0.998991072177887,0.0010259312111884356,0.032030160961013535,0.18837286531925201
28,380,1,0.01,3,50,0.9987767338752747,0.0012438908452168107,0.03526883674317613,0.18152311444282532
28,380,1,0.01,3,51,0.9992819428443909,0.0007301897276192904,0.027022023011227164,0.16466668248176575
28,380,1,0.01,3,52,0.9988203644752502,0.001199529506266117,0.03463422449349945,0.23370656371116638
28,380,1,0.01,3,53,0.9992302060127258,0.000782757590059191,0.027977805311696465,0.1418546438217163
28,380,1,0.01,3,54,0.9993167519569397,0.0006947537185624242,0.026358181245344378,0.1416940987110138
28,380,1,0.01,3,55,0.9994244575500488,0.0005852283793501556,0.02419149394622324,0.12947425246238708
28,380,1,0.01,3,56,0.9989007711410522,0.0011177933774888515,0.03343341707766126,0.1982536017894745
28,380,1,0.01,3,57,0.9995272755622864,0.0004806910001207143,0.021924666476840972,0.12941312789916992
28,380,1,0.01,3,58,0.9992342591285706,0.0007786660571582615,0.027904588460650366,0.1230812519788742
28,380,1,0.01,3,59,0.9991812705993652,0.0008325325325131416,0.028853639848607344,0.16381581127643585
28,380,1,0.01,3,60,0.9991496205329895,0.0008647158974781632,0.029406052055285545,0.19791735708713531
28,380,1,0.01,3,61,0.9992285370826721,0.0007844539941288531,0.0280081058647109,0.1814393550157547
28,380,1,0.01,3,62,0.9994549751281738,0.0005541998543776572,0.02354144970849623,0.17250995337963104
28,380,1,0.01,3,63,0.9994142055511475,0.0005956937093287706,0.02440683734793942,0.1527365744113922
28,380,1,0.01,3,64,0.9990941286087036,0.000921168364584446,0.03035075558506651,0.2199314832687378
28,380,1,0.01,3,65,0.9989643096923828,0.0010531378211453557,0.0324520850045934,0.14425940811634064
28,380,1,0.01,3,66,0.9995401501655579,0.00046762003330513835,0.021624523886207028,0.12113799899816513
28,380,1,0.01,3,67,0.9993391036987305,0.00067206344101578,0.02592418640991034,0.23847374320030212
28,380,1,0.01,3,68,0.9989979267120361,0.0010189951863139868,0.031921704000788975,0.13867522776126862
28,380,1,0.01,3,69,0.9993919730186462,0.000618314603343606,0.02486593258543918,0.1524987667798996
28,380,1,0.01,3,70,0.9993682503700256,0.0006424056482501328,0.025345722484279923,0.11679787933826447
28,380,1,0.01,3,71,0.9993467330932617,0.0006642889929935336,0.025773804395035158,0.1978646069765091
28,380,1,0.01,3,72,0.9993335604667664,0.0006776787340641022,0.02603226332964735,0.17054519057273865
28,380,1,0.01,3,73,0.9992929100990295,0.0007190459873527288,0.026815032861302424,0.15296977758407593
28,380,1,0.01,3,74,0.9992096424102783,0.0008037188672460616,0.028349935930193238,0.1368631273508072
28,380,1,0.01,3,75,0.9989951848983765,0.0010217661038041115,0.03196507631469244,0.14258624613285065
28,380,1,0.01,3,76,0.9989864230155945,0.0010307027259841561,0.03210455927098449,0.20621882379055023
28,380,1,0.01,3,77,0.9994499683380127,0.0005593012901954353,0.023649551585504434,0.13593123853206635
28,380,1,0.01,3,78,0.9992098212242126,0.000803523522336036,0.02834649047653053,0.143155038356781
28,380,1,0.01,3,79,0.9993182420730591,0.0006932396208867431,0.02632944399121909,0.13544006645679474
28,380,1,0.01,3,80,0.9994736909866333,0.0005352007574401796,0.023134406355905905,0.12823593616485596
28,380,1,0.01,3,81,0.9990230798721313,0.000993422232568264,0.03151860137392305,0.1648424118757248
28,380,1,0.01,3,82,0.9992493391036987,0.000763306743465364,0.027628006505453193,0.14914196729660034
28,380,1,0.01,3,83,0.9992835521697998,0.0007285362225957215,0.02699141016315601,0.17046190798282623
28,380,1,0.01,3,84,0.9994837641716003,0.0005249509122222662,0.022911807266609636,0.1327023059129715
28,380,1,0.01,3,85,0.9993211627006531,0.0006902955356054008,0.02627347589500485,0.14532288908958435
28,380,1,0.01,3,86,0.9995842576026917,0.00042275479063391685,0.020561001693349398,0.11656177043914795
28,380,1,0.01,3,87,0.9992443919181824,0.0007683258154429495,0.02771869072382297,0.12690894305706024
28,380,1,0.01,3,88,0.9992635846138,0.0007488399860449135,0.027364940819320505,0.1468554437160492
28,380,1,0.01,3,89,0.9991979598999023,0.0008155928808264434,0.028558586814239312,0.1541462391614914
28,380,1,0.01,3,90,0.9993321299552917,0.0006791469641029835,0.026060448271336075,0.12188246101140976
28,380,1,0.01,3,91,0.9992499351501465,0.0007627377053722739,0.027617706374213517,0.17244155704975128
28,380,1,0.01,3,92,0.998650074005127,0.0013726726174354553,0.03704959672432961,0.12406773865222931
28,380,1,0.01,3,93,0.9987260103225708,0.0012955105630680919,0.0359932016229189,0.15939711034297943
28,380,1,0.01,3,94,0.9991689920425415,0.0008449983433820307,0.029068855212787976,0.2441643625497818
28,380,1,0.01,3,95,0.9995049834251404,0.0005033798515796661,0.02243612826625098,0.13815684616565704
28,380,1,0.01,3,96,0.998902440071106,0.0011160665890201926,0.033407582807204,0.15658050775527954
28,380,1,0.01,3,97,0.9992445111274719,0.0007682588184252381,0.027717482180480212,0.15063674747943878
28,380,1,0.01,3,98,0.9994822144508362,0.0005265328800305724,0.022946304278261727,0.139389768242836
28,380,1,0.01,3,99,0.9995275735855103,0.0004803860792890191,0.021917711543156578,0.13307037949562073
28,380,1,0.01,3,100,0.9994399547576904,0.0005694798310287297,0.023863776545817925,0.14746487140655518
29,380,1,0.01,3,1,0.9909113049507141,0.009242046624422073,0.09613556378584397,0.6870231032371521
29,380,1,0.01,3,2,0.9946756958961487,0.005414146929979324,0.0735808869882616,0.30853071808815
29,380,1,0.01,3,3,0.9959310293197632,0.004137634765356779,0.06432444920367977,0.42532745003700256
29,380,1,0.01,3,4,0.9965680837631226,0.003489844035357237,0.05907490190730101,0.4453035593032837
29,380,1,0.01,3,5,0.997050940990448,0.0029988207388669252,0.054761489560337245,0.3299071192741394
29,380,1,0.01,3,6,0.9977630972862244,0.0022746664471924305,0.04769346335916936,0.2901735305786133
29,380,1,0.01,3,7,0.9981810450553894,0.001849629683420062,0.043007321276964716,0.2882949113845825
29,380,1,0.01,3,8,0.9978119730949402,0.002224919619038701,0.04716905361610196,0.3064827024936676
29,380,1,0.01,3,9,0.9981310367584229,0.0019004681380465627,0.043594359016351676,0.23408545553684235
29,380,1,0.01,3,10,0.9979890584945679,0.0020448684226721525,0.04522022139123329,0.2530715763568878
29,380,1,0.01,3,11,0.9984392523765564,0.0015870749484747648,0.039838109248240744,0.229366734623909
29,380,1,0.01,3,12,0.9981098771095276,0.0019220375688746572,0.043841048902537184,0.2046942561864853
29,380,1,0.01,3,13,0.9976130723953247,0.0024271707516163588,0.04926632472202852,0.22622737288475037
29,380,1,0.01,3,14,0.998023509979248,0.002009834162890911,0.04483117400750187,0.1950116753578186
29,380,1,0.01,3,15,0.9986467361450195,0.0013760888250544667,0.03709567124415552,0.2669178247451782
29,380,1,0.01,3,16,0.9989712238311768,0.001046114368364215,0.03234369132248536,0.1912386119365692
29,380,1,0.01,3,17,0.999039888381958,0.0009762839763425291,0.03124554330368619,0.17901372909545898
29,380,1,0.01,3,18,0.9985940456390381,0.001429675379768014,0.03781104838229184,0.20455466210842133
29,380,1,0.01,3,19,0.9990549683570862,0.0009609652333892882,0.03099943924314258,0.16494928300380707
29,380,1,0.01,3,20,0.9991980195045471,0.0008155289106070995,0.028557466810049864,0.16010524332523346
29,380,1,0.01,3,21,0.9989551305770874,0.00106248096562922,0.03259572005078611,0.1642272025346756
29,380,1,0.01,3,22,0.9990889430046082,0.0009264476830139756,0.030437603108884503,0.15735387802124023
29,380,1,0.01,3,23,0.9992119669914246,0.0008013371843844652,0.028307899681616528,0.13160447776317596
29,380,1,0.01,3,24,0.9989636540412903,0.0010538462083786726,0.032462997526086106,0.17783282697200775
29,380,1,0.01,3,25,0.9988512396812439,0.0011681560426950455,0.03417829783203145,0.16002096235752106
29,380,1,0.01,3,26,0.9991940855979919,0.0008195382542908192,0.02862757856142952,0.13688981533050537
29,380,1,0.01,3,27,0.9990105628967285,0.0010060991626232862,0.031719066231894126,0.23900443315505981
29,380,1,0.01,3,28,0.9989808201789856,0.0010363624896854162,0.03219258438966055,0.1670628935098648
29,380,1,0.01,3,29,0.9992659687995911,0.0007463982910849154,0.027320290830899208,0.13692952692508698
29,380,1,0.01,3,30,0.9988711476325989,0.0011478731175884604,0.033880276232469836,0.1763964742422104
29,380,1,0.01,3,31,0.9987238049507141,0.0012977364240214229,0.036024108927514405,0.22904501855373383
29,380,1,0.01,3,32,0.9992759823799133,0.000736231217160821,0.027133580986681817,0.17948627471923828
29,380,1,0.01,3,33,0.9992659687995911,0.000746414007153362,0.027320578455687243,0.20760852098464966
29,380,1,0.01,3,34,0.9993079304695129,0.0007037286413833499,0.026527884223649458,0.19981664419174194
29,380,1,0.01,3,35,0.9992511868476868,0.0007614647038280964,0.027594649913128023,0.12081362307071686
29,380,1,0.01,3,36,0.9986787438392639,0.001343569136224687,0.03665472870210182,0.2083573192358017
29,380,1,0.01,3,37,0.9993395805358887,0.000671536079607904,0.02591401318993073,0.14461755752563477
29,380,1,0.01,3,38,0.9991194009780884,0.000895482546184212,0.0299246143865583,0.18450529873371124
29,380,1,0.01,3,39,0.9993918538093567,0.0006183790392242372,0.024867228217560503,0.1591034233570099
29,380,1,0.01,3,40,0.9992691278457642,0.0007431809790432453,0.027261345877326842,0.17023898661136627
29,380,1,0.01,3,41,0.9992191195487976,0.0007940484210848808,0.02817886479411264,0.1307147890329361
29,380,1,0.01,3,42,0.9994009733200073,0.0006091234972700477,0.024680427412628974,0.15794655680656433
29,380,1,0.01,3,43,0.9993581771850586,0.0006526344805024564,0.025546711735612012,0.09644585102796555
29,380,1,0.01,3,44,0.9983579516410828,0.001669780001975596,0.04086294167060903,0.19993862509727478
29,380,1,0.01,3,45,0.9988967776298523,0.0011218540603294969,0.03349408993135202,0.20027144253253937
29,380,1,0.01,3,46,0.9990535378456116,0.0009624579106457531,0.031023505776197394,0.12243300676345825
29,380,1,0.01,3,47,0.9993125200271606,0.0006991005502641201,0.02644050964456094,0.1331416666507721
29,380,1,0.01,3,48,0.9993696808815002,0.0006409483612515032,0.02531695797783579,0.13657373189926147
29,380,1,0.01,3,49,0.9992220997810364,0.000791028025560081,0.028125220453537443,0.1268499195575714
29,380,1,0.01,3,50,0.9992455244064331,0.0007671861676499248,0.027698125706443113,0.15726624429225922
29,380,1,0.01,3,51,0.9993563890457153,0.0006544407806359231,0.025582040196902262,0.1096026599407196
29,380,1,0.01,3,52,0.9993428587913513,0.000668213062454015,0.025849817454945693,0.14439812302589417
29,380,1,0.01,3,53,0.9993975162506104,0.0006126504158601165,0.0247517760142604,0.15962384641170502
29,380,1,0.01,3,54,0.9993484616279602,0.0006625320529565215,0.02573969799660675,0.16650913655757904
29,380,1,0.01,3,55,0.9987757802009583,0.0012448513880372047,0.03528245155934044,0.16481558978557587
29,380,1,0.01,3,56,0.9994145631790161,0.0005953336949460208,0.024399460956054355,0.13449420034885406
29,380,1,0.01,3,57,0.9994279146194458,0.0005817277124151587,0.024119032161659365,0.12429028004407883
29,380,1,0.01,3,58,0.9991269707679749,0.0008877843501977623,0.029795710265032485,0.15867692232131958
29,380,1,0.01,3,59,0.9993329048156738,0.0006783422431908548,0.02604500418872792,0.18990294635295868
29,380,1,0.01,3,60,0.9989470839500427,0.0010706859175115824,0.03272133734295685,0.19227033853530884
29,380,1,0.01,3,61,0.999294638633728,0.0007172891055233777,0.026782253555729354,0.16150975227355957
29,380,1,0.01,3,62,0.9989066123962402,0.0011118634138256311,0.033344615964584615,0.15354226529598236
29,380,1,0.01,3,63,0.9991692304611206,0.0008448099833913147,0.029065615138704957,0.15306776762008667
29,380,1,0.01,3,64,0.9991523623466492,0.0008619580767117441,0.029359122546693116,0.16114112734794617
29,380,1,0.01,3,65,0.9992813467979431,0.0007307554478757083,0.027032488747351924,0.1173873171210289
29,380,1,0.01,3,66,0.998837947845459,0.0011816300684586167,0.034374846449964205,0.15267251431941986
29,380,1,0.01,3,67,0.9989917278289795,0.0010253003565594554,0.032020311624958546,0.1708763837814331
29,380,1,0.01,3,68,0.9994823336601257,0.000526375079061836,0.02294286553728274,0.16091395914554596
29,380,1,0.01,3,69,0.9992570877075195,0.0007554489420726895,0.02748543145145605,0.16788916289806366
29,380,1,0.01,3,70,0.9990077018737793,0.0010090174619108438,0.03176503521028812,0.19748558104038239
29,380,1,0.01,3,71,0.9992810487747192,0.0007310573128052056,0.027038071543754847,0.14295057952404022
29,380,1,0.01,3,72,0.9993559718132019,0.0006548839155584574,0.025590699786415715,0.1510794758796692
29,380,1,0.01,3,73,0.9993037581443787,0.0007079688366502523,0.02660768378965468,0.18914012610912323
29,380,1,0.01,3,74,0.9994041919708252,0.0006058748695068061,0.02461452557955985,0.14410866796970367
29,380,1,0.01,3,75,0.9994638562202454,0.0005451662582345307,0.023348795648481115,0.10841614753007889
29,380,1,0.01,3,76,0.9992562532424927,0.0007562650716863573,0.02750027402929573,0.16214613616466522
29,380,1,0.01,3,77,0.9992758631706238,0.0007363270269706845,0.027135346450168726,0.16038960218429565
29,380,1,0.01,3,78,0.9994958639144897,0.0005126334144733846,0.022641409286380223,0.1888488531112671
29,380,1,0.01,3,79,0.9988403916358948,0.0011791643919423223,0.03433896317512109,0.1832701712846756
29,380,1,0.01,3,80,0.9990901947021484,0.0009251751471310854,0.030416691916299598,0.1008276492357254
29,380,1,0.01,3,81,0.9989845156669617,0.0010326397605240345,0.03213471270330629,0.12958790361881256
29,380,1,0.01,3,82,0.9993013143539429,0.0007104687974788249,0.026654620565275823,0.13666489720344543
29,380,1,0.01,3,83,0.9987662434577942,0.001254559843800962,0.035419766286650764,0.13133931159973145
29,380,1,0.01,3,84,0.999478816986084,0.0005299486801959574,0.023020614244540858,0.15635700523853302
29,380,1,0.01,3,85,0.9993734955787659,0.0006370835471898317,0.025240514004073525,0.14680808782577515
29,380,1,0.01,3,86,0.9994373321533203,0.0005721430643461645,0.02391951220962009,0.10813161730766296
29,380,1,0.01,3,87,0.999310314655304,0.000701293523889035,0.026481947131754398,0.14219588041305542
29,380,1,0.01,3,88,0.9988479018211365,0.0011715643340721726,0.03422812197699682,0.11839430779218674
29,380,1,0.01,3,89,0.9994137287139893,0.0005961412680335343,0.024416004342101807,0.12494523823261261
29,380,1,0.01,3,90,0.9994094371795654,0.0006004967144690454,0.024505034471900777,0.12326791882514954
29,380,1,0.01,3,91,0.9993930459022522,0.0006171762361191213,0.024843031942963834,0.14451223611831665
29,380,1,0.01,3,92,0.9989444613456726,0.0010733276139944792,0.032761679047241754,0.18156901001930237
29,380,1,0.01,3,93,0.9994419813156128,0.0005674215499311686,0.023820611871468972,0.11399871110916138
29,380,1,0.01,3,94,0.9991970062255859,0.000816543004475534,0.028575216612924108,0.1224931851029396
29,380,1,0.01,3,95,0.9994127750396729,0.0005971181089989841,0.024436000265980192,0.12203172594308853
29,380,1,0.01,3,96,0.9991723299026489,0.0008416216005571187,0.029010715271380653,0.14112213253974915
29,380,1,0.01,3,97,0.9992840886116028,0.0007279995479620993,0.02698146674964316,0.17172707617282867
29,380,1,0.01,3,98,0.999482274055481,0.0005264483042992651,0.022944461298955467,0.15966835618019104
29,380,1,0.01,3,99,0.999447762966156,0.0005615738336928189,0.023697549107298394,0.15961241722106934
29,380,1,0.01,3,100,0.9988716840744019,0.00114732317160815,0.033872159240416755,0.22276772558689117
30,380,1,0.01,3,1,0.990950882434845,0.009201768785715103,0.09592585045604289,0.4849262237548828
30,380,1,0.01,3,2,0.9902284741401672,0.009936369955539703,0.09968134206329539,0.6577483415603638
30,380,1,0.01,3,3,0.995210587978363,0.0048702373169362545,0.06978708560282665,0.35369348526000977
30,380,1,0.01,3,4,0.9966579079627991,0.0033984894398599863,0.05829656456310257,0.3973151445388794
30,380,1,0.01,3,5,0.9967625141143799,0.0032920818775892258,0.05737666666502356,0.3390194773674011
30,380,1,0.01,3,6,0.9974730014801025,0.002569604432210326,0.05069126583752201,0.3440512716770172
30,380,1,0.01,3,7,0.9979435801506042,0.002091097878292203,0.045728523683716306,0.2544548511505127
30,380,1,0.01,3,8,0.996313750743866,0.0037484148051589727,0.061224299139793936,0.2973284125328064
30,380,1,0.01,3,9,0.9977469444274902,0.002291090553626418,0.04786533770513291,0.3109316825866699
30,380,1,0.01,3,10,0.9979230761528015,0.002111944602802396,0.04595589845495784,0.2999136745929718
30,380,1,0.01,3,11,0.9975992441177368,0.0024412309285253286,0.04940881427969435,0.25465309619903564
30,380,1,0.01,3,12,0.998272716999054,0.0017564194276928902,0.04190965792860746,0.2479148954153061
30,380,1,0.01,3,13,0.9979541897773743,0.002080298261716962,0.0456102867971356,0.25752562284469604
30,380,1,0.01,3,14,0.9983024001121521,0.0017262650653719902,0.04154834612077826,0.2641381621360779
30,380,1,0.01,3,15,0.9976574778556824,0.0023820209316909313,0.048805951806013693,0.35672280192375183
30,380,1,0.01,3,16,0.998228907585144,0.0018009950872510672,0.04243813246658089,0.2316482812166214
30,380,1,0.01,3,17,0.9977132678031921,0.0023253110703080893,0.048221479345910666,0.24806030094623566
30,380,1,0.01,3,18,0.9984062314033508,0.0016206573927775025,0.040257389294109755,0.27258649468421936
30,380,1,0.01,3,19,0.9982190728187561,0.0018109489465132356,0.04255524581662331,0.2607852518558502
30,380,1,0.01,3,20,0.998725175857544,0.0012963177869096398,0.03600441343654469,0.21545886993408203
30,380,1,0.01,3,21,0.9986821413040161,0.0013400889001786709,0.03660722469921301,0.240040585398674
30,380,1,0.01,3,22,0.9982584714889526,0.0017709030071273446,0.042082098416397255,0.22523681819438934
30,380,1,0.01,3,23,0.9985443949699402,0.001480153645388782,0.038472764982371385,0.22298632562160492
30,380,1,0.01,3,24,0.9988545179367065,0.0011647818610072136,0.03412890067094476,0.2661702632904053
30,380,1,0.01,3,25,0.9984276294708252,0.0015989074017852545,0.03998634018993554,0.2748468518257141
30,380,1,0.01,3,26,0.998432993888855,0.0015934619586914778,0.03991819082437827,0.22982347011566162
30,380,1,0.01,3,27,0.998680591583252,0.0013416474685072899,0.03662850622817275,0.21621455252170563
30,380,1,0.01,3,28,0.9984355568885803,0.001590839819982648,0.03988533339440261,0.25799277424812317
30,380,1,0.01,3,29,0.998683750629425,0.0013384782942011952,0.03658521961395333,0.21133820712566376
30,380,1,0.01,3,30,0.9988218545913696,0.0011980467243120074,0.034612811563234896,0.18582074344158173
30,380,1,0.01,3,31,0.998916506767273,0.0011017847573384643,0.03319314322775811,0.2641560435295105
30,380,1,0.01,3,32,0.9988280534744263,0.0011916988296434283,0.0345209911451486,0.18324297666549683
30,380,1,0.01,3,33,0.9990412592887878,0.0009748979937285185,0.031223356541674352,0.22222253680229187
30,380,1,0.01,3,34,0.9990679621696472,0.0009477902785874903,0.03078620273089051,0.24484384059906006
30,380,1,0.01,3,35,0.9988022446632385,0.0012179334880784154,0.03489890382345003,0.14769716560840607
30,380,1,0.01,3,36,0.9978511929512024,0.0021850711200386286,0.046744744303917514,0.19487853348255157
30,380,1,0.01,3,37,0.9989535212516785,0.0010641131084412336,0.03262074659539897,0.24558034539222717
30,380,1,0.01,3,38,0.9987002015113831,0.0013217503437772393,0.0363558845825162,0.1727006435394287
30,380,1,0.01,3,39,0.999079167842865,0.0009363419376313686,0.03059970486183435,0.1486564725637436
30,380,1,0.01,3,40,0.9990819692611694,0.0009335298673249781,0.030553721006204435,0.172331765294075
30,380,1,0.01,3,41,0.9988951683044434,0.0011234716512262821,0.03351822864093928,0.23335577547550201
30,380,1,0.01,3,42,0.9990034103393555,0.001013430766761303,0.03183442738233724,0.1857544481754303
30,380,1,0.01,3,43,0.997835099697113,0.0022014309652149677,0.04691940925901527,0.24388465285301208
30,380,1,0.01,3,44,0.9985749125480652,0.0014491386245936155,0.038067553435880475,0.16468693315982819
30,380,1,0.01,3,45,0.999117910861969,0.0008969668997451663,0.029949405665975516,0.2167629897594452
30,380,1,0.01,3,46,0.9989669919013977,0.0010504109086468816,0.03241004332991367,0.15561898052692413
30,380,1,0.01,3,47,0.9991625547409058,0.0008515676017850637,0.029181631239275568,0.1606597751379013
30,380,1,0.01,3,48,0.9990232586860657,0.0009932095417752862,0.03151522714141985,0.19312351942062378
30,380,1,0.01,3,49,0.9991583824157715,0.0008557933615520597,0.02925394608513627,0.1710236668586731
30,380,1,0.01,3,50,0.9980053901672363,0.0020282594487071037,0.04503620153506625,0.18911193311214447
30,380,1,0.01,3,51,0.9990266561508179,0.0009897809941321611,0.031460785020913914,0.12435300648212433
30,380,1,0.01,3,52,0.9991848468780518,0.000828908639959991,0.02879077352139034,0.16870398819446564
30,380,1,0.01,3,53,0.9989989995956421,0.0010178842348977923,0.031904298063079095,0.1519928127527237
30,380,1,0.01,3,54,0.9986793398857117,0.0013429614482447505,0.03664643841145754,0.17008750140666962
30,380,1,0.01,3,55,0.9987003803253174,0.0013215627986937761,0.03635330519627859,0.18121476471424103
30,380,1,0.01,3,56,0.9993019104003906,0.0007098628557287157,0.026643251598269975,0.1446428745985031
30,380,1,0.01,3,57,0.9993051290512085,0.000706621038261801,0.02658234448392017,0.12473631650209427
30,380,1,0.01,3,58,0.9990918636322021,0.0009234859026037157,0.030388910849250845,0.13878591358661652
30,380,1,0.01,3,59,0.9991503357887268,0.000863970082718879,0.029393368005706303,0.12580333650112152
30,380,1,0.01,3,60,0.9993235468864441,0.0006878591375425458,0.02622706879433052,0.133529931306839
30,380,1,0.01,3,61,0.9992029666900635,0.0008104980224743485,0.028469246960085695,0.20661506056785583
30,380,1,0.01,3,62,0.9990158677101135,0.0010007143719121814,0.03163406979685322,0.12723064422607422
30,380,1,0.01,3,63,0.9982837438583374,0.001745182671584189,0.041775383559988874,0.18512065708637238
30,380,1,0.01,3,64,0.9992058873176575,0.0008074930519796908,0.028416422223420224,0.15142428874969482
30,380,1,0.01,3,65,0.9993550777435303,0.0006558116874657571,0.02560882050126005,0.12575064599514008
30,380,1,0.01,3,66,0.9987336993217468,0.001287671271711588,0.0358841367697704,0.1876547634601593
30,380,1,0.01,3,67,0.9991365671157837,0.0008779742056503892,0.02963062951829389,0.15327800810337067
30,380,1,0.01,3,68,0.9989241361618042,0.0010940403444692492,0.03307628069280537,0.1388423591852188
30,380,1,0.01,3,69,0.9992215037345886,0.0007916250615380704,0.02813583234130582,0.18158882856369019
30,380,1,0.01,3,70,0.9993864893913269,0.0006238377536647022,0.024976744256702117,0.15366585552692413
30,380,1,0.01,3,71,0.9992420673370361,0.0007707023178227246,0.0277615258554483,0.12730316817760468
30,380,1,0.01,3,72,0.9991262555122375,0.0008885028073564172,0.029807764212641263,0.14353762567043304
30,380,1,0.01,3,73,0.9992474317550659,0.0007652799831703305,0.02766369431529944,0.16299548745155334
30,380,1,0.01,3,74,0.9991442561149597,0.000870192947331816,0.029499032989774698,0.16707685589790344
30,380,1,0.01,3,75,0.9991035461425781,0.0009116011788137257,0.03019273387445605,0.18047857284545898
30,380,1,0.01,3,76,0.9993541240692139,0.000656775024253875,0.02562762229029207,0.13523134589195251
30,380,1,0.01,3,77,0.9986860156059265,0.0013361646560952067,0.03655358609076826,0.2154848575592041
30,380,1,0.01,3,78,0.9992294907569885,0.0007834943244233727,0.027990968622457008,0.13184109330177307
30,380,1,0.01,3,79,0.9993128776550293,0.0006987265660427511,0.026433436515949853,0.1365753561258316
30,380,1,0.01,3,80,0.9987654685974121,0.0012553547276183963,0.03543098541698207,0.22203665971755981
30,380,1,0.01,3,81,0.9993041157722473,0.0007076431647874415,0.0266015632019519,0.21255679428577423
30,380,1,0.01,3,82,0.9992415904998779,0.0007712189108133316,0.027770828414243096,0.10963733494281769
30,380,1,0.01,3,83,0.9993412494659424,0.0006698417128063738,0.025881300446584477,0.15465302765369415
30,380,1,0.01,3,84,0.9992516040802002,0.0007610436296090484,0.027587019222979643,0.15819993615150452
30,380,1,0.01,3,85,0.9991945624351501,0.0008190213702619076,0.02861854940876472,0.1798447221517563
30,380,1,0.01,3,86,0.9992095232009888,0.000803840986918658,0.02835208963936623,0.15994416177272797
30,380,1,0.01,3,87,0.9986023902893066,0.0014211935922503471,0.03769872136094734,0.12077068537473679
30,380,1,0.01,3,88,0.9993663430213928,0.0006443383754231036,0.025383821135185766,0.11404526978731155
30,380,1,0.01,3,89,0.9991728663444519,0.0008410752634517848,0.029001297616689237,0.19608712196350098
30,380,1,0.01,3,90,0.9991891980171204,0.00082445825682953,0.028713381145896593,0.15405084192752838
30,380,1,0.01,3,91,0.9972519874572754,0.002794374944642186,0.05286184772255115,0.35735616087913513
30,380,1,0.01,3,92,0.999380886554718,0.0006295392522588372,0.025090620802579542,0.12943166494369507
30,380,1,0.01,3,93,0.9990126490592957,0.001004001242108643,0.031685978635804246,0.13486795127391815
30,380,1,0.01,3,94,0.9990566372871399,0.0009592922870069742,0.030972443994734644,0.12953710556030273
30,380,1,0.01,3,95,0.9992722868919373,0.0007399896858260036,0.02720275143852187,0.1648384928703308
30,380,1,0.01,3,96,0.9991991519927979,0.0008143324521370232,0.02853651086129878,0.15714819729328156
30,380,1,0.01,3,97,0.9990680813789368,0.0009476392297074199,0.030783749441993254,0.14338383078575134
30,380,1,0.01,3,98,0.9993510842323303,0.0006598758045583963,0.025688047893103836,0.13776379823684692
30,380,1,0.01,3,99,0.9993223547935486,0.000689102744217962,0.026250766545340386,0.14175404608249664
30,380,1,0.01,3,100,0.9992428421974182,0.0007699178531765938,0.02774739362853012,0.128548726439476
