seed,max_neurons,layers,learn_rate,epoch,Jou_score,Jou_mse,Jou_rmse,Jou_mape
0,380,1,0.01,1,0.9949063062667847,0.005179641768336296,0.07196972813854653,0.5327273607254028
0,380,1,0.01,2,0.9970998764038086,0.0029490196611732244,0.05430487695569547,0.34010186791419983
0,380,1,0.01,3,0.9980102777481079,0.0020232622046023607,0.04498068701790092,0.34378525614738464
0,380,1,0.01,4,0.9985425472259521,0.0014820393407717347,0.03849726406865473,0.22104094922542572
0,380,1,0.01,5,0.999036431312561,0.0009798031533136964,0.031301807508731766,0.14476339519023895
0,380,1,0.01,6,0.9990736246109009,0.0009420150890946388,0.030692264320096013,0.2124871015548706
0,380,1,0.01,7,0.9986779093742371,0.001344412099570036,0.036666225597544615,0.25314322113990784
0,380,1,0.01,8,0.9976241588592529,0.0024159266613423824,0.04915207687720207,0.42539358139038086
0,380,1,0.01,9,0.9990113973617554,0.0010052736615762115,0.03170605086692777,0.15855859220027924
0,380,1,0.01,10,0.9992462396621704,0.000766455486882478,0.02768493248831353,0.13368931412696838
0,380,1,0.01,11,0.9991528987884521,0.0008613854879513383,0.02934936946428898,0.1470455676317215
0,380,1,0.01,12,0.9988527297973633,0.001166649628430605,0.0341562531380508,0.21550807356834412
0,380,1,0.01,13,0.9981358647346497,0.0018955781124532223,0.043538237360430915,0.21475541591644287
0,380,1,0.01,14,0.9993550777435303,0.0006558087188750505,0.0256087625408775,0.1628943234682083
0,380,1,0.01,15,0.998831033706665,0.0011886981083080173,0.03447750148006693,0.21415835618972778
0,380,1,0.01,16,0.9981365203857422,0.0018949087243527174,0.04353054932289182,0.15951967239379883
0,380,1,0.01,17,0.9992907643318176,0.0007211811025626957,0.026854815258398182,0.16229967772960663
0,380,1,0.01,18,0.9985353946685791,0.0014893076149746776,0.038591548491537335,0.20169739425182343
0,380,1,0.01,19,0.997636616230011,0.002403232268989086,0.04902277296307387,0.2172052264213562
0,380,1,0.01,20,0.9991188049316406,0.0008960644481703639,0.029934335605961992,0.17850333452224731
0,380,1,0.01,21,0.9994171261787415,0.0005926940939389169,0.024345309485379663,0.16009575128555298
0,380,1,0.01,22,0.9992249011993408,0.0007881538476794958,0.028074077859824634,0.13270899653434753
0,380,1,0.01,23,0.9995464086532593,0.00046122801722958684,0.021476219807721908,0.08695913106203079
0,380,1,0.01,24,0.998874843120575,0.0011441146489232779,0.033824763841352655,0.21290633082389832
0,380,1,0.01,25,0.9995211362838745,0.00048694800352677703,0.022066898366711555,0.1433773785829544
0,380,1,0.01,26,0.9991925358772278,0.0008210884407162666,0.028654640823368674,0.16241337358951569
0,380,1,0.01,27,0.9994199275970459,0.0005898604285903275,0.024287042401048495,0.1466297060251236
0,380,1,0.01,28,0.9987339377403259,0.001287439139559865,0.035880902156437834,0.29639673233032227
0,380,1,0.01,29,0.9980342984199524,0.001998856896534562,0.044708577438055015,0.2046431303024292
0,380,1,0.01,30,0.999358057975769,0.0006527755176648498,0.02554947196450153,0.11682136356830597
0,380,1,0.01,31,0.9990981817245483,0.0009170055855065584,0.030282100084151338,0.11262034624814987
0,380,1,0.01,32,0.9988163709640503,0.0012035808758810163,0.034692663141952886,0.13618123531341553
0,380,1,0.01,33,0.9992266893386841,0.0007863768842071295,0.02804241223944776,0.15812577307224274
0,380,1,0.01,34,0.9993563890457153,0.0006544900825247169,0.025583003782291024,0.1824905276298523
0,380,1,0.01,35,0.9989216923713684,0.0010964951943606138,0.0331133688162442,0.21703465282917023
0,380,1,0.01,36,0.9980834126472473,0.0019489044789224863,0.044146398255378506,0.2518695294857025
0,380,1,0.01,37,0.999472975730896,0.0005359294009394944,0.023150149047889396,0.07630615681409836
0,380,1,0.01,38,0.9982965588569641,0.0017321869963780046,0.041619550650842024,0.1386365294456482
0,380,1,0.01,39,0.9992160797119141,0.0007971692830324173,0.02823418642412806,0.16466660797595978
0,380,1,0.01,40,0.9987883567810059,0.0012320878449827433,0.03510110888537203,0.21362422406673431
0,380,1,0.01,41,0.9993813037872314,0.0006291266763582826,0.025082397739416434,0.11579854041337967
0,380,1,0.01,42,0.9992808103561401,0.0007313124951906502,0.027042790077775818,0.17029470205307007
0,380,1,0.01,43,0.9993054270744324,0.0007062737131491303,0.026575810677176535,0.1319851279258728
0,380,1,0.01,44,0.999546229839325,0.000461405812529847,0.0214803587616652,0.10810098797082901
0,380,1,0.01,45,0.9993608593940735,0.0006499529117718339,0.02549417407510653,0.10653740167617798
0,380,1,0.01,46,0.9995241165161133,0.00048389207222498953,0.021997546959263196,0.15692618489265442
0,380,1,0.01,47,0.9994586110115051,0.0005505336448550224,0.02346345338723655,0.1352837234735489
0,380,1,0.01,48,0.9996487498283386,0.00035716124693863094,0.018898710192461043,0.11812533438205719
0,380,1,0.01,49,0.9982815384864807,0.0017474732594564557,0.04180279009176847,0.25761380791664124
0,380,1,0.01,50,0.9994186162948608,0.0005912187043577433,0.02431498929380277,0.12420953065156937
0,380,1,0.01,51,0.9993292689323425,0.0006820651469752192,0.026116376987921186,0.15084050595760345
0,380,1,0.01,52,0.9995024800300598,0.0005059186369180679,0.02249263517060791,0.11301906406879425
0,380,1,0.01,53,0.9991628527641296,0.0008512552012689412,0.029176278057163857,0.15223199129104614
0,380,1,0.01,54,0.9996364712715149,0.0003696732746902853,0.019226889365944907,0.09358742088079453
0,380,1,0.01,55,0.9993594288825989,0.0006513608386740088,0.025521771856084147,0.18483765423297882
0,380,1,0.01,56,0.9978986382484436,0.00213679950684309,0.04622552873513823,0.226457878947258
0,380,1,0.01,57,0.9988632202148438,0.0011559484992176294,0.03399924262711788,0.13614605367183685
0,380,1,0.01,58,0.9991486668586731,0.0008656857535243034,0.029422538189699126,0.10931020230054855
0,380,1,0.01,59,0.9994245171546936,0.000585163536015898,0.024190153699716294,0.1266128122806549
0,380,1,0.01,60,0.9994527101516724,0.0005565155879594386,0.02359058261169992,0.10641814768314362
0,380,1,0.01,61,0.9993805289268494,0.0006299135857261717,0.02509807932344967,0.10695040225982666
0,380,1,0.01,62,0.9992378354072571,0.0007750123622827232,0.02783904384641691,0.11771395057439804
0,380,1,0.01,63,0.999698281288147,0.00030677858740091324,0.017515095986060516,0.11316260695457458
0,380,1,0.01,64,0.9993136525154114,0.0006979171303100884,0.026418121248682473,0.13974836468696594
0,380,1,0.01,65,0.9995893836021423,0.0004175359499640763,0.020433696434176474,0.07679685205221176
0,380,1,0.01,66,0.99941486120224,0.0005950243212282658,0.024393120366780995,0.17996853590011597
0,380,1,0.01,67,0.9995378255844116,0.00046995910815894604,0.021678540268176408,0.10150061547756195
0,380,1,0.01,68,0.9995014667510986,0.000506931624840945,0.022515142123489804,0.0878801941871643
0,380,1,0.01,69,0.9983136653900146,0.0017147822072729468,0.041409928848923985,0.1719222515821457
0,380,1,0.01,70,0.9992227554321289,0.0007903387304395437,0.028112963743432383,0.17070992290973663
0,380,1,0.01,71,0.9995155930519104,0.0004925989778712392,0.022194570909824754,0.12197675555944443
0,380,1,0.01,72,0.9994092583656311,0.0006006828043609858,0.024508831150444235,0.12018651515245438
0,380,1,0.01,73,0.9996068477630615,0.00039979771827347577,0.019994942317333043,0.16642636060714722
0,380,1,0.01,74,0.9985520243644714,0.0014724101638421416,0.03837199713126933,0.158873051404953
0,380,1,0.01,75,0.9991652369499207,0.0008488656021654606,0.029135298216518404,0.14682824909687042
0,380,1,0.01,76,0.9996048808097839,0.00040179278585128486,0.0200447695384927,0.13645440340042114
0,380,1,0.01,77,0.9993728995323181,0.0006376774399541318,0.025252275936123694,0.1545107066631317
0,380,1,0.01,78,0.999702513217926,0.000302513042697683,0.017392902078080096,0.10353481024503708
0,380,1,0.01,79,0.9996039867401123,0.0004026816750410944,0.020066929885787073,0.11678233742713928
0,380,1,0.01,80,0.9995947480201721,0.00041208439506590366,0.020299861946966626,0.10078603774309158
0,380,1,0.01,81,0.9994838833808899,0.000524837349075824,0.022909328865678803,0.11063815653324127
0,380,1,0.01,82,0.9985871315002441,0.0014366903342306614,0.03790369816034659,0.2248050570487976
0,380,1,0.01,83,0.999483048915863,0.0005256779259070754,0.022927667258294628,0.13848675787448883
0,380,1,0.01,84,0.9993768930435181,0.0006336015067063272,0.025171442284984927,0.15823882818222046
0,380,1,0.01,85,0.9995281100273132,0.00047982370597310364,0.021904878588412755,0.10288383066654205
0,380,1,0.01,86,0.9996472001075745,0.0003587709506973624,0.018941249977162605,0.1156950518488884
0,380,1,0.01,87,0.9993699193000793,0.0006406810134649277,0.025311677413101797,0.13953031599521637
0,380,1,0.01,88,0.99964439868927,0.00036157076829113066,0.019015014285851343,0.1281539797782898
0,380,1,0.01,89,0.9992092251777649,0.0008041066466830671,0.02835677426441638,0.1356210708618164
0,380,1,0.01,90,0.9996504783630371,0.00035539190866984427,0.018851840988875445,0.11222173273563385
0,380,1,0.01,91,0.9994707107543945,0.0005381899536587298,0.023198921389985565,0.1642645001411438
0,380,1,0.01,92,0.9996430277824402,0.00036297825863584876,0.01905198831187571,0.09893209487199783
0,380,1,0.01,93,0.9993187785148621,0.0006926918867975473,0.026319040385195416,0.1317216455936432
0,380,1,0.01,94,0.9975865483283997,0.0024541697930544615,0.04953957804679468,0.14619046449661255
0,380,1,0.01,95,0.999420702457428,0.000589056231547147,0.02427048066164218,0.1751774102449417
0,380,1,0.01,96,0.9994640350341797,0.0005450213211588562,0.02334569170444209,0.1292586326599121
0,380,1,0.01,97,0.999651312828064,0.00035455229226499796,0.018829559003465748,0.16677013039588928
0,380,1,0.01,98,0.9995992183685303,0.000407522456953302,0.0201871854638853,0.11690742522478104
0,380,1,0.01,99,0.9996054172515869,0.0004012448189314455,0.020031096298791174,0.1095525249838829
0,380,1,0.01,100,0.999626874923706,0.0003794462245423347,0.019479379470155992,0.16821879148483276
1,380,1,0.01,1,0.9940547943115234,0.006045479327440262,0.07775268051610994,0.5468704104423523
1,380,1,0.01,2,0.9958228468894958,0.004247645381838083,0.06517396245309996,0.3458946645259857
1,380,1,0.01,3,0.9968461394309998,0.0032070553861558437,0.05663086955147205,0.3722066581249237
1,380,1,0.01,4,0.9982195496559143,0.001810475718230009,0.04254968528943556,0.1967802196741104
1,380,1,0.01,5,0.9975594878196716,0.002481655450537801,0.04981621674252071,0.23973554372787476
1,380,1,0.01,6,0.9985621571540833,0.001462126849219203,0.038237767314779285,0.30916628241539
1,380,1,0.01,7,0.9990174174308777,0.000999130425043404,0.03160902442410085,0.1781845986843109
1,380,1,0.01,8,0.9983072280883789,0.0017213013488799334,0.041488568894093386,0.19954760372638702
1,380,1,0.01,9,0.9987382888793945,0.0012829878833144903,0.035818820239009695,0.29448753595352173
1,380,1,0.01,10,0.9990041851997375,0.0010126059642061591,0.031821470176692956,0.19127164781093597
1,380,1,0.01,11,0.9988886117935181,0.001130158663727343,0.03361783252571979,0.16670149564743042
1,380,1,0.01,12,0.998948872089386,0.0010688633192330599,0.03269347517828381,0.16623760759830475
1,380,1,0.01,13,0.9993559718132019,0.0006549075478687882,0.025591161518555353,0.0837244838476181
1,380,1,0.01,14,0.9977617859840393,0.002275948179885745,0.04770689866136495,0.33514872193336487
1,380,1,0.01,15,0.999171793460846,0.0008421928505413234,0.029020559101115253,0.1389666050672531
1,380,1,0.01,16,0.9991788864135742,0.0008349824929609895,0.028896063623978084,0.14728587865829468
1,380,1,0.01,17,0.9979498982429504,0.002084672451019287,0.04565821340152598,0.2059832066297531
1,380,1,0.01,18,0.9985122680664062,0.0015128552913665771,0.03889544049585474,0.2074519246816635
1,380,1,0.01,19,0.9994102716445923,0.0005996535182930529,0.0244878238782676,0.1741732358932495
1,380,1,0.01,20,0.9988632202148438,0.0011559320846572518,0.033999001230289864,0.20311091840267181
1,380,1,0.01,21,0.9994428753852844,0.0005665271310135722,0.0238018304130916,0.09982503950595856
1,380,1,0.01,22,0.9990416765213013,0.0009744844865053892,0.031216734078141312,0.14856886863708496
1,380,1,0.01,23,0.9993715286254883,0.0006390936905518174,0.025280302422079872,0.173097625374794
1,380,1,0.01,24,0.9992977380752563,0.0007141235982999206,0.026723091106754856,0.1134970411658287
1,380,1,0.01,25,0.9987187385559082,0.0013028719695284963,0.036095317833875575,0.21968364715576172
1,380,1,0.01,26,0.9978234171867371,0.002213322091847658,0.047045957231707576,0.24546602368354797
1,380,1,0.01,27,0.9991583824157715,0.0008558394038118422,0.029254733015562494,0.1735682189464569
1,380,1,0.01,28,0.9993140697479248,0.0006975182332098484,0.0264105704824763,0.10627716779708862
1,380,1,0.01,29,0.9993448853492737,0.0006661909283138812,0.0258106746969908,0.1088477149605751
1,380,1,0.01,30,0.9987208247184753,0.0013007353991270065,0.03606570946379686,0.25545889139175415
1,380,1,0.01,31,0.9988646507263184,0.001154508558101952,0.03397805995200362,0.1217736303806305
1,380,1,0.01,32,0.999030351638794,0.0009859971469268203,0.031400591506002246,0.15168844163417816
1,380,1,0.01,33,0.998683512210846,0.0013387150829657912,0.036588455596892736,0.19747216999530792
1,380,1,0.01,34,0.9991734027862549,0.0008405246771872044,0.02899180362080297,0.12613141536712646
1,380,1,0.01,35,0.9965821504592896,0.0034755340311676264,0.05895366003199145,0.23682302236557007
1,380,1,0.01,36,0.9993146061897278,0.0006969535606913269,0.02639987804311465,0.12088467180728912
1,380,1,0.01,37,0.9993746280670166,0.0006359463441185653,0.025217976606352964,0.1527271866798401
1,380,1,0.01,38,0.9993115067481995,0.0007001382182352245,0.026460125060838707,0.13137511909008026
1,380,1,0.01,39,0.9995207786560059,0.0004872886638622731,0.022074615825927145,0.12931224703788757
1,380,1,0.01,40,0.9992954134941101,0.0007164528360590339,0.026766636622090455,0.11974965780973434
1,380,1,0.01,41,0.999638020992279,0.00036807035212405026,0.019185159684611704,0.1163976639509201
1,380,1,0.01,42,0.9993276596069336,0.0006837056716904044,0.02614776609369153,0.1619638204574585
1,380,1,0.01,43,0.9991838335990906,0.0008299170294776559,0.02880828057135059,0.21182696521282196
1,380,1,0.01,44,0.9991446137428284,0.0008698292658664286,0.029492868050876784,0.14343143999576569
1,380,1,0.01,45,0.9996737837791443,0.0003317096852697432,0.018212898870573657,0.08166059851646423
1,380,1,0.01,46,0.9984586238861084,0.001567383762449026,0.03959019780765216,0.12726274132728577
1,380,1,0.01,47,0.9992945790290833,0.0007173464400693774,0.026783323917493464,0.1541324108839035
1,380,1,0.01,48,0.9993255734443665,0.000685812730807811,0.026188026477911828,0.1351492702960968
1,380,1,0.01,49,0.9989870190620422,0.0010300687281414866,0.032094683798745964,0.12552706897258759
1,380,1,0.01,50,0.9991549253463745,0.0008593554957769811,0.029314765831863317,0.13003228604793549
1,380,1,0.01,51,0.9988875985145569,0.0011311409762129188,0.03363243934377819,0.09297940135002136
1,380,1,0.01,52,0.999533474445343,0.0004744089674204588,0.021780931279916815,0.11430870741605759
1,380,1,0.01,53,0.9994955658912659,0.0005129406345076859,0.02264819274263812,0.10075035691261292
1,380,1,0.01,54,0.9992640018463135,0.0007484427187591791,0.027357681165610128,0.20880866050720215
1,380,1,0.01,55,0.99954754114151,0.0004600804822985083,0.021449486760724796,0.10523061454296112
1,380,1,0.01,56,0.9990900158882141,0.0009253642638213933,0.030419800522380046,0.17548434436321259
1,380,1,0.01,57,0.9977028965950012,0.0023358743637800217,0.048330884160958834,0.15069323778152466
1,380,1,0.01,58,0.9971744418144226,0.002873229794204235,0.05360251667789708,0.22895118594169617
1,380,1,0.01,59,0.9992756843566895,0.0007365054334513843,0.02713863359587922,0.13962961733341217
1,380,1,0.01,60,0.9992969036102295,0.0007149571902118623,0.026738683404608058,0.11666245013475418
1,380,1,0.01,61,0.9996321201324463,0.00037407336640171707,0.01934097635595776,0.1213020607829094
1,380,1,0.01,62,0.9994439482688904,0.0005654309061355889,0.023778791099120008,0.08177163451910019
1,380,1,0.01,63,0.9995231628417969,0.00048488585161976516,0.0220201237875668,0.08624997735023499
1,380,1,0.01,64,0.9996095895767212,0.00039697426836937666,0.019924213117947134,0.09843851625919342
1,380,1,0.01,65,0.999648928642273,0.00035698703140951693,0.018894100439277785,0.09785182029008865
1,380,1,0.01,66,0.9974039196968079,0.0026398799382150173,0.05137976195171614,0.26232025027275085
1,380,1,0.01,67,0.9990852475166321,0.0009301551035605371,0.03049844428098812,0.16502727568149567
1,380,1,0.01,68,0.9994006752967834,0.0006094315322116017,0.024686667094032798,0.11687523871660233
1,380,1,0.01,69,0.9991587996482849,0.0008554025553166866,0.02924726577505471,0.15554110705852509
1,380,1,0.01,70,0.9995610117912292,0.0004463662044145167,0.021127380443739747,0.10479818284511566
1,380,1,0.01,71,0.9991579055786133,0.0008563012816011906,0.029262626020253046,0.13663603365421295
1,380,1,0.01,72,0.9988170862197876,0.0012028412893414497,0.034682002383678044,0.12550929188728333
1,380,1,0.01,73,0.9993388652801514,0.0006722933030687273,0.025928619382233356,0.12161105871200562
1,380,1,0.01,74,0.999535083770752,0.00047276142868213356,0.021743077718716215,0.10521737486124039
1,380,1,0.01,75,0.999471127986908,0.0005378112546168268,0.02319075795692816,0.13908885419368744
1,380,1,0.01,76,0.9995365738868713,0.00047125908895395696,0.021708502687978207,0.08887176960706711
1,380,1,0.01,77,0.9996151328086853,0.0003913764376193285,0.019783236277700584,0.10977298766374588
1,380,1,0.01,78,0.9990569353103638,0.0009589691762812436,0.030967227455509214,0.12118522822856903
1,380,1,0.01,79,0.9995497465133667,0.0004578722582664341,0.021397949861293585,0.13888563215732574
1,380,1,0.01,80,0.9996020197868347,0.0004046716494485736,0.020116452208293927,0.14022360742092133
1,380,1,0.01,81,0.9993855953216553,0.0006247421260923147,0.024994841989744897,0.11080697923898697
1,380,1,0.01,82,0.9994983673095703,0.0005100863636471331,0.022585091623616077,0.09839452803134918
1,380,1,0.01,83,0.9993383884429932,0.0006727870786562562,0.02593813946018982,0.17930571734905243
1,380,1,0.01,84,0.9994410276412964,0.0005683893687091768,0.023840917950221144,0.1470131129026413
1,380,1,0.01,85,0.9991958737373352,0.0008176682167686522,0.028594898439558272,0.2162829488515854
1,380,1,0.01,86,0.99962317943573,0.00038314866833388805,0.01957418372075546,0.09212632477283478
1,380,1,0.01,87,0.999381959438324,0.0006284642149694264,0.025069188558256655,0.1491367667913437
1,380,1,0.01,88,0.9995212554931641,0.0004868036194238812,0.022063626615402128,0.14532408118247986
1,380,1,0.01,89,0.9995469450950623,0.00046068706433288753,0.021463621882918258,0.12572917342185974
1,380,1,0.01,90,0.9989636540412903,0.001053837826475501,0.032462868426488455,0.15983228385448456
1,380,1,0.01,91,0.9995197653770447,0.0004883549408987164,0.022098754283866692,0.1273604780435562
1,380,1,0.01,92,0.9993569254875183,0.0006539329187944531,0.025572112130100893,0.14680001139640808
1,380,1,0.01,93,0.9996397495269775,0.0003663523821160197,0.019140333908164185,0.085991270840168
1,380,1,0.01,94,0.9992637038230896,0.0007487228722311556,0.027362800884250787,0.09499633312225342
1,380,1,0.01,95,0.9995042681694031,0.00050408422248438,0.02245182002609989,0.1033027246594429
1,380,1,0.01,96,0.9996391534805298,0.00036691740388050675,0.0191550881981918,0.07505296915769577
1,380,1,0.01,97,0.9995984435081482,0.0004083112289663404,0.020206712472996206,0.11381760239601135
1,380,1,0.01,98,0.9994867444038391,0.0005219081649556756,0.022845309473843327,0.11491568386554718
1,380,1,0.01,99,0.9993534088134766,0.0006574969738721848,0.025641703802052326,0.0870141088962555
1,380,1,0.01,100,0.999626874923706,0.0003794299263972789,0.019478961122125556,0.08686647564172745
2,380,1,0.01,1,0.9943459033966064,0.005749459844082594,0.07582519267422005,0.5321281552314758
2,380,1,0.01,2,0.9970846176147461,0.0029645846225321293,0.05444799925187453,0.24303020536899567
2,380,1,0.01,3,0.9982489943504333,0.0017805307870730758,0.042196336180681325,0.22108130156993866
2,380,1,0.01,4,0.9982306361198425,0.0017992391949519515,0.04241743975008336,0.28743547201156616
2,380,1,0.01,5,0.9987996816635132,0.0012205749517306685,0.03493672783376641,0.19797679781913757
2,380,1,0.01,6,0.9987896680831909,0.0012307491851970553,0.03508203507775818,0.15179316699504852
2,380,1,0.01,7,0.998602569103241,0.0014209861401468515,0.0376959698130563,0.18561266362667084
2,380,1,0.01,8,0.9989927411079407,0.0010242798598483205,0.032004372511397886,0.16690398752689362
2,380,1,0.01,9,0.9988515973091125,0.0011677644215524197,0.03417256826099583,0.26392310857772827
2,380,1,0.01,10,0.9990398287773132,0.0009763650596141815,0.031246840794137597,0.14048652350902557
2,380,1,0.01,11,0.9991121292114258,0.0009028739295899868,0.030047860649137517,0.19235658645629883
2,380,1,0.01,12,0.9993396401405334,0.0006714961491525173,0.02591324273711257,0.17217287421226501
2,380,1,0.01,13,0.9991919994354248,0.0008216346614062786,0.02866417034219338,0.14288748800754547
2,380,1,0.01,14,0.9991908669471741,0.0008227844373323023,0.02868421930839852,0.14129430055618286
2,380,1,0.01,15,0.9992459416389465,0.0007667965837754309,0.027691092137642946,0.12090854346752167
2,380,1,0.01,16,0.9977572560310364,0.0022805763874202967,0.04775538071694431,0.1982884258031845
2,380,1,0.01,17,0.9982401728630066,0.0017895016353577375,0.042302501526005974,0.16230140626430511
2,380,1,0.01,18,0.9994062185287476,0.0006037745042704046,0.024571823381068093,0.11238794773817062
2,380,1,0.01,19,0.9991509318351746,0.0008633904508315027,0.029383506442075675,0.12056054919958115
2,380,1,0.01,20,0.9989770650863647,0.0010402154875919223,0.03225237181343292,0.17116275429725647
2,380,1,0.01,21,0.9991975426673889,0.0008159704739227891,0.028565196899772792,0.10937851667404175
2,380,1,0.01,22,0.9992060661315918,0.00080730055924505,0.02841303502347206,0.10167673975229263
2,380,1,0.01,23,0.9994170069694519,0.0005928384489379823,0.024348274044333866,0.10081743448972702
2,380,1,0.01,24,0.9993425607681274,0.0006685550906695426,0.025856432288108553,0.18662278354167938
2,380,1,0.01,25,0.999268114566803,0.0007442301139235497,0.027280581260734706,0.13698020577430725
2,380,1,0.01,26,0.9990457892417908,0.0009702982497401536,0.031149610747811175,0.17047612369060516
2,380,1,0.01,27,0.9994758367538452,0.0005330073763616383,0.023086952513522403,0.1022992730140686
2,380,1,0.01,28,0.9994014501571655,0.0006086341454647481,0.024670511657943945,0.09727919846773148
2,380,1,0.01,29,0.9995445013046265,0.0004631776246242225,0.02152156185373688,0.11280643194913864
2,380,1,0.01,30,0.9996352791786194,0.00037089106626808643,0.0192585322978696,0.08564142137765884
2,380,1,0.01,31,0.9960728883743286,0.003993370104581118,0.06319311754124113,0.31517261266708374
2,380,1,0.01,32,0.9990110397338867,0.0010056598111987114,0.03171213980794597,0.11905352771282196
2,380,1,0.01,33,0.9996048808097839,0.0004017917672172189,0.02004474412950235,0.12258793413639069
2,380,1,0.01,34,0.9984336495399475,0.0015927766216918826,0.03990960563187618,0.17088410258293152
2,380,1,0.01,35,0.9994236826896667,0.0005860661622136831,0.024208803403177184,0.1262155920267105
2,380,1,0.01,36,0.9987480640411377,0.0012730553280562162,0.03567990089751114,0.17893187701702118
2,380,1,0.01,37,0.9993210434913635,0.0006904398323968053,0.026276221805975174,0.10118518769741058
2,380,1,0.01,38,0.9983903169631958,0.0016368185169994831,0.0404576138322502,0.18883855640888214
2,380,1,0.01,39,0.9995689392089844,0.0004383208288345486,0.020936113030707217,0.10988204181194305
2,380,1,0.01,40,0.9988947510719299,0.001123881316743791,0.03352433916938246,0.1475498527288437
2,380,1,0.01,41,0.9993276000022888,0.0006837535765953362,0.02614868211966592,0.11474355310201645
2,380,1,0.01,42,0.9979576468467712,0.0020767904352396727,0.04557181623810568,0.2029287964105606
2,380,1,0.01,43,0.9993008971214294,0.0007109179859980941,0.02666304532490792,0.11471042782068253
2,380,1,0.01,44,0.9994208216667175,0.0005889651365578175,0.02426860392683966,0.14452709257602692
2,380,1,0.01,45,0.9990880489349365,0.0009273278410546482,0.03045205807584519,0.15802228450775146
2,380,1,0.01,46,0.9990360140800476,0.0009802418062463403,0.031308813555392674,0.1455765962600708
2,380,1,0.01,47,0.9989064931869507,0.0011119777336716652,0.03334633013798768,0.17422692477703094
2,380,1,0.01,48,0.9996022582054138,0.0004044419911224395,0.0201107431767809,0.1358262002468109
2,380,1,0.01,49,0.9994805455207825,0.0005282183410599828,0.02298300113257585,0.10600147396326065
2,380,1,0.01,50,0.9992667436599731,0.0007456566672772169,0.02730671469212686,0.1730072945356369
2,380,1,0.01,51,0.9995307326316833,0.00047721187002025545,0.021845179560265816,0.10772774368524551
2,380,1,0.01,52,0.9991070628166199,0.0009079992305487394,0.03013302557906755,0.12453356385231018
2,380,1,0.01,53,0.9994350075721741,0.0005745457601733506,0.023969684190104604,0.09416177868843079
2,380,1,0.01,54,0.9995549321174622,0.0004525657859630883,0.021273593630674822,0.1060575395822525
2,380,1,0.01,55,0.9994949102401733,0.0005136209074407816,0.02266320602740887,0.11724446713924408
2,380,1,0.01,56,0.9993588924407959,0.0006519456510432065,0.02553322641271969,0.17187084257602692
2,380,1,0.01,57,0.9989727139472961,0.0010445903753861785,0.032320123381357604,0.16594243049621582
2,380,1,0.01,58,0.9976270198822021,0.0024130046367645264,0.049122343559367426,0.3258490562438965
2,380,1,0.01,59,0.9989919066429138,0.001025081379339099,0.03201689209369171,0.11873487383127213
2,380,1,0.01,60,0.9993632435798645,0.0006475162226706743,0.025446340064352563,0.06694295257329941
2,380,1,0.01,61,0.9994628429412842,0.0005462247063405812,0.023371450668295737,0.08396847546100616
2,380,1,0.01,62,0.9985400438308716,0.0014845655532553792,0.0385300603847876,0.19619037210941315
2,380,1,0.01,63,0.9987533688545227,0.0012676863698288798,0.035604583550841874,0.16403131186962128
2,380,1,0.01,64,0.999380350112915,0.0006300882087089121,0.025101557894061318,0.17221176624298096
2,380,1,0.01,65,0.9988108277320862,0.0012092189863324165,0.03477382616757058,0.18980881571769714
2,380,1,0.01,66,0.9994372725486755,0.0005722431815229356,0.023921604911103594,0.15856122970581055
2,380,1,0.01,67,0.9993895292282104,0.0006207802216522396,0.02491546149787797,0.10379792004823685
2,380,1,0.01,68,0.9994775056838989,0.0005313151050359011,0.023050273426488917,0.11166897416114807
2,380,1,0.01,69,0.9992567300796509,0.0007558185025118291,0.02749215347170587,0.1375540941953659
2,380,1,0.01,70,0.9983162879943848,0.001712094061076641,0.04137745836897962,0.13272343575954437
2,380,1,0.01,71,0.9994363784790039,0.0005731119308620691,0.023939756282428382,0.08847887068986893
2,380,1,0.01,72,0.9995580911636353,0.0004493363085202873,0.02119755430516189,0.08567355573177338
2,380,1,0.01,73,0.9995262026786804,0.0004817976150661707,0.021949888725598832,0.10280226171016693
2,380,1,0.01,74,0.9993113279342651,0.0007002882775850594,0.026462960484138192,0.11739325523376465
2,380,1,0.01,75,0.9995604753494263,0.0004469260456971824,0.02114062548027334,0.08086762577295303
2,380,1,0.01,76,0.999591052532196,0.0004158368392381817,0.02039207785484799,0.13032037019729614
2,380,1,0.01,77,0.9990854263305664,0.0009300269884988666,0.030496343854614222,0.11262921243906021
2,380,1,0.01,78,0.9991403818130493,0.0008741221390664577,0.02956555663380038,0.13094037771224976
2,380,1,0.01,79,0.9994736313819885,0.0005352383595891297,0.02313521903049828,0.08927586674690247
2,380,1,0.01,80,0.9994974136352539,0.0005110903293825686,0.022607306990939203,0.0818408653140068
2,380,1,0.01,81,0.9996034502983093,0.00040326511953026056,0.02008146208646822,0.12180686742067337
2,380,1,0.01,82,0.9996675848960876,0.00033801954123191535,0.018385307754615242,0.07595840841531754
2,380,1,0.01,83,0.9995265007019043,0.0004815105930902064,0.021943349632410417,0.09555485099554062
2,380,1,0.01,84,0.999594509601593,0.00041236128890886903,0.020306680893461368,0.12089675664901733
2,380,1,0.01,85,0.999553918838501,0.00045362443779595196,0.02129846092552117,0.08313316106796265
2,380,1,0.01,86,0.9996103644371033,0.0003961873590014875,0.01990445575748022,0.11057872325181961
2,380,1,0.01,87,0.9994626641273499,0.0005464270361699164,0.023375778835579283,0.1600363552570343
2,380,1,0.01,88,0.9988437294960022,0.0011757652973756194,0.0342894341944515,0.15904472768306732
2,380,1,0.01,89,0.9996203780174255,0.0003860303550027311,0.01964765520368095,0.1310233771800995
2,380,1,0.01,90,0.9995418787002563,0.0004658665566239506,0.021583942101107263,0.15984733402729034
2,380,1,0.01,91,0.9990925788879395,0.0009227215196006,0.030376331569177344,0.1262141615152359
2,380,1,0.01,92,0.9991110563278198,0.0009039587457664311,0.030065906701219426,0.1429562121629715
2,380,1,0.01,93,0.9993343949317932,0.0006768589373677969,0.02601651278261168,0.10345833003520966
2,380,1,0.01,94,0.9996741414070129,0.0003313663764856756,0.018203471550384986,0.09114516526460648
2,380,1,0.01,95,0.9996952414512634,0.00030990157392807305,0.01760402152714183,0.08609388768672943
2,380,1,0.01,96,0.9994158148765564,0.0005940138944424689,0.02437240026018096,0.13742172718048096
2,380,1,0.01,97,0.9997046589851379,0.000300321145914495,0.017329776279989738,0.12513987720012665
2,380,1,0.01,98,0.9994790554046631,0.0005297176539897919,0.023015595886046313,0.12602928280830383
2,380,1,0.01,99,0.9987041354179382,0.0013177443761378527,0.03630074897488828,0.1265418529510498
2,380,1,0.01,100,0.9994581937789917,0.0005509237525984645,0.02347176500816384,0.08741935342550278
3,380,1,0.01,1,0.994508683681488,0.005583938676863909,0.07472575644892401,0.47695401310920715
3,380,1,0.01,2,0.9970777630805969,0.0029715418349951506,0.0545118504088345,0.2865457534790039
3,380,1,0.01,3,0.9977033734321594,0.0023353828582912683,0.048325799096251565,0.2504205107688904
3,380,1,0.01,4,0.9971901774406433,0.002857229905202985,0.053453062636325946,0.248733788728714
3,380,1,0.01,5,0.9985763430595398,0.0014476563083007932,0.038048078904207416,0.1395712047815323
3,380,1,0.01,6,0.9988598823547363,0.0011593301314860582,0.034048937303329425,0.10410472750663757
3,380,1,0.01,7,0.9979486465454102,0.002085966058075428,0.045672377407744255,0.2257613241672516
3,380,1,0.01,8,0.9988157153129578,0.0012042568996548653,0.03470240481083214,0.14625553786754608
3,380,1,0.01,9,0.9980315566062927,0.0020016503985971212,0.044739807762183344,0.20037975907325745
3,380,1,0.01,10,0.9993151426315308,0.0006963982013985515,0.026389357729936353,0.11301463842391968
3,380,1,0.01,11,0.9991058111190796,0.0009092496475204825,0.030153766721928498,0.12454671412706375
3,380,1,0.01,12,0.9989912509918213,0.0010257487883791327,0.03202731316203613,0.1675671637058258
3,380,1,0.01,13,0.9982651472091675,0.0017641172744333744,0.04200139610100329,0.2437613308429718
3,380,1,0.01,14,0.9986088275909424,0.0014146603643894196,0.03761197102505291,0.2530522644519806
3,380,1,0.01,15,0.9987622499465942,0.0012586466036736965,0.03547740976556345,0.21764834225177765
3,380,1,0.01,16,0.9990599751472473,0.0009558708406984806,0.030917160941756613,0.14208608865737915
3,380,1,0.01,17,0.999476432800293,0.0005323754739947617,0.023073263184793816,0.12498351186513901
3,380,1,0.01,18,0.9989507794380188,0.0010669420007616282,0.032664078140391906,0.26128214597702026
3,380,1,0.01,19,0.9986721873283386,0.0013501874636858702,0.03674489711083527,0.2879052460193634
3,380,1,0.01,20,0.9990360736846924,0.000980184879153967,0.03130790441971431,0.10430704057216644
3,380,1,0.01,21,0.9970118403434753,0.003038553288206458,0.05512307400904324,0.3205595016479492
3,380,1,0.01,22,0.9994561672210693,0.0005530061898753047,0.023516083642377714,0.11964841187000275
3,380,1,0.01,23,0.9993381500244141,0.0006730112945660949,0.02594246122799637,0.1281968057155609
3,380,1,0.01,24,0.9991375207901001,0.0008770126150920987,0.029614398779851985,0.1447535753250122
3,380,1,0.01,25,0.9988623261451721,0.0011568579357117414,0.0340126143616121,0.2887498140335083
3,380,1,0.01,26,0.9994861483573914,0.0005225320928730071,0.022858960887866427,0.13279840350151062
3,380,1,0.01,27,0.9992135763168335,0.000799687928520143,0.02827875401286526,0.10695913434028625
3,380,1,0.01,28,0.9991075992584229,0.0009074496920220554,0.03012390565683765,0.13878898322582245
3,380,1,0.01,29,0.997942328453064,0.0020923898555338383,0.045742648103644354,0.2390669286251068
3,380,1,0.01,30,0.9986134171485901,0.0014099874533712864,0.03754979964488874,0.2633434236049652
3,380,1,0.01,31,0.9967372417449951,0.0033177868463099003,0.05760023304041313,0.23905068635940552
3,380,1,0.01,32,0.9992321133613586,0.0007808361551724374,0.02794344565676247,0.17053648829460144
3,380,1,0.01,33,0.9992271661758423,0.0007858513854444027,0.028033040959631952,0.11357875168323517
3,380,1,0.01,34,0.9984024167060852,0.0016245217993855476,0.040305356956433815,0.12350797653198242
3,380,1,0.01,35,0.9992218017578125,0.000791301834397018,0.028130087706884563,0.1487942785024643
3,380,1,0.01,36,0.9991865158081055,0.0008271917467936873,0.028760941340534862,0.11351398378610611
3,380,1,0.01,37,0.9992300868034363,0.0007829003734514117,0.027980356921444224,0.13097667694091797
3,380,1,0.01,38,0.9993000030517578,0.0007117875502444804,0.026679346885643215,0.13023585081100464
3,380,1,0.01,39,0.9994228482246399,0.0005868620937690139,0.02422523671234223,0.13938400149345398
3,380,1,0.01,40,0.9990513324737549,0.0009646754479035735,0.03105922484389418,0.21397912502288818
3,380,1,0.01,41,0.9991409182548523,0.0008735745213925838,0.0295562941078983,0.15026716887950897
3,380,1,0.01,42,0.9991985559463501,0.0008149898494593799,0.02854802706772186,0.15624956786632538
3,380,1,0.01,43,0.999625027179718,0.00038130333996377885,0.019526990038502577,0.09172245115041733
3,380,1,0.01,44,0.9995752573013306,0.00043188463314436376,0.02078183421029924,0.12209431082010269
3,380,1,0.01,45,0.9994523525238037,0.0005569075001403689,0.023598887688625687,0.1313011795282364
3,380,1,0.01,46,0.999172031879425,0.000841943605337292,0.029016264496611068,0.12256665527820587
3,380,1,0.01,47,0.999384880065918,0.0006254893960431218,0.025009786005544345,0.13176780939102173
3,380,1,0.01,48,0.9992682337760925,0.0007441150373779237,0.027278472049913714,0.14327694475650787
3,380,1,0.01,49,0.9993076324462891,0.0007040495402179658,0.02653393186502833,0.13843317329883575
3,380,1,0.01,50,0.9989242553710938,0.0010938794584944844,0.03307384855886119,0.18976260721683502
3,380,1,0.01,51,0.9995048642158508,0.0005035096546635032,0.022439020804471462,0.11722149699926376
3,380,1,0.01,52,0.9970812201499939,0.00296802562661469,0.054479589082652685,0.3828103840351105
3,380,1,0.01,53,0.9996005892753601,0.00040615678881295025,0.020153331953127507,0.12993010878562927
3,380,1,0.01,54,0.9992938041687012,0.0007181165856309235,0.026797697394196456,0.14068546891212463
3,380,1,0.01,55,0.9993969202041626,0.000613247393630445,0.024763832369616077,0.08066964149475098
3,380,1,0.01,56,0.9995409250259399,0.0004668491310440004,0.02160669181165873,0.11697256565093994
3,380,1,0.01,57,0.9994195103645325,0.0005902828415855765,0.024295737107270003,0.13604019582271576
3,380,1,0.01,58,0.9995213150978088,0.0004867678799200803,0.0220628166814684,0.10434618592262268
3,380,1,0.01,59,0.9995070099830627,0.0005012914189137518,0.022389538157669798,0.1222076416015625
3,380,1,0.01,60,0.9990511536598206,0.0009648555424064398,0.031062123919758607,0.1067538633942604
3,380,1,0.01,61,0.9994618892669678,0.0005471708718687296,0.023391683818586674,0.08811537176370621
3,380,1,0.01,62,0.9996198415756226,0.0003865681355819106,0.019661336057905897,0.08774672448635101
3,380,1,0.01,63,0.9992116689682007,0.0008016499341465533,0.028313423214909095,0.14345909655094147
3,380,1,0.01,64,0.9995198249816895,0.0004882745270151645,0.022096934787774625,0.07218033820390701
3,380,1,0.01,65,0.9996196627616882,0.00038674630923196673,0.01966586660261802,0.12489663809537888
3,380,1,0.01,66,0.9992453455924988,0.000767373654525727,0.027701509968334342,0.10865957289934158
3,380,1,0.01,67,0.9991104602813721,0.0009045568876899779,0.030075852235472527,0.11973302066326141
3,380,1,0.01,68,0.9995543360710144,0.0004531855811364949,0.02128815588858027,0.10240291059017181
3,380,1,0.01,69,0.9997036457061768,0.0003013387613464147,0.01735911176720787,0.09640182554721832
3,380,1,0.01,70,0.9997250437736511,0.0002796027110889554,0.016721325039869162,0.06512939184904099
3,380,1,0.01,71,0.9990823268890381,0.0009331366163678467,0.030547284926288405,0.1485680192708969
3,380,1,0.01,72,0.9988095760345459,0.0012104904744774103,0.03479210362248035,0.12085700035095215
3,380,1,0.01,73,0.9994016885757446,0.000608398171607405,0.02466572868591976,0.08121059834957123
3,380,1,0.01,74,0.9994874596595764,0.0005211730604059994,0.022829215063291147,0.12788662314414978
3,380,1,0.01,75,0.9976892471313477,0.002349747344851494,0.0484741925652351,0.18137414753437042
3,380,1,0.01,76,0.9992247223854065,0.0007883861544542015,0.028078214944226805,0.1802670657634735
3,380,1,0.01,77,0.9996429085731506,0.0003631406289059669,0.019056249077558964,0.12521694600582123
3,380,1,0.01,78,0.9990397691726685,0.0009764246642589569,0.031247794550319178,0.16044913232326508
3,380,1,0.01,79,0.9995461702346802,0.00046147865941748023,0.021482054357474294,0.12134956568479538
3,380,1,0.01,80,0.9991263151168823,0.0008884064736776054,0.029806148252962933,0.12674610316753387
3,380,1,0.01,81,0.9996000528335571,0.0004067000118084252,0.02016680470001198,0.11764445155858994
3,380,1,0.01,82,0.9995378851890564,0.00046989109250716865,0.021676971479133535,0.0969458594918251
3,380,1,0.01,83,0.9996880888938904,0.00031715366640128195,0.017808808674397117,0.07309170067310333
3,380,1,0.01,84,0.9995589256286621,0.0004485060053411871,0.021177960367825488,0.07931840419769287
3,380,1,0.01,85,0.9995453357696533,0.00046233940520323813,0.021502079090247022,0.0924251452088356
3,380,1,0.01,86,0.9988946318626404,0.0011239919112995267,0.033525988595409485,0.21507759392261505
3,380,1,0.01,87,0.9990899562835693,0.0009253816097043455,0.030420085629470957,0.10991886258125305
3,380,1,0.01,88,0.9992080926895142,0.0008052809280343354,0.02837747219246872,0.1364966630935669
3,380,1,0.01,89,0.9994535446166992,0.0005556640680879354,0.023572527825584073,0.11684878915548325
3,380,1,0.01,90,0.9994199872016907,0.000589813687838614,0.02428608012501429,0.11148151010274887
3,380,1,0.01,91,0.9994487762451172,0.0005605191108770669,0.023675284810896507,0.18185262382030487
3,380,1,0.01,92,0.9995533227920532,0.0004542014212347567,0.021312001812001536,0.10312528908252716
3,380,1,0.01,93,0.9994943737983704,0.0005141472793184221,0.022674815970993505,0.10651709139347076
3,380,1,0.01,94,0.9995346665382385,0.00047319690929725766,0.02175308964945572,0.09792563319206238
3,380,1,0.01,95,0.9996538162231445,0.0003520419413689524,0.018762780747238732,0.11486482620239258
3,380,1,0.01,96,0.9995971918106079,0.00040958731551654637,0.0202382636487557,0.08767258375883102
3,380,1,0.01,97,0.9996205568313599,0.00038584668072871864,0.019642980444136236,0.09069262444972992
3,380,1,0.01,98,0.9993440508842468,0.0006669914000667632,0.025826176644380854,0.09789346158504486
3,380,1,0.01,99,0.9996839761734009,0.00032138056121766567,0.017927090149203403,0.0673229992389679
3,380,1,0.01,100,0.9995052814483643,0.000503061106428504,0.022429023751124433,0.10749825835227966
4,380,1,0.01,1,0.9939880967140198,0.006113345734775066,0.07818788739168661,0.32053157687187195
4,380,1,0.01,2,0.9974104762077332,0.0026332177221775055,0.05131488791937,0.2352784126996994
4,380,1,0.01,3,0.9980632066726685,0.001969495788216591,0.044379001658628944,0.22608299553394318
4,380,1,0.01,4,0.9981282949447632,0.0019032841082662344,0.04362664447635452,0.21212714910507202
4,380,1,0.01,5,0.9980871677398682,0.0019450869876891375,0.04410314033817929,0.21591566503047943
4,380,1,0.01,6,0.9974370002746582,0.0026062349788844585,0.0510512975240048,0.14253956079483032
4,380,1,0.01,7,0.9988842606544495,0.001134586869738996,0.03368362910582819,0.1680436134338379
4,380,1,0.01,8,0.998637318611145,0.0013856765581294894,0.037224676736400134,0.2056441307067871
4,380,1,0.01,9,0.9982691407203674,0.0017600564751774073,0.0419530270085176,0.16796241700649261
4,380,1,0.01,10,0.9990367889404297,0.0009794499492272735,0.03129616508819049,0.1929711103439331
4,380,1,0.01,11,0.9992653131484985,0.0007470998680219054,0.027333127666293616,0.14167052507400513
4,380,1,0.01,12,0.9987015724182129,0.0013203598791733384,0.036336756585767786,0.1772993803024292
4,380,1,0.01,13,0.9991181492805481,0.0008967304020188749,0.02994545711821536,0.13192245364189148
4,380,1,0.01,14,0.999132513999939,0.0008821425144560635,0.029700884068594044,0.16837415099143982
4,380,1,0.01,15,0.9990967512130737,0.0009184948285110295,0.030306679602210295,0.14074745774269104
4,380,1,0.01,16,0.999369740486145,0.0006408660556189716,0.025315332421656477,0.14195749163627625
4,380,1,0.01,17,0.9988240599632263,0.00119579688180238,0.03458029614972058,0.12755677103996277
4,380,1,0.01,18,0.9954349994659424,0.004641990177333355,0.06813215230222332,0.25326770544052124
4,380,1,0.01,19,0.9994247555732727,0.0005849651643075049,0.024186053094862436,0.12612709403038025
4,380,1,0.01,20,0.9935179352760315,0.006591430399566889,0.08118762467006217,0.3468063175678253
4,380,1,0.01,21,0.9969232678413391,0.0031286454759538174,0.055934296062020994,0.3129936158657074
4,380,1,0.01,22,0.9983812570571899,0.001646079937927425,0.04057191070096927,0.25907257199287415
4,380,1,0.01,23,0.9991228580474854,0.0008919207029975951,0.029865041486621027,0.16972430050373077
4,380,1,0.01,24,0.9993533492088318,0.0006575587904080749,0.025642909164290913,0.15639452636241913
4,380,1,0.01,25,0.998532235622406,0.0014925472205504775,0.03863349868379096,0.19540569186210632
4,380,1,0.01,26,0.9994997382164001,0.0005086952005513012,0.022554272334777314,0.12147630006074905
4,380,1,0.01,27,0.9994364380836487,0.0005730539560317993,0.023938545403424147,0.08850249648094177
4,380,1,0.01,28,0.9982295036315918,0.001800370286218822,0.04243077051172677,0.24629031121730804
4,380,1,0.01,29,0.9994892477989197,0.000519388762768358,0.022790102298330256,0.11204411834478378
4,380,1,0.01,30,0.999237060546875,0.0007758397259749472,0.027853899654715266,0.1255377233028412
4,380,1,0.01,31,0.9994190335273743,0.0005907645099796355,0.0243056476971842,0.09927070140838623
4,380,1,0.01,32,0.9988428950309753,0.0011766285169869661,0.034302019138630395,0.13874240219593048
4,380,1,0.01,33,0.9994468688964844,0.0005624876357614994,0.023716821788795805,0.11821277439594269
4,380,1,0.01,34,0.9984093904495239,0.0016174548072740436,0.040217593255614435,0.15050892531871796
4,380,1,0.01,35,0.9992771148681641,0.000735102454200387,0.02711277289766554,0.13793523609638214
4,380,1,0.01,36,0.9992021918296814,0.0008112919749692082,0.02848318758441913,0.14850497245788574
4,380,1,0.01,37,0.9992942214012146,0.0007176672224886715,0.026789311721070245,0.17576880753040314
4,380,1,0.01,38,0.9990513324737549,0.000964693317655474,0.031059512514775147,0.21913936734199524
4,380,1,0.01,39,0.9990736246109009,0.0009420238784514368,0.030692407504974855,0.13351565599441528
4,380,1,0.01,40,0.9993723630905151,0.000638251134660095,0.025263632649721913,0.14615316689014435
4,380,1,0.01,41,0.9982351064682007,0.0017946693114936352,0.042363537523365954,0.3087494373321533
4,380,1,0.01,42,0.9963423013687134,0.0037194087635725737,0.060986955683757275,0.4117676913738251
4,380,1,0.01,43,0.9985195398330688,0.0015054101822897792,0.03879961574925426,0.2356168031692505
4,380,1,0.01,44,0.9991273880004883,0.0008873294573277235,0.029788075757385263,0.15367555618286133
4,380,1,0.01,45,0.9993247389793396,0.0006866601179353893,0.026204200387254507,0.08743056654930115
4,380,1,0.01,46,0.9995824694633484,0.00042455270886421204,0.02060467686871629,0.10598266869783401
4,380,1,0.01,47,0.9995248317718506,0.00048317702021449804,0.021981287956225358,0.11486200243234634
4,380,1,0.01,48,0.9993947744369507,0.0006154585280455649,0.02480843663042,0.1100599393248558
4,380,1,0.01,49,0.9986250400543213,0.00139816093724221,0.03739199028190676,0.1760897934436798
4,380,1,0.01,50,0.9992609024047852,0.0007515362813137472,0.02741416205747947,0.10534539818763733
4,380,1,0.01,51,0.9986864924430847,0.0013356530107557774,0.036546586855078236,0.1555001437664032
4,380,1,0.01,52,0.9992844462394714,0.0007276225369423628,0.02697447936369417,0.09908681362867355
4,380,1,0.01,53,0.9989023208618164,0.0011161728762090206,0.03340917353376196,0.2238938957452774
4,380,1,0.01,54,0.9985219836235046,0.00150297989603132,0.03876828466712604,0.24445563554763794
4,380,1,0.01,55,0.9994673728942871,0.0005416109343059361,0.02327253605230715,0.07847689837217331
4,380,1,0.01,56,0.9987998604774475,0.0012203906662762165,0.034934090316998616,0.13504768908023834
4,380,1,0.01,57,0.9994494915008545,0.0005598026909865439,0.0236601498513121,0.12810391187667847
4,380,1,0.01,58,0.9983279705047607,0.0017002364620566368,0.041233923680103944,0.20858021080493927
4,380,1,0.01,59,0.9980125427246094,0.002021013991907239,0.044955689205118846,0.22318315505981445
4,380,1,0.01,60,0.9994890093803406,0.0005196187412366271,0.02279514731772153,0.11962182074785233
4,380,1,0.01,61,0.9995843768119812,0.00042263607610948384,0.02055811460493116,0.12062713503837585
4,380,1,0.01,62,0.9995834231376648,0.00042362749809399247,0.020582213148590035,0.10531482845544815
4,380,1,0.01,63,0.9991766214370728,0.0008372731972485781,0.028935673436928648,0.10735021531581879
4,380,1,0.01,64,0.9996517300605774,0.00035412784200161695,0.018818284778417425,0.11736998707056046
4,380,1,0.01,65,0.9971033930778503,0.002945483196526766,0.054272305981289994,0.18569636344909668
4,380,1,0.01,66,0.999596893787384,0.0004098937497474253,0.020245832898338003,0.09604324400424957
4,380,1,0.01,67,0.9991708993911743,0.0008430811576545238,0.029035859857330277,0.12651923298835754
4,380,1,0.01,68,0.999659538269043,0.00034621229860931635,0.018606780984611937,0.11423619836568832
4,380,1,0.01,69,0.9994964599609375,0.0005120098940096796,0.02262763562570512,0.09111668914556503
4,380,1,0.01,70,0.9992914199829102,0.0007205435540527105,0.02684294235088081,0.09918995201587677
4,380,1,0.01,71,0.9994663596153259,0.0005426278803497553,0.023294374435682004,0.14003679156303406
4,380,1,0.01,72,0.9987872242927551,0.001233212766237557,0.03511712924254426,0.16036474704742432
4,380,1,0.01,73,0.9994231462478638,0.0005866005667485297,0.02421983828906646,0.13121233880519867
4,380,1,0.01,74,0.9992047548294067,0.0008086611051112413,0.02843696722773442,0.17607758939266205
4,380,1,0.01,75,0.999504029750824,0.0005043360288254917,0.02245742703039446,0.10022543370723724
4,380,1,0.01,76,0.999238908290863,0.0007739472785033286,0.02781990795281912,0.11503084003925323
4,380,1,0.01,77,0.9994375705718994,0.0005719395121559501,0.023915256890862577,0.09897546470165253
4,380,1,0.01,78,0.9996294975280762,0.00037673485348932445,0.019409658767977463,0.12439218908548355
4,380,1,0.01,79,0.9986366629600525,0.0013863074127584696,0.03723314938006816,0.1463749259710312
4,380,1,0.01,80,0.9995015263557434,0.00050686567556113,0.022513677521922758,0.1114012598991394
4,380,1,0.01,81,0.9992628693580627,0.0007495962199755013,0.027378754901848646,0.1563824862241745
4,380,1,0.01,82,0.9995209574699402,0.0004871020501013845,0.022070388535351718,0.10882958769798279
4,380,1,0.01,83,0.9992405772209167,0.0007722371374256909,0.027789155032596637,0.21724827587604523
4,380,1,0.01,84,0.9989522099494934,0.0010654968209564686,0.03264194879225915,0.11384404450654984
4,380,1,0.01,85,0.9978747963905334,0.002161068608984351,0.04648729513516947,0.18431095778942108
4,380,1,0.01,86,0.9995045065879822,0.0005038744420744479,0.02244714774920074,0.09195906668901443
4,380,1,0.01,87,0.9994086623191833,0.000601308885961771,0.02452160039560573,0.1448381394147873
4,380,1,0.01,88,0.9994115829467773,0.0005983605515211821,0.024461409434478262,0.11991690844297409
4,380,1,0.01,89,0.9993435740470886,0.0006674987962469459,0.025835998069494933,0.16943657398223877
4,380,1,0.01,90,0.9994297027587891,0.0005799115751869977,0.024081353267351852,0.11784625798463821
4,380,1,0.01,91,0.9996519088745117,0.0003539402096066624,0.018813298743353395,0.13280561566352844
4,380,1,0.01,92,0.9995819926261902,0.0004250566998962313,0.020616903256702526,0.14685645699501038
4,380,1,0.01,93,0.9992566108703613,0.0007559308432973921,0.027494196538495032,0.13135389983654022
4,380,1,0.01,94,0.9995613098144531,0.00044608922326005995,0.02112082439821088,0.1310032457113266
4,380,1,0.01,95,0.9995066523551941,0.0005016759387217462,0.022398123553586943,0.12247231602668762
4,380,1,0.01,96,0.9997343420982361,0.0002701550256460905,0.016436393328406646,0.11009824275970459
4,380,1,0.01,97,0.9992539882659912,0.0007586274878121912,0.027543193130285224,0.124962717294693
4,380,1,0.01,98,0.9994828701019287,0.0005258460878394544,0.02293133419231106,0.14712077379226685
4,380,1,0.01,99,0.9990519881248474,0.0009639768395572901,0.031047976416463764,0.18663473427295685
4,380,1,0.01,100,0.999392032623291,0.0006182527868077159,0.024864689557839163,0.15067283809185028
5,380,1,0.01,1,0.9952611327171326,0.004818805959075689,0.06941761994678072,0.5800365209579468
5,380,1,0.01,2,0.9975256323814392,0.0025160983204841614,0.0501607248799712,0.4182719588279724
5,380,1,0.01,3,0.9973189234733582,0.0027263283263891935,0.052214254053746606,0.41905495524406433
5,380,1,0.01,4,0.9981762170791626,0.001854530768468976,0.04306426324075423,0.38320982456207275
5,380,1,0.01,5,0.9986793994903564,0.0013428522506728768,0.03664494850143573,0.19182604551315308
5,380,1,0.01,6,0.9974714517593384,0.002571225631982088,0.05070725423430151,0.26035046577453613
5,380,1,0.01,7,0.9984466433525085,0.0015795400831848383,0.039743428176049915,0.26555266976356506
5,380,1,0.01,8,0.9984376430511475,0.0015887191984802485,0.039858740553111414,0.21169863641262054
5,380,1,0.01,9,0.998826801776886,0.0011930051259696484,0.03453990628200442,0.19080409407615662
5,380,1,0.01,10,0.9986527562141418,0.0013699823757633567,0.03701327296745529,0.21906806528568268
5,380,1,0.01,11,0.9991661906242371,0.0008479011012241244,0.029118741408655086,0.24021685123443604
5,380,1,0.01,12,0.9989359974861145,0.0010819797171279788,0.03289346009662071,0.14154240489006042
5,380,1,0.01,13,0.999047577381134,0.0009684686083346605,0.03112022828217461,0.19165456295013428
5,380,1,0.01,14,0.996988832950592,0.0030619667377322912,0.0553350407764582,0.36953938007354736
5,380,1,0.01,15,0.9992294311523438,0.0007835450232960284,0.027991874236928622,0.1841714084148407
5,380,1,0.01,16,0.9990821480751038,0.0009333479683846235,0.030550744154351193,0.18523351848125458
5,380,1,0.01,17,0.99908447265625,0.0009310024906881154,0.030512333419260403,0.1903316080570221
5,380,1,0.01,18,0.9990251064300537,0.000991310109384358,0.03148507756675149,0.1815638393163681
5,380,1,0.01,19,0.9991372227668762,0.000877336657140404,0.02961986929647739,0.17969520390033722
5,380,1,0.01,20,0.9975528120994568,0.0024884718004614115,0.049884584797925416,0.18888728320598602
5,380,1,0.01,21,0.9990630745887756,0.0009527306538075209,0.030866335283080186,0.13026972115039825
5,380,1,0.01,22,0.9982209205627441,0.0018091221572831273,0.042533776663766024,0.2427142858505249
5,380,1,0.01,23,0.9993470907211304,0.0006639118073508143,0.02576648612734795,0.17113181948661804
5,380,1,0.01,24,0.9988828301429749,0.001136029721237719,0.033705039997568895,0.28465035557746887
5,380,1,0.01,25,0.9993364214897156,0.0006747792358510196,0.02597651315806299,0.16101710498332977
5,380,1,0.01,26,0.9994074702262878,0.0006025531911291182,0.02454695889777628,0.138758584856987
5,380,1,0.01,27,0.9976803064346313,0.002358806785196066,0.048567548684240444,0.20998847484588623
5,380,1,0.01,28,0.9984027743339539,0.0016241658013314009,0.04030094045219541,0.160054549574852
5,380,1,0.01,29,0.9989279508590698,0.001090126228518784,0.03301705965889125,0.1395898163318634
5,380,1,0.01,30,0.9992369413375854,0.0007759169093333185,0.02785528512389199,0.15873950719833374
5,380,1,0.01,31,0.9989462494850159,0.0010715326061472297,0.03273427265340151,0.19563263654708862
5,380,1,0.01,32,0.9995287656784058,0.00047918353811837733,0.021890261261994507,0.14386406540870667
5,380,1,0.01,33,0.9977887272834778,0.0022485479712486267,0.047418856705414424,0.1810493767261505
5,380,1,0.01,34,0.9991377592086792,0.0008767671533860266,0.029610254193201832,0.19142049551010132
5,380,1,0.01,35,0.99950110912323,0.0005072905332781374,0.02252311109234551,0.14728771150112152
5,380,1,0.01,36,0.9992625713348389,0.0007498675840906799,0.02738371019585695,0.14205040037631989
5,380,1,0.01,37,0.9991753697395325,0.0008385295514017344,0.028957374732557065,0.18303614854812622
5,380,1,0.01,38,0.9994062185287476,0.0006037757266312838,0.024571848254278387,0.18077650666236877
5,380,1,0.01,39,0.9988706111907959,0.001148427021689713,0.03388844967964325,0.18738168478012085
5,380,1,0.01,40,0.9988502860069275,0.0011691036634147167,0.03419215792275645,0.20175930857658386
5,380,1,0.01,41,0.9994831085205078,0.0005255926516838372,0.022925807547038275,0.10810761898756027
5,380,1,0.01,42,0.9995109438896179,0.0004973334143869579,0.022300973395503566,0.19313867390155792
5,380,1,0.01,43,0.9990860223770142,0.0009294257033616304,0.03048648394553938,0.14400580525398254
5,380,1,0.01,44,0.9996106624603271,0.0003959212335757911,0.019897769562837717,0.11547928303480148
5,380,1,0.01,45,0.9996275901794434,0.0003786754095926881,0.019459584003587747,0.11336969584226608
5,380,1,0.01,46,0.9992800951004028,0.0007320533622987568,0.02705648466262306,0.1725989431142807
5,380,1,0.01,47,0.9989451766014099,0.0010726359905675054,0.03275112197417831,0.2335079312324524
5,380,1,0.01,48,0.9983052611351013,0.0017233159160241485,0.04151284037528808,0.2511492073535919
5,380,1,0.01,49,0.9994738101959229,0.0005350855062715709,0.02313191531783676,0.16982194781303406
5,380,1,0.01,50,0.9995771646499634,0.00042999486322514713,0.02073631749431772,0.12063765525817871
5,380,1,0.01,51,0.9994906783103943,0.0005178995197638869,0.022757405822366638,0.16222020983695984
5,380,1,0.01,52,0.9993011951446533,0.0007106022676452994,0.026657124144312705,0.1482229083776474
5,380,1,0.01,53,0.9995036125183105,0.0005047701997682452,0.022467091484396576,0.13722018897533417
5,380,1,0.01,54,0.9994369149208069,0.0005725669907405972,0.02392837208713951,0.12503011524677277
5,380,1,0.01,55,0.9993976354598999,0.0006125426734797657,0.02474959946099665,0.11715254187583923
5,380,1,0.01,56,0.9992327094078064,0.0007802300970070064,0.02793259918101082,0.14306989312171936
5,380,1,0.01,57,0.9993091821670532,0.0007024891674518585,0.026504512209279733,0.17787034809589386
5,380,1,0.01,58,0.9992964863777161,0.0007153655751608312,0.026746318908605557,0.2339470386505127
5,380,1,0.01,59,0.999290943145752,0.0007210237090475857,0.026851884646102324,0.12292421609163284
5,380,1,0.01,60,0.9995437264442444,0.0004639443941414356,0.021539368471276858,0.12254960834980011
5,380,1,0.01,61,0.9992426633834839,0.0007701307185925543,0.027751229136608605,0.13991302251815796
5,380,1,0.01,62,0.9995161890983582,0.0004919588682241738,0.022180145811607592,0.16011056303977966
5,380,1,0.01,63,0.9992817044258118,0.0007304329774342477,0.027026523591358317,0.15393602848052979
5,380,1,0.01,64,0.9985957145690918,0.0014279524330049753,0.03778825787205564,0.16039474308490753
5,380,1,0.01,65,0.9990662932395935,0.0009494366240687668,0.03081292949507993,0.1504783034324646
5,380,1,0.01,66,0.9992756843566895,0.000736523128580302,0.02713895960755132,0.1418025642633438
5,380,1,0.01,67,0.9996219873428345,0.0003843751619569957,0.019605488057097577,0.15424886345863342
5,380,1,0.01,68,0.9994113445281982,0.0005985950119793415,0.024466201421130773,0.16580741107463837
5,380,1,0.01,69,0.9995830655097961,0.00042399531230330467,0.020591146454321203,0.1031295657157898
5,380,1,0.01,70,0.9991618394851685,0.000852271041367203,0.02919368153157808,0.2040584683418274
5,380,1,0.01,71,0.9993624687194824,0.0006482821772806346,0.025461386004705922,0.11722376942634583
5,380,1,0.01,72,0.9991618990898132,0.0008522180141881108,0.02919277332128811,0.1971164047718048
5,380,1,0.01,73,0.9996172189712524,0.00038923241663724184,0.019728974039144608,0.09591991454362869
5,380,1,0.01,74,0.9985595345497131,0.0014647877542302012,0.038272545698322724,0.17359086871147156
5,380,1,0.01,75,0.9991060495376587,0.000909007852897048,0.030149757095158297,0.2099398523569107
5,380,1,0.01,76,0.9993684887886047,0.0006421561702154577,0.025340800504630032,0.11329998821020126
5,380,1,0.01,77,0.9996636509895325,0.0003420469583943486,0.01849451157490645,0.18150776624679565
5,380,1,0.01,78,0.999634325504303,0.000371873436961323,0.019284020248934688,0.0851830467581749
5,380,1,0.01,79,0.9996071457862854,0.0003994803410023451,0.01998700430285502,0.11737899482250214
5,380,1,0.01,80,0.9988504648208618,0.0011689470848068595,0.0341898681601269,0.2563437521457672
5,380,1,0.01,81,0.9995149970054626,0.0004931643488816917,0.022207303953467466,0.16370049118995667
5,380,1,0.01,82,0.9996333122253418,0.0003728988522198051,0.01931058912151064,0.12088844180107117
5,380,1,0.01,83,0.9988712668418884,0.001147782546468079,0.033878939571186095,0.1668298989534378
5,380,1,0.01,84,0.9991354942321777,0.0008791058207862079,0.029649718730305148,0.13082629442214966
5,380,1,0.01,85,0.9995539784431458,0.0004535186162684113,0.021295976527701453,0.11488419026136398
5,380,1,0.01,86,0.9991347193717957,0.0008798596099950373,0.029662427580948888,0.13649694621562958
5,380,1,0.01,87,0.9994685053825378,0.000540474895387888,0.0232481159535109,0.1286098062992096
5,380,1,0.01,88,0.9994893074035645,0.0005192866665311158,0.022787862263299638,0.08656235784292221
5,380,1,0.01,89,0.999449610710144,0.0005596720729954541,0.023657389395185895,0.19150274991989136
5,380,1,0.01,90,0.9977405071258545,0.0022976119071245193,0.04793341117763808,0.3277225196361542
5,380,1,0.01,91,0.9994171261787415,0.0005926811136305332,0.024345042896461146,0.13232803344726562
5,380,1,0.01,92,0.9995622038841248,0.0004452043503988534,0.02109986612277086,0.13831688463687897
5,380,1,0.01,93,0.9995294213294983,0.0004784892371390015,0.021874396840576005,0.09741983562707901
5,380,1,0.01,94,0.9992068409919739,0.0008065594593062997,0.02839999048074312,0.12961624562740326
5,380,1,0.01,95,0.9994242787361145,0.0005854493356309831,0.02419606033285136,0.10523970425128937
5,380,1,0.01,96,0.9995922446250916,0.0004146102874074131,0.02036198142144848,0.12306591868400574
5,380,1,0.01,97,0.9996376633644104,0.00036846689181402326,0.019195491444972783,0.10843820869922638
5,380,1,0.01,98,0.9995591640472412,0.00044829293619841337,0.02117292932492841,0.15663419663906097
5,380,1,0.01,99,0.9995291829109192,0.00047875975724309683,0.021880579454006625,0.10208737105131149
5,380,1,0.01,100,0.9993461966514587,0.0006648054695688188,0.02578382185729685,0.12585142254829407
6,380,1,0.01,1,0.9920770525932312,0.008056620135903358,0.08975867721787882,0.6767034530639648
6,380,1,0.01,2,0.992572009563446,0.007553303614258766,0.08690974406968856,0.36661601066589355
6,380,1,0.01,3,0.997865617275238,0.0021704155951738358,0.046587719360082824,0.29703211784362793
6,380,1,0.01,4,0.9975649118423462,0.0024761648382991552,0.04976107754358978,0.2239752560853958
6,380,1,0.01,5,0.9979025721549988,0.0021328392904251814,0.046182673054135585,0.2657635807991028
6,380,1,0.01,6,0.9983686804771423,0.0016588359139859676,0.04072880938581396,0.1610260158777237
6,380,1,0.01,7,0.9986862540245056,0.0013358865398913622,0.03654978166680838,0.24837815761566162
6,380,1,0.01,8,0.9988271594047546,0.0011926016304641962,0.034534064783401854,0.15534980595111847
6,380,1,0.01,9,0.9990801215171814,0.0009354089270345867,0.030584455643914717,0.17287497222423553
6,380,1,0.01,10,0.9985144734382629,0.001510605332441628,0.03886650656338472,0.32876160740852356
6,380,1,0.01,11,0.9976284503936768,0.0024115785490721464,0.04910782574164882,0.3669513165950775
6,380,1,0.01,12,0.9987631440162659,0.0012577520683407784,0.035464800413096624,0.17846065759658813
6,380,1,0.01,13,0.9991959929466248,0.0008175926632247865,0.028593577307234337,0.1276761144399643
6,380,1,0.01,14,0.9983002543449402,0.0017284228233620524,0.0415743048452052,0.22392690181732178
6,380,1,0.01,15,0.9990693926811218,0.0009463290334679186,0.03076246143383066,0.1544462889432907
6,380,1,0.01,16,0.9990126490592957,0.0010040130000561476,0.031686164173912686,0.1488747000694275
6,380,1,0.01,17,0.9969409704208374,0.0031106348615139723,0.0557730657352989,0.20293086767196655
6,380,1,0.01,18,0.9982611536979675,0.0017681739991530776,0.04204966110628096,0.2974723279476166
6,380,1,0.01,19,0.9992624521255493,0.0007500058854930103,0.02738623532895696,0.11517380177974701
6,380,1,0.01,20,0.9985246658325195,0.001500233425758779,0.03873284685843243,0.20607702434062958
6,380,1,0.01,21,0.9995154738426208,0.0004926820402033627,0.022196442061811678,0.10013777762651443
6,380,1,0.01,22,0.9992821216583252,0.0007299616700038314,0.02701780283449843,0.16865713894367218
6,380,1,0.01,23,0.9994562268257141,0.000552951532881707,0.023514921494270546,0.13914404809474945
6,380,1,0.01,24,0.9988409280776978,0.0011786025715991855,0.03433078169222462,0.13586987555027008
6,380,1,0.01,25,0.9990643262863159,0.0009514405392110348,0.03084542979455846,0.18786507844924927
6,380,1,0.01,26,0.9983441233634949,0.0016838163137435913,0.041034330916241236,0.21060271561145782
6,380,1,0.01,27,0.9994590878486633,0.0005500629195012152,0.02345342020902741,0.15287543833255768
6,380,1,0.01,28,0.9986212849617004,0.0014019761001691222,0.0374429713052947,0.20451639592647552
6,380,1,0.01,29,0.9992073774337769,0.0008060161489993334,0.028390423543852482,0.15132172405719757
6,380,1,0.01,30,0.9992769360542297,0.0007352718967013061,0.027115897490241885,0.12070374935865402
6,380,1,0.01,31,0.9992084503173828,0.0008049238240346313,0.02837117946146461,0.13084650039672852
6,380,1,0.01,32,0.9991705417633057,0.0008434297633357346,0.029041862256675873,0.11434801667928696
6,380,1,0.01,33,0.9980664849281311,0.0019661271944642067,0.044341032852925365,0.28209078311920166
6,380,1,0.01,34,0.9995144605636597,0.0004937238991260529,0.02221989871997739,0.1035834327340126
6,380,1,0.01,35,0.9995137453079224,0.0004944673273712397,0.02223662131195384,0.088189996778965
6,380,1,0.01,36,0.9989098906517029,0.001108513679355383,0.033294349060394364,0.1725011169910431
6,380,1,0.01,37,0.9993694424629211,0.0006412185612134635,0.025322293758928388,0.16665731370449066
6,380,1,0.01,38,0.999491810798645,0.0005167328636161983,0.022731758920422288,0.12993834912776947
6,380,1,0.01,39,0.9995289444923401,0.0004790020175278187,0.021886114719790233,0.09519902616739273
6,380,1,0.01,40,0.9994835257530212,0.000525187177117914,0.022916962650358228,0.0748140960931778
6,380,1,0.01,41,0.9993320107460022,0.0006792650674469769,0.02606271412280342,0.1323697715997696
6,380,1,0.01,42,0.9988712668418884,0.001147790695540607,0.03387905983849916,0.1360069215297699
6,380,1,0.01,43,0.9967579245567322,0.0032967771403491497,0.05741756822044233,0.23196901381015778
6,380,1,0.01,44,0.9995041489601135,0.0005042187985964119,0.02245481682393361,0.12728719413280487
6,380,1,0.01,45,0.9996721744537354,0.00033335815533064306,0.01825809834924336,0.09421397745609283
6,380,1,0.01,46,0.9995999336242676,0.00040683007682673633,0.020170029172679356,0.10199906677007675
6,380,1,0.01,47,0.9994128942489624,0.0005970018683001399,0.02443362167792855,0.1513872891664505
6,380,1,0.01,48,0.9993781447410583,0.0006323517300188541,0.02514660474137322,0.07131900638341904
6,380,1,0.01,49,0.9989245533943176,0.0010936054168269038,0.03306970542395114,0.13115105032920837
6,380,1,0.01,50,0.9993375539779663,0.0006736047798767686,0.025953897200165693,0.10903580486774445
6,380,1,0.01,51,0.9996042847633362,0.00040239025838673115,0.020059667454539996,0.0911678671836853
6,380,1,0.01,52,0.9995135068893433,0.0004946912522427738,0.022241655789144246,0.07898839563131332
6,380,1,0.01,53,0.999602735042572,0.00040396550321020186,0.02009889308420247,0.08961125463247299
6,380,1,0.01,54,0.9995777010917664,0.0004294189275242388,0.02072242571525445,0.09747833013534546
6,380,1,0.01,55,0.9992756843566895,0.000736528541892767,0.027139059340602928,0.16402983665466309
6,380,1,0.01,56,0.9995856285095215,0.00042134308023378253,0.020526643179871924,0.10882450640201569
6,380,1,0.01,57,0.9995872974395752,0.00041967874858528376,0.020486062300629757,0.10678549855947495
6,380,1,0.01,58,0.9988670349121094,0.001152070239186287,0.03394216020211865,0.1372251808643341
6,380,1,0.01,59,0.999458909034729,0.0005501893465407193,0.023456115333548293,0.12526381015777588
6,380,1,0.01,60,0.9994288682937622,0.0005807470297440886,0.02409869352774313,0.0904512032866478
6,380,1,0.01,61,0.9994022250175476,0.0006078858859837055,0.02465534193605324,0.07091469317674637
6,380,1,0.01,62,0.9993453025817871,0.0006657236372120678,0.025801620825290566,0.09474749118089676
6,380,1,0.01,63,0.9994332194328308,0.0005763575900346041,0.024007448636508714,0.09383685886859894
6,380,1,0.01,64,0.9995203018188477,0.00048781585064716637,0.02208655361633332,0.0862836241722107
6,380,1,0.01,65,0.9988369345664978,0.001182681880891323,0.03439014220516285,0.16316327452659607
6,380,1,0.01,66,0.9991015791893005,0.0009135737782344222,0.030225383012203868,0.15925045311450958
6,380,1,0.01,67,0.9976465702056885,0.002393145114183426,0.04891978244211053,0.23718492686748505
6,380,1,0.01,68,0.9988323450088501,0.0011873679468408227,0.03445820579834102,0.16434086859226227
6,380,1,0.01,69,0.9994016289710999,0.0006084436317905784,0.024666650193947665,0.12303604185581207
6,380,1,0.01,70,0.9994325041770935,0.0005770683055743575,0.02402224605598647,0.09228416532278061
6,380,1,0.01,71,0.9995256066322327,0.0004823831550311297,0.021963222783351485,0.13983988761901855
6,380,1,0.01,72,0.9995384812355042,0.00046928715892136097,0.021663036696672074,0.14999353885650635
6,380,1,0.01,73,0.9993762969970703,0.000634204363450408,0.025183414451785683,0.10194043815135956
6,380,1,0.01,74,0.9995391368865967,0.0004686217871494591,0.021647673943162096,0.07703617215156555
6,380,1,0.01,75,0.9995555281639099,0.00045196496648713946,0.021259467690587633,0.11271660774946213
6,380,1,0.01,76,0.9992156028747559,0.0007976205088198185,0.028242176063820196,0.18026579916477203
6,380,1,0.01,77,0.9995569586753845,0.0004505024407990277,0.02122504277496344,0.10845273733139038
6,380,1,0.01,78,0.9993340969085693,0.0006771633052267134,0.026022361638151012,0.0941861942410469
6,380,1,0.01,79,0.9995434284210205,0.0004642860440071672,0.02154729783539382,0.14535878598690033
6,380,1,0.01,80,0.9993326663970947,0.0006785930600017309,0.026049818809383896,0.16051769256591797
6,380,1,0.01,81,0.9995096921920776,0.000498573062941432,0.022328749694988118,0.14074134826660156
6,380,1,0.01,82,0.9994521737098694,0.0005570838111452758,0.023602622971722356,0.12775307893753052
6,380,1,0.01,83,0.9987128376960754,0.0013088838895782828,0.03617850037768679,0.198415607213974
6,380,1,0.01,84,0.9989283084869385,0.0010897725587710738,0.03301170336064278,0.13934220373630524
6,380,1,0.01,85,0.9995818734169006,0.00042515984387136996,0.02061940454696425,0.11339474469423294
6,380,1,0.01,86,0.9996265769004822,0.00037969747791066766,0.019485827616774906,0.08953715115785599
6,380,1,0.01,87,0.9995422959327698,0.00046542545896954834,0.021573721490960904,0.13160565495491028
6,380,1,0.01,88,0.9996277689933777,0.0003785316366702318,0.019455889511153988,0.0911383181810379
6,380,1,0.01,89,0.9997074007987976,0.0002975471434183419,0.017249554875948012,0.09344235062599182
6,380,1,0.01,90,0.9993892908096313,0.0006210172432474792,0.02492021756019556,0.0961126834154129
6,380,1,0.01,91,0.9996477365493774,0.0003582139906939119,0.0189265419634415,0.10314290970563889
6,380,1,0.01,92,0.9993651509284973,0.0006455426919274032,0.025407532188849103,0.14813828468322754
6,380,1,0.01,93,0.9994798898696899,0.0005289093824103475,0.02299802996802873,0.1024932712316513
6,380,1,0.01,94,0.9964532852172852,0.003606546903029084,0.06005453274340817,0.17261172831058502
6,380,1,0.01,95,0.9996030926704407,0.00040358357364311814,0.020089389578658634,0.11058548837900162
6,380,1,0.01,96,0.9993039965629578,0.0007077550399117172,0.026603665911143094,0.11999652534723282
6,380,1,0.01,97,0.9978225231170654,0.00221418309956789,0.047055107050859954,0.173203244805336
6,380,1,0.01,98,0.9995610117912292,0.00044638675171881914,0.02112786671007793,0.108335942029953
6,380,1,0.01,99,0.9997113347053528,0.00029353011632338166,0.017132720634020205,0.0889672264456749
6,380,1,0.01,100,0.999411404132843,0.0005985498428344727,0.024465278310995618,0.11342611163854599
7,380,1,0.01,1,0.9940919876098633,0.006007662974298,0.07750911542714187,0.44692230224609375
7,380,1,0.01,2,0.9939660429954529,0.006135763134807348,0.0783311121764995,0.40147867798805237
7,380,1,0.01,3,0.9966341853141785,0.003422584617510438,0.05850285990881504,0.4249563217163086
7,380,1,0.01,4,0.9983097314834595,0.0017187990015372634,0.041458400856005814,0.22526580095291138
7,380,1,0.01,5,0.9978650808334351,0.0021709264256060123,0.04659320149556169,0.28154584765434265
7,380,1,0.01,6,0.9965429306030273,0.0035153767094016075,0.059290612321021,0.4249795973300934
7,380,1,0.01,7,0.9982946515083313,0.0017341187922284007,0.04164275197712563,0.24116827547550201
7,380,1,0.01,8,0.9988088607788086,0.0012112220283597708,0.03480261525172743,0.1927664875984192
7,380,1,0.01,9,0.998051106929779,0.0019818011205643415,0.044517424909403074,0.21379509568214417
7,380,1,0.01,10,0.9983110427856445,0.0017174753593280911,0.04144243428332958,0.23546762764453888
7,380,1,0.01,11,0.9985767602920532,0.0014472436159849167,0.03804265521733356,0.1703924834728241
7,380,1,0.01,12,0.9989231824874878,0.0010949752759188414,0.03309041063388064,0.1847710758447647
7,380,1,0.01,13,0.9970753192901611,0.0029740454629063606,0.054534809643991246,0.3460020124912262
7,380,1,0.01,14,0.999195396900177,0.0008181880693882704,0.0286039869491697,0.12718398869037628
7,380,1,0.01,15,0.99885094165802,0.0011684320634230971,0.03418233554664012,0.1819688379764557
7,380,1,0.01,16,0.9981191158294678,0.0019126279512420297,0.04373360208400435,0.2125215083360672
7,380,1,0.01,17,0.9987491965293884,0.001271932851523161,0.03566416761292994,0.18228645622730255
7,380,1,0.01,18,0.9991382956504822,0.0008762129582464695,0.02960089455145688,0.13807381689548492
7,380,1,0.01,19,0.9992935061454773,0.0007184218848124146,0.026803393158561374,0.15946468710899353
7,380,1,0.01,20,0.9989527463912964,0.0010649437317624688,0.03263347563105206,0.1349230259656906
7,380,1,0.01,21,0.9987306594848633,0.0012907527852803469,0.03592704810140052,0.2162325233221054
7,380,1,0.01,22,0.9944071769714355,0.005687166471034288,0.0754133043370617,0.2312239706516266
7,380,1,0.01,23,0.9990664720535278,0.0009492837125435472,0.0308104481068281,0.16871768236160278
7,380,1,0.01,24,0.9993821382522583,0.0006283133989199996,0.025066180381541972,0.11475610733032227
7,380,1,0.01,25,0.999447762966156,0.0005615254049189389,0.023696527275508934,0.1058027595281601
7,380,1,0.01,26,0.9992943406105042,0.0007175769424065948,0.026787626666179197,0.13881395757198334
7,380,1,0.01,27,0.9994867444038391,0.0005219206213951111,0.02284558209797052,0.10975076258182526
7,380,1,0.01,28,0.9992876648902893,0.0007243495201691985,0.02691374221785589,0.09729772806167603
7,380,1,0.01,29,0.9981430768966675,0.0018882546573877335,0.04345405225508587,0.21321004629135132
7,380,1,0.01,30,0.9994778037071228,0.0005310267442837358,0.023044017537828247,0.1286754608154297
7,380,1,0.01,31,0.9986383318901062,0.0013846588553860784,0.03721100449310766,0.13087843358516693
7,380,1,0.01,32,0.9992640018463135,0.000748444814234972,0.02735771946334292,0.15648944675922394
7,380,1,0.01,33,0.9993929862976074,0.000617281417362392,0.024845148769174073,0.12981250882148743
7,380,1,0.01,34,0.9993107914924622,0.0007008087704889476,0.026472793023950978,0.1469886749982834
7,380,1,0.01,35,0.9992642998695374,0.0007480954518541694,0.027351333639407227,0.12353090941905975
7,380,1,0.01,36,0.9992978572845459,0.0007139835506677628,0.026720470629608355,0.12770593166351318
7,380,1,0.01,37,0.9990612268447876,0.000954622752033174,0.030896969949060927,0.12267645448446274
7,380,1,0.01,38,0.9988384246826172,0.0011811665026471019,0.03436810298295648,0.1989198923110962
7,380,1,0.01,39,0.9990301132202148,0.0009862222941592336,0.03140417638084517,0.22250881791114807
7,380,1,0.01,40,0.9996170401573181,0.0003894385590683669,0.019734197705211298,0.07698848098516464
7,380,1,0.01,41,0.9988774657249451,0.0011414755135774612,0.03378572943681195,0.2134263515472412
7,380,1,0.01,42,0.9989981651306152,0.0010187302250415087,0.03191755355664824,0.15402066707611084
7,380,1,0.01,43,0.9995889067649841,0.0004180104297120124,0.020445303365614616,0.09893010556697845
7,380,1,0.01,44,0.9991042613983154,0.0009108372032642365,0.030180079576837375,0.18936017155647278
7,380,1,0.01,45,0.9983561635017395,0.0016715411329641938,0.04088448523540677,0.17571863532066345
7,380,1,0.01,46,0.9994537234306335,0.0005554829840548337,0.02356868651526499,0.15833862125873566
7,380,1,0.01,47,0.9994952082633972,0.000513290346134454,0.022655911946652115,0.10974082350730896
7,380,1,0.01,48,0.9995845556259155,0.000422436511144042,0.02055326035314208,0.09159030765295029
7,380,1,0.01,49,0.9994989633560181,0.0005094674415886402,0.02257138546010502,0.114232636988163
7,380,1,0.01,50,0.9994292855262756,0.0005803128005936742,0.0240896824510759,0.16668692231178284
7,380,1,0.01,51,0.9996237754821777,0.00038259438588283956,0.019560020089019324,0.11116311699151993
7,380,1,0.01,52,0.9994281530380249,0.0005814654286950827,0.02411359427159466,0.09564021974802017
7,380,1,0.01,53,0.9985767602920532,0.001447253511287272,0.03804278527247015,0.19378040730953217
7,380,1,0.01,54,0.9992473721504211,0.0007652975618839264,0.027664012035204265,0.11898063123226166
7,380,1,0.01,55,0.9996731877326965,0.00033234033617191017,0.01823020395310788,0.10672105848789215
7,380,1,0.01,56,0.9989583492279053,0.0010592531180009246,0.0325461690218822,0.1443369835615158
7,380,1,0.01,57,0.9993276596069336,0.0006837073597125709,0.026147798372187493,0.1430806964635849
7,380,1,0.01,58,0.9993815422058105,0.0006288628792390227,0.02507713857757744,0.12178970128297806
7,380,1,0.01,59,0.9993690848350525,0.0006415629759430885,0.025329093468639746,0.14786778390407562
7,380,1,0.01,60,0.9994508028030396,0.0005584400496445596,0.02363133617983883,0.12892745435237885
7,380,1,0.01,61,0.9988789558410645,0.0011399477953091264,0.033763112938666164,0.19734346866607666
7,380,1,0.01,62,0.9991147518157959,0.0009001677972264588,0.030002796490101697,0.15709330141544342
7,380,1,0.01,63,0.9994232058525085,0.0005865067942067981,0.024217902349435595,0.16045555472373962
7,380,1,0.01,64,0.9992097616195679,0.0008035650826059282,0.028347223543160768,0.1646287888288498
7,380,1,0.01,65,0.9990556240081787,0.0009603167418390512,0.030988977747564556,0.14512868225574493
7,380,1,0.01,66,0.999346137046814,0.0006649186252616346,0.025786016079682308,0.17380958795547485
7,380,1,0.01,67,0.9989291429519653,0.0010889362310990691,0.03299903379038649,0.13932886719703674
7,380,1,0.01,68,0.9994367361068726,0.0005727485986426473,0.023932166609871477,0.17024187743663788
7,380,1,0.01,69,0.9996861815452576,0.0003191199793945998,0.01786392956195808,0.08137350529432297
7,380,1,0.01,70,0.9991592168807983,0.0008549761259928346,0.02923997479466825,0.11147624999284744
7,380,1,0.01,71,0.9988393187522888,0.001180254970677197,0.034354839115868334,0.17634814977645874
7,380,1,0.01,72,0.9996509552001953,0.00035490866866894066,0.018839019843636787,0.06177202984690666
7,380,1,0.01,73,0.9994390606880188,0.0005703856586478651,0.02388274813851758,0.15244251489639282
7,380,1,0.01,74,0.9996052980422974,0.0004013793950434774,0.020034455197071803,0.08933953940868378
7,380,1,0.01,75,0.9996090531349182,0.0003975539584644139,0.01993875518843676,0.10053901374340057
7,380,1,0.01,76,0.9995018839836121,0.0005065456498414278,0.022506569037537193,0.12499594688415527
7,380,1,0.01,77,0.9993423819541931,0.0006686936249025166,0.025859111061722843,0.09661584347486496
7,380,1,0.01,78,0.9994543194770813,0.000554881349671632,0.023555919631201665,0.12241126596927643
7,380,1,0.01,79,0.9996276497840881,0.0003786042798310518,0.019457756289743475,0.08448512852191925
7,380,1,0.01,80,0.9989648461341858,0.001052642473950982,0.03244445212900014,0.17224162817001343
7,380,1,0.01,81,0.999600350856781,0.0004063782107550651,0.02015882463724175,0.09444104880094528
7,380,1,0.01,82,0.9992973804473877,0.0007144685951061547,0.026729545359136856,0.16339211165905
7,380,1,0.01,83,0.9995527863502502,0.00045474458602257073,0.021324741171291406,0.14367136359214783
7,380,1,0.01,84,0.9994993209838867,0.0005091502098366618,0.022564357066769302,0.09760913252830505
7,380,1,0.01,85,0.999107301235199,0.0009077840368263423,0.030129454638714293,0.2135913074016571
7,380,1,0.01,86,0.9996213316917419,0.0003850397770293057,0.01962243045673256,0.09205254912376404
7,380,1,0.01,87,0.9995676875114441,0.0004395830037537962,0.020966234849247402,0.12761008739471436
7,380,1,0.01,88,0.9996468424797058,0.0003591206332203001,0.018950478443044653,0.14328746497631073
7,380,1,0.01,89,0.9994615912437439,0.000547497533261776,0.023398665202566064,0.14679396152496338
7,380,1,0.01,90,0.9993747472763062,0.0006357869715429842,0.025214816508215644,0.08794005960226059
7,380,1,0.01,91,0.9995891451835632,0.000417764182202518,0.020439280373890808,0.10072124004364014
7,380,1,0.01,92,0.9995285868644714,0.0004793930856976658,0.02189504705858532,0.13198378682136536
7,380,1,0.01,93,0.9993501901626587,0.000660748512018472,0.02570502892467682,0.10639701038599014
7,380,1,0.01,94,0.9994900822639465,0.000518505577929318,0.02277071755411581,0.11338502168655396
7,380,1,0.01,95,0.9994721412658691,0.0005367602570913732,0.023168087039964546,0.15623793005943298
7,380,1,0.01,96,0.9993447065353394,0.0006663232343271375,0.02581323757933393,0.2260270118713379
7,380,1,0.01,97,0.9990965127944946,0.0009187309769913554,0.03031057533256925,0.1731671839952469
7,380,1,0.01,98,0.9993412494659424,0.0006698427023366094,0.025881319563279794,0.12217859923839569
7,380,1,0.01,99,0.9997048377990723,0.0003001548466272652,0.017324977536125847,0.11163397878408432
7,380,1,0.01,100,0.9995954632759094,0.0004113915201742202,0.020282788767184364,0.12341512739658356
8,380,1,0.01,1,0.9938181638717651,0.00628612469881773,0.07928508497074169,0.3152996599674225
8,380,1,0.01,2,0.99717777967453,0.002869812771677971,0.05357063348214179,0.26080161333084106
8,380,1,0.01,3,0.998103678226471,0.0019282875582575798,0.04391227115804396,0.24553373456001282
8,380,1,0.01,4,0.9985541105270386,0.0014702576445415616,0.03834393882403791,0.15067054331302643
8,380,1,0.01,5,0.9984790682792664,0.0015466087497770786,0.039326946865693484,0.1487603783607483
8,380,1,0.01,6,0.9986180663108826,0.0014052399201318622,0.037486529849158644,0.18263697624206543
8,380,1,0.01,7,0.999026894569397,0.0009894942631945014,0.031456227733065854,0.1981925666332245
8,380,1,0.01,8,0.9986457824707031,0.001377053209580481,0.03710866758023631,0.17690850794315338
8,380,1,0.01,9,0.9990060925483704,0.001010645879432559,0.03179065710916588,0.17028699815273285
8,380,1,0.01,10,0.9989416003227234,0.0010762517340481281,0.03280627583326288,0.18849383294582367
8,380,1,0.01,11,0.9991117715835571,0.0009032236412167549,0.03005367932910636,0.1979179084300995
8,380,1,0.01,12,0.9986661076545715,0.0013564223190769553,0.0368296391385655,0.14523471891880035
8,380,1,0.01,13,0.9992618560791016,0.0007505958201363683,0.027397003853275058,0.15044519305229187
8,380,1,0.01,14,0.9985098838806152,0.0015152674168348312,0.038926435963684516,0.20568101108074188
8,380,1,0.01,15,0.9986927509307861,0.0013293045340105891,0.03645962882436667,0.16952630877494812
8,380,1,0.01,16,0.998856782913208,0.0011625239858403802,0.03409580598607958,0.2601473927497864
8,380,1,0.01,17,0.999211311340332,0.0008019778179004788,0.028319212875722356,0.12265066057443619
8,380,1,0.01,18,0.9990348219871521,0.000981439370661974,0.03132793275436434,0.12513136863708496
8,380,1,0.01,19,0.9994049668312073,0.0006050434894859791,0.024597631786128907,0.17139096558094025
8,380,1,0.01,20,0.9993222951889038,0.0006891497760079801,0.026251662347515827,0.24086859822273254
8,380,1,0.01,21,0.9984878897666931,0.0015376195078715682,0.03921249173250239,0.17475086450576782
8,380,1,0.01,22,0.9990341067314148,0.0009822139982134104,0.03134029352468497,0.18286047875881195
8,380,1,0.01,23,0.9992375373840332,0.0007753001991659403,0.027844213028310572,0.13813713192939758
8,380,1,0.01,24,0.9992542862892151,0.0007583206752315164,0.02753762290451949,0.19163458049297333
8,380,1,0.01,25,0.9994370341300964,0.0005724611692130566,0.023926160770442392,0.14566785097122192
8,380,1,0.01,26,0.9983384013175964,0.00168963975738734,0.041105227859572074,0.25921502709388733
8,380,1,0.01,27,0.9992964267730713,0.0007154581835493445,0.026748050088732534,0.2052162140607834
8,380,1,0.01,28,0.999052882194519,0.0009631229331716895,0.031034221968202932,0.15392053127288818
8,380,1,0.01,29,0.9992898106575012,0.0007221578271128237,0.026872994383075804,0.12483291327953339
8,380,1,0.01,30,0.9988967776298523,0.001121818320825696,0.03349355640754944,0.18359056115150452
8,380,1,0.01,31,0.9994630217552185,0.0005460498505271971,0.02336770956955767,0.13671642541885376
8,380,1,0.01,32,0.9980759024620056,0.0019565809052437544,0.04423325564825355,0.2263614535331726
8,380,1,0.01,33,0.9993932843208313,0.0006169353146106005,0.024838182594759232,0.1299329549074173
8,380,1,0.01,34,0.9995045065879822,0.000503852148540318,0.022446651165381398,0.12522754073143005
8,380,1,0.01,35,0.9994121193885803,0.0005977783002890646,0.02444950511337734,0.10562584549188614
8,380,1,0.01,36,0.9995418190956116,0.00046589926932938397,0.02158469988972244,0.09184588491916656
8,380,1,0.01,37,0.9993696212768555,0.0006410239147953689,0.025318450086752327,0.09010063111782074
8,380,1,0.01,38,0.9995167255401611,0.0004914271994493902,0.022168157330941834,0.12530651688575745
8,380,1,0.01,39,0.9985420107841492,0.0014826147817075253,0.03850473713333887,0.1399265080690384
8,380,1,0.01,40,0.9993453025817871,0.0006657266058027744,0.025801678352440068,0.13525667786598206
8,380,1,0.01,41,0.9993055462837219,0.0007061884389258921,0.026574206270853926,0.09778615087270737
8,380,1,0.01,42,0.9993698596954346,0.0006407831097021699,0.025313694114098992,0.13620373606681824
8,380,1,0.01,43,0.9993582963943481,0.0006525184726342559,0.025544441129808575,0.1726459562778473
8,380,1,0.01,44,0.9987159967422485,0.0013056620955467224,0.03613394658138967,0.1515582948923111
8,380,1,0.01,45,0.9992486834526062,0.0007640022085979581,0.027640589874276526,0.1148834377527237
8,380,1,0.01,46,0.9994205236434937,0.0005892816698178649,0.0242751245067428,0.11877559125423431
8,380,1,0.01,47,0.999585747718811,0.0004212430212646723,0.020524205740166227,0.11780034005641937
8,380,1,0.01,48,0.9993323683738708,0.000678894342854619,0.02605560098816796,0.12422851473093033
8,380,1,0.01,49,0.9993927478790283,0.0006175105809234083,0.024849760178388206,0.13853029906749725
8,380,1,0.01,50,0.9971694946289062,0.002878251252695918,0.05364933599492092,0.2710935175418854
8,380,1,0.01,51,0.9995559453964233,0.0004515690088737756,0.021250153149419315,0.09947516769170761
8,380,1,0.01,52,0.9994086623191833,0.0006013101083226502,0.024521625319759092,0.14739198982715607
8,380,1,0.01,53,0.999639630317688,0.0003664557880256325,0.01914303497425715,0.12438179552555084
8,380,1,0.01,54,0.9991719722747803,0.000841997389215976,0.02901719127027935,0.1591872274875641
8,380,1,0.01,55,0.9976398944854736,0.002399942371994257,0.04898920668876214,0.19030779600143433
8,380,1,0.01,56,0.9992502927780151,0.0007623446872457862,0.027610590128531953,0.1265680491924286
8,380,1,0.01,57,0.999349057674408,0.0006619488704018295,0.025728367037218463,0.12305806577205658
8,380,1,0.01,58,0.9995127320289612,0.0004954643081873655,0.02225902756607677,0.10424978286027908
8,380,1,0.01,59,0.9996817708015442,0.0003235887852497399,0.017988573741398728,0.10127311944961548
8,380,1,0.01,60,0.9981281161308289,0.0019034603610634804,0.04362866444281191,0.16656893491744995
8,380,1,0.01,61,0.9990231394767761,0.00099335762206465,0.031517576398965866,0.1696193814277649
8,380,1,0.01,62,0.9993821382522583,0.0006282938411459327,0.025065790255763585,0.13839787244796753
8,380,1,0.01,63,0.9979062676429749,0.002129057189449668,0.04614170769975541,0.31976068019866943
8,380,1,0.01,64,0.9992842674255371,0.0007277923868969083,0.02697762752535716,0.12185736745595932
8,380,1,0.01,65,0.9995676875114441,0.00043959548929706216,0.02096653260072018,0.06874049454927444
8,380,1,0.01,66,0.999513566493988,0.0004946360713802278,0.02224041526995905,0.11444983631372452
8,380,1,0.01,67,0.9991095066070557,0.0009055201662704349,0.030091862127000962,0.15770508348941803
8,380,1,0.01,68,0.9995782971382141,0.0004287969786673784,0.02070741361607911,0.06904435157775879
8,380,1,0.01,69,0.9983556270599365,0.0016721166903153062,0.040891523453098516,0.200107142329216
8,380,1,0.01,70,0.9995523691177368,0.000455166184110567,0.021334624067711316,0.0961364284157753
8,380,1,0.01,71,0.9989551901817322,0.001062415773048997,0.03259472001795685,0.1433369517326355
8,380,1,0.01,72,0.9982383251190186,0.0017913749907165766,0.042324638104968795,0.1537712812423706
8,380,1,0.01,73,0.9987564086914062,0.0012645893730223179,0.03556106540898793,0.2105531543493271
8,380,1,0.01,74,0.9996646046638489,0.00034103068173862994,0.018467016048583213,0.08825883269309998
8,380,1,0.01,75,0.9994068145751953,0.0006032146047800779,0.024560427618021595,0.1946110725402832
8,380,1,0.01,76,0.9995859861373901,0.00042099040001630783,0.020518050590061128,0.11910680681467056
8,380,1,0.01,77,0.9994106888771057,0.000599271384999156,0.024480020118438545,0.13498762249946594
8,380,1,0.01,78,0.9994697570800781,0.0005391939193941653,0.023220549506722817,0.10339739918708801
8,380,1,0.01,79,0.9992688298225403,0.0007435136358253658,0.027267446448565106,0.19714179635047913
8,380,1,0.01,80,0.998755693435669,0.0012652924051508307,0.035570948893033916,0.1270812302827835
8,380,1,0.01,81,0.9995033740997314,0.000505026604514569,0.02247279698912819,0.12248244136571884
8,380,1,0.01,82,0.9994878768920898,0.000520787201821804,0.02282076251622202,0.15171794593334198
8,380,1,0.01,83,0.9994536638259888,0.0005555626121349633,0.023570375731730778,0.16662728786468506
8,380,1,0.01,84,0.9997078776359558,0.0002970726927742362,0.01723579684187059,0.06518741697072983
8,380,1,0.01,85,0.9989227652549744,0.0010953893652185798,0.033096666980506964,0.1418052315711975
8,380,1,0.01,86,0.9995965361595154,0.00041027949191629887,0.020255357116483998,0.07746124267578125
8,380,1,0.01,87,0.9991876482963562,0.0008260360336862504,0.028740842605710963,0.14704638719558716
8,380,1,0.01,88,0.9995118379592896,0.0004963823594152927,0.02227964001987673,0.08269865810871124
8,380,1,0.01,89,0.999375581741333,0.0006349373725242913,0.025197963658285787,0.15075360238552094
8,380,1,0.01,90,0.999386727809906,0.0006236419430933893,0.024972824091267477,0.16422908008098602
8,380,1,0.01,91,0.999658465385437,0.0003473022661637515,0.018636047493064387,0.09933599084615707
8,380,1,0.01,92,0.9995030164718628,0.0005053748027421534,0.02248054275906508,0.09235263615846634
8,380,1,0.01,93,0.9990643262863159,0.0009514885605312884,0.030846208203461383,0.0961959958076477
8,380,1,0.01,94,0.9987329244613647,0.0012884378666058183,0.03589481670946124,0.19514891505241394
8,380,1,0.01,95,0.9996453523635864,0.00036061223363503814,0.01898979288025644,0.08402574807405472
8,380,1,0.01,96,0.9995495080947876,0.00045807953574694693,0.02140279270905895,0.08568857610225677
8,380,1,0.01,97,0.9994962811470032,0.0005122231668792665,0.02263234779865462,0.15907034277915955
8,380,1,0.01,98,0.9996094107627869,0.0003971923724748194,0.019929685709383863,0.09975773841142654
8,380,1,0.01,99,0.9991550445556641,0.0008592319791205227,0.029312659025078614,0.2236737757921219
8,380,1,0.01,100,0.999066174030304,0.0009495725971646607,0.030815135845305968,0.11430195719003677
9,380,1,0.01,1,0.9948819875717163,0.005204346962273121,0.07214115997316041,0.41272273659706116
9,380,1,0.01,2,0.9971742033958435,0.002873467281460762,0.05360473189430912,0.3344888389110565
9,380,1,0.01,3,0.998062014579773,0.001970676938071847,0.04439230719473642,0.2541643977165222
9,380,1,0.01,4,0.9978043437004089,0.0022326677571982145,0.04725111381965736,0.27314960956573486
9,380,1,0.01,5,0.9985308647155762,0.0014939074171707034,0.03865109852475999,0.22874534130096436
9,380,1,0.01,6,0.9988782405853271,0.0011407118290662766,0.03377442566597212,0.19947080314159393
9,380,1,0.01,7,0.9988043904304504,0.001215756288729608,0.034867696923221184,0.22899022698402405
9,380,1,0.01,8,0.9991934895515442,0.0008200924494303763,0.02863725631813174,0.2258073389530182
9,380,1,0.01,9,0.9990972280502319,0.0009180181077681482,0.030298813636315005,0.14341111481189728
9,380,1,0.01,10,0.9988278746604919,0.0011919017415493727,0.0345239299841338,0.17398522794246674
9,380,1,0.01,11,0.9992695450782776,0.000742800475563854,0.027254366174318822,0.1830049306154251
9,380,1,0.01,12,0.9986319541931152,0.0013911036076024175,0.03729750135870254,0.1735144853591919
9,380,1,0.01,13,0.9990733861923218,0.0009422285365872085,0.03069574134285094,0.1758313775062561
9,380,1,0.01,14,0.9989848732948303,0.001032227068208158,0.032128290776326056,0.16145116090774536
9,380,1,0.01,15,0.9994122385978699,0.0005976950633339584,0.024447802832441985,0.17141404747962952
9,380,1,0.01,16,0.9987009167671204,0.001321002608165145,0.03634559957085789,0.13439948856830597
9,380,1,0.01,17,0.9983118772506714,0.0017165953759104013,0.0414318159861525,0.23659993708133698
9,380,1,0.01,18,0.9993991851806641,0.0006109388777986169,0.024717177787899187,0.11989928036928177
9,380,1,0.01,19,0.9994038939476013,0.0006061855820007622,0.024620836338369218,0.10278455168008804
9,380,1,0.01,20,0.9991309642791748,0.0008837021887302399,0.02972712883428603,0.13869792222976685
9,380,1,0.01,21,0.9995515942573547,0.00045595006668008864,0.021352987301080116,0.10635711997747421
9,380,1,0.01,22,0.9988596439361572,0.0011595769319683313,0.034052561312892915,0.13397403061389923
9,380,1,0.01,23,0.9980370998382568,0.001996035920456052,0.04467701781068262,0.18909962475299835
9,380,1,0.01,24,0.9995236992835999,0.000484325282741338,0.022007391547871773,0.1113695353269577
9,380,1,0.01,25,0.9980227947235107,0.0020105326548218727,0.04483896357881026,0.21347519755363464
9,380,1,0.01,26,0.9987733364105225,0.0012473530368879437,0.035317885509865164,0.19642947614192963
9,380,1,0.01,27,0.9991198778152466,0.0008949499460868537,0.02991571403270953,0.1627732217311859
9,380,1,0.01,28,0.9994944930076599,0.0005140135181136429,0.022671866224765067,0.1063135489821434
9,380,1,0.01,29,0.9994126558303833,0.000597235921304673,0.024438410776985334,0.09787582606077194
9,380,1,0.01,30,0.9987566471099854,0.0012643057852983475,0.03555707785094759,0.0872129499912262
9,380,1,0.01,31,0.9991734623908997,0.0008405063999816775,0.028991488405766225,0.12722021341323853
9,380,1,0.01,32,0.9990035891532898,0.0010132108582183719,0.031830973252767056,0.15674147009849548
9,380,1,0.01,33,0.9992319941520691,0.0007809734670445323,0.02794590250903578,0.18183818459510803
9,380,1,0.01,34,0.9995507597923279,0.00045681025949306786,0.02137312002242695,0.08270353823900223
9,380,1,0.01,35,0.9989555478096008,0.0010620697867125273,0.032589412187281425,0.17366762459278107
9,380,1,0.01,36,0.9995525479316711,0.0004550304729491472,0.02133144329268761,0.07580763846635818
9,380,1,0.01,37,0.9996155500411987,0.00039094858220778406,0.019772419735778018,0.10223247855901718
9,380,1,0.01,38,0.9994204044342041,0.0005893795751035213,0.024277140999374728,0.15544962882995605
9,380,1,0.01,39,0.9995434880256653,0.00046423726598732173,0.02154616592313634,0.10364639759063721
9,380,1,0.01,40,0.9992003440856934,0.000813151360489428,0.028515808957303455,0.19383551180362701
9,380,1,0.01,41,0.9966341853141785,0.0034226272255182266,0.05850322406088597,0.2561114728450775
9,380,1,0.01,42,0.9990987181663513,0.0009164956281892955,0.03027367880171314,0.11224567890167236
9,380,1,0.01,43,0.9994754791259766,0.0005333788576535881,0.023094996376998807,0.10870510339736938
9,380,1,0.01,44,0.9989576935768127,0.0010599205270409584,0.032556420673055544,0.10473781824111938
9,380,1,0.01,45,0.9990295171737671,0.0009868514025583863,0.03141419110144946,0.13267645239830017
9,380,1,0.01,46,0.99849933385849,0.0015260030049830675,0.0390640884314874,0.2632480561733246
9,380,1,0.01,47,0.9995474815368652,0.0004601568798534572,0.021451267558199382,0.12444639950990677
9,380,1,0.01,48,0.9992577433586121,0.000754791428335011,0.02747346771587109,0.08334911614656448
9,380,1,0.01,49,0.999380886554718,0.0006295825005508959,0.025091482629587592,0.1373063027858734
9,380,1,0.01,50,0.9995605945587158,0.0004468164115678519,0.021138032348538307,0.15224729478359222
9,380,1,0.01,51,0.9986814260482788,0.0013408241793513298,0.036617266137047015,0.21907027065753937
9,380,1,0.01,52,0.998056948184967,0.0019758569542318583,0.04445061252932133,0.2920455038547516
9,380,1,0.01,53,0.9995592832565308,0.000448126025730744,0.021168987357234263,0.10759814828634262
9,380,1,0.01,54,0.9993270039558411,0.0006843670853413641,0.026160410649325904,0.14279457926750183
9,380,1,0.01,55,0.9992730021476746,0.0007392563275061548,0.027189268609253813,0.17481784522533417
9,380,1,0.01,56,0.9996539950370789,0.0003518191515468061,0.01875684279261321,0.11101881414651871
9,380,1,0.01,57,0.9996272921562195,0.00037897902075201273,0.01946738351068301,0.16440550982952118
9,380,1,0.01,58,0.9990439414978027,0.0009721789392642677,0.031179784143965265,0.17209768295288086
9,380,1,0.01,59,0.9989018440246582,0.0011167085031047463,0.03341718873730623,0.16634464263916016
9,380,1,0.01,60,0.9994127750396729,0.000597110774833709,0.024435850196662057,0.13599322736263275
9,380,1,0.01,61,0.997593104839325,0.0024475192185491323,0.04947240865926312,0.20847201347351074
9,380,1,0.01,62,0.9973145127296448,0.002730786334723234,0.052256926189006125,0.1647297590970993
9,380,1,0.01,63,0.9994949698448181,0.0005135566461831331,0.022661788238864406,0.14236962795257568
9,380,1,0.01,64,0.9993866682052612,0.000623696600086987,0.024973918396739167,0.12359947711229324
9,380,1,0.01,65,0.9994913935661316,0.0005171655211597681,0.02274127351666498,0.11538836359977722
9,380,1,0.01,66,0.999344527721405,0.0006665113614872098,0.02581688132767414,0.1020413339138031
9,380,1,0.01,67,0.9991830587387085,0.0008307198295369744,0.028822210698296106,0.10840900242328644
9,380,1,0.01,68,0.9995433688163757,0.00046433371608145535,0.021548404026318406,0.08182704448699951
9,380,1,0.01,69,0.9990444183349609,0.0009716998902149498,0.03117210115175026,0.11420188844203949
9,380,1,0.01,70,0.9994091987609863,0.0006007861229591072,0.024510938842873954,0.10819616913795471
9,380,1,0.01,71,0.9980794191360474,0.0019529922865331173,0.044192672317174,0.12817895412445068
9,380,1,0.01,72,0.9992304444313049,0.000782518123742193,0.027973525407824322,0.09178546071052551
9,380,1,0.01,73,0.9994605183601379,0.0005485867732204497,0.023421929323188765,0.1373390108346939
9,380,1,0.01,74,0.9990856647491455,0.0009297386277467012,0.030491615695904035,0.11308228224515915
9,380,1,0.01,75,0.9994125366210938,0.0005973821971565485,0.02444140333852679,0.10899893194437027
9,380,1,0.01,76,0.9995912313461304,0.000415638874983415,0.02038722332696179,0.10180065035820007
9,380,1,0.01,77,0.9991998076438904,0.000813663937151432,0.028524795129000174,0.1708059161901474
9,380,1,0.01,78,0.9995027780532837,0.0005056050722487271,0.02248566370487487,0.1308998316526413
9,380,1,0.01,79,0.9996132850646973,0.00039321559597738087,0.019829664545255952,0.10376251488924026
9,380,1,0.01,80,0.9994761347770691,0.0005327037652023137,0.023080376192824797,0.13680650293827057
9,380,1,0.01,81,0.9995776414871216,0.00042947978363372386,0.020723894026792453,0.09383316338062286
9,380,1,0.01,82,0.9985902309417725,0.0014335629530251026,0.037862421383544696,0.2462335228919983
9,380,1,0.01,83,0.9996397495269775,0.0003663357347249985,0.019139899025987533,0.10419309139251709
9,380,1,0.01,84,0.9994426369667053,0.0005667657242156565,0.02380684196225229,0.11948084831237793
9,380,1,0.01,85,0.9990352392196655,0.0009810513583943248,0.031321739389668715,0.15463918447494507
9,380,1,0.01,86,0.9996580481529236,0.0003476958954706788,0.018646605467770236,0.12411817163228989
9,380,1,0.01,87,0.9996872544288635,0.00031801292789168656,0.017832916976526485,0.11393357813358307
9,380,1,0.01,88,0.9996539950370789,0.00035185247543267906,0.018757731084347036,0.15718506276607513
9,380,1,0.01,89,0.99973064661026,0.0002739136107265949,0.016550335668094315,0.05802135914564133
9,380,1,0.01,90,0.9995940327644348,0.0004128189757466316,0.020317947134162732,0.11208706349134445
9,380,1,0.01,91,0.9996141791343689,0.0003923121839761734,0.01980687214014806,0.07008809596300125
9,380,1,0.01,92,0.9994593262672424,0.0005497841048054397,0.02344747544631276,0.09121530503034592
9,380,1,0.01,93,0.9986835718154907,0.0013386431382969022,0.036587472422905935,0.13070179522037506
9,380,1,0.01,94,0.9992318153381348,0.0007811603136360645,0.02794924531424891,0.097457654774189
9,380,1,0.01,95,0.9996876120567322,0.00031764517189003527,0.017822602837128904,0.09660305827856064
9,380,1,0.01,96,0.9992856383323669,0.0007264343439601362,0.02695244597360574,0.1187770813703537
9,380,1,0.01,97,0.9995757341384888,0.00043140939669683576,0.02077039712419663,0.10379503667354584
9,380,1,0.01,98,0.9995709657669067,0.0004362949694041163,0.02088767505980779,0.11663877218961716
9,380,1,0.01,99,0.999642014503479,0.00036402372643351555,0.019079405819718693,0.12796276807785034
9,380,1,0.01,100,0.9995689988136292,0.0004382436745800078,0.020934270337893503,0.13072258234024048
10,380,1,0.01,1,0.994933545589447,0.005151909310370684,0.07177680203499376,0.5694032311439514
10,380,1,0.01,2,0.9968547224998474,0.0031983312219381332,0.056553790517861253,0.3777379095554352
10,380,1,0.01,3,0.9970453381538391,0.0030045374296605587,0.054813660976626606,0.2523815333843231
10,380,1,0.01,4,0.9981377720832825,0.001893626875244081,0.04351582327434563,0.21598170697689056
10,380,1,0.01,5,0.9982336163520813,0.0017961675766855478,0.04238121726290489,0.1632642298936844
10,380,1,0.01,6,0.9971826076507568,0.00286490423604846,0.05352480019624978,0.32078272104263306
10,380,1,0.01,7,0.9989164471626282,0.0011018479708582163,0.03319409542159895,0.16841177642345428
10,380,1,0.01,8,0.9960553646087646,0.004011213313788176,0.06333414019143369,0.4722405672073364
10,380,1,0.01,9,0.9989550113677979,0.0010626146104186773,0.032597770022176016,0.15981774032115936
10,380,1,0.01,10,0.9965449571609497,0.0035133350174874067,0.05927339215438413,0.3716774582862854
10,380,1,0.01,11,0.9975379705429077,0.0025035454891622066,0.050035442330034485,0.2005649209022522
10,380,1,0.01,12,0.998742401599884,0.0012787866871804,0.03576012705766578,0.15969234704971313
10,380,1,0.01,13,0.9989796876907349,0.0010375513229519129,0.03221104349368261,0.16271376609802246
10,380,1,0.01,14,0.9993704557418823,0.0006401543505489826,0.0253012717180181,0.10404185205698013
10,380,1,0.01,15,0.9985977411270142,0.0014259133022278547,0.037761267222219314,0.19429224729537964
10,380,1,0.01,16,0.9989818334579468,0.0010353436227887869,0.03217675593947884,0.16334913671016693
10,380,1,0.01,17,0.9988856315612793,0.0011331469286233187,0.03366224782487525,0.13791334629058838
10,380,1,0.01,18,0.9992339611053467,0.000778989284299314,0.027910379508335498,0.15254418551921844
10,380,1,0.01,19,0.998314619064331,0.0017138115363195539,0.04139820692155101,0.23163165152072906
10,380,1,0.01,20,0.9994732737541199,0.0005356087349355221,0.02314322222456333,0.1574678272008896
10,380,1,0.01,21,0.9988760352134705,0.0011429173173382878,0.033807060170004254,0.18044453859329224
10,380,1,0.01,22,0.997968316078186,0.0020659395959228277,0.045452608241143076,0.19700220227241516
10,380,1,0.01,23,0.9994703531265259,0.0005385999684222043,0.02320775664346307,0.13365674018859863
10,380,1,0.01,24,0.9990428686141968,0.0009732955950312316,0.031197685731977485,0.13213922083377838
10,380,1,0.01,25,0.9985229969024658,0.001501923194155097,0.03875465383866945,0.1949172019958496
10,380,1,0.01,26,0.9995307922363281,0.00047713544336147606,0.02184343021051126,0.09752476215362549
10,380,1,0.01,27,0.9995177984237671,0.0004903265507891774,0.022143318423153684,0.08947756886482239
10,380,1,0.01,28,0.9990494847297668,0.0009665339021012187,0.0310891283586597,0.18681074678897858
10,380,1,0.01,29,0.9989318251609802,0.001086209318600595,0.032957689824995244,0.21537140011787415
10,380,1,0.01,30,0.9973730444908142,0.0026713025290519,0.05168464500266883,0.21812738478183746
10,380,1,0.01,31,0.9967325329780579,0.003322614124044776,0.05764212109252032,0.3294917345046997
10,380,1,0.01,32,0.9993048906326294,0.0007068563136272132,0.026586769522211857,0.15802007913589478
10,380,1,0.01,33,0.9994025230407715,0.0006075339624658227,0.02464820404138652,0.11095267534255981
10,380,1,0.01,34,0.9987614750862122,0.0012594201834872365,0.03548831051891928,0.19514869153499603
10,380,1,0.01,35,0.9994086027145386,0.0006013626116327941,0.024522695847577488,0.14742429554462433
10,380,1,0.01,36,0.9989124536514282,0.00110588688403368,0.03325487759763491,0.09161266684532166
10,380,1,0.01,37,0.9992812275886536,0.0007309020729735494,0.027035200627580875,0.11641021072864532
10,380,1,0.01,38,0.9995463490486145,0.0004613188502844423,0.02147833443925395,0.08305057138204575
10,380,1,0.01,39,0.999483048915863,0.0005256702424958348,0.022927499700050917,0.09380893409252167
10,380,1,0.01,40,0.9986144304275513,0.001408953103236854,0.037536024073373225,0.1719808429479599
10,380,1,0.01,41,0.9988789558410645,0.001139961532317102,0.03376331637024275,0.16103699803352356
10,380,1,0.01,42,0.997916042804718,0.0021190999541431665,0.0460336828218552,0.24060221016407013
10,380,1,0.01,43,0.9992284774780273,0.0007845500367693603,0.02800982036303268,0.20177848637104034
10,380,1,0.01,44,0.9988535046577454,0.0011658485746011138,0.034144524811470345,0.21310648322105408
10,380,1,0.01,45,0.9991220831871033,0.0008927127346396446,0.029878298723984346,0.1314561814069748
10,380,1,0.01,46,0.9992372989654541,0.0007755772676318884,0.027849187916919378,0.10708168148994446
10,380,1,0.01,47,0.9995343089103699,0.0004735504335258156,0.021761213971785112,0.09683363139629364
10,380,1,0.01,48,0.9979903697967529,0.002043509390205145,0.04520519207132235,0.24247398972511292
10,380,1,0.01,49,0.999008297920227,0.0010084211826324463,0.031755648043024505,0.12734296917915344
10,380,1,0.01,50,0.9989086389541626,0.0011097867973148823,0.03331346270376111,0.14867712557315826
10,380,1,0.01,51,0.9994373917579651,0.0005721006309613585,0.023918625189616533,0.1199188083410263
10,380,1,0.01,52,0.999272882938385,0.0007393784471787512,0.027191514249463034,0.20410354435443878
10,380,1,0.01,53,0.9988923668861389,0.0011262920452281833,0.03356027480859153,0.11739296466112137
10,380,1,0.01,54,0.9989713430404663,0.0010459809564054012,0.0323416288458915,0.24612180888652802
10,380,1,0.01,55,0.999466598033905,0.0005424001719802618,0.02328948629704532,0.14324155449867249
10,380,1,0.01,56,0.9994858503341675,0.0005228262743912637,0.022865394691351026,0.10972819477319717
10,380,1,0.01,57,0.9995763301849365,0.00043078704038634896,0.02075540990648821,0.15577372908592224
10,380,1,0.01,58,0.9990490674972534,0.0009670049184933305,0.031096702694873142,0.1743493676185608
10,380,1,0.01,59,0.9980862736701965,0.0019460141193121672,0.04411365003388597,0.216889888048172
10,380,1,0.01,60,0.9995745420455933,0.0004326601338107139,0.020800483980203774,0.09499473124742508
10,380,1,0.01,61,0.999520480632782,0.0004876021994277835,0.02208171640583638,0.13565625250339508
10,380,1,0.01,62,0.9994528293609619,0.0005564008606597781,0.023588150852912954,0.13835608959197998
10,380,1,0.01,63,0.9995248317718506,0.0004831907863263041,0.021981601086506507,0.07595241069793701
10,380,1,0.01,64,0.9989108443260193,0.0011075573274865746,0.03327998388651315,0.14162923395633698
10,380,1,0.01,65,0.998794436454773,0.0012259294744580984,0.03501327568877408,0.13259956240653992
10,380,1,0.01,66,0.998620867729187,0.0014023861149325967,0.03744844609503306,0.17748519778251648
10,380,1,0.01,67,0.9996157288551331,0.0003907755308318883,0.019768043171540482,0.08538388460874557
10,380,1,0.01,68,0.9996089935302734,0.00039761883090250194,0.01994038191466006,0.07706203311681747
10,380,1,0.01,69,0.9994423985481262,0.0005670339451171458,0.023812474569375307,0.13795700669288635
10,380,1,0.01,70,0.9995848536491394,0.0004221592971589416,0.02054651545053179,0.08867131173610687
10,380,1,0.01,71,0.9995286464691162,0.00047928644926287234,0.021892611750608294,0.12368836253881454
10,380,1,0.01,72,0.9996441006660461,0.00036192979314364493,0.019024452505752826,0.07193141430616379
10,380,1,0.01,73,0.9995213150978088,0.00048673414858058095,0.022062052229576943,0.06965559720993042
10,380,1,0.01,74,0.9996121525764465,0.00039440346881747246,0.019859593873427332,0.111223004758358
10,380,1,0.01,75,0.9994679093360901,0.0005410456215031445,0.023260387389361006,0.14658960700035095
10,380,1,0.01,76,0.9983967542648315,0.0016302771400660276,0.04037669055366014,0.1448381394147873
10,380,1,0.01,77,0.9995740056037903,0.00043319060932844877,0.020813231592629933,0.14018911123275757
10,380,1,0.01,78,0.9993906617164612,0.0006196475005708635,0.024892719830722866,0.13549374043941498
10,380,1,0.01,79,0.998912513256073,0.00110582762863487,0.03325398665776586,0.12848509848117828
10,380,1,0.01,80,0.9989367127418518,0.0010812166146934032,0.03288185844342444,0.15852303802967072
10,380,1,0.01,81,0.9991982579231262,0.0008152522495947778,0.028552622464403824,0.12209881842136383
10,380,1,0.01,82,0.9996262788772583,0.00038001706707291305,0.019494026445886263,0.08403408527374268
10,380,1,0.01,83,0.9994456768035889,0.0005636675632558763,0.02374168408634645,0.09972276538610458
10,380,1,0.01,84,0.9995154142379761,0.0004927570698782802,0.02219813212588573,0.13388210535049438
10,380,1,0.01,85,0.999189555644989,0.0008241275791078806,0.028707622317215346,0.10554516315460205
10,380,1,0.01,86,0.9994352459907532,0.0005742686334997416,0.023963902718458475,0.13992749154567719
10,380,1,0.01,87,0.9995498657226562,0.0004577148356474936,0.021394271094091838,0.11355729401111603
10,380,1,0.01,88,0.9995601177215576,0.00044728326611220837,0.021149072464583602,0.07470603287220001
10,380,1,0.01,89,0.9996858239173889,0.0003194586024619639,0.017873404892799913,0.08164875209331512
10,380,1,0.01,90,0.9992187023162842,0.0007945066899992526,0.0281869950508963,0.16839435696601868
10,380,1,0.01,91,0.9991746544837952,0.0008392626186832786,0.028970029663141158,0.13342109322547913
10,380,1,0.01,92,0.9995527267456055,0.00045480800326913595,0.021326228060046998,0.11716671288013458
10,380,1,0.01,93,0.9977983236312866,0.00223882426507771,0.047316215667334495,0.19768880307674408
10,380,1,0.01,94,0.9996482133865356,0.00035771989496424794,0.018913484474423214,0.10487546771764755
10,380,1,0.01,95,0.9996368885040283,0.00036922827712260187,0.01921531360979055,0.10956350713968277
10,380,1,0.01,96,0.9995900392532349,0.00041690346552059054,0.020418214062953462,0.07292017340660095
10,380,1,0.01,97,0.999475359916687,0.0005335056921467185,0.023097742143913514,0.13161440193653107
10,380,1,0.01,98,0.9988701939582825,0.0011488583404570818,0.03389481288423174,0.17265215516090393
10,380,1,0.01,99,0.9996070861816406,0.000399544311221689,0.019988604534126164,0.11810003966093063
10,380,1,0.01,100,0.9990859031677246,0.0009295389172621071,0.030488340677414818,0.136114239692688
11,380,1,0.01,1,0.9909538626670837,0.009198746643960476,0.09591009667371041,0.4159489572048187
11,380,1,0.01,2,0.9946696162223816,0.005420295521616936,0.07362265630644507,0.2950774133205414
11,380,1,0.01,3,0.995868980884552,0.004200720228254795,0.06481296342750265,0.2759552597999573
11,380,1,0.01,4,0.996828019618988,0.003225501859560609,0.0567935019131644,0.28532394766807556
11,380,1,0.01,5,0.9975742101669312,0.002466697944328189,0.04966586296771847,0.1753249168395996
11,380,1,0.01,6,0.9978288412094116,0.002207763260230422,0.046986841351919176,0.21048565208911896
11,380,1,0.01,7,0.998279869556427,0.0017491738544777036,0.04182312583341546,0.26484206318855286
11,380,1,0.01,8,0.9984671473503113,0.001558707794174552,0.03948047358093051,0.15670475363731384
11,380,1,0.01,9,0.9981982111930847,0.0018321871757507324,0.04280405559933232,0.167635977268219
11,380,1,0.01,10,0.9983483552932739,0.001679487875662744,0.04098155531044111,0.25632357597351074
11,380,1,0.01,11,0.9981953501701355,0.001835108152590692,0.042838162339095404,0.1985061764717102
11,380,1,0.01,12,0.9986369013786316,0.0013860900653526187,0.03723023053047911,0.2278120070695877
11,380,1,0.01,13,0.9983932971954346,0.0016337831038981676,0.0404200829278982,0.22480686008930206
11,380,1,0.01,14,0.9991335868835449,0.0008810371509753168,0.02968226997679451,0.16267748177051544
11,380,1,0.01,15,0.999131441116333,0.0008831927552819252,0.029718559105076498,0.14537647366523743
11,380,1,0.01,16,0.9982223510742188,0.0018076130654662848,0.04251603304009306,0.20669159293174744
11,380,1,0.01,17,0.9986916780471802,0.0013303736923262477,0.03647428809896429,0.1636424958705902
11,380,1,0.01,18,0.9992411136627197,0.0007717107073403895,0.027779681555777227,0.12325035780668259
11,380,1,0.01,19,0.9992073774337769,0.0008060010732151568,0.02839015803434628,0.13281536102294922
11,380,1,0.01,20,0.9986909627914429,0.0013311485527083278,0.03648490856105203,0.15640364587306976
11,380,1,0.01,21,0.9989891648292542,0.001027886406518519,0.03206066759315094,0.15600812435150146
11,380,1,0.01,22,0.9991298317909241,0.0008848399156704545,0.029746258851668296,0.14328965544700623
11,380,1,0.01,23,0.9987195134162903,0.0013020818587392569,0.03608437139177094,0.22293180227279663
11,380,1,0.01,24,0.9990196824073792,0.0009968789527192712,0.031573389946587475,0.12626086175441742
11,380,1,0.01,25,0.9993271231651306,0.0006842351285740733,0.026157888457864355,0.09333023428916931
11,380,1,0.01,26,0.9985802173614502,0.001443746266886592,0.03799666125972902,0.27637508511543274
11,380,1,0.01,27,0.999064564704895,0.0009512007818557322,0.0308415431172912,0.137869194149971
11,380,1,0.01,28,0.9988411068916321,0.0011784711387008429,0.034328867425256586,0.16757787764072418
11,380,1,0.01,29,0.9991533756256104,0.0008609158685430884,0.029341367871029606,0.14349526166915894
11,380,1,0.01,30,0.9993273019790649,0.0006840300047770143,0.026153967285614897,0.11117104440927505
11,380,1,0.01,31,0.9989950656890869,0.0010219077812507749,0.031967292366585805,0.23394775390625
11,380,1,0.01,32,0.9993618726730347,0.0006489150109700859,0.025473810295479668,0.12386278063058853
11,380,1,0.01,33,0.9992285966873169,0.000784414354711771,0.028007398213896466,0.10257645696401596
11,380,1,0.01,34,0.9986929297447205,0.0013291174545884132,0.036457063164610684,0.27874043583869934
11,380,1,0.01,35,0.9992243647575378,0.0007887069950811565,0.028083927700397544,0.1130450889468193
11,380,1,0.01,36,0.9994262456893921,0.000583432090934366,0.02415433896703377,0.1856289803981781
11,380,1,0.01,37,0.9993551969528198,0.0006556595326401293,0.025605849578565622,0.2073281705379486
11,380,1,0.01,38,0.9983563423156738,0.0016713590594008565,0.04088225849192846,0.26546046137809753
11,380,1,0.01,39,0.9995142817497253,0.0004939069622196257,0.022224017688519455,0.1628825068473816
11,380,1,0.01,40,0.9989071488380432,0.001111283665522933,0.03333592154902775,0.18177160620689392
11,380,1,0.01,41,0.9991759657859802,0.0008379652863368392,0.028947630064252914,0.17794416844844818
11,380,1,0.01,42,0.999269425868988,0.0007429111283272505,0.027256396099397485,0.16911581158638
11,380,1,0.01,43,0.998060941696167,0.0019717758987098932,0.04440468329703403,0.22536499798297882
11,380,1,0.01,44,0.999366044998169,0.0006446364568546414,0.025389691940916524,0.17629216611385345
11,380,1,0.01,45,0.9990738034248352,0.0009418367990292609,0.030689359703800614,0.10486838221549988
11,380,1,0.01,46,0.9994887709617615,0.000519880501087755,0.022800888164449976,0.14196570217609406
11,380,1,0.01,47,0.9995166063308716,0.0004915760364383459,0.02217151407636262,0.09709865599870682
11,380,1,0.01,48,0.9994802474975586,0.0005285012884996831,0.022989155889237934,0.15306240320205688
11,380,1,0.01,49,0.9994166493415833,0.0005932128988206387,0.02435596228484185,0.10161302238702774
11,380,1,0.01,50,0.9993865489959717,0.000623792817350477,0.02497584467741736,0.10471872240304947
11,380,1,0.01,51,0.9981696605682373,0.0018612333806231618,0.04314201410021514,0.17008736729621887
11,380,1,0.01,52,0.9994391202926636,0.0005703268689103425,0.023881517307540207,0.18812353909015656
11,380,1,0.01,53,0.9992160201072693,0.0007972133462317288,0.028234966729779033,0.15316639840602875
11,380,1,0.01,54,0.9989214539527893,0.0010967501439154148,0.03311721823939044,0.16296826303005219
11,380,1,0.01,55,0.999396562576294,0.0006135911680757999,0.024770772456179077,0.13138584792613983
11,380,1,0.01,56,0.9994330406188965,0.0005765169044025242,0.02401076642680371,0.12128129601478577
11,380,1,0.01,57,0.9993115067481995,0.0007001241901889443,0.026459859980524168,0.1441783756017685
11,380,1,0.01,58,0.9992445111274719,0.0007682514260523021,0.027717348827986817,0.13639983534812927
11,380,1,0.01,59,0.9987261891365051,0.0012953036930412054,0.03599032777068313,0.1898050606250763
11,380,1,0.01,60,0.9989979267120361,0.0010190000757575035,0.03192178058563625,0.17275364696979523
11,380,1,0.01,61,0.9995680451393127,0.0004392258124426007,0.02095771486690762,0.2014600783586502
11,380,1,0.01,62,0.9996321201324463,0.0003740815445780754,0.019341187775782424,0.1330360472202301
11,380,1,0.01,63,0.9994204044342041,0.0005893539637327194,0.024276613514506495,0.1167246550321579
11,380,1,0.01,64,0.9990495443344116,0.0009665105026215315,0.031088752027405853,0.18305806815624237
11,380,1,0.01,65,0.9994784593582153,0.000530343153513968,0.023029180478557374,0.14135417342185974
11,380,1,0.01,66,0.9992666244506836,0.0007457747124135494,0.02730887607378871,0.13179947435855865
11,380,1,0.01,67,0.9991743564605713,0.0008395456825383008,0.028974914711493126,0.1402970850467682
11,380,1,0.01,68,0.9995660781860352,0.0004412613052409142,0.021006220632015512,0.148712158203125
11,380,1,0.01,69,0.999261200428009,0.0007512876763939857,0.02740962743989757,0.1415553092956543
11,380,1,0.01,70,0.9995293617248535,0.0004785914206877351,0.021876732404263098,0.11498506367206573
11,380,1,0.01,71,0.9985767006874084,0.0014473184710368514,0.038043639035150824,0.16712039709091187
11,380,1,0.01,72,0.9995617866516113,0.0004455832240637392,0.02110884231936321,0.18079271912574768
11,380,1,0.01,73,0.9994645118713379,0.0005445141578093171,0.023334827143334853,0.1188349649310112
11,380,1,0.01,74,0.9992676973342896,0.0007446722593158484,0.027288683722668787,0.15631385147571564
11,380,1,0.01,75,0.9994966387748718,0.0005118647241033614,0.022624427597253402,0.12454885989427567
11,380,1,0.01,76,0.9987920522689819,0.0012283086543902755,0.03504723461830156,0.12929882109165192
11,380,1,0.01,77,0.9993640780448914,0.00064664933597669,0.02542930073707671,0.10875557363033295
11,380,1,0.01,78,0.9994310140609741,0.0005785783287137747,0.024053655204849318,0.13696728646755219
11,380,1,0.01,79,0.9996722340583801,0.00033332116436213255,0.018257085319462484,0.14216819405555725
11,380,1,0.01,80,0.9964617490768433,0.003597914706915617,0.05998262004043852,0.41079631447792053
11,380,1,0.01,81,0.9992598295211792,0.000752646941691637,0.027434411633779156,0.1697973608970642
11,380,1,0.01,82,0.9989120364189148,0.0011063324054703116,0.03326157551094523,0.11797076463699341
11,380,1,0.01,83,0.9996098279953003,0.0003967749362345785,0.019919210231195878,0.10887429863214493
11,380,1,0.01,84,0.9994364380836487,0.0005730970879085362,0.023939446274058557,0.14522001147270203
11,380,1,0.01,85,0.9996173977851868,0.00038905645487830043,0.019724514059370396,0.11544753611087799
11,380,1,0.01,86,0.999613344669342,0.0003931642568204552,0.019828369999080993,0.10692940652370453
11,380,1,0.01,87,0.9996122717857361,0.00039426572038792074,0.019856125512997765,0.10050210356712341
11,380,1,0.01,88,0.999477207660675,0.0005316320457495749,0.023057147389683202,0.14625948667526245
11,380,1,0.01,89,0.9995237588882446,0.00048428919399157166,0.022006571609216454,0.11932916194200516
11,380,1,0.01,90,0.9995062947273254,0.0005020307144150138,0.022406041917639397,0.2041260302066803
11,380,1,0.01,91,0.9995515942573547,0.00045595827396027744,0.021353179481292183,0.09525810182094574
11,380,1,0.01,92,0.9996034502983093,0.0004032612778246403,0.020081366433204694,0.1501520276069641
11,380,1,0.01,93,0.9994857907295227,0.0005229111411608756,0.022867250406659642,0.12439300119876862
11,380,1,0.01,94,0.9996024370193481,0.000404269783757627,0.02010646124402867,0.16253186762332916
11,380,1,0.01,95,0.9989407062530518,0.0010771554661914706,0.03282004671220732,0.1654006540775299
11,380,1,0.01,96,0.9994396567344666,0.0005698109744116664,0.023870713739049917,0.10717352479696274
11,380,1,0.01,97,0.9995469450950623,0.0004606853472068906,0.02146358188203662,0.2092565894126892
11,380,1,0.01,98,0.9991676211357117,0.0008464274578727782,0.029093426368731103,0.13160847127437592
11,380,1,0.01,99,0.9994753003120422,0.0005335245514288545,0.023098150389779144,0.14395783841609955
11,380,1,0.01,100,0.9996392130851746,0.000366890337318182,0.0191543816741283,0.10758549720048904
12,380,1,0.01,1,0.9942794442176819,0.005817033816128969,0.0762694815514631,0.49162808060646057
12,380,1,0.01,2,0.9970281720161438,0.0030219892505556345,0.05497262273673719,0.27968618273735046
12,380,1,0.01,3,0.9981433153152466,0.0018879915587604046,0.043451024829805854,0.19440782070159912
12,380,1,0.01,4,0.9986909627914429,0.0013310963986441493,0.03648419381929864,0.25423216819763184
12,380,1,0.01,5,0.9980843663215637,0.0019479552283883095,0.04413564577966782,0.1777724325656891
12,380,1,0.01,6,0.9986461997032166,0.0013766681076958776,0.037103478377314945,0.16739599406719208
12,380,1,0.01,7,0.998407244682312,0.0016196182696148753,0.0402444812317773,0.28846126794815063
12,380,1,0.01,8,0.9977073669433594,0.0023312948178499937,0.048283483903401106,0.1384861171245575
12,380,1,0.01,9,0.9986485838890076,0.0013742030132561922,0.037070244310716274,0.22854386270046234
12,380,1,0.01,10,0.998939037322998,0.0010788528015837073,0.03284589474475779,0.15599045157432556
12,380,1,0.01,11,0.9993489980697632,0.0006619913619942963,0.025729192797176836,0.1359962671995163
12,380,1,0.01,12,0.9989555478096008,0.0010620736284181476,0.032589471128236305,0.23297221958637238
12,380,1,0.01,13,0.9990748167037964,0.0009408165351487696,0.0306727327629732,0.20894113183021545
12,380,1,0.01,14,0.9990748167037964,0.0009408123441971838,0.0306726644456784,0.2041674554347992
12,380,1,0.01,15,0.9991415143013,0.0008729699184186757,0.02954606434736572,0.11044996976852417
12,380,1,0.01,16,0.9994027614593506,0.0006073241820558906,0.024643948183192776,0.19414956867694855
12,380,1,0.01,17,0.9980379343032837,0.0019951779395341873,0.044667414739765134,0.3029218316078186
12,380,1,0.01,18,0.9988914728164673,0.001127211144194007,0.0335739652736165,0.1469799131155014
12,380,1,0.01,19,0.9983548521995544,0.001672881655395031,0.04090087597344378,0.1603732854127884
12,380,1,0.01,20,0.998601496219635,0.0014220779994502664,0.03771044947292814,0.2793837785720825
12,380,1,0.01,21,0.9994086027145386,0.0006013542297296226,0.02452252494604955,0.14646141231060028
12,380,1,0.01,22,0.998947262763977,0.0010705151362344623,0.03271872760720475,0.2027183622121811
12,380,1,0.01,23,0.9994968175888062,0.0005116788670420647,0.02262031978204695,0.14418013393878937
12,380,1,0.01,24,0.9993317723274231,0.0006795263616368175,0.02606772643781612,0.13816295564174652
12,380,1,0.01,25,0.9991605877876282,0.0008535783272236586,0.02921606282892441,0.23632411658763885
12,380,1,0.01,26,0.9987149238586426,0.0013067286927253008,0.03614870250403603,0.1704331785440445
12,380,1,0.01,27,0.9989299178123474,0.0010881053749471903,0.032986442289934664,0.14092473685741425
12,380,1,0.01,28,0.9993285536766052,0.0006827711476944387,0.026129889928861904,0.14652398228645325
12,380,1,0.01,29,0.9994519948959351,0.0005572212394326925,0.02360553408488553,0.1303386092185974
12,380,1,0.01,30,0.9987515211105347,0.0012695248005911708,0.03563039153014138,0.16288769245147705
12,380,1,0.01,31,0.9993721842765808,0.0006384261068888009,0.025267095339369758,0.17124713957309723
12,380,1,0.01,32,0.9987318515777588,0.0012895724503323436,0.03591061751533025,0.16233405470848083
12,380,1,0.01,33,0.999187171459198,0.0008265241049230099,0.028749332251776036,0.14798669517040253
12,380,1,0.01,34,0.9995138049125671,0.0004943716921843588,0.02223447080963158,0.15080663561820984
12,380,1,0.01,35,0.9995232820510864,0.00048477956443093717,0.0220177102449582,0.09119391441345215
12,380,1,0.01,36,0.9992268681526184,0.000786152551881969,0.0280384120784678,0.13775882124900818
12,380,1,0.01,37,0.9990964531898499,0.0009187842952087522,0.03031145485140481,0.15125979483127594
12,380,1,0.01,38,0.999234676361084,0.0007782620377838612,0.027897348221360776,0.11714378744363785
12,380,1,0.01,39,0.9974284768104553,0.0026148909237235785,0.05113600418221567,0.2390395998954773
12,380,1,0.01,40,0.9984356760978699,0.001590713276527822,0.039883747022162075,0.15348786115646362
12,380,1,0.01,41,0.9988248348236084,0.001194974989630282,0.034568410284973795,0.12815143167972565
12,380,1,0.01,42,0.9994927048683167,0.0005158319254405797,0.022711933546939143,0.10177455097436905
12,380,1,0.01,43,0.9994767308235168,0.0005321202916093171,0.02306773269329513,0.16238148510456085
12,380,1,0.01,44,0.9995855689048767,0.0004213962238281965,0.020527937641862528,0.12117121368646622
12,380,1,0.01,45,0.9994073510169983,0.0006026563933119178,0.02454906094562311,0.1010250449180603
12,380,1,0.01,46,0.9988473653793335,0.001172092859633267,0.03423584173980927,0.17359040677547455
12,380,1,0.01,47,0.9990265369415283,0.0009898748248815536,0.03146227621901431,0.16485844552516937
12,380,1,0.01,48,0.9993513226509094,0.000659613055177033,0.02568293314979878,0.10354743152856827
12,380,1,0.01,49,0.999506950378418,0.0005013716872781515,0.022391330627681588,0.10621917992830276
12,380,1,0.01,50,0.9994713664054871,0.0005375638138502836,0.023185422442782527,0.15843869745731354
12,380,1,0.01,51,0.9994585514068604,0.0005505785811692476,0.02346441094869521,0.14571860432624817
12,380,1,0.01,52,0.997292697429657,0.002752960892394185,0.05246866581488598,0.2059318870306015
12,380,1,0.01,53,0.9979385137557983,0.002096242504194379,0.04578474095366685,0.12869788706302643
12,380,1,0.01,54,0.9992847442626953,0.000727326434571296,0.026968990240112737,0.15078717470169067
12,380,1,0.01,55,0.9991654753684998,0.0008485830621793866,0.029130449055573906,0.1855372041463852
12,380,1,0.01,56,0.9991323351860046,0.0008823162061162293,0.029703807939660352,0.14524900913238525
12,380,1,0.01,57,0.9989535212516785,0.0010641611879691482,0.03262148353415504,0.11901619285345078
12,380,1,0.01,58,0.9992219805717468,0.0007911197608336806,0.02812685124278366,0.1530626267194748
12,380,1,0.01,59,0.9997177124023438,0.00028705407748930156,0.016942670317553296,0.07579029351472855
12,380,1,0.01,60,0.9995030164718628,0.0005053965141996741,0.022481025648303374,0.12144235521554947
12,380,1,0.01,61,0.999588668346405,0.00041825175867415965,0.020451204333098813,0.12127184122800827
12,380,1,0.01,62,0.9989752173423767,0.0010420692851766944,0.03228109795494407,0.11487319320440292
12,380,1,0.01,63,0.9993768334388733,0.0006336820661090314,0.025173042448401652,0.08253110200166702
12,380,1,0.01,64,0.9995970129966736,0.00040978440665639937,0.020243132333124716,0.13431188464164734
12,380,1,0.01,65,0.9996545314788818,0.00035127278533764184,0.018742272683365854,0.12722860276699066
12,380,1,0.01,66,0.9996158480644226,0.0003906524507328868,0.019764929818567197,0.1031055599451065
12,380,1,0.01,67,0.9993630051612854,0.0006477125571109354,0.02545019758490954,0.13196562230587006
12,380,1,0.01,68,0.9992015361785889,0.0008119172416627407,0.028494161536404973,0.16012045741081238
12,380,1,0.01,69,0.9987399578094482,0.0012812692439183593,0.03579482146789336,0.18865938484668732
12,380,1,0.01,70,0.9996445178985596,0.00036148191429674625,0.019012677725579484,0.12764869630336761
12,380,1,0.01,71,0.999646782875061,0.0003591514832805842,0.01895129239077336,0.12647895514965057
12,380,1,0.01,72,0.9994414448738098,0.0005679940222762525,0.02383262516543766,0.17825369536876678
12,380,1,0.01,73,0.9992375373840332,0.000775334716308862,0.027844832847565486,0.22374890744686127
12,380,1,0.01,74,0.9991798400878906,0.0008339833584614098,0.028878770030273275,0.11258350312709808
12,380,1,0.01,75,0.9996823668479919,0.0003230079892091453,0.017972423019981067,0.10622464120388031
12,380,1,0.01,76,0.9995253682136536,0.0004826497461181134,0.021969290978957726,0.15427468717098236
12,380,1,0.01,77,0.9982320666313171,0.0017977871466428041,0.04240032012429628,0.13603276014328003
12,380,1,0.01,78,0.9995582103729248,0.00044922681991010904,0.021194971571344676,0.14309243857860565
12,380,1,0.01,79,0.9996440410614014,0.0003619651251938194,0.01902538107880679,0.11035836488008499
12,380,1,0.01,80,0.9994483590126038,0.00056097173364833,0.023684841853986064,0.11839514970779419
12,380,1,0.01,81,0.9995826482772827,0.0004244075680617243,0.02060115453225193,0.11641832441091537
12,380,1,0.01,82,0.9996705055236816,0.000335025048116222,0.018303689467323848,0.1495146006345749
12,380,1,0.01,83,0.9997012615203857,0.00030378237715922296,0.01742935389391193,0.11115202307701111
12,380,1,0.01,84,0.9994914531707764,0.0005171416560187936,0.022740748800749583,0.09215211123228073
12,380,1,0.01,85,0.9995669722557068,0.000440341915236786,0.020984325465375007,0.0998164638876915
12,380,1,0.01,86,0.9996877312660217,0.0003175151359755546,0.017818954401859682,0.10177795588970184
12,380,1,0.01,87,0.999067485332489,0.00094824522966519,0.030793590723804685,0.14599983394145966
12,380,1,0.01,88,0.9991840720176697,0.0008296731975860894,0.02880404828467848,0.1409599483013153
12,380,1,0.01,89,0.9984269738197327,0.0015995458234101534,0.03999432238968618,0.1871364861726761
12,380,1,0.01,90,0.9996461868286133,0.0003597867616917938,0.01896804580582285,0.12403734773397446
12,380,1,0.01,91,0.9995693564414978,0.00043791579082608223,0.020926437604764033,0.09590553492307663
12,380,1,0.01,92,0.9995918869972229,0.00041499294457025826,0.020371375618015056,0.13865795731544495
12,380,1,0.01,93,0.9994863271713257,0.0005223279586061835,0.022854495369755673,0.1210092306137085
12,380,1,0.01,94,0.999518096446991,0.000490057747811079,0.022137247972841587,0.10989312082529068
12,380,1,0.01,95,0.9991388916969299,0.0008756465977057815,0.02959132639314739,0.16251501441001892
12,380,1,0.01,96,0.9996010065078735,0.00040571403224021196,0.020142344258804932,0.09498633444309235
12,380,1,0.01,97,0.9994835257530212,0.0005251945112831891,0.022917122665884325,0.12201863527297974
12,380,1,0.01,98,0.9997101426124573,0.00029474380426108837,0.017168104271033782,0.09105340391397476
12,380,1,0.01,99,0.9994059801101685,0.0006040398147888482,0.024577221461931944,0.13716857135295868
12,380,1,0.01,100,0.9992431402206421,0.0007696239044889808,0.02774209625260825,0.21880236268043518
13,380,1,0.01,1,0.9914366602897644,0.008707809261977673,0.0933156431793602,0.6020282506942749
13,380,1,0.01,2,0.9954482316970825,0.004628532100468874,0.06803331610666111,0.3156907558441162
13,380,1,0.01,3,0.9962353110313416,0.003828208427876234,0.06187251754920139,0.31495288014411926
13,380,1,0.01,4,0.9975036978721619,0.002538403496146202,0.0503825713530602,0.28377455472946167
13,380,1,0.01,5,0.9981457591056824,0.0018855464877560735,0.04342287977271975,0.2501424551010132
13,380,1,0.01,6,0.9982726573944092,0.0017565080197528005,0.04191071485614151,0.2941591441631317
13,380,1,0.01,7,0.9985554218292236,0.0014689688105136156,0.038327128910389516,0.22118966281414032
13,380,1,0.01,8,0.9987072944641113,0.0013145171105861664,0.03625626994860567,0.27113768458366394
13,380,1,0.01,9,0.9985549449920654,0.0014694296987727284,0.03833314099800235,0.21478207409381866
13,380,1,0.01,10,0.9990033507347107,0.001013476517982781,0.0318351459551041,0.1631823182106018
13,380,1,0.01,11,0.9989681243896484,0.0010492868022993207,0.03239269674323706,0.16245882213115692
13,380,1,0.01,12,0.9988324046134949,0.0011872751638293266,0.034456859459755275,0.18265672028064728
13,380,1,0.01,13,0.9990691542625427,0.0009465405019000173,0.03076589836003521,0.17499271035194397
13,380,1,0.01,14,0.9990121722221375,0.0010044797090813518,0.031693527873705565,0.16495412588119507
13,380,1,0.01,15,0.9990502595901489,0.0009657928603701293,0.031077208053010962,0.17305275797843933
13,380,1,0.01,16,0.9989030957221985,0.0011154061648994684,0.033397696999935014,0.2527320683002472
13,380,1,0.01,17,0.9992499351501465,0.000762694631703198,0.0276169265433936,0.14609485864639282
13,380,1,0.01,18,0.9988932609558105,0.0011253837728872895,0.03354674012310718,0.19277602434158325
13,380,1,0.01,19,0.9993392825126648,0.0006718492368236184,0.02592005472262006,0.1411268711090088
13,380,1,0.01,20,0.9994226694107056,0.0005870803724974394,0.02422974148639311,0.1538773775100708
13,380,1,0.01,21,0.9987468719482422,0.0012742953840643167,0.03569727418255232,0.19645114243030548
13,380,1,0.01,22,0.9992141127586365,0.0007991690072230995,0.028269577415007453,0.16110336780548096
13,380,1,0.01,23,0.9989283084869385,0.0010897844331339002,0.033011883210957535,0.20849837362766266
13,380,1,0.01,24,0.9986374974250793,0.001385509967803955,0.037222439036204424,0.3309139907360077
13,380,1,0.01,25,0.9989315867424011,0.001086412463337183,0.032960771582855625,0.168669193983078
13,380,1,0.01,26,0.9980707168579102,0.00196184148080647,0.04429267976546994,0.2326333224773407
13,380,1,0.01,27,0.9991125464439392,0.0009024493047036231,0.030040794009207263,0.10332481563091278
13,380,1,0.01,28,0.9989057779312134,0.0011126822791993618,0.0333568925291215,0.2267712503671646
13,380,1,0.01,29,0.9985588788986206,0.0014654346741735935,0.03828099625367127,0.2821207046508789
13,380,1,0.01,30,0.9980016350746155,0.002032054588198662,0.04507831616418987,0.31525570154190063
13,380,1,0.01,31,0.9992825984954834,0.0007294826791621745,0.027008937023921813,0.10389695316553116
13,380,1,0.01,32,0.9989784955978394,0.0010387173388153315,0.03222913804021652,0.14304210245609283
13,380,1,0.01,33,0.9993250370025635,0.0006863267044536769,0.02619783778203226,0.13784761726856232
13,380,1,0.01,34,0.9987200498580933,0.0013015215517953038,0.03607660671120974,0.1887696385383606
13,380,1,0.01,35,0.9991138577461243,0.0009010809590108693,0.030018010577166323,0.1841338723897934
13,380,1,0.01,36,0.9985238909721375,0.0015009826747700572,0.038742517661737697,0.2333063930273056
13,380,1,0.01,37,0.9992198348045349,0.0007933134911581874,0.028165821329373432,0.12726867198944092
13,380,1,0.01,38,0.9986034035682678,0.001420148299075663,0.037684855035884944,0.2439335286617279
13,380,1,0.01,39,0.9994479417800903,0.0005613774410448968,0.023693405011625004,0.11426028609275818
13,380,1,0.01,40,0.9991604685783386,0.0008536787936463952,0.02921778214797275,0.13636943697929382
13,380,1,0.01,41,0.9991738796234131,0.0008400427177548409,0.0289834904342945,0.11543969810009003
13,380,1,0.01,42,0.9991393089294434,0.0008752396097406745,0.0295844487820996,0.17403404414653778
13,380,1,0.01,43,0.9990586042404175,0.0009572496055625379,0.030939450634465668,0.17203696072101593
13,380,1,0.01,44,0.9992289543151855,0.0007840798934921622,0.028001426633158574,0.1499844789505005
13,380,1,0.01,45,0.9993970394134521,0.0006131420377641916,0.024761705065770242,0.18968787789344788
13,380,1,0.01,46,0.9990196228027344,0.0009969333186745644,0.03157425088065534,0.14667849242687225
13,380,1,0.01,47,0.9984359741210938,0.0015903976745903492,0.039879790302737916,0.1208174005150795
13,380,1,0.01,48,0.998620331287384,0.0014029223239049315,0.037455604706170896,0.2166488766670227
13,380,1,0.01,49,0.9991014003753662,0.0009137419401668012,0.030228164684062465,0.14610342681407928
13,380,1,0.01,50,0.9989901185035706,0.0010269299382343888,0.03204574758426442,0.22709985077381134
13,380,1,0.01,51,0.9992472529411316,0.000765469390898943,0.02766711750253255,0.16359642148017883
13,380,1,0.01,52,0.9993987083435059,0.0006114531424827874,0.024727578581065866,0.12921501696109772
13,380,1,0.01,53,0.9992998242378235,0.0007119710789993405,0.026682786192587547,0.16758614778518677
13,380,1,0.01,54,0.9976376295089722,0.00240219640545547,0.049012206698489616,0.2989542484283447
13,380,1,0.01,55,0.9988909363746643,0.0011277844896540046,0.03358250273064836,0.2545251250267029
13,380,1,0.01,56,0.9992708563804626,0.0007414736901409924,0.027230014508644543,0.14065270125865936
13,380,1,0.01,57,0.9992501735687256,0.0007624963182024658,0.027613335876030366,0.23650692403316498
13,380,1,0.01,58,0.9985620975494385,0.0014621451264247298,0.038238006308184136,0.20349816977977753
13,380,1,0.01,59,0.9993730187416077,0.0006375823868438601,0.025250393795817526,0.16450996696949005
13,380,1,0.01,60,0.9992656707763672,0.0007467311806976795,0.0273263825029527,0.11021142452955246
13,380,1,0.01,61,0.9993025064468384,0.0007092721061781049,0.0266321630022442,0.12474364042282104
13,380,1,0.01,62,0.9989048838615417,0.0011135670356452465,0.033370151867278736,0.13728097081184387
13,380,1,0.01,63,0.9990978240966797,0.0009174115257337689,0.030288801985779646,0.12057176977396011
13,380,1,0.01,64,0.999398410320282,0.0006117435987107456,0.024733451006900463,0.1001821905374527
13,380,1,0.01,65,0.9977990388870239,0.0022380712907761335,0.047308258166795084,0.2898505926132202
13,380,1,0.01,66,0.9995055198669434,0.0005028121522627771,0.022423473242626286,0.12512247264385223
13,380,1,0.01,67,0.9992663264274597,0.0007460567285306752,0.02731403903729134,0.1467967927455902
13,380,1,0.01,68,0.9987779259681702,0.0012426669709384441,0.035251481826136674,0.26970434188842773
13,380,1,0.01,69,0.9991974234580994,0.000816140731330961,0.02856817689897206,0.09777664393186569
13,380,1,0.01,70,0.9992111325263977,0.0008021583780646324,0.028322400640917296,0.22011345624923706
13,380,1,0.01,71,0.9995314478874207,0.0004764684126712382,0.021828156419433094,0.08628753572702408
13,380,1,0.01,72,0.9996743202209473,0.00033115161932073534,0.018197571797378225,0.12597519159317017
13,380,1,0.01,73,0.9995190501213074,0.000489087076857686,0.022115313175663735,0.11200379580259323
13,380,1,0.01,74,0.9994469881057739,0.0005623595206998289,0.023714120702649485,0.08692114800214767
13,380,1,0.01,75,0.9990963935852051,0.0009188744006678462,0.03031294114182664,0.17344628274440765
13,380,1,0.01,76,0.9993847608566284,0.0006255888729356229,0.02501177468584792,0.21078024804592133
13,380,1,0.01,77,0.9975091218948364,0.00253288890235126,0.05032781440069954,0.15302029252052307
13,380,1,0.01,78,0.9995793104171753,0.000427809456596151,0.02068355522138665,0.15912792086601257
13,380,1,0.01,79,0.9996534585952759,0.00035241578007116914,0.01877274034527642,0.09636552631855011
13,380,1,0.01,80,0.9995711445808411,0.0004360768652986735,0.020882453526793097,0.1266537457704544
13,380,1,0.01,81,0.9991461634635925,0.0008682362386025488,0.029465848682882847,0.12838077545166016
13,380,1,0.01,82,0.9995231032371521,0.0004849142278544605,0.022020768103189783,0.18573477864265442
13,380,1,0.01,83,0.9993169903755188,0.0006945331697352231,0.026353997224998395,0.14743167161941528
13,380,1,0.01,84,0.9993987083435059,0.0006114641437307,0.024727801029017928,0.10092025250196457
13,380,1,0.01,85,0.9994214177131653,0.0005883541889488697,0.024256013459529366,0.15951140224933624
13,380,1,0.01,86,0.9996294379234314,0.0003768157912418246,0.0194117436424919,0.10412412136793137
13,380,1,0.01,87,0.9993786215782166,0.0006318516097962856,0.02513665868400742,0.09007871150970459
13,380,1,0.01,88,0.9992438554763794,0.0007689057383686304,0.02772914961495629,0.1676051765680313
13,380,1,0.01,89,0.9995155334472656,0.0004926586989313364,0.02219591626699237,0.10337818413972855
13,380,1,0.01,90,0.9995917677879333,0.00041512495954521,0.0203746155680349,0.09187111258506775
13,380,1,0.01,91,0.999476432800293,0.0005324052181094885,0.02307390773383409,0.11759104579687119
13,380,1,0.01,92,0.9994564056396484,0.0005527709727175534,0.023511081912952314,0.10371054708957672
13,380,1,0.01,93,0.9994736313819885,0.0005352282314561307,0.023135000139531677,0.11975890398025513
13,380,1,0.01,94,0.9995434284210205,0.0004642954154405743,0.021547515296213952,0.1329716295003891
13,380,1,0.01,95,0.9996616840362549,0.00034400090225972235,0.01854726131426746,0.1352907419204712
13,380,1,0.01,96,0.9996166825294495,0.0003897565766237676,0.0197422535852361,0.08087919652462006
13,380,1,0.01,97,0.9996434450149536,0.000362589955329895,0.01904179496081961,0.1178373172879219
13,380,1,0.01,98,0.9996763467788696,0.0003290837339591235,0.018140665201671177,0.08900504559278488
13,380,1,0.01,99,0.9986878633499146,0.0013342438032850623,0.036527302162698276,0.16189025342464447
13,380,1,0.01,100,0.9991486668586731,0.0008656748104840517,0.02942235222554532,0.18276073038578033
14,380,1,0.01,1,0.9933592677116394,0.006752759218215942,0.0821751739773999,0.5816870927810669
14,380,1,0.01,2,0.9958099722862244,0.004260735120624304,0.06527430674181307,0.3709827661514282
14,380,1,0.01,3,0.9966637492179871,0.0033925219904631376,0.05824536024837633,0.25106391310691833
14,380,1,0.01,4,0.9963827729225159,0.0036782491952180862,0.060648571254548825,0.23550176620483398
14,380,1,0.01,5,0.9976577162742615,0.0023817834444344044,0.0488035187710313,0.30542677640914917
14,380,1,0.01,6,0.99785977602005,0.0021763513796031475,0.046651381325777994,0.23510891199111938
14,380,1,0.01,7,0.9988290071487427,0.001190744573250413,0.03450716698383704,0.15653124451637268
14,380,1,0.01,8,0.9974365234375,0.002606737893074751,0.05105622286337632,0.3125695586204529
14,380,1,0.01,9,0.9990362524986267,0.0009799972176551819,0.03130490724559301,0.15265046060085297
14,380,1,0.01,10,0.9978528022766113,0.0021834177896380424,0.046727056291168634,0.1940537393093109
14,380,1,0.01,11,0.9991201162338257,0.0008947503520175815,0.029912377906438355,0.14042280614376068
14,380,1,0.01,12,0.9990155696868896,0.0010010646656155586,0.03163960596492249,0.1597384661436081
14,380,1,0.01,13,0.9986263513565063,0.0013968001585453749,0.037373789726830954,0.167280375957489
14,380,1,0.01,14,0.999248743057251,0.0007639288087375462,0.027639262087428205,0.12334011495113373
14,380,1,0.01,15,0.9993004202842712,0.0007113628089427948,0.02667138558348244,0.135494202375412
14,380,1,0.01,16,0.999193549156189,0.0008200595038942993,0.028636681090767124,0.11540979146957397
14,380,1,0.01,17,0.9990410804748535,0.0009751036996021867,0.031226650470426488,0.2107907384634018
14,380,1,0.01,18,0.9990735650062561,0.0009420582791790366,0.030692967910891846,0.19417059421539307
14,380,1,0.01,19,0.9983223676681519,0.0017059545498341322,0.04130320265831854,0.1522359549999237
14,380,1,0.01,20,0.9992257356643677,0.0007873082649894059,0.028059013970369768,0.17322756350040436
14,380,1,0.01,21,0.9975991249084473,0.0024413650389760733,0.04941017141213005,0.3234139084815979
14,380,1,0.01,22,0.9991128444671631,0.0009021367295645177,0.030035591047364422,0.11653438955545425
14,380,1,0.01,23,0.9993783831596375,0.0006321321125142276,0.025142237619476666,0.24263343214988708
14,380,1,0.01,24,0.9990676045417786,0.0009481519809924066,0.030792076594351455,0.1751548945903778
14,380,1,0.01,25,0.9989989995956421,0.0010178697993978858,0.03190407183100436,0.23254930973052979
14,380,1,0.01,26,0.9989516139030457,0.0010661020642146468,0.03265121841853144,0.20862124860286713
14,380,1,0.01,27,0.9991303086280823,0.0008843402029015124,0.029737858075213022,0.1379711776971817
14,380,1,0.01,28,0.9993448257446289,0.0006662455853074789,0.025811733481257683,0.12876245379447937
14,380,1,0.01,29,0.9994260668754578,0.0005836054915562272,0.02415792813045496,0.1023513451218605
14,380,1,0.01,30,0.9993263483047485,0.0006850397912785411,0.026173264818867,0.12581776082515717
14,380,1,0.01,31,0.9991583824157715,0.0008558430708944798,0.029254795690527045,0.19155900180339813
14,380,1,0.01,32,0.9990857839584351,0.0009296380449086428,0.030489966298909592,0.18535208702087402
14,380,1,0.01,33,0.9987089037895203,0.0013128883438184857,0.036233801122963705,0.2370515614748001
14,380,1,0.01,34,0.9989436864852905,0.0010741038713604212,0.03277352393869816,0.18548324704170227
14,380,1,0.01,35,0.9984089732170105,0.0016178418882191181,0.0402224053012636,0.22163325548171997
14,380,1,0.01,36,0.9992192387580872,0.0007939133211039007,0.028176467505773337,0.15697148442268372
14,380,1,0.01,37,0.9991216063499451,0.0008932314813137054,0.029886978457410267,0.1485198736190796
14,380,1,0.01,38,0.9992727041244507,0.0007395923021249473,0.027195446349066368,0.16572730243206024
14,380,1,0.01,39,0.9992762207984924,0.0007360072340816259,0.0271294532580667,0.13632415235042572
14,380,1,0.01,40,0.9991005063056946,0.0009146785596385598,0.03024365321250989,0.2549339532852173
14,380,1,0.01,41,0.9987072944641113,0.0013145407428964972,0.036256595853671886,0.2492801994085312
14,380,1,0.01,42,0.99946528673172,0.0005437510553747416,0.023318470262320843,0.11712782829999924
14,380,1,0.01,43,0.9980800747871399,0.0019523287191987038,0.04418516401688132,0.24547919631004333
14,380,1,0.01,44,0.9995543956756592,0.00045312559814192355,0.02128674700704463,0.12136869132518768
14,380,1,0.01,45,0.9995614290237427,0.00044594399514608085,0.021117386086968264,0.1572110801935196
14,380,1,0.01,46,0.9994671940803528,0.0005417679203674197,0.023275908583069743,0.12462294846773148
14,380,1,0.01,47,0.9987542033195496,0.0012667971896007657,0.035592094481791396,0.23926910758018494
14,380,1,0.01,48,0.9993832111358643,0.0006271806778386235,0.025043575580148764,0.11559318006038666
14,380,1,0.01,49,0.9992281198501587,0.0007848747191019356,0.028015615629536604,0.20124468207359314
14,380,1,0.01,50,0.9995317459106445,0.0004761822638101876,0.021821600853516396,0.10870897769927979
14,380,1,0.01,51,0.9994130730628967,0.0005968320183455944,0.02443014568817784,0.11892779916524887
14,380,1,0.01,52,0.9995129108428955,0.0004953337484039366,0.022256094635041804,0.12416897714138031
14,380,1,0.01,53,0.9987762570381165,0.0012444030726328492,0.03527609775234286,0.18319189548492432
14,380,1,0.01,54,0.9971297383308411,0.0029186869505792856,0.05402487344343609,0.2059158980846405
14,380,1,0.01,55,0.9993445873260498,0.0006664418033324182,0.025815534147726214,0.13545730710029602
14,380,1,0.01,56,0.9994574785232544,0.000551696284674108,0.023488215868262708,0.1044960469007492
14,380,1,0.01,57,0.9989148378372192,0.001103443675674498,0.033218122699431675,0.18502075970172882
14,380,1,0.01,58,0.9994012713432312,0.0006088350201025605,0.024674582470683482,0.18283513188362122
14,380,1,0.01,59,0.9993796348571777,0.0006308120209723711,0.02511597143198668,0.1569967418909073
14,380,1,0.01,60,0.9990953803062439,0.0009198960615321994,0.03032978835290809,0.13925223052501678
14,380,1,0.01,61,0.9993029236793518,0.0007088184938766062,0.026623645390453317,0.13101591169834137
14,380,1,0.01,62,0.9992310404777527,0.0007819540915079415,0.0279634420540094,0.126892551779747
14,380,1,0.01,63,0.9996037483215332,0.00040296409861184657,0.020073965692205577,0.14808419346809387
14,380,1,0.01,64,0.9993569254875183,0.0006539523601531982,0.02557249225541379,0.1218942254781723
14,380,1,0.01,65,0.9984138011932373,0.0016129736322909594,0.040161842989222485,0.1983625739812851
14,380,1,0.01,66,0.999590277671814,0.000416615919675678,0.020411171443003414,0.15119698643684387
14,380,1,0.01,67,0.9994495511054993,0.0005597230046987534,0.02365846581456104,0.1583057940006256
14,380,1,0.01,68,0.9993813037872314,0.0006291118334047496,0.02508210185380702,0.12866716086864471
14,380,1,0.01,69,0.9992824792861938,0.0007296476978808641,0.02701199174220339,0.12360301613807678
14,380,1,0.01,70,0.9993801116943359,0.0006303502595983446,0.025106777164708827,0.1610318273305893
14,380,1,0.01,71,0.9996757507324219,0.00032969375024549663,0.018157470920959685,0.11322781443595886
14,380,1,0.01,72,0.9988123774528503,0.001207665540277958,0.034751482562301685,0.16234713792800903
14,380,1,0.01,73,0.9991733431816101,0.0008406126871705055,0.028993321423571077,0.13264088332653046
14,380,1,0.01,74,0.9993864297866821,0.0006239187787286937,0.02497836621416008,0.14568260312080383
14,380,1,0.01,75,0.9992625713348389,0.0007498788763768971,0.027383916381279304,0.16175223886966705
14,380,1,0.01,76,0.9994050860404968,0.0006049237563274801,0.024595197830622955,0.11828256398439407
14,380,1,0.01,77,0.9995074272155762,0.0005008948501199484,0.022380680287246595,0.153763547539711
14,380,1,0.01,78,0.9991794228553772,0.0008344337693415582,0.028886567282070022,0.12541772425174713
14,380,1,0.01,79,0.9996870756149292,0.00031821359880268574,0.017838542507802754,0.10756432265043259
14,380,1,0.01,80,0.9986167550086975,0.0014065622817724943,0.03750416352583396,0.1502096801996231
14,380,1,0.01,81,0.9986026883125305,0.0014208737993612885,0.03769447969346823,0.13352464139461517
14,380,1,0.01,82,0.9990249872207642,0.0009914633119478822,0.03148751041203293,0.163377046585083
14,380,1,0.01,83,0.9995807409286499,0.0004263609880581498,0.02064851055301931,0.12582586705684662
14,380,1,0.01,84,0.9995116591453552,0.0004965525586158037,0.02228345930540866,0.10998666286468506
14,380,1,0.01,85,0.9997149705886841,0.0002898403035942465,0.01702469687231601,0.11158537119626999
14,380,1,0.01,86,0.999169647693634,0.0008443639380857348,0.02905794105035205,0.11893226206302643
14,380,1,0.01,87,0.9995184540748596,0.00048968440387398,0.022128813883124872,0.13281820714473724
14,380,1,0.01,88,0.9992080330848694,0.0008053337223827839,0.028378402393066174,0.12116933614015579
14,380,1,0.01,89,0.9993429780006409,0.000668087974190712,0.02584739782242522,0.1264486014842987
14,380,1,0.01,90,0.9994722604751587,0.0005366552504710853,0.023165820738128087,0.10067864507436752
14,380,1,0.01,91,0.9996570348739624,0.00034872686956077814,0.018674230092851973,0.12526534497737885
14,380,1,0.01,92,0.9995990991592407,0.00040768730104900897,0.020191267940597713,0.11530373990535736
14,380,1,0.01,93,0.9995416402816772,0.0004660887352656573,0.021589088337992814,0.11655018478631973
14,380,1,0.01,94,0.9996328949928284,0.0003732810146175325,0.01932048173875415,0.11235740780830383
14,380,1,0.01,95,0.9993752241134644,0.0006353138014674187,0.025205431983352688,0.11729496717453003
14,380,1,0.01,96,0.9995914101600647,0.0004154644557274878,0.020382945217202735,0.09301280230283737
14,380,1,0.01,97,0.9994223713874817,0.000587349000852555,0.024235284212332956,0.14035744965076447
14,380,1,0.01,98,0.9995154738426208,0.0004927130648866296,0.022197140916943102,0.10972275584936142
14,380,1,0.01,99,0.9995085000991821,0.0004998213844373822,0.022356685452843455,0.10113736987113953
14,380,1,0.01,100,0.9996672868728638,0.00033834969508461654,0.018394284304767514,0.09887482225894928
15,380,1,0.01,1,0.994187593460083,0.0059104906395077705,0.07687971539689628,0.5470622777938843
15,380,1,0.01,2,0.9974091649055481,0.002634531818330288,0.051327690561044026,0.2701784074306488
15,380,1,0.01,3,0.9980446100234985,0.001988359959796071,0.04459103003739733,0.2484179437160492
15,380,1,0.01,4,0.9969483613967896,0.003103125374764204,0.05570570325167975,0.3295840322971344
15,380,1,0.01,5,0.9982626438140869,0.0017666822532191873,0.042031919456755565,0.21154849231243134
15,380,1,0.01,6,0.9979724287986755,0.002061749342828989,0.045406490095899164,0.27707305550575256
15,380,1,0.01,7,0.997427225112915,0.0026161731220781803,0.0511485397844179,0.37281933426856995
15,380,1,0.01,8,0.9989623427391052,0.001055168453603983,0.03248335656307677,0.2244981825351715
15,380,1,0.01,9,0.9984230399131775,0.001603587414138019,0.04004481756904405,0.1697554737329483
15,380,1,0.01,10,0.9990996718406677,0.0009154924773611128,0.03025710622913422,0.20136380195617676
15,380,1,0.01,11,0.9991178512573242,0.0008970127091743052,0.029950170436481745,0.1541527807712555
15,380,1,0.01,12,0.9990054368972778,0.0010113539174199104,0.03180179110396002,0.13645565509796143
15,380,1,0.01,13,0.999204158782959,0.0008092712378129363,0.028447693013897213,0.13034091889858246
15,380,1,0.01,14,0.9990983009338379,0.000916887482162565,0.030280149969287882,0.10859847068786621
15,380,1,0.01,15,0.9980197548866272,0.0020136579405516386,0.044873800157236944,0.16865886747837067
15,380,1,0.01,16,0.9990077614784241,0.0010089912684634328,0.031764622907622136,0.10413084179162979
15,380,1,0.01,17,0.9992753267288208,0.0007368733058683574,0.02714541040154592,0.16091880202293396
15,380,1,0.01,18,0.9984310269355774,0.001595465699210763,0.03994328102711097,0.17760860919952393
15,380,1,0.01,19,0.9993857741355896,0.0006245747208595276,0.024991492969799294,0.1844056099653244
15,380,1,0.01,20,0.9987945556640625,0.0012257626513019204,0.0350108933233918,0.20350809395313263
15,380,1,0.01,21,0.9981515407562256,0.0018796151271089911,0.043354528334523385,0.2806539833545685
15,380,1,0.01,22,0.9992545247077942,0.0007580664823763072,0.0275330071437231,0.16591902077198029
15,380,1,0.01,23,0.9989840984344482,0.001033045700751245,0.03214102830886475,0.14627784490585327
15,380,1,0.01,24,0.9995139837265015,0.000494243111461401,0.022231579149070833,0.1029023677110672
15,380,1,0.01,25,0.9994474649429321,0.000561876455321908,0.02370393333018611,0.13081882894039154
15,380,1,0.01,26,0.9995196461677551,0.0004884356749244034,0.022100580873008823,0.1624429076910019
15,380,1,0.01,27,0.9992320537567139,0.0007809079834260046,0.02794473087052378,0.18520000576972961
15,380,1,0.01,28,0.9993602633476257,0.0006505344645120203,0.02550557712564098,0.13679982721805573
15,380,1,0.01,29,0.9991642236709595,0.0008498957613483071,0.029152971741287493,0.18023596704006195
15,380,1,0.01,30,0.9994350075721741,0.0005745391245000064,0.023969545771666313,0.1320572793483734
15,380,1,0.01,31,0.9995704889297485,0.00043674689368344843,0.02089849022497674,0.12441582977771759
15,380,1,0.01,32,0.9988812804222107,0.001137574203312397,0.033727943953232566,0.1664394587278366
15,380,1,0.01,33,0.9989684820175171,0.0010489124106243253,0.03238691727571992,0.11894071102142334
15,380,1,0.01,34,0.9986459612846375,0.001376873697154224,0.0371062487615526,0.2436801642179489
15,380,1,0.01,35,0.9992889165878296,0.0007230532937683165,0.026889650309520882,0.14006683230400085
15,380,1,0.01,36,0.9992876052856445,0.0007244297303259373,0.026915232310458278,0.17914709448814392
15,380,1,0.01,37,0.9991520643234253,0.0008622140157967806,0.029363480989092226,0.14884893596172333
15,380,1,0.01,38,0.9995435476303101,0.0004641515843104571,0.021544177503688953,0.09665686637163162
15,380,1,0.01,39,0.9994478225708008,0.0005615065456368029,0.023696129338708526,0.10658397525548935
15,380,1,0.01,40,0.9985595345497131,0.001464789966121316,0.03827257459488865,0.11559703201055527
15,380,1,0.01,41,0.9988921284675598,0.0011265655048191547,0.03356434871733928,0.15577475726604462
15,380,1,0.01,42,0.9993370771408081,0.0006741153192706406,0.025963730842670524,0.11170895397663116
15,380,1,0.01,43,0.9993723034858704,0.0006382651044987142,0.025263909129402642,0.1272745281457901
15,380,1,0.01,44,0.9979853630065918,0.0020486495923250914,0.04526201047595092,0.3066698908805847
15,380,1,0.01,45,0.9979003071784973,0.002135115209966898,0.046207306889353525,0.20298157632350922
15,380,1,0.01,46,0.9994414448738098,0.0005679790046997368,0.023832310099940728,0.1196831688284874
15,380,1,0.01,47,0.9990806579589844,0.0009348639869131148,0.03057554557016301,0.1508832722902298
15,380,1,0.01,48,0.9993075728416443,0.0007040791097097099,0.026534489060649157,0.17801818251609802
15,380,1,0.01,49,0.9995592832565308,0.0004481737269088626,0.021170114003208923,0.08907041698694229
15,380,1,0.01,50,0.9991852045059204,0.0008285694057121873,0.02878488154764906,0.11338923126459122
15,380,1,0.01,51,0.9990677237510681,0.0009479959844611585,0.03078954342729295,0.11320437490940094
15,380,1,0.01,52,0.9988296627998352,0.0011901039397343993,0.034497883119611834,0.23784860968589783
15,380,1,0.01,53,0.9992754459381104,0.0007367774378508329,0.027143644520418272,0.14006873965263367
15,380,1,0.01,54,0.9995075464248657,0.0005007705767638981,0.02237790376161043,0.09445927292108536
15,380,1,0.01,55,0.998523473739624,0.0015014553209766746,0.03874861702018118,0.20946696400642395
15,380,1,0.01,56,0.9995757341384888,0.0004314212128520012,0.020770681569269728,0.12755186855793
15,380,1,0.01,57,0.9988587498664856,0.0011604794999584556,0.03406581130632963,0.2241523116827011
15,380,1,0.01,58,0.9995622038841248,0.00044516538036987185,0.021098942636299856,0.1337021291255951
15,380,1,0.01,59,0.9994890093803406,0.0005196206620894372,0.022795189450615174,0.10292971134185791
15,380,1,0.01,60,0.999436616897583,0.0005728937685489655,0.02393519936305034,0.16985666751861572
15,380,1,0.01,61,0.9992577433586121,0.0007547796703875065,0.027473253727716827,0.13447704911231995
15,380,1,0.01,62,0.9973851442337036,0.0026589573826640844,0.05156507910072557,0.3566087484359741
15,380,1,0.01,63,0.9980785846710205,0.0019538491033017635,0.04420236535867468,0.14972972869873047
15,380,1,0.01,64,0.9994264245033264,0.0005832695751450956,0.02415097462101883,0.12954860925674438
15,380,1,0.01,65,0.9987920522689819,0.001228326465934515,0.03504748872507865,0.19187597930431366
15,380,1,0.01,66,0.9992831349372864,0.0007289553759619594,0.026999173616278693,0.19400383532047272
15,380,1,0.01,67,0.9995681047439575,0.00043917560833506286,0.02095651708502782,0.14591249823570251
15,380,1,0.01,68,0.9995116591453552,0.0004966094857081771,0.02228473660845416,0.1171935573220253
15,380,1,0.01,69,0.9993677735328674,0.0006428960477933288,0.025355394845936213,0.12339683622121811
15,380,1,0.01,70,0.9992893934249878,0.0007225893787108362,0.026881022650019033,0.1240350529551506
15,380,1,0.01,71,0.9993922114372253,0.0006180364871397614,0.02486033964248601,0.08671732991933823
15,380,1,0.01,72,0.999433159828186,0.0005764264496974647,0.024008882724888818,0.16010960936546326
15,380,1,0.01,73,0.9990699291229248,0.0009457655833102763,0.030753301990359933,0.15957161784172058
15,380,1,0.01,74,0.9993788599967957,0.0006316048093140125,0.025131749030141388,0.17411106824874878
15,380,1,0.01,75,0.9995233416557312,0.000484721822431311,0.02201639894331748,0.109076589345932
15,380,1,0.01,76,0.9995201230049133,0.00048798549687489867,0.022090393769122783,0.09891202300786972
15,380,1,0.01,77,0.9983707070350647,0.0016568005084991455,0.04070381442198195,0.18577690422534943
15,380,1,0.01,78,0.9993128776550293,0.0006987042725086212,0.02643301482064846,0.17962060868740082
15,380,1,0.01,79,0.9995617866516113,0.00044563249684870243,0.021110009399540837,0.09078096598386765
15,380,1,0.01,80,0.9994880557060242,0.0005206094356253743,0.022816867349076963,0.12529267370700836
15,380,1,0.01,81,0.9992512464523315,0.0007614109781570733,0.027593676416111594,0.16016337275505066
15,380,1,0.01,82,0.9996129870414734,0.0003935644926968962,0.01983845993762863,0.10656134784221649
15,380,1,0.01,83,0.9990875124931335,0.0009279092773795128,0.030461603329101257,0.11895328760147095
15,380,1,0.01,84,0.998404860496521,0.001622035400941968,0.040274500629330814,0.11347231268882751
15,380,1,0.01,85,0.9992903470993042,0.0007216293597593904,0.026863159899002766,0.1451987326145172
15,380,1,0.01,86,0.9994394779205322,0.000569995550904423,0.023874579596391284,0.12150531262159348
15,380,1,0.01,87,0.9994029402732849,0.0006071547395549715,0.024640510131792553,0.1507098376750946
15,380,1,0.01,88,0.9994853734970093,0.0005233052070252597,0.022875865164519126,0.10417556762695312
15,380,1,0.01,89,0.9990038275718689,0.0010130041046068072,0.03182772540736782,0.12562647461891174
15,380,1,0.01,90,0.9996121525764465,0.0003943717456422746,0.019858795170963284,0.10930997133255005
15,380,1,0.01,91,0.9989757537841797,0.001041536103002727,0.032272838471425584,0.22868916392326355
15,380,1,0.01,92,0.9995430707931519,0.0004646121815312654,0.021554864451702436,0.15101845562458038
15,380,1,0.01,93,0.9995723366737366,0.0004348950460553169,0.020854137384589105,0.0951845645904541
15,380,1,0.01,94,0.9995960593223572,0.0004107604327145964,0.020267225580098438,0.14153854548931122
15,380,1,0.01,95,0.9996905326843262,0.00031466042855754495,0.017738670428122424,0.10553068667650223
15,380,1,0.01,96,0.9996992349624634,0.00030582351610064507,0.01748781050047847,0.07133907079696655
15,380,1,0.01,97,0.9996066093444824,0.00040003142203204334,0.02000078553537444,0.0729132667183876
15,380,1,0.01,98,0.9989099502563477,0.0011084689758718014,0.033293677716224164,0.20037852227687836
15,380,1,0.01,99,0.9995797276496887,0.0004273478116374463,0.020672392499114522,0.10979055613279343
15,380,1,0.01,100,0.9996467232704163,0.0003592636785469949,0.018954252255021693,0.10807126760482788
16,380,1,0.01,1,0.9935932159423828,0.006514862645417452,0.08071469906663502,0.32681703567504883
16,380,1,0.01,2,0.9969004988670349,0.003151815617457032,0.05614103327742581,0.33467915654182434
16,380,1,0.01,3,0.997284471988678,0.0027613251004368067,0.05254831206077705,0.24865850806236267
16,380,1,0.01,4,0.9981990456581116,0.0018313275650143623,0.042794013191267334,0.1835426390171051
16,380,1,0.01,5,0.9965248107910156,0.0035337964072823524,0.059445743390779064,0.2993083894252777
16,380,1,0.01,6,0.9979767799377441,0.0020573544315993786,0.04535806909028843,0.3448423147201538
16,380,1,0.01,7,0.999079167842865,0.000936378026381135,0.030600294547293738,0.23405160009860992
16,380,1,0.01,8,0.9988648891448975,0.0011542555876076221,0.033974337191586566,0.20930318534374237
16,380,1,0.01,9,0.9989326596260071,0.001085322117432952,0.03294422737647602,0.24935050308704376
16,380,1,0.01,10,0.998603880405426,0.0014196683187037706,0.03767848615196437,0.17105071246623993
16,380,1,0.01,11,0.9985477924346924,0.001476704957894981,0.03842791898990864,0.28263595700263977
16,380,1,0.01,12,0.9992471933364868,0.0007655301014892757,0.027668214642243828,0.16792792081832886
16,380,1,0.01,13,0.9994351863861084,0.0005743651418015361,0.023965916252076325,0.18301056325435638
16,380,1,0.01,14,0.9987891316413879,0.001231278758496046,0.03508958190825371,0.14664041996002197
16,380,1,0.01,15,0.9990315437316895,0.0009848236804828048,0.03138190052375421,0.18130308389663696
16,380,1,0.01,16,0.9988405108451843,0.0011790209682658315,0.03433687475973653,0.189377561211586
16,380,1,0.01,17,0.9985320568084717,0.0014927109004929662,0.03863561699381759,0.16448794305324554
16,380,1,0.01,18,0.9991124272346497,0.0009025646140798926,0.03004271316109603,0.16437892615795135
16,380,1,0.01,19,0.9984824061393738,0.0015431814827024937,0.03928334866966529,0.19629782438278198
16,380,1,0.01,20,0.9990140795707703,0.0010025252122431993,0.03166267853867072,0.12210501730442047
16,380,1,0.01,21,0.9993854761123657,0.0006249152938835323,0.024998305820265746,0.1103583499789238
16,380,1,0.01,22,0.9986415505409241,0.0013813883997499943,0.03716703377658748,0.1378915011882782
16,380,1,0.01,23,0.9995468258857727,0.0004607932351063937,0.021466095012982536,0.14415261149406433
16,380,1,0.01,24,0.9994676113128662,0.0005413616891019046,0.023267180514662807,0.12323088943958282
16,380,1,0.01,25,0.998720109462738,0.0013014754513278604,0.03607596778089065,0.17117047309875488
16,380,1,0.01,26,0.9988723993301392,0.0011466449359431863,0.03386214606228002,0.10757901519536972
16,380,1,0.01,27,0.9970884323120117,0.0029606877360492945,0.05441220208785245,0.19169975817203522
16,380,1,0.01,28,0.9985954761505127,0.0014282403280958533,0.037792066999515296,0.15943002700805664
16,380,1,0.01,29,0.9983317255973816,0.0016963928937911987,0.04118729044002772,0.2040368765592575
16,380,1,0.01,30,0.9993687868118286,0.0006418843986466527,0.025335437605193495,0.1406574845314026
16,380,1,0.01,31,0.9993807077407837,0.0006297624204307795,0.02509506765144855,0.14702165126800537
16,380,1,0.01,32,0.9993689656257629,0.0006416824762709439,0.025331452312706903,0.15340518951416016
16,380,1,0.01,33,0.9993703365325928,0.0006402667495422065,0.025303492832852277,0.1398680955171585
16,380,1,0.01,34,0.9980112910270691,0.002022271975874901,0.04496967840528661,0.21173997223377228
16,380,1,0.01,35,0.9982777237892151,0.001751354313455522,0.04184918533801491,0.12944772839546204
16,380,1,0.01,36,0.9994983673095703,0.0005100826965644956,0.022585010439769463,0.1982468068599701
16,380,1,0.01,37,0.9991502165794373,0.0008641221793368459,0.02939595515265401,0.20578448474407196
16,380,1,0.01,38,0.9994247555732727,0.000584968423936516,0.02418612048131151,0.17900553345680237
16,380,1,0.01,39,0.9996598958969116,0.0003458241990301758,0.018596349077982372,0.11725582182407379
16,380,1,0.01,40,0.9996091723442078,0.00039740331703796983,0.01993497722692378,0.1216745600104332
16,380,1,0.01,41,0.9993802905082703,0.0006301561952568591,0.02510291208718341,0.1894126683473587
16,380,1,0.01,42,0.9994399547576904,0.0005694908322766423,0.02386400704568791,0.1731332242488861
16,380,1,0.01,43,0.9995260238647461,0.0004819432506337762,0.02195320593065569,0.11187388747930527
16,380,1,0.01,44,0.9994465708732605,0.0005627481732517481,0.023722313825842285,0.1742762327194214
16,380,1,0.01,45,0.9996083974838257,0.0003982029447797686,0.01995502304633519,0.11248482763767242
16,380,1,0.01,46,0.9988893270492554,0.0011293828720226884,0.03360629214927895,0.2221740186214447
16,380,1,0.01,47,0.9993973970413208,0.0006127904052846134,0.02475460371899767,0.12645094096660614
16,380,1,0.01,48,0.9993970394134521,0.0006131361587904394,0.024761586354481398,0.11230200529098511
16,380,1,0.01,49,0.9985353946685791,0.0014892907347530127,0.038591329787311196,0.1750676929950714
16,380,1,0.01,50,0.9995802640914917,0.0004268309276085347,0.020659886921484703,0.12968207895755768
16,380,1,0.01,51,0.9992008209228516,0.0008126841858029366,0.028507616277109817,0.15820012986660004
16,380,1,0.01,52,0.998853325843811,0.0011660023592412472,0.03414677670353744,0.2028660774230957
16,380,1,0.01,53,0.9991927742958069,0.0008208148647099733,0.028649866748555276,0.19110125303268433
16,380,1,0.01,54,0.9990900754928589,0.0009252675226889551,0.030418210379457813,0.2526295483112335
16,380,1,0.01,55,0.9994319677352905,0.000577641068957746,0.02403416461951083,0.10061901807785034
16,380,1,0.01,56,0.9995577931404114,0.0004496716719586402,0.02120546325734574,0.17402537167072296
16,380,1,0.01,57,0.9994358420372009,0.0005736895254813135,0.02395181674698839,0.14309561252593994
16,380,1,0.01,58,0.9994335174560547,0.0005760650965385139,0.02400135613957082,0.11010795831680298
16,380,1,0.01,59,0.9996017217636108,0.00040501882904209197,0.0201250796033728,0.11130805313587189
16,380,1,0.01,60,0.9995840191841125,0.0004229931510053575,0.02056679729577159,0.12798084318637848
16,380,1,0.01,61,0.9994913935661316,0.0005171647062525153,0.022741255599735808,0.12189093232154846
16,380,1,0.01,62,0.9991128444671631,0.0009021363221108913,0.030035584264516836,0.20000742375850677
16,380,1,0.01,63,0.9984696507453918,0.0015561851905658841,0.03944851316039534,0.21926230192184448
16,380,1,0.01,64,0.9994370341300964,0.0005724751972593367,0.02392645392153498,0.11475691199302673
16,380,1,0.01,65,0.999244749546051,0.0007679618429392576,0.027712124475385454,0.21245907247066498
16,380,1,0.01,66,0.9995631575584412,0.00044423711369745433,0.021076933213763676,0.12176844477653503
16,380,1,0.01,67,0.9972808957099915,0.0027649577241390944,0.05258286530932956,0.30355104804039
16,380,1,0.01,68,0.999274730682373,0.0007374779088422656,0.02715654449377287,0.17580288648605347
16,380,1,0.01,69,0.9996533393859863,0.00035248923813924193,0.018774696752257864,0.11989779025316238
16,380,1,0.01,70,0.9992420077323914,0.0007707771146669984,0.027762872954127035,0.18619179725646973
16,380,1,0.01,71,0.9991708993911743,0.0008430771995335817,0.02903579169806778,0.1655617356300354
16,380,1,0.01,72,0.9996972680091858,0.0003078367735724896,0.01754527781405839,0.0843895748257637
16,380,1,0.01,73,0.9990977048873901,0.0009174994775094092,0.03029025383699201,0.1387549489736557
16,380,1,0.01,74,0.9995952844619751,0.0004115358751732856,0.02028634701402117,0.1542440950870514
16,380,1,0.01,75,0.9996548891067505,0.00035095581552013755,0.018733814761551837,0.1160789504647255
16,380,1,0.01,76,0.9996633529663086,0.0003423027228564024,0.01850142488719186,0.11433687806129456
16,380,1,0.01,77,0.9996455907821655,0.0003603615623433143,0.018983191574214128,0.11431826651096344
16,380,1,0.01,78,0.9994274377822876,0.0005822149687446654,0.024129131122870243,0.1289866715669632
16,380,1,0.01,79,0.9995654821395874,0.0004418287717271596,0.021019723397969814,0.1251416653394699
16,380,1,0.01,80,0.9996352195739746,0.0003709585580509156,0.019260284474818007,0.08374020457267761
16,380,1,0.01,81,0.9995818138122559,0.0004252128128428012,0.02062068895170094,0.08494584262371063
16,380,1,0.01,82,0.999493420124054,0.0005151230143383145,0.022696321603694166,0.12304338067770004
16,380,1,0.01,83,0.9995655417442322,0.000441787822637707,0.02101874931192879,0.09335542470216751
16,380,1,0.01,84,0.9994038939476013,0.0006061492604203522,0.024620098708582634,0.147492453455925
16,380,1,0.01,85,0.9995540380477905,0.0004535067128017545,0.02129569704897575,0.10663140565156937
16,380,1,0.01,86,0.9989707469940186,0.001046596560627222,0.032351144657140375,0.1546945422887802
16,380,1,0.01,87,0.9991863965988159,0.0008273466373793781,0.028763633939044943,0.1662643849849701
16,380,1,0.01,88,0.9994060397148132,0.0006039848667569458,0.024576103571496963,0.10877509415149689
16,380,1,0.01,89,0.9997643828392029,0.0002396223571849987,0.015479740216973886,0.09372978657484055
16,380,1,0.01,90,0.9993351101875305,0.0006761180702596903,0.026002270482780736,0.18224340677261353
16,380,1,0.01,91,0.9991899132728577,0.00082373310578987,0.028700750962124145,0.1408296525478363
16,380,1,0.01,92,0.9994837641716003,0.000524920120369643,0.0229111352920287,0.15463386476039886
16,380,1,0.01,93,0.9993302226066589,0.0006810929044149816,0.026097756693152414,0.13891218602657318
16,380,1,0.01,94,0.9996311068534851,0.00037513228016905487,0.019368331889170396,0.11352302879095078
16,380,1,0.01,95,0.9996218681335449,0.000384518934879452,0.019609154364210915,0.11824481189250946
16,380,1,0.01,96,0.9996276497840881,0.0003786552988458425,0.01945906726556652,0.13914884626865387
16,380,1,0.01,97,0.9995391964912415,0.0004685879684984684,0.021646892813946033,0.13059203326702118
16,380,1,0.01,98,0.9993090033531189,0.0007026750827208161,0.02650801921533965,0.11583263427019119
16,380,1,0.01,99,0.9982355237007141,0.0017942197155207396,0.042358230788369096,0.2608737051486969
16,380,1,0.01,100,0.9994130730628967,0.000596812809817493,0.024429752553341448,0.19423535466194153
17,380,1,0.01,1,0.993952214717865,0.006149813998490572,0.07842074979551376,0.597788393497467
17,380,1,0.01,2,0.9949397444725037,0.005145627539604902,0.07173302962795383,0.6237410306930542
17,380,1,0.01,3,0.9978353381156921,0.002201156923547387,0.046916488823732186,0.34338799118995667
17,380,1,0.01,4,0.9980025887489319,0.002031099982559681,0.04506772661849809,0.18560020625591278
17,380,1,0.01,5,0.998538613319397,0.001486021326854825,0.03854894715624313,0.31642457842826843
17,380,1,0.01,6,0.9981702566146851,0.001860591466538608,0.04313457391163854,0.2956821322441101
17,380,1,0.01,7,0.9981131553649902,0.0019186788704246283,0.04380272674645527,0.29492607712745667
17,380,1,0.01,8,0.9984848499298096,0.0015407390892505646,0.039252249480132534,0.2331782877445221
17,380,1,0.01,9,0.9984460473060608,0.001580176642164588,0.03975143572456959,0.27050304412841797
17,380,1,0.01,10,0.9991360306739807,0.000878524559084326,0.02963991496418851,0.19995512068271637
17,380,1,0.01,11,0.9986576437950134,0.0013649840839207172,0.03694569100613382,0.24906426668167114
17,380,1,0.01,12,0.999135434627533,0.0008791706059128046,0.029650811218460863,0.1631675511598587
17,380,1,0.01,13,0.998718798160553,0.0013028334360569715,0.03609478405610666,0.21875153481960297
17,380,1,0.01,14,0.9990234971046448,0.0009930053493008018,0.031511987390528094,0.20676404237747192
17,380,1,0.01,15,0.9979978203773499,0.0020359703339636326,0.0451217279585305,0.20935747027397156
17,380,1,0.01,16,0.9994101524353027,0.0005998279666528106,0.02449138556008644,0.14788660407066345
17,380,1,0.01,17,0.9989718198776245,0.0010455127339810133,0.032334389339850125,0.18260698020458221
17,380,1,0.01,18,0.9985889792442322,0.0014348230324685574,0.03787905796701599,0.22754578292369843
17,380,1,0.01,19,0.9983748197555542,0.0016526278341189027,0.040652525556463315,0.12962375581264496
17,380,1,0.01,20,0.9993807077407837,0.0006297150393947959,0.025094123602843674,0.11377029120922089
17,380,1,0.01,21,0.9994969964027405,0.0005114810192026198,0.022615946126629764,0.13558810949325562
17,380,1,0.01,22,0.9993466734886169,0.0006643400411121547,0.02577479468612999,0.11721688508987427
17,380,1,0.01,23,0.9991897344589233,0.0008239075541496277,0.028703789891748228,0.15826380252838135
17,380,1,0.01,24,0.9993728995323181,0.0006376714445650578,0.025252157225968987,0.1431756317615509
17,380,1,0.01,25,0.9982879757881165,0.0017409258289262652,0.041724403278252706,0.18206444382667542
17,380,1,0.01,26,0.9992995858192444,0.0007122083334252238,0.026687231655329553,0.11685629934072495
17,380,1,0.01,27,0.999284029006958,0.0007280470454134047,0.0269823469218933,0.10326521843671799
17,380,1,0.01,28,0.9988494515419006,0.0011699518654495478,0.03420455913251255,0.15552252531051636
17,380,1,0.01,29,0.9991747140884399,0.0008391881710849702,0.028968744727463948,0.1425224244594574
17,380,1,0.01,30,0.998882532119751,0.001136317732743919,0.03370931225557589,0.16355261206626892
17,380,1,0.01,31,0.9991587400436401,0.0008554495871067047,0.029248069801385265,0.13837046921253204
17,380,1,0.01,32,0.9991090297698975,0.0009060152806341648,0.03010008771804768,0.24277259409427643
17,380,1,0.01,33,0.9994926452636719,0.0005159373977221549,0.022714255385597716,0.12354829907417297
17,380,1,0.01,34,0.999534547328949,0.0004733325622510165,0.021756207441808798,0.1356213539838791
17,380,1,0.01,35,0.9994872808456421,0.0005213779513724148,0.02283370209520162,0.09768762439489365
17,380,1,0.01,36,0.9988582134246826,0.0011610263027250767,0.03407383604358448,0.16466978192329407
17,380,1,0.01,37,0.9987674355506897,0.001253380673006177,0.03540311671316774,0.2368902713060379
17,380,1,0.01,38,0.998991072177887,0.001025926205329597,0.032030082818025885,0.10560151189565659
17,380,1,0.01,39,0.9995875954627991,0.0004193868662696332,0.020478937137205954,0.08831007033586502
17,380,1,0.01,40,0.9996257424354553,0.00038058729842305183,0.019508646760425283,0.09832053631544113
17,380,1,0.01,41,0.9990440011024475,0.0009721305104903877,0.031179007528951072,0.1354464888572693
17,380,1,0.01,42,0.99936842918396,0.000642211816739291,0.02534189844386744,0.11558564752340317
17,380,1,0.01,43,0.9990013837814331,0.0010154355550184846,0.03186589956393016,0.12138629704713821
17,380,1,0.01,44,0.9993659853935242,0.0006447055493481457,0.025391052545102294,0.19664403796195984
17,380,1,0.01,45,0.999335765838623,0.0006754463538527489,0.025989350777823383,0.1918078362941742
17,380,1,0.01,46,0.9994109869003296,0.0005989745259284973,0.024473956074335373,0.11641804128885269
17,380,1,0.01,47,0.9991382360458374,0.0008762851357460022,0.02960211370402462,0.209341362118721
17,380,1,0.01,48,0.9989964962005615,0.0010204411810263991,0.03194434505552429,0.19695745408535004
17,380,1,0.01,49,0.9993361234664917,0.0006750708562321961,0.025982125706573666,0.1766679733991623
17,380,1,0.01,50,0.9994965195655823,0.0005119776469655335,0.02262692305563294,0.13689421117305756
17,380,1,0.01,51,0.9994263648986816,0.0005833328468725085,0.024152284506284462,0.10239314287900925
17,380,1,0.01,52,0.9993258714675903,0.000685506674926728,0.026182182394268207,0.13843639194965363
17,380,1,0.01,53,0.9995085000991821,0.0004997782525606453,0.022355720801634765,0.17259135842323303
17,380,1,0.01,54,0.9995945692062378,0.0004123007820453495,0.02030519101228426,0.10259301215410233
17,380,1,0.01,55,0.9978386759757996,0.0021978095173835754,0.04688080115978795,0.12247910350561142
17,380,1,0.01,56,0.998955249786377,0.001062357914634049,0.032593832463121745,0.1382465809583664
17,380,1,0.01,57,0.9993826150894165,0.0006277967477217317,0.025055872519665557,0.11592461168766022
17,380,1,0.01,58,0.9994106292724609,0.0005992936785332859,0.024480475455621483,0.10846537351608276
17,380,1,0.01,59,0.9995424747467041,0.00046524469507858157,0.021569531637904926,0.11071556806564331
17,380,1,0.01,60,0.9997262358665466,0.0002784003736451268,0.016685334088507992,0.1256430447101593
17,380,1,0.01,61,0.9997045993804932,0.0003003779274877161,0.01733141446875344,0.10414017736911774
17,380,1,0.01,62,0.9987639784812927,0.0012568773236125708,0.03545246569157878,0.2479076385498047
17,380,1,0.01,63,0.9993786215782166,0.0006318818195722997,0.02513725958755846,0.14152586460113525
17,380,1,0.01,64,0.9994369745254517,0.0005724988295696676,0.023926947769610473,0.20799852907657623
17,380,1,0.01,65,0.9990883469581604,0.0009270431473851204,0.030447383260062275,0.13795477151870728
17,380,1,0.01,66,0.9992950558662415,0.0007168110460042953,0.026773327137363696,0.1842237114906311
17,380,1,0.01,67,0.9986511468887329,0.0013715960085391998,0.03703506458127486,0.15653228759765625
17,380,1,0.01,68,0.9996119141578674,0.00039460911648347974,0.0198647707382562,0.15372605621814728
17,380,1,0.01,69,0.9995715618133545,0.00043564618681557477,0.020872139009109125,0.1125536561012268
17,380,1,0.01,70,0.9994078278541565,0.000602190790232271,0.024539575999439577,0.09005820751190186
17,380,1,0.01,71,0.999064564704895,0.000951233203522861,0.03084206872962417,0.1564069390296936
17,380,1,0.01,72,0.999167799949646,0.0008462272235192358,0.029089984935012185,0.10858966410160065
17,380,1,0.01,73,0.9992983341217041,0.0007134918123483658,0.026711267516693508,0.1431538462638855
17,380,1,0.01,74,0.9993307590484619,0.0006805521552450955,0.026087394566056143,0.12044341117143631
17,380,1,0.01,75,0.9994320273399353,0.0005775789613835514,0.024032872516275523,0.14448915421962738
17,380,1,0.01,76,0.9995244145393372,0.0004836117441300303,0.021991174232633196,0.13470356166362762
17,380,1,0.01,77,0.9995004534721375,0.0005079738330096006,0.022538274845462343,0.0976046696305275
17,380,1,0.01,78,0.9991359710693359,0.0008786025573499501,0.029641230698976555,0.19454719126224518
17,380,1,0.01,79,0.9992433190345764,0.0007694629020988941,0.027739194330385554,0.15894386172294617
17,380,1,0.01,80,0.9993453025817871,0.0006657466874457896,0.025802067503318208,0.22750359773635864
17,380,1,0.01,81,0.9993900060653687,0.0006202877266332507,0.024905576215643974,0.09759169816970825
17,380,1,0.01,82,0.9995538592338562,0.0004536376800388098,0.021298771796486524,0.10345903784036636
17,380,1,0.01,83,0.9995779991149902,0.00042914572986774147,0.020715832830657362,0.0963587760925293
17,380,1,0.01,84,0.999625563621521,0.0003807491157203913,0.019512793642131085,0.0757872462272644
17,380,1,0.01,85,0.9994944930076599,0.0005140609573572874,0.02267291241453747,0.10019692778587341
17,380,1,0.01,86,0.9993296265602112,0.0006816830136813223,0.026109059992296204,0.09162638336420059
17,380,1,0.01,87,0.9990769624710083,0.0009386293822899461,0.030637058969325795,0.11960387974977493
17,380,1,0.01,88,0.9993519186973572,0.0006590299308300018,0.02567157826916767,0.17565900087356567
17,380,1,0.01,89,0.9993633031845093,0.0006474141264334321,0.025444333876787423,0.12118294090032578
17,380,1,0.01,90,0.9991409778594971,0.0008735073497518897,0.02955515775210631,0.19033588469028473
17,380,1,0.01,91,0.9993951916694641,0.0006150333792902529,0.024799866517589423,0.11424484848976135
17,380,1,0.01,92,0.9995422959327698,0.0004654395452234894,0.0215740479563639,0.1129416823387146
17,380,1,0.01,93,0.9996828436851501,0.00032251051743514836,0.017958577823289582,0.06045017018914223
17,380,1,0.01,94,0.9996151328086853,0.0003913782711606473,0.01978328261842931,0.07201073318719864
17,380,1,0.01,95,0.9996139407157898,0.0003925971977878362,0.019814065655181325,0.07670047134160995
17,380,1,0.01,96,0.9996461868286133,0.00035981033579446375,0.01896866721186451,0.08806667476892471
17,380,1,0.01,97,0.999015748500824,0.0010008621029555798,0.03163640470969449,0.09736555814743042
17,380,1,0.01,98,0.9972260594367981,0.002820710651576519,0.053110362939604534,0.21536915004253387
17,380,1,0.01,99,0.9996102452278137,0.00039634251152165234,0.019908352807845565,0.10919202119112015
17,380,1,0.01,100,0.9995184540748596,0.0004896847531199455,0.02212882177432738,0.08976301550865173
18,380,1,0.01,1,0.9924763441085815,0.007650571875274181,0.08746754755493137,0.4956170618534088
18,380,1,0.01,2,0.9961547255516052,0.003910120576620102,0.06253095694630062,0.25411564111709595
18,380,1,0.01,3,0.9968136548995972,0.0032400889322161674,0.05692177906756049,0.3300556540489197
18,380,1,0.01,4,0.9975489377975464,0.002492425497621298,0.04992419751604724,0.21010084450244904
18,380,1,0.01,5,0.9985330700874329,0.0014916632790118456,0.038622056897734555,0.2306273877620697
18,380,1,0.01,6,0.99881511926651,0.0012048950884491205,0.03471159875962386,0.20725446939468384
18,380,1,0.01,7,0.9988025426864624,0.0012176309246569872,0.03489456869853799,0.13035984337329865
18,380,1,0.01,8,0.9987309575080872,0.0012904502218589187,0.0359228370519217,0.2211095243692398
18,380,1,0.01,9,0.9989630579948425,0.0010544622782617807,0.032472484941281916,0.1333109736442566
18,380,1,0.01,10,0.9990411996841431,0.0009749922319315374,0.031224865603098076,0.13305944204330444
18,380,1,0.01,11,0.9991931319236755,0.0008204670157283545,0.028643795414161764,0.17036226391792297
18,380,1,0.01,12,0.9990684986114502,0.0009471973171457648,0.030776570912721332,0.14372064173221588
18,380,1,0.01,13,0.9985651969909668,0.0014589860802516341,0.038196676298490086,0.16101256012916565
18,380,1,0.01,14,0.9992170929908752,0.0007960906368680298,0.028215078182915423,0.13359762728214264
18,380,1,0.01,15,0.9991671442985535,0.0008469016756862402,0.02910157514098232,0.16181382536888123
18,380,1,0.01,16,0.9984202980995178,0.0016063549555838108,0.040079358223202764,0.21954555809497833
18,380,1,0.01,17,0.9989815950393677,0.0010356114944443107,0.03218091817279785,0.1899740993976593
18,380,1,0.01,18,0.9991042017936707,0.0009108842932619154,0.03018085971707757,0.16149219870567322
18,380,1,0.01,19,0.9992217421531677,0.0007913653971627355,0.02813121748454438,0.163449227809906
18,380,1,0.01,20,0.9992729425430298,0.0007393154082819819,0.02719035505987338,0.16302232444286346
18,380,1,0.01,21,0.9992623329162598,0.0007501101936213672,0.027388139652436548,0.11139601469039917
18,380,1,0.01,22,0.9990158081054688,0.0010008234530687332,0.03163579385867744,0.13839730620384216
18,380,1,0.01,23,0.9994397759437561,0.0005696540465578437,0.023867426475383636,0.16860496997833252
18,380,1,0.01,24,0.9992998242378235,0.000711993663571775,0.026683209394144754,0.11702030897140503
18,380,1,0.01,25,0.9993076920509338,0.0007039765478111804,0.026532556375351027,0.12219630926847458
18,380,1,0.01,26,0.9990676045417786,0.000948126835282892,0.030791668277033838,0.17513635754585266
18,380,1,0.01,27,0.9992216229438782,0.0007915234309621155,0.028134026213148297,0.208567813038826
18,380,1,0.01,28,0.9988859295845032,0.0011328515829518437,0.033657860641339694,0.1922062337398529
18,380,1,0.01,29,0.9989833235740662,0.0010338491993024945,0.03215352545682191,0.19872882962226868
18,380,1,0.01,30,0.9993228912353516,0.0006885182810947299,0.026239631878033843,0.12878264486789703
18,380,1,0.01,31,0.9986557960510254,0.0013668944593518972,0.03697153579920501,0.15530169010162354
18,380,1,0.01,32,0.9994081854820251,0.0006018200074322522,0.02453202004385803,0.17682553827762604
18,380,1,0.01,33,0.9994937777519226,0.0005147578194737434,0.02268827493384509,0.12618348002433777
18,380,1,0.01,34,0.9992451071739197,0.000767633318901062,0.02770619639901988,0.15320903062820435
18,380,1,0.01,35,0.9989081025123596,0.0011102966964244843,0.033321114873672585,0.2150242030620575
18,380,1,0.01,36,0.9991366267204285,0.0008779590716585517,0.029630374139699142,0.18265731632709503
18,380,1,0.01,37,0.9994829893112183,0.0005257143639028072,0.022928461873898284,0.14455896615982056
18,380,1,0.01,38,0.9980111122131348,0.0020224465988576412,0.04497161992698997,0.22776657342910767
18,380,1,0.01,39,0.9994370937347412,0.0005724274669773877,0.02392545646330259,0.14196418225765228
18,380,1,0.01,40,0.999237596988678,0.0007752435631118715,0.027843195993130378,0.185252845287323
18,380,1,0.01,41,0.9993472695350647,0.0006637184415012598,0.025762733579751583,0.1546308547258377
18,380,1,0.01,42,0.9995187520980835,0.0004893403383903205,0.022121038366006252,0.14088894426822662
18,380,1,0.01,43,0.9992244839668274,0.0007886214880272746,0.028082405310572572,0.12653791904449463
18,380,1,0.01,44,0.9978790283203125,0.002156779170036316,0.046441136614388714,0.18291154503822327
18,380,1,0.01,45,0.9992502331733704,0.0007624372374266386,0.02761226606830085,0.12864947319030762
18,380,1,0.01,46,0.9989833831787109,0.0010337824933230877,0.032152488135805096,0.16924025118350983
18,380,1,0.01,47,0.999075174331665,0.0009404477896168828,0.03066672120747314,0.2073974907398224
18,380,1,0.01,48,0.9994668960571289,0.0005420814850367606,0.02328264342888841,0.15421299636363983
18,380,1,0.01,49,0.999627947807312,0.0003783557331189513,0.01945136841250382,0.1253698170185089
18,380,1,0.01,50,0.9996048808097839,0.00040176729089580476,0.020044133578077272,0.11139267683029175
18,380,1,0.01,51,0.9990419149398804,0.0009742476977407932,0.031212941190166512,0.201670840382576
18,380,1,0.01,52,0.9995801448822021,0.00042691774433478713,0.02066198790859164,0.09947715699672699
18,380,1,0.01,53,0.9995926022529602,0.0004143006808590144,0.020354377437274137,0.10991662740707397
18,380,1,0.01,54,0.9996243715286255,0.00038198582478798926,0.019544457648857625,0.15081289410591125
18,380,1,0.01,55,0.9993112087249756,0.0007003927603363991,0.026464934542454455,0.1307433545589447
18,380,1,0.01,56,0.9993855357170105,0.0006248409627005458,0.024996819051642267,0.10493867099285126
18,380,1,0.01,57,0.9996153116226196,0.0003911770763806999,0.019778196995193974,0.11441933363676071
18,380,1,0.01,58,0.9989487528800964,0.0010690100025385618,0.03269571841294456,0.20144273340702057
18,380,1,0.01,59,0.9994193911552429,0.0005904097342863679,0.02429834838597817,0.1424325704574585
18,380,1,0.01,60,0.9988353252410889,0.0011843381216749549,0.034414213948235906,0.24295030534267426
18,380,1,0.01,61,0.9990456700325012,0.0009704409167170525,0.031151900691884796,0.15216337144374847
18,380,1,0.01,62,0.9992756247520447,0.0007365777855738997,0.027139966572822076,0.18404144048690796
18,380,1,0.01,63,0.9983236789703369,0.0017045813146978617,0.04128657547796695,0.1980610340833664
18,380,1,0.01,64,0.9992279410362244,0.0007850854890421033,0.028019377028087246,0.14955109357833862
18,380,1,0.01,65,0.9994451403617859,0.0005642466712743044,0.023753876973544853,0.11754056811332703
18,380,1,0.01,66,0.9993177652359009,0.000693725363817066,0.026338666705379488,0.1215922087430954
18,380,1,0.01,67,0.9992967844009399,0.0007150792516767979,0.026740965795513032,0.1964510977268219
18,380,1,0.01,68,0.9995877742767334,0.00041918587521649897,0.020474029286305588,0.11888719350099564
18,380,1,0.01,69,0.9994035363197327,0.0006065280176699162,0.024627789540880768,0.1575024276971817
18,380,1,0.01,70,0.9996463060379028,0.00035963195841759443,0.018963964733609753,0.10560822486877441
18,380,1,0.01,71,0.998611569404602,0.001411865814588964,0.037574802921492005,0.14135213196277618
18,380,1,0.01,72,0.999410092830658,0.000599853228777647,0.024491901289561965,0.12324058264493942
18,380,1,0.01,73,0.999277651309967,0.0007345258491113782,0.02710213735319372,0.08255936950445175
18,380,1,0.01,74,0.9992762207984924,0.0007359661976806819,0.027128696940337586,0.11662992089986801
18,380,1,0.01,75,0.9995813965797424,0.0004256906977389008,0.020632273208226495,0.10766614228487015
18,380,1,0.01,76,0.9995281100273132,0.0004798385489266366,0.021905217390535903,0.13576318323612213
18,380,1,0.01,77,0.9993755221366882,0.0006350131588988006,0.02519946743284073,0.11804982274770737
18,380,1,0.01,78,0.9990702271461487,0.0009454730316065252,0.030748545194960446,0.174592524766922
18,380,1,0.01,79,0.9986572861671448,0.0013653406640514731,0.03695051642469254,0.14828555285930634
18,380,1,0.01,80,0.9995840787887573,0.0004229515907354653,0.020565786898036877,0.11525173485279083
18,380,1,0.01,81,0.998945951461792,0.0010718342382460833,0.032738879611955006,0.14376705884933472
18,380,1,0.01,82,0.9996523261070251,0.00035354410647414625,0.01880276858534791,0.09427031129598618
18,380,1,0.01,83,0.9994875192642212,0.0005211406969465315,0.0228285062355497,0.12905660271644592
18,380,1,0.01,84,0.9995589256286621,0.0004485384270083159,0.021178725811727105,0.128535658121109
18,380,1,0.01,85,0.9993619322776794,0.0006488173385150731,0.02547189310819031,0.12331933528184891
18,380,1,0.01,86,0.9992885589599609,0.0007234294316731393,0.026896643501989972,0.11605171114206314
18,380,1,0.01,87,0.9996797442436218,0.0003256523341406137,0.01804583980147817,0.0798625573515892
18,380,1,0.01,88,0.9995903372764587,0.000416566472267732,0.020409960124109307,0.08654575049877167
18,380,1,0.01,89,0.9994262456893921,0.0005834451876580715,0.02415461007050355,0.11529473215341568
18,380,1,0.01,90,0.9991807341575623,0.0008330876589752734,0.028863257941113878,0.1330273598432541
18,380,1,0.01,91,0.9995222687721252,0.0004857863823417574,0.022040562205664298,0.1222073957324028
18,380,1,0.01,92,0.9991533160209656,0.0008609924698248506,0.029342673188120585,0.16119509935379028
18,380,1,0.01,93,0.9990962743759155,0.0009189436095766723,0.030314082693967046,0.13920851051807404
18,380,1,0.01,94,0.9995919466018677,0.00041493918979540467,0.020370056205013393,0.11902511119842529
18,380,1,0.01,95,0.9995781779289246,0.00042893271893262863,0.020710690933250602,0.09827069193124771
18,380,1,0.01,96,0.9996078014373779,0.0003987867967225611,0.01996964688527469,0.10170982033014297
18,380,1,0.01,97,0.9990865588188171,0.0009288722649216652,0.03047740581023367,0.1464356631040573
18,380,1,0.01,98,0.9993276596069336,0.0006836663815192878,0.02614701477261387,0.10101746022701263
18,380,1,0.01,99,0.9984647631645203,0.0015611285343766212,0.039511119123312885,0.12747608125209808
18,380,1,0.01,100,0.9995387196540833,0.0004690761270467192,0.02165816536659371,0.08695250004529953
19,380,1,0.01,1,0.9943984746932983,0.005696053151041269,0.07547220118057554,0.4217582046985626
19,380,1,0.01,2,0.9959447979927063,0.004123632330447435,0.06421551471760882,0.3316430151462555
19,380,1,0.01,3,0.9978603720664978,0.0021757115609943867,0.046644523376216274,0.2715596854686737
19,380,1,0.01,4,0.9983722567558289,0.0016552195884287357,0.04068438998471939,0.21875134110450745
19,380,1,0.01,5,0.99864262342453,0.0013802576577290893,0.03715181903661097,0.1616101861000061
19,380,1,0.01,6,0.9984961152076721,0.0015292614698410034,0.03910577284546367,0.258340448141098
19,380,1,0.01,7,0.9984903335571289,0.0015351495239883661,0.03918098421413589,0.24075530469417572
19,380,1,0.01,8,0.9983658194541931,0.0016617696965113282,0.04076480953606098,0.22934645414352417
19,380,1,0.01,9,0.998622477054596,0.001400757348164916,0.0374266929899626,0.2320219874382019
19,380,1,0.01,10,0.9991524815559387,0.0008618386345915496,0.029357088319374412,0.147347092628479
19,380,1,0.01,11,0.9989959597587585,0.0010210048640146852,0.0319531667290534,0.1497786045074463
19,380,1,0.01,12,0.9983428716659546,0.001685070339590311,0.04104960827572306,0.3437546491622925
19,380,1,0.01,13,0.9992287158966064,0.0007842988707125187,0.02800533646847541,0.13142266869544983
19,380,1,0.01,14,0.9993818402290344,0.0006285848794505,0.025071595071923525,0.13402125239372253
19,380,1,0.01,15,0.9990797638893127,0.000935740361455828,0.0305898735116023,0.12999007105827332
19,380,1,0.01,16,0.998839259147644,0.0011803257511928678,0.03435586923937259,0.2016676813364029
19,380,1,0.01,17,0.9991199970245361,0.0008948591421358287,0.029914196331103877,0.12649327516555786
19,380,1,0.01,18,0.999312162399292,0.0006994390278123319,0.026446909607973707,0.20997832715511322
19,380,1,0.01,19,0.9989742040634155,0.0010431131813675165,0.03229726275348294,0.13855472207069397
19,380,1,0.01,20,0.9989418983459473,0.0010759348515421152,0.03280144587578595,0.20542412996292114
19,380,1,0.01,21,0.9974619150161743,0.002580909291282296,0.05080265043560519,0.3019774258136749
19,380,1,0.01,22,0.9991934895515442,0.0008200992597267032,0.028637375224114085,0.21413373947143555
19,380,1,0.01,23,0.9991973638534546,0.0008161953301168978,0.028569132470498606,0.1848219484090805
19,380,1,0.01,24,0.9987789392471313,0.001241685589775443,0.03523755936178672,0.2202432006597519
19,380,1,0.01,25,0.9992508292198181,0.0007618209929205477,0.027601104922095922,0.1135210245847702
19,380,1,0.01,26,0.9985303282737732,0.0014944520080462098,0.03865814284269499,0.21324773132801056
19,380,1,0.01,27,0.9993640184402466,0.0006467399070970714,0.025431081516464678,0.1451549232006073
19,380,1,0.01,28,0.9991049766540527,0.0009101515752263367,0.030168718488300703,0.156876340508461
19,380,1,0.01,29,0.9987384080886841,0.0012828557519242167,0.03581697575067187,0.18550041317939758
19,380,1,0.01,30,0.9992031455039978,0.0008103096042759717,0.02846593761455912,0.14834097027778625
19,380,1,0.01,31,0.9987232089042664,0.001298308838158846,0.03603205292734298,0.14739833772182465
19,380,1,0.01,32,0.9995095729827881,0.0004987196298316121,0.022332031475699027,0.08850204199552536
19,380,1,0.01,33,0.9987794160842896,0.001241146121174097,0.03522990379172355,0.17122654616832733
19,380,1,0.01,34,0.9994760751724243,0.0005327794933691621,0.023082016665992643,0.1475456804037094
19,380,1,0.01,35,0.9983656406402588,0.0016619513044133782,0.04076703698349168,0.3554016351699829
19,380,1,0.01,36,0.9993452429771423,0.0006658295751549304,0.025803673675562758,0.12872400879859924
19,380,1,0.01,37,0.9995747208595276,0.0004324378096498549,0.020795139087052408,0.11890248954296112
19,380,1,0.01,38,0.9988781213760376,0.0011408315040171146,0.03377619729953499,0.1703425794839859
19,380,1,0.01,39,0.9994096755981445,0.0006002967711538076,0.024500954494749948,0.13149555027484894
19,380,1,0.01,40,0.9988592267036438,0.0011600115103647113,0.03405894170940593,0.12553946673870087
19,380,1,0.01,41,0.9989698529243469,0.00104754907079041,0.03236586273823718,0.12838418781757355
19,380,1,0.01,42,0.9996180534362793,0.0003883622703142464,0.019706909202466184,0.14257799088954926
19,380,1,0.01,43,0.9995397925376892,0.0004679741687141359,0.021632710618739757,0.10714834928512573
19,380,1,0.01,44,0.9993018507957458,0.00070993322879076,0.02664457222007439,0.15244220197200775
19,380,1,0.01,45,0.9989094734191895,0.0011089014587923884,0.03330017205349529,0.1595994234085083
19,380,1,0.01,46,0.9994773268699646,0.0005314816371537745,0.023053885510988695,0.11435297131538391
19,380,1,0.01,47,0.9996403455734253,0.0003657289780676365,0.01912404188626548,0.11423566192388535
19,380,1,0.01,48,0.9995212554931641,0.00048682992928661406,0.022064222834412592,0.08879514038562775
19,380,1,0.01,49,0.9994599223136902,0.0005491991760209203,0.023434998955001476,0.12237946689128876
19,380,1,0.01,50,0.9994080066680908,0.0006019825232215226,0.024535332140028645,0.09484623372554779
19,380,1,0.01,51,0.9992932677268982,0.0007186322472989559,0.026807317047756865,0.18030676245689392
19,380,1,0.01,52,0.9995312690734863,0.0004766618076246232,0.021832585912452587,0.14094839990139008
19,380,1,0.01,53,0.9995213747024536,0.00048670967225916684,0.02206149750717677,0.10841158032417297
19,380,1,0.01,54,0.9996774792671204,0.000327989982906729,0.018110493723439154,0.11239307373762131
19,380,1,0.01,55,0.9990428686141968,0.0009732658509165049,0.03119720902447052,0.12496642768383026
19,380,1,0.01,56,0.999534010887146,0.0004738650459330529,0.021768441513646604,0.1449267715215683
19,380,1,0.01,57,0.999443769454956,0.0005656136781908572,0.023782633962428492,0.13055609166622162
19,380,1,0.01,58,0.9997379183769226,0.0002665160864125937,0.016325320407654904,0.0908161923289299
19,380,1,0.01,59,0.9960242509841919,0.004042813088744879,0.06358311952668631,0.21516500413417816
19,380,1,0.01,60,0.9991559386253357,0.0008582709706388414,0.029296262059157672,0.10312692075967789
19,380,1,0.01,61,0.9993941187858582,0.0006160958437249064,0.024821278043745176,0.1696859896183014
19,380,1,0.01,62,0.9994842410087585,0.0005244804779067636,0.022901538767226177,0.13716639578342438
19,380,1,0.01,63,0.999483048915863,0.0005256819422356784,0.02292775484507104,0.12684054672718048
19,380,1,0.01,64,0.9994973540306091,0.0005111194914206862,0.02260795195104338,0.11369574069976807
19,380,1,0.01,65,0.999655544757843,0.000350294605595991,0.018716158943436846,0.10072731226682663
19,380,1,0.01,66,0.9994115829467773,0.000598319573327899,0.024460571811139226,0.12334077060222626
19,380,1,0.01,67,0.9991458654403687,0.0008685193606652319,0.029470652532056902,0.13762080669403076
19,380,1,0.01,68,0.999607264995575,0.0003993429127149284,0.019983566066018556,0.11213680356740952
19,380,1,0.01,69,0.9996263384819031,0.000379992532543838,0.019493397152467756,0.09439212083816528
19,380,1,0.01,70,0.9996192455291748,0.00038720364682376385,0.01967749086707357,0.10028623789548874
19,380,1,0.01,71,0.9988920092582703,0.0011266887886449695,0.03356618519648859,0.19501884281635284
19,380,1,0.01,72,0.9992892146110535,0.0007227616151794791,0.026884226140610392,0.09828317910432816
19,380,1,0.01,73,0.999359667301178,0.0006511587416753173,0.02551781224312377,0.12207446992397308
19,380,1,0.01,74,0.9994251132011414,0.0005845580599270761,0.02417763553218296,0.2054787576198578
19,380,1,0.01,75,0.9994590878486633,0.000550016644410789,0.0234524336564628,0.1664794385433197
19,380,1,0.01,76,0.999642550945282,0.0003634620807133615,0.01906468150044373,0.09260603040456772
19,380,1,0.01,77,0.9995568990707397,0.00045056839007884264,0.021226596290475838,0.10430987924337387
19,380,1,0.01,78,0.9993306398391724,0.0006806475576013327,0.026089223016435976,0.10469117015600204
19,380,1,0.01,79,0.9993141889572144,0.0006973926792852581,0.026408193411993523,0.09394750744104385
19,380,1,0.01,80,0.9996548295021057,0.0003509783709887415,0.018734416750695537,0.14458929002285004
19,380,1,0.01,81,0.9988855123519897,0.001133277895860374,0.03366419308197323,0.10801523178815842
19,380,1,0.01,82,0.9995447397232056,0.0004629511386156082,0.021516299370839962,0.07758601009845734
19,380,1,0.01,83,0.9987082481384277,0.001313558081164956,0.03624304183101849,0.11942867934703827
19,380,1,0.01,84,0.9992305040359497,0.000782450137194246,0.027972310186937476,0.09924397617578506
19,380,1,0.01,85,0.9995661973953247,0.0004410985275171697,0.021002345762251646,0.0826304480433464
19,380,1,0.01,86,0.9996414184570312,0.0003646250697784126,0.019095158281051575,0.1256926953792572
19,380,1,0.01,87,0.9995483160018921,0.0004593186022248119,0.02143171953495127,0.11851813644170761
19,380,1,0.01,88,0.9988961815834045,0.00112245324999094,0.033503033444614236,0.10533861815929413
19,380,1,0.01,89,0.9993699193000793,0.0006407314795069396,0.02531267428595682,0.12537781894207
19,380,1,0.01,90,0.9995391964912415,0.0004685861640609801,0.021646851135002986,0.08265360444784164
19,380,1,0.01,91,0.9993643164634705,0.0006463793688453734,0.025423991992709827,0.10545238852500916
19,380,1,0.01,92,0.9996346235275269,0.00037153789889998734,0.01927531838647516,0.09062190353870392
19,380,1,0.01,93,0.9995431303977966,0.00046460461453534663,0.02155468892225881,0.10840744525194168
19,380,1,0.01,94,0.9994121789932251,0.0005977493710815907,0.024448913494909966,0.08883805572986603
19,380,1,0.01,95,0.9985056519508362,0.0015195790911093354,0.03898177896286078,0.16016332805156708
19,380,1,0.01,96,0.9995391368865967,0.0004686670727096498,0.021648719886165322,0.11233946681022644
19,380,1,0.01,97,0.9994090795516968,0.0006008931086398661,0.024513121152555547,0.1174769178032875
19,380,1,0.01,98,0.9994321465492249,0.00057745270896703,0.024030245711748974,0.1567850559949875
19,380,1,0.01,99,0.9996448755264282,0.000361127604264766,0.01900335771027757,0.09412695467472076
19,380,1,0.01,100,0.9996248483657837,0.00038148570456542075,0.019531659032591697,0.10443945229053497
20,380,1,0.01,1,0.9936206936836243,0.006486914586275816,0.08054138430816679,0.6199182271957397
20,380,1,0.01,2,0.9964964389801025,0.003562693018466234,0.059688298840444715,0.32579949498176575
20,380,1,0.01,3,0.996910810470581,0.0031413137912750244,0.056047424483869235,0.2406444549560547
20,380,1,0.01,4,0.998145580291748,0.0018856868846341968,0.043424496365924575,0.31991812586784363
20,380,1,0.01,5,0.9981262683868408,0.0019053127616643906,0.04364988844962139,0.35412561893463135
20,380,1,0.01,6,0.9986094236373901,0.0014140132116153836,0.037603367024980405,0.17710451781749725
20,380,1,0.01,7,0.9984053373336792,0.0016215613577514887,0.04026861504635451,0.39573633670806885
20,380,1,0.01,8,0.9991265535354614,0.0008881765534169972,0.029802291076643707,0.1642606258392334
20,380,1,0.01,9,0.9979152679443359,0.0021199153270572424,0.04604253823430288,0.2692328989505768
20,380,1,0.01,10,0.998996913433075,0.0010200287215411663,0.031937888495346185,0.30310454964637756
20,380,1,0.01,11,0.9987092614173889,0.0013125156983733177,0.03622865852296104,0.1922498345375061
20,380,1,0.01,12,0.9993459582328796,0.0006650552968494594,0.025788666054091657,0.13575397431850433
20,380,1,0.01,13,0.9992717504501343,0.0007405579090118408,0.027213193656971627,0.11881600320339203
20,380,1,0.01,14,0.9980008006095886,0.0020329339895397425,0.04508806925939214,0.27772805094718933
20,380,1,0.01,15,0.9972488284111023,0.002797587076202035,0.05289222132036085,0.2818531095981598
20,380,1,0.01,16,0.9992155432701111,0.0007976896013133228,0.028243399252096457,0.19048279523849487
20,380,1,0.01,17,0.99896639585495,0.001051060389727354,0.032420061531825535,0.1649855673313141
20,380,1,0.01,18,0.9987799525260925,0.0012406157329678535,0.03522237545890188,0.18737155199050903
20,380,1,0.01,19,0.9965716004371643,0.0034862274769693613,0.059044284032998155,0.44048985838890076
20,380,1,0.01,20,0.9990518093109131,0.000964202219620347,0.03105160574946724,0.20569731295108795
20,380,1,0.01,21,0.9992782473564148,0.0007339261355809867,0.027091071141263256,0.1652652621269226
20,380,1,0.01,22,0.9993411302566528,0.0006699872901663184,0.025884112698068645,0.17234575748443604
20,380,1,0.01,23,0.9988115429878235,0.0012084870832040906,0.034763300809964676,0.15328647196292877
20,380,1,0.01,24,0.9986695051193237,0.0013529708376154304,0.036782751903785424,0.21701273322105408
20,380,1,0.01,25,0.9992853403091431,0.0007267117616720498,0.026957591911594213,0.17828617990016937
20,380,1,0.01,26,0.9989689588546753,0.0010484318481758237,0.03237949734285299,0.19137293100357056
20,380,1,0.01,27,0.999251663684845,0.0007609562599100173,0.027585435648363743,0.1330862045288086
20,380,1,0.01,28,0.9993138313293457,0.0006977596203796566,0.026415139984101096,0.12770390510559082
20,380,1,0.01,29,0.9991738796234131,0.0008400732767768204,0.02898401760931049,0.14997026324272156
20,380,1,0.01,30,0.9987441897392273,0.0012770259054377675,0.035735499233084285,0.18248869478702545
20,380,1,0.01,31,0.9986921548843384,0.001329886494204402,0.036467608835847765,0.16433823108673096
20,380,1,0.01,32,0.9991677403450012,0.0008463161648251116,0.029091513622104843,0.18200401961803436
20,380,1,0.01,33,0.9991664290428162,0.0008476170478388667,0.029113863499007936,0.1960677206516266
20,380,1,0.01,34,0.9988863468170166,0.0011324260849505663,0.0336515391171127,0.2388177365064621
20,380,1,0.01,35,0.9988766312599182,0.001142345368862152,0.03379860010210707,0.1598709523677826
20,380,1,0.01,36,0.99838787317276,0.0016393534606322646,0.040488930099871305,0.2165212631225586
20,380,1,0.01,37,0.99940025806427,0.0006098558660596609,0.024695259991740538,0.15043790638446808
20,380,1,0.01,38,0.9993199110031128,0.0006915367557667196,0.02629708645015108,0.13197700679302216
20,380,1,0.01,39,0.9995660781860352,0.0004412616544868797,0.02100622894493154,0.09778894484043121
20,380,1,0.01,40,0.9986386895179749,0.0013842873740941286,0.037206012606756565,0.2238728255033493
20,380,1,0.01,41,0.9991165995597839,0.0008982887375168502,0.029971465388213006,0.15611696243286133
20,380,1,0.01,42,0.9991116523742676,0.0009033074602484703,0.030055073785443788,0.18068654835224152
20,380,1,0.01,43,0.9982194304466248,0.0018105828203260899,0.04255094382415142,0.2282143235206604
20,380,1,0.01,44,0.9991559982299805,0.0008582368027418852,0.029295678909045362,0.1424790322780609
20,380,1,0.01,45,0.9991403818130493,0.0008741475758142769,0.029565986806028934,0.14754168689250946
20,380,1,0.01,46,0.9995869398117065,0.00041999848326668143,0.020493864527381882,0.14116188883781433
20,380,1,0.01,47,0.9987900257110596,0.001230378169566393,0.035076746849820505,0.18632115423679352
20,380,1,0.01,48,0.9993786811828613,0.000631826464086771,0.02513615849899843,0.13263660669326782
20,380,1,0.01,49,0.9991137981414795,0.0009011602960526943,0.030019332038749534,0.14229652285575867
20,380,1,0.01,50,0.9996212720870972,0.00038513654726557434,0.01962489610840206,0.11453317850828171
20,380,1,0.01,51,0.9993094205856323,0.0007022111676633358,0.02649926730427345,0.14073574542999268
20,380,1,0.01,52,0.9991546273231506,0.0008596395491622388,0.02931961031736675,0.1509370058774948
20,380,1,0.01,53,0.999215841293335,0.0007973827887326479,0.028237967149436376,0.15081019699573517
20,380,1,0.01,54,0.999226987361908,0.0007860778132453561,0.028037079256680003,0.23152431845664978
20,380,1,0.01,55,0.9992416501045227,0.0007711557555012405,0.027769691310874173,0.1528690606355667
20,380,1,0.01,56,0.9996857643127441,0.00031954245059750974,0.01787575035061493,0.12486515939235687
20,380,1,0.01,57,0.9995216131210327,0.00048643897753208876,0.022055361650448826,0.0926181897521019
20,380,1,0.01,58,0.9993777871131897,0.0006327013252303004,0.02515355492232262,0.11996905505657196
20,380,1,0.01,59,0.9995360374450684,0.0004717641859315336,0.02172013319322728,0.07787623256444931
20,380,1,0.01,60,0.999644935131073,0.00036104299942962825,0.019001131530243884,0.12806198000907898
20,380,1,0.01,61,0.9993864893913269,0.0006238901987671852,0.024977794113315636,0.13293488323688507
20,380,1,0.01,62,0.9994825124740601,0.0005261944606900215,0.022938928935109886,0.12655791640281677
20,380,1,0.01,63,0.9993813037872314,0.0006291091558523476,0.025082048477992135,0.13026493787765503
20,380,1,0.01,64,0.9979546666145325,0.0020798626355826855,0.045605511022053964,0.16394278407096863
20,380,1,0.01,65,0.9993277788162231,0.000683539139572531,0.026144581457206977,0.15255047380924225
20,380,1,0.01,66,0.9994549751281738,0.0005542284343391657,0.02354205671429677,0.153121218085289
20,380,1,0.01,67,0.9995718002319336,0.00043542281491681933,0.02086678736453744,0.14042282104492188
20,380,1,0.01,68,0.9994986653327942,0.0005098058027215302,0.022578879571881556,0.09434862434864044
20,380,1,0.01,69,0.9979615211486816,0.0020728756207972765,0.04552884383330282,0.23970694839954376
20,380,1,0.01,70,0.9995635747909546,0.00044381158659234643,0.02106683617898868,0.15666000545024872
20,380,1,0.01,71,0.999531090259552,0.00047680080751888454,0.02183576899307383,0.12250813096761703
20,380,1,0.01,72,0.9994418621063232,0.0005675339489243925,0.023822971034788934,0.17125147581100464
20,380,1,0.01,73,0.9993231892585754,0.0006882361485622823,0.026234255250764834,0.1632891744375229
20,380,1,0.01,74,0.9996153116226196,0.0003911774547304958,0.019778206560011852,0.09010833501815796
20,380,1,0.01,75,0.9992637038230896,0.0007487450493499637,0.027363206123368726,0.17046575248241425
20,380,1,0.01,76,0.9995136857032776,0.0004944994580000639,0.022237343771234548,0.12766888737678528
20,380,1,0.01,77,0.9996314644813538,0.0003747402806766331,0.01935820964543553,0.13425292074680328
20,380,1,0.01,78,0.9993047118186951,0.000707033381331712,0.026590099310301794,0.10794465243816376
20,380,1,0.01,79,0.9988502860069275,0.0011691213585436344,0.034192416681826314,0.15930430591106415
20,380,1,0.01,80,0.9991236329078674,0.0008911623153835535,0.02985234187435809,0.1439579874277115
20,380,1,0.01,81,0.9992908239364624,0.0007211502525024116,0.026854240866247023,0.13499872386455536
20,380,1,0.01,82,0.9994567036628723,0.0005524919251911342,0.023505146780888952,0.1271132379770279
20,380,1,0.01,83,0.9990661144256592,0.0009496634011156857,0.030816609176151838,0.16812770068645477
20,380,1,0.01,84,0.9994540214538574,0.0005552060902118683,0.023562811593947533,0.08177050203084946
20,380,1,0.01,85,0.9994227290153503,0.0005870091263204813,0.024228271220218773,0.08276964724063873
20,380,1,0.01,86,0.9984545707702637,0.0015714915934950113,0.0396420432558037,0.1730102002620697
20,380,1,0.01,87,0.9990653395652771,0.0009504237095825374,0.030828942725668315,0.11743628978729248
20,380,1,0.01,88,0.9993528127670288,0.0006580787594430149,0.025653045812203564,0.20462454855442047
20,380,1,0.01,89,0.9994632601737976,0.0005458007799461484,0.023362379586552146,0.09727566689252853
20,380,1,0.01,90,0.9995720982551575,0.00043512717820703983,0.0208597022559537,0.0781010091304779
20,380,1,0.01,91,0.9993628263473511,0.0006478928844444454,0.025453740087547947,0.08940035104751587
20,380,1,0.01,92,0.9996622800827026,0.00034343171864748,0.01853191082019013,0.08491899818181992
20,380,1,0.01,93,0.9996797442436218,0.00032563196145929396,0.018045275322346677,0.07716820389032364
20,380,1,0.01,94,0.999467670917511,0.0005412877653725445,0.02326559187668658,0.10306666791439056
20,380,1,0.01,95,0.9996101260185242,0.00039643055060878396,0.019910563794347563,0.1068023145198822
20,380,1,0.01,96,0.9997205138206482,0.0002841764653567225,0.016857534379520703,0.06475817412137985
20,380,1,0.01,97,0.9994935989379883,0.000514918239787221,0.022691809971600346,0.09898055344820023
20,380,1,0.01,98,0.9990853667259216,0.0009300811216235161,0.030497231376364578,0.12289238721132278
20,380,1,0.01,99,0.9993582963943481,0.0006525301723740995,0.025544670136333714,0.11304152756929398
20,380,1,0.01,100,0.9994072914123535,0.0006026835762895644,0.024549614585356823,0.1576124131679535
21,380,1,0.01,1,0.9944858551025391,0.005607167724519968,0.07488102379455003,0.5211772918701172
21,380,1,0.01,2,0.9965215921401978,0.003537070471793413,0.05947327527380187,0.29769280552864075
21,380,1,0.01,3,0.9977083206176758,0.0023303378839045763,0.04827357334924126,0.3473491072654724
21,380,1,0.01,4,0.9980587959289551,0.0019739314448088408,0.044428948274844865,0.24375580251216888
21,380,1,0.01,5,0.9976993799209595,0.0023394240997731686,0.04836759348751154,0.26433444023132324
21,380,1,0.01,6,0.9983128309249878,0.0017156368121504784,0.04142024640378759,0.2372763752937317
21,380,1,0.01,7,0.998615562915802,0.0014077924424782395,0.03752056026338412,0.21732082962989807
21,380,1,0.01,8,0.998708963394165,0.0013127941638231277,0.0362325014844839,0.1757727414369583
21,380,1,0.01,9,0.9990472793579102,0.0009688077843748033,0.031125677251664794,0.16690188646316528
21,380,1,0.01,10,0.9985412359237671,0.0014833612367510796,0.03851442894229486,0.22692573070526123
21,380,1,0.01,11,0.9992650151252747,0.0007473983569070697,0.02733858732464188,0.18439826369285583
21,380,1,0.01,12,0.9987941980361938,0.00122613157145679,0.03501616157514684,0.19616350531578064
21,380,1,0.01,13,0.9991116523742676,0.0009033169480971992,0.030055231626078,0.23486527800559998
21,380,1,0.01,14,0.9991967082023621,0.0008168155327439308,0.02857998482756649,0.204586461186409
21,380,1,0.01,15,0.9991217255592346,0.0008930680924095213,0.029884244886051937,0.21663281321525574
21,380,1,0.01,16,0.9989122152328491,0.0011061400873586535,0.033258684390075524,0.18083898723125458
21,380,1,0.01,17,0.9990869760513306,0.0009284222032874823,0.030470021386396862,0.227664977312088
21,380,1,0.01,18,0.9985385537147522,0.0014861160889267921,0.038550176250268846,0.20779374241828918
21,380,1,0.01,19,0.9992085099220276,0.0008048535091802478,0.028369940239278753,0.14409635961055756
21,380,1,0.01,20,0.9987960457801819,0.0012242486700415611,0.03498926506861156,0.20572511851787567
21,380,1,0.01,21,0.9990250468254089,0.0009914246620610356,0.03148689667244194,0.1868898868560791
21,380,1,0.01,22,0.997393012046814,0.002650979906320572,0.05148766751680029,0.2353333979845047
21,380,1,0.01,23,0.9992817640304565,0.0007303708698600531,0.02702537455540724,0.12045112252235413
21,380,1,0.01,24,0.9981143474578857,0.0019174512708559632,0.0437887116829893,0.16795046627521515
21,380,1,0.01,25,0.9987213611602783,0.001300192205235362,0.03605817806317122,0.20507100224494934
21,380,1,0.01,26,0.9993798732757568,0.0006305866991169751,0.025111485402440355,0.14812906086444855
21,380,1,0.01,27,0.9995567202568054,0.0004507787525653839,0.02123155087518064,0.13771989941596985
21,380,1,0.01,28,0.9984460473060608,0.001580154406838119,0.039751156044046304,0.276929646730423
21,380,1,0.01,29,0.9989936351776123,0.0010233427165076137,0.03198972829687076,0.21848809719085693
21,380,1,0.01,30,0.999476432800293,0.0005324130761437118,0.02307407801286352,0.10687513649463654
21,380,1,0.01,31,0.9991456866264343,0.0008687537629157305,0.029474629139579187,0.14964716136455536
21,380,1,0.01,32,0.9995319843292236,0.00047592990449629724,0.02181581775905495,0.1106695681810379
21,380,1,0.01,33,0.9993636608123779,0.0006470797816291451,0.025437762905356775,0.17965126037597656
21,380,1,0.01,34,0.9962336421012878,0.0038299206644296646,0.06188635281247122,0.29466891288757324
21,380,1,0.01,35,0.9993429183959961,0.0006681540398858488,0.025848675785924678,0.15017017722129822
21,380,1,0.01,36,0.9995687007904053,0.0004385876818560064,0.020942485092653316,0.15980897843837738
21,380,1,0.01,37,0.9995396733283997,0.00046807772014290094,0.021635103885650767,0.12778320908546448
21,380,1,0.01,38,0.998988926410675,0.001028147293254733,0.032064735976688366,0.14364062249660492
21,380,1,0.01,39,0.9991899728775024,0.0008236991125158966,0.02870015875419327,0.1294437199831009
21,380,1,0.01,40,0.9994952082633972,0.0005133364466018975,0.022656929328615946,0.13378062844276428
21,380,1,0.01,41,0.9988889098167419,0.001129817683249712,0.03361276072044235,0.13103683292865753
21,380,1,0.01,42,0.998903751373291,0.0011147387558594346,0.03338770366256767,0.22954639792442322
21,380,1,0.01,43,0.9991902709007263,0.0008233949192799628,0.028694858760411467,0.16251422464847565
21,380,1,0.01,44,0.9975911378860474,0.0024495008401572704,0.04949243215035275,0.1879810243844986
21,380,1,0.01,45,0.9990462064743042,0.0009698811918497086,0.031142915596483713,0.1714334487915039
21,380,1,0.01,46,0.9989526271820068,0.0010650129988789558,0.03263453690308713,0.1717856079339981
21,380,1,0.01,47,0.9987562298774719,0.0012647287221625447,0.03556302464867892,0.18218223750591278
21,380,1,0.01,48,0.9992787837982178,0.0007334022084251046,0.02708139967625574,0.13540996611118317
21,380,1,0.01,49,0.9990613460540771,0.0009544621570967138,0.030894370961337177,0.12342004477977753
21,380,1,0.01,50,0.9990749955177307,0.0009405797463841736,0.030668872597214486,0.13930432498455048
21,380,1,0.01,51,0.9985895752906799,0.0014342112699523568,0.03787098189844511,0.21675843000411987
21,380,1,0.01,52,0.9994565844535828,0.0005525623564608395,0.023506644942671837,0.12657256424427032
21,380,1,0.01,53,0.9994945526123047,0.0005139804561622441,0.022671137072547642,0.0961170643568039
21,380,1,0.01,54,0.9992244243621826,0.000788663572166115,0.02808315459783881,0.125199094414711
21,380,1,0.01,55,0.999134361743927,0.0008802591473795474,0.029669161555048153,0.1287887990474701
21,380,1,0.01,56,0.9994602799415588,0.0005488006863743067,0.023426495392488964,0.12076425552368164
21,380,1,0.01,57,0.9990086555480957,0.0010080961510539055,0.03175052993343427,0.23126789927482605
21,380,1,0.01,58,0.999477744102478,0.0005310946144163609,0.023045490110135666,0.1387867033481598
21,380,1,0.01,59,0.9994969367980957,0.0005115743260830641,0.02261800888856188,0.16864795982837677
21,380,1,0.01,60,0.9994702339172363,0.0005387242417782545,0.023210433898965665,0.1333307921886444
21,380,1,0.01,61,0.997590184211731,0.002450477099046111,0.0495022938766085,0.22909748554229736
21,380,1,0.01,62,0.9994054436683655,0.000604612345341593,0.024588866288253165,0.14506812393665314
21,380,1,0.01,63,0.9994918704032898,0.0005166817572899163,0.022730634775340444,0.17850904166698456
21,380,1,0.01,64,0.9996477961540222,0.0003581347700674087,0.018924449003006896,0.09435383230447769
21,380,1,0.01,65,0.9995543360710144,0.0004531987360678613,0.021288464859351913,0.12391607463359833
21,380,1,0.01,66,0.9985396265983582,0.0014849841827526689,0.03853549250694312,0.13252820074558258
21,380,1,0.01,67,0.9985395073890686,0.0014851219020783901,0.03853727938085913,0.2667209506034851
21,380,1,0.01,68,0.9995647072792053,0.00044262188021093607,0.02103858075562456,0.11611483246088028
21,380,1,0.01,69,0.9996105432510376,0.00039602949982509017,0.019900489939322856,0.08101869374513626
21,380,1,0.01,70,0.9995957612991333,0.0004110360168851912,0.020274023204218526,0.12525926530361176
21,380,1,0.01,71,0.9993941783905029,0.0006160413031466305,0.02482017935363543,0.17661690711975098
21,380,1,0.01,72,0.9993930459022522,0.0006172138382680714,0.02484378872611968,0.12157879769802094
21,380,1,0.01,73,0.9995374083518982,0.000470392988063395,0.021688545088672847,0.16661550104618073
21,380,1,0.01,74,0.9995934963226318,0.00041338588926009834,0.020331893400765664,0.09960529953241348
21,380,1,0.01,75,0.9994184374809265,0.0005913557251915336,0.02431780675125809,0.1822008192539215
21,380,1,0.01,76,0.9994335174560547,0.0005760470521636307,0.02400098023339111,0.1317484974861145
21,380,1,0.01,77,0.999329149723053,0.0006821663118898869,0.02611831372600243,0.27659380435943604
21,380,1,0.01,78,0.9996249079704285,0.00038140983087942004,0.019529716610320286,0.1290593445301056
21,380,1,0.01,79,0.9996747970581055,0.00033068028278648853,0.018184616652173028,0.13564111292362213
21,380,1,0.01,80,0.9994411468505859,0.0005682549672201276,0.02383809906893013,0.09372656047344208
21,380,1,0.01,81,0.9995806217193604,0.0004264760063961148,0.02065129551374719,0.14484697580337524
21,380,1,0.01,82,0.9996597170829773,0.00034601593506522477,0.018601503570013493,0.12671883404254913
21,380,1,0.01,83,0.9992817640304565,0.0007303612073883414,0.02702519578815927,0.125305637717247
21,380,1,0.01,84,0.9991947412490845,0.0008188220672309399,0.028615067136579287,0.2131989747285843
21,380,1,0.01,85,0.9993450045585632,0.0006660340586677194,0.02580763566597528,0.12887896597385406
21,380,1,0.01,86,0.999498724937439,0.0005097165703773499,0.022576903471852598,0.13726815581321716
21,380,1,0.01,87,0.9992029666900635,0.000810508499853313,0.028469430971716187,0.11762069910764694
21,380,1,0.01,88,0.9982823729515076,0.001746617374010384,0.04179255165708818,0.14076578617095947
21,380,1,0.01,89,0.9992046356201172,0.0008087860769592226,0.02843916449122974,0.1514430046081543
21,380,1,0.01,90,0.9991315603256226,0.0008831016020849347,0.029717025458227388,0.17623932659626007
21,380,1,0.01,91,0.9990399479866028,0.0009762468980625272,0.031244949960954126,0.18887859582901
21,380,1,0.01,92,0.9994382858276367,0.0005711648846045136,0.023899056144637044,0.11941298842430115
21,380,1,0.01,93,0.9983974099159241,0.001629602862522006,0.04036833985342977,0.18681225180625916
21,380,1,0.01,94,0.9996877908706665,0.0003174895828124136,0.017818237365475116,0.11815197020769119
21,380,1,0.01,95,0.9991219639778137,0.0008928554016165435,0.029880686096817516,0.14890283346176147
21,380,1,0.01,96,0.9997075796127319,0.0002973509253934026,0.017243866312210917,0.12415849417448044
21,380,1,0.01,97,0.9995743036270142,0.0004329067887738347,0.02080641220330489,0.11070370674133301
21,380,1,0.01,98,0.999417781829834,0.000592042866628617,0.02433193100903866,0.11678814142942429
21,380,1,0.01,99,0.9996633529663086,0.00034233133192174137,0.018502198029470483,0.11138397455215454
21,380,1,0.01,100,0.9995352625846863,0.000472604064270854,0.021739458693142616,0.1408482789993286
22,380,1,0.01,1,0.9933795928955078,0.0067321015521883965,0.08204938483735509,0.520383358001709
22,380,1,0.01,2,0.9964231252670288,0.0036372279282659292,0.06030943481965263,0.34964343905448914
22,380,1,0.01,3,0.9977882504463196,0.00224905158393085,0.047424166665644744,0.25449123978614807
22,380,1,0.01,4,0.998643696308136,0.0013791657984256744,0.03713712156893254,0.1822827309370041
22,380,1,0.01,5,0.9987224340438843,0.0012991206021979451,0.03604331563824207,0.1867763102054596
22,380,1,0.01,6,0.999000608921051,0.0010162631515413523,0.03187888253282025,0.1813354194164276
22,380,1,0.01,7,0.9989261031150818,0.0010920242639258504,0.03304579041157664,0.21308742463588715
22,380,1,0.01,8,0.9990686774253845,0.0009470609365962446,0.030774355177586494,0.1975686252117157
22,380,1,0.01,9,0.9985470771789551,0.001477435464039445,0.03843742270287441,0.22855353355407715
22,380,1,0.01,10,0.9987307786941528,0.001290650456212461,0.035925623950217776,0.20621946454048157
22,380,1,0.01,11,0.9991422295570374,0.0008722679340280592,0.02953418246757576,0.14412274956703186
22,380,1,0.01,12,0.9980105757713318,0.0020229737274348736,0.044977480225495886,0.19870322942733765
22,380,1,0.01,13,0.999065637588501,0.0009501001331955194,0.030823694346971447,0.14965561032295227
22,380,1,0.01,14,0.9991716742515564,0.000842283305246383,0.029022117518306325,0.18088331818580627
22,380,1,0.01,15,0.9990450143814087,0.0009711179882287979,0.031162766055483553,0.17738522589206696
22,380,1,0.01,16,0.9994077086448669,0.0006022902671247721,0.024541602782311756,0.14945973455905914
22,380,1,0.01,17,0.9992470145225525,0.0007656633970327675,0.02767062335822537,0.22130605578422546
22,380,1,0.01,18,0.9989221096038818,0.0010960579384118319,0.03310676574979549,0.2155013084411621
22,380,1,0.01,19,0.9993897676467896,0.0006205154932104051,0.024910148398000466,0.20174063742160797
22,380,1,0.01,20,0.9991881251335144,0.000825547962449491,0.028732350451181173,0.2101026177406311
22,380,1,0.01,21,0.9992232918739319,0.0007898397743701935,0.028104088214531947,0.11817240715026855
22,380,1,0.01,22,0.9992598295211792,0.0007526513654738665,0.0274344922583573,0.15091019868850708
22,380,1,0.01,23,0.9991433620452881,0.0008711130358278751,0.029514624101076997,0.15588992834091187
22,380,1,0.01,24,0.9990636110305786,0.0009521598112769425,0.030857086889026684,0.20837579667568207
22,380,1,0.01,25,0.9986857771873474,0.001336411340162158,0.03655696021501457,0.13743187487125397
22,380,1,0.01,26,0.9992575645446777,0.0007549658766947687,0.0274766423839371,0.13724279403686523
22,380,1,0.01,27,0.99888676404953,0.001132001169025898,0.03364522505536109,0.19742228090763092
22,380,1,0.01,28,0.9956290125846863,0.004444724880158901,0.06666876990134812,0.406049907207489
22,380,1,0.01,29,0.9993802905082703,0.0006301680114120245,0.02510314744035147,0.13142311573028564
22,380,1,0.01,30,0.9993389844894409,0.0006721899262629449,0.02592662581715841,0.12578468024730682
22,380,1,0.01,31,0.997862696647644,0.0021733767352998257,0.04661948879277663,0.14145012199878693
22,380,1,0.01,32,0.9990156292915344,0.001000977586954832,0.031638229832827755,0.11767054349184036
22,380,1,0.01,33,0.9993330240249634,0.0006782045238651335,0.02604236018230939,0.1864892691373825
22,380,1,0.01,34,0.9987531304359436,0.0012679158244282007,0.03560780566713148,0.1765844076871872
22,380,1,0.01,35,0.9993158578872681,0.0006956971483305097,0.026376071510566347,0.15273550152778625
22,380,1,0.01,36,0.9996090531349182,0.00039753905730322003,0.01993838151162777,0.09557072073221207
22,380,1,0.01,37,0.9978418946266174,0.002194508910179138,0.04684558581317068,0.13868629932403564
22,380,1,0.01,38,0.9995138049125671,0.0004943870007991791,0.02223481506105187,0.1822027564048767
22,380,1,0.01,39,0.9990886449813843,0.0009267465793527663,0.03044251269775158,0.11456995457410812
22,380,1,0.01,40,0.9989432692527771,0.001074567437171936,0.03278059543650688,0.21817973256111145
22,380,1,0.01,41,0.9992885589599609,0.0007234394433908165,0.026896829615975493,0.1857602596282959
22,380,1,0.01,42,0.9988100528717041,0.0012100512394681573,0.03478579076962542,0.19064179062843323
22,380,1,0.01,43,0.9982690811157227,0.001760121202096343,0.04195379842274526,0.27670353651046753
22,380,1,0.01,44,0.9992361664772034,0.0007766945054754615,0.027869239413293313,0.18861089646816254
22,380,1,0.01,45,0.9984228610992432,0.0016037236200645566,0.04004651820151855,0.1785837560892105
22,380,1,0.01,46,0.9994566440582275,0.000552551297005266,0.02350640970044694,0.11519252508878708
22,380,1,0.01,47,0.9994741678237915,0.0005346743273548782,0.023123025912602315,0.09622566401958466
22,380,1,0.01,48,0.9993993043899536,0.0006108051165938377,0.0247144718048725,0.08304247260093689
22,380,1,0.01,49,0.9986670017242432,0.0013554963516071439,0.03681706603746616,0.11723514646291733
22,380,1,0.01,50,0.999636173248291,0.0003699644294101745,0.01923445942599309,0.07115200161933899
22,380,1,0.01,51,0.9993287324905396,0.0006825872114859521,0.02612637004036252,0.08659827709197998
22,380,1,0.01,52,0.9991039633750916,0.000911148963496089,0.030185244135108282,0.1429051011800766
22,380,1,0.01,53,0.9993362426757812,0.0006749387248419225,0.025979582845802634,0.13537880778312683
22,380,1,0.01,54,0.9995153546333313,0.0004928342532366514,0.02219987056801574,0.12392923980951309
22,380,1,0.01,55,0.9989188313484192,0.001099388930015266,0.03315703439717228,0.1525556892156601
22,380,1,0.01,56,0.9995976090431213,0.0004092022427357733,0.020228747928029884,0.12976443767547607
22,380,1,0.01,57,0.9995483756065369,0.00045923388097435236,0.02142974290499894,0.07524401694536209
22,380,1,0.01,58,0.9994146823883057,0.0005952173960395157,0.024397077612687872,0.09922409057617188
22,380,1,0.01,59,0.9995135068893433,0.0004947154666297138,0.022242200130151553,0.1432434320449829
22,380,1,0.01,60,0.9996291995048523,0.0003770357870962471,0.019417409381692684,0.09777496010065079
22,380,1,0.01,61,0.9976396560668945,0.0024001889396458864,0.0489917231748985,0.24857214093208313
22,380,1,0.01,62,0.9991675019264221,0.0008465151186101139,0.02909493286828677,0.16301602125167847
22,380,1,0.01,63,0.9994022846221924,0.0006077918224036694,0.02465343429227801,0.11216849833726883
22,380,1,0.01,64,0.999678373336792,0.00032707059290260077,0.018085093112909338,0.07251773774623871
22,380,1,0.01,65,0.999405562877655,0.0006044642650522292,0.024585854979077486,0.14524513483047485
22,380,1,0.01,66,0.9991875886917114,0.000826094881631434,0.028741866356091664,0.12365912646055222
22,380,1,0.01,67,0.9991892576217651,0.0008244008640758693,0.028712381720711874,0.10820452868938446
22,380,1,0.01,68,0.9995682239532471,0.0004390822141431272,0.020954288681392343,0.08334707468748093
22,380,1,0.01,69,0.9993828535079956,0.0006275384221225977,0.025050716998173878,0.11900736391544342
22,380,1,0.01,70,0.9990543723106384,0.0009615998715162277,0.031009673837630536,0.12895669043064117
22,380,1,0.01,71,0.9994245171546936,0.000585164234507829,0.024190168137237678,0.09277819842100143
22,380,1,0.01,72,0.9994849562644958,0.0005237048608250916,0.0228845987691524,0.18191947042942047
22,380,1,0.01,73,0.9993515610694885,0.000659382261801511,0.025678439629415007,0.13399246335029602
22,380,1,0.01,74,0.9986785650253296,0.0013437278103083372,0.036656893080406275,0.17732828855514526
22,380,1,0.01,75,0.9994052648544312,0.0006047757342457771,0.02459218848020194,0.11217830330133438
22,380,1,0.01,76,0.9987911581993103,0.001229227869771421,0.03506034611596726,0.16241329908370972
22,380,1,0.01,77,0.9994642734527588,0.0005447447765618563,0.023339768134277947,0.1606113761663437
22,380,1,0.01,78,0.9992011785507202,0.0008122778963297606,0.028500489405091985,0.1459895521402359
22,380,1,0.01,79,0.9995054006576538,0.0005029361927881837,0.022426238935411878,0.10420143604278564
22,380,1,0.01,80,0.9996297359466553,0.00037650205194950104,0.019403660787323123,0.08291002362966537
22,380,1,0.01,81,0.9991297125816345,0.0008849774021655321,0.029748569749914567,0.19055011868476868
22,380,1,0.01,82,0.9992974400520325,0.0007144153350964189,0.026728549064556774,0.16322849690914154
22,380,1,0.01,83,0.9987066388130188,0.0013152060564607382,0.03626576976241837,0.12105850875377655
22,380,1,0.01,84,0.999360203742981,0.0006505948258563876,0.025506760395165584,0.1352105736732483
22,380,1,0.01,85,0.9996132254600525,0.00039328847196884453,0.019831502009904457,0.08750913292169571
22,380,1,0.01,86,0.9994919896125793,0.0005165599286556244,0.022727954783825676,0.0934707373380661
22,380,1,0.01,87,0.9985861778259277,0.001437692204490304,0.03791691185329185,0.13609938323497772
22,380,1,0.01,88,0.999688446521759,0.00031679298263043165,0.01779867923837136,0.11069051921367645
22,380,1,0.01,89,0.9992932677268982,0.0007186655420809984,0.026807938042322434,0.13592050969600677
22,380,1,0.01,90,0.9997202157974243,0.00028448153170756996,0.016866580320490872,0.0820763111114502
22,380,1,0.01,91,0.9997137784957886,0.00029105530120432377,0.017060342939235536,0.09445419907569885
22,380,1,0.01,92,0.9994527697563171,0.0005564477178268135,0.023589144067278352,0.11271530389785767
22,380,1,0.01,93,0.9995803236961365,0.0004267398326192051,0.020657682169575683,0.10436800122261047
22,380,1,0.01,94,0.9996196031570435,0.0003868307685479522,0.01966801384349605,0.08998489379882812
22,380,1,0.01,95,0.9994162321090698,0.0005936112138442695,0.024364137863759298,0.11531704664230347
22,380,1,0.01,96,0.9984829425811768,0.0015426494646817446,0.039276576539736055,0.19042159616947174
22,380,1,0.01,97,0.9997170567512512,0.00028768714400939643,0.016961342635811484,0.08535131067037582
22,380,1,0.01,98,0.9990202784538269,0.0009962305193766952,0.03156311960780644,0.13881000876426697
22,380,1,0.01,99,0.9988258481025696,0.001193971373140812,0.03455389085386495,0.11785349994897842
22,380,1,0.01,100,0.9984844923019409,0.0015410470077767968,0.03925617158838591,0.17946870625019073
23,380,1,0.01,1,0.9950302839279175,0.005053560249507427,0.07108839743240403,0.28995540738105774
23,380,1,0.01,2,0.9968502521514893,0.0032028956338763237,0.056594130736997136,0.4117896556854248
23,380,1,0.01,3,0.9972143769264221,0.0028325910679996014,0.05322209191679336,0.5536882281303406
23,380,1,0.01,4,0.9985123872756958,0.001512684510089457,0.03889324504447343,0.3392980396747589
23,380,1,0.01,5,0.9970247745513916,0.003025433048605919,0.05500393666462355,0.5287653803825378
23,380,1,0.01,6,0.9971119165420532,0.0029368200339376926,0.05419243520951695,0.22568616271018982
23,380,1,0.01,7,0.9989348649978638,0.0010831095278263092,0.03291062940489454,0.2215333878993988
23,380,1,0.01,8,0.9989396929740906,0.0010781990131363273,0.03283594087484516,0.20768684148788452
23,380,1,0.01,9,0.9984232783317566,0.001603304990567267,0.04004129107018487,0.16344155371189117
23,380,1,0.01,10,0.9991105198860168,0.0009044608450494707,0.03007425551945502,0.14957085251808167
23,380,1,0.01,11,0.9990691542625427,0.0009465735056437552,0.030766434724286064,0.27377480268478394
23,380,1,0.01,12,0.9990659952163696,0.0009497564751654863,0.030818119267169538,0.17011554539203644
23,380,1,0.01,13,0.9992699027061462,0.0007424104842357337,0.027247210577153284,0.15254835784435272
23,380,1,0.01,14,0.9982526898384094,0.0017767943209037185,0.042152038158358586,0.2701992094516754
23,380,1,0.01,15,0.9985190033912659,0.001505961176007986,0.038806715604492815,0.1404465287923813
23,380,1,0.01,16,0.9993618130683899,0.0006489674560725689,0.02547483966725932,0.1235625296831131
23,380,1,0.01,17,0.9978069067001343,0.002230095211416483,0.04722388390863762,0.2881617248058319
23,380,1,0.01,18,0.9987297058105469,0.0012917432468384504,0.03594082980175124,0.22132207453250885
23,380,1,0.01,19,0.9984803795814514,0.0015452337684109807,0.039309461563483424,0.14090079069137573
23,380,1,0.01,20,0.998525083065033,0.0014997897669672966,0.03872711927018709,0.23996245861053467
23,380,1,0.01,21,0.9988232254981995,0.0011966039892286062,0.03459196422911839,0.23450826108455658
23,380,1,0.01,22,0.9989584684371948,0.0010590996826067567,0.03254381174058682,0.1441313922405243
23,380,1,0.01,23,0.9967873692512512,0.0032668246421962976,0.05715614264623093,0.22875173389911652
23,380,1,0.01,24,0.9992718696594238,0.0007404143689200282,0.027210556203797604,0.12493569403886795
23,380,1,0.01,25,0.9987855553627014,0.0012349566677585244,0.035141950255478484,0.18942394852638245
23,380,1,0.01,26,0.9995007514953613,0.0005076576489955187,0.02253125937437849,0.113250732421875
23,380,1,0.01,27,0.999222993850708,0.0007901163189671934,0.028109007790514295,0.14819513261318207
23,380,1,0.01,28,0.9989732503890991,0.001044064643792808,0.032311989164902986,0.12912416458129883
23,380,1,0.01,29,0.9995570182800293,0.00045047365711070597,0.021224364704525458,0.09088558703660965
23,380,1,0.01,30,0.9971157908439636,0.0029328661039471626,0.05415594246199731,0.25657469034194946
23,380,1,0.01,31,0.9985454678535461,0.0014790596906095743,0.03845854509221032,0.1691751331090927
23,380,1,0.01,32,0.9992156028747559,0.0007976313354447484,0.02824236773793494,0.15766659379005432
23,380,1,0.01,33,0.9992600083351135,0.000752472085878253,0.027431224651448812,0.14751724898815155
23,380,1,0.01,34,0.9994379281997681,0.0005715392762795091,0.02390688763263652,0.15208391845226288
23,380,1,0.01,35,0.9994774460792542,0.0005313424626365304,0.023050866852171316,0.13454540073871613
23,380,1,0.01,36,0.99945467710495,0.0005545503809116781,0.023548893411616565,0.1174846664071083
23,380,1,0.01,37,0.9991086721420288,0.0009063417091965675,0.030105509615294134,0.15686114132404327
23,380,1,0.01,38,0.9996557235717773,0.00035011337604373693,0.018711316790748236,0.08926458656787872
23,380,1,0.01,39,0.9992852210998535,0.0007268101908266544,0.02695941747936432,0.1239270567893982
23,380,1,0.01,40,0.9991497993469238,0.0008645668276585639,0.029403517266792484,0.09007076919078827
23,380,1,0.01,41,0.9994165897369385,0.0005932808853685856,0.024357357930789324,0.18856105208396912
23,380,1,0.01,42,0.9995524287223816,0.0004551185993477702,0.02133350883815811,0.10572033375501633
23,380,1,0.01,43,0.9989672303199768,0.0010501939104869962,0.03240669545768276,0.16832877695560455
23,380,1,0.01,44,0.9993407726287842,0.0006703676772303879,0.02589145954229672,0.13475976884365082
23,380,1,0.01,45,0.9993622303009033,0.0006485203630290926,0.025466062966801376,0.08849544078111649
23,380,1,0.01,46,0.9992815256118774,0.0007305937469936907,0.027029497719966804,0.1583949327468872
23,380,1,0.01,47,0.9991496205329895,0.0008647090871818364,0.02940593625752862,0.13159798085689545
23,380,1,0.01,48,0.9995975494384766,0.0004092274757567793,0.020229371610526594,0.12808389961719513
23,380,1,0.01,49,0.9994794130325317,0.0005293550784699619,0.023007717802293253,0.10139541327953339
23,380,1,0.01,50,0.9991104602813721,0.0009045663173310459,0.03007600899938431,0.17474912106990814
23,380,1,0.01,51,0.999553382396698,0.0004541666421573609,0.021311185845873545,0.09875655919313431
23,380,1,0.01,52,0.9993986487388611,0.0006115247961133718,0.024729027399260407,0.16064997017383575
23,380,1,0.01,53,0.9995846748352051,0.00042233275598846376,0.020550736142252026,0.08335521072149277
23,380,1,0.01,54,0.999643087387085,0.0003629409766290337,0.019051009858509698,0.1285116970539093
23,380,1,0.01,55,0.9994046688079834,0.0006053606630302966,0.02460407817883646,0.14234453439712524
23,380,1,0.01,56,0.999340295791626,0.0006708354339934886,0.025900490999081243,0.11355777829885483
23,380,1,0.01,57,0.9991632699966431,0.000850822078064084,0.02916885458951181,0.13568054139614105
23,380,1,0.01,58,0.9994821548461914,0.000526553310919553,0.022946749463040577,0.10402888059616089
23,380,1,0.01,59,0.9992042779922485,0.0008091485360637307,0.0284455363117613,0.1613226979970932
23,380,1,0.01,60,0.9977779388427734,0.0022595480550080538,0.047534703691177606,0.19611451029777527
23,380,1,0.01,61,0.999456524848938,0.0005526620079763234,0.023508764492765743,0.14038331806659698
23,380,1,0.01,62,0.9995830059051514,0.0004239992704242468,0.020591242566301016,0.08831799775362015
23,380,1,0.01,63,0.998661458492279,0.0013611142057925463,0.036893281309644255,0.24564576148986816
23,380,1,0.01,64,0.9995760321617126,0.0004311080265324563,0.020763141056508196,0.10146871209144592
23,380,1,0.01,65,0.9991341829299927,0.0008804264944046736,0.029671981639328937,0.10344486683607101
23,380,1,0.01,66,0.9991452693939209,0.0008691370021551847,0.029481129594287676,0.20277254283428192
23,380,1,0.01,67,0.9994131922721863,0.0005967034376226366,0.024427513946831278,0.09181969612836838
23,380,1,0.01,68,0.9996544718742371,0.00035138550447300076,0.018745279525069793,0.11150947213172913
23,380,1,0.01,69,0.9996641278266907,0.00034153106389567256,0.018480559079629397,0.11327914893627167
23,380,1,0.01,70,0.9996737837791443,0.0003317077353131026,0.018212845338197507,0.08394777774810791
23,380,1,0.01,71,0.9986416101455688,0.0013813333353027701,0.03716629299920521,0.13580510020256042
23,380,1,0.01,72,0.99969083070755,0.00031437803409062326,0.017730708787034522,0.09090236574411392
23,380,1,0.01,73,0.9995927214622498,0.00041417632019147277,0.02035132232046539,0.13291621208190918
23,380,1,0.01,74,0.9996548295021057,0.00035099120577797294,0.018734759293302195,0.07840889692306519
23,380,1,0.01,75,0.9995797872543335,0.00042728253174573183,0.020670813524042344,0.1252676546573639
23,380,1,0.01,76,0.9994269609451294,0.0005827087443321943,0.024139360893200845,0.10288939625024796
23,380,1,0.01,77,0.9996763467788696,0.0003291066095698625,0.01814129569710671,0.11975251883268356
23,380,1,0.01,78,0.999082088470459,0.0009333908674307168,0.030551446241229182,0.12612222135066986
23,380,1,0.01,79,0.9964642524719238,0.003595426445826888,0.05996187493588646,0.38092362880706787
23,380,1,0.01,80,0.9994109869003296,0.0005989299970678985,0.02447304633812265,0.17275026440620422
23,380,1,0.01,81,0.9996349811553955,0.00037119968328624964,0.019266543106801738,0.11530347168445587
23,380,1,0.01,82,0.9991222023963928,0.0008925833972170949,0.02987613424151617,0.10991143435239792
23,380,1,0.01,83,0.9991890788078308,0.0008245814824476838,0.02871552685304039,0.17257708311080933
23,380,1,0.01,84,0.999030590057373,0.000985774677246809,0.0313970488620636,0.30218470096588135
23,380,1,0.01,85,0.9995947480201721,0.00041207080357708037,0.020299527176195025,0.07813915610313416
23,380,1,0.01,86,0.999627411365509,0.00037887520738877356,0.019464716987122457,0.09886513650417328
23,380,1,0.01,87,0.9996127486228943,0.0003937587607651949,0.01984335558228988,0.08184594660997391
23,380,1,0.01,88,0.999473512172699,0.0005353747401386499,0.02313816630890724,0.15243448317050934
23,380,1,0.01,89,0.9994215369224548,0.0005882279365323484,0.024253410822652314,0.11418214440345764
23,380,1,0.01,90,0.9996620416641235,0.00034364534076303244,0.01853767355314664,0.10024417191743851
23,380,1,0.01,91,0.9996095895767212,0.00039696923340670764,0.01992408676468529,0.09462592750787735
23,380,1,0.01,92,0.999590277671814,0.0004166632716078311,0.02041233136140581,0.1101820096373558
23,380,1,0.01,93,0.9995321035385132,0.00047579786041751504,0.02181279121106501,0.09148537367582321
23,380,1,0.01,94,0.9995861649513245,0.000420794211095199,0.020513269146949713,0.14753977954387665
23,380,1,0.01,95,0.9990196228027344,0.0009969205129891634,0.03157404809315973,0.13769614696502686
23,380,1,0.01,96,0.9990400075912476,0.0009761694818735123,0.03124371107716739,0.17582304775714874
23,380,1,0.01,97,0.9995895624160767,0.00041737512219697237,0.020429760698475456,0.10503251850605011
23,380,1,0.01,98,0.9996258020401001,0.0003805345040746033,0.019507293612251887,0.10943744331598282
23,380,1,0.01,99,0.9996554851531982,0.00035035345354117453,0.018717730993397,0.14444923400878906
23,380,1,0.01,100,0.9996578097343445,0.0003479712177067995,0.018653986643792784,0.128144308924675
24,380,1,0.01,1,0.9944379329681396,0.005655872169882059,0.07520553284088917,0.3901003301143646
24,380,1,0.01,2,0.9967150688171387,0.003340347670018673,0.05779574093320954,0.2938431203365326
24,380,1,0.01,3,0.9978784322738647,0.0021573633421212435,0.04644742557043655,0.19141387939453125
24,380,1,0.01,4,0.9986329078674316,0.0013901256024837494,0.03728438818706496,0.2061738520860672
24,380,1,0.01,5,0.9987049102783203,0.0013169212033972144,0.036289408970072996,0.16901500523090363
24,380,1,0.01,6,0.9984109401702881,0.0016158747021108866,0.04019794400352942,0.1576734483242035
24,380,1,0.01,7,0.9988672137260437,0.0011518715182319283,0.0339392327289809,0.21020454168319702
24,380,1,0.01,8,0.9984367489814758,0.0015896206023171544,0.039870046429834445,0.16306611895561218
24,380,1,0.01,9,0.9989272952079773,0.001090805046260357,0.03302733786214621,0.1698063164949417
24,380,1,0.01,10,0.9989900588989258,0.0010269556660205126,0.03204614900452959,0.20929470658302307
24,380,1,0.01,11,0.9990913271903992,0.0009240289800800383,0.030397844990723247,0.13051050901412964
24,380,1,0.01,12,0.9992069602012634,0.0008063899003900588,0.028397005130648176,0.1717413365840912
24,380,1,0.01,13,0.9992870092391968,0.00072500976966694,0.026926005453221984,0.11723942309617996
24,380,1,0.01,14,0.9982433915138245,0.0017862155800685287,0.042263643715000826,0.21949762105941772
24,380,1,0.01,15,0.9989537000656128,0.0010639738757163286,0.032618612412491255,0.18134428560733795
24,380,1,0.01,16,0.9992193579673767,0.0007937815971672535,0.028174129927421954,0.13247065246105194
24,380,1,0.01,17,0.9990264773368835,0.0009899308206513524,0.031463166093884325,0.13956372439861298
24,380,1,0.01,18,0.9952956438064575,0.004783723969012499,0.06916447042385634,0.3235372006893158
24,380,1,0.01,19,0.9989714026451111,0.0010459404438734055,0.032341002518063745,0.14271922409534454
24,380,1,0.01,20,0.9990761876106262,0.0009394244407303631,0.0306500316595328,0.19615121185779572
24,380,1,0.01,21,0.9992386698722839,0.0007741446606814861,0.027823455225429606,0.16939927637577057
24,380,1,0.01,22,0.9989069104194641,0.001111515681259334,0.03333940133324733,0.18303970992565155
24,380,1,0.01,23,0.9988343119621277,0.001185337663628161,0.03442873311099554,0.22688153386116028
24,380,1,0.01,24,0.9988834857940674,0.0011353667359799147,0.03369520345657397,0.20895957946777344
24,380,1,0.01,25,0.9986880421638489,0.0013341172598302364,0.03652556994531689,0.24215947091579437
24,380,1,0.01,26,0.999207079410553,0.0008062852430157363,0.02839516231712255,0.19561563432216644
24,380,1,0.01,27,0.9989514946937561,0.0010661897249519825,0.03265256077173707,0.18998286128044128
24,380,1,0.01,28,0.9943497776985168,0.005745547823607922,0.07579939197386693,0.4257921278476715
24,380,1,0.01,29,0.9991839528083801,0.0008298311149701476,0.028806789390179315,0.24076035618782043
24,380,1,0.01,30,0.9989457130432129,0.0010720959398895502,0.03274287617008546,0.16437377035617828
24,380,1,0.01,31,0.99903804063797,0.00097819569054991,0.03127612013261731,0.17281220853328705
24,380,1,0.01,32,0.9990889430046082,0.0009264516993425786,0.030437669085240062,0.14943361282348633
24,380,1,0.01,33,0.997955858707428,0.002078623976558447,0.045591928853235056,0.22900940477848053
24,380,1,0.01,34,0.9993603825569153,0.0006504265475086868,0.025503461480918366,0.15031349658966064
24,380,1,0.01,35,0.9991969466209412,0.000816626416053623,0.028576676084765752,0.12488050758838654
24,380,1,0.01,36,0.9993119239807129,0.000699681113474071,0.02645148603526976,0.23524373769760132
24,380,1,0.01,37,0.9991589784622192,0.000855213264003396,0.029244029544565092,0.11439918726682663
24,380,1,0.01,38,0.9994350671768188,0.0005744767258875072,0.023968244113566333,0.18797650933265686
24,380,1,0.01,39,0.9991832375526428,0.0008305484079755843,0.0288192367694841,0.18208812177181244
24,380,1,0.01,40,0.9992267489433289,0.0007862692582421005,0.028040493188282202,0.12324174493551254
24,380,1,0.01,41,0.9994360208511353,0.0005735045415349305,0.023947954850778604,0.1541415899991989
24,380,1,0.01,42,0.9995928406715393,0.00041404663352295756,0.02034813587341498,0.14471709728240967
24,380,1,0.01,43,0.9989720582962036,0.001045276178047061,0.0323307311709318,0.1693510264158249
24,380,1,0.01,44,0.9992560744285583,0.0007564522093161941,0.027503676287292833,0.12777692079544067
24,380,1,0.01,45,0.9995379447937012,0.0004698300326708704,0.021675563030077682,0.09920058399438858
24,380,1,0.01,46,0.9992102980613708,0.0008030309109017253,0.028337800036377654,0.17431820929050446
24,380,1,0.01,47,0.9995121955871582,0.0004960432997904718,0.022272029539098404,0.11691735684871674
24,380,1,0.01,48,0.9995315074920654,0.000476392189739272,0.021826410372282293,0.11849977821111679
24,380,1,0.01,49,0.9994319081306458,0.0005776605103164911,0.024034569068666304,0.13607746362686157
24,380,1,0.01,50,0.9988830089569092,0.0011358048068359494,0.03370170332247243,0.2272939682006836
24,380,1,0.01,51,0.9988541603088379,0.0011651712702587247,0.03413460517215227,0.23147369921207428
24,380,1,0.01,52,0.9987819790840149,0.001238572527654469,0.03519335914138446,0.1815003603696823
24,380,1,0.01,53,0.9988049864768982,0.0012151484843343496,0.03485897996692315,0.24361076951026917
24,380,1,0.01,54,0.999131441116333,0.0008832038729451597,0.029718746153651228,0.18511341512203217
24,380,1,0.01,55,0.9992973208427429,0.0007145628333091736,0.026731308110699962,0.1530901938676834
24,380,1,0.01,56,0.9994927048683167,0.000515832332894206,0.022711942516971242,0.152754008769989
24,380,1,0.01,57,0.9996862411499023,0.0003190251300111413,0.01786127459088912,0.10491348803043365
24,380,1,0.01,58,0.9993639588356018,0.0006467674393206835,0.02543162282121775,0.11279019713401794
24,380,1,0.01,59,0.9994134306907654,0.0005964447627775371,0.02442221862930428,0.18365079164505005
24,380,1,0.01,60,0.9993436932563782,0.0006674089236184955,0.025834258720127727,0.14829635620117188
24,380,1,0.01,61,0.9994451403617859,0.0005642156465910375,0.023753223919944794,0.1203642264008522
24,380,1,0.01,62,0.9995764493942261,0.0004306694318074733,0.02075257651009805,0.10240238159894943
24,380,1,0.01,63,0.9995057582855225,0.0005025620921514928,0.022417896693300486,0.1686282604932785
24,380,1,0.01,64,0.9995421171188354,0.00046560412738472223,0.021577861974364426,0.11248321086168289
24,380,1,0.01,65,0.9989737868309021,0.0010435528820380569,0.0323040691250817,0.1797134280204773
24,380,1,0.01,66,0.9996331334114075,0.0003730320604518056,0.01931403791162805,0.10561694204807281
24,380,1,0.01,67,0.9993648529052734,0.0006458873976953328,0.02541431481852959,0.13198983669281006
24,380,1,0.01,68,0.9982402324676514,0.0017894740449264646,0.04230217541600508,0.23719000816345215
24,380,1,0.01,69,0.9995747804641724,0.0004324130422901362,0.020794543570132436,0.1279458850622177
24,380,1,0.01,70,0.9994505047798157,0.0005587821360677481,0.023638573054813358,0.1548176407814026
24,380,1,0.01,71,0.9994888305664062,0.0005197821883484721,0.022798732165374286,0.11996454745531082
24,380,1,0.01,72,0.9996411204338074,0.0003649496356956661,0.01910365503498391,0.10769026726484299
24,380,1,0.01,73,0.9994556903839111,0.0005534878582693636,0.023526322667798374,0.15401341021060944
24,380,1,0.01,74,0.9996901154518127,0.00031512469286099076,0.01775175182512956,0.08671415597200394
24,380,1,0.01,75,0.9993690848350525,0.0006415423704311252,0.025328686709561656,0.11003024131059647
24,380,1,0.01,76,0.9989418387413025,0.001076038577593863,0.03280302695779557,0.10793294757604599
24,380,1,0.01,77,0.9992637038230896,0.0007487059920094907,0.027362492430505866,0.16472263634204865
24,380,1,0.01,78,0.9995826482772827,0.0004244200245011598,0.02060145685385283,0.1514030396938324
24,380,1,0.01,79,0.9978150725364685,0.0022217929363250732,0.04713589859464942,0.2447812408208847
24,380,1,0.01,80,0.9993007779121399,0.000710997439455241,0.026664535237938068,0.1534554809331894
24,380,1,0.01,81,0.9995487332344055,0.00045887159649282694,0.021421288394791453,0.09222757071256638
24,380,1,0.01,82,0.9995213150978088,0.00048676051665097475,0.022062649810278338,0.15479935705661774
24,380,1,0.01,83,0.9993314146995544,0.0006798532558605075,0.026073995778562738,0.13504169881343842
24,380,1,0.01,84,0.9996373057365417,0.0003688397991936654,0.019205202399185106,0.09162624925374985
24,380,1,0.01,85,0.9996581077575684,0.00034766519092954695,0.018645782121690335,0.11969887465238571
24,380,1,0.01,86,0.999535858631134,0.00047199815162457526,0.021725518443171277,0.18193823099136353
24,380,1,0.01,87,0.9996151924133301,0.00039131875382736325,0.019781778328233367,0.14629854261875153
24,380,1,0.01,88,0.9997177124023438,0.000287065893644467,0.01694301902390678,0.10030406713485718
24,380,1,0.01,89,0.9996757507324219,0.00032970515894703567,0.018157785078225692,0.1108054518699646
24,380,1,0.01,90,0.9993290305137634,0.0006822627619840205,0.02612016006811636,0.09716832637786865
24,380,1,0.01,91,0.9993661642074585,0.000644534477032721,0.025387683569650876,0.11024454236030579
24,380,1,0.01,92,0.9990847110748291,0.0009307037107646465,0.03050743697468941,0.10209281742572784
24,380,1,0.01,93,0.9996307492256165,0.0003754713980015367,0.01937708435243901,0.11360277235507965
24,380,1,0.01,94,0.9994797110557556,0.0005290530389174819,0.023001152991045513,0.12645554542541504
24,380,1,0.01,95,0.9996676445007324,0.0003379443078301847,0.01838326162111024,0.10975950956344604
24,380,1,0.01,96,0.9995670914649963,0.0004402250633575022,0.020981541014842123,0.11338704824447632
24,380,1,0.01,97,0.999625027179718,0.00038129580207169056,0.019526797025413323,0.11837424337863922
24,380,1,0.01,98,0.9993519186973572,0.0006590393604710698,0.025671761927672003,0.17483970522880554
24,380,1,0.01,99,0.999247133731842,0.0007655730587430298,0.027668990923830777,0.11481544375419617
24,380,1,0.01,100,0.99933260679245,0.0006786809535697103,0.026051505783154075,0.11987325549125671
25,380,1,0.01,1,0.9924145936965942,0.007713391445577145,0.08782591556925065,0.4528889060020447
25,380,1,0.01,2,0.99714595079422,0.002902194857597351,0.05387202295809348,0.27667248249053955
25,380,1,0.01,3,0.9977734088897705,0.002264171140268445,0.04758330737000577,0.186426043510437
25,380,1,0.01,4,0.9985284805297852,0.0014963422436267138,0.038682583207778586,0.15108788013458252
25,380,1,0.01,5,0.9986867904663086,0.001335385488346219,0.03654292665272199,0.2192300707101822
25,380,1,0.01,6,0.9985966682434082,0.0014270045794546604,0.037775714148837215,0.15380294620990753
25,380,1,0.01,7,0.9986565113067627,0.001366155338473618,0.03696153863780048,0.21573437750339508
25,380,1,0.01,8,0.9989097714424133,0.0011086504673585296,0.033296403219545044,0.15590378642082214
25,380,1,0.01,9,0.9984598159790039,0.0015661517390981317,0.03957463504693545,0.18983860313892365
25,380,1,0.01,10,0.9989673495292664,0.0010500997304916382,0.03240524233039522,0.19468100368976593
25,380,1,0.01,11,0.9990648627281189,0.0009509219671599567,0.03083702267015992,0.15745411813259125
25,380,1,0.01,12,0.9989326596260071,0.0010853169951587915,0.03294414963478025,0.1455254852771759
25,380,1,0.01,13,0.9986209273338318,0.0014023210387676954,0.037447577208248005,0.146968811750412
25,380,1,0.01,14,0.9989676475524902,0.0010497408220544457,0.03239970404269838,0.1617261916399002
25,380,1,0.01,15,0.9988935589790344,0.0011250961106270552,0.03354245236453434,0.15460923314094543
25,380,1,0.01,16,0.9987109303474426,0.0013108064886182547,0.036205061643619044,0.21924751996994019
25,380,1,0.01,17,0.9988211393356323,0.001198737882077694,0.03462279425577453,0.19577737152576447
25,380,1,0.01,18,0.9991774559020996,0.0008364449022337794,0.028921357199028185,0.16070114076137543
25,380,1,0.01,19,0.9986235499382019,0.001399698667228222,0.037412546922499436,0.20280170440673828
25,380,1,0.01,20,0.9988203644752502,0.001199547084979713,0.034634478269200374,0.18393321335315704
25,380,1,0.01,21,0.9990012645721436,0.0010155558120459318,0.03186778643153509,0.17537710070610046
25,380,1,0.01,22,0.9992746710777283,0.0007375873974524438,0.027158560297859013,0.15130916237831116
25,380,1,0.01,23,0.9992076754570007,0.000805690127890557,0.028384681218758773,0.1116621270775795
25,380,1,0.01,24,0.9982808828353882,0.0017481381073594093,0.04181074153084838,0.1324882060289383
25,380,1,0.01,25,0.9987197518348694,0.0013018489116802812,0.03608114343643063,0.16979514062404633
25,380,1,0.01,26,0.9986196756362915,0.0014035810017958283,0.037464396455779564,0.14348815381526947
25,380,1,0.01,27,0.9986966252326965,0.0013253804063424468,0.03640577435438569,0.12165310233831406
25,380,1,0.01,28,0.999198317527771,0.0008152039372362196,0.02855177642873066,0.15231814980506897
25,380,1,0.01,29,0.999351978302002,0.0006589411059394479,0.025669848186918594,0.11285490542650223
25,380,1,0.01,30,0.9994595050811768,0.0005496236844919622,0.02344405435269169,0.09322729706764221
25,380,1,0.01,31,0.9993287324905396,0.0006825895980000496,0.026126415712838406,0.15906421840190887
25,380,1,0.01,32,0.9992181062698364,0.0007951032021082938,0.028197574401148298,0.11795518547296524
25,380,1,0.01,33,0.9994699954986572,0.0005389591678977013,0.02321549413425657,0.10385541617870331
25,380,1,0.01,34,0.99870765209198,0.001314162160269916,0.03625137459835028,0.1424679011106491
25,380,1,0.01,35,0.9992567896842957,0.0007557739736512303,0.0274913436130581,0.11667454242706299
25,380,1,0.01,36,0.9986469745635986,0.0013758456334471703,0.03709239320193792,0.2132747769355774
25,380,1,0.01,37,0.999311089515686,0.0007005166844464839,0.0264672757277073,0.13795004785060883
25,380,1,0.01,38,0.998455822467804,0.0015702297678217292,0.03962612481459333,0.1961660385131836
25,380,1,0.01,39,0.9993500113487244,0.0006609498523175716,0.025708944986474486,0.15152119100093842
25,380,1,0.01,40,0.9993682503700256,0.0006423867889679968,0.02534535044082044,0.14245249330997467
25,380,1,0.01,41,0.9992879629135132,0.000724051904398948,0.026908212582758967,0.20278921723365784
25,380,1,0.01,42,0.9995014071464539,0.0005070106708444655,0.0225168974515688,0.07868967950344086
25,380,1,0.01,43,0.9976714849472046,0.0023677940480411053,0.04865998405302971,0.16211530566215515
25,380,1,0.01,44,0.999416708946228,0.000593130593188107,0.024354272585895623,0.14243285357952118
25,380,1,0.01,45,0.9992339015007019,0.000779040390625596,0.027911295036697887,0.11353442817926407
25,380,1,0.01,46,0.9995463490486145,0.00046131719136610627,0.021478295820807253,0.10510492324829102
25,380,1,0.01,47,0.9990969300270081,0.0009183267247863114,0.030303906097833518,0.13282020390033722
25,380,1,0.01,48,0.9988905191421509,0.0011281986953690648,0.03358866915150204,0.17315968871116638
25,380,1,0.01,49,0.9995909333229065,0.00041598870302550495,0.020395801112618864,0.11111456900835037
25,380,1,0.01,50,0.9994930028915405,0.0005155446706339717,0.02270560879241012,0.1213965117931366
25,380,1,0.01,51,0.9958550930023193,0.004214860964566469,0.06492196057241702,0.4350222647190094
25,380,1,0.01,52,0.9991679787635803,0.0008460740209557116,0.029087351563105768,0.11917116492986679
25,380,1,0.01,53,0.999562680721283,0.0004447253013495356,0.02108851112216165,0.14920659363269806
25,380,1,0.01,54,0.999504804611206,0.0005035572103224695,0.022440080443761102,0.13230086863040924
25,380,1,0.01,55,0.9996155500411987,0.00039091071812435985,0.019771462215131177,0.0779537707567215
25,380,1,0.01,56,0.9992098212242126,0.0008034794009290636,0.028345712214179124,0.10501684248447418
25,380,1,0.01,57,0.9995772838592529,0.0004298384301364422,0.02073254519195466,0.1108030378818512
25,380,1,0.01,58,0.9991673827171326,0.0008466440485790372,0.02909714846130179,0.19359855353832245
25,380,1,0.01,59,0.9996373653411865,0.00036878211540170014,0.01920370056529991,0.08925919234752655
25,380,1,0.01,60,0.999521017074585,0.00048706383677199483,0.022069522803449895,0.10870762914419174
25,380,1,0.01,61,0.9987680912017822,0.0012526967329904437,0.035393456075812145,0.2505868673324585
25,380,1,0.01,62,0.9994572401046753,0.0005519141559489071,0.02349285329518122,0.13919579982757568
25,380,1,0.01,63,0.9992930293083191,0.0007188906893134117,0.02681213697774595,0.10311689227819443
25,380,1,0.01,64,0.9995154142379761,0.0004927839618176222,0.022198737842895982,0.07743833214044571
25,380,1,0.01,65,0.9996028542518616,0.0004038483020849526,0.020095977261256854,0.08773181587457657
25,380,1,0.01,66,0.9989588260650635,0.0010587245924398303,0.03253804838093136,0.18644872307777405
25,380,1,0.01,67,0.9989389777183533,0.0010789514053612947,0.032847395716575384,0.14153623580932617
25,380,1,0.01,68,0.9994096755981445,0.000600307306740433,0.02450116949740222,0.1561797559261322
25,380,1,0.01,69,0.9989256262779236,0.0010924877133220434,0.0330528018982059,0.17798443138599396
25,380,1,0.01,70,0.9994721412658691,0.0005367811536416411,0.023168538012607553,0.1317891925573349
25,380,1,0.01,71,0.9995977878570557,0.0004090240690857172,0.020224343477248333,0.09708505868911743
25,380,1,0.01,72,0.9991254806518555,0.0008892985060811043,0.02982110839793022,0.11994161456823349
25,380,1,0.01,73,0.9995841979980469,0.00042283188668079674,0.020562876420403754,0.08610538393259048
25,380,1,0.01,74,0.9993897676467896,0.0006205416284501553,0.02491067298268265,0.17014679312705994
25,380,1,0.01,75,0.9996925592422485,0.0003126429219264537,0.01768171151010144,0.11369835585355759
25,380,1,0.01,76,0.9994246363639832,0.0005850993329659104,0.024188826614077633,0.1216207891702652
25,380,1,0.01,77,0.9994834661483765,0.0005252318223938346,0.022917936695824835,0.14004303514957428
25,380,1,0.01,78,0.9995744824409485,0.0004327162750996649,0.020801833455242953,0.1011468693614006
25,380,1,0.01,79,0.9995827674865723,0.0004242987488396466,0.020598513267700815,0.14355036616325378
25,380,1,0.01,80,0.9994992613792419,0.0005092060891911387,0.02256559525452716,0.10808313637971878
25,380,1,0.01,81,0.9992227554321289,0.000790366786532104,0.028113462727527964,0.13970673084259033
25,380,1,0.01,82,0.9994486570358276,0.0005606281920336187,0.023677588391422356,0.19232095777988434
25,380,1,0.01,83,0.999663233757019,0.0003424766182433814,0.01850612380384886,0.13058020174503326
25,380,1,0.01,84,0.9991875290870667,0.0008262001792900264,0.028743698079579574,0.24260878562927246
25,380,1,0.01,85,0.9996672868728638,0.0003383422445040196,0.018394081779312052,0.10918347537517548
25,380,1,0.01,86,0.9990414381027222,0.0009747632429935038,0.031221198615580148,0.23730380833148956
25,380,1,0.01,87,0.9993898868560791,0.0006203844677656889,0.024907518298009718,0.1815388798713684
25,380,1,0.01,88,0.9995747804641724,0.0004324022738728672,0.020794284644412925,0.120576411485672
25,380,1,0.01,89,0.9986922144889832,0.0013298488920554519,0.03646709327675366,0.16078387200832367
25,380,1,0.01,90,0.9996677041053772,0.0003378785331733525,0.0183814725518211,0.1658708155155182
25,380,1,0.01,91,0.9995879530906677,0.00041897688060998917,0.020468924754612518,0.10377639532089233
25,380,1,0.01,92,0.9995211958885193,0.00048685731599107385,0.022064843439079142,0.09428687393665314
25,380,1,0.01,93,0.9996415376663208,0.00036448115133680403,0.01909138945537501,0.12426292896270752
25,380,1,0.01,94,0.9994716644287109,0.0005372399464249611,0.02317843710056744,0.15245452523231506
25,380,1,0.01,95,0.9987930059432983,0.0012273503234609962,0.035033559959858435,0.15567445755004883
25,380,1,0.01,96,0.998558521270752,0.001465794863179326,0.038285700505271233,0.27721765637397766
25,380,1,0.01,97,0.998935878276825,0.0010820836760103703,0.032895040295010586,0.15748609602451324
25,380,1,0.01,98,0.9995885491371155,0.0004184118006378412,0.02045511673488668,0.09461754560470581
25,380,1,0.01,99,0.9995538592338562,0.0004536831402219832,0.021299838971738337,0.1201484203338623
25,380,1,0.01,100,0.9996989369392395,0.00030612098635174334,0.01749631350747189,0.10829201340675354
26,380,1,0.01,1,0.9948334097862244,0.00525374710559845,0.0724827366039559,0.522587239742279
26,380,1,0.01,2,0.9974350333213806,0.002608264097943902,0.0510711669921875,0.22938741743564606
26,380,1,0.01,3,0.9978560209274292,0.0021801188122481108,0.04669174244176491,0.30903950333595276
26,380,1,0.01,4,0.9976352453231812,0.0024046774487942457,0.049037510630070176,0.3205817639827728
26,380,1,0.01,5,0.99835604429245,0.0016717102844268084,0.04088655383407617,0.16164958477020264
26,380,1,0.01,6,0.9986082315444946,0.0014152438379824162,0.03761972671328722,0.3674399256706238
26,380,1,0.01,7,0.9985483288764954,0.00147614860907197,0.0384206794457356,0.24395880103111267
26,380,1,0.01,8,0.9971172213554382,0.002931409515440464,0.0541424926969609,0.2712417542934418
26,380,1,0.01,9,0.9952126145362854,0.004868166521191597,0.06977224749993079,0.48267796635627747
26,380,1,0.01,10,0.999040961265564,0.0009752174955792725,0.031228472514346142,0.1365920752286911
26,380,1,0.01,11,0.9991099238395691,0.0009050999069586396,0.030084878376995968,0.17616549134254456
26,380,1,0.01,12,0.9984939694404602,0.0015314556658267975,0.03913381741955156,0.16151344776153564
26,380,1,0.01,13,0.9990540742874146,0.0009618649492040277,0.031013947655918098,0.14446264505386353
26,380,1,0.01,14,0.9988590478897095,0.0011602235026657581,0.03406205370593145,0.15863515436649323
26,380,1,0.01,15,0.9993621706962585,0.0006486088968813419,0.025467801178769674,0.16839157044887543
26,380,1,0.01,16,0.9990122318267822,0.0010044166119769216,0.03169253243237154,0.1456543207168579
26,380,1,0.01,17,0.9991853833198547,0.000828341580927372,0.028780923906771512,0.19937437772750854
26,380,1,0.01,18,0.9988870620727539,0.0011316853342577815,0.033640531123300975,0.20394200086593628
26,380,1,0.01,19,0.9976555705070496,0.002383962506428361,0.04882583851229143,0.27514323592185974
26,380,1,0.01,20,0.9988277554512024,0.0011919952230527997,0.03452528382291447,0.1452246755361557
26,380,1,0.01,21,0.9981634616851807,0.0018675349419936538,0.043214985155541286,0.22032366693019867
26,380,1,0.01,22,0.9988008141517639,0.0012193890288472176,0.034919751271267924,0.14421044290065765
26,380,1,0.01,23,0.9990352988243103,0.000980994082055986,0.03132082505388365,0.19259440898895264
26,380,1,0.01,24,0.9986323118209839,0.0013907653046771884,0.03729296588737866,0.29056990146636963
26,380,1,0.01,25,0.9993362426757812,0.0006749338353984058,0.02597948874397658,0.13851065933704376
26,380,1,0.01,26,0.999325156211853,0.0006862349691800773,0.026196086905873505,0.20230911672115326
26,380,1,0.01,27,0.999066174030304,0.0009495661361142993,0.030815031009465157,0.2364208847284317
26,380,1,0.01,28,0.9991858601570129,0.000827888201456517,0.028773046440314882,0.15812906622886658
26,380,1,0.01,29,0.999286949634552,0.0007250664639286697,0.02692705821155868,0.22328266501426697
26,380,1,0.01,30,0.9992380142211914,0.0007748567149974406,0.027836248220574563,0.09952016919851303
26,380,1,0.01,31,0.9992555975914001,0.0007569483132101595,0.027512693674196273,0.1791086047887802
26,380,1,0.01,32,0.997689962387085,0.002348980400711298,0.048466281069536356,0.22383429110050201
26,380,1,0.01,33,0.999377429485321,0.0006330919568426907,0.025161318662635525,0.11137473583221436
26,380,1,0.01,34,0.9986580610275269,0.001364592695608735,0.03694039382043368,0.2454146146774292
26,380,1,0.01,35,0.9962952733039856,0.0037672556936740875,0.061377974010829714,0.28025081753730774
26,380,1,0.01,36,0.9995663166046143,0.00044099846854805946,0.020999963536826902,0.11154595762491226
26,380,1,0.01,37,0.9995218515396118,0.00048620777670294046,0.02205011965280326,0.13019590079784393
26,380,1,0.01,38,0.9984419345855713,0.0015843772562220693,0.03980423666171817,0.27507278323173523
26,380,1,0.01,39,0.9992201328277588,0.0007930316496640444,0.02816081763131256,0.12819600105285645
26,380,1,0.01,40,0.9982841610908508,0.0017448141006752849,0.041770971986240454,0.29784560203552246
26,380,1,0.01,41,0.9989318251609802,0.0010862117633223534,0.03295772691376566,0.11357114464044571
26,380,1,0.01,42,0.9991650581359863,0.0008490410400554538,0.029138308805684892,0.21475130319595337
26,380,1,0.01,43,0.9993087649345398,0.0007028791005723178,0.026511867164956862,0.119440458714962
26,380,1,0.01,44,0.9993183612823486,0.000693111156579107,0.026327004322161437,0.15681982040405273
26,380,1,0.01,45,0.9984092712402344,0.0016175571363419294,0.04021886542832766,0.14816319942474365
26,380,1,0.01,46,0.9992879629135132,0.0007240217528305948,0.02690765230990238,0.13440509140491486
26,380,1,0.01,47,0.9994532465934753,0.0005559520213864744,0.023578634849932986,0.11283938586711884
26,380,1,0.01,48,0.9991718530654907,0.0008421461679972708,0.02901975478871713,0.13090623915195465
26,380,1,0.01,49,0.9978368878364563,0.0021995841525495052,0.046899724440016756,0.22193856537342072
26,380,1,0.01,50,0.9996238350868225,0.0003824902814812958,0.019557358755243403,0.1093549057841301
26,380,1,0.01,51,0.9994077086448669,0.000602295040152967,0.024541700025731042,0.15029042959213257
26,380,1,0.01,52,0.9995561838150024,0.0004512913874350488,0.021243619923050988,0.1466258317232132
26,380,1,0.01,53,0.9994915723800659,0.0005170055665075779,0.022737756408836338,0.1167265921831131
26,380,1,0.01,54,0.9994005560874939,0.0006095466669648886,0.02468899890568446,0.1045648604631424
26,380,1,0.01,55,0.9987397193908691,0.0012815231457352638,0.03579836791999411,0.1811412125825882
26,380,1,0.01,56,0.9995832443237305,0.00042381248204037547,0.020586706439845483,0.11980559676885605
26,380,1,0.01,57,0.9994773864746094,0.0005314563750289381,0.023053337611481293,0.14488139748573303
26,380,1,0.01,58,0.9989537000656128,0.0010639401152729988,0.0326180949056348,0.17522864043712616
26,380,1,0.01,59,0.9989549517631531,0.0010626738658174872,0.03259867889681248,0.16355150938034058
26,380,1,0.01,60,0.999427318572998,0.0005823530373163521,0.024131991988154484,0.1195467859506607
26,380,1,0.01,61,0.9990406632423401,0.0009755444480106235,0.031233706920739065,0.18111778795719147
26,380,1,0.01,62,0.9995660781860352,0.0004412704729475081,0.021006438844971036,0.171500563621521
26,380,1,0.01,63,0.9992603659629822,0.0007520901272073388,0.027424261652911255,0.12639600038528442
26,380,1,0.01,64,0.99931401014328,0.0006975782453082502,0.026411706595906487,0.14568713307380676
26,380,1,0.01,65,0.9992600083351135,0.000752490945160389,0.027431568405040005,0.1412191092967987
26,380,1,0.01,66,0.9995766878128052,0.00043043316691182554,0.020746883305976963,0.07133906334638596
26,380,1,0.01,67,0.999583899974823,0.0004231366328895092,0.020570285192225927,0.09256460517644882
26,380,1,0.01,68,0.99966961145401,0.00033595861168578267,0.018329173786228954,0.09804050624370575
26,380,1,0.01,69,0.9991821646690369,0.0008316341554746032,0.028838067817983284,0.15592311322689056
26,380,1,0.01,70,0.9993529915809631,0.0006579480832442641,0.025650498693870732,0.10917242616415024
26,380,1,0.01,71,0.9991012215614319,0.0009139268076978624,0.030231222398339475,0.11747047305107117
26,380,1,0.01,72,0.999476969242096,0.0005318510811775923,0.023061896738507705,0.12604764103889465
26,380,1,0.01,73,0.9992600679397583,0.0007524372776970267,0.027430590181347296,0.1287526935338974
26,380,1,0.01,74,0.9991386532783508,0.0008758894982747734,0.02959543036137122,0.13225878775119781
26,380,1,0.01,75,0.9995679259300232,0.00043935319990850985,0.020960753801056626,0.09879247099161148
26,380,1,0.01,76,0.9997078776359558,0.00029703014297410846,0.0172345624538051,0.056906651705503464
26,380,1,0.01,77,0.9995371103286743,0.00047067541163414717,0.021695055004174273,0.08323295414447784
26,380,1,0.01,78,0.9996263384819031,0.000379986478947103,0.019493241878843628,0.07684703171253204
26,380,1,0.01,79,0.9991156458854675,0.0008992927032522857,0.029988209403902157,0.1943199783563614
26,380,1,0.01,80,0.9990308880805969,0.0009854617528617382,0.03139206512578837,0.13224931061267853
26,380,1,0.01,81,0.9994939565658569,0.0005145686445757747,0.022684105549387983,0.15122023224830627
26,380,1,0.01,82,0.9989011883735657,0.0011173359816893935,0.03342657597914261,0.1330893635749817
26,380,1,0.01,83,0.9991664886474609,0.0008475594222545624,0.029112873823354545,0.08830278366804123
26,380,1,0.01,84,0.9996768236160278,0.0003286420542281121,0.018128487367348442,0.0974152535200119
26,380,1,0.01,85,0.9993800520896912,0.0006304258713498712,0.025108282923168426,0.1585957407951355
26,380,1,0.01,86,0.9996448755264282,0.00036109480424784124,0.019002494684852336,0.13692474365234375
26,380,1,0.01,87,0.9995476603507996,0.0004599571693688631,0.02144661207204679,0.12359169870615005
26,380,1,0.01,88,0.9981385469436646,0.0018928325735032558,0.043506695731844035,0.16956783831119537
26,380,1,0.01,89,0.9993144273757935,0.0006971476832404733,0.026403554367555766,0.11346524208784103
26,380,1,0.01,90,0.9996843338012695,0.00032100011594593525,0.017916476102904144,0.09939337521791458
26,380,1,0.01,91,0.9996404647827148,0.000365584361134097,0.019120260488133967,0.0949501097202301
26,380,1,0.01,92,0.999599039554596,0.0004077172779943794,0.020192010251443005,0.1172875240445137
26,380,1,0.01,93,0.999616265296936,0.0003902387397829443,0.0197544612627868,0.10949293524026871
26,380,1,0.01,94,0.9992439150810242,0.0007688626064918935,0.027728371868753737,0.15353792905807495
26,380,1,0.01,95,0.9992660284042358,0.0007463787915185094,0.02731993395889729,0.13871334493160248
26,380,1,0.01,96,0.9997150897979736,0.0002897330850828439,0.01702154767002237,0.06395626813173294
26,380,1,0.01,97,0.9996418356895447,0.0003642219817265868,0.019084600643623297,0.08779961615800858
26,380,1,0.01,98,0.9996268153190613,0.00037946939119137824,0.019479974106537675,0.07273036986589432
26,380,1,0.01,99,0.9995840191841125,0.0004230088961776346,0.020567180073545195,0.05591264367103577
26,380,1,0.01,100,0.9996581673622131,0.0003475841658655554,0.01864360924996969,0.0956028550863266
27,380,1,0.01,1,0.9952414631843567,0.00483880378305912,0.06956151078764118,0.3056595027446747
27,380,1,0.01,2,0.997100293636322,0.002948600333184004,0.05430101594983287,0.2694327235221863
27,380,1,0.01,3,0.998167872428894,0.001863035256974399,0.04316289212940207,0.17978690564632416
27,380,1,0.01,4,0.9982525706291199,0.0017768790712580085,0.042153043440041296,0.2287600189447403
27,380,1,0.01,5,0.9987583756446838,0.0012625523377209902,0.03553241249508665,0.1864594966173172
27,380,1,0.01,6,0.9989354610443115,0.001082472037523985,0.032900942806004585,0.26934418082237244
27,380,1,0.01,7,0.9981777667999268,0.0018529519438743591,0.04304592830773149,0.2943863570690155
27,380,1,0.01,8,0.9988506436347961,0.001168750342912972,0.034186990843199,0.23130743205547333
27,380,1,0.01,9,0.9990952014923096,0.0009200614877045155,0.03033251535406379,0.16754736006259918
27,380,1,0.01,10,0.9986924529075623,0.0013295880053192377,0.03646351608552359,0.20468296110630035
27,380,1,0.01,11,0.9986493587493896,0.001373443054035306,0.03705999263404279,0.29308468103408813
27,380,1,0.01,12,0.9978488683700562,0.002187409671023488,0.046769751667327546,0.3547821044921875
27,380,1,0.01,13,0.9989551901817322,0.0010624268325045705,0.032594889668544215,0.18572914600372314
27,380,1,0.01,14,0.99920254945755,0.0008109011687338352,0.028476326461357955,0.11206725984811783
27,380,1,0.01,15,0.9988787174224854,0.0011402133386582136,0.03376704515734555,0.2768927812576294
27,380,1,0.01,16,0.999028205871582,0.0009882147423923016,0.03143588303821449,0.23869289457798004
27,380,1,0.01,17,0.9984116554260254,0.0016151507152244449,0.040188937722020535,0.2870049774646759
27,380,1,0.01,18,0.9991218447685242,0.0008929494651965797,0.029882260041646444,0.18232378363609314
27,380,1,0.01,19,0.9988251328468323,0.0011946927988901734,0.034564328416594084,0.14404869079589844
27,380,1,0.01,20,0.9993411302566528,0.000670001725666225,0.025884391545219387,0.1406017243862152
27,380,1,0.01,21,0.998653769493103,0.0013689467450603843,0.03699928033165489,0.15985102951526642
27,380,1,0.01,22,0.9988721013069153,0.0011469288729131222,0.033866338345223006,0.18569131195545197
27,380,1,0.01,23,0.9991227984428406,0.0008919788524508476,0.029866015007878898,0.18596163392066956
27,380,1,0.01,24,0.9988343715667725,0.0011853178730234504,0.034428445695724494,0.14413969218730927
27,380,1,0.01,25,0.9991326928138733,0.00088193902047351,0.02969745814835859,0.15743063390254974
27,380,1,0.01,26,0.9994557499885559,0.000553407589904964,0.023524616679235475,0.13275864720344543
27,380,1,0.01,27,0.9993203282356262,0.0006911614327691495,0.026289949272852345,0.14786991477012634
27,380,1,0.01,28,0.9985061883926392,0.001519017037935555,0.038974569118023036,0.20730943977832794
27,380,1,0.01,29,0.9991861581802368,0.0008275819709524512,0.028767724466013143,0.11675851047039032
27,380,1,0.01,30,0.998688280582428,0.0013338684802874923,0.03652216423334592,0.16002562642097473
27,380,1,0.01,31,0.9993672370910645,0.0006434431415982544,0.025366181060582502,0.139769047498703
27,380,1,0.01,32,0.9991668462753296,0.0008472331683151424,0.029107270025118166,0.19850917160511017
27,380,1,0.01,33,0.9994746446609497,0.0005341976648196578,0.023112716517528997,0.09573699533939362
27,380,1,0.01,34,0.999476432800293,0.0005324046360328794,0.02307389512052266,0.11061696708202362
27,380,1,0.01,35,0.9993975162506104,0.0006126263760961592,0.02475129039254639,0.13315384089946747
27,380,1,0.01,36,0.9981719255447388,0.0018588961102068424,0.04311491749043297,0.22237007319927216
27,380,1,0.01,37,0.9988664984703064,0.0011526200687512755,0.03395025874350997,0.14735180139541626
27,380,1,0.01,38,0.9995396733283997,0.0004680835409089923,0.02163523840656701,0.15572375059127808
27,380,1,0.01,39,0.9984909892082214,0.0015344485873356462,0.03917203833521618,0.17029626667499542
27,380,1,0.01,40,0.9993929862976074,0.0006172304274514318,0.024844122593712818,0.15088321268558502
27,380,1,0.01,41,0.9992969036102295,0.0007149289012886584,0.02673815441066676,0.10824659466743469
27,380,1,0.01,42,0.9995054602622986,0.0005028677987866104,0.022424714017944807,0.10756544023752213
27,380,1,0.01,43,0.9994677901268005,0.0005412055179476738,0.02326382423308072,0.11980695277452469
27,380,1,0.01,44,0.9995904564857483,0.0004164405690971762,0.020406875534906763,0.1187848448753357
27,380,1,0.01,45,0.9982247948646545,0.0018051819643005729,0.04248743301613517,0.15411941707134247
27,380,1,0.01,46,0.9985701441764832,0.0014539548428729177,0.03813075979931317,0.15647763013839722
27,380,1,0.01,47,0.9987294673919678,0.001291944063268602,0.03594362340205286,0.18805435299873352
27,380,1,0.01,48,0.9985681772232056,0.0014560053823515773,0.03815763858458195,0.21051102876663208
27,380,1,0.01,49,0.9995216727256775,0.0004864153452217579,0.022054825894161075,0.08613824844360352
27,380,1,0.01,50,0.9990803003311157,0.0009352239430882037,0.030581431344660827,0.19380010664463043
27,380,1,0.01,51,0.9992896318435669,0.0007223571883514524,0.026876703450227156,0.14656609296798706
27,380,1,0.01,52,0.9990394115447998,0.0009767968440428376,0.03125374927977182,0.12991191446781158
27,380,1,0.01,53,0.998349666595459,0.0016781726153567433,0.040965505188594264,0.19501717388629913
27,380,1,0.01,54,0.999183714389801,0.0008300739573314786,0.028811004101410256,0.15116848051548004
27,380,1,0.01,55,0.9992715716362,0.0007407437078654766,0.02721660720709833,0.12366575002670288
27,380,1,0.01,56,0.9994872212409973,0.0005214408738538623,0.02283507989593779,0.12880559265613556
27,380,1,0.01,57,0.9992634057998657,0.0007490064017474651,0.02736798132393884,0.17977693676948547
27,380,1,0.01,58,0.9995105266571045,0.0004977508215233684,0.022310329928608593,0.10721054673194885
27,380,1,0.01,59,0.999450147151947,0.0005591060034930706,0.02364542246383157,0.12403032928705215
27,380,1,0.01,60,0.9989733099937439,0.0010440296027809381,0.03231144693109453,0.1810620129108429
27,380,1,0.01,61,0.999483048915863,0.0005256435833871365,0.022926918314224796,0.12530124187469482
27,380,1,0.01,62,0.9995866417884827,0.00042030957411043346,0.020501452975592572,0.12518739700317383
27,380,1,0.01,63,0.999559223651886,0.00044818854075856507,0.02117046387679224,0.10809782892465591
27,380,1,0.01,64,0.9988675713539124,0.0011515079531818628,0.03393387618857979,0.1835223138332367
27,380,1,0.01,65,0.9993646144866943,0.0006461215671151876,0.025418921438864938,0.15633347630500793
27,380,1,0.01,66,0.9995993375778198,0.00040741730481386185,0.020184580867926433,0.12252281606197357
27,380,1,0.01,67,0.9988853931427002,0.0011333863949403167,0.03366580453427954,0.14869990944862366
27,380,1,0.01,68,0.998628556728363,0.001394573599100113,0.037343990133622745,0.21605254709720612
27,380,1,0.01,69,0.9992085695266724,0.00080479885218665,0.02836897693232257,0.17153789103031158
27,380,1,0.01,70,0.9995335936546326,0.00047425777302123606,0.021777460205938525,0.12400025129318237
27,380,1,0.01,71,0.9996356964111328,0.0003704262198880315,0.01924645993132325,0.0851689949631691
27,380,1,0.01,72,0.99925696849823,0.0007555531919933856,0.02748732784381533,0.11216381937265396
27,380,1,0.01,73,0.9995115399360657,0.0004967284621670842,0.022287405909326555,0.1412144899368286
27,380,1,0.01,74,0.9996408224105835,0.0003652611339930445,0.019111806141572398,0.10924507677555084
27,380,1,0.01,75,0.999168336391449,0.0008457078947685659,0.029081057318614913,0.15288132429122925
27,380,1,0.01,76,0.998805820941925,0.0012143204221501946,0.03484710062760164,0.16735677421092987
27,380,1,0.01,77,0.9995800852775574,0.0004269848286639899,0.02066361122030682,0.09276755899190903
27,380,1,0.01,78,0.9994375705718994,0.0005719343898817897,0.023915149798439266,0.16340956091880798
27,380,1,0.01,79,0.9996344447135925,0.00037173638702370226,0.01928046646281418,0.09723156690597534
27,380,1,0.01,80,0.9994478821754456,0.0005614412948489189,0.02369475247494514,0.1387377679347992
27,380,1,0.01,81,0.9992924928665161,0.0007194524514488876,0.026822610824617496,0.11049270629882812
27,380,1,0.01,82,0.9996559619903564,0.00034986319951713085,0.018704630429846266,0.11542746424674988
27,380,1,0.01,83,0.9986700415611267,0.0013524231035262346,0.03677530562111258,0.1797226071357727
27,380,1,0.01,84,0.9986867904663086,0.0013353900285437703,0.036542988774096875,0.20246466994285583
27,380,1,0.01,85,0.9995906949043274,0.00041619071271270514,0.020400752748678298,0.11256130039691925
27,380,1,0.01,86,0.9995356798171997,0.0004721360746771097,0.021728692429069673,0.11269964277744293
27,380,1,0.01,87,0.99950110912323,0.0005073285428807139,0.022523954867667312,0.13205581903457642
27,380,1,0.01,88,0.9995214343070984,0.0004866417439188808,0.022059957931031528,0.11917093396186829
27,380,1,0.01,89,0.9994500279426575,0.0005592585075646639,0.02364864705569145,0.09945252537727356
27,380,1,0.01,90,0.9995135068893433,0.0004947232664562762,0.022242375467927795,0.09505812078714371
27,380,1,0.01,91,0.9994285702705383,0.0005810520960949361,0.02410502221726701,0.13140831887722015
27,380,1,0.01,92,0.9991440773010254,0.0008703828207217157,0.02950225111278317,0.18028536438941956
27,380,1,0.01,93,0.9994630813598633,0.0005459736566990614,0.023366079189694224,0.13402773439884186
27,380,1,0.01,94,0.9986670017242432,0.001355462707579136,0.03681660912657677,0.1408805549144745
27,380,1,0.01,95,0.9996660947799683,0.0003395584353711456,0.018427111422334906,0.10941372066736221
27,380,1,0.01,96,0.9993346333503723,0.0006766077713109553,0.026011685283944125,0.20773646235466003
27,380,1,0.01,97,0.999596118927002,0.00041070199222303927,0.02026578378013146,0.10858999937772751
27,380,1,0.01,98,0.9996471405029297,0.00035883489181287587,0.018942937782004034,0.0695425271987915
27,380,1,0.01,99,0.9995785355567932,0.00042856912477873266,0.020701911138316015,0.14227156341075897
27,380,1,0.01,100,0.9995942115783691,0.0004126598942093551,0.020314031953537807,0.12911950051784515
28,380,1,0.01,1,0.994694173336029,0.005395348649471998,0.07345303703368566,0.42918819189071655
28,380,1,0.01,2,0.9963400363922119,0.003721738001331687,0.06100604889133279,0.3500657379627228
28,380,1,0.01,3,0.9958160519599915,0.004254562314599752,0.06522700602204391,0.30934402346611023
28,380,1,0.01,4,0.9971203804016113,0.0029282053001224995,0.05411289402834134,0.3873961865901947
28,380,1,0.01,5,0.9987983107566833,0.001221932121552527,0.034956145690744095,0.28648486733436584
28,380,1,0.01,6,0.9985733032226562,0.0014507590094581246,0.038088830507881505,0.23399212956428528
28,380,1,0.01,7,0.9982095956802368,0.0018205957021564245,0.042668439181160873,0.23176884651184082
28,380,1,0.01,8,0.9986644387245178,0.0013581063831225038,0.036852494937554825,0.1691676676273346
28,380,1,0.01,9,0.9979272484779358,0.00210769847035408,0.04590967730614189,0.26361602544784546
28,380,1,0.01,10,0.9987564086914062,0.0012645769165828824,0.035560890267017815,0.19931913912296295
28,380,1,0.01,11,0.9992586970329285,0.0007537861820310354,0.02745516676385404,0.09058377146720886
28,380,1,0.01,12,0.999183177947998,0.0008305833907797933,0.02881984369804585,0.13251535594463348
28,380,1,0.01,13,0.9990844130516052,0.0009310207678936422,0.03051263292299834,0.16508859395980835
28,380,1,0.01,14,0.9990671277046204,0.0009486392373219132,0.03079998761885974,0.15389147400856018
28,380,1,0.01,15,0.9990618228912354,0.0009540262399241328,0.030887315194495828,0.15320561826229095
28,380,1,0.01,16,0.9991921186447144,0.0008215357083827257,0.028662444215082666,0.13125911355018616
28,380,1,0.01,17,0.9988079071044922,0.0012122082989662886,0.03481678185826899,0.14756539463996887
28,380,1,0.01,18,0.9992678761482239,0.0007444553775712848,0.0272847095929439,0.1915566772222519
28,380,1,0.01,19,0.995893120765686,0.0041761575266718864,0.06462319650614542,0.23140457272529602
28,380,1,0.01,20,0.9992380142211914,0.0007748198695480824,0.027835586387717475,0.1432591825723648
28,380,1,0.01,21,0.9994093179702759,0.0006006542243994772,0.024508248089153115,0.11579721421003342
28,380,1,0.01,22,0.9956238269805908,0.004450010601431131,0.06670839978167016,0.3259507715702057
28,380,1,0.01,23,0.9994271993637085,0.0005824652034789324,0.024134315890012966,0.16689758002758026
28,380,1,0.01,24,0.9994745254516602,0.0005343455704860389,0.0231159159560256,0.07292864471673965
28,380,1,0.01,25,0.9978951811790466,0.0021403045393526554,0.04626342550387569,0.3131975829601288
28,380,1,0.01,26,0.9991912841796875,0.0008223867625929415,0.028677286527719833,0.1280798316001892
28,380,1,0.01,27,0.9967204928398132,0.0033348393626511097,0.05774806804258572,0.24294348061084747
28,380,1,0.01,28,0.9988104104995728,0.0012096863938495517,0.034780546198263644,0.213583841919899
28,380,1,0.01,29,0.9991539716720581,0.0008603191236034036,0.029331197104847315,0.17922817170619965
28,380,1,0.01,30,0.9969290494918823,0.0031227366998791695,0.0558814521990899,0.24808265268802643
28,380,1,0.01,31,0.999462902545929,0.0005461482796818018,0.02336981556798859,0.13990923762321472
28,380,1,0.01,32,0.9992383122444153,0.0007745535694994032,0.02783080253063866,0.13708944618701935
28,380,1,0.01,33,0.9991772770881653,0.0008366017136722803,0.02892406806920977,0.16779401898384094
28,380,1,0.01,34,0.9987002611160278,0.0013216754887253046,0.036354855091518444,0.16373197734355927
28,380,1,0.01,35,0.9978392720222473,0.00219720508903265,0.0468743542785674,0.20835621654987335
28,380,1,0.01,36,0.9986485242843628,0.001374299405142665,0.03707154441269833,0.19390925765037537
28,380,1,0.01,37,0.9993125796318054,0.0006989993853494525,0.0264385965086926,0.09716098755598068
28,380,1,0.01,38,0.9994698762893677,0.0005390829755924642,0.023218160469607927,0.11372070014476776
28,380,1,0.01,39,0.9990866780281067,0.000928720401134342,0.03047491429248558,0.21933011710643768
28,380,1,0.01,40,0.9993858933448792,0.0006244582473300397,0.024989162597614984,0.1138419508934021
28,380,1,0.01,41,0.9992790818214417,0.000733081775251776,0.02707548291816373,0.16968508064746857
28,380,1,0.01,42,0.999201238155365,0.0008122071740217507,0.028499248657144465,0.15144962072372437
28,380,1,0.01,43,0.9987820386886597,0.0012384920846670866,0.035192216251141197,0.1671876758337021
28,380,1,0.01,44,0.9995822310447693,0.0004248197947163135,0.020611157044579363,0.13660675287246704
28,380,1,0.01,45,0.999444305896759,0.0005650527309626341,0.023770837826265906,0.12727366387844086
28,380,1,0.01,46,0.9993197917938232,0.0006916880374774337,0.026299962689658587,0.11962492763996124
28,380,1,0.01,47,0.9992974400520325,0.0007144225528463721,0.026728684083702516,0.13854223489761353
28,380,1,0.01,48,0.9993032813072205,0.0007084854296408594,0.02661738960981823,0.17151060700416565
28,380,1,0.01,49,0.9973624348640442,0.0026820870116353035,0.051788869572865784,0.24092401564121246
28,380,1,0.01,50,0.9974169731140137,0.002626592293381691,0.05125029066631419,0.27158933877944946
28,380,1,0.01,51,0.9989305138587952,0.0010875437874346972,0.032977928792371075,0.18040937185287476
28,380,1,0.01,52,0.9996189475059509,0.0003874714020639658,0.019684293283325306,0.12698738276958466
28,380,1,0.01,53,0.9994994401931763,0.0005089938640594482,0.022560892359555468,0.11265213787555695
28,380,1,0.01,54,0.9996552467346191,0.000350551592418924,0.01872302305769354,0.10442980378866196
28,380,1,0.01,55,0.9993739724159241,0.0006365691078826785,0.02523032120054516,0.1150926724076271
28,380,1,0.01,56,0.9995906352996826,0.0004162521508987993,0.020402258475443334,0.09412694722414017
28,380,1,0.01,57,0.9996064305305481,0.000400200136937201,0.020005002797730397,0.09845738857984543
28,380,1,0.01,58,0.9996114373207092,0.0003951340913772583,0.01987798006280463,0.12950804829597473
28,380,1,0.01,59,0.9994382262229919,0.0005712623824365437,0.023901095841750514,0.08927535265684128
28,380,1,0.01,60,0.9995630979537964,0.0004442627541720867,0.021077541464129223,0.07793660461902618
28,380,1,0.01,61,0.9988511204719543,0.0011682526674121618,0.03417971134184959,0.1575167179107666
28,380,1,0.01,62,0.9994633793830872,0.0005456922226585448,0.02336005613560346,0.12208473682403564
28,380,1,0.01,63,0.9994163513183594,0.0005934752989560366,0.02436134846341714,0.21925562620162964
28,380,1,0.01,64,0.9995341897010803,0.0004736843693535775,0.021764291152104574,0.09450778365135193
28,380,1,0.01,65,0.999608039855957,0.0003985913936048746,0.019964753782726063,0.10601245611906052
28,380,1,0.01,66,0.9994217157363892,0.0005880101234652102,0.02424892004740026,0.19027948379516602
28,380,1,0.01,67,0.9994980692863464,0.0005103832809254527,0.022591663969824195,0.10225729644298553
28,380,1,0.01,68,0.998070240020752,0.001962292706593871,0.04429777315615167,0.2236555516719818
28,380,1,0.01,69,0.9984225630760193,0.0016040613409131765,0.040050734586436446,0.19692595303058624
28,380,1,0.01,70,0.9993982315063477,0.0006119127501733601,0.024736870258247307,0.08938513696193695
28,380,1,0.01,71,0.9988976716995239,0.0011209123767912388,0.03348002952195889,0.1769886612892151
28,380,1,0.01,72,0.9994487762451172,0.0005605281912721694,0.023675476579620724,0.16781871020793915
28,380,1,0.01,73,0.9996110796928406,0.0003954852290917188,0.019886810430325894,0.07739406824111938
28,380,1,0.01,74,0.999619722366333,0.0003866678162012249,0.019663870834635406,0.1210591271519661
28,380,1,0.01,75,0.9993317723274231,0.0006795251392759383,0.026067702991938863,0.13022597134113312
28,380,1,0.01,76,0.9996159672737122,0.0003905008197762072,0.019761093587557527,0.08821100741624832
28,380,1,0.01,77,0.9993801712989807,0.0006302592228166759,0.02510496410705811,0.13407401740550995
28,380,1,0.01,78,0.999582052230835,0.0004249697958584875,0.020614795557038334,0.10982082784175873
28,380,1,0.01,79,0.999318540096283,0.000692967267241329,0.026324271447493643,0.0865355059504509
28,380,1,0.01,80,0.9995771050453186,0.0004300154687371105,0.020736814334345342,0.08828307688236237
28,380,1,0.01,81,0.9996626973152161,0.00034297394449822605,0.01851955573166446,0.07678484171628952
28,380,1,0.01,82,0.9995536804199219,0.0004538318607956171,0.021303329805352426,0.14347659051418304
28,380,1,0.01,83,0.9988575577735901,0.0011616896372288465,0.03408356843449416,0.2606292963027954
28,380,1,0.01,84,0.9984685182571411,0.0015573060372844338,0.039462717054004705,0.1950429081916809
28,380,1,0.01,85,0.9996009469032288,0.00040577116305939853,0.020143762385895006,0.12743434309959412
28,380,1,0.01,86,0.9994094967842102,0.0006004897877573967,0.024504893139073197,0.14144957065582275
28,380,1,0.01,87,0.9992948174476624,0.000717080372851342,0.026778356425504198,0.10733374953269958
28,380,1,0.01,88,0.9996174573898315,0.00038897068588994443,0.019722339767125615,0.12717004120349884
28,380,1,0.01,89,0.9994341135025024,0.0005754089797846973,0.02398768391872582,0.06893225014209747
28,380,1,0.01,90,0.9992659687995911,0.000746427511330694,0.027320825597530796,0.1108437329530716
28,380,1,0.01,91,0.9995424747467041,0.0004652348579838872,0.021569303604518326,0.09860902279615402
28,380,1,0.01,92,0.999610960483551,0.0003956093278247863,0.019889930312215434,0.10239724814891815
28,380,1,0.01,93,0.999170184135437,0.0008438242366537452,0.029048652923220813,0.10099361091852188
28,380,1,0.01,94,0.9990383386611938,0.0009778784587979317,0.031271048252304104,0.12901373207569122
28,380,1,0.01,95,0.9995083212852478,0.0004999492084607482,0.02235954401280912,0.0902637466788292
28,380,1,0.01,96,0.9993897080421448,0.0006205786485224962,0.02491141602804819,0.09403611719608307
28,380,1,0.01,97,0.9987916946411133,0.001228716573677957,0.035053053699755705,0.17725077271461487
28,380,1,0.01,98,0.9990324378013611,0.0009838622063398361,0.0313665778550966,0.13863509893417358
28,380,1,0.01,99,0.999548614025116,0.000459006754681468,0.02142444292581415,0.0980532318353653
28,380,1,0.01,100,0.9995951652526855,0.0004116555501241237,0.020289296442314694,0.08878482133150101
29,380,1,0.01,1,0.9919021129608154,0.008234519511461258,0.09074425332472166,0.4971565008163452
29,380,1,0.01,2,0.9942192435264587,0.005878290627151728,0.07667001126354246,0.2793809473514557
29,380,1,0.01,3,0.9965382814407349,0.00352014834061265,0.059330838023852736,0.24799543619155884
29,380,1,0.01,4,0.9969531893730164,0.0030982347670942545,0.055661789111510374,0.22573542594909668
29,380,1,0.01,5,0.9981723427772522,0.0018585111247375607,0.04311045261578172,0.2027551531791687
29,380,1,0.01,6,0.9980883002281189,0.0019439643947407603,0.044090411596409036,0.21267181634902954
29,380,1,0.01,7,0.9984367489814758,0.0015896104741841555,0.03986991941532056,0.2537877857685089
29,380,1,0.01,8,0.9988896250724792,0.0011291136033833027,0.03360228568688896,0.19771616160869598
29,380,1,0.01,9,0.9976927638053894,0.0023461899254471064,0.048437484714290296,0.3528994619846344
29,380,1,0.01,10,0.9985026717185974,0.0015225749230012298,0.039020186096445385,0.1941387951374054
29,380,1,0.01,11,0.9985506534576416,0.0014737704768776894,0.03838971837455557,0.16929510235786438
29,380,1,0.01,12,0.998925507068634,0.0010926001705229282,0.03305450302943501,0.11223600059747696
29,380,1,0.01,13,0.9987803101539612,0.0012402364518493414,0.03521699095393219,0.17695939540863037
29,380,1,0.01,14,0.9985077977180481,0.0015173632418736815,0.03895334699192974,0.16136232018470764
29,380,1,0.01,15,0.9989424347877502,0.001075417036190629,0.03279355174711378,0.17851708829402924
29,380,1,0.01,16,0.9990623593330383,0.0009534620912745595,0.0308781814761582,0.12990237772464752
29,380,1,0.01,17,0.9989684820175171,0.001048891106620431,0.03238658837575256,0.1566133350133896
29,380,1,0.01,18,0.9986274242401123,0.0013957106275483966,0.03735921074579061,0.1865164190530777
29,380,1,0.01,19,0.9990114569664001,0.0010051900753751397,0.031704732696793705,0.1480247527360916
29,380,1,0.01,20,0.9992707371711731,0.0007415874279104173,0.027232102891815338,0.10416136682033539
29,380,1,0.01,21,0.999117910861969,0.0008969591581262648,0.02994927642074621,0.12314963340759277
29,380,1,0.01,22,0.9993094205856323,0.0007022267091087997,0.026499560545578858,0.1059677004814148
29,380,1,0.01,23,0.9978935122489929,0.002142045646905899,0.04628223900057018,0.3253442943096161
29,380,1,0.01,24,0.999276876449585,0.0007353066466748714,0.027116538250205748,0.10391192883253098
29,380,1,0.01,25,0.999275803565979,0.0007363996701315045,0.027136684951030856,0.1534557342529297
29,380,1,0.01,26,0.9988194704055786,0.001200428232550621,0.03464719660449632,0.1906978189945221
29,380,1,0.01,27,0.9989242553710938,0.0010938975028693676,0.03307412134689851,0.2126050442457199
29,380,1,0.01,28,0.9986440539360046,0.0013788383221253753,0.03713271229152774,0.16481494903564453
29,380,1,0.01,29,0.9991042017936707,0.000910935050342232,0.030181700587313367,0.18699340522289276
29,380,1,0.01,30,0.9991711974143982,0.0008427727734670043,0.029030548969439147,0.11348555237054825
29,380,1,0.01,31,0.9989697933197021,0.001047593541443348,0.03236654973029019,0.19912774860858917
29,380,1,0.01,32,0.9993481040000916,0.0006628695409744978,0.025746252950176997,0.14754264056682587
29,380,1,0.01,33,0.9992954730987549,0.0007164363050833344,0.02676632782215996,0.15995055437088013
29,380,1,0.01,34,0.9986456036567688,0.0013772428501397371,0.03711122269798904,0.19465650618076324
29,380,1,0.01,35,0.9990953803062439,0.0009199022897519171,0.030329891027696045,0.18411092460155487
29,380,1,0.01,36,0.9990814328193665,0.0009340810938738286,0.030562740287379805,0.14504662156105042
29,380,1,0.01,37,0.9993962049484253,0.0006139736506156623,0.02477849169371821,0.1002618744969368
29,380,1,0.01,38,0.999508798122406,0.0004995049093849957,0.02234960647047271,0.1023154929280281
29,380,1,0.01,39,0.9984796047210693,0.0015460376162081957,0.03931968484370387,0.18186718225479126
29,380,1,0.01,40,0.9989719986915588,0.0010453498689457774,0.03233187079254427,0.19638146460056305
29,380,1,0.01,41,0.9993095993995667,0.0007020215271040797,0.026495688839961864,0.1547275185585022
29,380,1,0.01,42,0.9982844591140747,0.0017445087432861328,0.04176731668764625,0.18564020097255707
29,380,1,0.01,43,0.9992418885231018,0.0007709302590228617,0.027765630895458897,0.14956548810005188
29,380,1,0.01,44,0.9983826279640198,0.001644655829295516,0.0405543564773936,0.28974199295043945
29,380,1,0.01,45,0.9994112253189087,0.00059869623510167,0.024468269965440343,0.18348844349384308
29,380,1,0.01,46,0.9991717338562012,0.0008422472164966166,0.029021495766011384,0.13515585660934448
29,380,1,0.01,47,0.999308705329895,0.0007029340486042202,0.026512903435953975,0.10760036110877991
29,380,1,0.01,48,0.9994720220565796,0.000536868697963655,0.023170427228768463,0.13369683921337128
29,380,1,0.01,49,0.9993754029273987,0.0006351637421175838,0.025202455081153975,0.13222910463809967
29,380,1,0.01,50,0.9992861151695251,0.0007259012782014906,0.026942555153538994,0.13718056678771973
29,380,1,0.01,51,0.9986867904663086,0.0013353571994230151,0.036542539586391844,0.17088398337364197
29,380,1,0.01,52,0.9988193511962891,0.0012005777098238468,0.03464935367108378,0.1963583081960678
29,380,1,0.01,53,0.9982665777206421,0.0017626485787332058,0.041983908569036374,0.14853626489639282
29,380,1,0.01,54,0.9992009997367859,0.0008124673622660339,0.028503813118002895,0.12906591594219208
29,380,1,0.01,55,0.9995223879814148,0.0004856397572439164,0.02203723569878755,0.18560074269771576
29,380,1,0.01,56,0.9995555877685547,0.00045189785305410624,0.02125788919563996,0.12026797980070114
29,380,1,0.01,57,0.9994142055511475,0.0005957040702924132,0.02440704960236721,0.09007760137319565
29,380,1,0.01,58,0.9992616176605225,0.0007508120615966618,0.027400950012666746,0.12693820893764496
29,380,1,0.01,59,0.9974759817123413,0.002566617215052247,0.050661792457948496,0.19477969408035278
29,380,1,0.01,60,0.9987220168113708,0.0012995244469493628,0.03604891741716196,0.17211773991584778
29,380,1,0.01,61,0.9992666840553284,0.0007457158644683659,0.027307798601651615,0.15475432574748993
29,380,1,0.01,62,0.9989156723022461,0.0011026201536878943,0.03320572471258374,0.17851270735263824
29,380,1,0.01,63,0.9995121359825134,0.0004961113445460796,0.022273557069899717,0.09712037444114685
29,380,1,0.01,64,0.9991811513900757,0.0008326373063027859,0.02885545539933109,0.22011476755142212
29,380,1,0.01,65,0.9992449879646301,0.0007677313988097012,0.027707966342005348,0.12195296585559845
29,380,1,0.01,66,0.999646008014679,0.00035997116356156766,0.018972906038916854,0.11774986982345581
29,380,1,0.01,67,0.999278724193573,0.000733447726815939,0.027082240062741098,0.17506694793701172
29,380,1,0.01,68,0.9987857341766357,0.0012347643496468663,0.035139213845031686,0.2369898110628128
29,380,1,0.01,69,0.9994187951087952,0.0005910192849114537,0.024310888196679564,0.17997609078884125
29,380,1,0.01,70,0.9987789392471313,0.0012416368117555976,0.035236867223911915,0.12866608798503876
29,380,1,0.01,71,0.9991759657859802,0.0008379290229640901,0.028947003695790174,0.20683307945728302
29,380,1,0.01,72,0.9992930889129639,0.0007188213639892638,0.02681084414913607,0.09080550819635391
29,380,1,0.01,73,0.9995290040969849,0.000478949339594692,0.021884911231135756,0.1072925552725792
29,380,1,0.01,74,0.9994549751281738,0.0005542339640669525,0.02354217415760389,0.0842476338148117
29,380,1,0.01,75,0.9995285272598267,0.0004794465203303844,0.021896267269340325,0.07148697972297668
29,380,1,0.01,76,0.9993152022361755,0.0006963618216104805,0.026388668431932685,0.1396038830280304
29,380,1,0.01,77,0.9991025924682617,0.000912519812118262,0.030207942864721227,0.13453520834445953
29,380,1,0.01,78,0.9996148347854614,0.0003916333371307701,0.019789728071167884,0.09324859082698822
29,380,1,0.01,79,0.9992614984512329,0.0007509530987590551,0.027403523473434124,0.14638802409172058
29,380,1,0.01,80,0.99931401014328,0.0006975612486712635,0.026411384830623014,0.17409305274486542
29,380,1,0.01,81,0.9990842938423157,0.0009311673347838223,0.030515034569599003,0.114517942070961
29,380,1,0.01,82,0.9995995759963989,0.0004072020819876343,0.020179248796415448,0.08285138010978699
29,380,1,0.01,83,0.9991999268531799,0.0008135567768476903,0.02852291669601288,0.14598003029823303
29,380,1,0.01,84,0.9995728135108948,0.0004343818000052124,0.02084182813491207,0.09281857311725616
29,380,1,0.01,85,0.9994959831237793,0.0005125458119437099,0.02263947463930446,0.10680355876684189
29,380,1,0.01,86,0.9990305304527283,0.0009858018020167947,0.031397480822779315,0.12329325079917908
29,380,1,0.01,87,0.9991394877433777,0.0008750308770686388,0.029580920828612467,0.23313622176647186
29,380,1,0.01,88,0.9995951056480408,0.0004117117205169052,0.020290680632174596,0.10471319407224655
29,380,1,0.01,89,0.9996168613433838,0.00038961018435657024,0.0197385456494791,0.12920492887496948
29,380,1,0.01,90,0.998855710029602,0.0011635986156761646,0.034111561319824756,0.19055895507335663
29,380,1,0.01,91,0.9992398619651794,0.0007729866192676127,0.027802636912127827,0.11090847849845886
29,380,1,0.01,92,0.9995060563087463,0.0005023052799515426,0.022412168122507528,0.1365610510110855
29,380,1,0.01,93,0.999492347240448,0.0005162039888091385,0.022720122992825952,0.09363389760255814
29,380,1,0.01,94,0.9996552467346191,0.00035058154026046395,0.01872382280039159,0.13295088708400726
29,380,1,0.01,95,0.9996542930603027,0.00035151717020198703,0.01874879116641889,0.0705757886171341
29,380,1,0.01,96,0.9993086457252502,0.0007030133274383843,0.026514398492863914,0.13186141848564148
29,380,1,0.01,97,0.9995583295822144,0.0004490974824875593,0.021191920217091213,0.09009901434183121
29,380,1,0.01,98,0.9995180368423462,0.0004900901694782078,0.022137980248392305,0.08919098228216171
29,380,1,0.01,99,0.9988449215888977,0.001174566219560802,0.03427194507991634,0.1770045906305313
29,380,1,0.01,100,0.9996080994606018,0.00039849759195931256,0.019962404463373457,0.14411218464374542
