seed,max_neurons,layers,learn_rate,epoch,Hys_score,Hys_mse,Hys_rmse,Hys_mape
0,360,2,0.01,1,0.991693377494812,0.008438139222562313,0.09185934477538098,0.5045254826545715
0,360,2,0.01,2,0.9930037260055542,0.00710705853998661,0.08430337205584727,0.5867948532104492
0,360,2,0.01,3,0.9926280975341797,0.007488599047064781,0.08653669191195594,0.5185211896896362
0,360,2,0.01,4,0.9979610443115234,0.00207125605084002,0.04551105416094007,0.23741644620895386
0,360,2,0.01,5,0.9981378316879272,0.001891674124635756,0.0434933802392474,0.17951242625713348
0,360,2,0.01,6,0.9964107871055603,0.003646024502813816,0.06038231945539867,0.4390067458152771
0,360,2,0.01,7,0.9990320205688477,0.0009832845535129309,0.03135736840860424,0.1722332090139389
0,360,2,0.01,8,0.9988583326339722,0.0011597521370276809,0.03405513378372901,0.13955649733543396
0,360,2,0.01,9,0.9986793994903564,0.0013414814602583647,0.0366262400507937,0.15465636551380157
0,360,2,0.01,10,0.9984318017959595,0.0015930128283798695,0.03991256479330625,0.2753547132015228
0,360,2,0.01,11,0.9991356134414673,0.0008780653588473797,0.02963216763666438,0.15680226683616638
0,360,2,0.01,12,0.999001145362854,0.0010146397398784757,0.0318534101765961,0.218577578663826
0,360,2,0.01,13,0.9991244673728943,0.0008894061902537942,0.029822913845796394,0.18323850631713867
0,360,2,0.01,14,0.9991928339004517,0.000819923123344779,0.028634299770463726,0.15225940942764282
0,360,2,0.01,15,0.9976236820220947,0.0024139268789440393,0.049131729859063986,0.3570098876953125
0,360,2,0.01,16,0.9992997050285339,0.0007113568135537207,0.026671273189589596,0.1642790287733078
0,360,2,0.01,17,0.9986162781715393,0.0014056426007300615,0.03749190046836865,0.2140347957611084
0,360,2,0.01,18,0.999488890171051,0.0005191958625800908,0.022785869800823727,0.1251509189605713
0,360,2,0.01,19,0.9990208745002747,0.0009946225909516215,0.031537637688191254,0.18969187140464783
0,360,2,0.01,20,0.9992989897727966,0.0007120869122445583,0.026684956665592664,0.13995815813541412
0,360,2,0.01,21,0.9993634819984436,0.0006465877522714436,0.025428089827422028,0.11208124458789825
0,360,2,0.01,22,0.999471127986908,0.0005372581072151661,0.02317882885771337,0.108893983066082
0,360,2,0.01,23,0.9992969632148743,0.0007141746464185417,0.026724046220932593,0.16595637798309326
0,360,2,0.01,24,0.9991787672042847,0.0008342069340869784,0.028882640704876318,0.16887153685092926
0,360,2,0.01,25,0.9993909001350403,0.0006187587860040367,0.02487486253236461,0.13202133774757385
0,360,2,0.01,26,0.9990357756614685,0.0009795180521905422,0.03129725310934719,0.1423889696598053
0,360,2,0.01,27,0.9991995096206665,0.0008131412323564291,0.028515631368714756,0.20511765778064728
0,360,2,0.01,28,0.9992921352386475,0.0007190612959675491,0.026815318308152696,0.11445150524377823
0,360,2,0.01,29,0.9992532730102539,0.0007585725979879498,0.027542196680510975,0.10083537548780441
0,360,2,0.01,30,0.9988677501678467,0.00115015369374305,0.033913915930529906,0.22404727339744568
0,360,2,0.01,31,0.9995604157447815,0.00044655860983766615,0.02113193341456636,0.09412677586078644
0,360,2,0.01,32,0.9994574189186096,0.0005511523340828717,0.02347663378942713,0.12213573604822159
0,360,2,0.01,33,0.999549925327301,0.0004571908211801201,0.021382020979788606,0.10591483116149902
0,360,2,0.01,34,0.9994949102401733,0.0005130574572831392,0.022650771670809346,0.10197972506284714
0,360,2,0.01,35,0.9987629652023315,0.0012566485675051808,0.03544923930784948,0.17824618518352509
0,360,2,0.01,36,0.9995031952857971,0.000504682888276875,0.022465148303024287,0.14481666684150696
0,360,2,0.01,37,0.9986656904220581,0.0013554248725995421,0.03681609529267793,0.1399724930524826
0,360,2,0.01,38,0.9990091919898987,0.0010065102251246572,0.03172554530854682,0.12965381145477295
0,360,2,0.01,39,0.9992966651916504,0.0007144822156988084,0.026729800143263482,0.11259687691926956
0,360,2,0.01,40,0.999127209186554,0.0008865892887115479,0.029775649257598864,0.10118984431028366
0,360,2,0.01,41,0.9991385340690613,0.0008751223213039339,0.02958246645065171,0.18475434184074402
0,360,2,0.01,42,0.9991273880004883,0.0008864211267791688,0.02977282530730278,0.14330798387527466
0,360,2,0.01,43,0.9989537000656128,0.001062889932654798,0.03260199277122179,0.17723344266414642
0,360,2,0.01,44,0.9991629719734192,0.0008503024000674486,0.029159945131420405,0.17816172540187836
0,360,2,0.01,45,0.9996289014816284,0.00037695065839216113,0.01941521718632478,0.10666751116514206
0,360,2,0.01,46,0.9996455907821655,0.0003600070485845208,0.018973851706612466,0.11629743129014969
0,360,2,0.01,47,0.9993687868118286,0.0006412274087779224,0.025322468457437602,0.17544686794281006
0,360,2,0.01,48,0.9973783493041992,0.002663171151652932,0.05160592167235202,0.2043873518705368
0,360,2,0.01,49,0.9993981122970581,0.0006113944691605866,0.024726392158189732,0.09729238599538803
0,360,2,0.01,50,0.9996221661567688,0.00038383714854717255,0.019591762262419696,0.11687624454498291
0,360,2,0.01,51,0.9996951818466187,0.0003096259315498173,0.01759619082500009,0.0962597131729126
0,360,2,0.01,52,0.9995542168617249,0.0004528512654360384,0.02128030228723357,0.10679063200950623
0,360,2,0.01,53,0.9995530843734741,0.00045400767703540623,0.02130745590246302,0.1143062487244606
0,360,2,0.01,54,0.9993882179260254,0.0006214696331880987,0.024929292673240826,0.11848771572113037
0,360,2,0.01,55,0.9995986223220825,0.00040775607340037823,0.02019297089089117,0.13532020151615143
0,360,2,0.01,56,0.9994622468948364,0.0005462486878968775,0.02337196371503425,0.0910148024559021
0,360,2,0.01,57,0.9997323155403137,0.000271902943495661,0.016489479782444957,0.11561920493841171
0,360,2,0.01,58,0.9997510313987732,0.0002529058838263154,0.01590301492882137,0.10473334044218063
0,360,2,0.01,59,0.9993715286254883,0.00063845026306808,0.025267573351394075,0.15347187221050262
0,360,2,0.01,60,0.9996222853660583,0.00038366831722669303,0.01958745305614523,0.11803153157234192
0,360,2,0.01,61,0.9980640411376953,0.001966633601114154,0.044346742846731756,0.1867567002773285
0,360,2,0.01,62,0.9992900490760803,0.0007211712072603405,0.026854631020744642,0.1199970543384552
0,360,2,0.01,63,0.9994743466377258,0.0005339845083653927,0.023108104819854713,0.12027174234390259
0,360,2,0.01,64,0.9994639754295349,0.0005445326096378267,0.023335222510998833,0.1049325168132782
0,360,2,0.01,65,0.999627947807312,0.000377962423954159,0.019441255719581465,0.10312958806753159
0,360,2,0.01,66,0.9995280504226685,0.00047944276593625546,0.02189618153779913,0.11392977833747864
0,360,2,0.01,67,0.9996597170829773,0.00034568735281936824,0.01859266933012493,0.09341433644294739
0,360,2,0.01,68,0.9996798634529114,0.0003252304741181433,0.01803414744639023,0.08733094483613968
0,360,2,0.01,69,0.999688982963562,0.0003159542102366686,0.017775100850253103,0.09008686244487762
0,360,2,0.01,70,0.9995248317718506,0.0004827195079997182,0.021970878635132418,0.09877680242061615
0,360,2,0.01,71,0.9990589618682861,0.0009559426107443869,0.03091832160296524,0.14207246899604797
0,360,2,0.01,72,0.9996258020401001,0.0003801454440690577,0.0194973188943777,0.08171527832746506
0,360,2,0.01,73,0.9995516538619995,0.00045543472515419126,0.021340916689640846,0.10353142768144608
0,360,2,0.01,74,0.9997493028640747,0.0002546424511820078,0.015957520207789424,0.08525900542736053
0,360,2,0.01,75,0.9994565844535828,0.000552009732928127,0.02349488737849422,0.1247655600309372
0,360,2,0.01,76,0.9994363784790039,0.000572547665797174,0.02392796827558023,0.10901523381471634
0,360,2,0.01,77,0.9995452165603638,0.00046198838390409946,0.021493915043660602,0.1416286677122116
0,360,2,0.01,78,0.9993252754211426,0.0006853833328932524,0.026179826830849212,0.13061033189296722
0,360,2,0.01,79,0.9992732405662537,0.0007382688345387578,0.0271711029319525,0.11917676031589508
0,360,2,0.01,80,0.9993854761123657,0.0006242612726055086,0.024985221083782882,0.08733869343996048
0,360,2,0.01,81,0.999732494354248,0.0002717255847528577,0.01648410096889902,0.07854139804840088
0,360,2,0.01,82,0.9995120167732239,0.0004957087803632021,0.022264518417500122,0.1324954330921173
0,360,2,0.01,83,0.9985950589179993,0.0014272049302235246,0.037778365901975225,0.14424750208854675
0,360,2,0.01,84,0.9996920228004456,0.000312873104121536,0.017688219359832013,0.08509814739227295
0,360,2,0.01,85,0.9996551275253296,0.0003503563639242202,0.018717808737248605,0.09845918416976929
0,360,2,0.01,86,0.9996554255485535,0.00035002685035578907,0.018709004526050795,0.10341355949640274
0,360,2,0.01,87,0.9998175501823425,0.00018532465037424117,0.013613399662620693,0.08113767206668854
0,360,2,0.01,88,0.9942639470100403,0.005826844368129969,0.07633376951343336,0.3675299882888794
0,360,2,0.01,89,0.9995759725570679,0.00043072813423350453,0.020753990802578295,0.11546847969293594
0,360,2,0.01,90,0.9996407628059387,0.0003649375285021961,0.019103338150757737,0.08596043288707733
0,360,2,0.01,91,0.9997237324714661,0.0002806138654705137,0.016751533227454544,0.09776408970355988
0,360,2,0.01,92,0.9998392462730408,0.00016328369383700192,0.012778250812885226,0.06533545255661011
0,360,2,0.01,93,0.9988141059875488,0.0012046655174344778,0.034708291767738694,0.16126039624214172
0,360,2,0.01,94,0.9997655749320984,0.00023811102437321097,0.015430846521601172,0.08346932381391525
0,360,2,0.01,95,0.9997519850730896,0.0002519505505915731,0.015872950280006962,0.09347638487815857
0,360,2,0.01,96,0.9995316863059998,0.00047572542098350823,0.021811130667242086,0.1027524322271347
0,360,2,0.01,97,0.9997381567955017,0.00026597228134050965,0.016308656638132697,0.09171177446842194
0,360,2,0.01,98,0.9996781945228577,0.0003269297012593597,0.018081197450925637,0.1075497716665268
0,360,2,0.01,99,0.9997338056564331,0.00027043509180657566,0.016444910817835882,0.0875805988907814
0,360,2,0.01,100,0.9997010827064514,0.0003036738489754498,0.017426240242101845,0.11923622339963913
1,360,2,0.01,1,0.9946815371513367,0.005402668379247189,0.07350284606222529,0.46478399634361267
1,360,2,0.01,2,0.9976363182067871,0.002401096513494849,0.04900098482168342,0.2540566623210907
1,360,2,0.01,3,0.9980828762054443,0.0019474755972623825,0.044130211842482496,0.24190716445446014
1,360,2,0.01,4,0.998602569103241,0.0014195282710716128,0.0376766276499319,0.21467019617557526
1,360,2,0.01,5,0.998615562915802,0.0014063477283343673,0.03750130302182002,0.17697274684906006
1,360,2,0.01,6,0.9990876913070679,0.000926779757719487,0.030443057627634693,0.1844235062599182
1,360,2,0.01,7,0.9987614154815674,0.0012582020135596395,0.03547114339233568,0.18383753299713135
1,360,2,0.01,8,0.9991913437843323,0.00082143594045192,0.028660703767561607,0.19513648748397827
1,360,2,0.01,9,0.9990664720535278,0.0009483310277573764,0.030794983808363603,0.1980336457490921
1,360,2,0.01,10,0.9992997646331787,0.0007113339961506426,0.026670845433743616,0.15122394263744354
1,360,2,0.01,11,0.9993849992752075,0.0006247452110983431,0.024994903702521904,0.14133471250534058
1,360,2,0.01,12,0.9994550347328186,0.0005535954842343926,0.023528609908670606,0.10534361749887466
1,360,2,0.01,13,0.9990822076797485,0.0009323290432803333,0.03053406365488114,0.17166586220264435
1,360,2,0.01,14,0.9994507431983948,0.0005579415592364967,0.023620786592247447,0.10058459639549255
1,360,2,0.01,15,0.9991481900215149,0.0008652808610349894,0.029415656733022117,0.1597839891910553
1,360,2,0.01,16,0.9993005394935608,0.0007105230470187962,0.026655638184421626,0.1651621013879776
1,360,2,0.01,17,0.9994392991065979,0.000569577154237777,0.02386581559967681,0.10646258294582367
1,360,2,0.01,18,0.9995207786560059,0.00048682658234611154,0.02206414698886208,0.17622864246368408
1,360,2,0.01,19,0.9995536804199219,0.0004533967294264585,0.02129311460135549,0.1607990711927414
1,360,2,0.01,20,0.9994872808456421,0.0005208074580878019,0.02282120632411446,0.12029565870761871
1,360,2,0.01,21,0.9941489100456238,0.005943706259131432,0.07709543604605548,0.45835205912590027
1,360,2,0.01,22,0.9992228150367737,0.000789460027590394,0.02809733132506349,0.14203958213329315
1,360,2,0.01,23,0.9996012449264526,0.00040503882337361574,0.020125576348855596,0.11939551681280136
1,360,2,0.01,24,0.999536395072937,0.000470938190119341,0.02170111034300644,0.15040786564350128
1,360,2,0.01,25,0.9994446635246277,0.0005641251336783171,0.02375131856715153,0.15823787450790405
1,360,2,0.01,26,0.9990513920783997,0.0009636337636038661,0.031042450992211715,0.11855814605951309
1,360,2,0.01,27,0.9966391324996948,0.0034140946809202433,0.05843025484216412,0.18541255593299866
1,360,2,0.01,28,0.9995208382606506,0.0004867342358920723,0.022062054208347698,0.1631048321723938
1,360,2,0.01,29,0.9997246861457825,0.00027966880588792264,0.016723301285569266,0.11319342255592346
1,360,2,0.01,30,0.9990013241767883,0.0010144676780328155,0.031850709223388035,0.16787119209766388
1,360,2,0.01,31,0.9995552897453308,0.000451764470199123,0.021254751708714995,0.10883963108062744
1,360,2,0.01,32,0.9990132451057434,0.0010023904033005238,0.03166054963674073,0.16266098618507385
1,360,2,0.01,33,0.9995229840278625,0.0004845954244956374,0.022013528215523232,0.12786132097244263
1,360,2,0.01,34,0.9991214275360107,0.0008924590656533837,0.02987405338505948,0.17776887118816376
1,360,2,0.01,35,0.9992578029632568,0.0007539296639151871,0.027457779661057575,0.18388710916042328
1,360,2,0.01,36,0.9996035099029541,0.000402794306864962,0.02006973609355544,0.11875806748867035
1,360,2,0.01,37,0.999380886554718,0.000628887617494911,0.025077631815921354,0.127948597073555
1,360,2,0.01,38,0.9995587468147278,0.00044823496136814356,0.021171560201556795,0.10543384402990341
1,360,2,0.01,39,0.9989296793937683,0.001087275450117886,0.03297386010338926,0.15578174591064453
1,360,2,0.01,40,0.9995363354682922,0.00047101013478823006,0.02170276790615036,0.14252646267414093
1,360,2,0.01,41,0.9996679425239563,0.0003372959326952696,0.018365618222517574,0.07766290009021759
1,360,2,0.01,42,0.9986931681632996,0.0013275054516270757,0.036434948217708166,0.10968533158302307
1,360,2,0.01,43,0.9980778098106384,0.0019526320975273848,0.04418859691738791,0.18982402980327606
1,360,2,0.01,44,0.9996512532234192,0.0003542539197951555,0.01882163435504886,0.10184207558631897
1,360,2,0.01,45,0.9995869994163513,0.0004195530782453716,0.02048299485537629,0.09254235774278641
1,360,2,0.01,46,0.9997658133506775,0.00023786589736118913,0.015422901716641688,0.10697979480028152
1,360,2,0.01,47,0.9997674226760864,0.0002362692466704175,0.015371052230423832,0.09652253240346909
1,360,2,0.01,48,0.9997149109840393,0.00028960933559574187,0.017017912198496674,0.061058416962623596
1,360,2,0.01,49,0.9995300769805908,0.0004773423133883625,0.02184816498904113,0.12693631649017334
1,360,2,0.01,50,0.9995923042297363,0.00041416651220060885,0.02035108135212006,0.11581747233867645
1,360,2,0.01,51,0.9997649788856506,0.00023874275211710483,0.015451302602599718,0.07877802103757858
1,360,2,0.01,52,0.9994441270828247,0.0005646763020195067,0.023762918634282,0.14539365470409393
1,360,2,0.01,53,0.9995447397232056,0.0004624650755431503,0.021505001175148777,0.1069895476102829
1,360,2,0.01,54,0.9996544718742371,0.0003510275564622134,0.018735729408331382,0.09913218766450882
1,360,2,0.01,55,0.9997830390930176,0.00022040153271518648,0.014845926468738368,0.08182472735643387
1,360,2,0.01,56,0.9992603063583374,0.0007513982127420604,0.027411643743892128,0.1367875188589096
1,360,2,0.01,57,0.9995737671852112,0.00043296461808495224,0.020807801856153673,0.09224554151296616
1,360,2,0.01,58,0.9997238516807556,0.00028054413269273937,0.016749451713197642,0.07246971875429153
1,360,2,0.01,59,0.9994261860847473,0.0005828790017403662,0.024142887187334622,0.11174120008945465
1,360,2,0.01,60,0.9997352957725525,0.0002689145621843636,0.016398614642230105,0.12302444130182266
1,360,2,0.01,61,0.999588668346405,0.0004178451490588486,0.020441260945911546,0.09874667972326279
1,360,2,0.01,62,0.9993963241577148,0.0006132569978944957,0.024764026286016087,0.0970332995057106
1,360,2,0.01,63,0.9996159672737122,0.0003901106247212738,0.01975121830979734,0.07769763469696045
1,360,2,0.01,64,0.9995436668395996,0.00046358496183529496,0.021531023241715543,0.08889282494783401
1,360,2,0.01,65,0.9991940259933472,0.0008187270723283291,0.028613407212849173,0.12233620882034302
1,360,2,0.01,66,0.9992802739143372,0.0007310944492928684,0.02703875827941935,0.10163591802120209
1,360,2,0.01,67,0.9990967512130737,0.0009175190352834761,0.030290576674660324,0.10937061160802841
1,360,2,0.01,68,0.999628484249115,0.0003773855569306761,0.019426413897852483,0.10438916087150574
1,360,2,0.01,69,0.9997952580451965,0.00020800203492399305,0.01442227564997955,0.08564648032188416
1,360,2,0.01,70,0.9997080564498901,0.0002965595049317926,0.017220903139260512,0.10876185446977615
1,360,2,0.01,71,0.9997876882553101,0.00021568489319179207,0.014686214392817233,0.07868821173906326
1,360,2,0.01,72,0.9997687339782715,0.00023493138724006712,0.015327471651908776,0.09242534637451172
1,360,2,0.01,73,0.9996318221092224,0.0003739875101018697,0.019338756684489044,0.11008940637111664
1,360,2,0.01,74,0.9991008639335632,0.0009133488638326526,0.030221662161976675,0.1225195825099945
1,360,2,0.01,75,0.9996641874313354,0.0003411306533962488,0.018469722612866953,0.0950901061296463
1,360,2,0.01,76,0.9982244968414307,0.001803640159778297,0.042469284898362686,0.15601584315299988
1,360,2,0.01,77,0.9996552467346191,0.00035020930226892233,0.018713879936264482,0.11940540373325348
1,360,2,0.01,78,0.9995354413986206,0.00047190231271088123,0.021723312655092024,0.07871680706739426
1,360,2,0.01,79,0.9995204210281372,0.0004871771379839629,0.022072089569951527,0.10193207114934921
1,360,2,0.01,80,0.9996728897094727,0.00033227569656446576,0.01822843099568544,0.07946083694696426
1,360,2,0.01,81,0.9997468590736389,0.00025714520597830415,0.016035747752390722,0.07461255043745041
1,360,2,0.01,82,0.9993963241577148,0.0006132397684268653,0.024763678410665596,0.09006014466285706
1,360,2,0.01,83,0.9995181560516357,0.0004894704325124621,0.02212397867727372,0.11276865005493164
1,360,2,0.01,84,0.9996724724769592,0.0003327108279336244,0.0182403626042254,0.09708002209663391
1,360,2,0.01,85,0.9997003674507141,0.0003043554606847465,0.017445786330364893,0.09596492350101471
1,360,2,0.01,86,0.9996646046638489,0.00034071088884957135,0.018458355529395662,0.08007842302322388
1,360,2,0.01,87,0.999721348285675,0.00028307578759267926,0.01682485624285329,0.09481360763311386
1,360,2,0.01,88,0.9997962713241577,0.00020693466649390757,0.014385223894465723,0.06413442641496658
1,360,2,0.01,89,0.9995742440223694,0.00043247229768894613,0.020795968303710846,0.1163029745221138
1,360,2,0.01,90,0.9996805787086487,0.00032446125987917185,0.018012808217464923,0.06928803771734238
1,360,2,0.01,91,0.9996369481086731,0.00036878028186038136,0.01920365282596989,0.10773054510354996
1,360,2,0.01,92,0.9997484683990479,0.0002555426035542041,0.015985699970730217,0.07326314598321915
1,360,2,0.01,93,0.9997279047966003,0.0002763863594736904,0.016624871712999485,0.07933028042316437
1,360,2,0.01,94,0.9995613694190979,0.00044558773515746,0.021108949172269565,0.16372673213481903
1,360,2,0.01,95,0.9995533227920532,0.00045376390335150063,0.02130173474981558,0.08688060194253922
1,360,2,0.01,96,0.9997403621673584,0.0002637233701534569,0.01623956188305143,0.07303126156330109
1,360,2,0.01,97,0.9997379779815674,0.00026615147362463176,0.01631414949130453,0.0645768865942955
1,360,2,0.01,98,0.9997394680976868,0.00026466621784493327,0.016268565328415818,0.0621887668967247
1,360,2,0.01,99,0.9994606971740723,0.0005478148232214153,0.023405444307284903,0.07403287291526794
1,360,2,0.01,100,0.9997783899307251,0.00022512185387313366,0.015004061245980492,0.0754779726266861
2,360,2,0.01,1,0.9951210021972656,0.004956269636750221,0.07040077866579475,0.5545120239257812
2,360,2,0.01,2,0.997697114944458,0.00233936938457191,0.04836702786580865,0.34613218903541565
2,360,2,0.01,3,0.9984458684921265,0.001578724943101406,0.039733171822815834,0.20688210427761078
2,360,2,0.01,4,0.9984408617019653,0.001583826495334506,0.03979731769019749,0.22672802209854126
2,360,2,0.01,5,0.9990639686584473,0.0009508238290436566,0.030835431390587947,0.20910431444644928
2,360,2,0.01,6,0.9990339279174805,0.0009813446085900068,0.03132642029645275,0.2250724583864212
2,360,2,0.01,7,0.9992574453353882,0.0007542807143181562,0.02746417146607842,0.18609364330768585
2,360,2,0.01,8,0.9992115497589111,0.0008009537123143673,0.028301125636878248,0.1812373846769333
2,360,2,0.01,9,0.9993163347244263,0.0006945185596123338,0.02635372003365623,0.1313180923461914
2,360,2,0.01,10,0.9925106167793274,0.007607972715049982,0.08722369354166322,0.6073712706565857
2,360,2,0.01,11,0.9991505146026611,0.0008629535441286862,0.029376070944370457,0.11674223840236664
2,360,2,0.01,12,0.9991308450698853,0.0008829272701404989,0.02971409211368402,0.13167652487754822
2,360,2,0.01,13,0.9989010095596313,0.0011163604212924838,0.033411980206094996,0.1615149974822998
2,360,2,0.01,14,0.9993955492973328,0.0006140173645690084,0.02477937377273704,0.14714857935905457
2,360,2,0.01,15,0.9987120628356934,0.0013083250960335135,0.03617077682374977,0.17263109982013702
2,360,2,0.01,16,0.9993466138839722,0.0006637194310314953,0.025762752784426888,0.16703705489635468
2,360,2,0.01,17,0.9992990493774414,0.0007120341178961098,0.026683967431701566,0.15679572522640228
2,360,2,0.01,18,0.9994799494743347,0.000528298900462687,0.022984753652425492,0.1338425576686859
2,360,2,0.01,19,0.9994825124740601,0.0005256564472801983,0.02292719885376751,0.15567080676555634
2,360,2,0.01,20,0.9987473487854004,0.0012724981643259525,0.03567209223364888,0.18264062702655792
2,360,2,0.01,21,0.9974705576896667,0.0025694752112030983,0.05068999123301461,0.18646085262298584
2,360,2,0.01,22,0.9994956254959106,0.0005123498849570751,0.022635147115869936,0.12067341059446335
2,360,2,0.01,23,0.9994749426841736,0.0005333527224138379,0.023094430549676644,0.14592315256595612
2,360,2,0.01,24,0.9995846748352051,0.00042191860848106444,0.02054065745006874,0.11273827403783798
2,360,2,0.01,25,0.9982028603553772,0.0018255684990435839,0.04272667198651896,0.15657742321491241
2,360,2,0.01,26,0.9994431734085083,0.0005656201974488795,0.023782771021243078,0.15487895905971527
2,360,2,0.01,27,0.9995290040969849,0.0004784337943419814,0.021873129504988112,0.11697662621736526
2,360,2,0.01,28,0.9994474053382874,0.0005613265093415976,0.023692330179650917,0.2134719341993332
2,360,2,0.01,29,0.9995779395103455,0.0004287553019821644,0.02070640726881813,0.12003666907548904
2,360,2,0.01,30,0.9995471239089966,0.0004600364190991968,0.021448459597350967,0.13949257135391235
2,360,2,0.01,31,0.9977644085884094,0.0022709881886839867,0.047654886304386315,0.2731194794178009
2,360,2,0.01,32,0.9988388419151306,0.0011795146856456995,0.03434406332462278,0.14011739194393158
2,360,2,0.01,33,0.9992008209228516,0.0008118378464132547,0.028492768317825046,0.13529692590236664
2,360,2,0.01,34,0.9996611475944519,0.0003442309389356524,0.018553461642929397,0.07599682360887527
2,360,2,0.01,35,0.9995076060295105,0.000500197580549866,0.0223650973740305,0.1553305685520172
2,360,2,0.01,36,0.9996513724327087,0.0003541504847817123,0.018818886385270312,0.08809567242860794
2,360,2,0.01,37,0.9996879696846008,0.00031699941609986126,0.017804477417207764,0.07799212634563446
2,360,2,0.01,38,0.9994170069694519,0.0005922178970649838,0.024335527466339903,0.09303411096334457
2,360,2,0.01,39,0.9968549013137817,0.0031948722898960114,0.05652320134153772,0.22533756494522095
2,360,2,0.01,40,0.9996516108512878,0.0003539244062267244,0.01881287873311058,0.10073491930961609
2,360,2,0.01,41,0.9995484352111816,0.00045869528548792005,0.02141717267726812,0.1592540442943573
2,360,2,0.01,42,0.99959796667099,0.0004083922831341624,0.02020871799828387,0.09828285127878189
2,360,2,0.01,43,0.9995318651199341,0.0004755360714625567,0.021806789572574793,0.08509421348571777
2,360,2,0.01,44,0.9994916319847107,0.0005163995083421469,0.022724425368799688,0.10402705520391464
2,360,2,0.01,45,0.9995371103286743,0.0004702043370343745,0.021684195558848256,0.1542162299156189
2,360,2,0.01,46,0.9994117617607117,0.0005975500680506229,0.024444837247374403,0.16820988059043884
2,360,2,0.01,47,0.9996809959411621,0.000324024586006999,0.018000682931683425,0.08967915922403336
2,360,2,0.01,48,0.9989305138587952,0.0010864289943128824,0.03296102234932773,0.21744801104068756
2,360,2,0.01,49,0.9990172386169434,0.0009983241325244308,0.03159626769927788,0.09974721819162369
2,360,2,0.01,50,0.9992893934249878,0.0007218330865725875,0.02686695156828529,0.23662744462490082
2,360,2,0.01,51,0.9913451671600342,0.008791860193014145,0.09376491984219976,0.32759714126586914
2,360,2,0.01,52,0.9992963671684265,0.0007147517171688378,0.026734840885422113,0.14749741554260254
2,360,2,0.01,53,0.9996823668479919,0.0003226485277991742,0.01796241987592914,0.10396702587604523
2,360,2,0.01,54,0.9995514154434204,0.0004557044303510338,0.021347234723753654,0.15423151850700378
2,360,2,0.01,55,0.9994373917579651,0.0005715385777875781,0.02390687302404014,0.12209989130496979
2,360,2,0.01,56,0.999742329120636,0.000261749722994864,0.016178681126558618,0.11401809006929398
2,360,2,0.01,57,0.999744176864624,0.0002598465944174677,0.0161197578895425,0.10357973724603653
2,360,2,0.01,58,0.9994952082633972,0.0005127947079017758,0.022644970918545598,0.11065959930419922
2,360,2,0.01,59,0.9996296763420105,0.0003761570551432669,0.019394768757148587,0.104936383664608
2,360,2,0.01,60,0.9997133612632751,0.0002911704941652715,0.017063718649968168,0.08692328631877899
2,360,2,0.01,61,0.9995115995407104,0.0004961632075719535,0.022274721268109136,0.11512589454650879
2,360,2,0.01,62,0.9996054172515869,0.000400824734242633,0.02002060773909306,0.0850568488240242
2,360,2,0.01,63,0.9989667534828186,0.0010495807509869337,0.03239723369343336,0.1660633534193039
2,360,2,0.01,64,0.9992385506629944,0.0007734834216535091,0.027811569924287072,0.20266379415988922
2,360,2,0.01,65,0.9998074173927307,0.00019564143440220505,0.013987188223592512,0.060247551649808884
2,360,2,0.01,66,0.9997904300689697,0.00021286625997163355,0.014589936942003333,0.08800386637449265
2,360,2,0.01,67,0.9997124671936035,0.00029209049534983933,0.017090655205399215,0.10354200005531311
2,360,2,0.01,68,0.9993406534194946,0.0006698071956634521,0.025880633602434314,0.13053128123283386
2,360,2,0.01,69,0.999468982219696,0.0005394324543885887,0.02322568522968889,0.1029798611998558
2,360,2,0.01,70,0.9996455311775208,0.00036009447649121284,0.01897615547183393,0.09718096256256104
2,360,2,0.01,71,0.999259889125824,0.0007518159691244364,0.027419262738528117,0.1627081036567688
2,360,2,0.01,72,0.999685525894165,0.0003194232704117894,0.017872416468172104,0.0904538482427597
2,360,2,0.01,73,0.9997014999389648,0.0003032461681868881,0.017413964746343324,0.11930213123559952
2,360,2,0.01,74,0.9997445940971375,0.00025942362844944,0.016106633057515155,0.09239883720874786
2,360,2,0.01,75,0.9994485378265381,0.0005602131714113057,0.02366882277197803,0.13164253532886505
2,360,2,0.01,76,0.9991763830184937,0.0008366833790205419,0.028925479754371264,0.11984409391880035
2,360,2,0.01,77,0.9996720552444458,0.00033312648884020746,0.018251753034714432,0.13873398303985596
2,360,2,0.01,78,0.9991701245307922,0.0008430193993262947,0.029034796354138505,0.1503971964120865
2,360,2,0.01,79,0.9995154142379761,0.000492268183734268,0.022187117517475496,0.11955064535140991
2,360,2,0.01,80,0.9994698762893677,0.000538526801392436,0.023206180241315804,0.10830462723970413
2,360,2,0.01,81,0.9996414184570312,0.0003642740484792739,0.019085964698680388,0.12284927815198898
2,360,2,0.01,82,0.9993909597396851,0.0006186643149703741,0.02487296353413429,0.14904391765594482
2,360,2,0.01,83,0.9996517896652222,0.00035372041747905314,0.018807456432996278,0.09935404360294342
2,360,2,0.01,84,0.9991302490234375,0.0008835202897898853,0.02972406919972239,0.10965625196695328
2,360,2,0.01,85,0.9990423917770386,0.0009727943106554449,0.031189650697874848,0.08410486578941345
2,360,2,0.01,86,0.99961256980896,0.00039354697219096124,0.01983801835342838,0.13349425792694092
2,360,2,0.01,87,0.9997178912162781,0.00028659909730777144,0.01692923794232249,0.07716138660907745
2,360,2,0.01,88,0.9996063709259033,0.00039984018076211214,0.019996004119876353,0.10529360920190811
2,360,2,0.01,89,0.999731183052063,0.00027308202697895467,0.016525193704733227,0.11001407355070114
2,360,2,0.01,90,0.9997478723526001,0.000256089202594012,0.016002787338273667,0.08956403285264969
2,360,2,0.01,91,0.9996564984321594,0.0003489558002911508,0.018680358676726495,0.08620670437812805
2,360,2,0.01,92,0.9994401335716248,0.0005687554366886616,0.023848594019116966,0.11108455061912537
2,360,2,0.01,93,0.9992557764053345,0.0007560218218713999,0.02749585099376631,0.1360931545495987
2,360,2,0.01,94,0.9995164275169373,0.0004912115400657058,0.02216329262690239,0.11699389666318893
2,360,2,0.01,95,0.9969703555107117,0.0030776229687035084,0.05547632800306369,0.184576153755188
2,360,2,0.01,96,0.9996991157531738,0.00030562811298295856,0.01748222277008729,0.10622431337833405
2,360,2,0.01,97,0.9997049570083618,0.00029969707247801125,0.017311761102730458,0.08282317221164703
2,360,2,0.01,98,0.9997957944869995,0.00020745358779095113,0.01440324920949961,0.08173276484012604
2,360,2,0.01,99,0.9996967315673828,0.0003080715541727841,0.017551967245092046,0.10604114830493927
2,360,2,0.01,100,0.9997603893280029,0.0002434324414934963,0.015602321669979,0.09932627528905869
3,360,2,0.01,1,0.9937463998794556,0.006352634634822607,0.07970341670733198,0.3878531754016876
3,360,2,0.01,2,0.996587872505188,0.003466149792075157,0.05887401627267463,0.29888567328453064
3,360,2,0.01,3,0.997576892375946,0.0024614506401121616,0.04961300877907086,0.2406519204378128
3,360,2,0.01,4,0.9981192946434021,0.0019104883540421724,0.04370913353113022,0.15829570591449738
3,360,2,0.01,5,0.998284637928009,0.0017425395781174302,0.0417437369927206,0.17014312744140625
3,360,2,0.01,6,0.9982587099075317,0.0017688851803541183,0.04205811670003923,0.23002111911773682
3,360,2,0.01,7,0.9979295134544373,0.0021032460499554873,0.04586116058229978,0.2531362771987915
3,360,2,0.01,8,0.9981613755226135,0.0018677383195608854,0.04321733818227223,0.27181553840637207
3,360,2,0.01,9,0.9989091753959656,0.001108087133616209,0.03328794276635624,0.15691058337688446
3,360,2,0.01,10,0.9983007311820984,0.0017261657631024718,0.04154715108286574,0.183147594332695
3,360,2,0.01,11,0.9992184042930603,0.0007939668721519411,0.028177417769411395,0.13741108775138855
3,360,2,0.01,12,0.99903804063797,0.0009771978948265314,0.031260164664098165,0.21083877980709076
3,360,2,0.01,13,0.9992334842681885,0.0007786218193359673,0.027903795787239543,0.1859021931886673
3,360,2,0.01,14,0.9990615248680115,0.0009533189004287124,0.030875862747925156,0.1748235672712326
3,360,2,0.01,15,0.9990300536155701,0.000985299819149077,0.03138948580574516,0.14160820841789246
3,360,2,0.01,16,0.9993638396263123,0.0006462125456891954,0.02542071095955413,0.18399181962013245
3,360,2,0.01,17,0.9989975094795227,0.0010183490812778473,0.031911582243408856,0.19754169881343842
3,360,2,0.01,18,0.9991061091423035,0.0009080415475182235,0.030133727740162243,0.1996719241142273
3,360,2,0.01,19,0.9991543292999268,0.0008590577053837478,0.029309686204116,0.1555965691804886
3,360,2,0.01,20,0.9992117881774902,0.0008006822317838669,0.028296328945357326,0.20107148587703705
3,360,2,0.01,21,0.998425304889679,0.0015996149741113186,0.03999518688681575,0.24715450406074524
3,360,2,0.01,22,0.9994487166404724,0.000560039421543479,0.02366515204987027,0.15790869295597076
3,360,2,0.01,23,0.9995483160018921,0.00045880742254666984,0.021419790441240778,0.12730315327644348
3,360,2,0.01,24,0.9991465210914612,0.0008670184761285782,0.02944517746811145,0.1738707274198532
3,360,2,0.01,25,0.9995065331459045,0.0005012976471334696,0.022389677244959775,0.12433639168739319
3,360,2,0.01,26,0.9994723200798035,0.0005360533832572401,0.02315282667963547,0.14067555963993073
3,360,2,0.01,27,0.9994660019874573,0.0005424776463769376,0.023291149528886237,0.1876457780599594
3,360,2,0.01,28,0.9991040229797363,0.0009101748582907021,0.03016910436673091,0.11968185752630234
3,360,2,0.01,29,0.9995265007019043,0.00048098270781338215,0.021931317967996865,0.10571296513080597
3,360,2,0.01,30,0.9992215037345886,0.0007907992694526911,0.028121153416115263,0.17104412615299225
3,360,2,0.01,31,0.9995443224906921,0.00046290375757962465,0.021515198292826044,0.14524966478347778
3,360,2,0.01,32,0.9990886449813843,0.0009257893543690443,0.030426786790080946,0.21824344992637634
3,360,2,0.01,33,0.9995510578155518,0.0004560769011732191,0.021355957041847107,0.1400359570980072
3,360,2,0.01,34,0.998709499835968,0.0013109425781294703,0.03620694102143221,0.25314635038375854
3,360,2,0.01,35,0.9994685053825378,0.0005399158108048141,0.02323608854357407,0.11478886753320694
3,360,2,0.01,36,0.9995725154876709,0.0004342437023296952,0.020838514878217574,0.104794442653656
3,360,2,0.01,37,0.9986461997032166,0.0013752240920439363,0.03708401396887797,0.1666857749223709
3,360,2,0.01,38,0.9991616010665894,0.000851662247441709,0.029183252859160663,0.12457726150751114
3,360,2,0.01,39,0.9991188645362854,0.0008950777119025588,0.029917849386320514,0.11523151397705078
3,360,2,0.01,40,0.9995909333229065,0.00041554379276931286,0.02038489128666898,0.09840935468673706
3,360,2,0.01,41,0.9993464946746826,0.0006638644263148308,0.025765566679481954,0.13220080733299255
3,360,2,0.01,42,0.9996408820152283,0.00036478255060501397,0.01909928141593327,0.08736869692802429
3,360,2,0.01,43,0.9995110034942627,0.000496715831104666,0.02228712253981357,0.1528019905090332
3,360,2,0.01,44,0.9991164207458496,0.000897555029951036,0.029959222786164464,0.2334400713443756
3,360,2,0.01,45,0.9994205236434937,0.0005886467406526208,0.02426204320853091,0.12413650006055832
3,360,2,0.01,46,0.9922798275947571,0.00784237589687109,0.08855718997840373,0.36928409337997437
3,360,2,0.01,47,0.9996321201324463,0.0003736984799616039,0.01933128241896031,0.08431287854909897
3,360,2,0.01,48,0.9996281266212463,0.00037778401747345924,0.01943666683033537,0.10749072581529617
3,360,2,0.01,49,0.999179482460022,0.0008334870799444616,0.028870176306085515,0.1874251514673233
3,360,2,0.01,50,0.9996071457862854,0.0003990467812400311,0.01997615531677783,0.10434180498123169
3,360,2,0.01,51,0.999667763710022,0.00033749639987945557,0.018371075087742023,0.09230192005634308
3,360,2,0.01,52,0.9994638562202454,0.0005446291179396212,0.023337290286998214,0.08519197255373001
3,360,2,0.01,53,0.99947589635849,0.0005324260564520955,0.023074359285841405,0.11733061820268631
3,360,2,0.01,54,0.9996919631958008,0.00031292103813029826,0.017689574277813987,0.07858843356370926
3,360,2,0.01,55,0.9993565678596497,0.0006535948486998677,0.02556550114313951,0.10463378578424454
3,360,2,0.01,56,0.9980639815330505,0.001966639654710889,0.04434681109968212,0.2570258677005768
3,360,2,0.01,57,0.999467670917511,0.0005407662247307599,0.023254380764293852,0.1056215763092041
3,360,2,0.01,58,0.9997521638870239,0.0002517394023016095,0.015866297687287024,0.09817037731409073
3,360,2,0.01,59,0.9995904564857483,0.0004160511598456651,0.02039733217471503,0.13147325813770294
3,360,2,0.01,60,0.9990602135658264,0.0009546857327222824,0.030897989137196005,0.19963522255420685
3,360,2,0.01,61,0.9996734261512756,0.0003317731898277998,0.018214642182260946,0.07679586857557297
3,360,2,0.01,62,0.9996063113212585,0.00039991276571527123,0.019997819023965368,0.10532063990831375
3,360,2,0.01,63,0.999467134475708,0.0005413157632574439,0.023266193570445595,0.12383683025836945
3,360,2,0.01,64,0.999756395816803,0.00024745799601078033,0.015730797691496143,0.10712523013353348
3,360,2,0.01,65,0.9995847940444946,0.0004217816749587655,0.02053732394833284,0.08324648439884186
3,360,2,0.01,66,0.9992461800575256,0.0007657588575966656,0.027672348248687997,0.1123768761754036
3,360,2,0.01,67,0.9992610812187195,0.0007506395340897143,0.02739780162877515,0.1812184602022171
3,360,2,0.01,68,0.9995587468147278,0.0004482095828279853,0.021170960838563405,0.1114482432603836
3,360,2,0.01,69,0.999252438545227,0.0007593930349685252,0.027557086837482026,0.15659673511981964
3,360,2,0.01,70,0.9990191459655762,0.000996382674202323,0.03156552984193871,0.0981958881020546
3,360,2,0.01,71,0.9991684556007385,0.0008447011932730675,0.02906374362110063,0.14162583649158478
3,360,2,0.01,72,0.9993423223495483,0.0006681193481199443,0.025848004722220715,0.08912964165210724
3,360,2,0.01,73,0.9996271133422852,0.00037876941496506333,0.019461999254060804,0.08731143176555634
3,360,2,0.01,74,0.9992460608482361,0.0007658559479750693,0.027674102478220847,0.15605726838111877
3,360,2,0.01,75,0.9992563128471375,0.000755488348659128,0.027486148305266928,0.11624129861593246
3,360,2,0.01,76,0.9990302920341492,0.000985057675279677,0.03138562848310795,0.1386244297027588
3,360,2,0.01,77,0.999657154083252,0.00034829534706659615,0.018662672559593283,0.11952231079339981
3,360,2,0.01,78,0.9995282292366028,0.00047925542457960546,0.021891903173995756,0.1188773661851883
3,360,2,0.01,79,0.9991781115531921,0.0008348971023224294,0.02889458603826034,0.16860051453113556
3,360,2,0.01,80,0.9871105551719666,0.013093494810163975,0.11442680984001946,0.3947933316230774
3,360,2,0.01,81,0.9995489120483398,0.0004582339897751808,0.02140640067305059,0.08204526454210281
3,360,2,0.01,82,0.9996151328086853,0.00039098216802813113,0.019773269027354358,0.09309729933738708
3,360,2,0.01,83,0.9996725916862488,0.000332613562932238,0.01823769620681949,0.09624539315700531
3,360,2,0.01,84,0.9997625350952148,0.0002412179601378739,0.015531193133107125,0.05633116140961647
3,360,2,0.01,85,0.999635636806488,0.0003701378300320357,0.019238966449163418,0.10006905347108841
3,360,2,0.01,86,0.9991602301597595,0.0008530408376827836,0.02920686285246643,0.09144577383995056
3,360,2,0.01,87,0.9995834827423096,0.00042312440928071737,0.02056998807196342,0.10332446545362473
3,360,2,0.01,88,0.9996351003646851,0.000370674068108201,0.01925289765485188,0.1154494509100914
3,360,2,0.01,89,0.999697208404541,0.0003076113644056022,0.017538852995723588,0.09597552567720413
3,360,2,0.01,90,0.99961256980896,0.00039356062188744545,0.019838362379174482,0.07720925658941269
3,360,2,0.01,91,0.9996270537376404,0.000378845987142995,0.019463966377462612,0.10365749895572662
3,360,2,0.01,92,0.9997300505638123,0.000274193735094741,0.01655879630573252,0.11462778598070145
3,360,2,0.01,93,0.9996473789215088,0.00035818913602270186,0.018925885343166957,0.15831731259822845
3,360,2,0.01,94,0.9995658993721008,0.0004409645334817469,0.020999155542110425,0.12798702716827393
3,360,2,0.01,95,0.999728262424469,0.0002760420320555568,0.016614512693893756,0.11198733001947403
3,360,2,0.01,96,0.9996157288551331,0.0003903710749000311,0.01975781047839135,0.09676086902618408
3,360,2,0.01,97,0.9984509944915771,0.001573527930304408,0.03966771899548054,0.14802886545658112
3,360,2,0.01,98,0.9993593692779541,0.0006507840007543564,0.02551046845423181,0.09748716652393341
3,360,2,0.01,99,0.9995968341827393,0.0004095553304068744,0.020237473419547077,0.11058741062879562
3,360,2,0.01,100,0.9995712041854858,0.0004355568962637335,0.020869999910487148,0.12138579785823822
4,360,2,0.01,1,0.9942592978477478,0.005831596907228231,0.07636489315927988,0.42579329013824463
4,360,2,0.01,2,0.9964759349822998,0.003579869167879224,0.05983200788774537,0.3054199814796448
4,360,2,0.01,3,0.9977223873138428,0.0023136897943913937,0.048100829456376254,0.32164645195007324
4,360,2,0.01,4,0.9986233711242676,0.0013984336983412504,0.03739563742391953,0.22007134556770325
4,360,2,0.01,5,0.9984988570213318,0.0015249269781634212,0.03905031341952867,0.21159307658672333
4,360,2,0.01,6,0.9976251125335693,0.002412488916888833,0.04911709393774059,0.3166976571083069
4,360,2,0.01,7,0.9989171624183655,0.0010999937076121569,0.03316615304210238,0.17142075300216675
4,360,2,0.01,8,0.9989518523216248,0.0010647545568645,0.03263057702316188,0.17843443155288696
4,360,2,0.01,9,0.9989672899246216,0.0010490426793694496,0.032388928345492535,0.18728336691856384
4,360,2,0.01,10,0.9984405040740967,0.0015841652639210224,0.03980157363623984,0.19155016541481018
4,360,2,0.01,11,0.999153196811676,0.0008601835579611361,0.029328886067512622,0.1944453865289688
4,360,2,0.01,12,0.9992122054100037,0.0008002794347703457,0.02828921057170641,0.2057061791419983
4,360,2,0.01,13,0.9993381500244141,0.0006723354454152286,0.025929432030324703,0.18550357222557068
4,360,2,0.01,14,0.99894779920578,0.0010688360780477524,0.03269305856061425,0.2660251557826996
4,360,2,0.01,15,0.9989650249481201,0.0010513314045965672,0.032424241002628994,0.15954363346099854
4,360,2,0.01,16,0.9994123578071594,0.0005969411577098072,0.024432379288759562,0.14703156054019928
4,360,2,0.01,17,0.9994973540306091,0.0005106007447466254,0.02259647637899824,0.15711237490177155
4,360,2,0.01,18,0.9990200996398926,0.0009954257402569056,0.031550368306200574,0.17057333886623383
4,360,2,0.01,19,0.9993744492530823,0.0006354448851197958,0.02520803215484691,0.1574728786945343
4,360,2,0.01,20,0.9994750618934631,0.0005332545260898769,0.02309230447767994,0.20043066143989563
4,360,2,0.01,21,0.9991685152053833,0.0008446566644124687,0.029062977555860802,0.1584809571504593
4,360,2,0.01,22,0.9993663430213928,0.000643716542981565,0.02537156958056724,0.1404251605272293
4,360,2,0.01,23,0.9994056224822998,0.0006037891143932939,0.024572120673505043,0.15761128067970276
4,360,2,0.01,24,0.9992113709449768,0.0008011010359041393,0.028303728303955635,0.13591368496418
4,360,2,0.01,25,0.9995409846305847,0.00046630343422293663,0.021594060160676977,0.14121606945991516
4,360,2,0.01,26,0.9990492463111877,0.0009657942573539913,0.03107723052902223,0.1811395287513733
4,360,2,0.01,27,0.99937903881073,0.0006308042211458087,0.025115816155279698,0.1274682879447937
4,360,2,0.01,28,0.9996197819709778,0.0003862442681565881,0.01965309818213373,0.14856082201004028
4,360,2,0.01,29,0.9996538758277893,0.00035163192660547793,0.018751851284752607,0.08898206055164337
4,360,2,0.01,30,0.9992139935493469,0.0007984311087056994,0.028256523294731422,0.12165801972150803
4,360,2,0.01,31,0.9993349313735962,0.0006755880312994123,0.025992076317589794,0.10930177569389343
4,360,2,0.01,32,0.9991278648376465,0.0008859410881996155,0.029764762525503467,0.1451641321182251
4,360,2,0.01,33,0.9985023736953735,0.0015213158912956715,0.03900404967815101,0.21900621056556702
4,360,2,0.01,34,0.9994058012962341,0.0006036267150193453,0.02456881590592728,0.13479876518249512
4,360,2,0.01,35,0.9994068145751953,0.0006025484763085842,0.02454686286083385,0.09459438920021057
4,360,2,0.01,36,0.9996283054351807,0.0003775648365262896,0.019431027675506245,0.1112566813826561
4,360,2,0.01,37,0.9996684193611145,0.00033685987000353634,0.018353742670189542,0.10351414978504181
4,360,2,0.01,38,0.9995748996734619,0.0004318433639127761,0.020780841270573627,0.12771640717983246
4,360,2,0.01,39,0.9946854710578918,0.005398657638579607,0.07347555810321965,0.3006696403026581
4,360,2,0.01,40,0.9993229508399963,0.000687776249833405,0.026225488552806885,0.1454012542963028
4,360,2,0.01,41,0.9987047910690308,0.0013156967470422387,0.03627253433442773,0.21590791642665863
4,360,2,0.01,42,0.9995507597923279,0.0004563640395645052,0.021362678660797788,0.09698798507452011
4,360,2,0.01,43,0.9997029900550842,0.000301691354252398,0.017369264643398063,0.10675041377544403
4,360,2,0.01,44,0.9995571970939636,0.0004498391062952578,0.02120941079557039,0.1013268530368805
4,360,2,0.01,45,0.9977154731750488,0.002320665866136551,0.048173289965877886,0.13606393337249756
4,360,2,0.01,46,0.9994474053382874,0.0005613644607365131,0.023693131087648867,0.10819852352142334
4,360,2,0.01,47,0.9948738813400269,0.005207248032093048,0.07216126406939563,0.32098767161369324
4,360,2,0.01,48,0.9994384050369263,0.0005704771028831601,0.0238846625030198,0.09392949938774109
4,360,2,0.01,49,0.9997525215148926,0.000251424266025424,0.015856363581396082,0.08698811382055283
4,360,2,0.01,50,0.9992970824241638,0.0007140250527299941,0.02672124721509073,0.11726327985525131
4,360,2,0.01,51,0.9997641444206238,0.00023960285761859268,0.015479110362633658,0.08905990421772003
4,360,2,0.01,52,0.9927660822868347,0.007348417304456234,0.08572291003259416,0.22351720929145813
4,360,2,0.01,53,0.9987720847129822,0.0012473446549847722,0.0353177668459484,0.18193009495735168
4,360,2,0.01,54,0.9991849660873413,0.0008279320900328457,0.02877380909842918,0.12921591103076935
4,360,2,0.01,55,0.9996898174285889,0.00031509262043982744,0.01775084844281612,0.08451751619577408
4,360,2,0.01,56,0.9995953440666199,0.0004110891604796052,0.020275333794529875,0.08399356156587601
4,360,2,0.01,57,0.9997246861457825,0.0002797011402435601,0.016724268003220952,0.0916520357131958
4,360,2,0.01,58,0.999800443649292,0.0002026900474447757,0.014236925491298172,0.09606900066137314
4,360,2,0.01,59,0.999354362487793,0.0006558818859048188,0.02561019105560946,0.19098220765590668
4,360,2,0.01,60,0.999631941318512,0.00037389277713373303,0.019336307225882945,0.11188776046037674
4,360,2,0.01,61,0.9997824430465698,0.00022100539354141802,0.014866250150640477,0.09324397891759872
4,360,2,0.01,62,0.999362051486969,0.0006480231531895697,0.02545629889024659,0.12557034194469452
4,360,2,0.01,63,0.9994403719902039,0.0005684857023879886,0.023842938207947202,0.13036669790744781
4,360,2,0.01,64,0.9996326565742493,0.0003731632314156741,0.01931743335476207,0.09651724249124527
4,360,2,0.01,65,0.9988760948181152,0.0011417139321565628,0.033789257644354406,0.1500437706708908
4,360,2,0.01,66,0.9996739625930786,0.0003312189946882427,0.0181994229218468,0.14353205263614655
4,360,2,0.01,67,0.9996674060821533,0.0003378332476131618,0.018380240684309927,0.09004300087690353
4,360,2,0.01,68,0.9987473487854004,0.0012724780244752765,0.03567180994111844,0.11452708393335342
4,360,2,0.01,69,0.9997509717941284,0.00025299080880358815,0.015905684795178992,0.09302785992622375
4,360,2,0.01,70,0.9997497200965881,0.0002542405854910612,0.01594492350220161,0.10034740716218948
4,360,2,0.01,71,0.9987331628799438,0.0012868890771642327,0.03587323622373974,0.13983094692230225
4,360,2,0.01,72,0.9996448755264282,0.0003607238468248397,0.018992731420857816,0.11152911931276321
4,360,2,0.01,73,0.9997175335884094,0.0002869534946512431,0.01693970172852058,0.12217382341623306
4,360,2,0.01,74,0.9990060329437256,0.0010097065242007375,0.03177587959759316,0.13837769627571106
4,360,2,0.01,75,0.999640703201294,0.0003649775462690741,0.019104385524509132,0.07683008909225464
4,360,2,0.01,76,0.9995056986808777,0.0005020996904931962,0.02240758109420105,0.08993454277515411
4,360,2,0.01,77,0.998712420463562,0.0013079524505883455,0.036165625261957594,0.13896702229976654
4,360,2,0.01,78,0.9989502429962158,0.00106639857403934,0.03265575866580564,0.19484996795654297
4,360,2,0.01,79,0.9992796778678894,0.0007317255949601531,0.02705042689053452,0.11338920146226883
4,360,2,0.01,80,0.9994053244590759,0.0006041066371835768,0.024578580861871924,0.1296563595533371
4,360,2,0.01,81,0.9996806979179382,0.00032434528111480176,0.018009588588160524,0.07570991665124893
4,360,2,0.01,82,0.9995502829551697,0.0004568250442389399,0.021373465892057374,0.10327161103487015
4,360,2,0.01,83,0.9996653199195862,0.0003399615816306323,0.01843804712084857,0.09823307394981384
4,360,2,0.01,84,0.9997700452804565,0.00023358331236522645,0.015283432610680967,0.06259001046419144
4,360,2,0.01,85,0.99946528673172,0.0005432019243016839,0.023306692693337763,0.12516523897647858
4,360,2,0.01,86,0.9995632171630859,0.0004436741292010993,0.02106357351450839,0.08866562694311142
4,360,2,0.01,87,0.9995014667510986,0.0005064543220214546,0.02250454003132378,0.13654252886772156
4,360,2,0.01,88,0.9997611045837402,0.00024270064022857696,0.015578852339905433,0.06718495488166809
4,360,2,0.01,89,0.9995764493942261,0.00043023470789194107,0.020742099891089646,0.0712842270731926
4,360,2,0.01,90,0.9997407793998718,0.000263310968875885,0.01622685948900418,0.07163257151842117
4,360,2,0.01,91,0.99941086769104,0.000598436628933996,0.02446296443471224,0.1506098061800003
4,360,2,0.01,92,0.9996484518051147,0.00035713263787329197,0.018897953272068696,0.07927685976028442
4,360,2,0.01,93,0.9994979500770569,0.0005100002745166421,0.022583185659172226,0.09857597947120667
4,360,2,0.01,94,0.9996359944343567,0.0003697453939821571,0.019228764754454643,0.07884195446968079
4,360,2,0.01,95,0.9995779991149902,0.00042870326433330774,0.020705150671591545,0.09467650949954987
4,360,2,0.01,96,0.9996433258056641,0.0003623096854425967,0.019034434203374594,0.09579648077487946
4,360,2,0.01,97,0.9995188117027283,0.0004888066905550659,0.022108973077804087,0.07415173947811127
4,360,2,0.01,98,0.9997332096099854,0.00027098471764475107,0.01646161345812588,0.08860039710998535
4,360,2,0.01,99,0.9994999766349792,0.0005079478723928332,0.022537698915213886,0.10095499455928802
4,360,2,0.01,100,0.9990329146385193,0.000982387806288898,0.0313430663191861,0.10958877950906754
5,360,2,0.01,1,0.99317866563797,0.006929320748895407,0.08324254170131644,0.4946655035018921
5,360,2,0.01,2,0.9969432353973389,0.0031051889527589083,0.055724222316322264,0.2619186043739319
5,360,2,0.01,3,0.9980655312538147,0.0019651169423013926,0.04432963954626061,0.20573218166828156
5,360,2,0.01,4,0.9979504942893982,0.002081975806504488,0.04562867307411523,0.3096961975097656
5,360,2,0.01,5,0.9986127018928528,0.0014092770870774984,0.0375403394640685,0.17107024788856506
5,360,2,0.01,6,0.998051643371582,0.001979207154363394,0.04448828109023087,0.206284299492836
5,360,2,0.01,7,0.998496949672699,0.0015268194256350398,0.039074536793608186,0.18394628167152405
5,360,2,0.01,8,0.9990906119346619,0.0009237704216502607,0.030393591785938374,0.19678881764411926
5,360,2,0.01,9,0.9991667866706848,0.0008463860722258687,0.029092715105776372,0.16289426386356354
5,360,2,0.01,10,0.9989864230155945,0.0010296107502654195,0.03208754821212458,0.13849462568759918
5,360,2,0.01,11,0.9985512495040894,0.0014717011945322156,0.0383627579109247,0.15286436676979065
5,360,2,0.01,12,0.9993711709976196,0.0006387725006788969,0.025273949051917013,0.148599773645401
5,360,2,0.01,13,0.9992309808731079,0.0007811729446984828,0.027949471277619594,0.11784955859184265
5,360,2,0.01,14,0.9993224143981934,0.000688341329805553,0.026236259828823792,0.11466793715953827
5,360,2,0.01,15,0.9992735981941223,0.0007378912414424121,0.02716415361174377,0.13361790776252747
5,360,2,0.01,16,0.9989426136016846,0.0010741347214207053,0.03277399459053939,0.14712141454219818
5,360,2,0.01,17,0.9988378286361694,0.001180558931082487,0.03435926266791078,0.17333239316940308
5,360,2,0.01,18,0.9994197487831116,0.0005894264904782176,0.024278107226021917,0.08919226378202438
5,360,2,0.01,19,0.9992464184761047,0.0007655035587958992,0.02766773497769377,0.1378716379404068
5,360,2,0.01,20,0.9993909597396851,0.0006186863756738603,0.024873406997712642,0.12538208067417145
5,360,2,0.01,21,0.9992872476577759,0.0007240636041387916,0.02690842998279148,0.10607587546110153
5,360,2,0.01,22,0.9992578625679016,0.0007538917707279325,0.027457089625958764,0.12218790501356125
5,360,2,0.01,23,0.9994121789932251,0.0005971292848698795,0.024436228941264227,0.09007483720779419
5,360,2,0.01,24,0.999396800994873,0.0006127385422587395,0.024753556153788076,0.13705264031887054
5,360,2,0.01,25,0.9977348446846008,0.0023010268341749907,0.04796901952484531,0.3181902766227722
5,360,2,0.01,26,0.9992570281028748,0.0007547648274339736,0.027472983591775642,0.1378004103899002
5,360,2,0.01,27,0.9991490840911865,0.0008643800392746925,0.029400340802016096,0.18426655232906342
5,360,2,0.01,28,0.9992136359214783,0.0007988407742232084,0.028263771408345496,0.12204921245574951
5,360,2,0.01,29,0.9993752241134644,0.0006346794543787837,0.025192845301370462,0.10987290740013123
5,360,2,0.01,30,0.9992480874061584,0.0007638209499418736,0.027637310830503636,0.14054632186889648
5,360,2,0.01,31,0.9993770122528076,0.000632822047919035,0.0251559545221213,0.13970638811588287
5,360,2,0.01,32,0.9993817806243896,0.0006280261441133916,0.025060449798704563,0.13071683049201965
5,360,2,0.01,33,0.9994884729385376,0.0005196185084059834,0.022795142210698827,0.1523469090461731
5,360,2,0.01,34,0.9994669556617737,0.0005414832849055529,0.023269793400577343,0.13254617154598236
5,360,2,0.01,35,0.9990783333778381,0.0009362348937429488,0.030597955711827364,0.15076826512813568
5,360,2,0.01,36,0.9989880919456482,0.0010279365815222263,0.032061450084520916,0.1783648431301117
5,360,2,0.01,37,0.9994408488273621,0.0005679819150827825,0.023832371159470945,0.14058330655097961
5,360,2,0.01,38,0.999460756778717,0.0005477944505400956,0.023405009090792843,0.08800521492958069
5,360,2,0.01,39,0.9991505742073059,0.0008629027870483696,0.029375207012859835,0.11044041812419891
5,360,2,0.01,40,0.9993165731430054,0.0006942762993276119,0.02634912331231557,0.12575483322143555
5,360,2,0.01,41,0.9996132850646973,0.00039282304351218045,0.019819763962070296,0.1472993791103363
5,360,2,0.01,42,0.999575674533844,0.00043104810174554586,0.020761697949482502,0.087319016456604
5,360,2,0.01,43,0.9995348453521729,0.00047250432544387877,0.02173716461371811,0.07245223224163055
5,360,2,0.01,44,0.9994776844978333,0.0005305970553308725,0.023034692429699872,0.11221662908792496
5,360,2,0.01,45,0.999342679977417,0.0006676968187093735,0.025839830082827045,0.12697149813175201
5,360,2,0.01,46,0.9994938373565674,0.0005141987930983305,0.02267595186752544,0.0741720050573349
5,360,2,0.01,47,0.9994339942932129,0.0005749888368882239,0.02397892484846274,0.10540792346000671
5,360,2,0.01,48,0.9997357726097107,0.00026838522171601653,0.01638246689958556,0.07320873439311981
5,360,2,0.01,49,0.9994297027587891,0.0005793090094812214,0.02406883897243948,0.15363876521587372
5,360,2,0.01,50,0.9969981908798218,0.0030493626836687326,0.055221034793534365,0.17674094438552856
5,360,2,0.01,51,0.9992502927780151,0.0007615726790390909,0.027596606295685906,0.11531896889209747
5,360,2,0.01,52,0.9995409250259399,0.00046631405712105334,0.021594306127334893,0.07553282380104065
5,360,2,0.01,53,0.9996635317802429,0.0003417973348405212,0.018487761758539653,0.09154319018125534
5,360,2,0.01,54,0.9996566772460938,0.0003487613284960389,0.01867515270341956,0.11579383909702301
5,360,2,0.01,55,0.9993926286697388,0.0006170172127895057,0.0248398311747384,0.12896163761615753
5,360,2,0.01,56,0.9995642900466919,0.00044263110612519085,0.02103880001628398,0.10485299676656723
5,360,2,0.01,57,0.9995788335800171,0.0004278642009012401,0.02068487855659878,0.07584895193576813
5,360,2,0.01,58,0.999662458896637,0.0003428579948376864,0.018516425001540833,0.12056832760572433
5,360,2,0.01,59,0.9995377063751221,0.00046963788918219507,0.021671130316210898,0.13803179562091827
5,360,2,0.01,60,0.9996662735939026,0.00033902531140483916,0.018412639990094824,0.09330889582633972
5,360,2,0.01,61,0.9996821880340576,0.00032284396002069116,0.017967859082837087,0.08469265699386597
5,360,2,0.01,62,0.9989792108535767,0.0010369301307946444,0.03220139951608694,0.17635399103164673
5,360,2,0.01,63,0.9981874227523804,0.0018412659410387278,0.0429099748431379,0.0972740650177002
5,360,2,0.01,64,0.9990723729133606,0.0009423080482520163,0.03069703647344506,0.10898414999246597
5,360,2,0.01,65,0.9995912313461304,0.00041523671825416386,0.020377357980223144,0.0844639390707016
5,360,2,0.01,66,0.9994814395904541,0.0005267556407488883,0.022951157721319598,0.08660157024860382
5,360,2,0.01,67,0.9996640682220459,0.00034124183002859354,0.018472732067255065,0.07393455505371094
5,360,2,0.01,68,0.9997056126594543,0.0002990385692100972,0.017292731687333186,0.08477741479873657
5,360,2,0.01,69,0.999620795249939,0.00038517866050824523,0.019625969033610677,0.08963967114686966
5,360,2,0.01,70,0.9996843934059143,0.0003205797402188182,0.01790474071911733,0.10933642089366913
5,360,2,0.01,71,0.9995261430740356,0.00048135739052668214,0.02193985848921278,0.0852319672703743
5,360,2,0.01,72,0.9994716048240662,0.0005367659032344818,0.023168208891377034,0.0982595682144165
5,360,2,0.01,73,0.9986521601676941,0.001369197852909565,0.03700267359137127,0.12429080903530121
5,360,2,0.01,74,0.9992330074310303,0.000779148715082556,0.027913235482160716,0.16146135330200195
5,360,2,0.01,75,0.9992862939834595,0.0007249818881973624,0.026925487705840398,0.1275964081287384
5,360,2,0.01,76,0.9995686411857605,0.00043817912228405476,0.020932728495923668,0.09766750782728195
5,360,2,0.01,77,0.9996615052223206,0.00034384001628495753,0.018542923617513973,0.09711194038391113
5,360,2,0.01,78,0.9996907114982605,0.00031419997685588896,0.01772568692197538,0.08334532380104065
5,360,2,0.01,79,0.9996411204338074,0.000364587438525632,0.019094172894515017,0.10469505935907364
5,360,2,0.01,80,0.9996907114982605,0.00031420195591636,0.017725742746535617,0.12963378429412842
5,360,2,0.01,81,0.999717116355896,0.00028737756656482816,0.01695221420832182,0.08220808953046799
5,360,2,0.01,82,0.9996432065963745,0.0003624213859438896,0.019037368146461044,0.09019729495048523
5,360,2,0.01,83,0.9992825984954834,0.0007287802291102707,0.026995929861930498,0.10582991689443588
5,360,2,0.01,84,0.9996548891067505,0.00035055296029895544,0.0187230595870161,0.12658239901065826
5,360,2,0.01,85,0.9997701048851013,0.00023356365272775292,0.015282789428888725,0.10836553573608398
5,360,2,0.01,86,0.9996119737625122,0.0003941614995710552,0.019853500939911208,0.1084008514881134
5,360,2,0.01,87,0.9996922016143799,0.00031268029124476016,0.017682768200843448,0.09567957371473312
5,360,2,0.01,88,0.9991881847381592,0.0008246794459410012,0.02871723256062466,0.13994337618350983
5,360,2,0.01,89,0.999305248260498,0.0007057390175759792,0.0265657489556756,0.130916565656662
5,360,2,0.01,90,0.9995163679122925,0.0004912688164040446,0.022164584733399464,0.09229534864425659
5,360,2,0.01,91,0.999599039554596,0.000407333136536181,0.020182495795519964,0.10179417580366135
5,360,2,0.01,92,0.9995083212852478,0.0004994373884983361,0.022348095858447003,0.10698167979717255
5,360,2,0.01,93,0.9994010329246521,0.0006084505585022271,0.024666790599959028,0.15940380096435547
5,360,2,0.01,94,0.9994478821754456,0.0005608779028989375,0.023682860952573645,0.059605371206998825
5,360,2,0.01,95,0.9996100664138794,0.0003961147158406675,0.019902630877365622,0.07850167900323868
5,360,2,0.01,96,0.9995118379592896,0.000495880376547575,0.022268371663585442,0.08924448490142822
5,360,2,0.01,97,0.9994357824325562,0.0005731587880291045,0.023940734909962652,0.14533908665180206
5,360,2,0.01,98,0.999709963798523,0.0002946424065157771,0.017165150931925333,0.08060260862112045
5,360,2,0.01,99,0.9995251297950745,0.00048236962174996734,0.021962914691587895,0.11933547258377075
5,360,2,0.01,100,0.9994763135910034,0.0005319815827533603,0.02306472594143187,0.07688648998737335
6,360,2,0.01,1,0.9957491755485535,0.004318120889365673,0.06571241046686442,0.32550761103630066
6,360,2,0.01,2,0.9974042177200317,0.0026368957478553057,0.051350713216617605,0.39989516139030457
6,360,2,0.01,3,0.9980955123901367,0.0019346310291439295,0.043984440761977744,0.2699529528617859
6,360,2,0.01,4,0.9983600974082947,0.0016658647218719125,0.0408150060868783,0.19418510794639587
6,360,2,0.01,5,0.9986802935600281,0.0013406280195340514,0.03661458752374593,0.20973016321659088
6,360,2,0.01,6,0.9985743165016174,0.0014482358237728477,0.038055693710308945,0.24421803653240204
6,360,2,0.01,7,0.9990808963775635,0.0009336593793705106,0.030555840347968023,0.2115539014339447
6,360,2,0.01,8,0.9992935657501221,0.0007175946375355124,0.026787956949635268,0.179970845580101
6,360,2,0.01,9,0.9991840124130249,0.000828934891615063,0.028791229421736456,0.18718768656253815
6,360,2,0.01,10,0.9986476302146912,0.0013737798435613513,0.037064536197844854,0.18941663205623627
6,360,2,0.01,11,0.999142050743103,0.0008715233998373151,0.029521575158472067,0.16985826194286346
6,360,2,0.01,12,0.9987596273422241,0.0012600407935678959,0.03549705330823808,0.18569867312908173
6,360,2,0.01,13,0.9993887543678284,0.0006209453567862511,0.024918775186317868,0.12165506184101105
6,360,2,0.01,14,0.9987819790840149,0.0012372895143926144,0.035175126359298474,0.17860855162143707
6,360,2,0.01,15,0.9993929862976074,0.0006166055100038648,0.02483154264245105,0.12146573513746262
6,360,2,0.01,16,0.9992468357086182,0.0007650967454537749,0.02766038223621964,0.16291692852973938
6,360,2,0.01,17,0.9993314146995544,0.0006791839259676635,0.026061157418036204,0.13077691197395325
6,360,2,0.01,18,0.9986156821250916,0.0014062074478715658,0.03749943263399549,0.14417943358421326
6,360,2,0.01,19,0.9994333982467651,0.0005755938473157585,0.02399153699361003,0.18541906774044037
6,360,2,0.01,20,0.9984530210494995,0.001571446075104177,0.039641469134029036,0.1701936423778534
6,360,2,0.01,21,0.9990339875221252,0.0009813160868361592,0.03132596505833714,0.15744920074939728
6,360,2,0.01,22,0.9994189143180847,0.0005902567063458264,0.02429519924482667,0.17099188268184662
6,360,2,0.01,23,0.99936443567276,0.0006456554401665926,0.025409750887535134,0.13445910811424255
6,360,2,0.01,24,0.9989972710609436,0.0010186063591390848,0.03191561309357984,0.14247287809848785
6,360,2,0.01,25,0.998647153377533,0.0013742436422035098,0.03707079230612032,0.1308702826499939
6,360,2,0.01,26,0.9984481930732727,0.0015763542614877224,0.039703328090825364,0.2583672106266022
6,360,2,0.01,27,0.999485969543457,0.0005221569444984198,0.022850753696506812,0.10255211591720581
6,360,2,0.01,28,0.999542236328125,0.0004650386981666088,0.021564755926432574,0.1173606589436531
6,360,2,0.01,29,0.9969820976257324,0.0030657032039016485,0.05536879268957964,0.1748923361301422
6,360,2,0.01,30,0.9991087317466736,0.0009053957764990628,0.03008979522195295,0.13009993731975555
6,360,2,0.01,31,0.9959152936935425,0.004149388987571001,0.0644157510828757,0.29077157378196716
6,360,2,0.01,32,0.9994522333145142,0.0005564587190747261,0.023589377250676332,0.1435813009738922
6,360,2,0.01,33,0.9995062351226807,0.0005016112118028104,0.02239667858863922,0.08599670976400375
6,360,2,0.01,34,0.9994610548019409,0.0005474663921631873,0.02339799974705503,0.13952109217643738
6,360,2,0.01,35,0.999583899974823,0.00042266049422323704,0.020558708476537065,0.11815381050109863
6,360,2,0.01,36,0.9994041323661804,0.0006053006509318948,0.024602858592689892,0.11304213851690292
6,360,2,0.01,37,0.9996289610862732,0.00037689704913645983,0.019413836538316166,0.12075622379779816
6,360,2,0.01,38,0.9995474815368652,0.000459677423350513,0.021440089163772453,0.07661421597003937
6,360,2,0.01,39,0.9996786117553711,0.00032646849285811186,0.018068439137294397,0.1087103858590126
6,360,2,0.01,40,0.9992976188659668,0.0007135088671930134,0.026711586759176502,0.1154371127486229
6,360,2,0.01,41,0.9977911114692688,0.0022438345476984978,0.047369130746705686,0.22728678584098816
6,360,2,0.01,42,0.9992456436157227,0.0007662770221941173,0.02768170916316616,0.1277807205915451
6,360,2,0.01,43,0.998622715473175,0.0013990922598168254,0.03740444171240664,0.1359536349773407
6,360,2,0.01,44,0.9993720650672913,0.0006378880934789777,0.0252564465726867,0.14762915670871735
6,360,2,0.01,45,0.9994943141937256,0.0005137073458172381,0.02266511296722869,0.10314915329217911
6,360,2,0.01,46,0.9991229176521301,0.0008909450843930244,0.029848703227996765,0.12818649411201477
6,360,2,0.01,47,0.9995378851890564,0.00046943812048994005,0.021666520728763537,0.08832969516515732
6,360,2,0.01,48,0.9996131062507629,0.0003930034872610122,0.019824315555928083,0.08043321222066879
6,360,2,0.01,49,0.9994618892669678,0.0005466575385071337,0.023380708682739573,0.16302180290222168
6,360,2,0.01,50,0.9997310638427734,0.000273209938313812,0.01652906344333556,0.08478450775146484
6,360,2,0.01,51,0.9997404217720032,0.0002636650169733912,0.016237765147131277,0.07827628403902054
6,360,2,0.01,52,0.9987853169441223,0.0012339208042249084,0.03512720888748362,0.14210687577724457
6,360,2,0.01,53,0.9997544884681702,0.0002494096988812089,0.01579271030827859,0.0642615556716919
6,360,2,0.01,54,0.9996191263198853,0.00038692436646670103,0.019670393144690858,0.1327342689037323
6,360,2,0.01,55,0.9996054768562317,0.0004007988900411874,0.020019962288705426,0.14885425567626953
6,360,2,0.01,56,0.9969009757041931,0.0031481129117310047,0.05610804676453285,0.18549056351184845
6,360,2,0.01,57,0.9995232820510864,0.00048424542183056474,0.02200557706197601,0.13483990728855133
6,360,2,0.01,58,0.9992431998252869,0.0007687883335165679,0.02772703254076368,0.14947432279586792
6,360,2,0.01,59,0.9994493126869202,0.0005594204994849861,0.02365207177997281,0.13546137511730194
6,360,2,0.01,60,0.9988664984703064,0.0011514443904161453,0.03393293960764592,0.1698504239320755
6,360,2,0.01,61,0.9990512728691101,0.0009637639741413295,0.03104454821931428,0.14320941269397736
6,360,2,0.01,62,0.9991909861564636,0.00082183419726789,0.02866765071065102,0.12630443274974823
6,360,2,0.01,63,0.9997705817222595,0.0002330615825485438,0.015266354592650591,0.08414742350578308
6,360,2,0.01,64,0.9989290237426758,0.00108790781814605,0.03298344763886956,0.10958240926265717
6,360,2,0.01,65,0.9996538162231445,0.000351672904798761,0.01875294389685953,0.13037711381912231
6,360,2,0.01,66,0.9994547963142395,0.0005538085242733359,0.02353313672831006,0.10248039662837982
6,360,2,0.01,67,0.9996496438980103,0.00035588612081483006,0.018864944230366283,0.09650105983018875
6,360,2,0.01,68,0.9945167303085327,0.005570096429437399,0.07463307865442373,0.3844551146030426
6,360,2,0.01,69,0.9991744160652161,0.0008386552799493074,0.028959545575669994,0.10337275266647339
6,360,2,0.01,70,0.9996716380119324,0.0003335900546517223,0.018264447833201043,0.08051145076751709
6,360,2,0.01,71,0.9997758269309998,0.00022769581119064242,0.015089592810630856,0.06980476528406143
6,360,2,0.01,72,0.9995142221450806,0.0004934541648253798,0.02221382823435393,0.11550749093294144
6,360,2,0.01,73,0.9998133778572083,0.00018959917360916734,0.013769501574464028,0.0819544717669487
6,360,2,0.01,74,0.999640703201294,0.0003649958234746009,0.019104863869564757,0.0790737122297287
6,360,2,0.01,75,0.9997015595436096,0.0003031888627447188,0.017412319281035447,0.08716867864131927
6,360,2,0.01,76,0.9997061491012573,0.000298494182061404,0.017276984171475183,0.09942515939474106
6,360,2,0.01,77,0.9993696212768555,0.0006403506849892437,0.02530515135282229,0.08126578480005264
6,360,2,0.01,78,0.9993958473205566,0.0006137371528893709,0.024773718995931372,0.11036413908004761
6,360,2,0.01,79,0.9996416568756104,0.0003640252980403602,0.019079447005622575,0.09391015022993088
6,360,2,0.01,80,0.9988086819648743,0.001210179179906845,0.03478762969658676,0.12868139147758484
6,360,2,0.01,81,0.99961256980896,0.000393555877963081,0.019838242814399693,0.1101813018321991
6,360,2,0.01,82,0.9994259476661682,0.0005831283051520586,0.024148049717359343,0.19888924062252045
6,360,2,0.01,83,0.9994752407073975,0.0005330387502908707,0.023087631976685497,0.1554655134677887
6,360,2,0.01,84,0.9996770620346069,0.0003280645760241896,0.018112552995759312,0.06437377631664276
6,360,2,0.01,85,0.9996708035469055,0.00033443121355958283,0.018287460555243388,0.07962741702795029
6,360,2,0.01,86,0.9998059868812561,0.0001970887096831575,0.014038828643557037,0.053765445947647095
6,360,2,0.01,87,0.9991747736930847,0.0008382817031815648,0.028953094880885617,0.09298916161060333
6,360,2,0.01,88,0.9992239475250244,0.0007883223588578403,0.02807707888755239,0.1449597030878067
6,360,2,0.01,89,0.9995594024658203,0.00044759208685718477,0.021156372251810676,0.08977027982473373
6,360,2,0.01,90,0.9997278451919556,0.0002764566452242434,0.016626985452096944,0.11414247006177902
6,360,2,0.01,91,0.9995573163032532,0.00044972237083129585,0.021206658643720747,0.10920461267232895
6,360,2,0.01,92,0.9998189210891724,0.00018392573110759258,0.013561922102253522,0.06000771000981331
6,360,2,0.01,93,0.9989297389984131,0.0010871898848563433,0.03297256260675447,0.1350780427455902
6,360,2,0.01,94,0.999597430229187,0.00040896833525039256,0.020222965540454066,0.08457168936729431
6,360,2,0.01,95,0.9990062713623047,0.0010094739263877273,0.03177221941236915,0.10613669455051422
6,360,2,0.01,96,0.9991557598114014,0.0008576007676310837,0.02928482145465606,0.10128527134656906
6,360,2,0.01,97,0.9995342493057251,0.00047310220543295145,0.02175091274942161,0.09466367959976196
6,360,2,0.01,98,0.999758780002594,0.0002450442698318511,0.015653889926527883,0.061367809772491455
6,360,2,0.01,99,0.9997369647026062,0.0002671866677701473,0.016345845581374717,0.07860209792852402
6,360,2,0.01,100,0.9994540214538574,0.0005546261090785265,0.02355050124898675,0.09710390865802765
7,360,2,0.01,1,0.9956762194633484,0.004392263013869524,0.0662741504198245,0.4232631325721741
7,360,2,0.01,2,0.9978647232055664,0.002169104991480708,0.04657365125777351,0.23113444447517395
7,360,2,0.01,3,0.9984234571456909,0.0016014963621273637,0.040018700155394396,0.1888570636510849
7,360,2,0.01,4,0.9986818432807922,0.0013390484964475036,0.03659301157936449,0.25691166520118713
7,360,2,0.01,5,0.9989290833473206,0.0010878967586904764,0.03298327998684298,0.22025537490844727
7,360,2,0.01,6,0.998987078666687,0.0010289527708664536,0.0320772936961093,0.23615236580371857
7,360,2,0.01,7,0.9986818432807922,0.0013390501262620091,0.036593033848835346,0.15994177758693695
7,360,2,0.01,8,0.9992905259132385,0.0007206908194348216,0.02684568530387745,0.17387360334396362
7,360,2,0.01,9,0.9992318153381348,0.000780317117460072,0.027934156823861214,0.16929371654987335
7,360,2,0.01,10,0.9994078874588013,0.000601479085162282,0.024525070543472083,0.19044546782970428
7,360,2,0.01,11,0.9992233514785767,0.0007889640401117504,0.028088503700121698,0.16008880734443665
7,360,2,0.01,12,0.9993205666542053,0.0006901889573782682,0.026271447569143735,0.193289116024971
7,360,2,0.01,13,0.9985512495040894,0.0014716759324073792,0.038362428656269654,0.11175061017274857
7,360,2,0.01,14,0.9990562200546265,0.000958699849434197,0.030962878571512,0.19990552961826324
7,360,2,0.01,15,0.9995129108428955,0.0004948006244376302,0.022244114377462418,0.1738864928483963
7,360,2,0.01,16,0.9995120167732239,0.0004957250785082579,0.02226488442611499,0.16602694988250732
7,360,2,0.01,17,0.9995090961456299,0.0004986517014913261,0.022330510551515075,0.15389496088027954
7,360,2,0.01,18,0.9992299675941467,0.0007822029292583466,0.027967891040590574,0.19074267148971558
7,360,2,0.01,19,0.9980712532997131,0.0019592668395489454,0.044263606264615916,0.24978044629096985
7,360,2,0.01,20,0.9994960427284241,0.0005119395209476352,0.02262608054762546,0.12187937647104263
7,360,2,0.01,21,0.9966338276863098,0.0034194441977888346,0.058476013867130465,0.3368052840232849
7,360,2,0.01,22,0.9992968440055847,0.0007142654503695667,0.026725745085395967,0.17525528371334076
7,360,2,0.01,23,0.999669075012207,0.00033615814754739404,0.018334616100354924,0.15714001655578613
7,360,2,0.01,24,0.9996853470802307,0.00031960566411726177,0.01787751839929865,0.15076112747192383
7,360,2,0.01,25,0.9996400475502014,0.00036562944296747446,0.019121439353967956,0.12169347703456879
7,360,2,0.01,26,0.999509334564209,0.0004984145634807646,0.022325200189041185,0.13624194264411926
7,360,2,0.01,27,0.9942598938941956,0.00583100039511919,0.07636098738962972,0.30326202511787415
7,360,2,0.01,28,0.9993790984153748,0.0006307534058578312,0.02511480451562049,0.16506041586399078
7,360,2,0.01,29,0.9994365572929382,0.0005723359063267708,0.02392354293006725,0.09414077550172806
7,360,2,0.01,30,0.9996786117553711,0.0003264533879701048,0.018068021141511452,0.10580913722515106
7,360,2,0.01,31,0.9997286796569824,0.0002755993336904794,0.016601184707438182,0.14820526540279388
7,360,2,0.01,32,0.9990753531455994,0.0009392831707373261,0.030647727007680783,0.12881174683570862
7,360,2,0.01,33,0.9992378354072571,0.0007742482121102512,0.02782531602893759,0.13456231355667114
7,360,2,0.01,34,0.9995415210723877,0.0004657356475945562,0.02158090933196644,0.08299628645181656
7,360,2,0.01,35,0.9997599720954895,0.00024383174604736269,0.015615112745265808,0.0923476591706276
7,360,2,0.01,36,0.9996488690376282,0.00035668787313625216,0.018886182068810313,0.17830468714237213
7,360,2,0.01,37,0.9996882081031799,0.0003167035465594381,0.017796166625412287,0.09227274358272552
7,360,2,0.01,38,0.9980022311210632,0.002029398223385215,0.04504884264201706,0.1274968683719635
7,360,2,0.01,39,0.9995391964912415,0.00046811593347229064,0.02163598700018769,0.1347457468509674
7,360,2,0.01,40,0.9996463060379028,0.00035928984289057553,0.01895494243965345,0.10428986698389053
7,360,2,0.01,41,0.9996998906135559,0.00030488669290207326,0.01746100492245716,0.13333971798419952
7,360,2,0.01,42,0.9991839528083801,0.0008289952529594302,0.028792277661891047,0.13087131083011627
7,360,2,0.01,43,0.9988226294517517,0.0011960079427808523,0.03458334776710971,0.16984687745571136
7,360,2,0.01,44,0.9997836351394653,0.0002197674330091104,0.014824555069515927,0.08203583210706711
7,360,2,0.01,45,0.9989833235740662,0.0010327663039788604,0.032136681595629324,0.1303991675376892
7,360,2,0.01,46,0.9996626377105713,0.00034273124765604734,0.01851300212434621,0.14948587119579315
7,360,2,0.01,47,0.999764621257782,0.00023912113101687282,0.015463541994539053,0.07972145080566406
7,360,2,0.01,48,0.9997900128364563,0.00021328717411961406,0.014604354628658332,0.0856327936053276
7,360,2,0.01,49,0.9995152950286865,0.0004923974047414958,0.022190029399293185,0.09112309664487839
7,360,2,0.01,50,0.999542772769928,0.00046446966007351875,0.021551558182032193,0.06540485471487045
7,360,2,0.01,51,0.9992283582687378,0.0007838793098926544,0.027997844736562392,0.1542510837316513
7,360,2,0.01,52,0.9961006045341492,0.003961111418902874,0.06293736107355372,0.183475524187088
7,360,2,0.01,53,0.999223530292511,0.0007887635729275644,0.02808493498172222,0.14769203960895538
7,360,2,0.01,54,0.9996819496154785,0.0003231159644201398,0.017975426682561385,0.10200609266757965
7,360,2,0.01,55,0.9998265504837036,0.00017618578567635268,0.013273499375686604,0.06898611783981323
7,360,2,0.01,56,0.9994763135910034,0.0005319796036928892,0.02306468303907273,0.08817590773105621
7,360,2,0.01,57,0.9994425177574158,0.0005663053598254919,0.0237971712568005,0.11011321097612381
7,360,2,0.01,58,0.9996334910392761,0.0003723410773091018,0.01929614151350217,0.09429963678121567
7,360,2,0.01,59,0.9993516206741333,0.000658652454148978,0.02566422518115398,0.10438171029090881
7,360,2,0.01,60,0.9996235966682434,0.00038233271334320307,0.019553329980931716,0.10331994295120239
7,360,2,0.01,61,0.9997953772544861,0.00020788487745448947,0.014418213393291468,0.10720983147621155
7,360,2,0.01,62,0.9997992515563965,0.00020393675367813557,0.0142806426213296,0.06489735096693039
7,360,2,0.01,63,0.9996286630630493,0.0003772281052079052,0.019422360958645198,0.06824412196874619
7,360,2,0.01,64,0.9992323517799377,0.0007798261940479279,0.027925368288492236,0.14722634851932526
7,360,2,0.01,65,0.9993935227394104,0.0006160910706967115,0.02482118189564533,0.17481273412704468
7,360,2,0.01,66,0.9997493028640747,0.0002546963805798441,0.01595920989835788,0.11431553959846497
7,360,2,0.01,67,0.9997851252555847,0.0002182715106755495,0.014774014710820804,0.07528594136238098
7,360,2,0.01,68,0.9998052716255188,0.0001977846841327846,0.01406359428214511,0.06746130436658859
7,360,2,0.01,69,0.999677836894989,0.0003272585745435208,0.018090289509665698,0.07522549480199814
7,360,2,0.01,70,0.9998056888580322,0.00019740591233130544,0.014050121434752991,0.07137688249349594
7,360,2,0.01,71,0.9996708035469055,0.00033442172571085393,0.01828720114481311,0.11031294614076614
7,360,2,0.01,72,0.9958478212356567,0.004217889159917831,0.06494527819570743,0.27308422327041626
7,360,2,0.01,73,0.9993839263916016,0.0006258540088310838,0.02501707434595588,0.11858098953962326
7,360,2,0.01,74,0.9998002052307129,0.00020293303532525897,0.014245456655553691,0.06544312089681625
7,360,2,0.01,75,0.99943608045578,0.0005728534888476133,0.023934357915925242,0.1068967878818512
7,360,2,0.01,76,0.9995691776275635,0.0004376542055979371,0.020920186557436268,0.09327372163534164
7,360,2,0.01,77,0.9996007680892944,0.00040554863517172635,0.02013823813474571,0.07357532531023026
7,360,2,0.01,78,0.9996743202209473,0.00033081366564147174,0.018188283746452597,0.08817677944898605
7,360,2,0.01,79,0.9994438886642456,0.0005649068625643849,0.02376776940658052,0.12848100066184998
7,360,2,0.01,80,0.9996622800827026,0.0003430399519857019,0.018521337748275687,0.08795300871133804
7,360,2,0.01,81,0.9997552633285522,0.000248588650720194,0.01576669434980567,0.0691465362906456
7,360,2,0.01,82,0.9997022747993469,0.0003024307079613209,0.017390535010784483,0.08573682606220245
7,360,2,0.01,83,0.9996848106384277,0.00032015814213082194,0.017892963480955912,0.08399563282728195
7,360,2,0.01,84,0.9986416697502136,0.0013798418221995234,0.03714622217937544,0.12900181114673615
7,360,2,0.01,85,0.9997542500495911,0.0002496692177373916,0.015800924584890328,0.08319491893053055
7,360,2,0.01,86,0.9973136782646179,0.0027288789860904217,0.052238673280343,0.1582142561674118
7,360,2,0.01,87,0.9997915029525757,0.00021177984308451414,0.01455265759524748,0.07068227976560593
7,360,2,0.01,88,0.9997895956039429,0.00021372117043938488,0.014619205533796455,0.08779920637607574
7,360,2,0.01,89,0.9997435212135315,0.0002605126064736396,0.016140402921663376,0.10191698372364044
7,360,2,0.01,90,0.9997721314430237,0.00023145045270211995,0.015213495742337458,0.073937326669693
7,360,2,0.01,91,0.999785304069519,0.00021808777819387615,0.014767795305795518,0.06936394423246384
7,360,2,0.01,92,0.9998261332511902,0.00017659697914496064,0.01328897961263244,0.07079710811376572
7,360,2,0.01,93,0.9996660351753235,0.0003392516518943012,0.018418785299098885,0.07550981640815735
7,360,2,0.01,94,0.9996289610862732,0.00037692958721891046,0.019414674532912225,0.06005518138408661
7,360,2,0.01,95,0.9997698664665222,0.00023379665799438953,0.01529041065486436,0.08733667433261871
7,360,2,0.01,96,0.9965634346008301,0.0034909765236079693,0.05908448631923586,0.19413812458515167
7,360,2,0.01,97,0.9997497200965881,0.0002542306901887059,0.015944613202856502,0.0889987051486969
7,360,2,0.01,98,0.9996095895767212,0.00039657109300605953,0.019914092824079622,0.0846249908208847
7,360,2,0.01,99,0.9998553395271301,0.0001469555136281997,0.012122520927109167,0.06274811923503876
7,360,2,0.01,100,0.9997277855873108,0.0002765494573395699,0.0166297762263829,0.11575573682785034
8,360,2,0.01,1,0.9963785409927368,0.003678766079246998,0.06065283240910516,0.2327277511358261
8,360,2,0.01,2,0.9979710578918457,0.0020610911305993795,0.04539924152008907,0.19744491577148438
8,360,2,0.01,3,0.9988778829574585,0.0011398603674024343,0.03376181818863484,0.1679321527481079
8,360,2,0.01,4,0.9989482164382935,0.0010684133740141988,0.0326865931845795,0.16297341883182526
8,360,2,0.01,5,0.9991157054901123,0.0008983093430288136,0.029971809138402267,0.13481104373931885
8,360,2,0.01,6,0.9985580444335938,0.0014647834468632936,0.03827248942600015,0.21528223156929016
8,360,2,0.01,7,0.9991726279258728,0.0008404520340263844,0.028990550771352798,0.11337421089410782
8,360,2,0.01,8,0.9982948303222656,0.0017321761697530746,0.04161942058406237,0.1657610833644867
8,360,2,0.01,9,0.999123215675354,0.0008906528237275779,0.02984380712522412,0.21804244816303253
8,360,2,0.01,10,0.9994099736213684,0.0005993696977384388,0.024482028056074905,0.15224197506904602
8,360,2,0.01,11,0.9992786645889282,0.0007327328785322607,0.02706903911357514,0.10532913357019424
8,360,2,0.01,12,0.9988727569580078,0.0011450769379734993,0.03383898547494442,0.1629621982574463
8,360,2,0.01,13,0.99918133020401,0.0008316514431498945,0.028838367553484966,0.11333242803812027
8,360,2,0.01,14,0.9994446635246277,0.0005641125608235598,0.023751053888692177,0.1386578381061554
8,360,2,0.01,15,0.9987566471099854,0.0012630538549274206,0.03553946897362734,0.15937262773513794
8,360,2,0.01,16,0.99941086769104,0.0005984893068671227,0.024464041098459646,0.1571892499923706
8,360,2,0.01,17,0.9994978308677673,0.000510101264808327,0.02258542151053035,0.1295575201511383
8,360,2,0.01,18,0.9980499148368835,0.001980941276997328,0.04450776647954071,0.17671091854572296
8,360,2,0.01,19,0.9995997548103333,0.0004065830435138196,0.02016390447095551,0.14903753995895386
8,360,2,0.01,20,0.9996251463890076,0.0003807659959420562,0.01951322617974937,0.12975956499576569
8,360,2,0.01,21,0.9993534088134766,0.0006568253738805652,0.025628604602681068,0.2079593390226364
8,360,2,0.01,22,0.9953222274780273,0.004751852713525295,0.06893368344666702,0.19757047295570374
8,360,2,0.01,23,0.9995935559272766,0.00041289208456873894,0.020319746173826557,0.1022869423031807
8,360,2,0.01,24,0.9989115595817566,0.001105666276998818,0.03325156051975332,0.14835546910762787
8,360,2,0.01,25,0.99962317943573,0.0003827902546618134,0.019565026313854355,0.08928503841161728
8,360,2,0.01,26,0.9975939393043518,0.0024441585410386324,0.049438431822203185,0.26048821210861206
8,360,2,0.01,27,0.9975845217704773,0.002453735563904047,0.04953519520405716,0.183308407664299
8,360,2,0.01,28,0.9995899796485901,0.0004165003774687648,0.0204083408798649,0.1407914161682129
8,360,2,0.01,29,0.9995495676994324,0.00045754911843687296,0.021390397809224422,0.10611329972743988
8,360,2,0.01,30,0.9995595812797546,0.0004474192392081022,0.02115228685528121,0.13800638914108276
8,360,2,0.01,31,0.9994831681251526,0.0005249952664598823,0.022912775180232582,0.0876382365822792
8,360,2,0.01,32,0.9981173872947693,0.0019124348182231188,0.0437313939661557,0.251830130815506
8,360,2,0.01,33,0.999491810798645,0.0005162297748029232,0.022720690456122218,0.08931084722280502
8,360,2,0.01,34,0.9995917081832886,0.0004147738218307495,0.02036599670604779,0.14019840955734253
8,360,2,0.01,35,0.9996267557144165,0.0003791800409089774,0.019472545825057835,0.11396810412406921
8,360,2,0.01,36,0.9994284510612488,0.0005805904511362314,0.024095444613790207,0.18845419585704803
8,360,2,0.01,37,0.999537467956543,0.00046982947969809175,0.02167555027440115,0.10402453690767288
8,360,2,0.01,38,0.9996970891952515,0.00030768319265916944,0.01754090056579677,0.1462208777666092
8,360,2,0.01,39,0.9997831583023071,0.0002202581090386957,0.014841095277596451,0.0769331231713295
8,360,2,0.01,40,0.9996262788772583,0.0003796301025431603,0.01948409871005483,0.08771742135286331
8,360,2,0.01,41,0.9994052052497864,0.000604191271122545,0.024580302502665522,0.19197669625282288
8,360,2,0.01,42,0.999792218208313,0.00021105012274347246,0.014527564239867344,0.08797452598810196
8,360,2,0.01,43,0.9994640946388245,0.000544404552783817,0.023332478496375327,0.139117032289505
8,360,2,0.01,44,0.9996715784072876,0.00033364936825819314,0.01826607150588744,0.11423534154891968
8,360,2,0.01,45,0.9996539354324341,0.0003515436255838722,0.018749496675480978,0.08949314057826996
8,360,2,0.01,46,0.9984944462776184,0.0015294034965336323,0.03910758873330894,0.22821688652038574
8,360,2,0.01,47,0.9996654391288757,0.0003398721164558083,0.018435620858973215,0.07376503944396973
8,360,2,0.01,48,0.9995946288108826,0.0004117708303965628,0.020292137156952265,0.14537206292152405
8,360,2,0.01,49,0.9996148943901062,0.0003911897074431181,0.019778516310459644,0.1280122846364975
8,360,2,0.01,50,0.9997827410697937,0.00022068900580052286,0.014855605198056485,0.08889951556921005
8,360,2,0.01,51,0.9991251230239868,0.0008887097937986255,0.02981123603272138,0.1266869157552719
8,360,2,0.01,52,0.9996463656425476,0.00035921778180636466,0.018953041492234556,0.14656493067741394
8,360,2,0.01,53,0.999788761138916,0.0002145669423043728,0.01464810371018627,0.09842770546674728
8,360,2,0.01,54,0.9997286796569824,0.0002756397007033229,0.016602400450035016,0.09958559274673462
8,360,2,0.01,55,0.9997245073318481,0.00027984727057628334,0.01672863624376725,0.09376980364322662
8,360,2,0.01,56,0.9998000264167786,0.00020316732116043568,0.01425367746093743,0.07161721587181091
8,360,2,0.01,57,0.9998204708099365,0.00018236474716104567,0.01350424922611567,0.08797574788331985
8,360,2,0.01,58,0.9991517663002014,0.000861668202560395,0.029354185435136758,0.14021722972393036
8,360,2,0.01,59,0.9990252256393433,0.0009901926387101412,0.03146732652625801,0.09965255856513977
8,360,2,0.01,60,0.9997127652168274,0.0002917604288086295,0.017080996130455318,0.08492235839366913
8,360,2,0.01,61,0.9996561408042908,0.0003493115655146539,0.018689878691812153,0.1106252446770668
8,360,2,0.01,62,0.999656081199646,0.0003493789990898222,0.018691682617940585,0.11407287418842316
8,360,2,0.01,63,0.9996679425239563,0.0003373328363522887,0.01836662288915109,0.10631658136844635
8,360,2,0.01,64,0.9996915459632874,0.00031332310754805803,0.017700935216763494,0.07347788661718369
8,360,2,0.01,65,0.9995121359825134,0.0004955817712470889,0.02226166595848318,0.08760105818510056
8,360,2,0.01,66,0.9987592101097107,0.00126045907381922,0.03550294457955875,0.07913155108690262
8,360,2,0.01,67,0.9997199773788452,0.0002844654954969883,0.016866104929621074,0.06656929105520248
8,360,2,0.01,68,0.9995854496955872,0.00042108516208827496,0.02052035969685412,0.09106207638978958
8,360,2,0.01,69,0.9996119737625122,0.00039417226798832417,0.01985377213499551,0.1408226042985916
8,360,2,0.01,70,0.997564971446991,0.002473564352840185,0.049734940965484066,0.1698380410671234
8,360,2,0.01,71,0.999742865562439,0.00026119203539565206,0.016161436674864398,0.07869736850261688
8,360,2,0.01,72,0.9995080828666687,0.0004997189971618354,0.022354395477441016,0.09431597590446472
8,360,2,0.01,73,0.9996378421783447,0.0003678954381030053,0.01918060056679679,0.0837181881070137
8,360,2,0.01,74,0.9997614026069641,0.0002423534169793129,0.01556770429380366,0.0799134373664856
8,360,2,0.01,75,0.9991365075111389,0.000877173210028559,0.029617110089077883,0.10933808982372284
8,360,2,0.01,76,0.9993928074836731,0.0006168146501295269,0.02483575346409943,0.0951479971408844
8,360,2,0.01,77,0.9992959499359131,0.0007152190082706511,0.026743578823161477,0.10683329403400421
8,360,2,0.01,78,0.9997658133506775,0.0002379019424552098,0.015424070229845616,0.08079154044389725
8,360,2,0.01,79,0.9994639158248901,0.0005445946590043604,0.02333655199476479,0.09538049250841141
8,360,2,0.01,80,0.9997633695602417,0.00024039660638663918,0.015504728517024707,0.06008009612560272
8,360,2,0.01,81,0.9996039867401123,0.0004022640932817012,0.020056522462323853,0.0854497179389
8,360,2,0.01,82,0.9996799826622009,0.00032506309798918664,0.018029506315736618,0.053894929587841034
8,360,2,0.01,83,0.9988231062889099,0.0011955054942518473,0.03457608269095629,0.16985799372196198
8,360,2,0.01,84,0.9997133016586304,0.0002912107447627932,0.017064898029662913,0.09777236729860306
8,360,2,0.01,85,0.9997431635856628,0.00026093266205862164,0.016153410229998545,0.0881386324763298
8,360,2,0.01,86,0.9997206330299377,0.0002837610081769526,0.016845207276164714,0.093636654317379
8,360,2,0.01,87,0.999789834022522,0.00021351125906221569,0.014612024468300608,0.062184013426303864
8,360,2,0.01,88,0.9993894100189209,0.0006202509393915534,0.024904837670451766,0.10563240200281143
8,360,2,0.01,89,0.9983226656913757,0.0017038867808878422,0.041278163487343304,0.2007710486650467
8,360,2,0.01,90,0.9997914433479309,0.00021183643548283726,0.014554601866174055,0.07436013221740723
8,360,2,0.01,91,0.9998149871826172,0.00018791489128489047,0.013708205253967074,0.08211958408355713
8,360,2,0.01,92,0.9998489022254944,0.0001535009068902582,0.012389548292422052,0.07487846165895462
8,360,2,0.01,93,0.9997312426567078,0.0002730365958996117,0.01652381904704877,0.08279083669185638
8,360,2,0.01,94,0.9998401999473572,0.00016230552864726633,0.012739918706462232,0.08028585463762283
8,360,2,0.01,95,0.9996667504310608,0.00033854536013677716,0.018399602173329106,0.0877947211265564
8,360,2,0.01,96,0.9997087717056274,0.0002958418626803905,0.01720005414760054,0.0852026492357254
8,360,2,0.01,97,0.999345600605011,0.000664752209559083,0.025782789018240115,0.12340995669364929
8,360,2,0.01,98,0.9997594356536865,0.0002444025012664497,0.015633377794528273,0.0698007121682167
8,360,2,0.01,99,0.9996095299720764,0.00039663631469011307,0.019915730332832716,0.10654599964618683
8,360,2,0.01,100,0.9997262358665466,0.0002780859067570418,0.016675907973991756,0.11972197145223618
9,360,2,0.01,1,0.9934655427932739,0.006637932732701302,0.0814735093923252,0.38252824544906616
9,360,2,0.01,2,0.99456787109375,0.005518111400306225,0.07428399154801944,0.36807096004486084
9,360,2,0.01,3,0.9981921911239624,0.0018364309798926115,0.04285359938082928,0.308085173368454
9,360,2,0.01,4,0.998563289642334,0.0014594822423532605,0.03820317057985188,0.21976880729198456
9,360,2,0.01,5,0.9978583455085754,0.002175556495785713,0.04664286114493528,0.33463189005851746
9,360,2,0.01,6,0.9982718825340271,0.00175544957164675,0.04189808553677304,0.3163607120513916
9,360,2,0.01,7,0.9991794228553772,0.0008335420861840248,0.028871128938509225,0.20390376448631287
9,360,2,0.01,8,0.9989274740219116,0.0010894943261519074,0.033007488940419376,0.21145038306713104
9,360,2,0.01,9,0.9993321299552917,0.0006784232682548463,0.026046559624158548,0.1815919727087021
9,360,2,0.01,10,0.9990923404693604,0.0009220530628226697,0.030365326654305396,0.19697150588035583
9,360,2,0.01,11,0.9990122318267822,0.0010034189326688647,0.03167678854727645,0.1277025192975998
9,360,2,0.01,12,0.9993115663528442,0.0006993262213654816,0.026444776825783226,0.14294400811195374
9,360,2,0.01,13,0.9993519186973572,0.0006583711365237832,0.02565874386098788,0.11012962460517883
9,360,2,0.01,14,0.9994853138923645,0.0005228635855019093,0.02286621056279132,0.09908750653266907
9,360,2,0.01,15,0.9995443820953369,0.0004628497699741274,0.02151394361743396,0.16334594786167145
9,360,2,0.01,16,0.9971861839294434,0.0028583938255906105,0.05346394884022888,0.3695112466812134
9,360,2,0.01,17,0.9990946650505066,0.0009196897153742611,0.03032638645427874,0.20581011474132538
9,360,2,0.01,18,0.9993672966957092,0.000642730388790369,0.025352127894722545,0.17981135845184326
9,360,2,0.01,19,0.9996806979179382,0.00032438625930808485,0.01801072622933581,0.12416758388280869
9,360,2,0.01,20,0.9996079802513123,0.00039825556450523436,0.019956341460930015,0.09574835002422333
9,360,2,0.01,21,0.9978373050689697,0.0021969196386635303,0.04687130933378681,0.2577178180217743
9,360,2,0.01,22,0.999660074710846,0.0003453295212239027,0.018583043917074046,0.11748345196247101
9,360,2,0.01,23,0.9996991753578186,0.0003056150453630835,0.01748184902586347,0.10916688293218613
9,360,2,0.01,24,0.9989968538284302,0.0010190106695517898,0.0319219465188417,0.18830090761184692
9,360,2,0.01,25,0.9989668130874634,0.0010495319729670882,0.03239648087319189,0.16072408854961395
9,360,2,0.01,26,0.9994392395019531,0.0005696334410458803,0.023866994805502438,0.11756812036037445
9,360,2,0.01,27,0.9990490674972534,0.0009659860515967011,0.031080316143770177,0.14600931107997894
9,360,2,0.01,28,0.9995822906494141,0.0004243360017426312,0.020599417509789716,0.10483834892511368
9,360,2,0.01,29,0.9991456270217896,0.0008678724989295006,0.029459675811683683,0.1525631546974182
9,360,2,0.01,30,0.9996281862258911,0.00037768250331282616,0.019434055246212154,0.10900692641735077
9,360,2,0.01,31,0.9996140599250793,0.00039205432403832674,0.019800361714835586,0.09308943152427673
9,360,2,0.01,32,0.999404788017273,0.0006046282942406833,0.024589190597510184,0.1144096851348877
9,360,2,0.01,33,0.9977913498878479,0.0022436357103288174,0.04736703189275023,0.21838855743408203
9,360,2,0.01,34,0.9995339512825012,0.0004734515678137541,0.021758942249423662,0.1487932652235031
9,360,2,0.01,35,0.9992769360542297,0.0007345154881477356,0.027101946205904396,0.11893652379512787
9,360,2,0.01,36,0.9997192621231079,0.0002851944009307772,0.01688769969329089,0.0836484283208847
9,360,2,0.01,37,0.9996628165245056,0.00034250805038027465,0.018506973020466493,0.15819160640239716
9,360,2,0.01,38,0.9995518326759338,0.0004552803875412792,0.021337300380818543,0.09402619302272797
9,360,2,0.01,39,0.998988687992096,0.0010273201623931527,0.032051835554194906,0.14097224175930023
9,360,2,0.01,40,0.9996151924133301,0.00039092014776542783,0.019771700679643817,0.11468630284070969
9,360,2,0.01,41,0.9996619820594788,0.0003433569800108671,0.018529894225571476,0.08154229819774628
9,360,2,0.01,42,0.9992414712905884,0.0007705644238740206,0.02775904220022767,0.12927033007144928
9,360,2,0.01,43,0.9991539716720581,0.000859446416143328,0.029316316551424533,0.14121297001838684
9,360,2,0.01,44,0.9996548295021057,0.00035063427640125155,0.01872523101062445,0.07509475946426392
9,360,2,0.01,45,0.999517560005188,0.000490074569825083,0.02213762791775765,0.08994582295417786
9,360,2,0.01,46,0.9974867105484009,0.002553064376115799,0.050527857426530556,0.19828768074512482
9,360,2,0.01,47,0.9987865686416626,0.0012326641008257866,0.035109316439170195,0.12148113548755646
9,360,2,0.01,48,0.9995693564414978,0.00043744410504586995,0.020915164475706852,0.09701889753341675
9,360,2,0.01,49,0.9992806315422058,0.0007307303021661937,0.027032023641714167,0.14008456468582153
9,360,2,0.01,50,0.9995331168174744,0.0004742914461530745,0.021778233311108466,0.12187434732913971
9,360,2,0.01,51,0.9994902610778809,0.0005177894490770996,0.022754987345131608,0.10928618162870407
9,360,2,0.01,52,0.9995068311691284,0.0005010064924135804,0.022383174314953194,0.09883565455675125
9,360,2,0.01,53,0.9989054799079895,0.0011118602706119418,0.03334456883229924,0.11496532708406448
9,360,2,0.01,54,0.9997493624687195,0.0002545993193052709,0.015956168691301523,0.08164519816637039
9,360,2,0.01,55,0.999617338180542,0.00038872199365869164,0.019716033923147212,0.06753049045801163
9,360,2,0.01,56,0.999258279800415,0.0007534919423051178,0.027449807691587166,0.09980837255716324
9,360,2,0.01,57,0.9995031356811523,0.0005047313752584159,0.02246622743716479,0.08015980571508408
9,360,2,0.01,58,0.9996820092201233,0.00032305397326126695,0.017973702269183912,0.12297374755144119
9,360,2,0.01,59,0.9989811182022095,0.0010350216180086136,0.03217175186415271,0.1511787623167038
9,360,2,0.01,60,0.9994341731071472,0.0005747932009398937,0.02397484517030076,0.10076236724853516
9,360,2,0.01,61,0.999042809009552,0.0009723191033117473,0.031182031738033803,0.08202904462814331
9,360,2,0.01,62,0.9994997978210449,0.0005081163835711777,0.02254143703429703,0.08486389368772507
9,360,2,0.01,63,0.9996282458305359,0.0003776330850087106,0.0194327837688971,0.13044068217277527
9,360,2,0.01,64,0.9997243881225586,0.00027997620054520667,0.016732489370838,0.12350314855575562
9,360,2,0.01,65,0.9992673993110657,0.0007441857596859336,0.027279768321705623,0.10976595431566238
9,360,2,0.01,66,0.9996878504753113,0.00031707549351267517,0.01780661375760914,0.07852739095687866
9,360,2,0.01,67,0.9993363618850708,0.0006741561810486019,0.025964517731870196,0.1472960263490677
9,360,2,0.01,68,0.9996201395988464,0.0003859000571537763,0.019644339061260785,0.1196126863360405
9,360,2,0.01,69,0.9995784163475037,0.00042823850526474416,0.020693924356311545,0.084506556391716
9,360,2,0.01,70,0.9996102452278137,0.0003958969609811902,0.01989715962094063,0.18504267930984497
9,360,2,0.01,71,0.9997611045837402,0.00024270289577543736,0.015578924731040887,0.06888368725776672
9,360,2,0.01,72,0.9996201992034912,0.0003857992705889046,0.019641773611079643,0.06693501025438309
9,360,2,0.01,73,0.9997400045394897,0.00026411705766804516,0.0162516786107788,0.07765708863735199
9,360,2,0.01,74,0.9995906949043274,0.00041577816591598094,0.020390639173796906,0.11122830957174301
9,360,2,0.01,75,0.9993744492530823,0.0006354271899908781,0.025207681170446403,0.12035701423883438
9,360,2,0.01,76,0.9993847012519836,0.0006250510923564434,0.025001021826246292,0.14177748560905457
9,360,2,0.01,77,0.9993762373924255,0.0006336395163089037,0.025172197288057786,0.1526695042848587
9,360,2,0.01,78,0.9996275305747986,0.0003783817228395492,0.019452036470240054,0.12826597690582275
9,360,2,0.01,79,0.9997413158416748,0.0002627579087857157,0.01620980902989655,0.11108307540416718
9,360,2,0.01,80,0.9996983408927917,0.00030641796183772385,0.017504798251842944,0.07745841145515442
9,360,2,0.01,81,0.9997074604034424,0.000297176098683849,0.017238796323521228,0.07989452034235
9,360,2,0.01,82,0.9995632171630859,0.00044370608520694077,0.021064332061732714,0.09061549603939056
9,360,2,0.01,83,0.9994674324989319,0.0005409907316789031,0.02325920746024901,0.11748460680246353
9,360,2,0.01,84,0.9991416931152344,0.0008719036704860628,0.029528015010936017,0.17148426175117493
9,360,2,0.01,85,0.9996228218078613,0.0003831663343589753,0.019574634973837324,0.16267161071300507
9,360,2,0.01,86,0.9998303055763245,0.00017240196757484227,0.013130192975537042,0.07843127846717834
9,360,2,0.01,87,0.99981290102005,0.00019005968351848423,0.013786213530860613,0.0675097182393074
9,360,2,0.01,88,0.9996863007545471,0.0003186484391335398,0.017850726571586373,0.08384069055318832
9,360,2,0.01,89,0.9997405409812927,0.00026353690191172063,0.01623381969567608,0.07982145249843597
9,360,2,0.01,90,0.9996506571769714,0.0003548841632436961,0.018838369442276477,0.0823557898402214
9,360,2,0.01,91,0.9997468590736389,0.00025712422211654484,0.016035093455185875,0.09804782271385193
9,360,2,0.01,92,0.9997734427452087,0.0002301402564626187,0.015170374301994619,0.13518263399600983
9,360,2,0.01,93,0.9997587203979492,0.00024509106879122555,0.015655384658041,0.081122487783432
9,360,2,0.01,94,0.9997329115867615,0.00027134199626743793,0.016472461754924124,0.08472789078950882
9,360,2,0.01,95,0.9988634586334229,0.0011545578017830849,0.03397878458366463,0.22807462513446808
9,360,2,0.01,96,0.9997264742851257,0.0002778601774480194,0.016669138473479048,0.11687042564153671
9,360,2,0.01,97,0.9997957944869995,0.0002074447984341532,0.014402944089114323,0.08520276099443436
9,360,2,0.01,98,0.9995851516723633,0.00042140274308621883,0.02052809643114088,0.11594196408987045
9,360,2,0.01,99,0.9997185468673706,0.00028591410955414176,0.01690899493033639,0.11301387846469879
9,360,2,0.01,100,0.9997172355651855,0.00028726481832563877,0.016948888409734686,0.1184820681810379
10,360,2,0.01,1,0.9939202070236206,0.006176055874675512,0.0785878863100129,0.3344000279903412
10,360,2,0.01,2,0.9967325925827026,0.003319120965898037,0.05761181272879753,0.32416316866874695
10,360,2,0.01,3,0.9974939823150635,0.0025456685107201338,0.05045461832895116,0.36014142632484436
10,360,2,0.01,4,0.9971087574958801,0.0029370374977588654,0.054194441576225,0.24964632093906403
10,360,2,0.01,5,0.9981867074966431,0.0018419746775180101,0.04291823246031936,0.26789769530296326
10,360,2,0.01,6,0.9984917640686035,0.0015321308746933937,0.03914244339196767,0.17221736907958984
10,360,2,0.01,7,0.9985610246658325,0.0014617695705965161,0.03823309522647252,0.20200785994529724
10,360,2,0.01,8,0.9982865452766418,0.001740592997521162,0.04172041463745491,0.2639691233634949
10,360,2,0.01,9,0.998462438583374,0.0015619238838553429,0.039521182723387,0.19082705676555634
10,360,2,0.01,10,0.9986547231674194,0.0013665556907653809,0.03696695403688788,0.19506996870040894
10,360,2,0.01,11,0.9986521601676941,0.0013691895874217153,0.03700256190349143,0.2040770947933197
10,360,2,0.01,12,0.9992242455482483,0.0007880575722083449,0.028072363139008176,0.15784670412540436
10,360,2,0.01,13,0.9991508722305298,0.0008625829941593111,0.029369763263589834,0.12406853586435318
10,360,2,0.01,14,0.9991986155509949,0.0008140692953020334,0.02853189960906973,0.18472205102443695
10,360,2,0.01,15,0.9979932308197021,0.002038539620116353,0.04515018959114516,0.30622196197509766
10,360,2,0.01,16,0.9988203644752502,0.001198336249217391,0.03461699364788039,0.15845851600170135
10,360,2,0.01,17,0.9991936087608337,0.0008191650849767029,0.02862106016514243,0.11956710368394852
10,360,2,0.01,18,0.9993318915367126,0.0006786978337913752,0.02605182975898958,0.15028543770313263
10,360,2,0.01,19,0.9994848966598511,0.0005232381517998874,0.022874399485011347,0.10426483303308487
10,360,2,0.01,20,0.9989250898361206,0.0010919234482571483,0.03304426498285517,0.19158175587654114
10,360,2,0.01,21,0.9984011054039001,0.0016242281999439,0.04030171460302775,0.20226937532424927
10,360,2,0.01,22,0.9978543519973755,0.002179620089009404,0.04668640154273409,0.2693055272102356
10,360,2,0.01,23,0.9995568990707397,0.0004501369839999825,0.021216431933762624,0.1371532529592514
10,360,2,0.01,24,0.9994524717330933,0.0005561885773204267,0.023583650635989897,0.16844211518764496
10,360,2,0.01,25,0.9990846514701843,0.0009298523073084652,0.03049347975073467,0.18610014021396637
10,360,2,0.01,26,0.9994421601295471,0.0005666901124641299,0.023805253883631024,0.15252913534641266
10,360,2,0.01,27,0.9988699555397034,0.00114795146510005,0.03388143245348475,0.1382751613855362
10,360,2,0.01,28,0.999411404132843,0.0005979255074635148,0.02445251536066412,0.14224907755851746
10,360,2,0.01,29,0.9995237588882446,0.00048375214100815356,0.021994366119716967,0.10617028921842575
10,360,2,0.01,30,0.9994344711303711,0.0005744541413150728,0.02396777297362174,0.13609574735164642
10,360,2,0.01,31,0.9988508820533752,0.0011673320550471544,0.03416624145332867,0.1593155711889267
10,360,2,0.01,32,0.9987143874168396,0.0013059719931334257,0.03613823450493155,0.21219506859779358
10,360,2,0.01,33,0.999504566192627,0.0005032671033404768,0.02243361547634435,0.1171373724937439
10,360,2,0.01,34,0.9992799162864685,0.0007314576650969684,0.027045474022412114,0.09114543348550797
10,360,2,0.01,35,0.999456524848938,0.0005520855775102973,0.023496501388723754,0.11382386833429337
10,360,2,0.01,36,0.998830258846283,0.0011882742401212454,0.03447135390612393,0.18646971881389618
10,360,2,0.01,37,0.9991627931594849,0.0008504779543727636,0.029162955172148855,0.15152204036712646
10,360,2,0.01,38,0.9992431402206421,0.0007688504992984235,0.027728153550109023,0.14047200977802277
10,360,2,0.01,39,0.9996227622032166,0.00038321534520946443,0.01957588683072786,0.1206803098320961
10,360,2,0.01,40,0.9986827373504639,0.0013381005264818668,0.03658005640348121,0.11060722917318344
10,360,2,0.01,41,0.9991959929466248,0.0008167182095348835,0.02857828213057747,0.13979214429855347
10,360,2,0.01,42,0.9996539354324341,0.0003515139687806368,0.01874870578948416,0.10258427262306213
10,360,2,0.01,43,0.9995590448379517,0.0004479368799366057,0.021164519364649075,0.1126159206032753
10,360,2,0.01,44,0.9975111484527588,0.0025282499846071005,0.050281706261891115,0.2272450029850006
10,360,2,0.01,45,0.9996296167373657,0.0003762622072827071,0.019397479405394585,0.11940255016088486
10,360,2,0.01,46,0.9997430443763733,0.00026100900140590966,0.016155773005520648,0.0777016282081604
10,360,2,0.01,47,0.9964720606803894,0.0035837870091199875,0.05986473928048119,0.22077485918998718
10,360,2,0.01,48,0.9993605017662048,0.0006495994166471064,0.025487240271302548,0.10966884344816208
10,360,2,0.01,49,0.9989948868751526,0.0010210416512563825,0.03195374236699643,0.10588487982749939
10,360,2,0.01,50,0.9996530413627625,0.00035248082713223994,0.018774472752443407,0.09186377376317978
10,360,2,0.01,51,0.9991047978401184,0.0009093661792576313,0.03015569895156853,0.18523839116096497
10,360,2,0.01,52,0.9994933605194092,0.0005146499606780708,0.02268589783716022,0.126026451587677
10,360,2,0.01,53,0.9996911287307739,0.0003137878666166216,0.017714058445670252,0.08110776543617249
10,360,2,0.01,54,0.9993391036987305,0.0006713481270708144,0.02591038647088874,0.14449818432331085
10,360,2,0.01,55,0.9986386895179749,0.0013828591909259558,0.03718681474563203,0.11792420595884323
10,360,2,0.01,56,0.9993970990180969,0.0006124497158452868,0.024747721427341284,0.10175670683383942
10,360,2,0.01,57,0.9987481832504272,0.001271622022613883,0.03565980962671959,0.17378495633602142
10,360,2,0.01,58,0.9994487166404724,0.0005600294098258018,0.023664940520225313,0.11107469350099564
10,360,2,0.01,59,0.9992309212684631,0.0007812657859176397,0.027951132104400346,0.13991814851760864
10,360,2,0.01,60,0.9995946288108826,0.0004118084325455129,0.020293063655976464,0.07213645428419113
10,360,2,0.01,61,0.9993255734443665,0.0006850897916592658,0.02617421998186891,0.10995712876319885
10,360,2,0.01,62,0.9993223547935486,0.0006883607711642981,0.02623663033173845,0.12746642529964447
10,360,2,0.01,63,0.9994613528251648,0.0005471932818181813,0.02339216282899427,0.1272910237312317
10,360,2,0.01,64,0.9996762871742249,0.0003288535517640412,0.018134319721567753,0.10414319485425949
10,360,2,0.01,65,0.9994989037513733,0.0005090052727609873,0.022561145200565225,0.09178589284420013
10,360,2,0.01,66,0.999512255191803,0.000495484156999737,0.022259473421438726,0.10390777140855789
10,360,2,0.01,67,0.9996024966239929,0.00040379189886152744,0.020094573866134297,0.1036047711968422
10,360,2,0.01,68,0.9996508359909058,0.0003547149244695902,0.018833877042966754,0.17094653844833374
10,360,2,0.01,69,0.9997517466545105,0.00025218314840458333,0.015880275451155855,0.15555240213871002
10,360,2,0.01,70,0.9994814991950989,0.0005267278756946325,0.02295055284071895,0.09261303395032883
10,360,2,0.01,71,0.9993739128112793,0.0006360175902955234,0.02521938917371956,0.10052966326475143
10,360,2,0.01,72,0.9996931552886963,0.00031172201852314174,0.017655651178111267,0.13404472172260284
10,360,2,0.01,73,0.9994050860404968,0.0006043252651579678,0.024583027990017173,0.11315548419952393
10,360,2,0.01,74,0.9997373819351196,0.00026674731634557247,0.016332400813890542,0.11170680820941925
10,360,2,0.01,75,0.9993520379066467,0.0006582101341336966,0.025655606290510787,0.13123886287212372
10,360,2,0.01,76,0.9996224641799927,0.0003835115348920226,0.019583450535899504,0.1136062890291214
10,360,2,0.01,77,0.9996214509010315,0.0003845190512947738,0.01960915733260289,0.14180108904838562
10,360,2,0.01,78,0.9994892477989197,0.0005188115173950791,0.022777434390094928,0.17406395077705383
10,360,2,0.01,79,0.9996744990348816,0.0003306278958916664,0.01818317617721575,0.13577339053153992
10,360,2,0.01,80,0.9994363784790039,0.000572573917452246,0.023928516825165867,0.15146486461162567
10,360,2,0.01,81,0.9987372756004333,0.0012826875317841768,0.03581462734392439,0.15768325328826904
10,360,2,0.01,82,0.999626100063324,0.0003797894751187414,0.019488188092245555,0.14827826619148254
10,360,2,0.01,83,0.999448299407959,0.0005604638135991991,0.023674116955003814,0.11149889975786209
10,360,2,0.01,84,0.999297022819519,0.0007140846573747694,0.026722362496133634,0.14225004613399506
10,360,2,0.01,85,0.9995726943016052,0.0004340677987784147,0.02083429381520801,0.12933416664600372
10,360,2,0.01,86,0.9995260834693909,0.0004814130370505154,0.02194112661306423,0.10029088705778122
10,360,2,0.01,87,0.99964839220047,0.000357179349521175,0.018899189123377094,0.11996480822563171
10,360,2,0.01,88,0.9990827441215515,0.0009317568619735539,0.03052469265977225,0.11746785789728165
10,360,2,0.01,89,0.9995716214179993,0.00043515319703146815,0.020860325909042462,0.11381958425045013
10,360,2,0.01,90,0.9996498227119446,0.00035570000181905925,0.018860010652676187,0.11209655553102493
10,360,2,0.01,91,0.9998154044151306,0.00018751411698758602,0.01369357940742982,0.06913281232118607
10,360,2,0.01,92,0.999727189540863,0.0002771486761048436,0.01664778291860041,0.09315019845962524
10,360,2,0.01,93,0.9994837045669556,0.0005244520725682378,0.022900918596603013,0.13093720376491547
10,360,2,0.01,94,0.9996546506881714,0.0003508271765895188,0.01873038111169975,0.10540644824504852
10,360,2,0.01,95,0.9996514320373535,0.0003541092446539551,0.01881779064220758,0.09087969362735748
10,360,2,0.01,96,0.9990897178649902,0.000924700521863997,0.030408888862699292,0.16034215688705444
10,360,2,0.01,97,0.9996355772018433,0.00037018503644503653,0.019240193253838085,0.07509105652570724
10,360,2,0.01,98,0.9993149042129517,0.0006959436577744782,0.026380744071661022,0.10378573089838028
10,360,2,0.01,99,0.9997644424438477,0.0002392675814917311,0.015468276616731778,0.07445655763149261
10,360,2,0.01,100,0.9994949698448181,0.0005130324861966074,0.022650220444768464,0.10936415940523148
11,360,2,0.01,1,0.9942834377288818,0.005807097535580397,0.0762043144157888,0.3697882890701294
11,360,2,0.01,2,0.997922956943512,0.0021099483128637075,0.04593417369305458,0.32295873761177063
11,360,2,0.01,3,0.9979915022850037,0.002040294697508216,0.04516962140098382,0.2032429426908493
11,360,2,0.01,4,0.9987982511520386,0.0012207536492496729,0.03493928518515616,0.1972423791885376
11,360,2,0.01,5,0.9987752437591553,0.001244142185896635,0.03527239977513063,0.28634217381477356
11,360,2,0.01,6,0.9987363815307617,0.0012836054665967822,0.03582744013457816,0.2141197919845581
11,360,2,0.01,7,0.9989948868751526,0.0010210510808974504,0.031953889918090575,0.27779915928840637
11,360,2,0.01,8,0.998944103717804,0.0010726407635957003,0.03275119484226034,0.16109035909175873
11,360,2,0.01,9,0.998619556427002,0.0014023098628968,0.03744742798773769,0.19060742855072021
11,360,2,0.01,10,0.9983425140380859,0.0016837442526593804,0.04103345284836971,0.19248612225055695
11,360,2,0.01,11,0.9989038705825806,0.0011135132517665625,0.033369345989494044,0.11308874934911728
11,360,2,0.01,12,0.9993428587913513,0.0006675153854303062,0.025836319115352058,0.1187252476811409
11,360,2,0.01,13,0.999437153339386,0.000571732351090759,0.02391092534994744,0.12112268805503845
11,360,2,0.01,14,0.9995442032814026,0.0004630057665053755,0.02151756878704877,0.12204816192388535
11,360,2,0.01,15,0.9991175532341003,0.0008964414009824395,0.0299406312722768,0.2299397587776184
11,360,2,0.01,16,0.9990109801292419,0.0010046680690720677,0.03169649931888485,0.11179528385400772
11,360,2,0.01,17,0.9995130896568298,0.0004946069093421102,0.022239759651176767,0.13689559698104858
11,360,2,0.01,18,0.9981865286827087,0.0018422034336254,0.04292089740004745,0.24202728271484375
11,360,2,0.01,19,0.9994077682495117,0.000601627747528255,0.02452810118065104,0.0940222442150116
11,360,2,0.01,20,0.9994907975196838,0.0005172792007215321,0.022743772789964554,0.08772185444831848
11,360,2,0.01,21,0.9992374181747437,0.0007746325572952628,0.02783222156593438,0.11486709862947464
11,360,2,0.01,22,0.9993686079978943,0.0006413851515389979,0.02532558294568948,0.13827775418758392
11,360,2,0.01,23,0.9994766712188721,0.0005316444439813495,0.02305741624686837,0.10246141999959946
11,360,2,0.01,24,0.999690055847168,0.00031487466185353696,0.017744707995724723,0.11302962899208069
11,360,2,0.01,25,0.9995094537734985,0.0004983192193321884,0.022323064738789526,0.1865045577287674
11,360,2,0.01,26,0.9990842938423157,0.0009301856625825167,0.030498945270001004,0.15308336913585663
11,360,2,0.01,27,0.9991942048072815,0.0008185509941540658,0.028610330200018068,0.1594913899898529
11,360,2,0.01,28,0.9983915090560913,0.0016339441062882543,0.040422074492636496,0.2739165425300598
11,360,2,0.01,29,0.9990697503089905,0.0009449849603697658,0.030740607677301465,0.10870125144720078
11,360,2,0.01,30,0.99961256980896,0.0003935355052817613,0.01983772933784916,0.16329000890254974
11,360,2,0.01,31,0.9995355606079102,0.00047179372631944716,0.02172081320575837,0.08701285719871521
11,360,2,0.01,32,0.9997401237487793,0.00026397136389277875,0.01624719557009082,0.08882174640893936
11,360,2,0.01,33,0.999704122543335,0.0003005815960932523,0.017337289179489748,0.10169772803783417
11,360,2,0.01,34,0.9994980096817017,0.0005099197151139379,0.022581401974056833,0.08498819172382355
11,360,2,0.01,35,0.9996970295906067,0.0003077424771618098,0.017542590377758065,0.1337217539548874
11,360,2,0.01,36,0.9929456114768982,0.007166099734604359,0.08465281882255521,0.367229700088501
11,360,2,0.01,37,0.9993995428085327,0.0006099675665609539,0.02469752146594783,0.23212912678718567
11,360,2,0.01,38,0.9997180104255676,0.00028642581310123205,0.01692411927106495,0.09896446019411087
11,360,2,0.01,39,0.9996407628059387,0.00036492329672910273,0.019102965652722688,0.06640446931123734
11,360,2,0.01,40,0.9996253848075867,0.0003805719898082316,0.01950825440187388,0.09337154030799866
11,360,2,0.01,41,0.9996916055679321,0.00031328160548582673,0.017699762865242764,0.07815828919410706
11,360,2,0.01,42,0.9996808767318726,0.00032419292256236076,0.018005358162568184,0.07152071595191956
11,360,2,0.01,43,0.9997814893722534,0.00022200006060302258,0.01489966645945548,0.08792580664157867
11,360,2,0.01,44,0.9995875358581543,0.00041897379560396075,0.020468849396191296,0.08363614231348038
11,360,2,0.01,45,0.9996864795684814,0.00031847236095927656,0.017845793929082466,0.07600513845682144
11,360,2,0.01,46,0.9997425079345703,0.00026157451793551445,0.016173265530977796,0.07388264685869217
11,360,2,0.01,47,0.9993847608566284,0.0006249930593185127,0.024999861185984868,0.09762710332870483
11,360,2,0.01,48,0.9996843934059143,0.0003206299152225256,0.017906141829621632,0.07631121575832367
11,360,2,0.01,49,0.9965633153915405,0.003491118550300598,0.059085688201971534,0.17733019590377808
11,360,2,0.01,50,0.9990902543067932,0.0009241743828170002,0.03040023655856974,0.08695543557405472
11,360,2,0.01,51,0.999626100063324,0.0003798424149863422,0.019489546300166718,0.12507522106170654
11,360,2,0.01,52,0.999595046043396,0.0004113649483770132,0.02028213372347725,0.07670877873897552
11,360,2,0.01,53,0.9987208247184753,0.0012994169956073165,0.036047427031721924,0.13319778442382812
11,360,2,0.01,54,0.9996995329856873,0.00030523151508532465,0.017470876196840405,0.10050978511571884
11,360,2,0.01,55,0.9997028112411499,0.0003018941206391901,0.01737510059364233,0.09429608285427094
11,360,2,0.01,56,0.9996282458305359,0.00037766419700346887,0.019433584255187434,0.08564233779907227
11,360,2,0.01,57,0.9994444251060486,0.0005643487093038857,0.02375602469488289,0.11752751469612122
11,360,2,0.01,58,0.9997047781944275,0.0002998799318447709,0.017317041659728458,0.09726137667894363
11,360,2,0.01,59,0.9995850920677185,0.0004214906657580286,0.020530237839782292,0.10896743834018707
11,360,2,0.01,60,0.9997356534004211,0.00026853522285819054,0.016387044360048293,0.07513120025396347
11,360,2,0.01,61,0.999495267868042,0.0005126978503540158,0.022642832206992477,0.10573683679103851
11,360,2,0.01,62,0.9994945526123047,0.0005134584498591721,0.022659621573609127,0.11863786727190018
11,360,2,0.01,63,0.9994169473648071,0.0005923023563809693,0.024337262713398342,0.11506443470716476
11,360,2,0.01,64,0.9994918704032898,0.0005162006127648056,0.022720048696356385,0.11445187777280807
11,360,2,0.01,65,0.9998393654823303,0.00016319869610015303,0.012774924504675282,0.07945259660482407
11,360,2,0.01,66,0.9997427463531494,0.00026134701329283416,0.01616623064578859,0.0772751122713089
11,360,2,0.01,67,0.9995739459991455,0.0004327899659983814,0.02080360463954219,0.0899936631321907
11,360,2,0.01,68,0.9997149109840393,0.00028959655901417136,0.017017536808074527,0.15843187272548676
11,360,2,0.01,69,0.9997048377990723,0.0002998370327986777,0.017315802978743945,0.11268967390060425
11,360,2,0.01,70,0.9996729493141174,0.00033225028892047703,0.018227734058858688,0.10534749925136566
11,360,2,0.01,71,0.9981759190559387,0.0018529492663219571,0.0430458972066091,0.1679970920085907
11,360,2,0.01,72,0.9972435235977173,0.00280013564042747,0.05291630788733725,0.22710473835468292
11,360,2,0.01,73,0.9996538758277893,0.00035160212428309023,0.01875105661777731,0.09389541298151016
11,360,2,0.01,74,0.9998185634613037,0.00018433375225868076,0.01357695666409379,0.10026507824659348
11,360,2,0.01,75,0.999805748462677,0.00019733633962459862,0.014047645340931647,0.08375971764326096
11,360,2,0.01,76,0.999682605266571,0.00032244378235191107,0.017956719699096242,0.07358197122812271
11,360,2,0.01,77,0.9997784495353699,0.0002250324032502249,0.015001080069455828,0.07217461615800858
11,360,2,0.01,78,0.9998259544372559,0.0001768176443874836,0.013297279585971095,0.0760517492890358
11,360,2,0.01,79,0.9994038939476013,0.0006055440753698349,0.02460780517173027,0.08969158679246902
11,360,2,0.01,80,0.9995723366737366,0.00043444978655315936,0.02084345908320304,0.1763494610786438
11,360,2,0.01,81,0.9996421337127686,0.00036352602182887495,0.019066358378800996,0.10854548215866089
11,360,2,0.01,82,0.9996213912963867,0.0003846049075946212,0.01961134639933274,0.18348561227321625
11,360,2,0.01,83,0.9997215270996094,0.00028288914472796023,0.016819308687575724,0.11197640001773834
11,360,2,0.01,84,0.9997497797012329,0.00025416669086553156,0.0159426061503611,0.07114853709936142
11,360,2,0.01,85,0.9997454285621643,0.00025859070592559874,0.016080755763508092,0.10102129727602005
11,360,2,0.01,86,0.9996402263641357,0.0003654654137790203,0.019117149729471188,0.07626686990261078
11,360,2,0.01,87,0.9941928386688232,0.005899089388549328,0.07680552967429707,0.2975623905658722
11,360,2,0.01,88,0.9995830059051514,0.00042359187500551343,0.020581347745118963,0.1306803822517395
11,360,2,0.01,89,0.9997645020484924,0.00023922527907416224,0.015466909163571184,0.10809033364057541
11,360,2,0.01,90,0.9997290968894958,0.0002751890860963613,0.016588824132420035,0.09568017721176147
11,360,2,0.01,91,0.9996598362922668,0.00034555813181214035,0.01858919395272803,0.1207772046327591
11,360,2,0.01,92,0.9996413588523865,0.0003642989613581449,0.019086617336713827,0.0772559642791748
11,360,2,0.01,93,0.9995167851448059,0.0004908849950879812,0.022155924604673603,0.09630342572927475
11,360,2,0.01,94,0.9997673630714417,0.00023632672673556954,0.015372921867217355,0.09232570230960846
11,360,2,0.01,95,0.9997294545173645,0.00027484490419737995,0.016578446977849885,0.06852392107248306
11,360,2,0.01,96,0.9998325109481812,0.00017014567856676877,0.01304399013211712,0.07293807715177536
11,360,2,0.01,97,0.999607503414154,0.00039870955515652895,0.01996771281735915,0.12921655178070068
11,360,2,0.01,98,0.9996457695960999,0.0003598523326218128,0.01896977418478704,0.08716443181037903
11,360,2,0.01,99,0.9996337890625,0.00037203269312158227,0.019288149033061266,0.1282116025686264
11,360,2,0.01,100,0.9996652603149414,0.0003400097484700382,0.018439353255199548,0.1255815178155899
12,360,2,0.01,1,0.995148241519928,0.004928574897348881,0.0702038097068021,0.24586233496665955
12,360,2,0.01,2,0.9970941543579102,0.002951823640614748,0.05433068783491286,0.25440511107444763
12,360,2,0.01,3,0.9982715845108032,0.0017557821702212095,0.041902054486877005,0.2501451075077057
12,360,2,0.01,4,0.9967148900032043,0.0033371078316122293,0.05776770578456643,0.300678014755249
12,360,2,0.01,5,0.9985882043838501,0.0014341715723276138,0.037870457778162836,0.1768951267004013
12,360,2,0.01,6,0.9958291053771973,0.004236908629536629,0.06509154038380585,0.4321529269218445
12,360,2,0.01,7,0.9984742403030396,0.0015499376459047198,0.03936924746429273,0.16795717179775238
12,360,2,0.01,8,0.9990496039390564,0.0009654599125497043,0.031071850806633716,0.14787408709526062
12,360,2,0.01,9,0.9987223744392395,0.0012978679733350873,0.03602593473228817,0.12738466262817383
12,360,2,0.01,10,0.999057948589325,0.0009569538524374366,0.030934670718102634,0.1900751292705536
12,360,2,0.01,11,0.9980864524841309,0.0019438324961811304,0.04408891579729683,0.2855345904827118
12,360,2,0.01,12,0.9993200302124023,0.0006907376227900386,0.02628188773261994,0.15026652812957764
12,360,2,0.01,13,0.9994304180145264,0.0005786016117781401,0.02405413918181526,0.13361167907714844
12,360,2,0.01,14,0.9991401433944702,0.0008734458824619651,0.029554117859648003,0.14290226995944977
12,360,2,0.01,15,0.9994162321090698,0.0005929878097958863,0.024351341026643405,0.11318828910589218
12,360,2,0.01,16,0.9993537068367004,0.0006565395160578191,0.025623027066641036,0.1428103893995285
12,360,2,0.01,17,0.9986089468002319,0.0014130682684481144,0.03759080031667475,0.1535835564136505
12,360,2,0.01,18,0.9994646906852722,0.0005437726504169405,0.023318933303582746,0.1523168981075287
12,360,2,0.01,19,0.9992408156394958,0.0007712331716902554,0.02777108517307625,0.18082815408706665
12,360,2,0.01,20,0.9994787573814392,0.0005295000155456364,0.02301086733579672,0.14058667421340942
12,360,2,0.01,21,0.9993734359741211,0.0006365014123730361,0.025228979614186464,0.14991198480129242
12,360,2,0.01,22,0.9959356784820557,0.0041286526247859,0.06425459224667059,0.35015565156936646
12,360,2,0.01,23,0.9993816018104553,0.0006281837704591453,0.02506359452391347,0.1356373131275177
12,360,2,0.01,24,0.9993886947631836,0.0006209742277860641,0.02491935448172894,0.09235335886478424
12,360,2,0.01,25,0.999535322189331,0.0004720365977846086,0.021726403240863605,0.08463843911886215
12,360,2,0.01,26,0.9993966221809387,0.0006129014655016363,0.0247568468408567,0.11930086463689804
12,360,2,0.01,27,0.9997010827064514,0.0003036376438103616,0.01742520139942037,0.11798445880413055
12,360,2,0.01,28,0.9996740221977234,0.0003311454493086785,0.018197402268144716,0.06818266212940216
12,360,2,0.01,29,0.9993157386779785,0.0006950946990400553,0.026364648661418858,0.12842346727848053
12,360,2,0.01,30,0.9987893104553223,0.0012298800284042954,0.03506964539889583,0.22308391332626343
12,360,2,0.01,31,0.9995039701461792,0.0005038959789089859,0.022447627467262234,0.09041263163089752
12,360,2,0.01,32,0.9983459115028381,0.00168028159532696,0.040991238031156854,0.16251881420612335
12,360,2,0.01,33,0.9997233748435974,0.0002809813595376909,0.016762498606642473,0.08570696413516998
12,360,2,0.01,34,0.9997437596321106,0.0002602823078632355,0.016133267116837664,0.06555967032909393
12,360,2,0.01,35,0.9995850324630737,0.00042155737173743546,0.020531862354336867,0.10946385562419891
12,360,2,0.01,36,0.9997016787528992,0.0003030190127901733,0.01740744130509057,0.13148809969425201
12,360,2,0.01,37,0.9995108246803284,0.0004969303263351321,0.02229193410933946,0.11457522213459015
12,360,2,0.01,38,0.9989058375358582,0.0011114993831142783,0.0333391569046711,0.17459093034267426
12,360,2,0.01,39,0.9996100068092346,0.00039617143920622766,0.01990405584814883,0.09011516720056534
12,360,2,0.01,40,0.999560534954071,0.00044641754357144237,0.02112859539987082,0.11918606609106064
12,360,2,0.01,41,0.99953293800354,0.00047446851385757327,0.021782298176674868,0.09056563675403595
12,360,2,0.01,42,0.9996433258056641,0.00036229437682777643,0.01903403206963192,0.07951394468545914
12,360,2,0.01,43,0.9995812177658081,0.00042538385605439544,0.02062483590369619,0.1064477488398552
12,360,2,0.01,44,0.9997313618659973,0.0002729028055910021,0.016519770143407022,0.09114465117454529
12,360,2,0.01,45,0.9997556805610657,0.00024821748957037926,0.01575491953550951,0.0685318186879158
12,360,2,0.01,46,0.9994796514511108,0.0005285784136503935,0.022990833252633396,0.12799233198165894
12,360,2,0.01,47,0.9992494583129883,0.0007624216377735138,0.027611983589983423,0.09687977284193039
12,360,2,0.01,48,0.9996947050094604,0.0003101012553088367,0.01760969208444136,0.10469866544008255
12,360,2,0.01,49,0.9997431635856628,0.0002608819049783051,0.016151839058704896,0.13074210286140442
12,360,2,0.01,50,0.9996898770332336,0.0003150317061226815,0.017749132545639562,0.10586889833211899
12,360,2,0.01,51,0.9994369745254517,0.0005719388136640191,0.023915242287378548,0.13537448644638062
12,360,2,0.01,52,0.9994655251502991,0.0005429372540675104,0.023301014013718594,0.09509942680597305
12,360,2,0.01,53,0.9994770884513855,0.0005312114371918142,0.023048024583287266,0.08930957317352295
12,360,2,0.01,54,0.9997267723083496,0.0002775815373752266,0.016660778414444705,0.12466507405042648
12,360,2,0.01,55,0.9995285868644714,0.0004788997466675937,0.021883778162547565,0.10982830077409744
12,360,2,0.01,56,0.9993745684623718,0.0006353135104291141,0.02520542621002696,0.0939202755689621
12,360,2,0.01,57,0.9972611665725708,0.0027821692638099194,0.05274627251104972,0.2488914132118225
12,360,2,0.01,58,0.9996527433395386,0.00035278446739539504,0.018782557530735666,0.08613177388906479
12,360,2,0.01,59,0.9995126128196716,0.0004950739094056189,0.022250256389660297,0.07139977812767029
12,360,2,0.01,60,0.9994702935218811,0.0005380787770263851,0.023196525106713398,0.10775288194417953
12,360,2,0.01,61,0.999787449836731,0.00021593757264781743,0.014694814481571975,0.07772800326347351
12,360,2,0.01,62,0.9997593760490417,0.00024442761787213385,0.015634181074560122,0.07771597057580948
12,360,2,0.01,63,0.9998034834861755,0.0001996305218199268,0.014129066558691228,0.07851019501686096
12,360,2,0.01,64,0.9995989203453064,0.00040744105353951454,0.020185169148152177,0.10723176598548889
12,360,2,0.01,65,0.9998095631599426,0.0001934796164277941,0.013909695051574427,0.09638096392154694
12,360,2,0.01,66,0.9997885227203369,0.00021482804731931537,0.014657013588017014,0.09352868795394897
12,360,2,0.01,67,0.9993228912353516,0.0006878225831314921,0.026226371901799383,0.13393531739711761
12,360,2,0.01,68,0.9996514320373535,0.0003541087789926678,0.018817778269303413,0.10048095881938934
12,360,2,0.01,69,0.9997007250785828,0.0003040423325728625,0.017436809701687477,0.10056830942630768
12,360,2,0.01,70,0.9995421171188354,0.00046511139953508973,0.021566441513033385,0.12739993631839752
12,360,2,0.01,71,0.9997158050537109,0.000288716284558177,0.01699165337917935,0.08078666776418686
12,360,2,0.01,72,0.9996737837791443,0.0003313977213110775,0.01820433248737996,0.097788967192173
12,360,2,0.01,73,0.9989246726036072,0.0010923437075689435,0.033050623406661234,0.13600356876850128
12,360,2,0.01,74,0.999713122844696,0.00029143530991859734,0.017071476500836045,0.07917662709951401
12,360,2,0.01,75,0.9997155666351318,0.0002889465249609202,0.016998427131970775,0.0709783062338829
12,360,2,0.01,76,0.9997314810752869,0.00027278816560283303,0.016516299997361185,0.05828944593667984
12,360,2,0.01,77,0.9994461536407471,0.0005625964840874076,0.02371911642720714,0.0884474366903305
12,360,2,0.01,78,0.9997564554214478,0.0002473796484991908,0.01572830723565606,0.08081075549125671
12,360,2,0.01,79,0.9997373819351196,0.00026677409186959267,0.016333220499019557,0.09816330671310425
12,360,2,0.01,80,0.9996447563171387,0.0003608755941968411,0.018996725880973307,0.08922743797302246
12,360,2,0.01,81,0.9997179508209229,0.0002865091373678297,0.016926580793764277,0.10700193047523499
12,360,2,0.01,82,0.9994185566902161,0.0005906590959057212,0.02430347909056893,0.11101838201284409
12,360,2,0.01,83,0.9997900724411011,0.0002132434310624376,0.014602856948639796,0.10750079154968262
12,360,2,0.01,84,0.9998002648353577,0.00020289194071665406,0.014244014206558981,0.07162146270275116
12,360,2,0.01,85,0.9996326565742493,0.00037317731766961515,0.019317797950843547,0.11798197031021118
12,360,2,0.01,86,0.999786913394928,0.000216487271245569,0.014713506422521077,0.09724663943052292
12,360,2,0.01,87,0.9997174143791199,0.0002870724711101502,0.016943213128274997,0.0984116792678833
12,360,2,0.01,88,0.9998104572296143,0.00019252677157055587,0.013875401672404149,0.08205097168684006
12,360,2,0.01,89,0.9995784759521484,0.0004281731089577079,0.020692344211270697,0.11721673607826233
12,360,2,0.01,90,0.9997742772102356,0.000229282071813941,0.015142062997291386,0.10234752297401428
12,360,2,0.01,91,0.9996888041496277,0.0003161185886710882,0.017779724088722193,0.10983320325613022
12,360,2,0.01,92,0.9992154836654663,0.0007969343569129705,0.02823002580432704,0.1676921546459198
12,360,2,0.01,93,0.9994925260543823,0.0005154822138138115,0.022704233389696547,0.10399644076824188
12,360,2,0.01,94,0.9996342062950134,0.0003715783532243222,0.019276367739393285,0.1444500982761383
12,360,2,0.01,95,0.9997269511222839,0.0002773778687696904,0.016654665075278168,0.06448337435722351
12,360,2,0.01,96,0.9996370077133179,0.0003687252174131572,0.01920221907523079,0.08411317318677902
12,360,2,0.01,97,0.9998276233673096,0.00017510859470348805,0.01323286041275612,0.07006990164518356
12,360,2,0.01,98,0.9996474385261536,0.0003581422788556665,0.01892464739052399,0.10467074066400528
12,360,2,0.01,99,0.9997028708457947,0.00030182552291080356,0.01737312645757244,0.10963500291109085
12,360,2,0.01,100,0.9996170997619629,0.0003889794461429119,0.019722561855471818,0.09585728496313095
13,360,2,0.01,1,0.9948474168777466,0.005234178155660629,0.07234762024877273,0.41011300683021545
13,360,2,0.01,2,0.9962866902351379,0.0037721015978604555,0.06141743724595203,0.23088526725769043
13,360,2,0.01,3,0.9982191920280457,0.0018089941004291177,0.04253227128227598,0.23270215094089508
13,360,2,0.01,4,0.9984615445137024,0.001562826568260789,0.03953260133435174,0.2367592453956604
13,360,2,0.01,5,0.9982866048812866,0.0017405289690941572,0.04171964727911967,0.2282857596874237
13,360,2,0.01,6,0.9981825947761536,0.0018461678409948945,0.04296705529815715,0.2458551973104477
13,360,2,0.01,7,0.9987513422966003,0.0012684157118201256,0.03561482432667787,0.1599719375371933
13,360,2,0.01,8,0.9988477826118469,0.001170437433756888,0.03421165640183018,0.14395618438720703
13,360,2,0.01,9,0.9982140064239502,0.0018142962362617254,0.042594556415834706,0.20287156105041504
13,360,2,0.01,10,0.9984782338142395,0.0015458771958947182,0.03931764484165752,0.1870003491640091
13,360,2,0.01,11,0.9990136027336121,0.001002022298052907,0.03165473579186702,0.17152129113674164
13,360,2,0.01,12,0.9986056685447693,0.0014163884334266186,0.03763493634147159,0.21912530064582825
13,360,2,0.01,13,0.9984808564186096,0.0015432169893756509,0.039283800597391935,0.31192252039909363
13,360,2,0.01,14,0.9988557696342468,0.0011623663594946265,0.034093494386680676,0.22879429161548615
13,360,2,0.01,15,0.9994454979896545,0.0005632839165627956,0.023733603109574317,0.141398087143898
13,360,2,0.01,16,0.9995322823524475,0.00047514899051748216,0.021797912526604058,0.11352615803480148
13,360,2,0.01,17,0.9988622665405273,0.0011557505931705236,0.03399633205465736,0.14096488058567047
13,360,2,0.01,18,0.9984015226364136,0.0016237706877291203,0.04029603811454819,0.2354324907064438
13,360,2,0.01,19,0.9992193579673767,0.000793025188613683,0.028160702914055306,0.14665131270885468
13,360,2,0.01,20,0.998526930809021,0.0014964134898036718,0.03868350410451039,0.22340835630893707
13,360,2,0.01,21,0.9987714290618896,0.0012480521108955145,0.0353277810072401,0.1887580305337906
13,360,2,0.01,22,0.9994479417800903,0.0005607777857221663,0.023680747152954578,0.13301913440227509
13,360,2,0.01,23,0.9986659288406372,0.0013552033342421055,0.0368130864536255,0.20014971494674683
13,360,2,0.01,24,0.9992205500602722,0.0007917929906398058,0.02813881643992522,0.13857054710388184
13,360,2,0.01,25,0.9994156360626221,0.0005936350207775831,0.024364626423928257,0.10768716782331467
13,360,2,0.01,26,0.9994300603866577,0.0005789415445178747,0.024061204136906256,0.12315196543931961
13,360,2,0.01,27,0.9991678595542908,0.0008453436312265694,0.029074793743491447,0.10610873997211456
13,360,2,0.01,28,0.9994258880615234,0.0005831774324178696,0.024149066905739227,0.132766455411911
13,360,2,0.01,29,0.9994754195213318,0.000532898586243391,0.023084596298038027,0.12063783407211304
13,360,2,0.01,30,0.9986562728881836,0.001364999683573842,0.03694590212153226,0.15339192748069763
13,360,2,0.01,31,0.9994989037513733,0.0005090507329441607,0.0225621526664492,0.11891637742519379
13,360,2,0.01,32,0.9993866682052612,0.0006230211583897471,0.024960391791591475,0.1230204626917839
13,360,2,0.01,33,0.9994874000549316,0.000520734756719321,0.022819613421776474,0.11779904365539551
13,360,2,0.01,34,0.9995712637901306,0.00043551644193939865,0.020869030689981714,0.11880754679441452
13,360,2,0.01,35,0.9992516040802002,0.0007602624827995896,0.02757285771913368,0.17267602682113647
13,360,2,0.01,36,0.9983718395233154,0.0016539451899006963,0.040668724960351246,0.1553901731967926
13,360,2,0.01,37,0.9991795420646667,0.0008334612939506769,0.028869729717312508,0.14110685884952545
13,360,2,0.01,38,0.9996911883354187,0.0003137172316201031,0.017712064578137218,0.10637126117944717
13,360,2,0.01,39,0.9988234043121338,0.0011952276108786464,0.03457206402398686,0.1772785782814026
13,360,2,0.01,40,0.9990384578704834,0.0009767651790753007,0.031253242696963474,0.15178465843200684
13,360,2,0.01,41,0.9995354413986206,0.0004719227144960314,0.021723782232752,0.08901675045490265
13,360,2,0.01,42,0.9995487332344055,0.000458405731478706,0.021410411754067365,0.12218891829252243
13,360,2,0.01,43,0.9992740154266357,0.0007374966517090797,0.02715688958089788,0.15096378326416016
13,360,2,0.01,44,0.9969873428344727,0.003060342976823449,0.055320366745200175,0.26545724272727966
13,360,2,0.01,45,0.9982804656028748,0.0017467699944972992,0.04179437754647507,0.1818348914384842
13,360,2,0.01,46,0.9995126724243164,0.0004950692527927458,0.022250151747634124,0.15004505217075348
13,360,2,0.01,47,0.999195396900177,0.0008173642563633621,0.028589583004363008,0.10158868134021759
13,360,2,0.01,48,0.9946408867835999,0.0054439702071249485,0.07378326508853446,0.3059307932853699
13,360,2,0.01,49,0.9975018501281738,0.0025376889389008284,0.05037547954015752,0.20346087217330933
13,360,2,0.01,50,0.9996204376220703,0.0003855855029541999,0.019636331198933266,0.128407284617424
13,360,2,0.01,51,0.9997129440307617,0.00029161377460695803,0.017076702685441297,0.08531498163938522
13,360,2,0.01,52,0.9987921118736267,0.001227012136951089,0.035028733019495426,0.13630813360214233
13,360,2,0.01,53,0.9995140433311462,0.000493670697323978,0.02221870152200569,0.09369567036628723
13,360,2,0.01,54,0.9996030926704407,0.0004031762364320457,0.02007924890109303,0.09079670906066895
13,360,2,0.01,55,0.9992926716804504,0.0007185342838056386,0.026805489807232373,0.12581174075603485
13,360,2,0.01,56,0.9996092915534973,0.00039690572884865105,0.019922493037987266,0.09085822105407715
13,360,2,0.01,57,0.9986697435379028,0.001351341255940497,0.036760593792000924,0.1818663775920868
13,360,2,0.01,58,0.9989508390426636,0.0010657915845513344,0.03264646358415157,0.19953584671020508
13,360,2,0.01,59,0.9997659921646118,0.00023771786072757095,0.015418101722571782,0.10766033083200455
13,360,2,0.01,60,0.999675452709198,0.00032966796425171196,0.018156760841397675,0.09656425565481186
13,360,2,0.01,61,0.9996146559715271,0.0003914483531843871,0.019785053782701404,0.1563807725906372
13,360,2,0.01,62,0.9994306564331055,0.0005783542292192578,0.02404899642852603,0.16176632046699524
13,360,2,0.01,63,0.9997612237930298,0.00024254039453808218,0.01557370843884276,0.11595331132411957
13,360,2,0.01,64,0.9981777667999268,0.0018511012895032763,0.04302442666094781,0.15088936686515808
13,360,2,0.01,65,0.999742329120636,0.0002617795835249126,0.016179603935971752,0.09763801097869873
13,360,2,0.01,66,0.999658465385437,0.0003469177754595876,0.018625728857137043,0.07617072016000748
13,360,2,0.01,67,0.9984867572784424,0.0015372056514024734,0.03920721427750859,0.10446351021528244
13,360,2,0.01,68,0.9987514019012451,0.0012683909153565764,0.03561447620500092,0.1891123205423355
13,360,2,0.01,69,0.999627947807312,0.0003779645194299519,0.01944130961200793,0.1538669764995575
13,360,2,0.01,70,0.9996213316917419,0.00038463767850771546,0.019612181890542302,0.09279043972492218
13,360,2,0.01,71,0.999724268913269,0.0002801242808345705,0.01673691371891994,0.15348036587238312
13,360,2,0.01,72,0.9996495246887207,0.00035603498690761626,0.018868889392532256,0.0835687443614006
13,360,2,0.01,73,0.9996442198753357,0.0003613950975704938,0.019010394461201847,0.08849442005157471
13,360,2,0.01,74,0.9993783235549927,0.0006315297796390951,0.025130256258922134,0.1650065779685974
13,360,2,0.01,75,0.9997633099555969,0.0002404284168733284,0.015505754314877055,0.11209788173437119
13,360,2,0.01,76,0.9993190169334412,0.0006917401333339512,0.026300953087938683,0.14174550771713257
13,360,2,0.01,77,0.99854576587677,0.0014772313879802823,0.03843476795793468,0.12527981400489807
13,360,2,0.01,78,0.9993850588798523,0.0006246789125725627,0.024993577426462237,0.13507601618766785
13,360,2,0.01,79,0.9995414018630981,0.00046588052646256983,0.021584265715158573,0.1299315243959427
13,360,2,0.01,80,0.9996817111968994,0.0003233000170439482,0.017980545515749742,0.08414266258478165
13,360,2,0.01,81,0.9996122717857361,0.0003938675799872726,0.019846097349032445,0.1257897913455963
13,360,2,0.01,82,0.9994486570358276,0.000560054846573621,0.023665477949401763,0.09253640472888947
13,360,2,0.01,83,0.9993863105773926,0.0006234218017198145,0.024968416083520687,0.11656158417463303
13,360,2,0.01,84,0.9988738894462585,0.001143910107202828,0.03382174015633773,0.11921381205320358
13,360,2,0.01,85,0.9995871782302856,0.00041935688932426274,0.020478205227125318,0.11235224455595016
13,360,2,0.01,86,0.999720573425293,0.0002838231448549777,0.016847051518143398,0.09173716604709625
13,360,2,0.01,87,0.999705970287323,0.0002986731706187129,0.017282163366277758,0.06422179192304611
13,360,2,0.01,88,0.9997849464416504,0.00021846851450391114,0.014780680447933077,0.09574373066425323
13,360,2,0.01,89,0.9997459650039673,0.00025803426979109645,0.016063445140787714,0.10893402248620987
13,360,2,0.01,90,0.9991433024406433,0.0008702536579221487,0.029500061998615337,0.1156337708234787
13,360,2,0.01,91,0.9996253252029419,0.00038059064536355436,0.019508732541186635,0.14430838823318481
13,360,2,0.01,92,0.9997555017471313,0.0002483983407728374,0.015760658005706404,0.06354720890522003
13,360,2,0.01,93,0.9997531771659851,0.0002507062454242259,0.015833705991467252,0.10363642126321793
13,360,2,0.01,94,0.9996232986450195,0.00038268070784397423,0.01956222655640135,0.11492516845464706
13,360,2,0.01,95,0.9996314644813538,0.00037436961429193616,0.019348633395977508,0.11152449995279312
13,360,2,0.01,96,0.9995297193527222,0.00047775573330000043,0.02185762414582153,0.08511854708194733
13,360,2,0.01,97,0.999643087387085,0.0003625874232966453,0.019041728474501605,0.1150495782494545
13,360,2,0.01,98,0.9994515776634216,0.0005570889916270971,0.023602732715240774,0.08450747281312943
13,360,2,0.01,99,0.9997187852859497,0.00028564847889356315,0.016901138390462436,0.1025320515036583
13,360,2,0.01,100,0.9995892643928528,0.00041725070332176983,0.020426715431556046,0.1098223403096199
14,360,2,0.01,1,0.9941348433494568,0.005958039313554764,0.07718833664197437,0.44526198506355286
14,360,2,0.01,2,0.9970592260360718,0.002987317508086562,0.05465635835002696,0.2463432252407074
14,360,2,0.01,3,0.997209370136261,0.00283481040969491,0.053242937650874504,0.30460861325263977
14,360,2,0.01,4,0.9983673691749573,0.0016584820114076138,0.04072446453187094,0.22424978017807007
14,360,2,0.01,5,0.9985604882240295,0.0014623078750446439,0.0382401343491971,0.23291051387786865
14,360,2,0.01,6,0.998643696308136,0.0013777751009911299,0.03711839302813539,0.22075779736042023
14,360,2,0.01,7,0.9986341595649719,0.0013874570140615106,0.037248584054451125,0.24056260287761688
14,360,2,0.01,8,0.9984872937202454,0.00153667526319623,0.03920044978308578,0.30543652176856995
14,360,2,0.01,9,0.9990478754043579,0.000967186875641346,0.03109962822352296,0.16263817250728607
14,360,2,0.01,10,0.9991536140441895,0.0008597794803790748,0.029321996527847057,0.15344184637069702
14,360,2,0.01,11,0.9992054104804993,0.0008071449701674283,0.02841029690389434,0.1099432036280632
14,360,2,0.01,12,0.9992254376411438,0.0007868291577324271,0.028050475178371347,0.1513233184814453
14,360,2,0.01,13,0.9992330074310303,0.000779127876739949,0.027912862209740315,0.15150262415409088
14,360,2,0.01,14,0.9985368847846985,0.0014862737152725458,0.03855222062699561,0.264645516872406
14,360,2,0.01,15,0.9979190826416016,0.0021138531155884266,0.045976658377794556,0.2696715295314789
14,360,2,0.01,16,0.9993200302124023,0.000690741406287998,0.026281959711710958,0.1655452698469162
14,360,2,0.01,17,0.9987465739250183,0.001273280126042664,0.035683050963204704,0.14436843991279602
14,360,2,0.01,18,0.998539924621582,0.0014832131564617157,0.03851250649414701,0.16770176589488983
14,360,2,0.01,19,0.999323308467865,0.0006874334649182856,0.026218952399329108,0.1382911652326584
14,360,2,0.01,20,0.9994222521781921,0.0005868709413334727,0.024225419322139147,0.14361077547073364
14,360,2,0.01,21,0.9994836449623108,0.0005245275096967816,0.022902565570188455,0.15542109310626984
14,360,2,0.01,22,0.9990241527557373,0.0009913069661706686,0.031485027650784564,0.12164660543203354
14,360,2,0.01,23,0.9993173480033875,0.0006934478296898305,0.026333397610066017,0.15785560011863708
14,360,2,0.01,24,0.999096155166626,0.0009181627538055182,0.0303012005340633,0.15715132653713226
14,360,2,0.01,25,0.999352216720581,0.0006580118206329644,0.025651741083851685,0.1490926593542099
14,360,2,0.01,26,0.9993839859962463,0.0006257483619265258,0.025014962760846273,0.16551558673381805
14,360,2,0.01,27,0.9991848468780518,0.0008280472247861326,0.028775809715560267,0.13423343002796173
14,360,2,0.01,28,0.9993571043014526,0.000653051130939275,0.0255548651129149,0.10511858761310577
14,360,2,0.01,29,0.99955153465271,0.00045556380064226687,0.02134394060716687,0.09565217792987823
14,360,2,0.01,30,0.9982588887214661,0.0017686767969280481,0.04205563929995653,0.20980720221996307
14,360,2,0.01,31,0.9993810653686523,0.0006287225405685604,0.02507434028182118,0.12029572576284409
14,360,2,0.01,32,0.9992629289627075,0.0007487697876058519,0.027363658154673908,0.21657395362854004
14,360,2,0.01,33,0.9991805553436279,0.0008323993533849716,0.02885133191700119,0.14139783382415771
14,360,2,0.01,34,0.9977016448974609,0.00233474257402122,0.0483191739790864,0.20855773985385895
14,360,2,0.01,35,0.9995207190513611,0.00048684541252441704,0.02206457369913176,0.092583566904068
14,360,2,0.01,36,0.9994393587112427,0.0005695336731150746,0.023864904632432005,0.08364754915237427
14,360,2,0.01,37,0.9991887807846069,0.0008240416646003723,0.028706125907206153,0.11083006113767624
14,360,2,0.01,38,0.999566912651062,0.00043992960127070546,0.020974498832408497,0.09971381723880768
14,360,2,0.01,39,0.9996044635772705,0.00040181606891565025,0.02004535030663346,0.1098204031586647
14,360,2,0.01,40,0.9991170167922974,0.0008969457121565938,0.0299490519408644,0.19244764745235443
14,360,2,0.01,41,0.9993076324462891,0.0007033254951238632,0.02652028459733913,0.11330743134021759
14,360,2,0.01,42,0.9991934299468994,0.0008193118846975267,0.028623624590493894,0.1208934634923935
14,360,2,0.01,43,0.9996091723442078,0.00039702648064121604,0.019925523346733354,0.11159873753786087
14,360,2,0.01,44,0.999674379825592,0.00033076436375267804,0.01818692837597042,0.08035691827535629
14,360,2,0.01,45,0.9995276927947998,0.00047977594658732414,0.02190378840719852,0.0967104360461235
14,360,2,0.01,46,0.9997356534004211,0.0002685378130991012,0.016387123393051668,0.09337928146123886
14,360,2,0.01,47,0.9997101426124573,0.0002944209845736623,0.01715869996747021,0.07069779932498932
14,360,2,0.01,48,0.9993686676025391,0.0006413157097995281,0.025324211928498944,0.11743073910474777
14,360,2,0.01,49,0.9994025826454163,0.0006068983930163085,0.024635307853085753,0.10302785784006119
14,360,2,0.01,50,0.9987399578094482,0.001280011609196663,0.0357772498830844,0.178658127784729
14,360,2,0.01,51,0.9997200965881348,0.0002843623224180192,0.016863046059891407,0.06932257860898972
14,360,2,0.01,52,0.9996132850646973,0.00039281792123802006,0.019819634740277634,0.08232606947422028
14,360,2,0.01,53,0.9992847442626953,0.0007265537860803306,0.026954661676235718,0.09889250993728638
14,360,2,0.01,54,0.9989674091339111,0.001048957696184516,0.03238761640171311,0.1550244688987732
14,360,2,0.01,55,0.9994440674781799,0.0005647338693961501,0.023764129889313222,0.08528724312782288
14,360,2,0.01,56,0.9995324611663818,0.0004749164800159633,0.02179257855362608,0.09823717176914215
14,360,2,0.01,57,0.9996063113212585,0.00039989553624764085,0.019997388235658196,0.0842093676328659
14,360,2,0.01,58,0.9990454912185669,0.0009696240886114538,0.03113878752635455,0.20860332250595093
14,360,2,0.01,59,0.9993894696235657,0.000620202743448317,0.024903870049619137,0.07962357252836227
14,360,2,0.01,60,0.9994763135910034,0.000531999277882278,0.02306510953544938,0.06862618029117584
14,360,2,0.01,61,0.9996514916419983,0.00035402359208092093,0.018815514664258348,0.09498006850481033
14,360,2,0.01,62,0.9987937808036804,0.001225294079631567,0.035004200885487544,0.15460796654224396
14,360,2,0.01,63,0.9995473623275757,0.000459816656075418,0.021443335936262763,0.10921438038349152
14,360,2,0.01,64,0.9995859861373901,0.0004205779987387359,0.020507998408882712,0.08645140379667282
14,360,2,0.01,65,0.999413251876831,0.0005960222915746272,0.024413567776435857,0.15118014812469482
14,360,2,0.01,66,0.9996163249015808,0.0003897596907336265,0.019742332454237177,0.15020915865898132
14,360,2,0.01,67,0.9990872144699097,0.0009272072347812355,0.030450077746719064,0.12807677686214447
14,360,2,0.01,68,0.9994251132011414,0.0005839618970640004,0.024165303578974555,0.09858877956867218
14,360,2,0.01,69,0.9984638690948486,0.001560445874929428,0.03950247935167397,0.18958929181098938
14,360,2,0.01,70,0.9996669888496399,0.00033825356513261795,0.018391671080481457,0.08603999018669128
14,360,2,0.01,71,0.9995534420013428,0.0004536195192486048,0.021298345458006938,0.0842035710811615
14,360,2,0.01,72,0.9996225237846375,0.00038343967753462493,0.019581615804999977,0.10154365748167038
14,360,2,0.01,73,0.9996795654296875,0.0003255274205002934,0.018042378460177953,0.09066623449325562
14,360,2,0.01,74,0.9996260404586792,0.0003798866819124669,0.01949068192528078,0.10271012037992477
14,360,2,0.01,75,0.9994430541992188,0.0005657489527948201,0.023785477771001786,0.10321322828531265
14,360,2,0.01,76,0.9994336366653442,0.000575319747440517,0.023985823884964154,0.1294514387845993
14,360,2,0.01,77,0.9997232556343079,0.0002811086887959391,0.016766296215799694,0.11363973468542099
14,360,2,0.01,78,0.9995483160018921,0.00045884566497989,0.02142068311188721,0.10570453852415085
14,360,2,0.01,79,0.9995696544647217,0.00043717052903957665,0.020908623317654768,0.09876018017530441
14,360,2,0.01,80,0.9997375011444092,0.0002666807558853179,0.016330363005313688,0.09420589357614517
14,360,2,0.01,81,0.9954355955123901,0.00463668629527092,0.06809321768921571,0.17779938876628876
14,360,2,0.01,82,0.9992849826812744,0.0007263387669809163,0.026950672848389447,0.12579113245010376
14,360,2,0.01,83,0.9992031455039978,0.0008094863151200116,0.028451472986824627,0.11283554881811142
14,360,2,0.01,84,0.9996922016143799,0.0003126865776721388,0.01768294595569807,0.0900481566786766
14,360,2,0.01,85,0.9995967745780945,0.0004096180200576782,0.020239022211008074,0.09541628509759903
14,360,2,0.01,86,0.9997735023498535,0.00023011288431007415,0.015169472117053847,0.06072474271059036
14,360,2,0.01,87,0.9995748996734619,0.00043185523827560246,0.020781126973184166,0.08243753761053085
14,360,2,0.01,88,0.9997272491455078,0.0002770699211396277,0.0166454174216097,0.046950068324804306
14,360,2,0.01,89,0.999613344669342,0.000392752728657797,0.01981799002567609,0.09166007488965988
14,360,2,0.01,90,0.9991610646247864,0.0008522106800228357,0.02919264770490741,0.08856311440467834
14,360,2,0.01,91,0.9996030926704407,0.00040317780803889036,0.020079288036155326,0.11659933626651764
14,360,2,0.01,92,0.9996849894523621,0.0003200121864210814,0.017888884437579706,0.08332215249538422
14,360,2,0.01,93,0.9994358420372009,0.0005730670527555048,0.023938818950723213,0.12093161046504974
14,360,2,0.01,94,0.9993518590927124,0.0006584194488823414,0.02565968528416398,0.15187400579452515
14,360,2,0.01,95,0.9997054934501648,0.0002991462533827871,0.017295844974524577,0.11662686616182327
14,360,2,0.01,96,0.9997643828392029,0.00023935548961162567,0.015471117917320185,0.0867360532283783
14,360,2,0.01,97,0.9996933341026306,0.00031149841379374266,0.017649317658021305,0.0783553346991539
14,360,2,0.01,98,0.9996361136436462,0.00036967042251490057,0.019226815194277512,0.10041318833827972
14,360,2,0.01,99,0.9993135929107666,0.0006972549599595368,0.02640558577194486,0.14603208005428314
14,360,2,0.01,100,0.9997583031654358,0.0002455222129356116,0.015669148443218338,0.07103151082992554
15,360,2,0.01,1,0.9941896796226501,0.005902301054447889,0.07682643460715777,0.43132665753364563
15,360,2,0.01,2,0.9976454377174377,0.0023918135557323694,0.048906170937136034,0.29571235179901123
15,360,2,0.01,3,0.9983536005020142,0.001672486076131463,0.040896039858786606,0.24744129180908203
15,360,2,0.01,4,0.998020350933075,0.0020109708420932293,0.04484384954587674,0.2678212523460388
15,360,2,0.01,5,0.9984468817710876,0.001577687100507319,0.03972010952285151,0.14682114124298096
15,360,2,0.01,6,0.9989844560623169,0.0010316347470507026,0.03211907139147554,0.12371595203876495
15,360,2,0.01,7,0.9989784359931946,0.0010377397993579507,0.0322139690097006,0.20023439824581146
15,360,2,0.01,8,0.9989787340164185,0.0010374613339081407,0.032209646597069964,0.17408867180347443
15,360,2,0.01,9,0.9990766048431396,0.0009379874099977314,0.0306265801224644,0.13026560842990875
15,360,2,0.01,10,0.9984173774719238,0.0016076924512162805,0.0400960403433591,0.1698308140039444
15,360,2,0.01,11,0.9979793429374695,0.0020526605658233166,0.04530629719832903,0.20825879275798798
15,360,2,0.01,12,0.9991660118103027,0.0008471800247207284,0.029106357118690213,0.19580689072608948
15,360,2,0.01,13,0.9984480142593384,0.0015765329590067267,0.03970557843687366,0.14460210502147675
15,360,2,0.01,14,0.999472975730896,0.0005353923770599067,0.02313854742761323,0.08646045625209808
15,360,2,0.01,15,0.9994052052497864,0.0006041976157575846,0.024580431561662716,0.14969177544116974
15,360,2,0.01,16,0.9989297389984131,0.0010871911654248834,0.0329725820254478,0.1712530106306076
15,360,2,0.01,17,0.9993268847465515,0.0006837479886598885,0.026148575270172725,0.11792823672294617
15,360,2,0.01,18,0.9984878897666931,0.0015360770048573613,0.03919281828163626,0.1607375144958496
15,360,2,0.01,19,0.9977914094924927,0.0022435830906033516,0.04736647644276859,0.1981145441532135
15,360,2,0.01,20,0.9995579719543457,0.00044904285459779203,0.021190631293045332,0.1534077674150467
15,360,2,0.01,21,0.9981980323791504,0.0018304904224351048,0.042784231002030465,0.13344696164131165
15,360,2,0.01,22,0.9989302754402161,0.001086644479073584,0.03296429096876777,0.17940789461135864
15,360,2,0.01,23,0.9996302127838135,0.0003756130172405392,0.019380738304836047,0.12676109373569489
15,360,2,0.01,24,0.9997177720069885,0.0002866985450964421,0.016932174848389738,0.11040424555540085
15,360,2,0.01,25,0.9996622204780579,0.0003431360819377005,0.018523932680122236,0.10891842842102051
15,360,2,0.01,26,0.9995856881141663,0.0004208646423649043,0.0205149857997734,0.11159715056419373
15,360,2,0.01,27,0.9991977214813232,0.0008149626082740724,0.028547549952212578,0.1253848522901535
15,360,2,0.01,28,0.9995792508125305,0.0004274024395272136,0.02067371373331878,0.12035312503576279
15,360,2,0.01,29,0.999522864818573,0.0004847109958063811,0.022016153065564863,0.11890925467014313
15,360,2,0.01,30,0.9992059469223022,0.0008066098671406507,0.028400877929047382,0.1384197324514389
15,360,2,0.01,31,0.9992940425872803,0.0007171590114012361,0.026779824708187246,0.11386647075414658
15,360,2,0.01,32,0.9994534850120544,0.0005551902577280998,0.023562475628169884,0.0797991156578064
15,360,2,0.01,33,0.9997103214263916,0.00029425270622596145,0.017153795679847695,0.09608083963394165
15,360,2,0.01,34,0.9996538758277893,0.00035160675179213285,0.018751180010658872,0.11255878955125809
15,360,2,0.01,35,0.9993288516998291,0.0006817564135417342,0.02611046559412019,0.09793732315301895
15,360,2,0.01,36,0.9995710253715515,0.00043576478492468596,0.020874979878425893,0.14051245152950287
15,360,2,0.01,37,0.9996959567070007,0.00030884877196513116,0.017574093773652488,0.10579343140125275
15,360,2,0.01,38,0.999640166759491,0.0003655415493994951,0.01911914091687948,0.08563095331192017
15,360,2,0.01,39,0.9993723630905151,0.0006375444936566055,0.025249643436227084,0.1435687392950058
15,360,2,0.01,40,0.9984949827194214,0.0015288458671420813,0.0391004586564158,0.1501794010400772
15,360,2,0.01,41,0.9995006918907166,0.0005072165513411164,0.02252146867637891,0.1076635792851448
15,360,2,0.01,42,0.9997648596763611,0.0002388538559898734,0.015454897475877133,0.07866381108760834
15,360,2,0.01,43,0.9996451735496521,0.0003604357480071485,0.018985145456570738,0.1030237153172493
15,360,2,0.01,44,0.9997028708457947,0.0003018278512172401,0.017373193466292836,0.0965023785829544
15,360,2,0.01,45,0.9996999502182007,0.00030480933492071927,0.017458789617860664,0.08700073510408401
15,360,2,0.01,46,0.9997703433036804,0.00023329792020376772,0.015274093105771214,0.09674546122550964
15,360,2,0.01,47,0.9992090463638306,0.0008034470956772566,0.02834514236473785,0.14625252783298492
15,360,2,0.01,48,0.9996654987335205,0.0003397949622012675,0.01843352820816643,0.09834349900484085
15,360,2,0.01,49,0.9997708201408386,0.00023279772722162306,0.01525771041872348,0.0903467908501625
15,360,2,0.01,50,0.9996684193611145,0.00033681688364595175,0.018352571581278513,0.09203842282295227
15,360,2,0.01,51,0.9991104006767273,0.0009036757983267307,0.03006120087965101,0.08699697256088257
15,360,2,0.01,52,0.9996306300163269,0.00037522040656767786,0.0193706067681856,0.09766016155481339
15,360,2,0.01,53,0.9995276927947998,0.00047979658120311797,0.02190425943060203,0.1463586539030075
15,360,2,0.01,54,0.9997227191925049,0.00028168363496661186,0.016783433348591458,0.09546387940645218
15,360,2,0.01,55,0.999530017375946,0.00047740203444845974,0.021849531675723847,0.09478498250246048
15,360,2,0.01,56,0.9995057582855225,0.0005020840908400714,0.02240723300276211,0.1552327573299408
15,360,2,0.01,57,0.9994253516197205,0.0005837436765432358,0.0241607879950807,0.13408304750919342
15,360,2,0.01,58,0.9995864033699036,0.00042015258804894984,0.020497623961058264,0.0903625637292862
15,360,2,0.01,59,0.9996467232704163,0.0003588645195122808,0.018943719790798237,0.11880341917276382
15,360,2,0.01,60,0.9997521042823792,0.0002518275287002325,0.015869074601256132,0.09210416674613953
15,360,2,0.01,61,0.9997219443321228,0.00028246871079318225,0.01680680549043102,0.10317373275756836
15,360,2,0.01,62,0.9997652173042297,0.00023849688295740634,0.015443344293170645,0.0768326073884964
15,360,2,0.01,63,0.9997686743736267,0.00023496797075495124,0.015328665002372231,0.08446209877729416
15,360,2,0.01,64,0.9994737505912781,0.0005345827084966004,0.023121044710319654,0.11250296235084534
15,360,2,0.01,65,0.999360203742981,0.0006499215378426015,0.025493558752018156,0.08780587464570999
15,360,2,0.01,66,0.9996386170387268,0.0003671218000818044,0.019160422753212007,0.10334193706512451
15,360,2,0.01,67,0.9997150301933289,0.00028951128479093313,0.017015031142814083,0.10710012912750244
15,360,2,0.01,68,0.9996518492698669,0.0003536470467224717,0.018805505755561898,0.08605928719043732
15,360,2,0.01,69,0.999420166015625,0.0005890401662327349,0.024270149695309565,0.11224624514579773
15,360,2,0.01,70,0.9997787475585938,0.00022476726735476404,0.014992240238028606,0.06421918421983719
15,360,2,0.01,71,0.9998049736022949,0.00019814015831798315,0.014076226707395102,0.08316197246313095
15,360,2,0.01,72,0.9985095858573914,0.0015139811439439654,0.03890991061341526,0.16962869465351105
15,360,2,0.01,73,0.9993430972099304,0.0006672992021776736,0.025832135068121518,0.14573900401592255
15,360,2,0.01,74,0.9995137453079224,0.0004939301288686693,0.022224538889899816,0.0845843032002449
15,360,2,0.01,75,0.9996148347854614,0.0003912851680070162,0.019780929402002732,0.09507205337285995
15,360,2,0.01,76,0.9993981719017029,0.0006113291019573808,0.024725070312486084,0.12339175492525101
15,360,2,0.01,77,0.9995957016944885,0.0004107124113943428,0.02026604084162328,0.09676362574100494
15,360,2,0.01,78,0.999699056148529,0.0003056807036045939,0.017483726822522534,0.06528662890195847
15,360,2,0.01,79,0.9997238516807556,0.00028054407448507845,0.016749449975598556,0.10265287756919861
15,360,2,0.01,80,0.9994788765907288,0.0005293472786433995,0.023007548297100226,0.15200340747833252
15,360,2,0.01,81,0.9996042847633362,0.00040195698966272175,0.0200488650467482,0.07516411691904068
15,360,2,0.01,82,0.9995272159576416,0.0004802537732757628,0.021914693091069352,0.10050703585147858
15,360,2,0.01,83,0.9997872114181519,0.00021614975412376225,0.01470203231270297,0.08657694607973099
15,360,2,0.01,84,0.9994015693664551,0.000607901718467474,0.024655663010097174,0.0850711390376091
15,360,2,0.01,85,0.9991425275802612,0.0008710342226549983,0.02951328891626615,0.12651239335536957
15,360,2,0.01,86,0.9995712041854858,0.0004356121353339404,0.02087132327702152,0.10898204147815704
15,360,2,0.01,87,0.9994678497314453,0.0005406044656410813,0.0232509024693899,0.08226495236158371
15,360,2,0.01,88,0.9998205900192261,0.0001822336489567533,0.013499394392221946,0.0777343362569809
15,360,2,0.01,89,0.9996915459632874,0.0003133506397716701,0.017701712905017698,0.09104228019714355
15,360,2,0.01,90,0.9998419880867004,0.00016049515397753567,0.012668668200625339,0.0531165711581707
15,360,2,0.01,91,0.9997167587280273,0.00028773315716534853,0.016962698994126748,0.10336104780435562
15,360,2,0.01,92,0.9998200535774231,0.00018281918892171234,0.013521064637139797,0.07161368429660797
15,360,2,0.01,93,0.9997264742851257,0.0002778848574962467,0.016669878748696604,0.07535675913095474
15,360,2,0.01,94,0.9997912049293518,0.00021211103012319654,0.014564032069560837,0.060403089970350266
15,360,2,0.01,95,0.999239981174469,0.0007720743305981159,0.02778622555508603,0.10876528918743134
15,360,2,0.01,96,0.9990681409835815,0.0009466111660003662,0.030767046754610138,0.09984757751226425
15,360,2,0.01,97,0.9996427297592163,0.0003629366692621261,0.019050896809917534,0.09612049907445908
15,360,2,0.01,98,0.9994644522666931,0.0005440462264232337,0.02332479852910275,0.09492035210132599
15,360,2,0.01,99,0.9997803568840027,0.0002230929967481643,0.014936297959941891,0.08725246042013168
15,360,2,0.01,100,0.99961918592453,0.0003868507919833064,0.01966852287243011,0.09962035715579987
16,360,2,0.01,1,0.9920614361763,0.008064239285886288,0.08980110960275652,0.48221859335899353
16,360,2,0.01,2,0.9969428777694702,0.0031055468134582043,0.05572743322151312,0.40238872170448303
16,360,2,0.01,3,0.9970365166664124,0.0030104017350822687,0.054867128001037824,0.4384104311466217
16,360,2,0.01,4,0.997621476650238,0.0024161760229617357,0.04915461344534952,0.34646397829055786
16,360,2,0.01,5,0.9939330816268921,0.0061629582196474075,0.0785045108235661,0.5569024085998535
16,360,2,0.01,6,0.9981571435928345,0.001872009364888072,0.04326672352845859,0.2289009839296341
16,360,2,0.01,7,0.9987199902534485,0.001300255535170436,0.03605905621574747,0.18753401935100555
16,360,2,0.01,8,0.9985557198524475,0.0014671423705294728,0.038303294512737056,0.32070350646972656
16,360,2,0.01,9,0.9977676272392273,0.0022677197121083736,0.047620580761981196,0.2848106324672699
16,360,2,0.01,10,0.9989772439002991,0.0010389672825112939,0.032233015411396025,0.2031645029783249
16,360,2,0.01,11,0.9983790516853333,0.0016465833177790046,0.04057811377798387,0.17673611640930176
16,360,2,0.01,12,0.9989014267921448,0.0011159727582708001,0.03340617844457519,0.1254197210073471
16,360,2,0.01,13,0.9964293837547302,0.003627155441790819,0.060225870203682565,0.27259689569473267
16,360,2,0.01,14,0.9992657899856567,0.0007458428735844791,0.027310124012616257,0.13053235411643982
16,360,2,0.01,15,0.9992864727973938,0.0007248336914926767,0.02692273558709584,0.13855090737342834
16,360,2,0.01,16,0.9986895322799683,0.0013312161900103092,0.03648583547090993,0.16958677768707275
16,360,2,0.01,17,0.9991764426231384,0.0008365920512005687,0.028923901037041472,0.1987403780221939
16,360,2,0.01,18,0.9995362162590027,0.0004711538495030254,0.021706078630259897,0.09645644575357437
16,360,2,0.01,19,0.9994217157363892,0.0005874106427654624,0.024236555917981878,0.10696613043546677
16,360,2,0.01,20,0.9983716011047363,0.0016541853547096252,0.04067167754973509,0.26103493571281433
16,360,2,0.01,21,0.9993966817855835,0.000612880801782012,0.024756429503908918,0.10125036537647247
16,360,2,0.01,22,0.9991825819015503,0.0008303647045977414,0.028816049427319863,0.14035765826702118
16,360,2,0.01,23,0.9993153214454651,0.0006954887649044394,0.026372120978496203,0.09809707850217819
16,360,2,0.01,24,0.9994028210639954,0.0006066233618184924,0.024629725167335758,0.13405367732048035
16,360,2,0.01,25,0.9987576603889465,0.0012620209017768502,0.0355249335224832,0.1540224850177765
16,360,2,0.01,26,0.9989550113677979,0.0010615575592964888,0.03258155243840429,0.16466975212097168
16,360,2,0.01,27,0.9991952180862427,0.0008175009861588478,0.028591974156375558,0.11369004100561142
16,360,2,0.01,28,0.9990798234939575,0.0009347561281174421,0.030573781711090993,0.127162367105484
16,360,2,0.01,29,0.9992843866348267,0.000726914091501385,0.026961344393434557,0.1743721067905426
16,360,2,0.01,30,0.9992529153823853,0.0007589422166347504,0.027548905906310515,0.12599962949752808
16,360,2,0.01,31,0.9996098279953003,0.0003963327908422798,0.019908108670646737,0.09090530872344971
16,360,2,0.01,32,0.9996508359909058,0.0003547053784132004,0.018833623613452626,0.07205288112163544
16,360,2,0.01,33,0.9994781017303467,0.0005301768542267382,0.023025569574426127,0.14145779609680176
16,360,2,0.01,34,0.9993851780891418,0.0006245452677831054,0.024990903700808927,0.1180756688117981
16,360,2,0.01,35,0.999060332775116,0.0009545488865114748,0.030895774573741874,0.1784554272890091
16,360,2,0.01,36,0.9995325207710266,0.0004748817882500589,0.021791782585416433,0.10956400632858276
16,360,2,0.01,37,0.9995695948600769,0.0004372485855128616,0.020910489843924306,0.08578801900148392
16,360,2,0.01,38,0.9994739294052124,0.0005343873635865748,0.02311681992806482,0.11690417677164078
16,360,2,0.01,39,0.999488353729248,0.0005197447608225048,0.02279791132587599,0.08020373433828354
16,360,2,0.01,40,0.9995183348655701,0.0004893154255114496,0.022120475255099054,0.08716657757759094
16,360,2,0.01,41,0.9992868304252625,0.0007244470180012286,0.026915553458943187,0.11006869375705719
16,360,2,0.01,42,0.9997006058692932,0.0003041470772586763,0.017439812993798882,0.09828649461269379
16,360,2,0.01,43,0.9985666871070862,0.0014560085255652666,0.03815767977177421,0.21032561361789703
16,360,2,0.01,44,0.9979905486106873,0.002041281433776021,0.04518054264587822,0.19680456817150116
16,360,2,0.01,45,0.9996845722198486,0.0003204483073204756,0.01790107000490405,0.0854116827249527
16,360,2,0.01,46,0.9994887113571167,0.0005193970282562077,0.022790283637028473,0.13506941497325897
16,360,2,0.01,47,0.9992268681526184,0.0007853781571611762,0.028024599143630514,0.11022693663835526
16,360,2,0.01,48,0.9996638298034668,0.00034149555722251534,0.0184795984053365,0.0895267054438591
16,360,2,0.01,49,0.9995056390762329,0.0005021790857426822,0.022409352639973387,0.15421907603740692
16,360,2,0.01,50,0.997283399105072,0.0027596168220043182,0.052532055185422914,0.21475434303283691
16,360,2,0.01,51,0.9986748695373535,0.0013460807967931032,0.036688973776777996,0.22984156012535095
16,360,2,0.01,52,0.9993757605552673,0.000634135736618191,0.025182051874662457,0.12737403810024261
16,360,2,0.01,53,0.9996396899223328,0.0003660007787402719,0.01913114682240121,0.06859974563121796
16,360,2,0.01,54,0.9993472099304199,0.0006631386349909008,0.025751478306903098,0.10689854621887207
16,360,2,0.01,55,0.9984392523765564,0.0015854305820539594,0.039817465791458395,0.14309002459049225
16,360,2,0.01,56,0.9995757341384888,0.0004309765645302832,0.02075997506092633,0.18409131467342377
16,360,2,0.01,57,0.9993904232978821,0.000619225378613919,0.02488423956270151,0.15130415558815002
16,360,2,0.01,58,0.9995423555374146,0.000464864686364308,0.021560720914763215,0.08816929161548615
16,360,2,0.01,59,0.9995706081390381,0.0004361806786619127,0.020884939038980043,0.11575514823198318
16,360,2,0.01,60,0.9995008707046509,0.0005070541519671679,0.02251786295293512,0.1481529027223587
16,360,2,0.01,61,0.9996943473815918,0.00031046514050103724,0.017620021013070253,0.12576648592948914
16,360,2,0.01,62,0.999254584312439,0.0007572107133455575,0.0275174619713657,0.13787555694580078
16,360,2,0.01,63,0.9987469911575317,0.0012728202855214477,0.03567660697882364,0.19585970044136047
16,360,2,0.01,64,0.9996885061264038,0.00031642598332837224,0.017788366516585278,0.1437550187110901
16,360,2,0.01,65,0.9978060722351074,0.0022286544553935528,0.04720862691705355,0.13283252716064453
16,360,2,0.01,66,0.9995871782302856,0.00041935325134545565,0.020478116401306437,0.19017979502677917
16,360,2,0.01,67,0.9994308948516846,0.0005780900828540325,0.02404350396373275,0.09557811170816422
16,360,2,0.01,68,0.998255729675293,0.0017718611052259803,0.0420934805549028,0.19028307497501373
16,360,2,0.01,69,0.9997012615203857,0.0003034866531379521,0.01742086832330559,0.07256294786930084
16,360,2,0.01,70,0.9996591210365295,0.0003463015891611576,0.01860918023882722,0.11323534697294235
16,360,2,0.01,71,0.9994850754737854,0.0005230893148109317,0.02287114590069618,0.11543282866477966
16,360,2,0.01,72,0.9996723532676697,0.00033281094511039555,0.018243106783396176,0.15186651051044464
16,360,2,0.01,73,0.9993973970413208,0.0006121158367022872,0.024740974853515518,0.0772598460316658
16,360,2,0.01,74,0.9994515180587769,0.0005571729852817953,0.023604511968727405,0.08785403519868851
16,360,2,0.01,75,0.9994992017745972,0.0005087567842565477,0.02255563752715821,0.11901335418224335
16,360,2,0.01,76,0.9996277093887329,0.0003781742707360536,0.01944670333851097,0.07582448422908783
16,360,2,0.01,77,0.9994879364967346,0.0005201533786021173,0.022806871302353537,0.14730902016162872
16,360,2,0.01,78,0.9992389678955078,0.0007730952347628772,0.02780459017433771,0.16544769704341888
16,360,2,0.01,79,0.9995989203453064,0.0004074184980709106,0.020184610426533144,0.09191351383924484
16,360,2,0.01,80,0.9992839694023132,0.0007273928495123982,0.026970221532505036,0.18158647418022156
16,360,2,0.01,81,0.9994466304779053,0.0005621025920845568,0.023708702876466203,0.11495663970708847
16,360,2,0.01,82,0.9996522068977356,0.00035327699151821434,0.018795664168052544,0.07781485468149185
16,360,2,0.01,83,0.9992815256118774,0.0007298292475752532,0.027015352072021073,0.13480740785598755
16,360,2,0.01,84,0.999642550945282,0.0003631295985542238,0.019055959659755366,0.10478446632623672
16,360,2,0.01,85,0.9997180700302124,0.0002863863774109632,0.016922954157326173,0.074471116065979
16,360,2,0.01,86,0.9996805191040039,0.00032454539905302227,0.018015143603452688,0.0715237706899643
16,360,2,0.01,87,0.9995014071464539,0.0005064711440354586,0.022504913775339343,0.13720083236694336
16,360,2,0.01,88,0.9996276497840881,0.00037826976040378213,0.019449158346925507,0.08739253878593445
16,360,2,0.01,89,0.9997581243515015,0.00024569654488004744,0.015674710360323967,0.10115936398506165
16,360,2,0.01,90,0.9991389513015747,0.0008746724342927337,0.029574861526180198,0.1354140043258667
16,360,2,0.01,91,0.999100923538208,0.0009133326238952577,0.030221393480368466,0.18415945768356323
16,360,2,0.01,92,0.9995378851890564,0.0004694552917499095,0.021666916987654463,0.12094496190547943
16,360,2,0.01,93,0.9996887445449829,0.00031620345544070005,0.017782110545171516,0.06335862725973129
16,360,2,0.01,94,0.9991438388824463,0.0008697087760083377,0.029490825285304202,0.12391293048858643
16,360,2,0.01,95,0.9996395707130432,0.0003661653900053352,0.019135448518530607,0.0958200991153717
16,360,2,0.01,96,0.9996747374534607,0.00033044099109247327,0.018178035952557507,0.08990700542926788
16,360,2,0.01,97,0.9992450475692749,0.0007668862817808986,0.027692711708695097,0.13354246318340302
16,360,2,0.01,98,0.9996305704116821,0.00037526246160268784,0.019371692275139202,0.08424115926027298
16,360,2,0.01,99,0.9996703863143921,0.00033481151331216097,0.018297855429316327,0.09137751162052155
16,360,2,0.01,100,0.9997629523277283,0.00024080745060928166,0.015517971858760462,0.08523394167423248
17,360,2,0.01,1,0.9947544932365417,0.005328555591404438,0.07299695604204628,0.4228039085865021
17,360,2,0.01,2,0.9969815611839294,0.003066233592107892,0.05537358207762879,0.21607550978660583
17,360,2,0.01,3,0.9958251714706421,0.004240925423800945,0.06512238803822343,0.39169642329216003
17,360,2,0.01,4,0.9980924129486084,0.0019377683056518435,0.044020089796044756,0.2074880450963974
17,360,2,0.01,5,0.998554527759552,0.0014683582121506333,0.038319162466716745,0.21722166240215302
17,360,2,0.01,6,0.9970811009407043,0.002965092658996582,0.054452664388407866,0.3715142011642456
17,360,2,0.01,7,0.9986573457717896,0.0013639152748510242,0.03693122357641328,0.17322522401809692
17,360,2,0.01,8,0.9983145594596863,0.001712100114673376,0.041377531519816116,0.18332748115062714
17,360,2,0.01,9,0.9989013671875,0.0011160046560689807,0.033406655864797075,0.14738686382770538
17,360,2,0.01,10,0.9991530776023865,0.000860355794429779,0.02933182221461495,0.15177695453166962
17,360,2,0.01,11,0.9987349510192871,0.0012850695056840777,0.03584786612455584,0.1523977518081665
17,360,2,0.01,12,0.9988535046577454,0.0011646768543869257,0.034127362253577785,0.18305762112140656
17,360,2,0.01,13,0.9987812638282776,0.0012380596017464995,0.03518607113257318,0.18306316435337067
17,360,2,0.01,14,0.9990721940994263,0.0009424766758456826,0.03069978299346239,0.177389994263649
17,360,2,0.01,15,0.9992290139198303,0.0007832045084796846,0.027985791189096023,0.15278242528438568
17,360,2,0.01,16,0.9994882941246033,0.0005197934806346893,0.02279897981565599,0.10218583792448044
17,360,2,0.01,17,0.9991388320922852,0.0008748227264732122,0.029577402294204476,0.12156206369400024
17,360,2,0.01,18,0.9985209107398987,0.0015025046886876225,0.03876215536689907,0.22310850024223328
17,360,2,0.01,19,0.9990460276603699,0.0009690896840766072,0.031130205333029966,0.16427680850028992
17,360,2,0.01,20,0.9993342757225037,0.0006762547418475151,0.02600489842024989,0.1369764655828476
17,360,2,0.01,21,0.9992559552192688,0.0007558529614470899,0.02749278016947522,0.1427140235900879
17,360,2,0.01,22,0.9993670582771301,0.0006429505883716047,0.02535647034529066,0.12647126615047455
17,360,2,0.01,23,0.9994857311248779,0.0005224200431257486,0.022856509863182276,0.12023607641458511
17,360,2,0.01,24,0.9993438720703125,0.0006664974498562515,0.025816611897308512,0.1624745875597
17,360,2,0.01,25,0.9995032548904419,0.0005046089645475149,0.022463502944721575,0.13562636077404022
17,360,2,0.01,26,0.999344527721405,0.0006658326601609588,0.025803733453920168,0.1367522031068802
17,360,2,0.01,27,0.9986544847488403,0.0013668234460055828,0.036970575408094244,0.17995935678482056
17,360,2,0.01,28,0.9995309710502625,0.0004764741170220077,0.021828287084011144,0.10306718200445175
17,360,2,0.01,29,0.999559760093689,0.0004472341970540583,0.021147912356874812,0.09902909398078918
17,360,2,0.01,30,0.999595582485199,0.00041081185918301344,0.020268494250511394,0.10374119877815247
17,360,2,0.01,31,0.9967824816703796,0.0032684546895325184,0.057170400466784545,0.2570689916610718
17,360,2,0.01,32,0.9994135499000549,0.000595737830735743,0.024407741205112427,0.1369524896144867
17,360,2,0.01,33,0.999598503112793,0.0004078697820659727,0.02019578624530307,0.12793247401714325
17,360,2,0.01,34,0.999559760093689,0.000447216909378767,0.021147503620493058,0.1141565591096878
17,360,2,0.01,35,0.9991284608840942,0.0008853232720866799,0.029754382401365347,0.2563314735889435
17,360,2,0.01,36,0.9993335008621216,0.0006770268664695323,0.026019739938545356,0.18789394199848175
17,360,2,0.01,37,0.9988911747932434,0.0011263699270784855,0.03356143511649175,0.12770691514015198
17,360,2,0.01,38,0.999465823173523,0.0005426456918939948,0.023294756746830278,0.09612295031547546
17,360,2,0.01,39,0.9982103109359741,0.0018180360784754157,0.04263843428733536,0.1881117820739746
17,360,2,0.01,40,0.9996407628059387,0.0003649027494248003,0.019102427841109628,0.0887565165758133
17,360,2,0.01,41,0.9994055032730103,0.0006039306172169745,0.0245749998416475,0.1561754047870636
17,360,2,0.01,42,0.9987971782684326,0.0012218874180689454,0.03495550626251815,0.11896881461143494
17,360,2,0.01,43,0.999258816242218,0.000752943626139313,0.027439818259954146,0.16721151769161224
17,360,2,0.01,44,0.9993956685066223,0.0006139265606179833,0.02477754145628624,0.13060502707958221
17,360,2,0.01,45,0.9995399713516235,0.0004672954382840544,0.02161701733089129,0.1052311584353447
17,360,2,0.01,46,0.9988544583320618,0.001163683831691742,0.034112810375161735,0.1399921327829361
17,360,2,0.01,47,0.9996720552444458,0.00033314910251647234,0.018252372517469403,0.10642221570014954
17,360,2,0.01,48,0.9996252655982971,0.00038069242145866156,0.019511340842152843,0.11725587397813797
17,360,2,0.01,49,0.9988788962364197,0.0011388742132112384,0.03374721045080969,0.16381636261940002
17,360,2,0.01,50,0.9996601343154907,0.000345232809195295,0.018580441576972678,0.12448398768901825
17,360,2,0.01,51,0.9986385107040405,0.0013830267125740647,0.03718906711083332,0.14598976075649261
17,360,2,0.01,52,0.9996240735054016,0.0003818495897576213,0.019540972078113752,0.10467255860567093
17,360,2,0.01,53,0.9991881251335144,0.0008247060468420386,0.028717695709127477,0.14709366858005524
17,360,2,0.01,54,0.9996687173843384,0.0003365351294633001,0.018344893825348242,0.09918582439422607
17,360,2,0.01,55,0.9972931742668152,0.00274970312602818,0.052437611749851655,0.2228955626487732
17,360,2,0.01,56,0.9995182752609253,0.0004893551231361926,0.02212137254186983,0.13498973846435547
17,360,2,0.01,57,0.997651994228363,0.0023851969745010138,0.04883847842123067,0.1397288292646408
17,360,2,0.01,58,0.9979568719863892,0.002075469121336937,0.04555731688035344,0.2615591585636139
17,360,2,0.01,59,0.9994261264801025,0.0005829570000059903,0.024144502479984762,0.09786105901002884
17,360,2,0.01,60,0.9996151328086853,0.0003909478255081922,0.01977240060053893,0.10257168114185333
17,360,2,0.01,61,0.9996537566184998,0.00035173253854736686,0.01875453381311748,0.08253022283315659
17,360,2,0.01,62,0.9997380971908569,0.0002660701866261661,0.016311657997462002,0.11206013709306717
17,360,2,0.01,63,0.9996592998504639,0.00034608106943778694,0.01860325427009444,0.12357531487941742
17,360,2,0.01,64,0.9997601509094238,0.00024362218391615897,0.015608401068532259,0.08918659389019012
17,360,2,0.01,65,0.999778687953949,0.00022479059407487512,0.014993018177634385,0.11014387011528015
17,360,2,0.01,66,0.9997347593307495,0.0002694205613806844,0.016414035499555994,0.10290028154850006
17,360,2,0.01,67,0.9997180700302124,0.0002863974659703672,0.01692328177305948,0.11603118479251862
17,360,2,0.01,68,0.9997791051864624,0.00022439855092670768,0.014979938281805693,0.07914510369300842
17,360,2,0.01,69,0.9997187852859497,0.0002856737992260605,0.016901887445668916,0.08508744090795517
17,360,2,0.01,70,0.9996781945228577,0.0003268774598836899,0.018079752760579715,0.105689637362957
17,360,2,0.01,71,0.9997155070304871,0.00028900784673169255,0.017000230784659735,0.11099143326282501
17,360,2,0.01,72,0.9997633695602417,0.00024036179820541292,0.015503605974269757,0.09378235787153244
17,360,2,0.01,73,0.9997140765190125,0.00029047596035525203,0.017043355313882652,0.11066970229148865
17,360,2,0.01,74,0.9972863793373108,0.002756573725491762,0.05250308300939824,0.22657597064971924
17,360,2,0.01,75,0.9996393918991089,0.00036630057729780674,0.01913898057101806,0.09604157507419586
17,360,2,0.01,76,0.999726414680481,0.0002779136411845684,0.01667074207060287,0.10105180740356445
17,360,2,0.01,77,0.9995782375335693,0.00042843646951951087,0.020698706952839128,0.09028936177492142
17,360,2,0.01,78,0.9997206926345825,0.0002837477077264339,0.016844812487125937,0.0775233656167984
17,360,2,0.01,79,0.9995118379592896,0.0004958627978339791,0.022267976958717628,0.07624129951000214
17,360,2,0.01,80,0.9990922808647156,0.0009220778592862189,0.030365734953829437,0.19275858998298645
17,360,2,0.01,81,0.9996582269668579,0.0003471893141977489,0.018633016776618563,0.15865837037563324
17,360,2,0.01,82,0.9997923970222473,0.0002109100023517385,0.014522740869124482,0.07004033029079437
17,360,2,0.01,83,0.9997517466545105,0.0002521919086575508,0.015880551270580967,0.08222176134586334
17,360,2,0.01,84,0.998982310295105,0.0010338296415284276,0.03215322132428457,0.09811913222074509
17,360,2,0.01,85,0.9993686676025391,0.0006412991788238287,0.02532388553962106,0.13140016794204712
17,360,2,0.01,86,0.9995814561843872,0.00042516147368587554,0.020619444068302996,0.08592500537633896
17,360,2,0.01,87,0.9997522234916687,0.00025167319108732045,0.015864211013703784,0.06204532831907272
17,360,2,0.01,88,0.999629020690918,0.0003768417809624225,0.019412413063872883,0.10155612230300903
17,360,2,0.01,89,0.9996652603149414,0.00034001964377239347,0.018439621573459512,0.12219366431236267
17,360,2,0.01,90,0.9996743202209473,0.0003308170707896352,0.018188377354498537,0.06967930495738983
17,360,2,0.01,91,0.9997460842132568,0.00025793214445002377,0.01606026601429826,0.11934174597263336
17,360,2,0.01,92,0.9994938969612122,0.0005141279543749988,0.022674389834679096,0.12817999720573425
17,360,2,0.01,93,0.9995152354240417,0.0004924475797452033,0.022191159945915473,0.11147186160087585
17,360,2,0.01,94,0.9991949200630188,0.0008178001153282821,0.028597204676826058,0.157079815864563
17,360,2,0.01,95,0.9996897578239441,0.00031515085720457137,0.01775248876086312,0.10888168960809708
17,360,2,0.01,96,0.9997663497924805,0.00023737046285532415,0.015406831694262262,0.09671042114496231
17,360,2,0.01,97,0.9997866749763489,0.00021668453700840473,0.014720208456689896,0.05981220677495003
17,360,2,0.01,98,0.9996516704559326,0.00035383476642891765,0.01881049617710595,0.09095018357038498
17,360,2,0.01,99,0.9997167587280273,0.0002877158985938877,0.016962190265230718,0.09386999160051346
17,360,2,0.01,100,0.9997164607048035,0.0002880232932511717,0.016971249018595293,0.08684616535902023
18,360,2,0.01,1,0.9909932017326355,0.009149400517344475,0.09565249875117991,0.45944103598594666
18,360,2,0.01,2,0.9964653253555298,0.0035906475968658924,0.059922012623625155,0.4168297052383423
18,360,2,0.01,3,0.9978750944137573,0.0021585675422102213,0.046460386806506694,0.20075301826000214
18,360,2,0.01,4,0.9971266388893127,0.0029188361950218678,0.054026254682532526,0.43558865785598755
18,360,2,0.01,5,0.9962053298950195,0.00385475205257535,0.06208664955185897,0.38280755281448364
18,360,2,0.01,6,0.9958874583244324,0.004177651833742857,0.06463475716472412,0.3072710931301117
18,360,2,0.01,7,0.9968429207801819,0.0032070407178252935,0.05663074004306578,0.3972829282283783
18,360,2,0.01,8,0.9986631870269775,0.00135796086397022,0.03685052053866024,0.12002268433570862
18,360,2,0.01,9,0.9990027546882629,0.0010130128357559443,0.03182786256970368,0.1290799081325531
18,360,2,0.01,10,0.9987510442733765,0.0012687166454270482,0.03561904891244358,0.23097380995750427
18,360,2,0.01,11,0.9989381432533264,0.0010786941275000572,0.032843479223432726,0.13407759368419647
18,360,2,0.01,12,0.9989578127861023,0.0010586937423795462,0.032537574316158634,0.13646288216114044
18,360,2,0.01,13,0.9989504218101501,0.0010662188287824392,0.03265300642793002,0.1603265404701233
18,360,2,0.01,14,0.999278724193573,0.0007327034254558384,0.02706849507186978,0.1431301087141037
18,360,2,0.01,15,0.9992859363555908,0.0007253979565575719,0.02693321288961961,0.11866117268800735
18,360,2,0.01,16,0.9980814456939697,0.001948932884261012,0.04414671997171491,0.2698881924152374
18,360,2,0.01,17,0.9991946816444397,0.0008180905715562403,0.028602282628423913,0.15175391733646393
18,360,2,0.01,18,0.99930739402771,0.0007035546004772186,0.02652460368181245,0.10723187029361725
18,360,2,0.01,19,0.9992862343788147,0.0007250424241647124,0.02692661182110947,0.16057147085666656
18,360,2,0.01,20,0.9992097020149231,0.0008028217125684023,0.028334108642560158,0.1029629036784172
18,360,2,0.01,21,0.9992952346801758,0.0007159112137742341,0.02675651722056206,0.10711035877466202
18,360,2,0.01,22,0.9993132948875427,0.0006975883152335882,0.026411897228968393,0.13691940903663635
18,360,2,0.01,23,0.9993080496788025,0.0007029232219792902,0.026512699258643777,0.19560453295707703
18,360,2,0.01,24,0.9994369745254517,0.0005719444015994668,0.023915359115001113,0.13245967030525208
18,360,2,0.01,25,0.9992796182632446,0.0007317709387280047,0.027051265011603518,0.12740547955036163
18,360,2,0.01,26,0.9990967512130737,0.0009175321320071816,0.030290792858675416,0.13423560559749603
18,360,2,0.01,27,0.999416708946228,0.0005925376317463815,0.02434209587825957,0.142511785030365
18,360,2,0.01,28,0.9993618130683899,0.0006483120960183442,0.025461973529527206,0.15999802947044373
18,360,2,0.01,29,0.999244749546051,0.0007672171341255307,0.027698684700280096,0.11717776954174042
18,360,2,0.01,30,0.9992325305938721,0.0007796433637849987,0.027922094545090967,0.11319218575954437
18,360,2,0.01,31,0.9982314705848694,0.001796504482626915,0.04238519178471315,0.18661165237426758
18,360,2,0.01,32,0.9995748996734619,0.0004318176652304828,0.020780222935052522,0.15677106380462646
18,360,2,0.01,33,0.998793363571167,0.0012257383204996586,0.035010545846925305,0.1995861679315567
18,360,2,0.01,34,0.9995153546333313,0.0004923222586512566,0.022188336094697513,0.13813309371471405
18,360,2,0.01,35,0.9995606541633606,0.0004463258956093341,0.02112642647513616,0.14785976707935333
18,360,2,0.01,36,0.998985767364502,0.0010303171584382653,0.03209855383717879,0.17718078196048737
18,360,2,0.01,37,0.9993466138839722,0.0006637561600655317,0.025763465606659593,0.13006122410297394
18,360,2,0.01,38,0.9992760419845581,0.000735398440156132,0.027118230771127603,0.12740136682987213
18,360,2,0.01,39,0.9988506436347961,0.0011675771092996001,0.03416982746956151,0.1532711386680603
18,360,2,0.01,40,0.9980191588401794,0.0020121829584240913,0.044857362365882496,0.1359456330537796
18,360,2,0.01,41,0.9996055364608765,0.00040068087400868535,0.020017014612790922,0.09392416477203369
18,360,2,0.01,42,0.9994655251502991,0.0005429337034001946,0.023300937822332272,0.14708195626735687
18,360,2,0.01,43,0.9991695284843445,0.0008436382049694657,0.029045450675957256,0.15733098983764648
18,360,2,0.01,44,0.998798131942749,0.0012208838015794754,0.03494114768549361,0.1560761034488678
18,360,2,0.01,45,0.9994097948074341,0.0005995587562210858,0.024485888920377914,0.09572254866361618
18,360,2,0.01,46,0.9993298649787903,0.0006807456957176328,0.026091103765797888,0.1370570957660675
18,360,2,0.01,47,0.9995694756507874,0.00043733688653446734,0.020912601142241187,0.08440088480710983
18,360,2,0.01,48,0.9995955228805542,0.00041087117278948426,0.0202699573948611,0.1730668991804123
18,360,2,0.01,49,0.9996150135993958,0.00039105681935325265,0.019775156620195265,0.11790788173675537
18,360,2,0.01,50,0.9992921948432922,0.0007190302712842822,0.026814739813846456,0.13816767930984497
18,360,2,0.01,51,0.9996413588523865,0.0003642918018158525,0.019086429781807086,0.13484780490398407
18,360,2,0.01,52,0.9996244311332703,0.00038154132198542356,0.019533082756836503,0.10338228940963745
18,360,2,0.01,53,0.9983140826225281,0.0017126072198152542,0.04138365885002502,0.17065326869487762
18,360,2,0.01,54,0.9996678829193115,0.0003373566141817719,0.01836727018862008,0.10786496102809906
18,360,2,0.01,55,0.9956115484237671,0.004457937553524971,0.06676778829289594,0.3122160732746124
18,360,2,0.01,56,0.9991751909255981,0.0008378431666642427,0.02894552066666348,0.2259402871131897
18,360,2,0.01,57,0.9994331002235413,0.0005758572951890528,0.023997026798940172,0.1302006095647812
18,360,2,0.01,58,0.9996691346168518,0.0003360747068654746,0.01833234046338532,0.11090397089719772
18,360,2,0.01,59,0.9996975660324097,0.0003072146500926465,0.01752753976154801,0.11764667183160782
18,360,2,0.01,60,0.9996364116668701,0.0003693726030178368,0.01921906873440638,0.10576105862855911
18,360,2,0.01,61,0.9995274543762207,0.00048002292169258,0.021909425407631758,0.17094860970973969
18,360,2,0.01,62,0.9996471405029297,0.0003584709484130144,0.01893332903672818,0.13719579577445984
18,360,2,0.01,63,0.9997141361236572,0.0002904110006056726,0.017041449486639115,0.09974634647369385
18,360,2,0.01,64,0.9996215105056763,0.0003844908787868917,0.019608438968640306,0.10796785354614258
18,360,2,0.01,65,0.9996216893196106,0.0003842995793092996,0.01960356037329188,0.08049062639474869
18,360,2,0.01,66,0.9995723366737366,0.00043445819756016135,0.020843660848328956,0.08280431479215622
18,360,2,0.01,67,0.9997220039367676,0.0002824234834406525,0.01680545992945901,0.11903151869773865
18,360,2,0.01,68,0.9990773797035217,0.0009372198255732656,0.03061404621367887,0.257137656211853
18,360,2,0.01,69,0.9985174536705017,0.001506009604781866,0.03880733957361501,0.10519858449697495
18,360,2,0.01,70,0.9996033310890198,0.00040297085070051253,0.020074133871739338,0.08933514356613159
18,360,2,0.01,71,0.9992218613624573,0.000790481164585799,0.02811549687602549,0.1283837854862213
18,360,2,0.01,72,0.9995971918106079,0.00040916260331869125,0.02022776812499815,0.10434693098068237
18,360,2,0.01,73,0.9996883869171143,0.00031653931364417076,0.017791551749191826,0.10374266654253006
18,360,2,0.01,74,0.9995818734169006,0.00042473539360798895,0.020609109481197603,0.10399355739355087
18,360,2,0.01,75,0.9979586005210876,0.0020737142767757177,0.045538053063078114,0.1962260752916336
18,360,2,0.01,76,0.9986727237701416,0.0013482741778716445,0.03671885316661789,0.15981994569301605
18,360,2,0.01,77,0.9996606707572937,0.0003446933696977794,0.01856591957587287,0.0858633741736412
18,360,2,0.01,78,0.9996449947357178,0.00036061505670659244,0.018989867211399673,0.09305264800786972
18,360,2,0.01,79,0.9995842576026917,0.00042230202234350145,0.020549988378184097,0.12589497864246368
18,360,2,0.01,80,0.9991100430488586,0.0009040766162797809,0.030067866839531214,0.1247214525938034
18,360,2,0.01,81,0.9987562298774719,0.0012634837767109275,0.03554551697065225,0.13361257314682007
18,360,2,0.01,82,0.9997345209121704,0.0002696666633710265,0.01642153048199304,0.10678181797266006
18,360,2,0.01,83,0.9995410442352295,0.0004662327410187572,0.02159242323174398,0.09749232232570648
18,360,2,0.01,84,0.9996379613876343,0.00036775454645976424,0.019176927450969935,0.08992903679609299
18,360,2,0.01,85,0.9996622204780579,0.0003431177174206823,0.018523436976454512,0.08706112951040268
18,360,2,0.01,86,0.9996446371078491,0.00036100338911637664,0.019000089187063744,0.11668111383914948
18,360,2,0.01,87,0.9995502829551697,0.0004568661388475448,0.021374427216829573,0.11321387439966202
18,360,2,0.01,88,0.9995784759521484,0.0004282096051611006,0.02069322606944361,0.10720717161893845
18,360,2,0.01,89,0.9988241195678711,0.0011944848811253905,0.03456132059290256,0.20780375599861145
18,360,2,0.01,90,0.9997689127922058,0.0002347311092307791,0.015320936956687053,0.08896966278553009
18,360,2,0.01,91,0.9994959831237793,0.000511966529302299,0.022626677380965573,0.12254065275192261
18,360,2,0.01,92,0.999019980430603,0.000995541806332767,0.03155220763009725,0.1050850972533226
18,360,2,0.01,93,0.9993183016777039,0.0006924891495145857,0.02631518857075863,0.18569007515907288
18,360,2,0.01,94,0.9995554685592651,0.00045157410204410553,0.02125027298751961,0.09628381580114365
18,360,2,0.01,95,0.9997270703315735,0.0002772232110146433,0.0166500213517774,0.056996073573827744
18,360,2,0.01,96,0.9997616410255432,0.00024215041776187718,0.015561183045060462,0.08556308597326279
18,360,2,0.01,97,0.9997203946113586,0.0002840322849806398,0.01685325739970288,0.09338483214378357
18,360,2,0.01,98,0.9995687007904053,0.00043810796341858804,0.02093102872337115,0.09577134996652603
18,360,2,0.01,99,0.9997356534004211,0.0002685603394638747,0.01638781069770684,0.09046991914510727
18,360,2,0.01,100,0.9997448921203613,0.00025912694400176406,0.01609742041451872,0.08679771423339844
19,360,2,0.01,1,0.993444561958313,0.006659226957708597,0.08160408664833274,0.4088975489139557
19,360,2,0.01,2,0.9969178438186646,0.003130971686914563,0.05595508633640523,0.2794351577758789
19,360,2,0.01,3,0.9976263642311096,0.002411213703453541,0.04910411086104238,0.3278983533382416
19,360,2,0.01,4,0.9983888864517212,0.0016366479685530066,0.04045550603506285,0.1772260069847107
19,360,2,0.01,5,0.9982166886329651,0.001811564085073769,0.0425624727321354,0.17805591225624084
19,360,2,0.01,6,0.9983283877372742,0.0016980753280222416,0.041207709570203505,0.27470821142196655
19,360,2,0.01,7,0.998134970664978,0.0018945359624922276,0.04352626750012258,0.3194444179534912
19,360,2,0.01,8,0.9990788102149963,0.0009357506060041487,0.030590040961138786,0.19571444392204285
19,360,2,0.01,9,0.998823881149292,0.0011947551975026727,0.03456523104946172,0.24139943718910217
19,360,2,0.01,10,0.9991364479064941,0.0008772119181230664,0.0296177635570795,0.11855057626962662
19,360,2,0.01,11,0.9993152618408203,0.0006955617573112249,0.02637350483555845,0.11273664236068726
19,360,2,0.01,12,0.9992938041687012,0.0007173712365329266,0.026783786822122943,0.1134229302406311
19,360,2,0.01,13,0.9980058670043945,0.002025703666731715,0.04500781784014545,0.2300959676504135
19,360,2,0.01,14,0.9990882277488708,0.0009261956438422203,0.030433462567414513,0.22446556389331818
19,360,2,0.01,15,0.9990497827529907,0.0009652517619542778,0.031068501121783745,0.14918754994869232
19,360,2,0.01,16,0.9992768168449402,0.0007346102502197027,0.027103694401680794,0.12509208917617798
19,360,2,0.01,17,0.997827410697937,0.002207010518759489,0.04697883053844028,0.2204533964395523
19,360,2,0.01,18,0.9992982745170593,0.0007128446013666689,0.02669914982479159,0.14914320409297943
19,360,2,0.01,19,0.9987924695014954,0.0012266457779332995,0.035023503221883724,0.22765284776687622
19,360,2,0.01,20,0.9990572929382324,0.0009576440206728876,0.030945823961770473,0.21103696525096893
19,360,2,0.01,21,0.9994708299636841,0.0005375210312195122,0.023184499805247304,0.12871375679969788
19,360,2,0.01,22,0.9988523721694946,0.0011658144649118185,0.03414402531793547,0.2087268829345703
19,360,2,0.01,23,0.9995160102844238,0.0004916557227261364,0.022173311045627274,0.14095187187194824
19,360,2,0.01,24,0.9994768500328064,0.0005314323934726417,0.02305281747363306,0.1516885906457901
19,360,2,0.01,25,0.9992462396621704,0.0007657008245587349,0.027671299654312136,0.19496391713619232
19,360,2,0.01,26,0.9994609951972961,0.0005475598736666143,0.023399997300568527,0.20579805970191956
19,360,2,0.01,27,0.9993801712989807,0.0006296654464676976,0.025093135445131157,0.14897821843624115
19,360,2,0.01,28,0.9995018839836121,0.0005060085677541792,0.02249463419916357,0.17301270365715027
19,360,2,0.01,29,0.9995574951171875,0.00044948593131266534,0.021201083258000412,0.13563551008701324
19,360,2,0.01,30,0.9990279674530029,0.0009874317329376936,0.031423426498994246,0.17073208093643188
19,360,2,0.01,31,0.9996387362480164,0.0003669958678074181,0.01915713621101594,0.14893129467964172
19,360,2,0.01,32,0.9994935393333435,0.0005144941969774663,0.022682464526092978,0.15997809171676636
19,360,2,0.01,33,0.9995318055152893,0.0004756256239488721,0.02180884279252047,0.13447239995002747
19,360,2,0.01,34,0.9992434978485107,0.0007684544543735683,0.027721011063335483,0.16442497074604034
19,360,2,0.01,35,0.999657392501831,0.0003480402228888124,0.018655836161609384,0.16783210635185242
19,360,2,0.01,36,0.9995865225791931,0.0004200443217996508,0.020494982844580543,0.15865236520767212
19,360,2,0.01,37,0.9994446039199829,0.0005641840980388224,0.023752559820760844,0.1313827931880951
19,360,2,0.01,38,0.9994083642959595,0.0006010012002661824,0.0245153258241897,0.13445957005023956
19,360,2,0.01,39,0.9990841746330261,0.0009302998660132289,0.03050081746467181,0.19963282346725464
19,360,2,0.01,40,0.9989501237869263,0.0010665172012522817,0.032657574944448674,0.22352364659309387
19,360,2,0.01,41,0.9996412396430969,0.00036446249578148127,0.019090900863539186,0.14498314261436462
19,360,2,0.01,42,0.9977880120277405,0.0022469921968877316,0.04740244927097894,0.30421537160873413
19,360,2,0.01,43,0.9992591142654419,0.0007526105619035661,0.027433748593722405,0.1264110505580902
19,360,2,0.01,44,0.99922114610672,0.0007911609718576074,0.028127583825448062,0.16700278222560883
19,360,2,0.01,45,0.9990720748901367,0.0009426279575563967,0.030702246783523787,0.15795914828777313
19,360,2,0.01,46,0.9996849894523621,0.00032000045757740736,0.017888556609671095,0.12813694775104523
19,360,2,0.01,47,0.9995028376579285,0.0005050154286436737,0.02247254833443848,0.11351417750120163
19,360,2,0.01,48,0.9994563460350037,0.0005522429710254073,0.023499850446873218,0.144919291138649
19,360,2,0.01,49,0.9994384050369263,0.0005705098155885935,0.023885347298890035,0.13929760456085205
19,360,2,0.01,50,0.9985181093215942,0.0015053472016006708,0.03879880412590923,0.1502903252840042
19,360,2,0.01,51,0.9995993971824646,0.0004069687856826931,0.020173467368865796,0.15675637125968933
19,360,2,0.01,52,0.9995514750480652,0.00045563207822851837,0.02134554000789201,0.12012729048728943
19,360,2,0.01,53,0.9994950890541077,0.0005129159544594586,0.02264764787918292,0.13501109182834625
19,360,2,0.01,54,0.9978278279304504,0.002206552540883422,0.046973955985028785,0.26790276169776917
19,360,2,0.01,55,0.9994673132896423,0.0005411008023656905,0.02326157351439688,0.08052822947502136
19,360,2,0.01,56,0.9996790885925293,0.000325971283018589,0.01805467482450429,0.12647956609725952
19,360,2,0.01,57,0.9996430277824402,0.00036259484477341175,0.019041923347535347,0.09449571371078491
19,360,2,0.01,58,0.9995945692062378,0.00041186815360561013,0.02029453506749071,0.14455635845661163
19,360,2,0.01,59,0.9989030957221985,0.0011142836883664131,0.03338088807036765,0.17259664833545685
19,360,2,0.01,60,0.9993122220039368,0.0006986543885432184,0.026432071211753692,0.16130037605762482
19,360,2,0.01,61,0.9960154294967651,0.004047674592584372,0.06362133755733505,0.2711030840873718
19,360,2,0.01,62,0.9995596408843994,0.00044731676462106407,0.02114986441141087,0.11435460299253464
19,360,2,0.01,63,0.9995502829551697,0.00045684512588195503,0.021373935666646773,0.10024958848953247
19,360,2,0.01,64,0.9997677803039551,0.00023592195066157728,0.015359750996079894,0.08037206530570984
19,360,2,0.01,65,0.9996222257614136,0.0003837506228592247,0.019589553921905027,0.08371315896511078
19,360,2,0.01,66,0.9996888637542725,0.0003160917549394071,0.017778969456619446,0.1371462196111679
19,360,2,0.01,67,0.9993161559104919,0.0006946933572180569,0.026357036199429876,0.14838166534900665
19,360,2,0.01,68,0.9994101524353027,0.0005991610232740641,0.024477765896299932,0.13192178308963776
19,360,2,0.01,69,0.9996855854988098,0.0003193729789927602,0.01787100945645657,0.08917268365621567
19,360,2,0.01,70,0.9997246861457825,0.0002796972403302789,0.01672415140837582,0.10907837003469467
19,360,2,0.01,71,0.9992683529853821,0.0007432068814523518,0.027261820948945283,0.09843006730079651
19,360,2,0.01,72,0.9995563626289368,0.00045065663289278746,0.02122867477947664,0.1177448257803917
19,360,2,0.01,73,0.9997075796127319,0.00029706081841140985,0.017235452370373393,0.09748272597789764
19,360,2,0.01,74,0.9995276927947998,0.00047980350791476667,0.021904417543380756,0.07368642836809158
19,360,2,0.01,75,0.9986899495124817,0.0013307698536664248,0.03647971838798135,0.12199092656373978
19,360,2,0.01,76,0.999087929725647,0.0009265374974347651,0.0304390784590264,0.18371744453907013
19,360,2,0.01,77,0.9995391368865967,0.00046816605026833713,0.021637145150604716,0.1028277724981308
19,360,2,0.01,78,0.9987181425094604,0.001302140997722745,0.03608519083672338,0.17954568564891815
19,360,2,0.01,79,0.9995748400688171,0.00043188504059799016,0.02078184401341686,0.08611536771059036
19,360,2,0.01,80,0.9996141791343689,0.00039190283860079944,0.019796536025294915,0.08820705860853195
19,360,2,0.01,81,0.999731719493866,0.00027253886219114065,0.016508751079083502,0.08117974549531937
19,360,2,0.01,82,0.9997484683990479,0.00025551917497068644,0.015984967155758763,0.09681255370378494
19,360,2,0.01,83,0.9996263384819031,0.0003795810625888407,0.01948284020847168,0.08690310269594193
19,360,2,0.01,84,0.9997764825820923,0.00022708377218805254,0.01506929899458009,0.07943848520517349
19,360,2,0.01,85,0.9997172951698303,0.000287176895653829,0.016946294451998318,0.09688831865787506
19,360,2,0.01,86,0.9998130798339844,0.00018989681848324835,0.013780305456819466,0.07040353864431381
19,360,2,0.01,87,0.9995755553245544,0.00043118075700476766,0.020764892414957697,0.11613363027572632
19,360,2,0.01,88,0.9995293617248535,0.0004781045427080244,0.021865601814448746,0.16539639234542847
19,360,2,0.01,89,0.9992737770080566,0.0007377376896329224,0.027161327096313286,0.1248614639043808
19,360,2,0.01,90,0.9987521767616272,0.001267602201551199,0.035603401544672654,0.17985515296459198
19,360,2,0.01,91,0.9996470212936401,0.0003585571248549968,0.018935604686806197,0.08554531633853912
19,360,2,0.01,92,0.9996559619903564,0.0003494921256788075,0.01869470849408483,0.10205794125795364
19,360,2,0.01,93,0.9996300339698792,0.0003758246311917901,0.01938619692440449,0.09340354055166245
19,360,2,0.01,94,0.9995523691177368,0.0004547209828160703,0.02132418774106227,0.0670195147395134
19,360,2,0.01,95,0.9994180798530579,0.0005911624757573009,0.024313833012449947,0.16662779450416565
19,360,2,0.01,96,0.999204158782959,0.0008084688452072442,0.028433586569535055,0.10775035619735718
19,360,2,0.01,97,0.9997939467430115,0.00020931038307026029,0.014467563135174503,0.10566667467355728
19,360,2,0.01,98,0.9996744394302368,0.000330738490447402,0.018186217046087458,0.08154932409524918
19,360,2,0.01,99,0.9996348023414612,0.00037098402390256524,0.0192609455609678,0.1314723640680313
19,360,2,0.01,100,0.9989757537841797,0.001040447037667036,0.032255961273337304,0.10842634737491608
20,360,2,0.01,1,0.9904842972755432,0.009666362777352333,0.0983176625909726,0.7504234313964844
20,360,2,0.01,2,0.9962638020515442,0.003795340657234192,0.06160633617765458,0.3912423849105835
20,360,2,0.01,3,0.9973125457763672,0.002730007516220212,0.0522494738367786,0.42692452669143677
20,360,2,0.01,4,0.9974644184112549,0.0025757071562111378,0.050751425164335416,0.40804341435432434
20,360,2,0.01,5,0.9981219172477722,0.0019078407203778625,0.04367883606940394,0.20105713605880737
20,360,2,0.01,6,0.9988343715667725,0.001184062217362225,0.03441020513397479,0.21141484379768372
20,360,2,0.01,7,0.9987785816192627,0.0012407813919708133,0.035224726996398614,0.16568784415721893
20,360,2,0.01,8,0.9976934790611267,0.0023430325090885162,0.04840488104611472,0.27215227484703064
20,360,2,0.01,9,0.9991196393966675,0.0008942866115830839,0.029904625254015202,0.15038536489009857
20,360,2,0.01,10,0.9992645978927612,0.0007470360142178833,0.027331959575154566,0.15779660642147064
20,360,2,0.01,11,0.9990631341934204,0.0009516996215097606,0.030849629195660692,0.1574905961751938
20,360,2,0.01,12,0.9972825050354004,0.0027605374343693256,0.052540816841474075,0.2951700687408447
20,360,2,0.01,13,0.9980545043945312,0.0019762779120355844,0.044455347395286254,0.19461798667907715
20,360,2,0.01,14,0.9993804693222046,0.000629327492788434,0.0250864005546518,0.17670413851737976
20,360,2,0.01,15,0.9993401765823364,0.0006702905520796776,0.02588997010580888,0.11124763637781143
20,360,2,0.01,16,0.9993733763694763,0.0006365407025441527,0.025229758273597327,0.19621561467647552
20,360,2,0.01,17,0.9993996024131775,0.0006099225138314068,0.024696609359007297,0.15425851941108704
20,360,2,0.01,18,0.998927652835846,0.0010893208673223853,0.03300486126803725,0.13683514297008514
20,360,2,0.01,19,0.9995028376579285,0.0005050090258009732,0.022472405874782816,0.13199687004089355
20,360,2,0.01,20,0.9992427825927734,0.000769199279602617,0.02773444211810681,0.20165440440177917
20,360,2,0.01,21,0.9969825744628906,0.0030652135610580444,0.05536437086302024,0.23301343619823456
20,360,2,0.01,22,0.9988396763801575,0.0011786947725340724,0.03433212449782379,0.2037201076745987
20,360,2,0.01,23,0.9994237422943115,0.0005853612092323601,0.024194239174488628,0.1870986819267273
20,360,2,0.01,24,0.9996115565299988,0.0003945841162931174,0.019864141468815544,0.14821897447109222
20,360,2,0.01,25,0.9990889430046082,0.0009254927863366902,0.030421912930266075,0.1938987523317337
20,360,2,0.01,26,0.9995655417442322,0.0004413474816828966,0.02100827174431292,0.12270162254571915
20,360,2,0.01,27,0.9993419051170349,0.0006685014232061803,0.025855394470132926,0.13672906160354614
20,360,2,0.01,28,0.9991186857223511,0.0008952487260103226,0.029920707311330768,0.22021540999412537
20,360,2,0.01,29,0.9995460510253906,0.00046116573503240943,0.021474769731766843,0.1686629056930542
20,360,2,0.01,30,0.9994832277297974,0.0005249246023595333,0.022911233104299152,0.12142356485128403
20,360,2,0.01,31,0.9987604022026062,0.0012592412531375885,0.035485789453492345,0.14131593704223633
20,360,2,0.01,32,0.9983819127082825,0.0016437186859548092,0.04054280066737878,0.11966671049594879
20,360,2,0.01,33,0.9963198900222778,0.0037383593153208494,0.06114212390259967,0.2436913251876831
20,360,2,0.01,34,0.9995160698890686,0.0004915930912829936,0.022171898684663738,0.1313658356666565
20,360,2,0.01,35,0.9996360540390015,0.0003697023494169116,0.019227645446515586,0.10472047328948975
20,360,2,0.01,36,0.9996373057365417,0.0003684308612719178,0.019194552906278327,0.10386530309915543
20,360,2,0.01,37,0.9995284676551819,0.00047902693040668964,0.021886683860436455,0.10545818507671356
20,360,2,0.01,38,0.9902997612953186,0.009853839874267578,0.0992665093285121,0.6625779271125793
20,360,2,0.01,39,0.9994891285896301,0.0005189689109101892,0.02278088915978016,0.10132036358118057
20,360,2,0.01,40,0.999609649181366,0.00039655156433582306,0.019913602495174574,0.13514572381973267
20,360,2,0.01,41,0.9996134638786316,0.00039263718645088375,0.019815074727360573,0.14788076281547546
20,360,2,0.01,42,0.9996699094772339,0.00033531684312038124,0.018311658666553973,0.09804990887641907
20,360,2,0.01,43,0.9996253252029419,0.0003806106105912477,0.01950924423424054,0.07819049805402756
20,360,2,0.01,44,0.9987581372261047,0.0012615500018000603,0.03551830516508439,0.11561266332864761
20,360,2,0.01,45,0.9996960759162903,0.00030872199567966163,0.017570486495247124,0.14075367152690887
20,360,2,0.01,46,0.9997214674949646,0.0002829584409482777,0.016821368581309837,0.0929289236664772
20,360,2,0.01,47,0.9996058940887451,0.00040032799006439745,0.02000819807140057,0.08315833657979965
20,360,2,0.01,48,0.9997780919075012,0.00022539902420248836,0.015013294914924183,0.06444697827100754
20,360,2,0.01,49,0.9996981620788574,0.00030661578057333827,0.017510447754793088,0.10749420523643494
20,360,2,0.01,50,0.9995138645172119,0.000493810570333153,0.02222184894047192,0.07788722217082977
20,360,2,0.01,51,0.9996076226234436,0.0003985873481724411,0.01996465246811076,0.1276998668909073
20,360,2,0.01,52,0.9996275305747986,0.0003783894353546202,0.019452234713642033,0.08747392147779465
20,360,2,0.01,53,0.9997187852859497,0.00028569178539328277,0.016902419512995256,0.1224784106016159
20,360,2,0.01,54,0.9994602799415588,0.00054826500127092,0.023415059283950577,0.11440800130367279
20,360,2,0.01,55,0.9997546672821045,0.0002492205530870706,0.015786720783211142,0.09125466644763947
20,360,2,0.01,56,0.9996988773345947,0.0003058842266909778,0.01748954621169394,0.07997308671474457
20,360,2,0.01,57,0.9997889399528503,0.00021440599812194705,0.014642608993002137,0.07721695303916931
20,360,2,0.01,58,0.9996463656425476,0.00035920453956350684,0.018952692145537183,0.08341512829065323
20,360,2,0.01,59,0.9977256655693054,0.0023103354033082724,0.048065948480273145,0.1839440017938614
20,360,2,0.01,60,0.9995795488357544,0.00042712196591310203,0.020666929281175323,0.09294967353343964
20,360,2,0.01,61,0.9994757175445557,0.0005325805977918208,0.023077707810608503,0.0843433290719986
20,360,2,0.01,62,0.9995003342628479,0.0005075880326330662,0.022529714437450516,0.10622260719537735
20,360,2,0.01,63,0.9996371865272522,0.00036856113001704216,0.019197945984324526,0.08983250707387924
20,360,2,0.01,64,0.999204158782959,0.0008084678556770086,0.028433569168801312,0.08571608364582062
20,360,2,0.01,65,0.9990426898002625,0.0009724949486553669,0.031184851268770977,0.09919040650129318
20,360,2,0.01,66,0.9997661113739014,0.00023758772294968367,0.015413880852974168,0.057784099131822586
20,360,2,0.01,67,0.9996068477630615,0.0003993925347458571,0.019984807598419783,0.0854426845908165
20,360,2,0.01,68,0.9996511936187744,0.00035430144635029137,0.018822896863933868,0.1240064948797226
20,360,2,0.01,69,0.9994890689849854,0.0005190055235289037,0.02278169272747097,0.09265479445457458
20,360,2,0.01,70,0.9995378255844116,0.000469466729555279,0.021667180932352023,0.07554937154054642
20,360,2,0.01,71,0.9996861815452576,0.0003188099362887442,0.017855249544286526,0.0899655744433403
20,360,2,0.01,72,0.9985234141349792,0.0014999728882685304,0.038729483449544355,0.1869460940361023
20,360,2,0.01,73,0.9991479516029358,0.0008655093843117356,0.0294195408582754,0.13801218569278717
20,360,2,0.01,74,0.9994426369667053,0.0005661880713887513,0.023794706793502443,0.10807475447654724
20,360,2,0.01,75,0.9997369050979614,0.00026727604563347995,0.016348579315447566,0.06894741207361221
20,360,2,0.01,76,0.9996935129165649,0.0003113312995992601,0.01764458272669717,0.12578657269477844
20,360,2,0.01,77,0.9996122717857361,0.00039386641583405435,0.019846068019485734,0.11404893547296524
20,360,2,0.01,78,0.9982390999794006,0.001788809080608189,0.04229431499159419,0.18154054880142212
20,360,2,0.01,79,0.9989690184593201,0.0010473178699612617,0.03236229086392466,0.11849778890609741
20,360,2,0.01,80,0.9995664358139038,0.00044042838271707296,0.02098638565158548,0.09464821219444275
20,360,2,0.01,81,0.9996951818466187,0.00030962147866375744,0.01759606429471538,0.07723125070333481
20,360,2,0.01,82,0.9998098611831665,0.0001931456645252183,0.013897685581607403,0.12140286713838577
20,360,2,0.01,83,0.9997133016586304,0.00029122905107215047,0.017065434394475592,0.11796966195106506
20,360,2,0.01,84,0.9995208978652954,0.0004866730887442827,0.02206066836576541,0.08834067732095718
20,360,2,0.01,85,0.9996483325958252,0.0003572127898223698,0.018900073804680496,0.08926756680011749
20,360,2,0.01,86,0.9998119473457336,0.00019103247905150056,0.013821449961979407,0.07771743834018707
20,360,2,0.01,87,0.9996545910835266,0.00035085142008028924,0.018731028270767443,0.091333769261837
20,360,2,0.01,88,0.9995387196540833,0.00046857798588462174,0.02164666223427117,0.15443149209022522
20,360,2,0.01,89,0.9996578693389893,0.00034754627267830074,0.01864259297089063,0.10516306757926941
20,360,2,0.01,90,0.9996289014816284,0.0003769439354073256,0.019415044048554864,0.09274742752313614
20,360,2,0.01,91,0.9993738532066345,0.0006360709667205811,0.025220447393346952,0.0901608094573021
20,360,2,0.01,92,0.9997687935829163,0.00023487297585234046,0.015325566085869078,0.15643912553787231
20,360,2,0.01,93,0.9989156126976013,0.001101526664569974,0.0331892552578387,0.19990673661231995
20,360,2,0.01,94,0.9994179606437683,0.000591241056099534,0.024315448918322154,0.09241139143705368
20,360,2,0.01,95,0.999745786190033,0.00025825845659710467,0.01607042179275655,0.0816873162984848
20,360,2,0.01,96,0.9997765421867371,0.00022699160035699606,0.015066240418797122,0.06510450690984726
20,360,2,0.01,97,0.9994568228721619,0.0005518036778084934,0.023490501863700004,0.10634295642375946
20,360,2,0.01,98,0.9997518062591553,0.0002521025307942182,0.0158777369544346,0.1035919338464737
20,360,2,0.01,99,0.9992764592170715,0.0007350090309046209,0.027111049977907916,0.1469598412513733
20,360,2,0.01,100,0.9996702075004578,0.00033502854057587683,0.018303784870235904,0.10124531388282776
21,360,2,0.01,1,0.9928620457649231,0.007250943221151829,0.08515247043481375,0.5987623333930969
21,360,2,0.01,2,0.9959356188774109,0.0041287001222372055,0.06425496184916155,0.256824791431427
21,360,2,0.01,3,0.9979155659675598,0.0021174424327909946,0.04601567594625765,0.26016032695770264
21,360,2,0.01,4,0.9981310367584229,0.0018985610222443938,0.04357248010205976,0.2407526820898056
21,360,2,0.01,5,0.9987534284591675,0.0012663354864344,0.03558560785534512,0.16486626863479614
21,360,2,0.01,6,0.9988543391227722,0.0011638072319328785,0.03411461903543521,0.2035067230463028
21,360,2,0.01,7,0.9986749887466431,0.001346003613434732,0.03668792190128424,0.17234653234481812
21,360,2,0.01,8,0.9989601373672485,0.0010563414543867111,0.03250140696011038,0.13890166580677032
21,360,2,0.01,9,0.9977434873580933,0.0022922412026673555,0.04787735584456764,0.30181604623794556
21,360,2,0.01,10,0.9983677864074707,0.0016580430092290044,0.04071907426782938,0.20572960376739502
21,360,2,0.01,11,0.9992889761924744,0.0007222695858217776,0.026875073689606465,0.1449030041694641
21,360,2,0.01,12,0.9991582632064819,0.0008550502243451774,0.029241241839996764,0.16579869389533997
21,360,2,0.01,13,0.9993131756782532,0.000697694078553468,0.02641389934397169,0.11294963955879211
21,360,2,0.01,14,0.9993497729301453,0.0006605420494452119,0.02570101261517164,0.10844119638204575
21,360,2,0.01,15,0.9993807673454285,0.0006290123565122485,0.02508011874996306,0.10839874297380447
21,360,2,0.01,16,0.9991816282272339,0.0008313079597428441,0.02883241161857336,0.11318870633840561
21,360,2,0.01,17,0.9979438781738281,0.002088661538437009,0.045701876749615095,0.17951466143131256
21,360,2,0.01,18,0.999081015586853,0.0009335569338873029,0.03055416393697106,0.20274293422698975
21,360,2,0.01,19,0.999416172504425,0.0005930858897045255,0.02435335479363214,0.12245002388954163
21,360,2,0.01,20,0.9989615678787231,0.001054875086992979,0.032478840604199206,0.17231976985931396
21,360,2,0.01,21,0.9994655251502991,0.0005429266020655632,0.023300785438812213,0.1435135453939438
21,360,2,0.01,22,0.999384343624115,0.0006254008621908724,0.025008015958705568,0.12068606168031693
21,360,2,0.01,23,0.99958735704422,0.0004192033957224339,0.02047445715330284,0.12175105512142181
21,360,2,0.01,24,0.9995505213737488,0.0004566218121908605,0.021368711055907433,0.08741585165262222
21,360,2,0.01,25,0.9995540380477905,0.00045301811769604683,0.021284222271345667,0.10603437572717667
21,360,2,0.01,26,0.9990936517715454,0.0009206754039041698,0.03034263343719806,0.21985317766666412
21,360,2,0.01,27,0.9989664554595947,0.0010498937917873263,0.032402064622294155,0.15786640346050262
21,360,2,0.01,28,0.9995265603065491,0.00048095028614625335,0.021930578791866242,0.14432299137115479
21,360,2,0.01,29,0.9996158480644226,0.0003902396420016885,0.019754484098596158,0.10212979465723038
21,360,2,0.01,30,0.9994505047798157,0.0005582179292105138,0.02362663601130118,0.10446628928184509
21,360,2,0.01,31,0.9994319081306458,0.0005771016003564,0.024022939044929536,0.10361191630363464
21,360,2,0.01,32,0.9986956715583801,0.0013249549083411694,0.03639993005956425,0.17930427193641663
21,360,2,0.01,33,0.9992343187332153,0.0007777997525408864,0.027889061521336397,0.11351525038480759
21,360,2,0.01,34,0.9996324181556702,0.00037338046240620315,0.019323055203724984,0.10385485738515854
21,360,2,0.01,35,0.9996241927146912,0.00038174769724719226,0.019538364753663297,0.09545432031154633
21,360,2,0.01,36,0.9990304708480835,0.0009849074995145202,0.03138323596308259,0.11083699762821198
21,360,2,0.01,37,0.9995995759963989,0.0004067422996740788,0.02016785312506214,0.09789770841598511
21,360,2,0.01,38,0.9993222951889038,0.000688433472532779,0.026238015788789728,0.1303001195192337
21,360,2,0.01,39,0.999089777469635,0.0009246383560821414,0.030407866680879497,0.11938358843326569
21,360,2,0.01,40,0.9993904232978821,0.0006192275905050337,0.024884284006276607,0.08666830509901047
21,360,2,0.01,41,0.999505341053009,0.000502483919262886,0.022416153087960612,0.10476765781641006
21,360,2,0.01,42,0.9988642930984497,0.001153677119873464,0.03396582282049802,0.11910951882600784
21,360,2,0.01,43,0.9966164827346802,0.003437057137489319,0.058626420131961995,0.19491808116436005
21,360,2,0.01,44,0.9995076060295105,0.0005002000834792852,0.02236515333010899,0.15549132227897644
21,360,2,0.01,45,0.9996729493141174,0.0003322088159620762,0.018226596389948294,0.0728466659784317
21,360,2,0.01,46,0.9994739294052124,0.0005343984812498093,0.02311706039378297,0.10995902121067047
21,360,2,0.01,47,0.9995331764221191,0.0004742135643027723,0.021776445171394994,0.05891327187418938
21,360,2,0.01,48,0.9991810321807861,0.0008319343905895948,0.0288432728827641,0.13677668571472168
21,360,2,0.01,49,0.999174952507019,0.0008380981744267046,0.02894992529224738,0.11371071636676788
21,360,2,0.01,50,0.9997062683105469,0.00029837960028089583,0.017273667829412948,0.07813984155654907
21,360,2,0.01,51,0.9990362524986267,0.0009790163021534681,0.03128923620278175,0.12191414088010788
21,360,2,0.01,52,0.9992944002151489,0.000716795155312866,0.026773030372239635,0.14944986999034882
21,360,2,0.01,53,0.9994124174118042,0.0005969046615064144,0.024431632395450258,0.09530794620513916
21,360,2,0.01,54,0.99921053647995,0.0008019767119549215,0.028319193349297955,0.13565155863761902
21,360,2,0.01,55,0.9996894598007202,0.0003154581063427031,0.01776114034465983,0.10448325425386429
21,360,2,0.01,56,0.9995047450065613,0.0005031213513575494,0.02243036672365277,0.09510397911071777
21,360,2,0.01,57,0.9995773434638977,0.0004293183155823499,0.020719997962894445,0.10766016691923141
21,360,2,0.01,58,0.9996426701545715,0.000362969032721594,0.019051746185628077,0.09272146224975586
21,360,2,0.01,59,0.9995369911193848,0.00047032575821503997,0.021686995140291796,0.12626534700393677
21,360,2,0.01,60,0.9993948340415955,0.0006147357635200024,0.024793865441274023,0.10322117805480957
21,360,2,0.01,61,0.9995037317276001,0.000504111114423722,0.022452418899168127,0.08204949647188187
21,360,2,0.01,62,0.9996457099914551,0.0003598818730097264,0.018970552786087346,0.11313441395759583
21,360,2,0.01,63,0.999094545841217,0.0009197825565934181,0.030327917115974486,0.10762357711791992
21,360,2,0.01,64,0.9996830224990845,0.0003220252983737737,0.0179450633427072,0.10380968451499939
21,360,2,0.01,65,0.9996292591094971,0.00037659957888536155,0.019406173731196,0.09454480558633804
21,360,2,0.01,66,0.9997596740722656,0.00024414423387497663,0.015625115483572486,0.09224624931812286
21,360,2,0.01,67,0.9993876814842224,0.0006219832575879991,0.024939592169640607,0.08673318475484848
21,360,2,0.01,68,0.9995946884155273,0.00041170662734657526,0.020290555126624192,0.07691469043493271
21,360,2,0.01,69,0.9992636442184448,0.0007480041240341961,0.02734966405706286,0.1374845653772354
21,360,2,0.01,70,0.999422550201416,0.0005865907296538353,0.024219635208933995,0.08873970061540604
21,360,2,0.01,71,0.9997561573982239,0.00024772188044153154,0.015739182966136824,0.0828913003206253
21,360,2,0.01,72,0.9996393322944641,0.00036638573510572314,0.01914120516335696,0.05631967633962631
21,360,2,0.01,73,0.9995431900024414,0.0004640472761821002,0.021541756571414973,0.1000508964061737
21,360,2,0.01,74,0.9997371435165405,0.000267037219600752,0.016341273499967866,0.08898846805095673
21,360,2,0.01,75,0.9995858073234558,0.0004207345482427627,0.020511814845175516,0.1467125117778778
21,360,2,0.01,76,0.9996423125267029,0.00036337223718874156,0.019062325073000447,0.0698571652173996
21,360,2,0.01,77,0.9996456503868103,0.0003599453193601221,0.018972224944906226,0.08387887477874756
21,360,2,0.01,78,0.9997892379760742,0.0002141267468687147,0.014633070315853564,0.09432519227266312
21,360,2,0.01,79,0.9996196031570435,0.00038640518323518336,0.01965719164161512,0.07891696691513062
21,360,2,0.01,80,0.9994509816169739,0.0005576890544034541,0.023615441016492877,0.0939420610666275
21,360,2,0.01,81,0.9991545081138611,0.0008588855853304267,0.029306749825431456,0.12114329636096954
21,360,2,0.01,82,0.9990248680114746,0.0009905488695949316,0.03147298634694413,0.12147226929664612
21,360,2,0.01,83,0.999652087688446,0.00035339948954060674,0.018798922563290875,0.07665814459323883
21,360,2,0.01,84,0.9997273087501526,0.00027700443752110004,0.01664345028896052,0.06207079812884331
21,360,2,0.01,85,0.9998115301132202,0.0001914519671117887,0.013836616895462152,0.07061618566513062
21,360,2,0.01,86,0.9995656609535217,0.00044120551319792867,0.021004892601437616,0.11803803592920303
21,360,2,0.01,87,0.9998198747634888,0.00018297432688996196,0.013526800319734225,0.0714055523276329
21,360,2,0.01,88,0.9997681975364685,0.00023544326541014016,0.015344160629051697,0.0632275864481926
21,360,2,0.01,89,0.9983071684837341,0.0017196494154632092,0.041468655819343954,0.27167609333992004
21,360,2,0.01,90,0.9996165633201599,0.0003894783149007708,0.019735204962218426,0.11364589631557465
21,360,2,0.01,91,0.999779999256134,0.00022347689082380384,0.014949143481276907,0.09175533801317215
21,360,2,0.01,92,0.999820351600647,0.00018246906984131783,0.01350811126106525,0.06689497083425522
21,360,2,0.01,93,0.9997499585151672,0.0002540175337344408,0.015937927523189482,0.09452810883522034
21,360,2,0.01,94,0.999764621257782,0.0002391027082921937,0.015462946300501523,0.05529556795954704
21,360,2,0.01,95,0.9996558427810669,0.00034961928031407297,0.018698109003695347,0.10344888269901276
21,360,2,0.01,96,0.9997352361679077,0.000268926058197394,0.016398965156295502,0.11504951119422913
21,360,2,0.01,97,0.9994760751724243,0.0005322170327417552,0.023069829490955394,0.13557621836662292
21,360,2,0.01,98,0.9995587468147278,0.0004482358053792268,0.021171580134208848,0.13265873491764069
21,360,2,0.01,99,0.9996525049209595,0.00035298135480843484,0.018787798029796757,0.0865727886557579
21,360,2,0.01,100,0.9990696310997009,0.0009450950310565531,0.030742397939271963,0.092048779129982
22,360,2,0.01,1,0.9945969581604004,0.005488567519932985,0.07408486701029425,0.4260996878147125
22,360,2,0.01,2,0.995722234249115,0.004345501773059368,0.06592042000062931,0.3053233027458191
22,360,2,0.01,3,0.9980729222297668,0.0019576125778257847,0.044244915841549354,0.19255006313323975
22,360,2,0.01,4,0.9979957938194275,0.0020359482150524855,0.04512148285520419,0.2687337100505829
22,360,2,0.01,5,0.9986782073974609,0.001342695439234376,0.036642808833854096,0.1966789811849594
22,360,2,0.01,6,0.9988040328025818,0.0012148841051384807,0.0348551876359672,0.25091657042503357
22,360,2,0.01,7,0.9984884262084961,0.0015355042414739728,0.039185510606268396,0.2716185748577118
22,360,2,0.01,8,0.999143123626709,0.0008704222273081541,0.029502918962505287,0.16459083557128906
22,360,2,0.01,9,0.9991747140884399,0.0008383425301872194,0.02895414530230895,0.130410835146904
22,360,2,0.01,10,0.9992781281471252,0.0007332924287766218,0.02707937275449012,0.13189072906970978
22,360,2,0.01,11,0.9988066554069519,0.0012122202897444367,0.03481695405609797,0.21627160906791687
22,360,2,0.01,12,0.9990916848182678,0.0009226904367096722,0.030375819934771675,0.14960753917694092
22,360,2,0.01,13,0.9985042214393616,0.001519475714303553,0.03898045297714681,0.21162761747837067
22,360,2,0.01,14,0.9990979433059692,0.0009163135546259582,0.030270671525850862,0.15927496552467346
22,360,2,0.01,15,0.9992961287498474,0.0007149872253648937,0.026739245041042085,0.16778352856636047
22,360,2,0.01,16,0.9992246627807617,0.0007875988376326859,0.028064191376782725,0.15689575672149658
22,360,2,0.01,17,0.9989503026008606,0.0010663263965398073,0.03265465352043729,0.1612817645072937
22,360,2,0.01,18,0.9987676739692688,0.0012518379371613264,0.03538132186848488,0.22927497327327728
22,360,2,0.01,19,0.9987055063247681,0.0013150012819096446,0.03626294640414158,0.15259379148483276
22,360,2,0.01,20,0.9992436170578003,0.0007683300646021962,0.0277187673716238,0.1848662793636322
22,360,2,0.01,21,0.9993960857391357,0.0006134847644716501,0.024768624597899056,0.148115873336792
22,360,2,0.01,22,0.9995356202125549,0.0004717311239801347,0.021719372089913987,0.08999893069267273
22,360,2,0.01,23,0.9990822672843933,0.0009322901605628431,0.030533426937748784,0.1429932862520218
22,360,2,0.01,24,0.9994062185287476,0.0006032072124071419,0.02456027712398909,0.15066201984882355
22,360,2,0.01,25,0.9993314743041992,0.0006791359046474099,0.026060236081958465,0.17689818143844604
22,360,2,0.01,26,0.9992717504501343,0.0007397584267891943,0.027198500451113005,0.1343441605567932
22,360,2,0.01,27,0.9992445111274719,0.0007674567750655115,0.027703010216680632,0.12152314186096191
22,360,2,0.01,28,0.9989787340164185,0.0010374312987551093,0.032209180349010894,0.15225471556186676
22,360,2,0.01,29,0.9995139837265015,0.0004936816403642297,0.022218947778061625,0.13075272738933563
22,360,2,0.01,30,0.9993305802345276,0.0006800064584240317,0.026076933455144446,0.13391759991645813
22,360,2,0.01,31,0.9996249079704285,0.00038100226083770394,0.01951927920896937,0.12799984216690063
22,360,2,0.01,32,0.9995781183242798,0.0004285656614229083,0.020701827489932097,0.18953640758991241
22,360,2,0.01,33,0.9989213943481445,0.001095706014893949,0.03310145034426663,0.1890200525522232
22,360,2,0.01,34,0.9994089603424072,0.0006003868184052408,0.024502792053258764,0.12060040980577469
22,360,2,0.01,35,0.9996724128723145,0.00033277925103902817,0.018242238103890328,0.11365201324224472
22,360,2,0.01,36,0.9992536902427673,0.0007581504760310054,0.02753453242804398,0.2113703340291977
22,360,2,0.01,37,0.9995651245117188,0.00044174998765811324,0.02101784926337881,0.09484520554542542
22,360,2,0.01,38,0.9994211792945862,0.0005879902746528387,0.024248510771856458,0.08331567049026489
22,360,2,0.01,39,0.9988521933555603,0.001166003756225109,0.0341467971591057,0.18461543321609497
22,360,2,0.01,40,0.9981116652488708,0.001918254536576569,0.043797882786460914,0.26934850215911865
22,360,2,0.01,41,0.9996055364608765,0.0004006866074632853,0.020017157826806613,0.11063380539417267
22,360,2,0.01,42,0.9995589852333069,0.0004480206989683211,0.021166499450034744,0.09135191142559052
22,360,2,0.01,43,0.9992289543151855,0.0007832323317416012,0.027986288280899295,0.17247211933135986
22,360,2,0.01,44,0.9992440938949585,0.000767863413784653,0.027710348496268553,0.10124870389699936
22,360,2,0.01,45,0.9993340373039246,0.0006765158614143729,0.02600991851994875,0.10611067712306976
22,360,2,0.01,46,0.999600350856781,0.00040595821337774396,0.02014840473530706,0.1141483336687088
22,360,2,0.01,47,0.9996769428253174,0.00032815802842378616,0.018115132580905562,0.08141849935054779
22,360,2,0.01,48,0.9985755681991577,0.0014469921588897705,0.03803935013758477,0.14664871990680695
22,360,2,0.01,49,0.9990245699882507,0.0009908590000122786,0.031477912891617804,0.18634000420570374
22,360,2,0.01,50,0.999543309211731,0.00046394424862228334,0.021539365093295654,0.07977864146232605
22,360,2,0.01,51,0.9988722801208496,0.0011455543572083116,0.03384603901800492,0.11220556497573853
22,360,2,0.01,52,0.9991409182548523,0.0008726587402634323,0.029540797894834058,0.12233258783817291
22,360,2,0.01,53,0.9994742274284363,0.0005341077339835465,0.023110770951734746,0.10927362740039825
22,360,2,0.01,54,0.9994356632232666,0.0005732928984798491,0.023943535630308425,0.12206196039915085
22,360,2,0.01,55,0.9967318773269653,0.0033198476303368807,0.05761811894132679,0.17018726468086243
22,360,2,0.01,56,0.9984945058822632,0.0015293260803446174,0.03910659893604425,0.18308672308921814
22,360,2,0.01,57,0.9990881681442261,0.0009262686362490058,0.03043466175677012,0.12408661842346191
22,360,2,0.01,58,0.9995090365409851,0.0004987097345292568,0.022331809925065563,0.14829012751579285
22,360,2,0.01,59,0.9996329545974731,0.0003728281008079648,0.019308757101583852,0.07701987773180008
22,360,2,0.01,60,0.9994899034500122,0.0005181531305424869,0.02276297718978093,0.1521308869123459
22,360,2,0.01,61,0.9994871616363525,0.0005209629307501018,0.022824612389920267,0.130342498421669
22,360,2,0.01,62,0.9991583228111267,0.0008549958001822233,0.029240311218970007,0.1411331444978714
22,360,2,0.01,63,0.9986625909805298,0.0013585950946435332,0.03685912498477864,0.17940807342529297
22,360,2,0.01,64,0.9983766078948975,0.001649078680202365,0.04060884977689426,0.1957629770040512
22,360,2,0.01,65,0.999708890914917,0.00029573062784038484,0.017196820282842546,0.08606521040201187
22,360,2,0.01,66,0.9997199773788452,0.0002844705304596573,0.016866254191718364,0.08781928569078445
22,360,2,0.01,67,0.999712347984314,0.00029223583987914026,0.01709490684031768,0.0807008445262909
22,360,2,0.01,68,0.9992889761924744,0.000722286815289408,0.026875394235050917,0.101778544485569
22,360,2,0.01,69,0.9996830821037292,0.00032193935476243496,0.017942668551874746,0.07367431372404099
22,360,2,0.01,70,0.999655544757843,0.00034992347355000675,0.01870624156665381,0.09969815611839294
22,360,2,0.01,71,0.9997882843017578,0.00021503794414456934,0.014664172126123224,0.08164308220148087
22,360,2,0.01,72,0.9992550015449524,0.0007568181026726961,0.027510327200393238,0.15729202330112457
22,360,2,0.01,73,0.9996742010116577,0.00033094146056100726,0.018191796518238854,0.1268615573644638
22,360,2,0.01,74,0.9995782971382141,0.00042835818021558225,0.020696815702314745,0.13521239161491394
22,360,2,0.01,75,0.9996417164802551,0.0003639281785581261,0.01907690170227142,0.08987437188625336
22,360,2,0.01,76,0.9998306035995483,0.00017206465417984873,0.013117341734507367,0.05911612883210182
22,360,2,0.01,77,0.9996589422225952,0.0003464315668679774,0.018612672211909213,0.10980147868394852
22,360,2,0.01,78,0.9994542598724365,0.0005543867591768503,0.02354541906989235,0.15811459720134735
22,360,2,0.01,79,0.9991887807846069,0.0008240675670094788,0.028706577068843976,0.08539341390132904
22,360,2,0.01,80,0.9995349049568176,0.00047246046597138047,0.021736155731209243,0.09032965451478958
22,360,2,0.01,81,0.9991176128387451,0.0008963345317170024,0.029938846532840947,0.16969433426856995
22,360,2,0.01,82,0.9994732737541199,0.0005350431893020868,0.023131000611778273,0.1716872900724411
22,360,2,0.01,83,0.9997629523277283,0.00024079516879282892,0.015517576124924565,0.07619580626487732
22,360,2,0.01,84,0.9997844099998474,0.00021902313164900988,0.014799430112305334,0.0875280573964119
22,360,2,0.01,85,0.9996650815010071,0.0003402168513275683,0.018444968184509518,0.06913042068481445
22,360,2,0.01,86,0.9996461868286133,0.00035941399983130395,0.01895821721131246,0.11372261494398117
22,360,2,0.01,87,0.9993513822555542,0.0006588776013813913,0.025668611208660885,0.12898199260234833
22,360,2,0.01,88,0.9996044039726257,0.00040187290869653225,0.020046768036183094,0.12604747712612152
22,360,2,0.01,89,0.999700129032135,0.00030459443223662674,0.017452633962718258,0.1113317459821701
22,360,2,0.01,90,0.9995260834693909,0.0004814051208086312,0.02194094621497968,0.11075255274772644
22,360,2,0.01,91,0.9997181296348572,0.0002863463305402547,0.016921770904378027,0.09023963660001755
22,360,2,0.01,92,0.9996622204780579,0.0003431119548622519,0.01852328142803677,0.07646889239549637
22,360,2,0.01,93,0.9993772506713867,0.0006326283328235149,0.02515210394427303,0.1242988109588623
22,360,2,0.01,94,0.9996498823165894,0.00035564438439905643,0.018858536114954853,0.09114409983158112
22,360,2,0.01,95,0.999296247959137,0.0007149025914259255,0.02673766241513879,0.1175384670495987
22,360,2,0.01,96,0.9991520047187805,0.0008614136604592204,0.029349849411184726,0.19295760989189148
22,360,2,0.01,97,0.9993927478790283,0.0006168857798911631,0.024837185426113868,0.08044637739658356
22,360,2,0.01,98,0.9998413324356079,0.00016119587235152721,0.012696293646238938,0.08180563151836395
22,360,2,0.01,99,0.9996404051780701,0.00036528307828120887,0.01911238023588922,0.13009022176265717
22,360,2,0.01,100,0.9996062517166138,0.00039996771374717355,0.019999192827391148,0.07957594841718674
23,360,2,0.01,1,0.9958347082138062,0.004231227561831474,0.06504788668228564,0.33359208703041077
23,360,2,0.01,2,0.9977670907974243,0.0022682836279273033,0.04762650131940518,0.2449478954076767
23,360,2,0.01,3,0.9983022809028625,0.0017245715716853738,0.04152796132349111,0.18979869782924652
23,360,2,0.01,4,0.9988088011741638,0.0012100772000849247,0.03478616391735261,0.1625000536441803
23,360,2,0.01,5,0.998572826385498,0.0014497467782348394,0.038075540419471914,0.136112242937088
23,360,2,0.01,6,0.9986392259597778,0.0013823192566633224,0.03717955428274151,0.1601540446281433
23,360,2,0.01,7,0.998590886592865,0.0014313963474705815,0.03783379900922694,0.151851087808609
23,360,2,0.01,8,0.9977903366088867,0.0022446617949754,0.04737786186580606,0.19125774502754211
23,360,2,0.01,9,0.9987441301345825,0.0012757264776155353,0.03571731341542271,0.132701113820076
23,360,2,0.01,10,0.9991018772125244,0.0009123320342041552,0.030204834616401315,0.1181568130850792
23,360,2,0.01,11,0.999483048915863,0.0005251137772575021,0.02291536116358418,0.12039950489997864
23,360,2,0.01,12,0.9980932474136353,0.0019369367510080338,0.04401064361047261,0.1636682003736496
23,360,2,0.01,13,0.9992329478263855,0.0007792093674652278,0.027914321905882434,0.14823612570762634
23,360,2,0.01,14,0.9991637468338013,0.0008495024521835148,0.029146225350523778,0.19642606377601624
23,360,2,0.01,15,0.998814582824707,0.0012041794834658504,0.03470128936316128,0.22355219721794128
23,360,2,0.01,16,0.9994092583656311,0.0006001149886287749,0.024497244510939896,0.12092577666044235
23,360,2,0.01,17,0.9991689324378967,0.0008442369871772826,0.02905575652391936,0.11757634580135345
23,360,2,0.01,18,0.9992072582244873,0.0008053022902458906,0.02837784858381429,0.09766583889722824
23,360,2,0.01,19,0.9994966983795166,0.000511289166752249,0.02261170419831838,0.19645816087722778
23,360,2,0.01,20,0.9993228316307068,0.0006878685089759529,0.026227247453287066,0.16823162138462067
23,360,2,0.01,21,0.9987599849700928,0.0012596192536875606,0.03549111513727852,0.16830256581306458
23,360,2,0.01,22,0.999355673789978,0.000654497416689992,0.025583147122470916,0.16866521537303925
23,360,2,0.01,23,0.9990333318710327,0.0009819446131587029,0.03133599548695881,0.12687930464744568
23,360,2,0.01,24,0.9982291460037231,0.0017988892504945397,0.04241331454265912,0.20990405976772308
23,360,2,0.01,25,0.9991920590400696,0.0008207302889786661,0.028648390687413247,0.11818045377731323
23,360,2,0.01,26,0.9995588064193726,0.0004482026561163366,0.021170797248009736,0.11903082579374313
23,360,2,0.01,27,0.9993287920951843,0.000681838660966605,0.02611204053624697,0.0988902822136879
23,360,2,0.01,28,0.9932985901832581,0.0068074781447649,0.08250744296586157,0.4065532684326172
23,360,2,0.01,29,0.9993992447853088,0.0006102516199462116,0.024703271442183757,0.11692014336585999
23,360,2,0.01,30,0.9995452761650085,0.00046190767898224294,0.021492037571673908,0.09126880019903183
23,360,2,0.01,31,0.9996476173400879,0.0003579737967811525,0.01892019547417924,0.09259223192930222
23,360,2,0.01,32,0.9996935725212097,0.0003112996055278927,0.017643684579131784,0.07022272050380707
23,360,2,0.01,33,0.9997147917747498,0.00028972059953957796,0.017021180909078486,0.06787139177322388
23,360,2,0.01,34,0.9997577667236328,0.00024607969680801034,0.015686927577062703,0.09068246930837631
23,360,2,0.01,35,0.9994139075279236,0.0005953891668468714,0.024400597673968384,0.09291689097881317
23,360,2,0.01,36,0.999405026435852,0.000604411237873137,0.024584776547146754,0.0963638573884964
23,360,2,0.01,37,0.9997409582138062,0.00026313381385989487,0.01622139987362049,0.06474310904741287
23,360,2,0.01,38,0.9997602105140686,0.00024360415409319103,0.015607823489942184,0.0741153359413147
23,360,2,0.01,39,0.9995068907737732,0.0005009343731217086,0.022381563241241857,0.10410328954458237
23,360,2,0.01,40,0.999664843082428,0.0003404628369025886,0.01845163507395994,0.0759367048740387
23,360,2,0.01,41,0.9995707869529724,0.0004360246821306646,0.020881204039294873,0.10715361684560776
23,360,2,0.01,42,0.999413788318634,0.0005955215310677886,0.0244033098383762,0.08392342925071716
23,360,2,0.01,43,0.9994680285453796,0.0005404041730798781,0.023246594870644562,0.09588754177093506
23,360,2,0.01,44,0.998318612575531,0.0017079819226637483,0.04132773793306075,0.2543017864227295
23,360,2,0.01,45,0.9997473955154419,0.0002566002949606627,0.016018748233262884,0.06955510377883911
23,360,2,0.01,46,0.9993772506713867,0.0006326389848254621,0.025152315695089827,0.12847697734832764
23,360,2,0.01,47,0.998945415019989,0.0010712990770116448,0.03273070541573531,0.15587981045246124
23,360,2,0.01,48,0.9992416501045227,0.0007703285082243383,0.02775479252713553,0.1357065588235855
23,360,2,0.01,49,0.9995267391204834,0.00048077668179757893,0.0219266203916057,0.10689536482095718
23,360,2,0.01,50,0.9943678975105286,0.005721285007894039,0.07563917640941127,0.250345379114151
23,360,2,0.01,51,0.9993121027946472,0.0006988049717620015,0.026434919552780968,0.12962956726551056
23,360,2,0.01,52,0.9996468424797058,0.0003587380051612854,0.01894038028027118,0.12993669509887695
23,360,2,0.01,53,0.9985689520835876,0.0014536856906488538,0.03812723030392916,0.15401412546634674
23,360,2,0.01,54,0.9998010396957397,0.0002021022082772106,0.014216265623475477,0.0829029232263565
23,360,2,0.01,55,0.9997298717498779,0.0002744157682172954,0.016565499334982192,0.11062973737716675
23,360,2,0.01,56,0.9988366365432739,0.0011817599879577756,0.03437673614463385,0.13037818670272827
23,360,2,0.01,57,0.9997373819351196,0.0002667474327608943,0.016332404377827972,0.09583558887243271
23,360,2,0.01,58,0.9962113499641418,0.003848650259897113,0.06203749076080618,0.27222737669944763
23,360,2,0.01,59,0.9996951222419739,0.0003097211301792413,0.017598895709084742,0.1040264442563057
23,360,2,0.01,60,0.9998055100440979,0.00019758741836994886,0.01405657918449396,0.09473898261785507
23,360,2,0.01,61,0.9996820092201233,0.00032302804174833,0.01797298088098716,0.07827850431203842
23,360,2,0.01,62,0.9995350241661072,0.00047233919030986726,0.021733365830212938,0.08477014303207397
23,360,2,0.01,63,0.9997848272323608,0.00021856998500879854,0.014784112587801762,0.07547000795602798
23,360,2,0.01,64,0.9996523857116699,0.0003531178808771074,0.018791431049207174,0.09893708676099777
23,360,2,0.01,65,0.999127984046936,0.0008858104702085257,0.02976256827305946,0.18188169598579407
23,360,2,0.01,66,0.9997267723083496,0.0002775237080641091,0.01665904283157076,0.07942857593297958
23,360,2,0.01,67,0.9997442960739136,0.00025977843324653804,0.016117643538884275,0.11107156425714493
23,360,2,0.01,68,0.9994645714759827,0.000543901463970542,0.023321695135014135,0.10036836564540863
23,360,2,0.01,69,0.9986647367477417,0.0013563886750489473,0.03682918238366075,0.12935811281204224
23,360,2,0.01,70,0.9998039603233337,0.00019914489530492574,0.014111870723080117,0.08126243948936462
23,360,2,0.01,71,0.999711811542511,0.0002927785099018365,0.017110771750620618,0.13421495258808136
23,360,2,0.01,72,0.9969701766967773,0.0030778078362345695,0.05547799416196092,0.22156308591365814
23,360,2,0.01,73,0.9992297887802124,0.0007823784253560007,0.027971028321389986,0.10512924194335938
23,360,2,0.01,74,0.999670684337616,0.0003345201548654586,0.018289892150186633,0.09390779584646225
23,360,2,0.01,75,0.9997696876525879,0.0002339659258723259,0.015295944752525941,0.08811616152524948
23,360,2,0.01,76,0.999710738658905,0.00029385555535554886,0.017142215590627393,0.06889352947473526
23,360,2,0.01,77,0.9997184872627258,0.0002859954256564379,0.016911399281444393,0.07366443425416946
23,360,2,0.01,78,0.9997686147689819,0.00023507651349063963,0.015332205108549768,0.07441701740026474
23,360,2,0.01,79,0.99961918592453,0.00038685911567881703,0.019668734470697828,0.08977248519659042
23,360,2,0.01,80,0.9995933771133423,0.00041304895421490073,0.020323605836930138,0.15473322570323944
23,360,2,0.01,81,0.9996172189712524,0.00038881870568729937,0.01971848639442945,0.11979834735393524
23,360,2,0.01,82,0.9997564554214478,0.0002473893982823938,0.01572861717642062,0.0859021469950676
23,360,2,0.01,83,0.9997405409812927,0.0002635464770719409,0.01623411460696089,0.06185474246740341
23,360,2,0.01,84,0.9997995495796204,0.00020363263320177794,0.014269990651776122,0.09719520807266235
23,360,2,0.01,85,0.9997028112411499,0.00030189266544766724,0.017375058717819265,0.07825233042240143
23,360,2,0.01,86,0.9991044402122498,0.0009097331203520298,0.03016178244653372,0.09800741076469421
23,360,2,0.01,87,0.9993751645088196,0.0006347220041789114,0.025193689769045572,0.10212507098913193
23,360,2,0.01,88,0.9995478987693787,0.0004592508194036782,0.021430138109766773,0.0883299708366394
23,360,2,0.01,89,0.9993007779121399,0.0007102765957824886,0.026651014910927664,0.16518795490264893
23,360,2,0.01,90,0.9996892809867859,0.0003156232996843755,0.017765790150859474,0.06839732080698013
23,360,2,0.01,91,0.9988036751747131,0.001215239753946662,0.03486028906860444,0.14654678106307983
23,360,2,0.01,92,0.999697744846344,0.00030703211086802185,0.017522331775994365,0.06635633856058121
23,360,2,0.01,93,0.9996588230133057,0.0003465587506070733,0.018616088488376748,0.09422444552183151
23,360,2,0.01,94,0.9996857643127441,0.00031923444475978613,0.01786713308731387,0.08314339816570282
23,360,2,0.01,95,0.9998181462287903,0.00018472777446731925,0.013591459615042059,0.06524507701396942
23,360,2,0.01,96,0.999523401260376,0.00048415063065476716,0.02200342315765361,0.09743276983499527
23,360,2,0.01,97,0.9996299743652344,0.00037589462590403855,0.01938800211223525,0.09609382599592209
23,360,2,0.01,98,0.9996113777160645,0.00039475533412769437,0.01986845072288462,0.09611453860998154
23,360,2,0.01,99,0.9994673728942871,0.000541061453986913,0.023260727718343487,0.09727004170417786
23,360,2,0.01,100,0.9997768998146057,0.0002266111405333504,0.015053608887351577,0.08007658272981644
24,360,2,0.01,1,0.9945873618125916,0.005498315207660198,0.07415062513330685,0.4158775508403778
24,360,2,0.01,2,0.9973856806755066,0.0026557038072496653,0.051533521199794464,0.25813835859298706
24,360,2,0.01,3,0.9981389045715332,0.001890562241896987,0.0434805961538821,0.2206609845161438
24,360,2,0.01,4,0.9981164336204529,0.0019134007161483169,0.043742436102123035,0.23668815195560455
24,360,2,0.01,5,0.9988760352134705,0.001141781802289188,0.03379026194466666,0.12677080929279327
24,360,2,0.01,6,0.9988996982574463,0.0011177266715094447,0.033432419468375975,0.1348462998867035
24,360,2,0.01,7,0.9990856647491455,0.0009288240689784288,0.030476615116814217,0.1357990950345993
24,360,2,0.01,8,0.9974120259284973,0.00262893526814878,0.05127314373186785,0.2097008377313614
24,360,2,0.01,9,0.998876690864563,0.0011411062441766262,0.03378026412236332,0.12633587419986725
24,360,2,0.01,10,0.9980340600013733,0.0019970417488366365,0.04468827305721979,0.1603872925043106
24,360,2,0.01,11,0.999200165271759,0.0008125094464048743,0.0285045513278998,0.1222599595785141
24,360,2,0.01,12,0.9992395639419556,0.00077245564898476,0.027793086352270416,0.11793074011802673
24,360,2,0.01,13,0.9991645216941833,0.0008487284067086875,0.029132943667070234,0.1612424999475479
24,360,2,0.01,14,0.9982777237892151,0.001749570481479168,0.04182786728341726,0.17537625133991241
24,360,2,0.01,15,0.9985293745994568,0.001493919757194817,0.03865125815798002,0.1428762674331665
24,360,2,0.01,16,0.9987055063247681,0.0013150142040103674,0.036263124575943086,0.14205485582351685
24,360,2,0.01,17,0.998712956905365,0.0013074222952127457,0.036158294971040124,0.18409492075443268
24,360,2,0.01,18,0.9984524250030518,0.001572060165926814,0.03964921393832183,0.19609743356704712
24,360,2,0.01,19,0.9993776679039001,0.0006322126719169319,0.025143839641489363,0.10349076241254807
24,360,2,0.01,20,0.9993915557861328,0.0006180951604619622,0.024861519673221148,0.10906873643398285
24,360,2,0.01,21,0.9987266659736633,0.0012935170670971274,0.03596549828790264,0.11859320849180222
24,360,2,0.01,22,0.999104380607605,0.000909806985873729,0.03016300691034846,0.1475769430398941
24,360,2,0.01,23,0.9971795678138733,0.002865063725039363,0.053526290036199624,0.31223633885383606
24,360,2,0.01,24,0.9959778785705566,0.004085828084498644,0.0639204825114661,0.40007540583610535
24,360,2,0.01,25,0.9995688796043396,0.00043796037789434195,0.020927502906327403,0.10361091047525406
24,360,2,0.01,26,0.99952232837677,0.00048524877638556063,0.022028362998315617,0.08446459472179413
24,360,2,0.01,27,0.999656081199646,0.000349345471477136,0.01869078573728606,0.10509155690670013
24,360,2,0.01,28,0.9993851184844971,0.0006245984695851803,0.024991968101475727,0.11054579168558121
24,360,2,0.01,29,0.9996830224990845,0.000321989442454651,0.017944064268014953,0.08533979952335358
24,360,2,0.01,30,0.999735414981842,0.0002687771921046078,0.01639442564119304,0.0578700415790081
24,360,2,0.01,31,0.999218761920929,0.0007936159381642938,0.028171189860641203,0.14024490118026733
24,360,2,0.01,32,0.9994775056838989,0.00053076958283782,0.023038437074546097,0.07591981440782547
24,360,2,0.01,33,0.9995846152305603,0.0004219789698254317,0.020542126711356634,0.11576136201620102
24,360,2,0.01,34,0.9994798302650452,0.0005284010549075902,0.022986975766890044,0.10129766911268234
24,360,2,0.01,35,0.9974745512008667,0.0025654062628746033,0.05064983971223012,0.20849837362766266
24,360,2,0.01,36,0.9996751546859741,0.0003300113312434405,0.018166214004118757,0.09100700169801712
24,360,2,0.01,37,0.9997694492340088,0.0002341967774555087,0.015303489061501913,0.07363665848970413
24,360,2,0.01,38,0.9994942545890808,0.0005137377884238958,0.022665784531400977,0.15290343761444092
24,360,2,0.01,39,0.999221920967102,0.0007903758087195456,0.02811362318733652,0.0836019292473793
24,360,2,0.01,40,0.9997414946556091,0.00026257341960445046,0.016204117365794735,0.07319838553667068
24,360,2,0.01,41,0.9994800686836243,0.0005281487246975303,0.022981486564135276,0.12173730134963989
24,360,2,0.01,42,0.9994651079177856,0.0005433825426734984,0.02331056718901319,0.11446605622768402
24,360,2,0.01,43,0.9996001720428467,0.0004061336221639067,0.020152757185157237,0.08704885095357895
24,360,2,0.01,44,0.9988086819648743,0.0012101674219593406,0.03478746070007612,0.15278497338294983
24,360,2,0.01,45,0.9995116591453552,0.000496087537612766,0.02227302264203864,0.156633198261261
24,360,2,0.01,46,0.9993453025817871,0.000665052852127701,0.02578861865489699,0.148086816072464
24,360,2,0.01,47,0.9994336366653442,0.0005753110744990408,0.023985643091212726,0.20580510795116425
24,360,2,0.01,48,0.9990400671958923,0.0009751083562150598,0.031226725031854682,0.13296696543693542
24,360,2,0.01,49,0.9997658133506775,0.0002378842473262921,0.015423496598576216,0.09884128719568253
24,360,2,0.01,50,0.9996386170387268,0.0003671168233267963,0.019160292882072452,0.07324904203414917
24,360,2,0.01,51,0.9996915459632874,0.00031332331127487123,0.01770094097145322,0.0897543877363205
24,360,2,0.01,52,0.9988369941711426,0.0011814070167019963,0.03437160189316169,0.09572041034698486
24,360,2,0.01,53,0.9978170990943909,0.0022174559999257326,0.04708987152165243,0.19186903536319733
24,360,2,0.01,54,0.9994946122169495,0.0005133705562911928,0.02265768205909847,0.1332000195980072
24,360,2,0.01,55,0.9997720122337341,0.0002316142199561,0.015218877092482874,0.08657875657081604
24,360,2,0.01,56,0.9997942447662354,0.00020898277580272406,0.014456236571207738,0.0938849151134491
24,360,2,0.01,57,0.9997143745422363,0.00029012872255407274,0.017033165370948313,0.11730723828077316
24,360,2,0.01,58,0.9994465112686157,0.000562235654797405,0.023711508910177037,0.09692245721817017
24,360,2,0.01,59,0.9991739392280579,0.0008391159353777766,0.028967497913657932,0.11016838997602463
24,360,2,0.01,60,0.9994592666625977,0.0005492951604537666,0.023437046751964435,0.12515155971050262
24,360,2,0.01,61,0.9972079396247864,0.0028362383600324392,0.053256345725485515,0.20355288684368134
24,360,2,0.01,62,0.9989404082298279,0.0010763662867248058,0.03280802168258254,0.1333080381155014
24,360,2,0.01,63,0.9996206760406494,0.0003853549715131521,0.019630460298045792,0.08693784475326538
24,360,2,0.01,64,0.999721884727478,0.0002825098636094481,0.01680802973609483,0.07566947489976883
24,360,2,0.01,65,0.9994803071022034,0.0005279402248561382,0.022976949859721117,0.10153919458389282
24,360,2,0.01,66,0.9997701644897461,0.00023346883244812489,0.015279686922451156,0.06768472492694855
24,360,2,0.01,67,0.9995786547660828,0.0004280253197066486,0.020688772793634923,0.11922740191221237
24,360,2,0.01,68,0.999503493309021,0.0005043806741014123,0.022458421006415662,0.10488768666982651
24,360,2,0.01,69,0.9997003078460693,0.00030444745789282024,0.01744842279098086,0.12907886505126953
24,360,2,0.01,70,0.9995943903923035,0.00041204350418411195,0.02029885475055457,0.1099170669913292
24,360,2,0.01,71,0.999276876449585,0.0007345628691837192,0.027102820317887938,0.0982845202088356
24,360,2,0.01,72,0.9988405108451843,0.0011778738116845489,0.03432016625374284,0.13813228905200958
24,360,2,0.01,73,0.999423086643219,0.0005860633682459593,0.024208745697494517,0.10525262355804443
24,360,2,0.01,74,0.9996504187583923,0.0003551178961060941,0.018844572059510775,0.14154116809368134
24,360,2,0.01,75,0.9994462132453918,0.0005625493358820677,0.02371812252017574,0.1489161103963852
24,360,2,0.01,76,0.9997748136520386,0.00022873903799336404,0.015124121065151656,0.08266465365886688
24,360,2,0.01,77,0.9995937347412109,0.00041270663496106863,0.02031518237577671,0.08731948584318161
24,360,2,0.01,78,0.9981598258018494,0.0018692995654419065,0.043235397135239856,0.15635256469249725
24,360,2,0.01,79,0.9997972249984741,0.00020597106777131557,0.014351692157070384,0.10428506880998611
24,360,2,0.01,80,0.9995926022529602,0.0004138199728913605,0.020342565543494274,0.10703261196613312
24,360,2,0.01,81,0.9994539022445679,0.0005547459586523473,0.023553045634319723,0.11678330600261688
24,360,2,0.01,82,0.9995293617248535,0.0004780687449965626,0.02186478321403079,0.09790624678134918
24,360,2,0.01,83,0.9992775321006775,0.0007339179283007979,0.027090919665098082,0.13951227068901062
24,360,2,0.01,84,0.9996964335441589,0.00030835327925160527,0.01755999086707067,0.09223015606403351
24,360,2,0.01,85,0.9995577931404114,0.00044921779772266746,0.021194758732353325,0.08490794152021408
24,360,2,0.01,86,0.9996647238731384,0.0003406005271244794,0.018455365808470972,0.10579439252614975
24,360,2,0.01,87,0.9998347163200378,0.0001678910484770313,0.012957277818933702,0.07157301157712936
24,360,2,0.01,88,0.9998079538345337,0.00019509362755343318,0.013967592045640265,0.08363959193229675
24,360,2,0.01,89,0.9997881054878235,0.00021525031479541212,0.014671411479316233,0.0691583901643753
24,360,2,0.01,90,0.9998062252998352,0.00019684173457790166,0.01403002974258792,0.07068993896245956
24,360,2,0.01,91,0.9998547434806824,0.00014754039875697345,0.012146620878127935,0.08517802506685257
24,360,2,0.01,92,0.999809980392456,0.00019300876010674983,0.013892759269013115,0.09895244985818863
24,360,2,0.01,93,0.9997687339782715,0.00023494729248341173,0.01532799049071377,0.10497797280550003
24,360,2,0.01,94,0.9998223781585693,0.0001804589992389083,0.013433502865556262,0.07274560630321503
24,360,2,0.01,95,0.9992770552635193,0.0007343787583522499,0.027099423579704605,0.12435625493526459
24,360,2,0.01,96,0.999510645866394,0.0004970959271304309,0.022295648165739226,0.09306087344884872
24,360,2,0.01,97,0.9997639656066895,0.0002397870266577229,0.015485058174179485,0.08028519153594971
24,360,2,0.01,98,0.9994098544120789,0.0005994673701934516,0.024484022753490726,0.08316607028245926
24,360,2,0.01,99,0.9995535612106323,0.00045349751599133015,0.0212954811166907,0.1305721402168274
24,360,2,0.01,100,0.9997262954711914,0.0002780095092020929,0.016673617160115343,0.09495793282985687
25,360,2,0.01,1,0.9946264028549194,0.005458662286400795,0.07388276041405596,0.3911914825439453
25,360,2,0.01,2,0.9969699382781982,0.003078046953305602,0.05548014918243824,0.23168709874153137
25,360,2,0.01,3,0.9976337552070618,0.002403703983873129,0.04902758390817488,0.2937590777873993
25,360,2,0.01,4,0.9984390139579773,0.0015857109101489186,0.039820985800817624,0.19787000119686127
25,360,2,0.01,5,0.9987701773643494,0.0012493005488067865,0.03534544594154651,0.22212228178977966
25,360,2,0.01,6,0.9987589120864868,0.0012607142562046647,0.03550653821769541,0.19976107776165009
25,360,2,0.01,7,0.998408854007721,0.0016163164982572198,0.040203438885961236,0.2477516084909439
25,360,2,0.01,8,0.9991887807846069,0.0008240533643402159,0.028706329691206012,0.13906458020210266
25,360,2,0.01,9,0.9990926384925842,0.0009217524784617126,0.030360376783922043,0.17228715121746063
25,360,2,0.01,10,0.9992109537124634,0.0008015366038307548,0.028311421791050246,0.1432492583990097
25,360,2,0.01,11,0.9987511038780212,0.0012686573900282383,0.035618217109061455,0.20297597348690033
25,360,2,0.01,12,0.9990847706794739,0.0009297481155954301,0.030491771276779416,0.1549103707075119
25,360,2,0.01,13,0.9985846877098083,0.0014376925537362695,0.03791691645870309,0.16506987810134888
25,360,2,0.01,14,0.9992696046829224,0.0007419438916258514,0.027238647022674443,0.1226121112704277
25,360,2,0.01,15,0.9993674755096436,0.0006425562896765769,0.025348694042821553,0.12927217781543732
25,360,2,0.01,16,0.9993896484375,0.0006199882482178509,0.024899563213394947,0.1576196402311325
25,360,2,0.01,17,0.9988688230514526,0.001149068120867014,0.03389790732282767,0.15116731822490692
25,360,2,0.01,18,0.999365508556366,0.0006445283070206642,0.025387562053506913,0.1709212064743042
25,360,2,0.01,19,0.9987547397613525,0.0012649762211367488,0.03556650420180129,0.11527333408594131
25,360,2,0.01,20,0.998746931552887,0.001272877911105752,0.03567741457989567,0.19261278212070465
25,360,2,0.01,21,0.9989802241325378,0.0010358961299061775,0.03218534029501906,0.13221392035484314
25,360,2,0.01,22,0.9995914101600647,0.000415030779549852,0.020372304227795443,0.1366206705570221
25,360,2,0.01,23,0.9988152384757996,0.0012035333784297109,0.034691978589145224,0.22221416234970093
25,360,2,0.01,24,0.9994986653327942,0.0005092665087431669,0.02256693396860032,0.1323561668395996
25,360,2,0.01,25,0.9995260238647461,0.0004815009597223252,0.021943130125903307,0.12950167059898376
25,360,2,0.01,26,0.998279869556427,0.0017473824555054307,0.041801703978491485,0.23413604497909546
25,360,2,0.01,27,0.9993937015533447,0.0006159169715829194,0.024817674580486372,0.17517927289009094
25,360,2,0.01,28,0.9995036125183105,0.0005042250268161297,0.02245495550688377,0.09089052677154541
25,360,2,0.01,29,0.9991034865379333,0.0009107106598094106,0.030177983030835753,0.1433769017457962
25,360,2,0.01,30,0.9995590448379517,0.0004479111230466515,0.021163910863700296,0.11668818444013596
25,360,2,0.01,31,0.9995864629745483,0.000420059310272336,0.02049534850331499,0.09381534904241562
25,360,2,0.01,32,0.9996584057807922,0.0003470233641564846,0.018628563126459448,0.11712867021560669
25,360,2,0.01,33,0.999464750289917,0.0005437126383185387,0.023317646500419776,0.12793898582458496
25,360,2,0.01,34,0.9996955394744873,0.00030926373437978327,0.01758589589357856,0.10024861246347427
25,360,2,0.01,35,0.9995824098587036,0.0004241956921759993,0.020596011559911285,0.12706127762794495
25,360,2,0.01,36,0.9995222091674805,0.00048533923109062016,0.02203041604442867,0.1379683017730713
25,360,2,0.01,37,0.9974392056465149,0.0026013292372226715,0.05100322771376995,0.22278186678886414
25,360,2,0.01,38,0.9995966553688049,0.0004097018390893936,0.020241092833377196,0.10129313170909882
25,360,2,0.01,39,0.9994363188743591,0.0005726335803046823,0.023929763482004627,0.07558605074882507
25,360,2,0.01,40,0.9994972348213196,0.0005107014440000057,0.022598704476142116,0.133599653840065
25,360,2,0.01,41,0.9992899894714355,0.0007212644559331238,0.026856367139528083,0.1407141387462616
25,360,2,0.01,42,0.9995167255401611,0.0004909244016744196,0.022156813888156837,0.12203629314899445
25,360,2,0.01,43,0.99953693151474,0.00047041408834047616,0.02168903152149667,0.1650097817182541
25,360,2,0.01,44,0.9993845820426941,0.0006251360173337162,0.025002720198684707,0.1095142513513565
25,360,2,0.01,45,0.9995725750923157,0.0004341698659118265,0.020836743169502916,0.0924721509218216
25,360,2,0.01,46,0.9997015595436096,0.0003031488158740103,0.017411169285088533,0.08232975006103516
25,360,2,0.01,47,0.9981324076652527,0.001897182664833963,0.0435566603957875,0.17361973226070404
25,360,2,0.01,48,0.9989235997200012,0.001093453960493207,0.033067415388766126,0.1307515949010849
25,360,2,0.01,49,0.9943530559539795,0.005736363120377064,0.07573878214215662,0.24606867134571075
25,360,2,0.01,50,0.9995115995407104,0.000496154825668782,0.0222745331189855,0.1595410406589508
25,360,2,0.01,51,0.9996519684791565,0.000353536190232262,0.01880255807682194,0.10222966969013214
25,360,2,0.01,52,0.9997174739837646,0.0002869977324735373,0.016941007422037725,0.08796300739049911
25,360,2,0.01,53,0.9996441602706909,0.00036148252547718585,0.019012693798543798,0.10406291484832764
25,360,2,0.01,54,0.9996579885482788,0.0003474081458989531,0.018638888000601136,0.13504081964492798
25,360,2,0.01,55,0.9996545314788818,0.00035094900522381067,0.018733632995866303,0.10705053806304932
25,360,2,0.01,56,0.9994605183601379,0.0005480246036313474,0.02340992532306217,0.1475941389799118
25,360,2,0.01,57,0.9997183084487915,0.0002861697576008737,0.01691655276942893,0.12276079505681992
25,360,2,0.01,58,0.9987689852714539,0.0012504769256338477,0.035362083163097836,0.15520383417606354
25,360,2,0.01,59,0.9993629455566406,0.0006471383385360241,0.02543891386313543,0.11411959677934647
25,360,2,0.01,60,0.999654233455658,0.00035123771522194147,0.018741337071349565,0.08536359667778015
25,360,2,0.01,61,0.9997634887695312,0.00024024242884479463,0.015499755767262742,0.0912104994058609
25,360,2,0.01,62,0.999271810054779,0.0007397338631562889,0.027198048885099992,0.1284966617822647
25,360,2,0.01,63,0.9996846318244934,0.00032035185722634196,0.017898375826491685,0.09886325150728226
25,360,2,0.01,64,0.9992638826370239,0.0007477930630557239,0.027345805218638632,0.14306125044822693
25,360,2,0.01,65,0.9995373487472534,0.00046997464960440993,0.021678898717518148,0.13113585114479065
25,360,2,0.01,66,0.9995996356010437,0.00040672169416211545,0.020167342268184854,0.18077850341796875
25,360,2,0.01,67,0.99924635887146,0.0007655910449102521,0.02766931594583162,0.1788959503173828
25,360,2,0.01,68,0.9992499351501465,0.0007619623211212456,0.027603664994367064,0.20444518327713013
25,360,2,0.01,69,0.9992746114730835,0.0007369027589447796,0.02714595290176382,0.1164751648902893
25,360,2,0.01,70,0.9996830224990845,0.00032201968133449554,0.017944906835492224,0.12551730871200562
25,360,2,0.01,71,0.9969304203987122,0.0031181862577795982,0.05584072221756805,0.1977870613336563
25,360,2,0.01,72,0.9996070861816406,0.0003991122357547283,0.019977793565725127,0.11775168031454086
25,360,2,0.01,73,0.9997216463088989,0.0002827381540555507,0.016814819477340537,0.13265720009803772
25,360,2,0.01,74,0.9995821118354797,0.00042448367457836866,0.02060300159147615,0.13975143432617188
25,360,2,0.01,75,0.9997170567512512,0.00028741691494360566,0.016953374736128665,0.11290720105171204
25,360,2,0.01,76,0.999451756477356,0.0005569070926867425,0.023598879055725136,0.08667038381099701
25,360,2,0.01,77,0.998860239982605,0.0011577950790524483,0.03402638798127783,0.16139261424541473
25,360,2,0.01,78,0.9993539452552795,0.0006562991766259074,0.02561833672637448,0.1253729909658432
25,360,2,0.01,79,0.9997506737709045,0.00025328941410407424,0.01591506877472021,0.08949576318264008
25,360,2,0.01,80,0.9996157288551331,0.0003903602482751012,0.01975753649307274,0.07500094920396805
25,360,2,0.01,81,0.9997106790542603,0.0002939039550255984,0.017143627242377803,0.12846554815769196
25,360,2,0.01,82,0.999326765537262,0.0006838659755885601,0.02615083125999172,0.15550166368484497
25,360,2,0.01,83,0.9993911981582642,0.0006184506346471608,0.024868667729638447,0.1545250564813614
25,360,2,0.01,84,0.9985136389732361,0.0015099034644663334,0.03885747630078842,0.16383200883865356
25,360,2,0.01,85,0.9995294809341431,0.00047799843014217913,0.02186317520723326,0.14967843890190125
25,360,2,0.01,86,0.9997918605804443,0.00021145892969798297,0.01454162747762378,0.08596488833427429
25,360,2,0.01,87,0.9995884895324707,0.0004179978568572551,0.02044499588792463,0.11119832843542099
25,360,2,0.01,88,0.9996545910835266,0.00035089266020804644,0.018732129089029,0.08491425961256027
25,360,2,0.01,89,0.999627947807312,0.00037796402466483414,0.01944129688742071,0.1093405932188034
25,360,2,0.01,90,0.9979301691055298,0.0021025720052421093,0.04585381124009333,0.1772979199886322
25,360,2,0.01,91,0.9996981024742126,0.00030667270766571164,0.01751207319724628,0.10632307827472687
25,360,2,0.01,92,0.9996592402458191,0.0003461819142103195,0.018605964479443668,0.06872810423374176
25,360,2,0.01,93,0.9997528791427612,0.00025103770894929767,0.015844169556947365,0.05339577794075012
25,360,2,0.01,94,0.999638557434082,0.0003671641752589494,0.019161528520943976,0.0877721905708313
25,360,2,0.01,95,0.999750018119812,0.0002539401757530868,0.015935500486432386,0.1334431767463684
25,360,2,0.01,96,0.9993394613265991,0.0006709709414280951,0.0259031067910414,0.11942429095506668
25,360,2,0.01,97,0.9997166395187378,0.0002878239029087126,0.016965373644830598,0.11831921339035034
25,360,2,0.01,98,0.9995419979095459,0.00046525310608558357,0.02156972661128517,0.08031639456748962
25,360,2,0.01,99,0.9997227787971497,0.00028158052009530365,0.016780361143172804,0.07404572516679764
25,360,2,0.01,100,0.9997606873512268,0.00024308946740347892,0.015591326672335454,0.07998122274875641
26,360,2,0.01,1,0.9945064187049866,0.005580546800047159,0.07470305750133095,0.3949861228466034
26,360,2,0.01,2,0.9974749684333801,0.0025649950839579105,0.05064578051484556,0.28125452995300293
26,360,2,0.01,3,0.9982738494873047,0.0017534567741677165,0.04187429729759912,0.1772560477256775
26,360,2,0.01,4,0.9987357258796692,0.0012842797441408038,0.035836848970588975,0.1830539107322693
26,360,2,0.01,5,0.9989244937896729,0.0010925513925030828,0.03305376517891846,0.16174852848052979
26,360,2,0.01,6,0.9986045360565186,0.0014175382675603032,0.03765020939596888,0.19767552614212036
26,360,2,0.01,7,0.9992297291755676,0.0007824472850188613,0.02797225920477038,0.1139632910490036
26,360,2,0.01,8,0.9990626573562622,0.0009521626052446663,0.030857132161700742,0.1871270388364792
26,360,2,0.01,9,0.9983327388763428,0.0016936553874984384,0.041154044606799445,0.2002355009317398
26,360,2,0.01,10,0.9990593194961548,0.000955575262196362,0.030912380403268234,0.17540903389453888
26,360,2,0.01,11,0.9992564916610718,0.0007552853203378618,0.027482454772779337,0.14515811204910278
26,360,2,0.01,12,0.998401403427124,0.0016238909447565675,0.040297530256289495,0.2388547658920288
26,360,2,0.01,13,0.999080240726471,0.0009343012352474034,0.03056634154175804,0.17610357701778412
26,360,2,0.01,14,0.9990010261535645,0.0010147741995751858,0.031855520707958704,0.18288372457027435
26,360,2,0.01,15,0.9979137182235718,0.0021193106658756733,0.0460359714340392,0.30318617820739746
26,360,2,0.01,16,0.9994648098945618,0.0005436483770608902,0.02331626850636461,0.09482650458812714
26,360,2,0.01,17,0.9992107152938843,0.0008017901564016938,0.028315899357104903,0.1430940330028534
26,360,2,0.01,18,0.9993693232536316,0.0006406325846910477,0.025310720746178836,0.10774429887533188
26,360,2,0.01,19,0.9994760155677795,0.0005322913057170808,0.02307143917741329,0.1570277214050293
26,360,2,0.01,20,0.9994521141052246,0.0005565301980823278,0.023590892269736808,0.1281157284975052
26,360,2,0.01,21,0.9989625215530396,0.0010538819478824735,0.03246354798666457,0.13126762211322784
26,360,2,0.01,22,0.9994925856590271,0.0005154538666829467,0.02270360911139343,0.10125324130058289
26,360,2,0.01,23,0.9964547753334045,0.0036013766657561064,0.06001147111807963,0.29743799567222595
26,360,2,0.01,24,0.9992457032203674,0.0007662129355594516,0.027680551576141896,0.12297841906547546
26,360,2,0.01,25,0.9996281266212463,0.00037775334203615785,0.019435877701718486,0.12996137142181396
26,360,2,0.01,26,0.9989300966262817,0.001086817472241819,0.03296691481230567,0.14081351459026337
26,360,2,0.01,27,0.9992740154266357,0.000737497175578028,0.0271568992261272,0.12193380296230316
26,360,2,0.01,28,0.9993453621864319,0.000665011175442487,0.025787810598080774,0.18543004989624023
26,360,2,0.01,29,0.9992560744285583,0.0007557115750387311,0.027490208712171157,0.1643870323896408
26,360,2,0.01,30,0.999332845211029,0.0006777473026886582,0.02603358028947725,0.08079179376363754
26,360,2,0.01,31,0.9996154308319092,0.00039065792225301266,0.019765068232946038,0.09949871897697449
26,360,2,0.01,32,0.9947625994682312,0.005320333875715733,0.07294061883282683,0.19344569742679596
26,360,2,0.01,33,0.9982920289039612,0.001735018682666123,0.04165355546248271,0.22668687999248505
26,360,2,0.01,34,0.9993826150894165,0.0006271721213124692,0.025043404746808474,0.12646402418613434
26,360,2,0.01,35,0.9992405772209167,0.0007714327657595277,0.02777467849966094,0.14050842821598053
26,360,2,0.01,36,0.9995827674865723,0.0004238159453961998,0.02058679055599002,0.08689574897289276
26,360,2,0.01,37,0.9994131922721863,0.0005960744456388056,0.024414635889949406,0.13522833585739136
26,360,2,0.01,38,0.9996523857116699,0.00035309314262121916,0.018790772805321744,0.08521752804517746
26,360,2,0.01,39,0.9997464418411255,0.00025757853290997446,0.01604925334431401,0.05906832590699196
26,360,2,0.01,40,0.9996740221977234,0.00033115973928943276,0.01819779490183997,0.09865529090166092
26,360,2,0.01,41,0.9996885061264038,0.0003164108784403652,0.017787941939425293,0.140095517039299
26,360,2,0.01,42,0.9997107982635498,0.0002937755489256233,0.017139881823560608,0.07728025317192078
26,360,2,0.01,43,0.9995785355567932,0.00042812127503566444,0.020691091683032688,0.09075213223695755
26,360,2,0.01,44,0.9994943737983704,0.0005136350519023836,0.022663518083086386,0.08639628440141678
26,360,2,0.01,45,0.9996843338012695,0.00032066606217995286,0.017907151146398268,0.09537739306688309
26,360,2,0.01,46,0.998930037021637,0.0010869185207411647,0.0329684473510835,0.10282464325428009
26,360,2,0.01,47,0.9996921420097351,0.0003127233067061752,0.017683984469179313,0.07925456762313843
26,360,2,0.01,48,0.9994258880615234,0.0005831964081153274,0.024149459789306413,0.12369659543037415
26,360,2,0.01,49,0.999610185623169,0.00039595901034772396,0.01989871881171559,0.10490282624959946
26,360,2,0.01,50,0.9991340637207031,0.0008796292240731418,0.029658543862994047,0.1158321350812912
26,360,2,0.01,51,0.999753475189209,0.0002504136646166444,0.015824464117834905,0.11670666188001633
26,360,2,0.01,52,0.999699592590332,0.00030519175925292075,0.017469738385360003,0.07590097188949585
26,360,2,0.01,53,0.9996712803840637,0.0003339229733683169,0.018273559406101397,0.09274633973836899
26,360,2,0.01,54,0.9997055530548096,0.00029911150340922177,0.017294840369579068,0.0961492583155632
26,360,2,0.01,55,0.998690128326416,0.0013305862667039037,0.036477202013091736,0.14181286096572876
26,360,2,0.01,56,0.9989948272705078,0.0010210650507360697,0.031954108511051744,0.18702614307403564
26,360,2,0.01,57,0.9993816614151001,0.0006281280657276511,0.025062483231468726,0.11102914810180664
26,360,2,0.01,58,0.9992119073867798,0.0008005897980183363,0.028294695580944784,0.1501721739768982
26,360,2,0.01,59,0.9997132420539856,0.0002912828349508345,0.017067010135077394,0.07172472774982452
26,360,2,0.01,60,0.9982753396034241,0.0017519919201731682,0.04185680255553652,0.14740753173828125
26,360,2,0.01,61,0.9994031190872192,0.000606322311796248,0.024623612890805606,0.11861734837293625
26,360,2,0.01,62,0.9997345805168152,0.0002696137526072562,0.016419919384919532,0.09766362607479095
26,360,2,0.01,63,0.9997039437294006,0.00030071864603087306,0.017341241190608966,0.0678638219833374
26,360,2,0.01,64,0.9996746778488159,0.0003304952697362751,0.01817952886452988,0.11101390421390533
26,360,2,0.01,65,0.9997676610946655,0.0002360413345741108,0.015363636762632433,0.07314211130142212
26,360,2,0.01,66,0.9997458457946777,0.00025819390430115163,0.016068413247771283,0.0743311196565628
26,360,2,0.01,67,0.9993067383766174,0.000704229052644223,0.026537314344978902,0.10192001610994339
26,360,2,0.01,68,0.9995076060295105,0.0005002173129469156,0.022365538512338926,0.1274995654821396
26,360,2,0.01,69,0.9997335076332092,0.0002707380917854607,0.016454120814721786,0.06813154369592667
26,360,2,0.01,70,0.9996166229248047,0.000389465712942183,0.019734885683534705,0.10536681115627289
26,360,2,0.01,71,0.9998052716255188,0.00019780518778134137,0.014064323225144585,0.08716306835412979
26,360,2,0.01,72,0.999558687210083,0.00044829811668023467,0.0211730516619649,0.12614277005195618
26,360,2,0.01,73,0.9996786117553711,0.00032644771272316575,0.01806786408857355,0.10041797906160355
26,360,2,0.01,74,0.9996464848518372,0.00035911682061851025,0.018950377848964126,0.12410422414541245
26,360,2,0.01,75,0.999634325504303,0.0003714383637998253,0.019272736282111715,0.1139441430568695
26,360,2,0.01,76,0.9996417164802551,0.0003639608039520681,0.019077756785116747,0.10637502372264862
26,360,2,0.01,77,0.9997169971466064,0.00028746083262376487,0.01695466993555949,0.08056695014238358
26,360,2,0.01,78,0.9994969367980957,0.0005110496422275901,0.022606407105676702,0.10615650564432144
26,360,2,0.01,79,0.9993797540664673,0.0006300438544712961,0.025100674382798883,0.12302546948194504
26,360,2,0.01,80,0.9993094801902771,0.0007014349102973938,0.026484616483864624,0.15100036561489105
26,360,2,0.01,81,0.9991176128387451,0.0008963717264123261,0.029939467704224905,0.15696433186531067
26,360,2,0.01,82,0.999739408493042,0.0002647277433425188,0.016270456150413202,0.08251097053289413
26,360,2,0.01,83,0.9997534155845642,0.00025049320538528264,0.01582697713984836,0.07636235654354095
26,360,2,0.01,84,0.9997811317443848,0.0002223503397544846,0.014911416423481861,0.07842007279396057
26,360,2,0.01,85,0.9997522234916687,0.00025172336609102786,0.015865792324716337,0.08442995697259903
26,360,2,0.01,86,0.9997074007987976,0.00029721256578341126,0.017239853995420357,0.08746608346700668
26,360,2,0.01,87,0.9996913075447083,0.0003135617880616337,0.01770767596444078,0.09341106563806534
26,360,2,0.01,88,0.9997106194496155,0.00029397575417533517,0.017145721162299798,0.08997644484043121
26,360,2,0.01,89,0.999792754650116,0.00021054275566712022,0.014510091511328253,0.0964876115322113
26,360,2,0.01,90,0.999772846698761,0.000230754041695036,0.015190590564393341,0.07208620756864548
26,360,2,0.01,91,0.9997578263282776,0.00024603577912785113,0.015685527696824585,0.08351105451583862
26,360,2,0.01,92,0.9990509152412415,0.0009641096112318337,0.031050114512378754,0.16590914130210876
26,360,2,0.01,93,0.9996339678764343,0.00037182794767431915,0.019282840757375953,0.08772286772727966
26,360,2,0.01,94,0.9997561573982239,0.00024771204334683716,0.015738870459687925,0.0850762203335762
26,360,2,0.01,95,0.9997602701187134,0.00024352748005185276,0.015605367027143347,0.05601176247000694
26,360,2,0.01,96,0.9995039701461792,0.0005039002862758934,0.022447723409644318,0.10120970010757446
26,360,2,0.01,97,0.999799907207489,0.00020327472884673625,0.014257444681524675,0.07972392439842224
26,360,2,0.01,98,0.9997878074645996,0.00021554212435148656,0.01468135294690127,0.07983635365962982
26,360,2,0.01,99,0.9996769428253174,0.0003281819517724216,0.01811579288279764,0.06932605803012848
26,360,2,0.01,100,0.9994187951087952,0.0005903859855607152,0.02429785969094223,0.1421911120414734
27,360,2,0.01,1,0.9963098764419556,0.003748555202037096,0.06122544570713304,0.4000902771949768
27,360,2,0.01,2,0.9980889558792114,0.001941314316354692,0.04406034857277791,0.288054883480072
27,360,2,0.01,3,0.9986103177070618,0.0014116690726950765,0.037572184827277165,0.2328643649816513
27,360,2,0.01,4,0.998752236366272,0.001267488463781774,0.03560180422087866,0.25801101326942444
27,360,2,0.01,5,0.998668372631073,0.0013527395203709602,0.03677960739827113,0.17458626627922058
27,360,2,0.01,6,0.9982888102531433,0.0017382579389959574,0.04169242064207783,0.22172348201274872
27,360,2,0.01,7,0.9985997080802917,0.0014224709011614323,0.03771565856725072,0.1776517778635025
27,360,2,0.01,8,0.9992947578430176,0.000716419133823365,0.026766007057896495,0.14073731005191803
27,360,2,0.01,9,0.9986593127250671,0.0013619431992992759,0.03690451461947814,0.23130857944488525
27,360,2,0.01,10,0.9991002678871155,0.0009139943867921829,0.030232340081313303,0.15774767100811005
27,360,2,0.01,11,0.9990724325180054,0.0009422588045708835,0.030696234371187674,0.14288443326950073
27,360,2,0.01,12,0.9992610812187195,0.000750602746848017,0.027397130266654152,0.14706861972808838
27,360,2,0.01,13,0.9993842244148254,0.0006255382904782891,0.02501076349251036,0.09656189382076263
27,360,2,0.01,14,0.9985483288764954,0.0014746483648195863,0.03840115056635134,0.2507023811340332
27,360,2,0.01,15,0.9993820190429688,0.000627747387625277,0.02505488749975296,0.21561838686466217
27,360,2,0.01,16,0.9979920387268066,0.00203976989723742,0.04516381181031358,0.21451139450073242
27,360,2,0.01,17,0.9993715882301331,0.000638356723356992,0.02526572230032207,0.09678700566291809
27,360,2,0.01,18,0.9967930316925049,0.0032577188685536385,0.057076430061397836,0.34849652647972107
27,360,2,0.01,19,0.9987509846687317,0.0012687837006524205,0.03561999018321623,0.19180403649806976
27,360,2,0.01,20,0.9993067979812622,0.0007041753851808608,0.02653630315588177,0.13836821913719177
27,360,2,0.01,21,0.9995878338813782,0.00041866619721986353,0.020461334199408,0.09578457474708557
27,360,2,0.01,22,0.9993695020675659,0.0006405074382200837,0.025308248422600956,0.1164839044213295
27,360,2,0.01,23,0.999313473701477,0.0006973925628699362,0.026408191207841863,0.14743250608444214
27,360,2,0.01,24,0.9994072318077087,0.0006021803710609674,0.02453936370529944,0.09514415264129639
27,360,2,0.01,25,0.9994999170303345,0.0005079761613160372,0.022538326497680283,0.09975166618824005
27,360,2,0.01,26,0.9994100332260132,0.0005993358790874481,0.02448133736313129,0.13652516901493073
27,360,2,0.01,27,0.99964439868927,0.0003612475993577391,0.01900651465571053,0.10722474008798599
27,360,2,0.01,28,0.9980330467224121,0.001998106949031353,0.044700189586078416,0.3582781255245209
27,360,2,0.01,29,0.9994655251502991,0.0005429427837952971,0.02330113267193887,0.11792002618312836
27,360,2,0.01,30,0.999589741230011,0.0004167650768067688,0.0204148249271643,0.13244540989398956
27,360,2,0.01,31,0.9993869662284851,0.000622736057266593,0.024954680067406053,0.09443157911300659
27,360,2,0.01,32,0.9994217753410339,0.0005874029593542218,0.024236397408736756,0.11855471134185791
27,360,2,0.01,33,0.9985886812210083,0.0014336645836010575,0.03786376346325148,0.1459328681230545
27,360,2,0.01,34,0.9997662901878357,0.00023740454344078898,0.015407937676431229,0.06923047453165054
27,360,2,0.01,35,0.9995190501213074,0.0004885650705546141,0.022103508105154126,0.07440058141946793
27,360,2,0.01,36,0.9997373819351196,0.0002667705120984465,0.016333110913063883,0.111730195581913
27,360,2,0.01,37,0.9995521306991577,0.000454975146567449,0.02133014642630118,0.12145762890577316
27,360,2,0.01,38,0.9993903040885925,0.0006193245644681156,0.02488623242815424,0.11210175603628159
27,360,2,0.01,39,0.9994560480117798,0.0005525483866222203,0.023506347794207,0.12217313051223755
27,360,2,0.01,40,0.9997329711914062,0.00027125232736580074,0.01646973974796811,0.07373945415019989
27,360,2,0.01,41,0.9975472688674927,0.0024915917310863733,0.04991584649273589,0.15374763309955597
27,360,2,0.01,42,0.9992603063583374,0.0007513925083912909,0.02741153969391889,0.16808994114398956
27,360,2,0.01,43,0.9990138411521912,0.0010017463937401772,0.031650377465998365,0.10730025172233582
27,360,2,0.01,44,0.9996343851089478,0.0003714073682203889,0.019271932135112683,0.0900428295135498
27,360,2,0.01,45,0.9996722340583801,0.0003329562023282051,0.018247087502618196,0.07492824643850327
27,360,2,0.01,46,0.9995777606964111,0.00042893728823401034,0.020710801245582226,0.10448785126209259
27,360,2,0.01,47,0.9994980692863464,0.0005098902038298547,0.022580748522355382,0.10018927603960037
27,360,2,0.01,48,0.9994049668312073,0.0006044531473889947,0.024585628879265926,0.16684609651565552
27,360,2,0.01,49,0.9994975924491882,0.0005103857256472111,0.02259171807648128,0.12165296077728271
27,360,2,0.01,50,0.9992596507072449,0.0007520947838202119,0.027424346552292034,0.14785319566726685
27,360,2,0.01,51,0.9996343851089478,0.00037138577317819,0.019271371855116855,0.08701425045728683
27,360,2,0.01,52,0.9995442628860474,0.00046295218635350466,0.02151632371836566,0.13105042278766632
27,360,2,0.01,53,0.9993072748184204,0.0007037190953269601,0.026527704298091082,0.12627850472927094
27,360,2,0.01,54,0.999800980091095,0.0002021778200287372,0.014218924714222845,0.08430679887533188
27,360,2,0.01,55,0.9995502829551697,0.0004568484437186271,0.021374013280585073,0.12072867155075073
27,360,2,0.01,56,0.9996538758277893,0.0003515771823003888,0.01875039152392261,0.08050480484962463
27,360,2,0.01,57,0.9993337988853455,0.0006767358281649649,0.026014146693000808,0.08974059671163559
27,360,2,0.01,58,0.9992445707321167,0.0007674147491343319,0.02770225169790954,0.11721064895391464
27,360,2,0.01,59,0.9995224475860596,0.000485108932480216,0.022025188591251972,0.14399702847003937
27,360,2,0.01,60,0.9991175532341003,0.0008964106673374772,0.02994011802477534,0.17859241366386414
27,360,2,0.01,61,0.9995604753494263,0.00044645523303188384,0.02112948728748248,0.08251394331455231
27,360,2,0.01,62,0.9997872114181519,0.00021617634047288448,0.01470293645748646,0.06299997121095657
27,360,2,0.01,63,0.9994661211967468,0.0005423063994385302,0.023287473015304393,0.1437077820301056
27,360,2,0.01,64,0.9997473955154419,0.000256602797890082,0.016018826358072617,0.08069426566362381
27,360,2,0.01,65,0.9997462630271912,0.0002577363629825413,0.016054169644754018,0.09141645580530167
27,360,2,0.01,66,0.9989733695983887,0.0010428711539134383,0.03229351566357306,0.16574713587760925
27,360,2,0.01,67,0.999616801738739,0.0003892921668011695,0.019730488255518906,0.08267121762037277
27,360,2,0.01,68,0.9994950890541077,0.0005129328346811235,0.02264802054664212,0.10659506916999817
27,360,2,0.01,69,0.9997060894966125,0.00029854007880203426,0.017278312382927746,0.07400093972682953
27,360,2,0.01,70,0.9997619986534119,0.0002417867654003203,0.015549494056088136,0.0788113996386528
27,360,2,0.01,71,0.9996518492698669,0.0003536404692567885,0.018805330873366426,0.06796698272228241
27,360,2,0.01,72,0.999737560749054,0.00026661294396035373,0.016328286620474107,0.07282703369855881
27,360,2,0.01,73,0.9994836449623108,0.0005245450884103775,0.022902949338685127,0.10205994546413422
27,360,2,0.01,74,0.9995720386505127,0.00043472464312799275,0.02085005139389332,0.09913823008537292
27,360,2,0.01,75,0.9996724128723145,0.000332782743498683,0.01824233382817788,0.11904019117355347
27,360,2,0.01,76,0.9997314810752869,0.00027275359025225043,0.01651525326031213,0.07753778249025345
27,360,2,0.01,77,0.9993395805358887,0.0006708799046464264,0.025901349475392715,0.15172311663627625
27,360,2,0.01,78,0.9994744658470154,0.0005338506889529526,0.023105209130257893,0.10515028983354568
27,360,2,0.01,79,0.9995813369750977,0.00042529532220214605,0.0206226894997269,0.0990162119269371
27,360,2,0.01,80,0.9996077418327332,0.0003984743671026081,0.019961822739985646,0.0928024873137474
27,360,2,0.01,81,0.9996559619903564,0.00034948030952364206,0.01869439246200962,0.0720646008849144
27,360,2,0.01,82,0.9991267919540405,0.000887002854142338,0.029782593139992663,0.09535811841487885
27,360,2,0.01,83,0.9992370009422302,0.0007750684162601829,0.027840050579339522,0.15613585710525513
27,360,2,0.01,84,0.9997557997703552,0.0002480399562045932,0.015749284307694532,0.10086334496736526
27,360,2,0.01,85,0.9997808933258057,0.00022260172409005463,0.014919843299782161,0.06331680715084076
27,360,2,0.01,86,0.9991731643676758,0.0008399434154853225,0.028981777300319634,0.08616729080677032
27,360,2,0.01,87,0.9994974136352539,0.0005105487070977688,0.022595324894715916,0.07897016406059265
27,360,2,0.01,88,0.999444305896759,0.0005644630873575807,0.023758431921269144,0.10901173949241638
27,360,2,0.01,89,0.999289333820343,0.0007219306426122785,0.02686876704674553,0.10995113849639893
27,360,2,0.01,90,0.9997690320014954,0.00023465481353923678,0.015318446838346138,0.11856478452682495
27,360,2,0.01,91,0.9997445940971375,0.0002594467659946531,0.016107351302888165,0.07808537036180496
27,360,2,0.01,92,0.9997105002403259,0.00029405418899841607,0.0171480083099588,0.09172118455171585
27,360,2,0.01,93,0.9996458292007446,0.0003597626637201756,0.018967410569716035,0.07763439416885376
27,360,2,0.01,94,0.9997174143791199,0.00028705334989354014,0.016942648845252626,0.11705862730741501
27,360,2,0.01,95,0.9997717142105103,0.00023189072089735419,0.015227958526912076,0.08885139226913452
27,360,2,0.01,96,0.9990856647491455,0.0009287858265452087,0.030475987704178,0.17479023337364197
27,360,2,0.01,97,0.999382495880127,0.0006272999453358352,0.025045956666412947,0.0913248285651207
27,360,2,0.01,98,0.9996923804283142,0.00031250258325599134,0.01767774259502585,0.10638712346553802
27,360,2,0.01,99,0.9997082352638245,0.0002963561564683914,0.017214998009537828,0.07818827778100967
27,360,2,0.01,100,0.9997604489326477,0.00024336851492989808,0.015600272912032599,0.06896911561489105
28,360,2,0.01,1,0.9945987462997437,0.005486778914928436,0.07407279470175562,0.4065600633621216
28,360,2,0.01,2,0.9965767860412598,0.00347743253223598,0.05896975947242773,0.24906663596630096
28,360,2,0.01,3,0.9981293082237244,0.0019002835033461452,0.04359224132051649,0.30452409386634827
28,360,2,0.01,4,0.9986427426338196,0.0013787299394607544,0.03713125286683382,0.22543101012706757
28,360,2,0.01,5,0.9989635944366455,0.0010528353741392493,0.03244742476898975,0.16851460933685303
28,360,2,0.01,6,0.998465895652771,0.0015583658823743463,0.039476143205413906,0.3019672930240631
28,360,2,0.01,7,0.998426616191864,0.00159831705968827,0.0399789577113795,0.2666657269001007
28,360,2,0.01,8,0.9989954829216003,0.0010204400168731809,0.031944326833933764,0.23785190284252167
28,360,2,0.01,9,0.9987761974334717,0.0012431980576366186,0.03525901384946293,0.20250204205513
28,360,2,0.01,10,0.9989663362503052,0.0010500301141291857,0.032404168159809094,0.20023667812347412
28,360,2,0.01,11,0.9989060759544373,0.001111225108616054,0.033335043252050146,0.21464277803897858
28,360,2,0.01,12,0.9992184042930603,0.00079397700028494,0.028177597489582748,0.13823091983795166
28,360,2,0.01,13,0.9992113709449768,0.0008011360769160092,0.028304347314785573,0.16429132223129272
28,360,2,0.01,14,0.9991470575332642,0.0008664490305818617,0.029435506290564493,0.17012585699558258
28,360,2,0.01,15,0.9994786977767944,0.0005295748705975711,0.023012493793536832,0.10900845378637314
28,360,2,0.01,16,0.9993375539779663,0.0006729559390805662,0.025941394316431145,0.13584737479686737
28,360,2,0.01,17,0.9990488290786743,0.0009662293014116585,0.031084229142953803,0.20923615992069244
28,360,2,0.01,18,0.9994637966156006,0.0005446728318929672,0.023338226836950728,0.1517406553030014
28,360,2,0.01,19,0.99936842918396,0.000641572754830122,0.025329286504560723,0.11866085231304169
28,360,2,0.01,20,0.999049723148346,0.0009653512388467789,0.03107010200895354,0.13814415037631989
28,360,2,0.01,21,0.9992253184318542,0.0007869650726206601,0.02805289775799748,0.18465130031108856
28,360,2,0.01,22,0.9994064569473267,0.0006029588985256851,0.02455522141064269,0.0869184359908104
28,360,2,0.01,23,0.9989774823188782,0.0010387165239080787,0.03222912539781492,0.2098594456911087
28,360,2,0.01,24,0.999354362487793,0.0006558640161529183,0.025609842173526146,0.12389431148767471
28,360,2,0.01,25,0.9987102150917053,0.001310175284743309,0.03619634352725851,0.17149047553539276
28,360,2,0.01,26,0.999396562576294,0.000612996518611908,0.02475876650020974,0.09933431446552277
28,360,2,0.01,27,0.9993027448654175,0.0007083206437528133,0.02661429397434419,0.10511493682861328
28,360,2,0.01,28,0.9995198249816895,0.00048778526252135634,0.022085861145116265,0.18669863045215607
28,360,2,0.01,29,0.9995152950286865,0.0004923991509713233,0.02219006874643076,0.12687568366527557
28,360,2,0.01,30,0.9986774325370789,0.0013434975408017635,0.03665375206990089,0.24209943413734436
28,360,2,0.01,31,0.9989138841629028,0.001103330752812326,0.03321642293824436,0.12435667961835861
28,360,2,0.01,32,0.999554455280304,0.0004525778058450669,0.021273876135887108,0.11661587655544281
28,360,2,0.01,33,0.9991738200187683,0.0008392718737013638,0.028970189397057172,0.13088522851467133
28,360,2,0.01,34,0.9996373653411865,0.00036837710649706423,0.019193152594012903,0.10362019389867783
28,360,2,0.01,35,0.9993057250976562,0.0007052691653370857,0.02655690428753106,0.20982202887535095
28,360,2,0.01,36,0.999550461769104,0.0004566394491121173,0.021369123732902978,0.07673962414264679
28,360,2,0.01,37,0.9991525411605835,0.0008608775679022074,0.02934071519070739,0.16735555231571198
28,360,2,0.01,38,0.9991656541824341,0.0008475511567667127,0.02911273186711808,0.19809676706790924
28,360,2,0.01,39,0.9994888305664062,0.0005192848038859665,0.02278782139402463,0.11067187786102295
28,360,2,0.01,40,0.9987948536872864,0.0012242092052474618,0.03498870110832155,0.14778923988342285
28,360,2,0.01,41,0.9996544122695923,0.0003510546521283686,0.018736452495826648,0.07750502228736877
28,360,2,0.01,42,0.9996551871299744,0.00035027580452151597,0.018715656668188696,0.08891814202070236
28,360,2,0.01,43,0.9995136260986328,0.0004940442158840597,0.02222710543197336,0.1485564410686493
28,360,2,0.01,44,0.9989821910858154,0.0010339443106204271,0.03215500444130629,0.16475947201251984
28,360,2,0.01,45,0.9989348649978638,0.0010819871677085757,0.03289357334964652,0.23447512090206146
28,360,2,0.01,46,0.9994612336158752,0.0005472791381180286,0.023393997907968374,0.07361157983541489
28,360,2,0.01,47,0.9988966584205627,0.0011208013165742159,0.03347837087694405,0.26536479592323303
28,360,2,0.01,48,0.9995651245117188,0.0004417498130351305,0.021017845109219224,0.13259248435497284
28,360,2,0.01,49,0.9995104670524597,0.0004972552414983511,0.0222992206477794,0.1091964989900589
28,360,2,0.01,50,0.9990493059158325,0.0009657474583946168,0.031076477573795537,0.17326726019382477
28,360,2,0.01,51,0.9993278980255127,0.00068274000659585,0.026129294031715627,0.10325733572244644
28,360,2,0.01,52,0.9996989965438843,0.0003057432477362454,0.01748551536947783,0.08922289311885834
28,360,2,0.01,53,0.9996238350868225,0.0003821143473032862,0.019547745325312744,0.10190598666667938
28,360,2,0.01,54,0.9993166923522949,0.000694119487889111,0.026346147496154177,0.10177239775657654
28,360,2,0.01,55,0.9961255192756653,0.003935826942324638,0.06273616933097396,0.16501136124134064
28,360,2,0.01,56,0.9996021389961243,0.0004041382926516235,0.020103191106180716,0.15201811492443085
28,360,2,0.01,57,0.9996546506881714,0.0003507941437419504,0.01872949929234496,0.08872000873088837
28,360,2,0.01,58,0.9996867775917053,0.00031819858122617006,0.017838121572244372,0.08806847035884857
28,360,2,0.01,59,0.9996199011802673,0.00038614284130744636,0.01965051758370365,0.09403762966394424
28,360,2,0.01,60,0.9994708895683289,0.0005374762695282698,0.02318353444857513,0.11998815834522247
28,360,2,0.01,61,0.9995047450065613,0.0005031120381318033,0.02243015911962738,0.10552527755498886
28,360,2,0.01,62,0.9996164441108704,0.0003896455455105752,0.01973944136774329,0.15467099845409393
28,360,2,0.01,63,0.9997036457061768,0.0003010583750437945,0.01735103383213215,0.07252088934183121
28,360,2,0.01,64,0.9994308948516846,0.000578090432099998,0.024043511226524258,0.10473430901765823
28,360,2,0.01,65,0.9989113211631775,0.0011059417156502604,0.03325570200206666,0.11719316989183426
28,360,2,0.01,66,0.9995210766792297,0.0004864903457928449,0.022056526149710088,0.06866837292909622
28,360,2,0.01,67,0.9995191693305969,0.0004884648369625211,0.022101240620438507,0.11239299178123474
28,360,2,0.01,68,0.9997180700302124,0.00028640907839871943,0.016923624859902783,0.06725969165563583
28,360,2,0.01,69,0.9997453093528748,0.0002587015042081475,0.01608420045287137,0.07269993424415588
28,360,2,0.01,70,0.9997571110725403,0.00024675793247297406,0.01570853056377248,0.06696031242609024
28,360,2,0.01,71,0.9996798038482666,0.0003252660681027919,0.01803513426905361,0.09893088787794113
28,360,2,0.01,72,0.9995669722557068,0.0004398547171149403,0.020972713632597482,0.10433794558048248
28,360,2,0.01,73,0.9997751116752625,0.00022845235071144998,0.01511464027727587,0.06662063300609589
28,360,2,0.01,74,0.9995272755622864,0.0004801964678335935,0.021913385585837563,0.08404025435447693
28,360,2,0.01,75,0.9991938471794128,0.0008189260843209922,0.02861688460194422,0.09234072268009186
28,360,2,0.01,76,0.9992766380310059,0.0007347885402850807,0.02710698323836647,0.12251390516757965
28,360,2,0.01,77,0.996784508228302,0.0032664253376424313,0.05715264943677092,0.22860796749591827
28,360,2,0.01,78,0.9995920062065125,0.00041445071110501885,0.020358062557744017,0.09811393916606903
28,360,2,0.01,79,0.9996647834777832,0.00034054811112582684,0.01845394567906351,0.06888967752456665
28,360,2,0.01,80,0.9997119903564453,0.0002925991138909012,0.017105528752157918,0.07658526301383972
28,360,2,0.01,81,0.9997805953025818,0.0002228969824500382,0.01492973484191994,0.0733262300491333
28,360,2,0.01,82,0.999756395816803,0.0002474801440257579,0.015731501645607705,0.055858366191387177
28,360,2,0.01,83,0.9996702671051025,0.0003349791804794222,0.018302436462925425,0.061815354973077774
28,360,2,0.01,84,0.9997822046279907,0.00022123579401522875,0.01487399724402384,0.09794075042009354
28,360,2,0.01,85,0.9998012781143188,0.00020184968889225274,0.014207381493162375,0.0480608269572258
28,360,2,0.01,86,0.9994992613792419,0.0005086814053356647,0.022553966510032438,0.062158506363630295
28,360,2,0.01,87,0.9996725916862488,0.0003325997677166015,0.018237317996805384,0.07638455182313919
28,360,2,0.01,88,0.9996217489242554,0.00038425278034992516,0.01960236670277151,0.07460742443799973
28,360,2,0.01,89,0.9987810254096985,0.0012382520362734795,0.03518880555337847,0.10026555508375168
28,360,2,0.01,90,0.999561607837677,0.0004453142755664885,0.021102470840318403,0.10302338004112244
28,360,2,0.01,91,0.9995864629745483,0.0004201038391329348,0.020496434790785806,0.09317938983440399
28,360,2,0.01,92,0.9996568560600281,0.0003485890629235655,0.018670539974075882,0.08040346205234528
28,360,2,0.01,93,0.9996645450592041,0.00034076295560225844,0.018459765859898072,0.0937991663813591
28,360,2,0.01,94,0.9993584156036377,0.0006517227739095688,0.025528861586635015,0.12757998704910278
28,360,2,0.01,95,0.9997073411941528,0.0002973157388623804,0.017242846019795584,0.0961667150259018
28,360,2,0.01,96,0.999755859375,0.00024801422841846943,0.015748467494282402,0.08153938502073288
28,360,2,0.01,97,0.9997981786727905,0.00020502520783338696,0.014318701331943025,0.07946296781301498
28,360,2,0.01,98,0.9996161460876465,0.00038995122304186225,0.019747182660872466,0.10499148815870285
28,360,2,0.01,99,0.9996551871299744,0.00035024445969611406,0.018714819253631974,0.1046246662735939
28,360,2,0.01,100,0.9992930293083191,0.0007181548862718046,0.026798412010262933,0.12499813735485077
29,360,2,0.01,1,0.9946896433830261,0.00539441779255867,0.07344670035174262,0.47458207607269287
29,360,2,0.01,2,0.9972067475318909,0.002837452106177807,0.05326773982606928,0.2534555494785309
29,360,2,0.01,3,0.9978356957435608,0.002198590664193034,0.04688913162123003,0.2544373571872711
29,360,2,0.01,4,0.9982767701148987,0.0017505243886262178,0.041839268500132955,0.18210700154304504
29,360,2,0.01,5,0.9988482594490051,0.0011699687456712127,0.034204805885594686,0.15917056798934937
29,360,2,0.01,6,0.9986734986305237,0.0013475163141265512,0.03670853189827334,0.1608647108078003
29,360,2,0.01,7,0.9987967610359192,0.0012222760124132037,0.03496106423456248,0.21234676241874695
29,360,2,0.01,8,0.9991002082824707,0.000914053525775671,0.030233318140350903,0.11533129215240479
29,360,2,0.01,9,0.9989030361175537,0.0011143606388941407,0.03338204066401784,0.15988990664482117
29,360,2,0.01,10,0.9989404082298279,0.0010763551108539104,0.03280785135990942,0.17862626910209656
29,360,2,0.01,11,0.9990929961204529,0.0009213697048835456,0.030354072294892256,0.1429286003112793
29,360,2,0.01,12,0.9993256330490112,0.0006850501522421837,0.026173462748405756,0.15296542644500732
29,360,2,0.01,13,0.999028742313385,0.0009866433683782816,0.03141087977720907,0.1667356938123703
29,360,2,0.01,14,0.9993752837181091,0.000634579046163708,0.02519085243027135,0.11096763610839844
29,360,2,0.01,15,0.9994764924049377,0.00053178402595222,0.02306044288282903,0.1284044235944748
29,360,2,0.01,16,0.9993520975112915,0.0006581473862752318,0.025654383373514004,0.15052510797977448
29,360,2,0.01,17,0.9989908933639526,0.0010250676423311234,0.03201667756546771,0.13263076543807983
29,360,2,0.01,18,0.9987208843231201,0.001299365540035069,0.036046713304198334,0.1646765023469925
29,360,2,0.01,19,0.9991861581802368,0.0008267330704256892,0.02875296628916205,0.11413544416427612
29,360,2,0.01,20,0.9995620846748352,0.0004448203544598073,0.02109076467224001,0.10099197179079056
29,360,2,0.01,21,0.9977562427520752,0.002279265085235238,0.047741649376987785,0.24591583013534546
29,360,2,0.01,22,0.9985722303390503,0.0014503650600090623,0.03808365870040669,0.1519605666399002
29,360,2,0.01,23,0.9990639686584473,0.0009508629445917904,0.030836065647092376,0.15704025328159332
29,360,2,0.01,24,0.9984434843063354,0.001581171527504921,0.03976394758452587,0.1284155249595642
29,360,2,0.01,25,0.9993773102760315,0.0006325510330498219,0.025150567251054634,0.14140649139881134
29,360,2,0.01,26,0.9996475577354431,0.0003580303746275604,0.0189216905858742,0.10227039456367493
29,360,2,0.01,27,0.998540461063385,0.0014826738042756915,0.03850550355826673,0.12995976209640503
29,360,2,0.01,28,0.9994589686393738,0.0005496173980645835,0.023443920279351393,0.13109369575977325
29,360,2,0.01,29,0.9995756149291992,0.00043107749661430717,0.020762405848415235,0.11375540494918823
29,360,2,0.01,30,0.9993085265159607,0.0007024318911135197,0.026503431685604786,0.21866488456726074
29,360,2,0.01,31,0.9985654950141907,0.0014572093496099114,0.03817341155319906,0.14397017657756805
29,360,2,0.01,32,0.9994184374809265,0.000590754090808332,0.024305433359813437,0.11531969159841537
29,360,2,0.01,33,0.9986060857772827,0.001415967126376927,0.037629338638579965,0.2668525278568268
29,360,2,0.01,34,0.9997071027755737,0.00029754845309071243,0.017249592838403823,0.07307339459657669
29,360,2,0.01,35,0.9997184872627258,0.0002859580854419619,0.01691029524999377,0.14441902935504913
29,360,2,0.01,36,0.9993258714675903,0.0006848110351711512,0.026168894420115482,0.11707089841365814
29,360,2,0.01,37,0.9994264245033264,0.0005826595588587224,0.024138342090100604,0.1336515098810196
29,360,2,0.01,38,0.9992022514343262,0.0008103494765236974,0.028466637956100424,0.13378578424453735
29,360,2,0.01,39,0.9996564984321594,0.0003489519003778696,0.018680254291038697,0.10604694485664368
29,360,2,0.01,40,0.9996320009231567,0.0003738118102774024,0.019334213464152154,0.11927185952663422
29,360,2,0.01,41,0.9996677041053772,0.0003375706437509507,0.01837309564964355,0.15719422698020935
29,360,2,0.01,42,0.9993533492088318,0.0006568935350514948,0.02562993435519285,0.12088023126125336
29,360,2,0.01,43,0.9995899200439453,0.0004165688587818295,0.020410018588473394,0.1022772490978241
29,360,2,0.01,44,0.9995896816253662,0.00041684458847157657,0.020416772234405137,0.09413552284240723
29,360,2,0.01,45,0.9996733069419861,0.00033186248037964106,0.018217093082587052,0.16821008920669556
29,360,2,0.01,46,0.9995365142822266,0.0004708461055997759,0.02169898858471924,0.12450296431779861
29,360,2,0.01,47,0.9991432428359985,0.0008703002240508795,0.029500851242818052,0.15233099460601807
29,360,2,0.01,48,0.9971041679382324,0.002941699931398034,0.05423744031015876,0.3166326880455017
29,360,2,0.01,49,0.9992318749427795,0.0007802591426298022,0.027933119099552813,0.11763103306293488
29,360,2,0.01,50,0.9996610283851624,0.00034430957748554647,0.018555580763898134,0.07852675765752792
29,360,2,0.01,51,0.9991036057472229,0.0009105872013606131,0.030175937456201972,0.12833379209041595
29,360,2,0.01,52,0.9994962811470032,0.0005117030232213438,0.0226208537244142,0.1509053260087967
29,360,2,0.01,53,0.999671220779419,0.0003340068506076932,0.01827585430582366,0.09460523724555969
29,360,2,0.01,54,0.9995136857032776,0.000494040665216744,0.022227025559366776,0.09788880497217178
29,360,2,0.01,55,0.9996199607849121,0.0003860638535115868,0.01964850766627295,0.13134999573230743
29,360,2,0.01,56,0.9994173645973206,0.0005918690585531294,0.02432835914222596,0.15618540346622467
29,360,2,0.01,57,0.9994635581970215,0.0005449602613225579,0.02334438393538279,0.10984928160905838
29,360,2,0.01,58,0.999439001083374,0.0005698767490684986,0.023872091426360167,0.11238481849431992
29,360,2,0.01,59,0.9996634721755981,0.000341866776579991,0.018489639709307237,0.08813128620386124
29,360,2,0.01,60,0.9991199970245361,0.000893944117706269,0.02989889826910465,0.10674990713596344
29,360,2,0.01,61,0.9992358684539795,0.0007762543973512948,0.02786134234654344,0.097772017121315
29,360,2,0.01,62,0.9993682503700256,0.0006417722906917334,0.025333225035350973,0.10102760046720505
29,360,2,0.01,63,0.9992249011993408,0.0007873790455050766,0.028060275221477724,0.13852547109127045
29,360,2,0.01,64,0.999633252620697,0.00037254177732393146,0.019301341334838143,0.08636517822742462
29,360,2,0.01,65,0.999736487865448,0.0002677110896911472,0.016361879161366128,0.08152154833078384
29,360,2,0.01,66,0.9996636509895325,0.00034166520345024765,0.018484187930505568,0.09233267605304718
29,360,2,0.01,67,0.9987608790397644,0.0012587554519996047,0.035478943783596555,0.1591484546661377
29,360,2,0.01,68,0.9995653033256531,0.00044157938100397587,0.021013790257922913,0.10511312633752823
29,360,2,0.01,69,0.9994076490402222,0.0006017202977091074,0.024529987723378652,0.08190473914146423
29,360,2,0.01,70,0.9994698762893677,0.0005384872201830149,0.023205327409519885,0.09432084113359451
29,360,2,0.01,71,0.999461829662323,0.0005467042792588472,0.023381708219436134,0.11663296073675156
29,360,2,0.01,72,0.9996077418327332,0.0003984538489021361,0.01996130879732429,0.09097672253847122
29,360,2,0.01,73,0.9993828535079956,0.0006268894649110734,0.025037760780690303,0.09856142103672028
29,360,2,0.01,74,0.9996951222419739,0.0003097009612247348,0.01759832268214033,0.1154119223356247
29,360,2,0.01,75,0.9992436170578003,0.0007683708681724966,0.027719503389716356,0.12471697479486465
29,360,2,0.01,76,0.9996739625930786,0.00033118200371973217,0.018198406625848654,0.05694998428225517
29,360,2,0.01,77,0.9996709823608398,0.0003342358395457268,0.018282118026796752,0.0789211243391037
29,360,2,0.01,78,0.999428391456604,0.0005806755507364869,0.02409721043474715,0.16546207666397095
29,360,2,0.01,79,0.9992660880088806,0.0007455387385562062,0.027304555271166864,0.11739283055067062
29,360,2,0.01,80,0.9996303915977478,0.0003754568751901388,0.01937670960690021,0.08617021143436432
29,360,2,0.01,81,0.9997001886367798,0.00030454297666437924,0.017451159751270953,0.08308324217796326
29,360,2,0.01,82,0.9994971752166748,0.0005108141340315342,0.02260119762383255,0.10250164568424225
29,360,2,0.01,83,0.999155580997467,0.0008578147972002625,0.029288475501470925,0.11163432896137238
29,360,2,0.01,84,0.9991249442100525,0.0008888966403901577,0.029814369696342026,0.10975705087184906
29,360,2,0.01,85,0.9995108842849731,0.00049686519196257,0.02229047312110198,0.11764396727085114
29,360,2,0.01,86,0.9994038343429565,0.0006055753910914063,0.024608441460023556,0.1587619185447693
29,360,2,0.01,87,0.9994542002677917,0.0005544372252188623,0.02354649071982622,0.12377878278493881
29,360,2,0.01,88,0.9996086359024048,0.00039758076309226453,0.019939427351161932,0.1193700060248375
29,360,2,0.01,89,0.9996259212493896,0.00038001107168383896,0.019493872670247925,0.0867118090391159
29,360,2,0.01,90,0.9996323585510254,0.00037346489261835814,0.019325239781652338,0.10389244556427002
29,360,2,0.01,91,0.9998332858085632,0.00016932468861341476,0.013012482031242724,0.0667644664645195
29,360,2,0.01,92,0.999671220779419,0.0003340098774060607,0.018275937114305814,0.07122083008289337
29,360,2,0.01,93,0.9997658729553223,0.0002378096542088315,0.015421078244040898,0.10111510008573532
29,360,2,0.01,94,0.9996132850646973,0.0003928333171643317,0.019820023137330885,0.12015900015830994
29,360,2,0.01,95,0.999674379825592,0.00033075734972953796,0.01818673554350912,0.07466532289981842
29,360,2,0.01,96,0.9996262192726135,0.0003797273675445467,0.019486594559967287,0.06688294559717178
29,360,2,0.01,97,0.9996370673179626,0.0003686800191644579,0.019201042137458525,0.09516775608062744
29,360,2,0.01,98,0.9997127652168274,0.0002918067330028862,0.017082351506829678,0.07242657989263535
29,360,2,0.01,99,0.9986675977706909,0.0013535264879465103,0.036790304265478836,0.21875813603401184
29,360,2,0.01,100,0.9995543360710144,0.00045270033297128975,0.021276755696564495,0.12457714229822159
