seed,max_neurons,layers,lr,unlock_layers,epoch,Jou_score,Jou_mse,Jou_rmse,Jou_mape
1,380,1,0.01,3,1,0.8948082327842712,0.12115389108657837,0.34807167521442817,0.403573602437973
1,380,1,0.01,3,2,0.9053889513015747,0.1089676171541214,0.330102434335346,0.3186808228492737
1,380,1,0.01,3,3,0.9105916619300842,0.10297540575265884,0.3208978120097718,0.2322896271944046
1,380,1,0.01,3,4,0.9130555987358093,0.1001376211643219,0.316445289369777,0.22163723409175873
1,380,1,0.01,3,5,0.9150331616401672,0.0978599414229393,0.3128257365098647,0.18510892987251282
1,380,1,0.01,3,6,0.9175037145614624,0.0950145497918129,0.3082443021238396,0.18914762139320374
1,380,1,0.01,3,7,0.9188915491104126,0.09341610968112946,0.3056404909057853,0.15429575741291046
1,380,1,0.01,3,8,0.9198910593986511,0.09226491302251816,0.30375140003384044,0.18445570766925812
1,380,1,0.01,3,9,0.921406626701355,0.09051936119794846,0.30086435680875934,0.17181198298931122
1,380,1,0.01,3,10,0.9208588600158691,0.09115027636289597,0.3019110404786416,0.18499453365802765
1,380,1,0.01,3,11,0.924369752407074,0.0871066078543663,0.2951382859853433,0.21585670113563538
1,380,1,0.01,3,12,0.9229274988174438,0.08876768499612808,0.2979390625549595,0.16678039729595184
1,380,1,0.01,3,13,0.9247844219207764,0.08662904798984528,0.29432812979707745,0.1643654853105545
1,380,1,0.01,3,14,0.924300491809845,0.08718636631965637,0.2952733755685676,0.17054034769535065
1,380,1,0.01,3,15,0.9280800819396973,0.08283329755067825,0.28780774407697624,0.13844168186187744
1,380,1,0.01,3,16,0.928303599357605,0.08257585018873215,0.2873601402225649,0.1518426239490509
1,380,1,0.01,3,17,0.9273199439048767,0.0837087631225586,0.28932466732471773,0.15447942912578583
1,380,1,0.01,3,18,0.9285071492195129,0.08234137296676636,0.2869518652435742,0.14852575957775116
1,380,1,0.01,3,19,0.9296011328697205,0.08108136802911758,0.28474790258949684,0.14713820815086365
1,380,1,0.01,3,20,0.9292060136795044,0.08153650164604187,0.2855459711605854,0.12962749600410461
1,380,1,0.01,3,21,0.9295642375946045,0.08112387359142303,0.28482252999266583,0.11769622564315796
1,380,1,0.01,3,22,0.9274093508720398,0.08360575884580612,0.2891466044168704,0.13167086243629456
1,380,1,0.01,3,23,0.9273374676704407,0.08368854224681854,0.2892897202577695,0.13176172971725464
1,380,1,0.01,3,24,0.9271635413169861,0.08388885855674744,0.28963573425381656,0.16844527423381805
1,380,1,0.01,3,25,0.9282627701759338,0.08262282609939575,0.28744186559963,0.16657279431819916
1,380,1,0.01,3,26,0.9305040836334229,0.08004140108823776,0.28291589048379334,0.13384273648262024
1,380,1,0.01,3,27,0.9298207759857178,0.08082845062017441,0.28430344813275554,0.15929079055786133
1,380,1,0.01,3,28,0.9268687963485718,0.08422832190990448,0.2902211603413929,0.12908704578876495
1,380,1,0.01,3,29,0.9318208694458008,0.07852485030889511,0.2802228582912092,0.14133942127227783
1,380,1,0.01,3,30,0.9297114610671997,0.08095429837703705,0.28452468851935686,0.1420794427394867
1,380,1,0.01,3,31,0.9312441349029541,0.07918909192085266,0.2814055648363277,0.12871088087558746
1,380,1,0.01,3,32,0.9312395453453064,0.07919434458017349,0.28141489758037597,0.14842376112937927
1,380,1,0.01,3,33,0.9287744164466858,0.08203355222940445,0.28641500000768894,0.12226485460996628
1,380,1,0.01,3,34,0.9327463507652283,0.0774589329957962,0.2783144498508768,0.12004963308572769
1,380,1,0.01,3,35,0.9314398169517517,0.07896371930837631,0.2810048385853459,0.1268378496170044
1,380,1,0.01,3,36,0.9312559962272644,0.0791754499077797,0.2813813247317236,0.10830678045749664
1,380,1,0.01,3,37,0.9292349219322205,0.08150319755077362,0.2854876486833951,0.1600741595029831
1,380,1,0.01,3,38,0.9330230355262756,0.07714023441076279,0.2777413084342385,0.10037688910961151
1,380,1,0.01,3,39,0.9331948161125183,0.07694242894649506,0.2773849832750415,0.13441123068332672
1,380,1,0.01,3,40,0.9327995777130127,0.07739763706922531,0.2782043081428203,0.10379913449287415
1,380,1,0.01,3,41,0.933563768863678,0.0765174850821495,0.27661794063680956,0.11243321746587753
1,380,1,0.01,3,42,0.9337289333343506,0.07632725685834885,0.27627388015943316,0.11041776835918427
1,380,1,0.01,3,43,0.9258519411087036,0.08539953082799911,0.2922319811861787,0.1254299432039261
1,380,1,0.01,3,44,0.9329661130905151,0.07720576971769333,0.27785926242918974,0.11391729861497879
1,380,1,0.01,3,45,0.9301185011863708,0.080485500395298,0.28369966583571793,0.11443403363227844
1,380,1,0.01,3,46,0.9308590888977051,0.07963256537914276,0.2821924261548186,0.12306997179985046
1,380,1,0.01,3,47,0.9317266941070557,0.07863333076238632,0.28041635252314784,0.12612245976924896
1,380,1,0.01,3,48,0.9320854544639587,0.07822012156248093,0.27967860404843436,0.11755704879760742
1,380,1,0.01,3,49,0.9328153133392334,0.0773795023560524,0.27817171379572797,0.08159121870994568
1,380,1,0.01,3,50,0.9319167137145996,0.07841441035270691,0.28002573159034316,0.11274871230125427
1,380,1,0.01,3,51,0.9314427375793457,0.07896032929420471,0.2809988065707837,0.10127125680446625
1,380,1,0.01,3,52,0.9316111207008362,0.07876641303300858,0.2806535462683637,0.1119263768196106
1,380,1,0.01,3,53,0.9309684634208679,0.07950659096240997,0.28196913122256834,0.12954434752464294
1,380,1,0.01,3,54,0.9329257607460022,0.07725229859352112,0.2779429772336785,0.10048418492078781
1,380,1,0.01,3,55,0.9283307790756226,0.08254452049732208,0.2873056221122763,0.10963144898414612
1,380,1,0.01,3,56,0.9316863417625427,0.07867977023124695,0.2804991447959279,0.10494896024465561
1,380,1,0.01,3,57,0.930608332157135,0.07992135733366013,0.2827036563853749,0.11495763808488846
1,380,1,0.01,3,58,0.9320712089538574,0.07823648303747177,0.27970785301358947,0.09610939770936966
1,380,1,0.01,3,59,0.93007892370224,0.08053112030029297,0.2837800562060219,0.11239437758922577
1,380,1,0.01,3,60,0.9291779398918152,0.08156883716583252,0.28560258606292854,0.0972651019692421
1,380,1,0.01,3,61,0.9305977821350098,0.07993350923061371,0.28272514785673686,0.08169455081224442
1,380,1,0.01,3,62,0.9320926666259766,0.07821182161569595,0.2796637652891342,0.10992301255464554
1,380,1,0.01,3,63,0.9308695197105408,0.07962052524089813,0.28217109214251224,0.10972918570041656
1,380,1,0.01,3,64,0.9307836294174194,0.07971944659948349,0.2823463238639446,0.11768124252557755
1,380,1,0.01,3,65,0.9274552464485168,0.08355293422937393,0.2890552442516377,0.12348276376724243
1,380,1,0.01,3,66,0.9314209222793579,0.07898545265197754,0.2810435066888711,0.10743794590234756
1,380,1,0.01,3,67,0.9321662783622742,0.07812698930501938,0.2795120557418219,0.1123887300491333
1,380,1,0.01,3,68,0.9298830032348633,0.08075673878192902,0.28417730166557814,0.11274269968271255
1,380,1,0.01,3,69,0.9289789199829102,0.08179803192615509,0.28600355229639207,0.11703123897314072
1,380,1,0.01,3,70,0.9292594790458679,0.0814749002456665,0.2854380847848908,0.09619663655757904
1,380,1,0.01,3,71,0.9289895296096802,0.08178579062223434,0.2859821508804952,0.12770086526870728
1,380,1,0.01,3,72,0.928973376750946,0.08180440962314606,0.28601470176049704,0.0872076228260994
1,380,1,0.01,3,73,0.9276365041732788,0.08334410935640335,0.2886937986109216,0.11553976684808731
1,380,1,0.01,3,74,0.9289321303367615,0.08185194432735443,0.2860977880504399,0.08803330361843109
1,380,1,0.01,3,75,0.9289541244506836,0.08182661235332489,0.2860535130938351,0.09984344244003296
1,380,1,0.01,3,76,0.930397093296051,0.08016467839479446,0.2831336758402194,0.0963134765625
1,380,1,0.01,3,77,0.9295005798339844,0.08119717240333557,0.28495117547280896,0.13201652467250824
1,380,1,0.01,3,78,0.9311366081237793,0.07931291311979294,0.2816254837897184,0.10945168882608414
1,380,1,0.01,3,79,0.9297086596488953,0.0809575691819191,0.284530436301495,0.08324815332889557
1,380,1,0.01,3,80,0.927988588809967,0.08293861895799637,0.2879906577616648,0.09848914295434952
1,380,1,0.01,3,81,0.9327492713928223,0.0774555653333664,0.2783083996816596,0.12070123851299286
1,380,1,0.01,3,82,0.9288185238838196,0.08198277652263641,0.28632634619021075,0.10257180035114288
1,380,1,0.01,3,83,0.9292873740196228,0.08144279569387436,0.2853818419133817,0.08681724965572357
1,380,1,0.01,3,84,0.9293429255485535,0.08137877285480499,0.28526964937547244,0.19110777974128723
1,380,1,0.01,3,85,0.9281270503997803,0.0827791690826416,0.28771369290084475,0.1093560978770256
1,380,1,0.01,3,86,0.9321672320365906,0.07812589406967163,0.27951009654334785,0.11239787936210632
1,380,1,0.01,3,87,0.9286495447158813,0.08217740058898926,0.2866660087784899,0.11372309178113937
1,380,1,0.01,3,88,0.9308173656463623,0.07968062162399292,0.28227756131863,0.08992964774370193
1,380,1,0.01,3,89,0.9311425685882568,0.07930603623390198,0.2816132742501709,0.11269775778055191
1,380,1,0.01,3,90,0.9309409856796265,0.0795382708311081,0.28202530175696666,0.09097982943058014
1,380,1,0.01,3,91,0.9314782619476318,0.07891946285963058,0.2809260807750512,0.11770102381706238
1,380,1,0.01,3,92,0.9290047287940979,0.08176829665899277,0.2859515634840851,0.11146525293588638
1,380,1,0.01,3,93,0.9274126291275024,0.08360198140144348,0.28914007228581007,0.13062427937984467
1,380,1,0.01,3,94,0.9297423958778381,0.08091870695352554,0.28446213623877176,0.09291922301054001
1,380,1,0.01,3,95,0.9306035041809082,0.07992688566446304,0.2827134338238334,0.10760173201560974
1,380,1,0.01,3,96,0.9270920157432556,0.08397125452756882,0.28977794002920376,0.09934166818857193
1,380,1,0.01,3,97,0.9302809238433838,0.08029845356941223,0.2833698176754402,0.10536293685436249
1,380,1,0.01,3,98,0.9282101392745972,0.08268347382545471,0.28754734188556624,0.08270540088415146
1,380,1,0.01,3,99,0.9285407066345215,0.0823027715086937,0.28688459615095,0.10456669330596924
1,380,1,0.01,3,100,0.9264577031135559,0.08470182865858078,0.2910357858727699,0.10014089941978455
2,380,1,0.01,3,1,0.9127945303916931,0.10043829679489136,0.31692001639986606,0.46274012327194214
2,380,1,0.01,3,2,0.9173945188522339,0.09514031559228897,0.3084482381085828,0.3024551570415497
2,380,1,0.01,3,3,0.9183428287506104,0.09404804557561874,0.30667253801998434,0.2381954938173294
2,380,1,0.01,3,4,0.9192976355552673,0.09294838458299637,0.30487437508422444,0.2189020961523056
2,380,1,0.01,3,5,0.9195050001144409,0.09270952641963959,0.30448239098450275,0.268218457698822
2,380,1,0.01,3,6,0.920005202293396,0.09213342517614365,0.3035348829642874,0.14048020541667938
2,380,1,0.01,3,7,0.9205296635627747,0.09152942150831223,0.30253829758943285,0.1589631289243698
2,380,1,0.01,3,8,0.9227892160415649,0.08892694860696793,0.29820621825670895,0.13123349845409393
2,380,1,0.01,3,9,0.9226507544517517,0.08908645063638687,0.2984735342310719,0.16708719730377197
2,380,1,0.01,3,10,0.9232617616653442,0.08838273584842682,0.2972923407160481,0.12851613759994507
2,380,1,0.01,3,11,0.9248319864273071,0.08657423406839371,0.2942349980345535,0.20520786941051483
2,380,1,0.01,3,12,0.9263010025024414,0.08488229662179947,0.29134566518450117,0.123958520591259
2,380,1,0.01,3,13,0.9255937337875366,0.08569690585136414,0.29274033861318827,0.13289083540439606
2,380,1,0.01,3,14,0.9261302947998047,0.08507893234491348,0.29168293118541144,0.17603890597820282
2,380,1,0.01,3,15,0.9269099831581116,0.08418088406324387,0.29013942176692203,0.14809150993824005
2,380,1,0.01,3,16,0.9283654689788818,0.08250456303358078,0.28723607543896845,0.13650037348270416
2,380,1,0.01,3,17,0.9286230802536011,0.08220788836479187,0.2867191803224749,0.12235810607671738
2,380,1,0.01,3,18,0.9269025325775146,0.08418946713209152,0.29015421267334984,0.13168488442897797
2,380,1,0.01,3,19,0.9284191727638245,0.0824427381157875,0.28712843487851825,0.16364124417304993
2,380,1,0.01,3,20,0.9287156462669373,0.08210127055644989,0.28653319276560246,0.14217956364154816
2,380,1,0.01,3,21,0.9284326434135437,0.08242718130350113,0.2871013432631431,0.1443461924791336
2,380,1,0.01,3,22,0.9242213368415833,0.08727755397558212,0.29542774747065,0.14223341643810272
2,380,1,0.01,3,23,0.9243772029876709,0.08709800988435745,0.29512371962341055,0.12464191019535065
2,380,1,0.01,3,24,0.9267417788505554,0.08437464386224747,0.2904731379357607,0.11362352967262268
2,380,1,0.01,3,25,0.9259081482887268,0.08533474802970886,0.29212111876704305,0.13785159587860107
2,380,1,0.01,3,26,0.925671398639679,0.08560746163129807,0.2925875281540518,0.1629849374294281
2,380,1,0.01,3,27,0.923428475856781,0.0881907045841217,0.29696919803932814,0.11690505594015121
2,380,1,0.01,3,28,0.9225744009017944,0.08917436748743057,0.29862077537812165,0.13144809007644653
2,380,1,0.01,3,29,0.9177106022834778,0.0947762280702591,0.30785748012718334,0.1590421497821808
2,380,1,0.01,3,30,0.9249716401100159,0.08641339093446732,0.29396154669355534,0.11650844663381577
2,380,1,0.01,3,31,0.9241334199905396,0.08737877011299133,0.295599002219208,0.11807240545749664
2,380,1,0.01,3,32,0.9265365600585938,0.08461101353168488,0.29087972347979996,0.12541773915290833
2,380,1,0.01,3,33,0.9269356727600098,0.08415132761001587,0.29008848238083473,0.16402502357959747
2,380,1,0.01,3,34,0.9279257655143738,0.08301098644733429,0.28811627244453636,0.09769576042890549
2,380,1,0.01,3,35,0.9268439412117004,0.08425699174404144,0.29027054921924383,0.12493676692247391
2,380,1,0.01,3,36,0.9268300533294678,0.08427294343709946,0.2902980252035819,0.10975359380245209
2,380,1,0.01,3,37,0.926272451877594,0.08491519838571548,0.29140212488194983,0.1229366809129715
2,380,1,0.01,3,38,0.9268164038658142,0.08428869396448135,0.2903251521389102,0.13998784124851227
2,380,1,0.01,3,39,0.927216649055481,0.08382771164178848,0.28953015670528776,0.11248783022165298
2,380,1,0.01,3,40,0.9298955202102661,0.08074230700731277,0.2841519083295285,0.15744756162166595
2,380,1,0.01,3,41,0.927355170249939,0.08366819471120834,0.2892545500268031,0.1280953735113144
2,380,1,0.01,3,42,0.9265573620796204,0.08458705991506577,0.2908385461300922,0.12673532962799072
2,380,1,0.01,3,43,0.9261412024497986,0.08506634086370468,0.29166134619401435,0.11918628215789795
2,380,1,0.01,3,44,0.9267882704734802,0.08432107418775558,0.29038091223039364,0.10529295355081558
2,380,1,0.01,3,45,0.927004873752594,0.08407159894704819,0.2899510285324889,0.09847626090049744
2,380,1,0.01,3,46,0.9244577288627625,0.08700527995824814,0.2949665743067308,0.1611834317445755
2,380,1,0.01,3,47,0.9266914129257202,0.08443261682987213,0.2905729113834807,0.1270490139722824
2,380,1,0.01,3,48,0.9273442625999451,0.08368071168661118,0.2892761858269899,0.10550469160079956
2,380,1,0.01,3,49,0.9265101552009583,0.08464138954877853,0.29093193284474383,0.13533911108970642
2,380,1,0.01,3,50,0.9272058606147766,0.08384013921022415,0.2895516175230664,0.13910138607025146
2,380,1,0.01,3,51,0.9300517439842224,0.08056239783763885,0.283835159621987,0.12951882183551788
2,380,1,0.01,3,52,0.9310875535011292,0.0793694481253624,0.2817258385831204,0.11066814512014389
2,380,1,0.01,3,53,0.9329084753990173,0.0772722139954567,0.277978801341859,0.11015556007623672
2,380,1,0.01,3,54,0.9345674514770508,0.07536149770021439,0.2745204868497329,0.10277773439884186
2,380,1,0.01,3,55,0.932755708694458,0.07744813710451126,0.2782950540424879,0.10381164401769638
2,380,1,0.01,3,56,0.9311869740486145,0.07925494015216827,0.2815225393324099,0.11410405486822128
2,380,1,0.01,3,57,0.9305850267410278,0.07994823157787323,0.2827511831591041,0.10790372639894485
2,380,1,0.01,3,58,0.9342745542526245,0.07569881528615952,0.2751341768776818,0.09633902460336685
2,380,1,0.01,3,59,0.9328222870826721,0.07737147063016891,0.27815727678809504,0.10692954063415527
2,380,1,0.01,3,60,0.9303787350654602,0.08018583059310913,0.283171027107487,0.1306835263967514
2,380,1,0.01,3,61,0.9349989295005798,0.07486452162265778,0.27361381840590177,0.21548758447170258
2,380,1,0.01,3,62,0.9351681470870972,0.07466966658830643,0.27325750966497964,0.10669584572315216
2,380,1,0.01,3,63,0.9362080693244934,0.07347189635038376,0.2710569983423851,0.11311788856983185
2,380,1,0.01,3,64,0.9359415769577026,0.07377883791923523,0.2716226020036536,0.12083389610052109
2,380,1,0.01,3,65,0.935052216053009,0.07480313628911972,0.2735016202678144,0.1098710373044014
2,380,1,0.01,3,66,0.9338517785072327,0.07618574053049088,0.276017645324517,0.10435928404331207
2,380,1,0.01,3,67,0.9374310374259949,0.07206334173679352,0.2684461617099293,0.12883701920509338
2,380,1,0.01,3,68,0.9340780377388,0.07592514902353287,0.2755451850850108,0.15028813481330872
2,380,1,0.01,3,69,0.9336580038070679,0.07640889286994934,0.27642158539077466,0.10294868052005768
2,380,1,0.01,3,70,0.9345703721046448,0.07535810023546219,0.2745142987814336,0.11044717580080032
2,380,1,0.01,3,71,0.9358924627304077,0.07383541017770767,0.2717267196609632,0.12965866923332214
2,380,1,0.01,3,72,0.9347326159477234,0.07517127692699432,0.27417380787922524,0.12127901613712311
2,380,1,0.01,3,73,0.9333457946777344,0.07676848769187927,0.27707126825399864,0.09848545491695404
2,380,1,0.01,3,74,0.9373277425765991,0.07218236476182938,0.26866775906652696,0.0925147533416748
2,380,1,0.01,3,75,0.9354530572891235,0.07434152066707611,0.2726564150484564,0.10860215127468109
2,380,1,0.01,3,76,0.9378649592399597,0.07156357914209366,0.26751369898024596,0.11542002111673355
2,380,1,0.01,3,77,0.9328699707984924,0.07731656730175018,0.2780585681142557,0.10856647044420242
2,380,1,0.01,3,78,0.9360594153404236,0.07364313304424286,0.27137268293666345,0.11807141453027725
2,380,1,0.01,3,79,0.9335728883743286,0.07650697976350784,0.2765989511251043,0.14029105007648468
2,380,1,0.01,3,80,0.9330357313156128,0.07712563872337341,0.2777150315041903,0.11028577387332916
2,380,1,0.01,3,81,0.9358158111572266,0.07392372936010361,0.2718891858094095,0.10930174589157104
2,380,1,0.01,3,82,0.9338779449462891,0.0761556327342987,0.2759631003128837,0.10279723256826401
2,380,1,0.01,3,83,0.9348697662353516,0.07501326501369476,0.27388549617256985,0.12471601366996765
2,380,1,0.01,3,84,0.9327150583267212,0.07749498635530472,0.27837921322416426,0.12506040930747986
2,380,1,0.01,3,85,0.9323469996452332,0.0779188722372055,0.2791395210951067,0.11813236027956009
2,380,1,0.01,3,86,0.9330583810806274,0.07709950953722,0.2776679843576137,0.1031167060136795
2,380,1,0.01,3,87,0.9355635046958923,0.07421426475048065,0.27242295195243854,0.09596112370491028
2,380,1,0.01,3,88,0.9319116473197937,0.07842030376195908,0.28003625437067803,0.12187676876783371
2,380,1,0.01,3,89,0.9364102482795715,0.0732390508055687,0.27062714351219225,0.10532975196838379
2,380,1,0.01,3,90,0.935206413269043,0.07462554425001144,0.27317676374467037,0.11580555886030197
2,380,1,0.01,3,91,0.9358494877815247,0.07388491183519363,0.27181779160899977,0.09689424932003021
2,380,1,0.01,3,92,0.9344818592071533,0.0754600539803505,0.2746999344381984,0.11919296532869339
2,380,1,0.01,3,93,0.9368582963943481,0.07272304594516754,0.2696721082076668,0.116068996489048
2,380,1,0.01,3,94,0.9365879893302917,0.07303433865308762,0.27024866077945253,0.12329211831092834
2,380,1,0.01,3,95,0.9351928234100342,0.07464119046926498,0.2732053997805772,0.1271834671497345
2,380,1,0.01,3,96,0.9369477033615112,0.07262002676725388,0.2694810322958814,0.09953144937753677
2,380,1,0.01,3,97,0.9358096122741699,0.07393082976341248,0.2719022430275493,0.12620538473129272
2,380,1,0.01,3,98,0.9359077215194702,0.07381781190633774,0.2716943354329231,0.10352218896150589
2,380,1,0.01,3,99,0.9358199834823608,0.0739189088344574,0.2718803207929132,0.09143131971359253
2,380,1,0.01,3,100,0.9378658533096313,0.07156260311603546,0.2675118747196757,0.09870507568120956
3,380,1,0.01,3,1,0.9168213605880737,0.09580038487911224,0.3095163725542031,0.52940833568573
3,380,1,0.01,3,2,0.9195581674575806,0.09264829009771347,0.3043818163059572,0.29663875699043274
3,380,1,0.01,3,3,0.9220139980316162,0.08981981128454208,0.29969953500888535,0.2696895897388458
3,380,1,0.01,3,4,0.9207854866981506,0.09123477339744568,0.30205094503650487,0.23047956824302673
3,380,1,0.01,3,5,0.9236909747123718,0.08788839727640152,0.2964597734540076,0.21447741985321045
3,380,1,0.01,3,6,0.9272420406341553,0.08379850536584854,0.2894797149470901,0.19118817150592804
3,380,1,0.01,3,7,0.9269289374351501,0.08415911346673965,0.29010190186680895,0.16685214638710022
3,380,1,0.01,3,8,0.9288116693496704,0.08199067413806915,0.2863401371412488,0.14779140055179596
3,380,1,0.01,3,9,0.9300310015678406,0.08058629930019379,0.28387726097768695,0.14860601723194122
3,380,1,0.01,3,10,0.9298255443572998,0.08082293719053268,0.2842937515854555,0.11889975517988205
3,380,1,0.01,3,11,0.9306779503822327,0.07984116673469543,0.28256179277229865,0.14790305495262146
3,380,1,0.01,3,12,0.9310960173606873,0.07935968786478043,0.2817085157832124,0.1300068497657776
3,380,1,0.01,3,13,0.9314714074134827,0.07892732322216034,0.28094007051711284,0.12228287011384964
3,380,1,0.01,3,14,0.9325506091117859,0.07768433541059494,0.2787190976782806,0.1509162038564682
3,380,1,0.01,3,15,0.9332026243209839,0.0769333764910698,0.2773686653013815,0.12738870084285736
3,380,1,0.01,3,16,0.9329279661178589,0.07724974304437637,0.2779383799412675,0.12942056357860565
3,380,1,0.01,3,17,0.9337068796157837,0.07635264843702316,0.2763198299742948,0.13529542088508606
3,380,1,0.01,3,18,0.9324142336845398,0.07784143835306168,0.2790007855778576,0.12366481870412827
3,380,1,0.01,3,19,0.9321291446685791,0.07816977798938751,0.2795885870156139,0.127441868185997
3,380,1,0.01,3,20,0.9321516156196594,0.07814390957355499,0.2795423216143756,0.1531122773885727
3,380,1,0.01,3,21,0.9341461658477783,0.07584670931100845,0.27540281282334145,0.13889606297016144
3,380,1,0.01,3,22,0.9347081184387207,0.0751994401216507,0.2742251631810084,0.11443120241165161
3,380,1,0.01,3,23,0.9351655840873718,0.07467257231473923,0.27326282644139366,0.11800958216190338
3,380,1,0.01,3,24,0.9328239560127258,0.0773695632815361,0.2781538482234896,0.15778592228889465
3,380,1,0.01,3,25,0.933414101600647,0.07668980956077576,0.2769292500996884,0.1378570944070816
3,380,1,0.01,3,26,0.9322946071624756,0.07797924429178238,0.27924763972464006,0.10854119062423706
3,380,1,0.01,3,27,0.9362081289291382,0.07347181439399719,0.2710568471630945,0.13729077577590942
3,380,1,0.01,3,28,0.9360212683677673,0.07368708401918411,0.2714536498542322,0.12849417328834534
3,380,1,0.01,3,29,0.9357766509056091,0.0739688128232956,0.27197208096290987,0.10920199006795883
3,380,1,0.01,3,30,0.9361712336540222,0.07351432740688324,0.2711352566651619,0.13597151637077332
3,380,1,0.01,3,31,0.93401038646698,0.07600309699773788,0.2756865919803462,0.11477404087781906
3,380,1,0.01,3,32,0.9321853518486023,0.07810506969690323,0.2794728425033517,0.1365666687488556
3,380,1,0.01,3,33,0.9341192841529846,0.07587768137454987,0.2754590375619393,0.09363657236099243
3,380,1,0.01,3,34,0.9356400370597839,0.07412615418434143,0.2722611874365155,0.09780130535364151
3,380,1,0.01,3,35,0.9343554377555847,0.07560563832521439,0.27496479470145696,0.13151152431964874
3,380,1,0.01,3,36,0.930927038192749,0.07955430448055267,0.28205372623057595,0.16035902500152588
3,380,1,0.01,3,37,0.9314703941345215,0.07892845571041107,0.28094208604338916,0.11147431284189224
3,380,1,0.01,3,38,0.9315617084503174,0.07882331311702728,0.28075489865187975,0.1252695620059967
3,380,1,0.01,3,39,0.9323968887329102,0.07786139100790024,0.2790365406320474,0.11172602325677872
3,380,1,0.01,3,40,0.9328973889350891,0.07728497684001923,0.2780017569009578,0.09684143960475922
3,380,1,0.01,3,41,0.9343138933181763,0.07565347105264664,0.27505176067905224,0.1224665567278862
3,380,1,0.01,3,42,0.9303759336471558,0.08018902689218521,0.28317667081203074,0.13062278926372528
3,380,1,0.01,3,43,0.9327922463417053,0.07740604132413864,0.27821941219860746,0.10260956734418869
3,380,1,0.01,3,44,0.9296144247055054,0.08106611669063568,0.2847211209071706,0.11128582805395126
3,380,1,0.01,3,45,0.9311599731445312,0.07928599417209625,0.2815776876318439,0.14330092072486877
3,380,1,0.01,3,46,0.930819571018219,0.07967808842658997,0.28227307421465114,0.11893416941165924
3,380,1,0.01,3,47,0.9266995787620544,0.08442322909832001,0.2905567571031863,0.17610867321491241
3,380,1,0.01,3,48,0.9318861365318298,0.07844963669776917,0.28008862293525805,0.2148427963256836
3,380,1,0.01,3,49,0.9317206144332886,0.07864028960466385,0.2804287603022626,0.10294972360134125
3,380,1,0.01,3,50,0.9289856553077698,0.08179029822349548,0.28599003168553877,0.11091259121894836
3,380,1,0.01,3,51,0.930980920791626,0.0794922485947609,0.2819436975616956,0.08689416199922562
3,380,1,0.01,3,52,0.9283308982849121,0.08254442363977432,0.2873054535503535,0.1399335414171219
3,380,1,0.01,3,53,0.9277785420417786,0.08318057656288147,0.28841043074563283,0.1363275796175003
3,380,1,0.01,3,54,0.9294198751449585,0.08129017055034637,0.28511431137413357,0.09693709015846252
3,380,1,0.01,3,55,0.9291946887969971,0.08154955506324768,0.2855688271910078,0.08741077035665512
3,380,1,0.01,3,56,0.9276973009109497,0.08327416330575943,0.2885726309020996,0.1106642335653305
3,380,1,0.01,3,57,0.9293030500411987,0.08142472058534622,0.2853501718684365,0.11069563776254654
3,380,1,0.01,3,58,0.929766058921814,0.08089140802621841,0.284414148779941,0.1036386787891388
3,380,1,0.01,3,59,0.9315517544746399,0.07883477210998535,0.2807753053777795,0.1387840211391449
3,380,1,0.01,3,60,0.9274334907531738,0.0835779532790184,0.28909851829267197,0.08596698939800262
3,380,1,0.01,3,61,0.9286849498748779,0.08213658630847931,0.28659481207530485,0.135438472032547
3,380,1,0.01,3,62,0.9288106560707092,0.08199182152748108,0.28634214067698993,0.12424372136592865
3,380,1,0.01,3,63,0.9309591054916382,0.07951740175485611,0.2819883007411054,0.0871916189789772
3,380,1,0.01,3,64,0.9292355179786682,0.08150248229503632,0.2854863959894347,0.10696068406105042
3,380,1,0.01,3,65,0.9296558499336243,0.08101839572191238,0.2846373055695834,0.09088978171348572
3,380,1,0.01,3,66,0.9292685985565186,0.08146439492702484,0.2854196820946741,0.11290217936038971
3,380,1,0.01,3,67,0.9287921786308289,0.08201312273740768,0.28637933364229984,0.09135916829109192
3,380,1,0.01,3,68,0.9293233156204224,0.08140137046575546,0.28530925408362673,0.18311509490013123
3,380,1,0.01,3,69,0.9261146187782288,0.08509699255228043,0.29171388817175026,0.07387925684452057
3,380,1,0.01,3,70,0.9308555126190186,0.07963670045137405,0.2821997527486055,0.09857381135225296
3,380,1,0.01,3,71,0.9280195832252502,0.08290290832519531,0.2879286514489229,0.1380748599767685
3,380,1,0.01,3,72,0.928680419921875,0.08214180171489716,0.2866039108506671,0.09254580736160278
3,380,1,0.01,3,73,0.9289657473564148,0.08181318640708923,0.2860300445881328,0.09810858964920044
3,380,1,0.01,3,74,0.9264013171195984,0.08476679027080536,0.29114736864825924,0.09868288040161133
3,380,1,0.01,3,75,0.927327573299408,0.08369996398687363,0.28930946058999457,0.10867846012115479
3,380,1,0.01,3,76,0.9311962127685547,0.07924424856901169,0.2815035498337662,0.10076582431793213
3,380,1,0.01,3,77,0.926997184753418,0.08408049494028091,0.28996636863657294,0.13147881627082825
3,380,1,0.01,3,78,0.9278811812400818,0.08306235820055008,0.28820540973505354,0.12702108919620514
3,380,1,0.01,3,79,0.9282122850418091,0.08268097788095474,0.2875430017944355,0.10067060589790344
3,380,1,0.01,3,80,0.9286617040634155,0.08216341584920883,0.28664161569668983,0.1033233106136322
3,380,1,0.01,3,81,0.9266858696937561,0.08443905413150787,0.29058398808521413,0.095051109790802
3,380,1,0.01,3,82,0.9193035364151001,0.09294158220291138,0.3048632188423382,0.19681409001350403
3,380,1,0.01,3,83,0.9301596879959106,0.0804380550980568,0.28361603462790463,0.09674294292926788
3,380,1,0.01,3,84,0.9275946021080017,0.08339238911867142,0.28877740409989044,0.10418366640806198
3,380,1,0.01,3,85,0.9278022646903992,0.08315324038267136,0.2883630357425711,0.09090366959571838
3,380,1,0.01,3,86,0.9285553693771362,0.08228586614131927,0.28685513093078757,0.09269145876169205
3,380,1,0.01,3,87,0.926946222782135,0.08413918316364288,0.2900675493116093,0.08449121564626694
3,380,1,0.01,3,88,0.9237875938415527,0.08777708560228348,0.29627197910413916,0.11137201637029648
3,380,1,0.01,3,89,0.9286148548126221,0.08221732825040817,0.2867356417510878,0.10359277576208115
3,380,1,0.01,3,90,0.9285101890563965,0.08233791589736938,0.2869458414010724,0.09735927730798721
3,380,1,0.01,3,91,0.9259030818939209,0.08534060418605804,0.29213114210240926,0.09969937056303024
3,380,1,0.01,3,92,0.9291921257972717,0.08155249804258347,0.2855739799816914,0.11126776039600372
3,380,1,0.01,3,93,0.9269248247146606,0.08416382223367691,0.29011001746523146,0.0942133441567421
3,380,1,0.01,3,94,0.9302423596382141,0.08034287393093109,0.2834481856194022,0.09468087553977966
3,380,1,0.01,3,95,0.9288130402565002,0.08198908716440201,0.2863373659940351,0.07802764326334
3,380,1,0.01,3,96,0.9292733669281006,0.08145888149738312,0.2854100234704155,0.0973307266831398
3,380,1,0.01,3,97,0.9272542595863342,0.08378440886735916,0.2894553659329175,0.10068634152412415
3,380,1,0.01,3,98,0.9289166927337646,0.0818697139620781,0.28612884154184476,0.09365453571081161
3,380,1,0.01,3,99,0.9276938438415527,0.08327808976173401,0.2885794340588636,0.09242188185453415
3,380,1,0.01,3,100,0.9278644323348999,0.08308165520429611,0.2882388856561448,0.14064547419548035
4,380,1,0.01,3,1,0.9049912095069885,0.10942572355270386,0.33079559179756896,0.4035663902759552
4,380,1,0.01,3,2,0.9125970602035522,0.10066574811935425,0.3172786600440601,0.22851747274398804
4,380,1,0.01,3,3,0.9148625135421753,0.09805649518966675,0.31313973748099544,0.17606647312641144
4,380,1,0.01,3,4,0.9158576726913452,0.09691035747528076,0.31130428438311086,0.1279914230108261
4,380,1,0.01,3,5,0.9155250787734985,0.09729338437318802,0.31191887466645557,0.13868719339370728
4,380,1,0.01,3,6,0.9145556092262268,0.09840996563434601,0.3137036270659713,0.13248810172080994
4,380,1,0.01,3,7,0.9162005186080933,0.0965154692530632,0.310669388986207,0.14163516461849213
4,380,1,0.01,3,8,0.9165971279144287,0.096058689057827,0.30993336228587426,0.15254785120487213
4,380,1,0.01,3,9,0.9151213765144348,0.09775836765766144,0.3126633455614224,0.18960003554821014
4,380,1,0.01,3,10,0.9191628694534302,0.09310361742973328,0.30512885381381627,0.15782883763313293
4,380,1,0.01,3,11,0.9200811386108398,0.09204600006341934,0.3033908371447947,0.1263093501329422
4,380,1,0.01,3,12,0.9185966849327087,0.09375570714473724,0.30619553743439376,0.1276179999113083
4,380,1,0.01,3,13,0.9215139746665955,0.0903957188129425,0.300658807974991,0.14181113243103027
4,380,1,0.01,3,14,0.9212291240692139,0.09072384238243103,0.30120398799224263,0.1199326142668724
4,380,1,0.01,3,15,0.9207196831703186,0.09131055325269699,0.3021763611745581,0.14627496898174286
4,380,1,0.01,3,16,0.922642171382904,0.08909633010625839,0.29849008376537134,0.12081441283226013
4,380,1,0.01,3,17,0.9211015701293945,0.09087073802947998,0.30144773681266873,0.11711369454860687
4,380,1,0.01,3,18,0.9238495826721191,0.08770567923784256,0.2961514464557662,0.12067071348428726
4,380,1,0.01,3,19,0.9232686161994934,0.08837482333183289,0.2972790327820529,0.12397982180118561
4,380,1,0.01,3,20,0.9243921041488647,0.08708082884550095,0.2950946099905943,0.12035762518644333
4,380,1,0.01,3,21,0.9247100949287415,0.08671459555625916,0.29447342079763184,0.1130618080496788
4,380,1,0.01,3,22,0.9231399297714233,0.08852308243513107,0.2975282884620067,0.09085104614496231
4,380,1,0.01,3,23,0.9245626926422119,0.08688437193632126,0.2947615509803157,0.09765049070119858
4,380,1,0.01,3,24,0.9246599078178406,0.08677241206169128,0.29457157375023696,0.0925031453371048
4,380,1,0.01,3,25,0.92514967918396,0.08620830625295639,0.2936125103822322,0.11056346446275711
4,380,1,0.01,3,26,0.9242085218429565,0.08729231357574463,0.2954527264652412,0.13066735863685608
4,380,1,0.01,3,27,0.9253919124603271,0.08592936396598816,0.29313710779426777,0.09167619794607162
4,380,1,0.01,3,28,0.9254894852638245,0.08581695705652237,0.29294531410575997,0.09899164736270905
4,380,1,0.01,3,29,0.9263952374458313,0.08477375656366348,0.29115933191924914,0.11449307203292847
4,380,1,0.01,3,30,0.9238694906234741,0.08768277615308762,0.2961127760720358,0.12412261217832565
4,380,1,0.01,3,31,0.9250911474227905,0.08627574145793915,0.2937273250106962,0.09084103256464005
4,380,1,0.01,3,32,0.9271767735481262,0.08387362211942673,0.28960943030127095,0.10954254120588303
4,380,1,0.01,3,33,0.9243680834770203,0.08710850030183792,0.2951414920031372,0.11266390979290009
4,380,1,0.01,3,34,0.9257063865661621,0.0855671837925911,0.2925186896466465,0.09129137545824051
4,380,1,0.01,3,35,0.9281381368637085,0.08276640623807907,0.28769151228021844,0.0866897702217102
4,380,1,0.01,3,36,0.9256647825241089,0.08561504632234573,0.2926004892722255,0.10243723541498184
4,380,1,0.01,3,37,0.9283364415168762,0.08253800868988037,0.2872942893443592,0.12094654142856598
4,380,1,0.01,3,38,0.9245193004608154,0.08693434298038483,0.2948463039964802,0.1592053323984146
4,380,1,0.01,3,39,0.9267375469207764,0.08437950909137726,0.2904815124777776,0.11165552586317062
4,380,1,0.01,3,40,0.927979588508606,0.0829489678144455,0.2880086245487199,0.08674783259630203
4,380,1,0.01,3,41,0.9284953474998474,0.08235500752925873,0.28697562183791625,0.09430555999279022
4,380,1,0.01,3,42,0.9278696775436401,0.08307555317878723,0.2882283004473836,0.13015522062778473
4,380,1,0.01,3,43,0.9279201030731201,0.08301754295825958,0.288127650457674,0.07808392494916916
4,380,1,0.01,3,44,0.9263744354248047,0.084797702729702,0.2912004511152103,0.09881392121315002
4,380,1,0.01,3,45,0.927350640296936,0.0836734026670456,0.2892635522616799,0.12120388448238373
4,380,1,0.01,3,46,0.9265778064727783,0.08456346392631531,0.29079797785802314,0.07612878084182739
4,380,1,0.01,3,47,0.9269572496414185,0.08412644267082214,0.29004558722866675,0.09944389760494232
4,380,1,0.01,3,48,0.9272691607475281,0.08376721292734146,0.28942566045073037,0.10370082408189774
4,380,1,0.01,3,49,0.9272015690803528,0.08384508639574051,0.28956016023572806,0.0717659741640091
4,380,1,0.01,3,50,0.9274784326553345,0.08352620899677277,0.2890090119646319,0.110960952937603
4,380,1,0.01,3,51,0.9278779029846191,0.08306610584259033,0.28821191134751933,0.09014026820659637
4,380,1,0.01,3,52,0.92564857006073,0.08563371747732162,0.292632393075889,0.0786304846405983
4,380,1,0.01,3,53,0.9262158274650574,0.08498039841651917,0.291513976365661,0.11151619255542755
4,380,1,0.01,3,54,0.9278479814529419,0.0831005647778511,0.2882716857026564,0.07880102843046188
4,380,1,0.01,3,55,0.9266641736030579,0.08446400612592697,0.29062691913504324,0.07962577790021896
4,380,1,0.01,3,56,0.9265413284301758,0.08460549265146255,0.2908702333540896,0.10621308535337448
4,380,1,0.01,3,57,0.9255436658859253,0.08575457334518433,0.29283881802996053,0.09461161494255066
4,380,1,0.01,3,58,0.9267290830612183,0.08438928425312042,0.2904983377803054,0.1215275302529335
4,380,1,0.01,3,59,0.9270864725112915,0.08397761732339859,0.28978891856556316,0.09266886860132217
4,380,1,0.01,3,60,0.9261839389801025,0.08501710742712021,0.2915769322616592,0.08852029591798782
4,380,1,0.01,3,61,0.926983118057251,0.08409669250249863,0.28999429736203197,0.07901068776845932
4,380,1,0.01,3,62,0.9253839254379272,0.08593856543302536,0.29315280219200596,0.10158850997686386
4,380,1,0.01,3,63,0.9247535467147827,0.08666454255580902,0.2943884212325767,0.11181049048900604
4,380,1,0.01,3,64,0.9273844361305237,0.08363446593284607,0.2891962412149336,0.11680707335472107
4,380,1,0.01,3,65,0.9257398247718811,0.0855286568403244,0.292452828401991,0.11949706077575684
4,380,1,0.01,3,66,0.9251079559326172,0.08625636249780655,0.29369433514762683,0.10740891098976135
4,380,1,0.01,3,67,0.925652027130127,0.08562972396612167,0.2926255695699227,0.10246015340089798
4,380,1,0.01,3,68,0.9258806705474854,0.08536643534898758,0.2921753503445963,0.09254740178585052
4,380,1,0.01,3,69,0.924426257610321,0.08704151213169098,0.2950279853364609,0.10329508781433105
4,380,1,0.01,3,70,0.923583447933197,0.0880122259259224,0.29666854556208416,0.10334844142198563
4,380,1,0.01,3,71,0.9258406162261963,0.08541252464056015,0.2922542123572561,0.10239600390195847
4,380,1,0.01,3,72,0.9261037111282349,0.08510952442884445,0.29173536712034837,0.08221722394227982
4,380,1,0.01,3,73,0.9287867546081543,0.08201932162046432,0.2863901562911413,0.09223269671201706
4,380,1,0.01,3,74,0.9292721748352051,0.08146024495363235,0.28541241205251106,0.10002696514129639
4,380,1,0.01,3,75,0.928162693977356,0.08273813873529434,0.2876423799360837,0.08459507673978806
4,380,1,0.01,3,76,0.927644670009613,0.08333474397659302,0.2886775778902702,0.06985201686620712
4,380,1,0.01,3,77,0.9254448413848877,0.08586836606264114,0.29303304602491703,0.16132253408432007
4,380,1,0.01,3,78,0.9273408055305481,0.08368473500013351,0.28928313984768195,0.09108998626470566
4,380,1,0.01,3,79,0.9287806153297424,0.0820263996720314,0.28640251338288114,0.09116005152463913
4,380,1,0.01,3,80,0.9277639389038086,0.08319739252328873,0.2884395821021947,0.08197840303182602
4,380,1,0.01,3,81,0.9284077286720276,0.08245588093996048,0.2871513206307094,0.08391416817903519
4,380,1,0.01,3,82,0.9279842972755432,0.08294357359409332,0.28799925971101614,0.07099428027868271
4,380,1,0.01,3,83,0.9292662143707275,0.0814671739935875,0.28542455043949444,0.10532818734645844
4,380,1,0.01,3,84,0.9281772375106812,0.08272136747837067,0.2876132254927973,0.08735067397356033
4,380,1,0.01,3,85,0.9277690052986145,0.08319156616926193,0.28842948214297015,0.09429393708705902
4,380,1,0.01,3,86,0.9281920194625854,0.0827043354511261,0.2875836147125321,0.10687656700611115
4,380,1,0.01,3,87,0.9292149543762207,0.08152616024017334,0.28552786245859324,0.1246592327952385
4,380,1,0.01,3,88,0.9242405891418457,0.08725538104772568,0.2953902182668304,0.09659454971551895
4,380,1,0.01,3,89,0.9247175455093384,0.0867060050368309,0.2944588341972964,0.1042848452925682
4,380,1,0.01,3,90,0.9285866618156433,0.08224983513355255,0.28679232056237586,0.0860624611377716
4,380,1,0.01,3,91,0.9294613003730774,0.08124246448278427,0.28503063779668364,0.09059856832027435
4,380,1,0.01,3,92,0.9299249649047852,0.08070839196443558,0.2840922243998163,0.11765684187412262
4,380,1,0.01,3,93,0.9290214776992798,0.08174901455640793,0.285917845816605,0.0753590315580368
4,380,1,0.01,3,94,0.9298949241638184,0.08074305951595306,0.2841532324573364,0.10248873382806778
4,380,1,0.01,3,95,0.9286549091339111,0.08217117190361023,0.2866551445615624,0.1069602370262146
4,380,1,0.01,3,96,0.9292955994606018,0.08143330365419388,0.28536521100896983,0.08479143679141998
4,380,1,0.01,3,97,0.9272726774215698,0.08376314491033554,0.2894186326246732,0.10846653580665588
4,380,1,0.01,3,98,0.9284788966178894,0.08237389475107193,0.2870085273142105,0.09429977089166641
4,380,1,0.01,3,99,0.9286471605300903,0.08218015730381012,0.2866708169727259,0.08650801330804825
4,380,1,0.01,3,100,0.9282240271568298,0.08266745507717133,0.28751948643034847,0.09915628284215927
5,380,1,0.01,3,1,0.8998781442642212,0.11531461030244827,0.33958004991820157,0.35833635926246643
5,380,1,0.01,3,2,0.9116823673248291,0.10171922296285629,0.31893451202849826,0.29738253355026245
5,380,1,0.01,3,3,0.9147891402244568,0.09814099967479706,0.31327463937382016,0.21614454686641693
5,380,1,0.01,3,4,0.917129635810852,0.09544537216424942,0.30894234440142615,0.1966128796339035
5,380,1,0.01,3,5,0.9176654815673828,0.09482818841934204,0.30794185882945835,0.1867053359746933
5,380,1,0.01,3,6,0.9192356467247009,0.0930197536945343,0.3049913993779731,0.1725248396396637
5,380,1,0.01,3,7,0.9186546802520752,0.09368890523910522,0.30608643426180326,0.1405942738056183
5,380,1,0.01,3,8,0.9199119806289673,0.0922408476471901,0.3037117838464456,0.17116643488407135
5,380,1,0.01,3,9,0.9207075238227844,0.0913245677947998,0.30219954962706314,0.1366589069366455
5,380,1,0.01,3,10,0.9183025360107422,0.09409449994564056,0.3067482680401644,0.13210956752300262
5,380,1,0.01,3,11,0.9221459627151489,0.08966784179210663,0.2994458912593503,0.13845086097717285
5,380,1,0.01,3,12,0.9213622808456421,0.09057044237852097,0.30094923555065056,0.16951176524162292
5,380,1,0.01,3,13,0.924008309841156,0.08752290159463882,0.29584269738264424,0.15496857464313507
5,380,1,0.01,3,14,0.9194234013557434,0.09280354529619217,0.30463674318143596,0.16467158496379852
5,380,1,0.01,3,15,0.919060230255127,0.09322183579206467,0.305322511112536,0.10710709542036057
5,380,1,0.01,3,16,0.9202237725257874,0.09188172221183777,0.30311997989548256,0.12464268505573273
5,380,1,0.01,3,17,0.9235377907752991,0.08806479722261429,0.2967571350829063,0.13831600546836853
5,380,1,0.01,3,18,0.919926106929779,0.09222452342510223,0.30368490812864285,0.12021884322166443
5,380,1,0.01,3,19,0.9239341616630554,0.08760830760002136,0.2959870057958987,0.12056969851255417
5,380,1,0.01,3,20,0.9232119917869568,0.08844003826379776,0.2973886989510492,0.13182242214679718
5,380,1,0.01,3,21,0.9234901070594788,0.0881197527050972,0.2968497140054159,0.11363369226455688
5,380,1,0.01,3,22,0.9244796633720398,0.08697999268770218,0.29492370655425815,0.1263066977262497
5,380,1,0.01,3,23,0.9235533475875854,0.08804690837860107,0.29672699300636785,0.12362896651029587
5,380,1,0.01,3,24,0.9198468327522278,0.09231582283973694,0.3038351902590234,0.12326660752296448
5,380,1,0.01,3,25,0.9236618280410767,0.08792196959257126,0.29651639009095476,0.11547193676233292
5,380,1,0.01,3,26,0.9205495715141296,0.0915064662694931,0.3025003574700253,0.1258634626865387
5,380,1,0.01,3,27,0.9247913360595703,0.08662108331918716,0.29431459922876263,0.10604880750179291
5,380,1,0.01,3,28,0.9257214665412903,0.08554976433515549,0.29248891318331277,0.20757021009922028
5,380,1,0.01,3,29,0.925995409488678,0.08523424714803696,0.2919490488904476,0.11107602715492249
5,380,1,0.01,3,30,0.9253705739974976,0.08595394343137741,0.29317902965829157,0.13664813339710236
5,380,1,0.01,3,31,0.9272863268852234,0.08374746143817902,0.2893915365697121,0.15460528433322906
5,380,1,0.01,3,32,0.9265128374099731,0.0846383199095726,0.29092665726875666,0.09747031331062317
5,380,1,0.01,3,33,0.92766934633255,0.08330632001161575,0.28862834235676815,0.10759308189153671
5,380,1,0.01,3,34,0.9284644722938538,0.08239050954580307,0.2870374706302351,0.15406979620456696
5,380,1,0.01,3,35,0.9287492632865906,0.08206254243850708,0.2864656042852389,0.12040407955646515
5,380,1,0.01,3,36,0.9271207451820374,0.08393815159797668,0.28972081664591637,0.11606713384389877
5,380,1,0.01,3,37,0.9285804033279419,0.08225703984498978,0.28680488113871033,0.09816684573888779
5,380,1,0.01,3,38,0.9283459186553955,0.08252709358930588,0.2872752923404759,0.10436316579580307
5,380,1,0.01,3,39,0.9287700653076172,0.08203858137130737,0.28642377933982255,0.14324745535850525
5,380,1,0.01,3,40,0.9285418391227722,0.08230143785476685,0.2868822717679969,0.12680526077747345
5,380,1,0.01,3,41,0.9284600019454956,0.08239567279815674,0.28704646452823057,0.10371632874011993
5,380,1,0.01,3,42,0.9288615584373474,0.08193321526050568,0.2862397862990148,0.13068994879722595
5,380,1,0.01,3,43,0.9257423281669617,0.08552578091621399,0.2924479114581159,0.15675076842308044
5,380,1,0.01,3,44,0.93003910779953,0.08057697862386703,0.28386084376656645,0.1130857989192009
5,380,1,0.01,3,45,0.9286370277404785,0.08219181001186371,0.2866911404488526,0.12207823246717453
5,380,1,0.01,3,46,0.9310140013694763,0.07945412397384644,0.2818760791089702,0.11908243596553802
5,380,1,0.01,3,47,0.9295177459716797,0.0811774730682373,0.28491660721733525,0.09603817760944366
5,380,1,0.01,3,48,0.9296090602874756,0.08107224106788635,0.28473187574960124,0.09371161460876465
5,380,1,0.01,3,49,0.9300738573074341,0.08053690940141678,0.283790256001535,0.08753052353858948
5,380,1,0.01,3,50,0.9298223257064819,0.08082660287618637,0.28430019851591093,0.08069081604480743
5,380,1,0.01,3,51,0.9296535849571228,0.08102099597454071,0.2846418731925096,0.09356459975242615
5,380,1,0.01,3,52,0.9296407103538513,0.08103581517934799,0.2846679033177924,0.0942743793129921
5,380,1,0.01,3,53,0.9281883239746094,0.08270855993032455,0.28759095940297663,0.11723127961158752
5,380,1,0.01,3,54,0.9334486722946167,0.07665004581212997,0.27685744673410895,0.1263342648744583
5,380,1,0.01,3,55,0.9335225820541382,0.07656490802764893,0.2767036465745418,0.0669255405664444
5,380,1,0.01,3,56,0.9315910935401917,0.07878950983285904,0.28069469149390597,0.10416831076145172
5,380,1,0.01,3,57,0.9348591566085815,0.07502550631761551,0.2739078427457226,0.0963750034570694
5,380,1,0.01,3,58,0.9328206181526184,0.07737337052822113,0.2781606919178573,0.11426996439695358
5,380,1,0.01,3,59,0.9326184988021851,0.077606201171875,0.2785788957761786,0.1604168862104416
5,380,1,0.01,3,60,0.9337695240974426,0.07628050446510315,0.27618925479660345,0.09215637296438217
5,380,1,0.01,3,61,0.9325867891311646,0.07764270156621933,0.27864439984722345,0.12236148864030838
5,380,1,0.01,3,62,0.9331466555595398,0.07699789851903915,0.27748495187854627,0.0854514017701149
5,380,1,0.01,3,63,0.9301273226737976,0.08047537505626678,0.2836818201017943,0.07653233408927917
5,380,1,0.01,3,64,0.9326215386390686,0.07760265469551086,0.27857253040368296,0.09464553743600845
5,380,1,0.01,3,65,0.9316340684890747,0.07874002307653427,0.2806065271452791,0.1350535750389099
5,380,1,0.01,3,66,0.9324483871459961,0.07780212163925171,0.2789303168163183,0.17627927660942078
5,380,1,0.01,3,67,0.9304683804512024,0.08008255809545517,0.28298861831433286,0.10569696128368378
5,380,1,0.01,3,68,0.930169939994812,0.08042625337839127,0.2835952280599786,0.12206993252038956
5,380,1,0.01,3,69,0.9311425089836121,0.07930610328912735,0.2816133933056582,0.08210340887308121
5,380,1,0.01,3,70,0.9330085515975952,0.07715689390897751,0.27777129784946736,0.10314919799566269
5,380,1,0.01,3,71,0.9300802946090698,0.08052951097488403,0.2837772206765089,0.1025487631559372
5,380,1,0.01,3,72,0.9330623149871826,0.07709497958421707,0.27765982709822656,0.09793682396411896
5,380,1,0.01,3,73,0.9302284121513367,0.08035894483327866,0.2834765331262513,0.11176490783691406
5,380,1,0.01,3,74,0.9322472810745239,0.07803371548652649,0.2793451547575624,0.09828553348779678
5,380,1,0.01,3,75,0.9332102537155151,0.0769246369600296,0.27735291049496774,0.177278071641922
5,380,1,0.01,3,76,0.9347524642944336,0.07514840364456177,0.2741320915992175,0.12084145098924637
5,380,1,0.01,3,77,0.9341855049133301,0.07580140233039856,0.27532054469363265,0.1368812620639801
5,380,1,0.01,3,78,0.932985782623291,0.07718313485383987,0.2778185286366622,0.08162163943052292
5,380,1,0.01,3,79,0.9359515905380249,0.07376734167337418,0.2716014390119724,0.13384468853473663
5,380,1,0.01,3,80,0.9347100853919983,0.07519719749689102,0.2742210741297813,0.09986208379268646
5,380,1,0.01,3,81,0.9337135553359985,0.07634492218494415,0.2763058489879361,0.0809333473443985
5,380,1,0.01,3,82,0.9318358898162842,0.07850752770900726,0.28019194797318364,0.12198182195425034
5,380,1,0.01,3,83,0.9304733872413635,0.08007677644491196,0.2829784027888205,0.10600893199443817
5,380,1,0.01,3,84,0.9316552877426147,0.07871551811695099,0.2805628594752894,0.08642887324094772
5,380,1,0.01,3,85,0.9308263063430786,0.07967030256986618,0.2822592825220566,0.08971795439720154
5,380,1,0.01,3,86,0.9316903352737427,0.07867519557476044,0.28049099018464113,0.11452392488718033
5,380,1,0.01,3,87,0.9314008355140686,0.07900861650705338,0.28108471411133934,0.09671679884195328
5,380,1,0.01,3,88,0.9334062933921814,0.07669885456562042,0.2769455805128878,0.0870715081691742
5,380,1,0.01,3,89,0.9320345520973206,0.07827872782945633,0.2797833587428965,0.08379218727350235
5,380,1,0.01,3,90,0.9313547015190125,0.07906173169612885,0.2811791807658043,0.09015259891748428
5,380,1,0.01,3,91,0.9308497309684753,0.0796433538198471,0.2822115409047743,0.1077161356806755
5,380,1,0.01,3,92,0.9331101179122925,0.077039934694767,0.2775606865079545,0.08860510587692261
5,380,1,0.01,3,93,0.9333545565605164,0.07675839215517044,0.2770530493518713,0.10605009645223618
5,380,1,0.01,3,94,0.9332213401794434,0.07691185176372528,0.27732986093049067,0.08893563598394394
5,380,1,0.01,3,95,0.9313110709190369,0.07911201566457748,0.28126858278979094,0.09457261860370636
5,380,1,0.01,3,96,0.933917760848999,0.07610972970724106,0.27587991899962755,0.1144220158457756
5,380,1,0.01,3,97,0.9316678047180176,0.07870109379291534,0.28053715225066955,0.1055249348282814
5,380,1,0.01,3,98,0.9328016042709351,0.07739529758691788,0.2782001034991142,0.10315647721290588
5,380,1,0.01,3,99,0.931003749370575,0.07946597039699554,0.28189709185622247,0.09994932264089584
5,380,1,0.01,3,100,0.9310732483863831,0.07938589155673981,0.28175502046412554,0.09850876778364182
6,380,1,0.01,3,1,0.9035359621047974,0.11110178381204605,0.3333193420911035,0.4748716950416565
6,380,1,0.01,3,2,0.9131896495819092,0.09998321533203125,0.31620122601285283,0.3826778829097748
6,380,1,0.01,3,3,0.9167699813842773,0.09585960954427719,0.3096120306840114,0.30507227778434753
6,380,1,0.01,3,4,0.9189170598983765,0.093386709690094,0.3055923914139454,0.22638031840324402
6,380,1,0.01,3,5,0.9202985763549805,0.09179559350013733,0.302977876255243,0.18068228662014008
6,380,1,0.01,3,6,0.9213952422142029,0.09053249657154083,0.3008861854115952,0.1558009386062622
6,380,1,0.01,3,7,0.9250177145004272,0.08636032044887543,0.2938712650955779,0.17137114703655243
6,380,1,0.01,3,8,0.9267975687980652,0.08431040495634079,0.29036254055291083,0.19407275319099426
6,380,1,0.01,3,9,0.9276215434074402,0.08336140215396881,0.2887237471251175,0.15555906295776367
6,380,1,0.01,3,10,0.9271814823150635,0.08386822044849396,0.2896001043654749,0.1457209587097168
6,380,1,0.01,3,11,0.9300482869148254,0.08056637644767761,0.2838421681985917,0.14302709698677063
6,380,1,0.01,3,12,0.9294911623001099,0.08120808005332947,0.28497031433700154,0.12980464100837708
6,380,1,0.01,3,13,0.9268960356712341,0.08419697731733322,0.29016715409800126,0.17251229286193848
6,380,1,0.01,3,14,0.9324203133583069,0.07783440500497818,0.27898818076215737,0.16921181976795197
6,380,1,0.01,3,15,0.9319104552268982,0.07842164486646652,0.28003864887987606,0.15043140947818756
6,380,1,0.01,3,16,0.9314116835594177,0.07899609208106995,0.2810624344893318,0.13189555704593658
6,380,1,0.01,3,17,0.9328382015228271,0.0773530974984169,0.27812424831074495,0.11839411407709122
6,380,1,0.01,3,18,0.9315392374992371,0.07884920388460159,0.28080100406622766,0.11772114783525467
6,380,1,0.01,3,19,0.9335720539093018,0.07650792598724365,0.27660066158135566,0.18431679904460907
6,380,1,0.01,3,20,0.9330472350120544,0.07711237668991089,0.27769115342392686,0.1409621685743332
6,380,1,0.01,3,21,0.9322001934051514,0.07808796316385269,0.27944223582674954,0.12126903235912323
6,380,1,0.01,3,22,0.9330241680145264,0.07713891565799713,0.27773893435742336,0.10653618723154068
6,380,1,0.01,3,23,0.9336990714073181,0.07636163383722305,0.27633608855381714,0.12190629541873932
6,380,1,0.01,3,24,0.9308245182037354,0.07967234402894974,0.2822628987822341,0.12099270522594452
6,380,1,0.01,3,25,0.9318493604660034,0.07849203050136566,0.28016429198126885,0.15244264900684357
6,380,1,0.01,3,26,0.9361016750335693,0.07359442859888077,0.271282930902187,0.11669982224702835
6,380,1,0.01,3,27,0.9343870282173157,0.0755692794919014,0.27489867131708984,0.11660315096378326
6,380,1,0.01,3,28,0.9356157779693604,0.07415405660867691,0.27231242463148264,0.10328614711761475
6,380,1,0.01,3,29,0.9342612028121948,0.07571421563625336,0.2751621624356324,0.1414313167333603
6,380,1,0.01,3,30,0.9352542161941528,0.07457052916288376,0.27307605014516334,0.13013511896133423
6,380,1,0.01,3,31,0.9326356053352356,0.07758650183677673,0.2785435366989813,0.1308494508266449
6,380,1,0.01,3,32,0.9344933032989502,0.07544688135385513,0.2746759569999805,0.11180716753005981
6,380,1,0.01,3,33,0.9336692094802856,0.07639604806900024,0.27639835033697335,0.11628685891628265
6,380,1,0.01,3,34,0.9358899593353271,0.07383830845355988,0.27173205267976736,0.12744875252246857
6,380,1,0.01,3,35,0.9358725547790527,0.073858343064785,0.2717689148243136,0.11432857811450958
6,380,1,0.01,3,36,0.9363306760787964,0.07333067804574966,0.2707963774605371,0.11370575428009033
6,380,1,0.01,3,37,0.9366412162780762,0.07297307252883911,0.2701352856048967,0.1103900745511055
6,380,1,0.01,3,38,0.935674250125885,0.07408670336008072,0.27218872746695577,0.08718246966600418
6,380,1,0.01,3,39,0.9317830801010132,0.07856836169958115,0.28030048465812746,0.12992264330387115
6,380,1,0.01,3,40,0.9317202568054199,0.07864072918891907,0.28042954407287235,0.1199936792254448
6,380,1,0.01,3,41,0.935519278049469,0.07426519691944122,0.27251641587148695,0.09427294880151749
6,380,1,0.01,3,42,0.9359376430511475,0.07378337532281876,0.2716309542795496,0.0996064692735672
6,380,1,0.01,3,43,0.9347893595695496,0.07510592043399811,0.27405459389325715,0.0894380733370781
6,380,1,0.01,3,44,0.9346991181373596,0.0752098560333252,0.2742441540549683,0.11582527309656143
6,380,1,0.01,3,45,0.9360979795455933,0.07359872758388519,0.27129085422086235,0.13710282742977142
6,380,1,0.01,3,46,0.9345082640647888,0.07542962580919266,0.2746445444737482,0.08993811905384064
6,380,1,0.01,3,47,0.9359660148620605,0.07375068962574005,0.2715707819809415,0.1478552520275116
6,380,1,0.01,3,48,0.9346216917037964,0.07529900223016739,0.2744066366365205,0.09111856669187546
6,380,1,0.01,3,49,0.9345990419387817,0.07532506436109543,0.2744541206852166,0.10524860769510269
6,380,1,0.01,3,50,0.9354432821273804,0.07435276359319687,0.2726770316568612,0.11795767396688461
6,380,1,0.01,3,51,0.93496173620224,0.07490738481283188,0.2736921350949491,0.11041536182165146
6,380,1,0.01,3,52,0.9363113641738892,0.07335297763347626,0.2708375484187454,0.1551673263311386
6,380,1,0.01,3,53,0.9364166259765625,0.07323171198368073,0.27061358425563325,0.09422214329242706
6,380,1,0.01,3,54,0.9342297911643982,0.07575038075447083,0.2752278705990199,0.10672800987958908
6,380,1,0.01,3,55,0.9352507591247559,0.07457447052001953,0.2730832666422817,0.09766800701618195
6,380,1,0.01,3,56,0.9357348084449768,0.0740169882774353,0.2720606334577557,0.08972890675067902
6,380,1,0.01,3,57,0.9328734874725342,0.07731250673532486,0.278051266379646,0.11796503514051437
6,380,1,0.01,3,58,0.9338118433952332,0.07623177021741867,0.2761010145171848,0.13106516003608704
6,380,1,0.01,3,59,0.9351344704627991,0.07470843940973282,0.27332844603102113,0.11478985846042633
6,380,1,0.01,3,60,0.9335862398147583,0.07649160921573639,0.2765711648305665,0.1313720941543579
6,380,1,0.01,3,61,0.935717761516571,0.0740366280078888,0.27209672546337044,0.08130175620317459
6,380,1,0.01,3,62,0.93513023853302,0.0747133269906044,0.2733373867413757,0.08554450422525406
6,380,1,0.01,3,63,0.9319952726364136,0.07832394540309906,0.2798641552666205,0.14067424833774567
6,380,1,0.01,3,64,0.9361416101455688,0.07354842871427536,0.27119813552875943,0.11422140151262283
6,380,1,0.01,3,65,0.9348771572113037,0.07500478625297546,0.2738700170755745,0.10052390396595001
6,380,1,0.01,3,66,0.935675859451294,0.07408485561609268,0.2721853332126709,0.13284863531589508
6,380,1,0.01,3,67,0.9354129433631897,0.07438766211271286,0.27274101655730637,0.09361711144447327
6,380,1,0.01,3,68,0.9364699721336365,0.07317028194665909,0.2705000590511194,0.08822076767683029
6,380,1,0.01,3,69,0.9357595443725586,0.07398851960897446,0.27200830797785286,0.09541748464107513
6,380,1,0.01,3,70,0.9336353540420532,0.07643499225378036,0.276468790740981,0.12340138852596283
6,380,1,0.01,3,71,0.9359029531478882,0.07382334023714066,0.27170450904823173,0.11666750907897949
6,380,1,0.01,3,72,0.9376311302185059,0.07183293998241425,0.2680166785526868,0.11014918982982635
6,380,1,0.01,3,73,0.9377853870391846,0.0716552734375,0.2676850265470596,0.11582629382610321
6,380,1,0.01,3,74,0.9362948536872864,0.07337193191051483,0.27087253812543427,0.0983552411198616
6,380,1,0.01,3,75,0.9325572848320007,0.07767664641141891,0.27870530388103293,0.09442419558763504
6,380,1,0.01,3,76,0.936163604259491,0.07352311164140701,0.2711514551711036,0.12082619965076447
6,380,1,0.01,3,77,0.9359424114227295,0.07377790659666061,0.2716208876295426,0.0840652734041214
6,380,1,0.01,3,78,0.936539351940155,0.0730903372168541,0.27035224655410967,0.08490864187479019
6,380,1,0.01,3,79,0.9363881349563599,0.07326453179121017,0.27067421707877937,0.08007407188415527
6,380,1,0.01,3,80,0.9350742697715759,0.0747777447104454,0.2734551968978564,0.11914805322885513
6,380,1,0.01,3,81,0.9352644681930542,0.07455871999263763,0.273054426795534,0.08301223814487457
6,380,1,0.01,3,82,0.9350928664207458,0.07475633919239044,0.27341605511087025,0.0908714160323143
6,380,1,0.01,3,83,0.9348080158233643,0.07508443295955658,0.27401538818021987,0.09493040293455124
6,380,1,0.01,3,84,0.9353342056274414,0.07447837293148041,0.2729072606793018,0.08984063565731049
6,380,1,0.01,3,85,0.9357531070709229,0.07399587333202362,0.2720218251023686,0.09515183418989182
6,380,1,0.01,3,86,0.935897946357727,0.07382906228303909,0.2717150387502302,0.11301633715629578
6,380,1,0.01,3,87,0.9341289401054382,0.07586655765771866,0.2754388455859461,0.08987533301115036
6,380,1,0.01,3,88,0.9370400905609131,0.07251366227865219,0.26928360937615975,0.138861745595932
6,380,1,0.01,3,89,0.9366751313209534,0.07293397933244705,0.270062917358987,0.08125387877225876
6,380,1,0.01,3,90,0.9363950490951538,0.07325657457113266,0.2706595177915099,0.09560742229223251
6,380,1,0.01,3,91,0.9357432723045349,0.07400723546743393,0.27204270890327853,0.1219995990395546
6,380,1,0.01,3,92,0.9339498281478882,0.0760727971792221,0.27581297500157986,0.1426304280757904
6,380,1,0.01,3,93,0.9354290962219238,0.07436911016702652,0.2727070042500312,0.08446252346038818
6,380,1,0.01,3,94,0.9352737069129944,0.07454805821180344,0.27303490291866245,0.15138831734657288
6,380,1,0.01,3,95,0.9361631870269775,0.07352358847856522,0.27115233445162373,0.09522996842861176
6,380,1,0.01,3,96,0.9358615875244141,0.073870949447155,0.27179210703615914,0.10326982289552689
6,380,1,0.01,3,97,0.9363855123519897,0.07326753437519073,0.27067976351251444,0.08960830420255661
6,380,1,0.01,3,98,0.936809778213501,0.07277888804674149,0.2697756253754988,0.08391047269105911
6,380,1,0.01,3,99,0.9362180829048157,0.07346035540103912,0.27103570871942156,0.09126047044992447
6,380,1,0.01,3,100,0.9363883137702942,0.07326430082321167,0.27067379042532297,0.09309540688991547
7,380,1,0.01,3,1,0.891020655632019,0.12551622092723846,0.3542826850514127,0.44569510221481323
7,380,1,0.01,3,2,0.9005681276321411,0.11451995372772217,0.33840796936201456,0.31281518936157227
7,380,1,0.01,3,3,0.9023677706718445,0.11244722455739975,0.3353315144113356,0.28244102001190186
7,380,1,0.01,3,4,0.9022420048713684,0.11259208619594574,0.33554744254120866,0.24259816110134125
7,380,1,0.01,3,5,0.9042252898216248,0.11030787229537964,0.3321262896781579,0.17514170706272125
7,380,1,0.01,3,6,0.9043842554092407,0.11012472957372665,0.3318504626691466,0.19124819338321686
7,380,1,0.01,3,7,0.9048013687133789,0.1096443459391594,0.3311258762754119,0.1340903341770172
7,380,1,0.01,3,8,0.9055118560791016,0.10882606357336044,0.32988795609018595,0.15982824563980103
7,380,1,0.01,3,9,0.906158447265625,0.1080813854932785,0.32875733526915946,0.16473430395126343
7,380,1,0.01,3,10,0.9062603116035461,0.10796401649713516,0.3285787827860088,0.21532650291919708
7,380,1,0.01,3,11,0.9087387323379517,0.10510949045419693,0.32420593833888506,0.13259708881378174
7,380,1,0.01,3,12,0.9094831347465515,0.1042521595954895,0.32288103009543545,0.15028871595859528
7,380,1,0.01,3,13,0.9108491539955139,0.10267885029315948,0.32043540736497816,0.1343039572238922
7,380,1,0.01,3,14,0.9122418761253357,0.10107482224702835,0.3179226670859257,0.13994501531124115
7,380,1,0.01,3,15,0.9140379428863525,0.09900618344545364,0.3146524804374719,0.11775868386030197
7,380,1,0.01,3,16,0.9146807193756104,0.0982658863067627,0.31347390051926605,0.1584557145833969
7,380,1,0.01,3,17,0.9140494465827942,0.0989929735660553,0.3146314885164155,0.1233706846833229
7,380,1,0.01,3,18,0.9159054756164551,0.09685526043176651,0.311215777928701,0.13189411163330078
7,380,1,0.01,3,19,0.9175271391868591,0.09498755633831024,0.30820051320254194,0.12640829384326935
7,380,1,0.01,3,20,0.9177494645118713,0.09473146498203278,0.30778477054921477,0.11685127019882202
7,380,1,0.01,3,21,0.9180245399475098,0.09441467374563217,0.3072697084738946,0.12339369207620621
7,380,1,0.01,3,22,0.9177978038787842,0.09467583149671555,0.307694380021338,0.10665331780910492
7,380,1,0.01,3,23,0.9207560420036316,0.09126865118741989,0.3021070194275861,0.10906808078289032
7,380,1,0.01,3,24,0.9215639233589172,0.09033821523189545,0.30056316346467915,0.12751594185829163
7,380,1,0.01,3,25,0.9209490418434143,0.09104637801647186,0.30173892360196397,0.13488341867923737
7,380,1,0.01,3,26,0.9224017262458801,0.08937325328588486,0.29895359721181625,0.09194061905145645
7,380,1,0.01,3,27,0.9231720566749573,0.08848601579666138,0.29746599099167853,0.10524517297744751
7,380,1,0.01,3,28,0.9228538870811462,0.08885250985622406,0.29808138126394956,0.18444283306598663
7,380,1,0.01,3,29,0.9235727190971375,0.08802459388971329,0.29668938958060714,0.12115985155105591
7,380,1,0.01,3,30,0.9232760667800903,0.08836627006530762,0.2972646465109964,0.1060544028878212
7,380,1,0.01,3,31,0.9246426820755005,0.08679228276014328,0.29460529995256923,0.08557156473398209
7,380,1,0.01,3,32,0.9259793162345886,0.0852527841925621,0.2919807942186645,0.12948009371757507
7,380,1,0.01,3,33,0.9254826307296753,0.0858248621225357,0.29295880618704007,0.11536543816328049
7,380,1,0.01,3,34,0.9259505271911621,0.085285983979702,0.29203764137470706,0.11773953586816788
7,380,1,0.01,3,35,0.9251877069473267,0.08616450428962708,0.2935379094591141,0.1455785185098648
7,380,1,0.01,3,36,0.9244848489761353,0.08697404712438583,0.2949136265491743,0.126882404088974
7,380,1,0.01,3,37,0.9274598360061646,0.08354762196540833,0.28904605509400805,0.1064201220870018
7,380,1,0.01,3,38,0.9275420904159546,0.08345292508602142,0.28888219932356757,0.13353584706783295
7,380,1,0.01,3,39,0.9271344542503357,0.0839223638176918,0.2896935688234929,0.1209283322095871
7,380,1,0.01,3,40,0.9284731149673462,0.08238057047128677,0.2870201569076409,0.1031249389052391
7,380,1,0.01,3,41,0.9296244382858276,0.08105453848838806,0.28470078764975004,0.10798434168100357
7,380,1,0.01,3,42,0.9288795590400696,0.08191248029470444,0.28620356443396094,0.10883400589227676
7,380,1,0.01,3,43,0.9288877844810486,0.08190299570560455,0.28618699429849104,0.09866084903478622
7,380,1,0.01,3,44,0.9295165538787842,0.08117881417274475,0.2849189607111902,0.10274112224578857
7,380,1,0.01,3,45,0.9289106130599976,0.08187668770551682,0.28614102765160543,0.1088009849190712
7,380,1,0.01,3,46,0.928905189037323,0.08188296854496002,0.28615200251782275,0.1347922831773758
7,380,1,0.01,3,47,0.9287220239639282,0.08209390193223953,0.2865203342386706,0.13259997963905334
7,380,1,0.01,3,48,0.9313928484916687,0.07901778817176819,0.28110102840752504,0.1350582093000412
7,380,1,0.01,3,49,0.9301846623420715,0.08040929585695267,0.28356532908124127,0.1002451702952385
7,380,1,0.01,3,50,0.9300055503845215,0.08061564713716507,0.28392894733923324,0.12034939974546432
7,380,1,0.01,3,51,0.9299207329750061,0.08071332424879074,0.28410090504746854,0.16677427291870117
7,380,1,0.01,3,52,0.9294478893280029,0.08125786483287811,0.2850576517704412,0.13995546102523804
7,380,1,0.01,3,53,0.9303314685821533,0.08024027943611145,0.2832671520598734,0.10379590839147568
7,380,1,0.01,3,54,0.9309829473495483,0.07948988676071167,0.2819395090453122,0.1943633258342743
7,380,1,0.01,3,55,0.930219292640686,0.08036945015192032,0.2834950619533263,0.15569646656513214
7,380,1,0.01,3,56,0.9290940761566162,0.08166538923978806,0.28577156828450945,0.10376083850860596
7,380,1,0.01,3,57,0.9309543967247009,0.0795227661728859,0.28199781235478744,0.14087434113025665
7,380,1,0.01,3,58,0.9299706816673279,0.08065580576658249,0.283999658039552,0.09401600807905197
7,380,1,0.01,3,59,0.9280283451080322,0.08289282023906708,0.2879111325375715,0.13184615969657898
7,380,1,0.01,3,60,0.9297336935997009,0.080928735435009,0.2844797627864045,0.11781557649374008
7,380,1,0.01,3,61,0.9312847852706909,0.0791422501206398,0.28132232424860953,0.10090882331132889
7,380,1,0.01,3,62,0.9287796020507812,0.08202756941318512,0.2864045555035484,0.11318333446979523
7,380,1,0.01,3,63,0.9298486709594727,0.08079627901315689,0.2842468628026647,0.10363563895225525
7,380,1,0.01,3,64,0.9282699823379517,0.08261451125144958,0.2874274017059779,0.09939238429069519
7,380,1,0.01,3,65,0.9284778833389282,0.08237507194280624,0.28701057810263064,0.09271806478500366
7,380,1,0.01,3,66,0.9286628365516663,0.0821620523929596,0.28663923735762276,0.10293325036764145
7,380,1,0.01,3,67,0.9302508234977722,0.08033311367034912,0.283430968086321,0.0862341970205307
7,380,1,0.01,3,68,0.9306613802909851,0.07986024767160416,0.2825955549395711,0.126177117228508
7,380,1,0.01,3,69,0.928671658039093,0.08215193450450897,0.28662158764564294,0.13769520819187164
7,380,1,0.01,3,70,0.9284969568252563,0.08235310763120651,0.28697231161073106,0.08827336132526398
7,380,1,0.01,3,71,0.925641655921936,0.08564171940088272,0.29264606506987706,0.14233790338039398
7,380,1,0.01,3,72,0.929476797580719,0.08122459053993225,0.2849992816480986,0.1028624176979065
7,380,1,0.01,3,73,0.9325090646743774,0.07773220539093018,0.2788049594087777,0.09080266207456589
7,380,1,0.01,3,74,0.931842565536499,0.07849988341331482,0.28017830646449915,0.08811008185148239
7,380,1,0.01,3,75,0.9304648041725159,0.08008669316768646,0.28299592429518566,0.0916532576084137
7,380,1,0.01,3,76,0.9314076900482178,0.07900072634220123,0.28107067855292417,0.1072273701429367
7,380,1,0.01,3,77,0.930737316608429,0.07977283746004105,0.28244085657008094,0.1332247257232666
7,380,1,0.01,3,78,0.9279819130897522,0.08294633775949478,0.28800405858163663,0.09536640346050262
7,380,1,0.01,3,79,0.928653359413147,0.08217300474643707,0.28665834149111563,0.0983225479722023
7,380,1,0.01,3,80,0.9313576817512512,0.07905831933021545,0.28117311274411616,0.10849938541650772
7,380,1,0.01,3,81,0.9296894073486328,0.08097975701093674,0.28456942388622275,0.09826334565877914
7,380,1,0.01,3,82,0.9268835186958313,0.08421137928962708,0.2901919697194033,0.12180940806865692
7,380,1,0.01,3,83,0.9307693243026733,0.07973591983318329,0.2823754943921007,0.1186833456158638
7,380,1,0.01,3,84,0.9322819709777832,0.0779937356710434,0.27927358570234206,0.10010925680398941
7,380,1,0.01,3,85,0.9295384883880615,0.08115353435277939,0.28487459408093835,0.15197041630744934
7,380,1,0.01,3,86,0.9297510981559753,0.08090870827436447,0.2844445609857296,0.13342513144016266
7,380,1,0.01,3,87,0.9311357140541077,0.0793139860033989,0.2816273885888922,0.11066950112581253
7,380,1,0.01,3,88,0.9315412044525146,0.07884692400693893,0.2807969444401754,0.1021970734000206
7,380,1,0.01,3,89,0.9328881502151489,0.07729557901620865,0.2780208247887353,0.08357588201761246
7,380,1,0.01,3,90,0.9313969612121582,0.07901309430599213,0.2810926792109537,0.08920274674892426
7,380,1,0.01,3,91,0.9337838888168335,0.07626395672559738,0.27615929592464816,0.09879427403211594
7,380,1,0.01,3,92,0.9335952997207642,0.0764811635017395,0.276552279870804,0.11557140201330185
7,380,1,0.01,3,93,0.9317266941070557,0.07863326370716095,0.28041623295943646,0.1212349385023117
7,380,1,0.01,3,94,0.9291042685508728,0.0816536471247673,0.285751022963641,0.08844751119613647
7,380,1,0.01,3,95,0.9305554628372192,0.07998226583003998,0.282811360857445,0.08665981143712997
7,380,1,0.01,3,96,0.9303750991821289,0.08018995821475983,0.2831783152269252,0.10557015240192413
7,380,1,0.01,3,97,0.9319817423820496,0.07833953201770782,0.2798920006318648,0.12003321945667267
7,380,1,0.01,3,98,0.9320768713951111,0.07823000103235245,0.2796962656746644,0.10194946080446243
7,380,1,0.01,3,99,0.934274435043335,0.07569899410009384,0.2751345018351821,0.09497688710689545
7,380,1,0.01,3,100,0.9337642192840576,0.07628660649061203,0.27620030139486096,0.10339239239692688
8,380,1,0.01,3,1,0.9043392539024353,0.11017657071352005,0.33192856266600507,0.33133623003959656
8,380,1,0.01,3,2,0.9108880758285522,0.10263404995203018,0.3203654943217671,0.3150389790534973
8,380,1,0.01,3,3,0.9141836762428284,0.09883834421634674,0.31438566159471515,0.26632389426231384
8,380,1,0.01,3,4,0.9167976975440979,0.09582766145467758,0.30956043263743765,0.21684964001178741
8,380,1,0.01,3,5,0.9183362722396851,0.09405561536550522,0.3066848795840858,0.17873789370059967
8,380,1,0.01,3,6,0.9182239770889282,0.09418496489524841,0.30689569057783855,0.15940165519714355
8,380,1,0.01,3,7,0.9207236766815186,0.09130597859621048,0.3021687915655925,0.12991856038570404
8,380,1,0.01,3,8,0.9224452376365662,0.08932317048311234,0.2988698219678801,0.15561218559741974
8,380,1,0.01,3,9,0.9207449555397034,0.09128141403198242,0.3021281417411864,0.15230819582939148
8,380,1,0.01,3,10,0.9245069622993469,0.08694855868816376,0.2948704099908361,0.13737483322620392
8,380,1,0.01,3,11,0.925045371055603,0.08632843941450119,0.2938170168906171,0.1679999679327011
8,380,1,0.01,3,12,0.9258931279182434,0.08535204082727432,0.2921507159451681,0.11410830169916153
8,380,1,0.01,3,13,0.9229645133018494,0.08872506767511368,0.2978675337714966,0.16011352837085724
8,380,1,0.01,3,14,0.926983118057251,0.08409664779901505,0.2899942202855344,0.13432340323925018
8,380,1,0.01,3,15,0.9261584281921387,0.08504654467105865,0.2916274072700621,0.10854494571685791
8,380,1,0.01,3,16,0.9271246790885925,0.08393365889787674,0.28971306304320615,0.11532872915267944
8,380,1,0.01,3,17,0.9292428493499756,0.08149408549070358,0.2854716894732358,0.11723916977643967
8,380,1,0.01,3,18,0.9293513298034668,0.08136910945177078,0.2852527115590153,0.14223816990852356
8,380,1,0.01,3,19,0.9300031661987305,0.08061832934617996,0.2839336706806362,0.11674438416957855
8,380,1,0.01,3,20,0.9286025762557983,0.08223144710063934,0.28676026067194066,0.11237336695194244
8,380,1,0.01,3,21,0.9309753179550171,0.07949870079755783,0.2819551396899121,0.10410436242818832
8,380,1,0.01,3,22,0.9308142066001892,0.07968425750732422,0.2822840015079215,0.12088102102279663
8,380,1,0.01,3,23,0.9319989681243896,0.07831975072622299,0.27985666103600787,0.10591224581003189
8,380,1,0.01,3,24,0.9312348961830139,0.07919972389936447,0.28142445504853425,0.0992526113986969
8,380,1,0.01,3,25,0.9331527948379517,0.07699083536863327,0.2774722244993781,0.15686684846878052
8,380,1,0.01,3,26,0.9341256022453308,0.07587038725614548,0.27544579731073315,0.09022115170955658
8,380,1,0.01,3,27,0.9332159161567688,0.0769181177020073,0.2773411576055874,0.11645017564296722
8,380,1,0.01,3,28,0.9340007901191711,0.07601412385702133,0.27570659015885224,0.11235326528549194
8,380,1,0.01,3,29,0.935383141040802,0.07442199438810349,0.2728039486299703,0.12407824397087097
8,380,1,0.01,3,30,0.9361865520477295,0.07349667698144913,0.27110270559595884,0.11871940642595291
8,380,1,0.01,3,31,0.9364303946495056,0.07321584224700928,0.27058426090038806,0.10084495693445206
8,380,1,0.01,3,32,0.9365856051445007,0.07303707301616669,0.2702537197082895,0.10291946679353714
8,380,1,0.01,3,33,0.93776935338974,0.07167372852563858,0.2677194959759909,0.08695678412914276
8,380,1,0.01,3,34,0.9367694854736328,0.07282530516386032,0.26986164077886343,0.11480478942394257
8,380,1,0.01,3,35,0.9376589059829712,0.07180088013410568,0.26795686245010725,0.1210167184472084
8,380,1,0.01,3,36,0.9362931251525879,0.07337398082017899,0.2708763201540123,0.1428656280040741
8,380,1,0.01,3,37,0.9379698634147644,0.07144279778003693,0.2672878556538567,0.09726666659116745
8,380,1,0.01,3,38,0.9382193684577942,0.07115542888641357,0.2667497495526726,0.0981704443693161
8,380,1,0.01,3,39,0.9390235543251038,0.0702291876077652,0.2650079010289414,0.11003778129816055
8,380,1,0.01,3,40,0.9385825395584106,0.07073715329170227,0.2659645714972246,0.0977487787604332
8,380,1,0.01,3,41,0.9393709897994995,0.069829061627388,0.26425189048971437,0.09382399916648865
8,380,1,0.01,3,42,0.9399383068084717,0.0691756084561348,0.26301256330474937,0.10410761833190918
8,380,1,0.01,3,43,0.9387611150741577,0.07053142786026001,0.2655775364375911,0.08357956260442734
8,380,1,0.01,3,44,0.9386124610900879,0.07070263475179672,0.2658996704619935,0.11202269792556763
8,380,1,0.01,3,45,0.9407421350479126,0.06824979931116104,0.2612466254541119,0.13131973147392273
8,380,1,0.01,3,46,0.9406274557113647,0.06838193535804749,0.26149939838945613,0.1007005050778389
8,380,1,0.01,3,47,0.9397099018096924,0.06943867355585098,0.2635121886286306,0.10497494786977768
8,380,1,0.01,3,48,0.941444993019104,0.06744032353162766,0.2596927483231437,0.09691456705331802
8,380,1,0.01,3,49,0.9401454329490662,0.06893706321716309,0.2625586852822871,0.11385869979858398
8,380,1,0.01,3,50,0.9397127628326416,0.06943542510271072,0.26350602479395174,0.09709826856851578
8,380,1,0.01,3,51,0.9408131837844849,0.06816796958446503,0.261089964541851,0.1272599995136261
8,380,1,0.01,3,52,0.9407035708427429,0.06829426437616348,0.26133171329971316,0.14151881635189056
8,380,1,0.01,3,53,0.9409737586975098,0.06798303872346878,0.26073557241670875,0.11072725802659988
8,380,1,0.01,3,54,0.9400272369384766,0.06907320022583008,0.26281780804547866,0.10861561447381973
8,380,1,0.01,3,55,0.9427130222320557,0.06597985327243805,0.25686543806522133,0.10965171456336975
8,380,1,0.01,3,56,0.9409765005111694,0.06797989457845688,0.2607295429721321,0.09427013993263245
8,380,1,0.01,3,57,0.9417239427566528,0.06711902469396591,0.2590733963454486,0.13483040034770966
8,380,1,0.01,3,58,0.9393303394317627,0.06987587362527847,0.2643404502252322,0.11944665014743805
8,380,1,0.01,3,59,0.9389663338661194,0.07029508054256439,0.2651321944663914,0.11205391585826874
8,380,1,0.01,3,60,0.9402169585227966,0.06885469704866409,0.2624017855287271,0.0998324379324913
8,380,1,0.01,3,61,0.9409329295158386,0.06803005188703537,0.2608257117061801,0.09888067841529846
8,380,1,0.01,3,62,0.9408775568008423,0.06809384375810623,0.26094797136231246,0.08847589045763016
8,380,1,0.01,3,63,0.938166618347168,0.07121619582176208,0.266863627761001,0.09927583485841751
8,380,1,0.01,3,64,0.9398384690284729,0.06929059326648712,0.26323106440252664,0.11806950718164444
8,380,1,0.01,3,65,0.9414889812469482,0.06738965958356857,0.259595184053111,0.10059595853090286
8,380,1,0.01,3,66,0.9400754570960999,0.06901766359806061,0.26271213066407995,0.12597931921482086
8,380,1,0.01,3,67,0.9403003454208374,0.06875865161418915,0.26221870950446907,0.09921387583017349
8,380,1,0.01,3,68,0.9414913654327393,0.0673869401216507,0.2595899461104969,0.10418165475130081
8,380,1,0.01,3,69,0.9429553151130676,0.06570079922676086,0.2563216713950673,0.1007494404911995
8,380,1,0.01,3,70,0.9426464438438416,0.06605655699968338,0.25701470191349635,0.10661320388317108
8,380,1,0.01,3,71,0.9406383633613586,0.06836935877799988,0.26147535023018875,0.09718336910009384
8,380,1,0.01,3,72,0.9426412582397461,0.06606251746416092,0.25702629722299025,0.13560093939304352
8,380,1,0.01,3,73,0.9436957836151123,0.06484802067279816,0.25465274526852866,0.1089143380522728
8,380,1,0.01,3,74,0.9420264363288879,0.06677065044641495,0.2584001750123536,0.07425745576620102
8,380,1,0.01,3,75,0.9395628571510315,0.06960805505514145,0.2638333850276372,0.13878314197063446
8,380,1,0.01,3,76,0.9424991011619568,0.06622623652219772,0.2573445871243414,0.10870760679244995
8,380,1,0.01,3,77,0.9435211420059204,0.06504909694194794,0.2550472445292204,0.11458288878202438
8,380,1,0.01,3,78,0.9412396550178528,0.06767679750919342,0.2601476455960988,0.11313644051551819
8,380,1,0.01,3,79,0.9426838159561157,0.06601352989673615,0.2569309827497185,0.09457836300134659
8,380,1,0.01,3,80,0.944159746170044,0.06431363523006439,0.2536013312860648,0.13435590267181396
8,380,1,0.01,3,81,0.9419294595718384,0.06688231974840164,0.25861616296821366,0.09805258363485336
8,380,1,0.01,3,82,0.9446358680725098,0.0637652650475502,0.25251785094830465,0.11699126660823822
8,380,1,0.01,3,83,0.9446966648101807,0.06369520723819733,0.2523790942970462,0.08469133079051971
8,380,1,0.01,3,84,0.9434828758239746,0.06509317457675934,0.2551336406214581,0.10136011242866516
8,380,1,0.01,3,85,0.9438930749893188,0.06462077051401138,0.25420615750609066,0.1028534471988678
8,380,1,0.01,3,86,0.9444524645805359,0.0639764815568924,0.25293572613787163,0.10947292298078537
8,380,1,0.01,3,87,0.9374159574508667,0.07208076864480972,0.26847861859896727,0.19464127719402313
8,380,1,0.01,3,88,0.9438175559043884,0.06470774114131927,0.2543771631678427,0.1071753054857254
8,380,1,0.01,3,89,0.9422184228897095,0.06654955446720123,0.2579720032623719,0.12355756014585495
8,380,1,0.01,3,90,0.9431231021881104,0.06550754606723785,0.2559444198790781,0.0883152186870575
8,380,1,0.01,3,91,0.9439451098442078,0.06456081569194794,0.25408820455099435,0.08962655812501907
8,380,1,0.01,3,92,0.9433090686798096,0.06529338657855988,0.25552570629695925,0.1017131507396698
8,380,1,0.01,3,93,0.943885326385498,0.06462965160608292,0.2542236251926302,0.10882741212844849
8,380,1,0.01,3,94,0.9427045583724976,0.06598964333534241,0.2568844941512477,0.1312575489282608
8,380,1,0.01,3,95,0.9444162845611572,0.06401815265417099,0.2530180876027858,0.10819040238857269
8,380,1,0.01,3,96,0.944176435470581,0.06429436802864075,0.2535633412554755,0.08536110073328018
8,380,1,0.01,3,97,0.9411000609397888,0.06783756613731384,0.26045645727705397,0.11506354808807373
8,380,1,0.01,3,98,0.9455953240394592,0.06266021728515625,0.2503202294764773,0.11872360110282898
8,380,1,0.01,3,99,0.9443588256835938,0.06408431380987167,0.2531487977650134,0.08876492828130722
8,380,1,0.01,3,100,0.944254457950592,0.06420453637838364,0.25338614085696093,0.09930621087551117
9,380,1,0.01,3,1,0.9010127782821655,0.1140078455209732,0.3376504783366569,0.3464149832725525
9,380,1,0.01,3,2,0.911137044429779,0.10234727710485458,0.3199176098698766,0.28748461604118347
9,380,1,0.01,3,3,0.9119024276733398,0.10146574676036835,0.31853688445824974,0.20660582184791565
9,380,1,0.01,3,4,0.9117879867553711,0.10159759968519211,0.31874378375929485,0.1566726714372635
9,380,1,0.01,3,5,0.9179141521453857,0.09454181790351868,0.30747653228095095,0.13598309457302094
9,380,1,0.01,3,6,0.9204939603805542,0.09157054871320724,0.3026062602016145,0.136958509683609
9,380,1,0.01,3,7,0.9213008880615234,0.09064113348722458,0.30106665954108003,0.1540558934211731
9,380,1,0.01,3,8,0.9243086576461792,0.08717700093984604,0.29525751631388836,0.14386311173439026
9,380,1,0.01,3,9,0.9227098226547241,0.08901842683553696,0.29835955965166755,0.16061748564243317
9,380,1,0.01,3,10,0.9270926117897034,0.0839705690741539,0.289776757304919,0.13442088663578033
9,380,1,0.01,3,11,0.9281500577926636,0.08275268226861954,0.28766765940685707,0.1550542414188385
9,380,1,0.01,3,12,0.9278906583786011,0.08305146545171738,0.28818651157144287,0.14407987892627716
9,380,1,0.01,3,13,0.9289321303367615,0.08185191452503204,0.28609773596628135,0.12282804399728775
9,380,1,0.01,3,14,0.9303570985794067,0.08021072298288345,0.28321497662179423,0.12131090462207794
9,380,1,0.01,3,15,0.9314895272254944,0.07890647649765015,0.2809029663382894,0.1409483551979065
9,380,1,0.01,3,16,0.9297798275947571,0.08087556809186935,0.2843863008161071,0.11262466758489609
9,380,1,0.01,3,17,0.9321500658988953,0.07814565300941467,0.279545439972493,0.12159468978643417
9,380,1,0.01,3,18,0.9312381744384766,0.07919596880674362,0.28141778338751733,0.1544972062110901
9,380,1,0.01,3,19,0.9315978288650513,0.07878170907497406,0.28068079570033655,0.1095796450972557
9,380,1,0.01,3,20,0.9326741099357605,0.07754211127758026,0.2784638419572284,0.12125470489263535
9,380,1,0.01,3,21,0.9322521090507507,0.07802814990282059,0.27933519273951246,0.12659409642219543
9,380,1,0.01,3,22,0.9324594736099243,0.07778932899236679,0.2789073842557181,0.1144375205039978
9,380,1,0.01,3,23,0.9339593052864075,0.0760619193315506,0.275793254688273,0.11298242956399918
9,380,1,0.01,3,24,0.9354487061500549,0.07434652745723724,0.2726655963946263,0.10933537781238556
9,380,1,0.01,3,25,0.9349179267883301,0.07495783269405365,0.27378428131295934,0.13587686419487
9,380,1,0.01,3,26,0.9338415265083313,0.0761975347995758,0.27603900956128613,0.10929764062166214
9,380,1,0.01,3,27,0.9349218010902405,0.0749533548951149,0.2737761035866989,0.09209007769823074
9,380,1,0.01,3,28,0.9371027946472168,0.07244139909744263,0.26914939921434455,0.1143539547920227
9,380,1,0.01,3,29,0.9363614320755005,0.07329530268907547,0.27073105231774847,0.10040143877267838
9,380,1,0.01,3,30,0.9334381818771362,0.07666211575269699,0.27687924399040276,0.1642989069223404
9,380,1,0.01,3,31,0.9371665120124817,0.07236804068088531,0.2690130864491267,0.1605840027332306
9,380,1,0.01,3,32,0.9383714199066162,0.07098031044006348,0.2664213025267752,0.1133764386177063
9,380,1,0.01,3,33,0.9369284510612488,0.07264219224452972,0.26952215538714014,0.12797075510025024
9,380,1,0.01,3,34,0.9386568665504456,0.07065155357122421,0.2658035996205172,0.09790882468223572
9,380,1,0.01,3,35,0.9378718137741089,0.07155568897724152,0.26749895135727453,0.11207433044910431
9,380,1,0.01,3,36,0.9397252202033997,0.06942104548215866,0.2634787381975226,0.0981874167919159
9,380,1,0.01,3,37,0.9368718266487122,0.07270743697881699,0.2696431660154156,0.15404275059700012
9,380,1,0.01,3,38,0.938232421875,0.071140356361866,0.26672149587512817,0.12325547635555267
9,380,1,0.01,3,39,0.9386842250823975,0.07061999291181564,0.26574422460669894,0.11030053347349167
9,380,1,0.01,3,40,0.9364973306655884,0.0731387585401535,0.2704417840130358,0.09488449990749359
9,380,1,0.01,3,41,0.9344013929367065,0.07555270940065384,0.27486853112106857,0.11414764076471329
9,380,1,0.01,3,42,0.9368019700050354,0.07278788834810257,0.2697923059468201,0.1028577983379364
9,380,1,0.01,3,43,0.9376469850540161,0.0718146413564682,0.26798253927535687,0.09034916013479233
9,380,1,0.01,3,44,0.9380266070365906,0.07137741148471832,0.26716551327729093,0.09956046938896179
9,380,1,0.01,3,45,0.9387860298156738,0.07050279527902603,0.2655236247097912,0.09922987967729568
9,380,1,0.01,3,46,0.9375597238540649,0.07191512733697891,0.26816995979598257,0.10626589506864548
9,380,1,0.01,3,47,0.9363455772399902,0.07331351935863495,0.2707646937077191,0.12769967317581177
9,380,1,0.01,3,48,0.9397808909416199,0.06935694068670273,0.263357059306757,0.15961749851703644
9,380,1,0.01,3,49,0.9383398294448853,0.07101666927337646,0.26648952938788506,0.08203473687171936
9,380,1,0.01,3,50,0.9373347759246826,0.07217425853013992,0.26865267266517173,0.11212417483329773
9,380,1,0.01,3,51,0.9383051991462708,0.0710565373301506,0.2665643211874961,0.11233490705490112
9,380,1,0.01,3,52,0.939038097858429,0.0702124610543251,0.2649763405557657,0.11951924115419388
9,380,1,0.01,3,53,0.9377135038375854,0.07173806428909302,0.2678396241953252,0.09211403131484985
9,380,1,0.01,3,54,0.9373981952667236,0.07210119068622589,0.2685166488064118,0.10062061250209808
9,380,1,0.01,3,55,0.9367639422416687,0.07283167541027069,0.26987344332162566,0.13823175430297852
9,380,1,0.01,3,56,0.9367867112159729,0.0728054940700531,0.269824932261741,0.09603622555732727
9,380,1,0.01,3,57,0.9361301064491272,0.0735616683959961,0.2712225440408597,0.12329892814159393
9,380,1,0.01,3,58,0.9359267354011536,0.07379593700170517,0.27165407598949287,0.10945072770118713
9,380,1,0.01,3,59,0.9343612194061279,0.07559897005558014,0.2749526687551516,0.10545600950717926
9,380,1,0.01,3,60,0.933708667755127,0.07635056972503662,0.2763160685248627,0.1410111039876938
9,380,1,0.01,3,61,0.9355414509773254,0.07423969358205795,0.27246961955795723,0.092159703373909
9,380,1,0.01,3,62,0.9339931011199951,0.07602299749851227,0.27572268223436436,0.10284047573804855
9,380,1,0.01,3,63,0.9338887929916382,0.07614310085773468,0.275940393668152,0.11161942780017853
9,380,1,0.01,3,64,0.9365055561065674,0.07312929630279541,0.2704242894098003,0.14343401789665222
9,380,1,0.01,3,65,0.9369757175445557,0.07258778810501099,0.2694212094565144,0.12885624170303345
9,380,1,0.01,3,66,0.9364356994628906,0.0732097327709198,0.27057297124975327,0.12450646609067917
9,380,1,0.01,3,67,0.9374995827674866,0.0719844400882721,0.2682991615497001,0.12543322145938873
9,380,1,0.01,3,68,0.9361647367477417,0.07352182269096375,0.2711490783516768,0.10670974105596542
9,380,1,0.01,3,69,0.9363274574279785,0.07333439588546753,0.27080324201432215,0.08931729942560196
9,380,1,0.01,3,70,0.9362799525260925,0.07338912039995193,0.27090426427052033,0.10874515771865845
9,380,1,0.01,3,71,0.9360271692276001,0.07368025928735733,0.2714410788501942,0.11879629641771317
9,380,1,0.01,3,72,0.9353973269462585,0.07440569251775742,0.2727740686314544,0.09570924192667007
9,380,1,0.01,3,73,0.9355796575546265,0.07419566810131073,0.2723888178712752,0.10451031476259232
9,380,1,0.01,3,74,0.9357805848121643,0.07396423816680908,0.2719636706746125,0.0867515429854393
9,380,1,0.01,3,75,0.9366278052330017,0.07298847287893295,0.27016378898537263,0.09457051008939743
9,380,1,0.01,3,76,0.9359158277511597,0.07380848377943039,0.27167716830722155,0.08814500272274017
9,380,1,0.01,3,77,0.9367652535438538,0.0728302001953125,0.26987071014712305,0.09560617059469223
9,380,1,0.01,3,78,0.9364416599273682,0.07320289313793182,0.2705603317892921,0.11169352382421494
9,380,1,0.01,3,79,0.9372208714485168,0.07230538874864578,0.2688966134941937,0.11079932749271393
9,380,1,0.01,3,80,0.9356440305709839,0.07412156462669373,0.2722527587127332,0.10806969553232193
9,380,1,0.01,3,81,0.9391189217567444,0.07011934369802475,0.264800573447311,0.12059900164604187
9,380,1,0.01,3,82,0.9335875511169434,0.07649003714323044,0.27656832274002463,0.14697302877902985
9,380,1,0.01,3,83,0.9340543150901794,0.07595246285200119,0.2755947438758606,0.10638438910245895
9,380,1,0.01,3,84,0.9366219639778137,0.07299518585205078,0.2701762125947634,0.0869288444519043
9,380,1,0.01,3,85,0.9352096915245056,0.07462179660797119,0.2731699042866384,0.11027229577302933
9,380,1,0.01,3,86,0.9341698884963989,0.07581935077905655,0.275353138313433,0.10431387275457382
9,380,1,0.01,3,87,0.9354363679885864,0.074360691010952,0.2726915675464718,0.13529808819293976
9,380,1,0.01,3,88,0.9353095889091492,0.07450670748949051,0.2729591681726234,0.09205687046051025
9,380,1,0.01,3,89,0.9354727864265442,0.07431875169277191,0.27261465788319583,0.09513425081968307
9,380,1,0.01,3,90,0.9366849660873413,0.07292263954877853,0.2700419218358115,0.09442085772752762
9,380,1,0.01,3,91,0.9358305931091309,0.07390666007995605,0.27185779385545683,0.0965501144528389
9,380,1,0.01,3,92,0.9352601766586304,0.07456361502408981,0.27306339012048064,0.12875764071941376
9,380,1,0.01,3,93,0.937283456325531,0.07223336398601532,0.26876265362958324,0.15496835112571716
9,380,1,0.01,3,94,0.9341384172439575,0.07585559785366058,0.2754189496996541,0.10950955003499985
9,380,1,0.01,3,95,0.9345098733901978,0.0754278302192688,0.2746412755200296,0.10477334260940552
9,380,1,0.01,3,96,0.9359933137893677,0.07371927052736282,0.2715129288401619,0.13411659002304077
9,380,1,0.01,3,97,0.9349424242973328,0.0749296024441719,0.2737327208138843,0.08612307906150818
9,380,1,0.01,3,98,0.9350428581237793,0.07481393218040466,0.2735213559859717,0.10834252834320068
9,380,1,0.01,3,99,0.9360030293464661,0.07370806485414505,0.2714922924396659,0.09061341732740402
9,380,1,0.01,3,100,0.9342100620269775,0.07577311992645264,0.2752691772183232,0.09751597046852112
10,380,1,0.01,3,1,0.908750593662262,0.10509584099054337,0.32418488704833753,0.5763362050056458
10,380,1,0.01,3,2,0.913350522518158,0.09979789704084396,0.31590805156064633,0.2489839643239975
10,380,1,0.01,3,3,0.9152973294258118,0.0975557342171669,0.31233913334253666,0.1726798117160797
10,380,1,0.01,3,4,0.9159500598907471,0.0968039482831955,0.3111333287887935,0.15247918665409088
10,380,1,0.01,3,5,0.9195099472999573,0.09270387887954712,0.30447311684210665,0.1328151524066925
10,380,1,0.01,3,6,0.9215086102485657,0.09040192514657974,0.30066912902155374,0.13258890807628632
10,380,1,0.01,3,7,0.9221699237823486,0.08964026719331741,0.29939984501218003,0.11971767246723175
10,380,1,0.01,3,8,0.9235158562660217,0.08809005469083786,0.29679968782132815,0.15416958928108215
10,380,1,0.01,3,9,0.9230501055717468,0.08862648159265518,0.29770200132457153,0.11760874837636948
10,380,1,0.01,3,10,0.9246204495429993,0.08681787550449371,0.2946487323992651,0.14103318750858307
10,380,1,0.01,3,11,0.9249475598335266,0.08644109219312668,0.2940086600648469,0.12451576441526413
10,380,1,0.01,3,12,0.9261384010314941,0.08506957441568375,0.2916668894744204,0.15035094320774078
10,380,1,0.01,3,13,0.9290302395820618,0.08173894137144089,0.2859002297505913,0.14093530178070068
10,380,1,0.01,3,14,0.9270734786987305,0.08399263024330139,0.28981482060671326,0.1254083812236786
10,380,1,0.01,3,15,0.9282463192939758,0.08264181762933731,0.2874748991291889,0.11545109003782272
10,380,1,0.01,3,16,0.9316145181655884,0.0787624642252922,0.28064651115824013,0.1514962762594223
10,380,1,0.01,3,17,0.9297029972076416,0.08096405863761902,0.28454183987178233,0.10952572524547577
10,380,1,0.01,3,18,0.9289809465408325,0.08179571479558945,0.285999501390456,0.09121967107057571
10,380,1,0.01,3,19,0.9304178953170776,0.08014066517353058,0.2830912665087543,0.10581613332033157
10,380,1,0.01,3,20,0.9311485886573792,0.07929915934801102,0.2816010641812474,0.1519424468278885
10,380,1,0.01,3,21,0.9320878982543945,0.07821732014417648,0.27967359572218553,0.10503102093935013
10,380,1,0.01,3,22,0.930645763874054,0.07987825572490692,0.28262741502711114,0.11099112033843994
10,380,1,0.01,3,23,0.9312491416931152,0.07918335497379303,0.2813953712728641,0.12358073890209198
10,380,1,0.01,3,24,0.9326844811439514,0.07753019034862518,0.27844243632863364,0.09279932826757431
10,380,1,0.01,3,25,0.9334365129470825,0.0766640231013298,0.2768826883380935,0.10040704160928726
10,380,1,0.01,3,26,0.9321702122688293,0.07812245935201645,0.27950395230124464,0.1454455703496933
10,380,1,0.01,3,27,0.9334290027618408,0.07667267322540283,0.27689830845529345,0.09996120631694794
10,380,1,0.01,3,28,0.9331833720207214,0.07695557922124863,0.2774086862757701,0.09446460753679276
10,380,1,0.01,3,29,0.9334707260131836,0.07662463188171387,0.2768115457883104,0.11201620101928711
10,380,1,0.01,3,30,0.9336828589439392,0.07638031244277954,0.27636988338597884,0.1310853213071823
10,380,1,0.01,3,31,0.9336954951286316,0.07636575400829315,0.27634354345324075,0.09388032555580139
10,380,1,0.01,3,32,0.9341287016868591,0.07586680352687836,0.27543929190817773,0.13703227043151855
10,380,1,0.01,3,33,0.9364787340164185,0.07316016405820847,0.27048135621186253,0.0960974469780922
10,380,1,0.01,3,34,0.9336786270141602,0.07638517767190933,0.27637868527060716,0.14244505763053894
10,380,1,0.01,3,35,0.936016321182251,0.07369273155927658,0.2714640520571307,0.12652923166751862
10,380,1,0.01,3,36,0.9380756616592407,0.07132089138031006,0.26705971500829184,0.09272930771112442
10,380,1,0.01,3,37,0.9369725584983826,0.07259143143892288,0.26942797078054626,0.12869971990585327
10,380,1,0.01,3,38,0.9341850876808167,0.07580186426639557,0.27532138359814257,0.14492788910865784
10,380,1,0.01,3,39,0.9371525049209595,0.07238419353961945,0.26904310721447494,0.10176912695169449
10,380,1,0.01,3,40,0.9350420832633972,0.07481484115123749,0.273523017589448,0.13470910489559174
10,380,1,0.01,3,41,0.9383658766746521,0.07098666578531265,0.2664332295065926,0.1086130365729332
10,380,1,0.01,3,42,0.9370642900466919,0.07248576730489731,0.26923180960818377,0.14990398287773132
10,380,1,0.01,3,43,0.9364960193634033,0.07314027845859528,0.27044459406428384,0.10157965123653412
10,380,1,0.01,3,44,0.9376274943351746,0.07183708250522614,0.2680244065476615,0.1339922398328781
10,380,1,0.01,3,45,0.9375918507575989,0.07187817245721817,0.2681010489670232,0.11287759244441986
10,380,1,0.01,3,46,0.9378951191902161,0.0715288296341896,0.2674487420688114,0.10053269565105438
10,380,1,0.01,3,47,0.9369702935218811,0.07259400188922882,0.2694327409377502,0.0935060977935791
10,380,1,0.01,3,48,0.9381334185600281,0.0712544247508049,0.2669352444897543,0.09552627056837082
10,380,1,0.01,3,49,0.9365631341934204,0.0730629712343216,0.27030163009926816,0.08786455541849136
10,380,1,0.01,3,50,0.9380816221237183,0.07131405174732208,0.267046909263751,0.15392476320266724
10,380,1,0.01,3,51,0.935874879360199,0.0738556757569313,0.2717640074714297,0.13610273599624634
10,380,1,0.01,3,52,0.9366509914398193,0.07296177744865417,0.2701143784559685,0.11280911415815353
10,380,1,0.01,3,53,0.9372700452804565,0.07224877178668976,0.268791316427242,0.09923747181892395
10,380,1,0.01,3,54,0.935992956161499,0.07371964305639267,0.2715136148637719,0.10078538209199905
10,380,1,0.01,3,55,0.9385988712310791,0.07071834057569504,0.26592920218677574,0.09299390017986298
10,380,1,0.01,3,56,0.9370411038398743,0.0725124403834343,0.26928134057790615,0.11035416275262833
10,380,1,0.01,3,57,0.938022792339325,0.07138178497552872,0.26717369813574227,0.10696595907211304
10,380,1,0.01,3,58,0.93631511926651,0.07334858924150467,0.2708294467769424,0.1096586361527443
10,380,1,0.01,3,59,0.9335042238235474,0.0765860453248024,0.27674183876819636,0.13411997258663177
10,380,1,0.01,3,60,0.9371782541275024,0.07235446572303772,0.2689878542295873,0.11055158823728561
10,380,1,0.01,3,61,0.9383477568626404,0.07100752741098404,0.26647237645013794,0.12136106193065643
10,380,1,0.01,3,62,0.9347044825553894,0.07520365715026855,0.27423285206238246,0.11430346220731735
10,380,1,0.01,3,63,0.9365333318710327,0.07309725880622864,0.27036504730868716,0.1208956241607666
10,380,1,0.01,3,64,0.9374247789382935,0.07207054644823074,0.26845958066016334,0.10021429508924484
10,380,1,0.01,3,65,0.9371355772018433,0.0724036917090416,0.26907934091832764,0.10624205321073532
10,380,1,0.01,3,66,0.9376594424247742,0.07180032879114151,0.26795583365760395,0.1108461320400238
10,380,1,0.01,3,67,0.9355717897415161,0.07420473545789719,0.2724054615052664,0.12713623046875
10,380,1,0.01,3,68,0.9372321367263794,0.07229242473840714,0.26887250647548017,0.11641523241996765
10,380,1,0.01,3,69,0.9357108473777771,0.0740445926785469,0.27211136080389386,0.11263060569763184
10,380,1,0.01,3,70,0.9365139603614807,0.07311959564685822,0.27040635282266984,0.10863900184631348
10,380,1,0.01,3,71,0.9361603260040283,0.07352691143751144,0.27115846185858083,0.10913997143507004
10,380,1,0.01,3,72,0.936551570892334,0.07307625561952591,0.2703262022437446,0.1006818413734436
10,380,1,0.01,3,73,0.9359115362167358,0.07381342351436615,0.2716862593403762,0.12621602416038513
10,380,1,0.01,3,74,0.9350355863571167,0.07482227683067322,0.27353660967167304,0.1263194978237152
10,380,1,0.01,3,75,0.9362370371818542,0.07343853265047073,0.2709954476563596,0.11190827190876007
10,380,1,0.01,3,76,0.9341012835502625,0.07589837908744812,0.2754966044935003,0.1375955045223236
10,380,1,0.01,3,77,0.9351205229759216,0.07472445070743561,0.2733577339447992,0.09759946912527084
10,380,1,0.01,3,78,0.9366917610168457,0.07291480153799057,0.27002740886434207,0.09498797357082367
10,380,1,0.01,3,79,0.9355008006095886,0.07428648322820663,0.2725554681678697,0.0960654690861702
10,380,1,0.01,3,80,0.9364284873008728,0.07321804761886597,0.2705883360732054,0.10961830615997314
10,380,1,0.01,3,81,0.9370213747024536,0.0725351944565773,0.2693235868923799,0.10567557066679001
10,380,1,0.01,3,82,0.93510502576828,0.07474230974912643,0.2733903980558323,0.10478131473064423
10,380,1,0.01,3,83,0.9377198815345764,0.07173068076372147,0.2678258403584715,0.1023109033703804
10,380,1,0.01,3,84,0.9358031153678894,0.07393833249807358,0.2719160394277498,0.08760283887386322
10,380,1,0.01,3,85,0.9378529191017151,0.07157748937606812,0.2675396968228605,0.09707605838775635
10,380,1,0.01,3,86,0.9380349516868591,0.07136783003807068,0.2671475810073351,0.11087574809789658
10,380,1,0.01,3,87,0.9361870288848877,0.07349614799022675,0.2711017299653891,0.10394256561994553
10,380,1,0.01,3,88,0.9381187558174133,0.07127126306295395,0.266966782695814,0.07531233131885529
10,380,1,0.01,3,89,0.9374358654022217,0.07205778360366821,0.26843580909347436,0.10615310817956924
10,380,1,0.01,3,90,0.9394442439079285,0.06974466145038605,0.2640921457567151,0.12176936864852905
10,380,1,0.01,3,91,0.9370302557945251,0.07252497971057892,0.2693046225198872,0.1369786262512207
10,380,1,0.01,3,92,0.9380196332931519,0.071385458111763,0.26718057210763474,0.11181584745645523
10,380,1,0.01,3,93,0.9386574029922485,0.07065087556838989,0.26580232423436384,0.10242266207933426
10,380,1,0.01,3,94,0.9359968900680542,0.07371515780687332,0.27150535502430395,0.13338510692119598
10,380,1,0.01,3,95,0.935890793800354,0.07383732497692108,0.2717302430295919,0.12754422426223755
10,380,1,0.01,3,96,0.9363904595375061,0.07326185703277588,0.27066927611529146,0.10977312177419662
10,380,1,0.01,3,97,0.9369555115699768,0.0726110190153122,0.26946431863108,0.11737450957298279
10,380,1,0.01,3,98,0.9358606338500977,0.07387205213308334,0.2717941355752242,0.10265222191810608
10,380,1,0.01,3,99,0.936387300491333,0.07326550781726837,0.27067602002628227,0.09762557595968246
10,380,1,0.01,3,100,0.9329618215560913,0.07721078395843506,0.27786828526918117,0.13528454303741455
11,380,1,0.01,3,1,0.9052420854568481,0.10913679748773575,0.3303585892446808,0.3101499080657959
11,380,1,0.01,3,2,0.9105054140090942,0.10307475179433823,0.32105256858392867,0.265958696603775
11,380,1,0.01,3,3,0.9124977588653564,0.10078005492687225,0.3174587452360893,0.2179790884256363
11,380,1,0.01,3,4,0.9186408519744873,0.09370480477809906,0.3061124054625997,0.2111203670501709
11,380,1,0.01,3,5,0.9207416772842407,0.09128522872924805,0.3021344547204904,0.17902113497257233
11,380,1,0.01,3,6,0.9239287972450256,0.08761444687843323,0.2959973764722134,0.16775108873844147
11,380,1,0.01,3,7,0.9234232306480408,0.0881967693567276,0.2969794089776724,0.14157141745090485
11,380,1,0.01,3,8,0.9215536117553711,0.09035006910562515,0.30058288225650037,0.1734963208436966
11,380,1,0.01,3,9,0.9268432855606079,0.08425772190093994,0.2902718069343627,0.14712654054164886
11,380,1,0.01,3,10,0.9284797310829163,0.0823729857802391,0.28700694378401215,0.13434414565563202
11,380,1,0.01,3,11,0.9276206493377686,0.0833623856306076,0.28872545026479324,0.1459416002035141
11,380,1,0.01,3,12,0.9269244074821472,0.08416430652141571,0.2901108521262445,0.14485260844230652
11,380,1,0.01,3,13,0.9263200759887695,0.08486036956310272,0.29130803209507067,0.10916056483983994
11,380,1,0.01,3,14,0.9261633157730103,0.08504089713096619,0.29161772430866784,0.1267804354429245
11,380,1,0.01,3,15,0.9288678169250488,0.08192601799964905,0.28622721393964107,0.1567928045988083
11,380,1,0.01,3,16,0.9282285571098328,0.08266225457191467,0.28751044254411817,0.11508668214082718
11,380,1,0.01,3,17,0.9269670248031616,0.08411520719528198,0.2900262181170557,0.14685098826885223
11,380,1,0.01,3,18,0.9269230961799622,0.0841657891869545,0.29011340745810854,0.17468996345996857
11,380,1,0.01,3,19,0.9276383519172668,0.08334203064441681,0.2886901983864655,0.1318010538816452
11,380,1,0.01,3,20,0.930313229560852,0.08026126772165298,0.28330419644201,0.13139553368091583
11,380,1,0.01,3,21,0.929802656173706,0.08084931969642639,0.2843401478800108,0.15269684791564941
11,380,1,0.01,3,22,0.9286143183708191,0.08221793919801712,0.28673670709906873,0.11536069214344025
11,380,1,0.01,3,23,0.9302669763565063,0.0803145170211792,0.2833981598761347,0.12566575407981873
11,380,1,0.01,3,24,0.9313431978225708,0.07907498627901077,0.2812027494158099,0.15561723709106445
11,380,1,0.01,3,25,0.9300000667572021,0.08062189817428589,0.2839399552269562,0.11158628761768341
11,380,1,0.01,3,26,0.9288894534111023,0.08190105110406876,0.28618359684662004,0.10825564712285995
11,380,1,0.01,3,27,0.9276816844940186,0.08329214155673981,0.2886037795260828,0.15276242792606354
11,380,1,0.01,3,28,0.9280517101287842,0.08286596089601517,0.2878644835613021,0.10898684710264206
11,380,1,0.01,3,29,0.9314080476760864,0.07900027185678482,0.281069870062205,0.12954819202423096
11,380,1,0.01,3,30,0.9258981347084045,0.08534631133079529,0.2921409100601887,0.09701741486787796
11,380,1,0.01,3,31,0.9301190376281738,0.08048488199710846,0.2836985759518515,0.1101953312754631
11,380,1,0.01,3,32,0.9319419860839844,0.07838534563779831,0.27997383027311373,0.10384506732225418
11,380,1,0.01,3,33,0.9318416118621826,0.07850094139575958,0.2801801945101752,0.09505560249090195
11,380,1,0.01,3,34,0.9306344985961914,0.07989121973514557,0.2826503489032794,0.09485616534948349
11,380,1,0.01,3,35,0.929776668548584,0.08087924867868423,0.28439277184676165,0.12913289666175842
11,380,1,0.01,3,36,0.9292615652084351,0.08147251605987549,0.28543390839189986,0.12479813396930695
11,380,1,0.01,3,37,0.9306990504264832,0.07981690764427185,0.2825188624574859,0.13568080961704254
11,380,1,0.01,3,38,0.9319112300872803,0.0784207284450531,0.2800370126341393,0.13640476763248444
11,380,1,0.01,3,39,0.9309591054916382,0.07951737940311432,0.28198826110871056,0.12225919216871262
11,380,1,0.01,3,40,0.9312202334403992,0.0792166218161583,0.2814544755660465,0.12157388031482697
11,380,1,0.01,3,41,0.9340549111366272,0.07595176249742508,0.2755934732489597,0.150430366396904
11,380,1,0.01,3,42,0.9310457706451416,0.07941753417253494,0.2818111675795247,0.1135803833603859
11,380,1,0.01,3,43,0.9323517084121704,0.07791343331336975,0.2791297786216472,0.12837402522563934
11,380,1,0.01,3,44,0.9319749474525452,0.07834738492965698,0.27990602874832293,0.1127750501036644
11,380,1,0.01,3,45,0.9319557547569275,0.07836945354938507,0.27994544745250827,0.14545859396457672
11,380,1,0.01,3,46,0.9314985275268555,0.07889609038829803,0.28088447872443584,0.10787953436374664
11,380,1,0.01,3,47,0.9309598803520203,0.07951648533344269,0.2819866758083486,0.11416835337877274
11,380,1,0.01,3,48,0.9327407479286194,0.07746534794569016,0.27832597425624894,0.13428163528442383
11,380,1,0.01,3,49,0.9297494888305664,0.08091050386428833,0.28444771727733786,0.11332319676876068
11,380,1,0.01,3,50,0.9305084943771362,0.08003634214401245,0.28290694962127116,0.09712674468755722
11,380,1,0.01,3,51,0.9336341619491577,0.07643642276525497,0.2764713778409168,0.10799521952867508
11,380,1,0.01,3,52,0.9328519105911255,0.07733733206987381,0.2780959044464226,0.11271244287490845
11,380,1,0.01,3,53,0.9332507848739624,0.0768779069185257,0.2772686547710103,0.11172157526016235
11,380,1,0.01,3,54,0.9310394525527954,0.07942482084035873,0.2818240955638086,0.13292816281318665
11,380,1,0.01,3,55,0.9320969581604004,0.07820688188076019,0.2796549335891648,0.19809770584106445
11,380,1,0.01,3,56,0.9294465780258179,0.08125940710306168,0.28506035694754484,0.1192144826054573
11,380,1,0.01,3,57,0.932098388671875,0.07820523530244827,0.2796519896271941,0.08411037176847458
11,380,1,0.01,3,58,0.9327904582023621,0.07740810513496399,0.2782231211365511,0.11475197970867157
11,380,1,0.01,3,59,0.9337195158004761,0.07633811235427856,0.27629352571907756,0.10777176171541214
11,380,1,0.01,3,60,0.933854341506958,0.0761827602982521,0.2760122466454199,0.09858628362417221
11,380,1,0.01,3,61,0.933776319026947,0.07627265155315399,0.2761750378892958,0.09066911786794662
11,380,1,0.01,3,62,0.9328580498695374,0.07733027637004852,0.2780832184257952,0.11569683253765106
11,380,1,0.01,3,63,0.9332402944564819,0.07689002901315689,0.27729051374534414,0.09214983880519867
11,380,1,0.01,3,64,0.9335673451423645,0.07651335746049881,0.27661047966499536,0.0988168939948082
11,380,1,0.01,3,65,0.9337062239646912,0.07635336369276047,0.2763211242246247,0.09149531275033951
11,380,1,0.01,3,66,0.9341079592704773,0.07589071989059448,0.2754827034327101,0.09115128964185715
11,380,1,0.01,3,67,0.9349132776260376,0.07496315985918045,0.2737940099037604,0.10612297058105469
11,380,1,0.01,3,68,0.9354554414749146,0.07433876395225525,0.2726513597109966,0.1152685135602951
11,380,1,0.01,3,69,0.9358195066452026,0.07391943037509918,0.2718812799276537,0.20616796612739563
11,380,1,0.01,3,70,0.9327490329742432,0.07745581865310669,0.27830885478745854,0.10844609141349792
11,380,1,0.01,3,71,0.9343680143356323,0.07559120655059814,0.2749385504991945,0.09428871423006058
11,380,1,0.01,3,72,0.9339033365249634,0.0761263370513916,0.2759100162215783,0.10155351459980011
11,380,1,0.01,3,73,0.9347516894340515,0.0751492902636528,0.274133708732897,0.10137485712766647
11,380,1,0.01,3,74,0.9358581900596619,0.07387489080429077,0.2717993576230282,0.09923118352890015
11,380,1,0.01,3,75,0.9354990124702454,0.07428857684135437,0.2725593088510359,0.09310421347618103
11,380,1,0.01,3,76,0.9340657591819763,0.07593929022550583,0.2755708442950847,0.1316777765750885
11,380,1,0.01,3,77,0.9347193241119385,0.0751865804195404,0.2742017148369798,0.1106330007314682
11,380,1,0.01,3,78,0.9347102642059326,0.07519698143005371,0.2742206801648149,0.10221238434314728
11,380,1,0.01,3,79,0.9362413883209229,0.07343350350856781,0.27098616848202384,0.11526375263929367
11,380,1,0.01,3,80,0.9354703426361084,0.07432157546281815,0.2726198368842923,0.0916980430483818
11,380,1,0.01,3,81,0.9367933869361877,0.07279777526855469,0.26981062853148446,0.09604180604219437
11,380,1,0.01,3,82,0.9366439580917358,0.07296990603208542,0.27012942459511036,0.09608770906925201
11,380,1,0.01,3,83,0.937140941619873,0.07239746302366257,0.26906776660102294,0.15977925062179565
11,380,1,0.01,3,84,0.9372588992118835,0.07226161658763885,0.2688152089961408,0.09017398208379745
11,380,1,0.01,3,85,0.9366036057472229,0.07301633805036545,0.2702153549492801,0.10305231809616089
11,380,1,0.01,3,86,0.9354081153869629,0.07439325749874115,0.2727512740552116,0.08371885120868683
11,380,1,0.01,3,87,0.9372351765632629,0.07228896766901016,0.26886607757210684,0.12688489258289337
11,380,1,0.01,3,88,0.9369154572486877,0.07265718281269073,0.2695499634811527,0.08123889565467834
11,380,1,0.01,3,89,0.9366656541824341,0.07294490933418274,0.2700831526293018,0.08377457410097122
11,380,1,0.01,3,90,0.9362456798553467,0.07342860847711563,0.27097713644718374,0.07113908976316452
11,380,1,0.01,3,91,0.932992696762085,0.07717522233724594,0.2778042878309223,0.10173241794109344
11,380,1,0.01,3,92,0.9359116554260254,0.073813296854496,0.271686026240762,0.0877503752708435
11,380,1,0.01,3,93,0.9374915957450867,0.07199361175298691,0.2683162532404381,0.09439805150032043
11,380,1,0.01,3,94,0.9357995390892029,0.07394243776798248,0.2719235881051559,0.08947893232107162
11,380,1,0.01,3,95,0.9378749132156372,0.07155211269855499,0.2674922666144855,0.09936483949422836
11,380,1,0.01,3,96,0.9363153576850891,0.07334833592176437,0.27082897910261444,0.09279477596282959
11,380,1,0.01,3,97,0.93730628490448,0.07220704853534698,0.2687136924969529,0.09671521186828613
11,380,1,0.01,3,98,0.9385253190994263,0.07080303132534027,0.2660883900611605,0.10594423860311508
11,380,1,0.01,3,99,0.9386674165725708,0.07063940912485123,0.26578075386463035,0.12105295807123184
11,380,1,0.01,3,100,0.9372502565383911,0.07227158546447754,0.26883375060523473,0.08746544271707535
12,380,1,0.01,3,1,0.8949248194694519,0.12101960182189941,0.3478787171154617,0.40780919790267944
12,380,1,0.01,3,2,0.9058555364608765,0.10843025147914886,0.32928749062050455,0.281162828207016
12,380,1,0.01,3,3,0.9096062183380127,0.10411042720079422,0.32266147461510525,0.2777945101261139
12,380,1,0.01,3,4,0.9102541208267212,0.10336420685052872,0.32150304329901563,0.2255391925573349
12,380,1,0.01,3,5,0.9128137230873108,0.1004161611199379,0.3168850913500632,0.18030251562595367
12,380,1,0.01,3,6,0.9139768481254578,0.0990765318274498,0.3147642480134137,0.1489730030298233
12,380,1,0.01,3,7,0.914590060710907,0.09837029874324799,0.3136403971800316,0.15262341499328613
12,380,1,0.01,3,8,0.9148937463760376,0.0980205312371254,0.31308230744825777,0.1780165731906891
12,380,1,0.01,3,9,0.9148692488670349,0.09804872423410416,0.3131273291076717,0.18230193853378296
12,380,1,0.01,3,10,0.9170917868614197,0.09548895806074142,0.30901287685263445,0.1421583890914917
12,380,1,0.01,3,11,0.9169907569885254,0.0956052839756012,0.3092010413559456,0.10950981825590134
12,380,1,0.01,3,12,0.9187753200531006,0.09354997426271439,0.3058594027698256,0.1332932561635971
12,380,1,0.01,3,13,0.9190191030502319,0.0932692140340805,0.3054000884644281,0.09911371767520905
12,380,1,0.01,3,14,0.9197373986244202,0.09244188666343689,0.304042573767946,0.1438715159893036
12,380,1,0.01,3,15,0.9202530384063721,0.09184802323579788,0.3030643879372796,0.1541222333908081
12,380,1,0.01,3,16,0.9201496839523315,0.09196704626083374,0.3032606902663676,0.1084195077419281
12,380,1,0.01,3,17,0.922468364238739,0.08929651975631714,0.2988252327972274,0.11423703283071518
12,380,1,0.01,3,18,0.9229134917259216,0.08878384530544281,0.2979661814794471,0.09826940298080444
12,380,1,0.01,3,19,0.922360360622406,0.08942089229822159,0.2990332628625478,0.13790883123874664
12,380,1,0.01,3,20,0.9244041442871094,0.08706699311733246,0.29507116619102663,0.11074092239141464
12,380,1,0.01,3,21,0.9239058494567871,0.08764089643955231,0.2960420518094555,0.12819063663482666
12,380,1,0.01,3,22,0.9247778654098511,0.08663654327392578,0.29434086239244084,0.12744580209255219
12,380,1,0.01,3,23,0.9254736304283142,0.08583520352840424,0.2929764555871414,0.11877913028001785
12,380,1,0.01,3,24,0.9243429899215698,0.08713742345571518,0.2951904867296966,0.10095217823982239
12,380,1,0.01,3,25,0.9252378940582275,0.08610675483942032,0.29343952501225923,0.09982845932245255
12,380,1,0.01,3,26,0.9269101023674011,0.0841807872056961,0.2901392548513491,0.1068890243768692
12,380,1,0.01,3,27,0.9244258403778076,0.08704198896884918,0.2950287934572644,0.1557585895061493
12,380,1,0.01,3,28,0.9253737926483154,0.08595017343759537,0.2931726000798768,0.115497887134552
12,380,1,0.01,3,29,0.9256588220596313,0.08562193065881729,0.29261225309070243,0.12122564762830734
12,380,1,0.01,3,30,0.927259087562561,0.08377882838249207,0.2894457261430752,0.10056663304567337
12,380,1,0.01,3,31,0.9299710988998413,0.0806553065776825,0.2839987791834368,0.10608945041894913
12,380,1,0.01,3,32,0.9287739396095276,0.08203409612178802,0.28641594948917914,0.11209440976381302
12,380,1,0.01,3,33,0.9300697445869446,0.08054167032241821,0.28379864397565085,0.09301990270614624
12,380,1,0.01,3,34,0.9296876192092896,0.08098180592060089,0.284573023880692,0.12693223357200623
12,380,1,0.01,3,35,0.9295833110809326,0.08110195398330688,0.28478404797900264,0.1264159381389618
12,380,1,0.01,3,36,0.929802417755127,0.08084957301616669,0.2843405933316006,0.13960158824920654
12,380,1,0.01,3,37,0.9293347001075745,0.08138823509216309,0.28528623361838384,0.12653814256191254
12,380,1,0.01,3,38,0.9311441779136658,0.07930421829223633,0.28161004650444615,0.12826359272003174
12,380,1,0.01,3,39,0.9303594827651978,0.08020796626806259,0.28321010975610067,0.11278944462537766
12,380,1,0.01,3,40,0.9315154552459717,0.07887658476829529,0.2808497547947929,0.11891909688711166
12,380,1,0.01,3,41,0.9323786497116089,0.07788242399692535,0.27907422667979453,0.1268736571073532
12,380,1,0.01,3,42,0.9304744005203247,0.08007565140724182,0.2829764149310713,0.15483228862285614
12,380,1,0.01,3,43,0.9328856468200684,0.07729845494031906,0.2780259968785636,0.09995513409376144
12,380,1,0.01,3,44,0.9336636066436768,0.0764024630188942,0.27640995463060697,0.10611466318368912
12,380,1,0.01,3,45,0.9345261454582214,0.07540905475616455,0.2746070915984592,0.10819713771343231
12,380,1,0.01,3,46,0.9351989030838013,0.07463423907756805,0.27319267756945476,0.1101851686835289
12,380,1,0.01,3,47,0.936140239238739,0.07355000823736191,0.2712010476332308,0.10135484486818314
12,380,1,0.01,3,48,0.934671938419342,0.07524113357067108,0.27430117311209423,0.12801620364189148
12,380,1,0.01,3,49,0.9356846213340759,0.07407481223344803,0.27216688305789155,0.08439774066209793
12,380,1,0.01,3,50,0.9359366297721863,0.07378453016281128,0.27163308002305475,0.10046886652708054
12,380,1,0.01,3,51,0.9358551502227783,0.07387840002775192,0.2718058130867549,0.1253291666507721
12,380,1,0.01,3,52,0.9368032813072205,0.07278639078140259,0.26978953052593163,0.09170866757631302
12,380,1,0.01,3,53,0.9368340969085693,0.07275085151195526,0.26972365767940204,0.15004844963550568
12,380,1,0.01,3,54,0.9364866614341736,0.07315104454755783,0.2704644977581306,0.10865034908056259
12,380,1,0.01,3,55,0.930473268032074,0.0800769180059433,0.28297865291562774,0.12703044712543488
12,380,1,0.01,3,56,0.9370782375335693,0.07246970385313034,0.26920197594581347,0.09916022419929504
12,380,1,0.01,3,57,0.9359277486801147,0.07379479706287384,0.27165197783722067,0.10561832040548325
12,380,1,0.01,3,58,0.9364665150642395,0.07317423075437546,0.27050735804109927,0.10426120460033417
12,380,1,0.01,3,59,0.9368688464164734,0.07271084189414978,0.2696494796845523,0.0963878408074379
12,380,1,0.01,3,60,0.9366639852523804,0.07294680178165436,0.27008665605996596,0.09012914448976517
12,380,1,0.01,3,61,0.9371526837348938,0.07238397002220154,0.2690426918208364,0.20766644179821014
12,380,1,0.01,3,62,0.937267005443573,0.07225227355957031,0.26879783027318194,0.11722841113805771
12,380,1,0.01,3,63,0.9326844215393066,0.07753024250268936,0.27844252998184266,0.10741166770458221
12,380,1,0.01,3,64,0.9352602958679199,0.07456351816654205,0.27306321276682816,0.12143608182668686
12,380,1,0.01,3,65,0.9358556270599365,0.07387780398130417,0.27180471662814126,0.08244206011295319
12,380,1,0.01,3,66,0.9361224174499512,0.07357052713632584,0.2712388746775171,0.09925127029418945
12,380,1,0.01,3,67,0.9356377720832825,0.07412871718406677,0.272265894272615,0.09284985810518265
12,380,1,0.01,3,68,0.9362521767616272,0.07342113554477692,0.2709633472349663,0.08330123871564865
12,380,1,0.01,3,69,0.9381741881370544,0.0712074264883995,0.26684719689065406,0.10856932401657104
12,380,1,0.01,3,70,0.936951220035553,0.07261601835489273,0.26947359491217826,0.11091949790716171
12,380,1,0.01,3,71,0.9386730194091797,0.0706329196691513,0.2657685452967512,0.1542692482471466
12,380,1,0.01,3,72,0.9356667995452881,0.07409528642892838,0.2722044937706363,0.0979246199131012
12,380,1,0.01,3,73,0.9385198950767517,0.0708092525601387,0.2661000799701847,0.11258289963006973
12,380,1,0.01,3,74,0.9364211559295654,0.0732264593243599,0.27060387898986205,0.08632323145866394
12,380,1,0.01,3,75,0.9377104640007019,0.0717415139079094,0.26784606382754517,0.11624336987733841
12,380,1,0.01,3,76,0.9380350708961487,0.07136769592761993,0.2671473300027907,0.11802928149700165
12,380,1,0.01,3,77,0.9370725750923157,0.07247623801231384,0.26921411183723976,0.07839501649141312
12,380,1,0.01,3,78,0.9379383325576782,0.07147905230522156,0.26735566630468405,0.10819946229457855
12,380,1,0.01,3,79,0.9380941987037659,0.07129958271980286,0.26701981709192085,0.12736298143863678
12,380,1,0.01,3,80,0.9359318017959595,0.0737900659441948,0.2716432696464148,0.12157361954450607
12,380,1,0.01,3,81,0.937827467918396,0.07160677015781403,0.2675944135399953,0.09658894687891006
12,380,1,0.01,3,82,0.93800288438797,0.07140471786260605,0.26721661225044757,0.16677556931972504
12,380,1,0.01,3,83,0.9369668960571289,0.07259789854288101,0.2694399720584921,0.09247671812772751
12,380,1,0.01,3,84,0.9371204376220703,0.0724211111664772,0.26911170759830794,0.08770573884248734
12,380,1,0.01,3,85,0.9380598068237305,0.07133916020393372,0.2670939164487535,0.08981188386678696
12,380,1,0.01,3,86,0.9386876225471497,0.07061611860990524,0.265736934974996,0.1376989632844925
12,380,1,0.01,3,87,0.9369301795959473,0.07264023274183273,0.26951852022047157,0.12241201102733612
12,380,1,0.01,3,88,0.9372010827064514,0.07232820987701416,0.26893904490983483,0.07871004194021225
12,380,1,0.01,3,89,0.9376917481422424,0.0717630684375763,0.26788629759204985,0.10561419278383255
12,380,1,0.01,3,90,0.9381698966026306,0.07121237367391586,0.26685646642702116,0.07655587792396545
12,380,1,0.01,3,91,0.9362509846687317,0.07342246174812317,0.27096579442454205,0.09580445289611816
12,380,1,0.01,3,92,0.9384105801582336,0.07093518227338791,0.2663365958207544,0.10721279680728912
12,380,1,0.01,3,93,0.9381647109985352,0.0712183341383934,0.2668676341154794,0.09342984855175018
12,380,1,0.01,3,94,0.937958836555481,0.0714554488658905,0.2673115202640741,0.10257478803396225
12,380,1,0.01,3,95,0.9381924867630005,0.07118634134531021,0.26680768606865546,0.19589847326278687
12,380,1,0.01,3,96,0.9377449154853821,0.07170184701681137,0.26777200566304793,0.08533348888158798
12,380,1,0.01,3,97,0.9383384585380554,0.07101824879646301,0.266492492945792,0.09256909787654877
12,380,1,0.01,3,98,0.9377830028533936,0.07165795564651489,0.2676900365096073,0.0920511856675148
12,380,1,0.01,3,99,0.9384024739265442,0.07094449549913406,0.26635407918621046,0.07936552911996841
12,380,1,0.01,3,100,0.9343600273132324,0.07560034096240997,0.27495516173079926,0.14134332537651062
13,380,1,0.01,3,1,0.9026809334754944,0.11208653450012207,0.3347932712885999,0.33600664138793945
13,380,1,0.01,3,2,0.9051654934883118,0.10922498255968094,0.3304920310078307,0.22815823554992676
13,380,1,0.01,3,3,0.9086359739303589,0.10522787272930145,0.324388459611777,0.18047861754894257
13,380,1,0.01,3,4,0.9083608388900757,0.10554476827383041,0.32487654312650893,0.1504630744457245
13,380,1,0.01,3,5,0.9095072746276855,0.10422434657812119,0.3228379571520691,0.1540886014699936
13,380,1,0.01,3,6,0.9117026925086975,0.10169581323862076,0.3188978100248115,0.12385780364274979
13,380,1,0.01,3,7,0.9125858545303345,0.10067863762378693,0.3172989719866532,0.13156335055828094
13,380,1,0.01,3,8,0.9169065952301025,0.09570220857858658,0.3093577356048925,0.12962642312049866
13,380,1,0.01,3,9,0.9174994826316833,0.0950193777680397,0.3082521334363149,0.1475510448217392
13,380,1,0.01,3,10,0.918437659740448,0.09393882751464844,0.30649441677565425,0.11770142614841461
13,380,1,0.01,3,11,0.9153079986572266,0.09754342585802078,0.31231942920353317,0.18843993544578552
13,380,1,0.01,3,12,0.9213653206825256,0.09056694805622101,0.3009434299934475,0.10902322083711624
13,380,1,0.01,3,13,0.9217416644096375,0.09013349562883377,0.300222410270842,0.10098256170749664
13,380,1,0.01,3,14,0.9191012382507324,0.09317461401224136,0.3052451703340142,0.12392448633909225
13,380,1,0.01,3,15,0.9199197292327881,0.09223192185163498,0.3036970889745817,0.1257282942533493
13,380,1,0.01,3,16,0.9205092191696167,0.0915529727935791,0.3025772179024374,0.12798531353473663
13,380,1,0.01,3,17,0.9238808751106262,0.08766965568065643,0.29609062072388653,0.11082960665225983
13,380,1,0.01,3,18,0.9228677749633789,0.08883646875619888,0.2980544728001895,0.125985786318779
13,380,1,0.01,3,19,0.9233487248420715,0.08828256279230118,0.2971238172753931,0.1180618554353714
13,380,1,0.01,3,20,0.9217005968093872,0.09018079936504364,0.3003011810916561,0.13255023956298828
13,380,1,0.01,3,21,0.9256890416145325,0.08558709174394608,0.2925527161794026,0.08664970844984055
13,380,1,0.01,3,22,0.92696213722229,0.08412087708711624,0.2900359927442045,0.10058741271495819
13,380,1,0.01,3,23,0.9268887042999268,0.08420543372631073,0.2901817253486352,0.09227492660284042
13,380,1,0.01,3,24,0.9258924126625061,0.08535289019346237,0.29215216958541035,0.1097448468208313
13,380,1,0.01,3,25,0.9261690378189087,0.08503428846597672,0.29160639304716335,0.09473592787981033
13,380,1,0.01,3,26,0.9279367923736572,0.08299828320741653,0.28809422626532544,0.08167602121829987
13,380,1,0.01,3,27,0.9296348094940186,0.08104262501001358,0.28467986407544454,0.11759091913700104
13,380,1,0.01,3,28,0.9267364144325256,0.08438084274530411,0.2904838080604565,0.12178229540586472
13,380,1,0.01,3,29,0.9293489456176758,0.08137185871601105,0.28525753051586744,0.07749276608228683
13,380,1,0.01,3,30,0.9292069673538208,0.08153536915779114,0.28554398813106036,0.09605743736028671
13,380,1,0.01,3,31,0.9316638112068176,0.07870571315288544,0.28054538519263766,0.120036281645298
13,380,1,0.01,3,32,0.9298205375671387,0.08082867413759232,0.284303841229049,0.09132558107376099
13,380,1,0.01,3,33,0.9303139448165894,0.08026044070720673,0.2833027368508937,0.09877514839172363
13,380,1,0.01,3,34,0.9299730658531189,0.08065304160118103,0.28399479150361373,0.10737580806016922
13,380,1,0.01,3,35,0.9299253821372986,0.08070795238018036,0.2840914507340556,0.08009840548038483
13,380,1,0.01,3,36,0.9294871687889099,0.08121266961097717,0.28497836691752093,0.10056835412979126
13,380,1,0.01,3,37,0.9289147853851318,0.08187191188335419,0.28613268230552447,0.1396661400794983
13,380,1,0.01,3,38,0.9306339621543884,0.07989181578159332,0.2826514032896234,0.08354131132364273
13,380,1,0.01,3,39,0.9309913516044617,0.07948021590709686,0.28192235794114817,0.1328735500574112
13,380,1,0.01,3,40,0.9309387803077698,0.07954079657793045,0.28202977959416,0.08419770002365112
13,380,1,0.01,3,41,0.9316590428352356,0.07871124148368835,0.28055523784753755,0.09872948378324509
13,380,1,0.01,3,42,0.9323318600654602,0.07793629169464111,0.2791707214136918,0.14425517618656158
13,380,1,0.01,3,43,0.9297106266021729,0.08095529675483704,0.28452644297997515,0.1148003339767456
13,380,1,0.01,3,44,0.931710422039032,0.0786520317196846,0.2804496955243214,0.12715719640254974
13,380,1,0.01,3,45,0.9331759214401245,0.07696419209241867,0.2774242096364675,0.08097514510154724
13,380,1,0.01,3,46,0.9318384528160095,0.07850456237792969,0.28018665631669487,0.11178378760814667
13,380,1,0.01,3,47,0.93247389793396,0.07777273654937744,0.27887763723428494,0.13373228907585144
13,380,1,0.01,3,48,0.9318166971206665,0.07852964848279953,0.28023141951394304,0.0825384333729744
13,380,1,0.01,3,49,0.9328272342681885,0.07736577838659286,0.2781470445404604,0.08669919520616531
13,380,1,0.01,3,50,0.9337161183357239,0.07634196430444717,0.2763004963883474,0.09158250689506531
13,380,1,0.01,3,51,0.9328975081443787,0.07728482782840729,0.27800148889602605,0.11674434691667557
13,380,1,0.01,3,52,0.9333004355430603,0.0768207535147667,0.2771655705796928,0.1005401611328125
13,380,1,0.01,3,53,0.9343063831329346,0.07566214352846146,0.2750675253977857,0.09162946045398712
13,380,1,0.01,3,54,0.9341379404067993,0.07585616409778595,0.2754199776664466,0.09876950085163116
13,380,1,0.01,3,55,0.9329456090927124,0.07722942531108856,0.2779018267501827,0.11741086095571518
13,380,1,0.01,3,56,0.9324122071266174,0.07784376293420792,0.27900495145105925,0.0996910035610199
13,380,1,0.01,3,57,0.9341838359832764,0.07580333948135376,0.2753240626631711,0.0883505716919899
13,380,1,0.01,3,58,0.9332143068313599,0.07691992819309235,0.2773444216008181,0.10263875871896744
13,380,1,0.01,3,59,0.934428870677948,0.0755210891366005,0.27481100621445365,0.11509189009666443
13,380,1,0.01,3,60,0.9336487054824829,0.07641960680484772,0.2764409644116583,0.09281620383262634
13,380,1,0.01,3,61,0.9333001375198364,0.07682110369205475,0.27716620229034916,0.08828819543123245
13,380,1,0.01,3,62,0.9343787431716919,0.07557886093854904,0.2749160979981875,0.08762351423501968
13,380,1,0.01,3,63,0.9341019988059998,0.07589752972126007,0.27549506297075466,0.11096286028623581
13,380,1,0.01,3,64,0.9348369836807251,0.07505104690790176,0.2739544613761597,0.11050749570131302
13,380,1,0.01,3,65,0.9346928596496582,0.07521706819534302,0.2742573029024806,0.08919209986925125
13,380,1,0.01,3,66,0.9364234209060669,0.07322388142347336,0.27059911571081185,0.09835227578878403
13,380,1,0.01,3,67,0.9359635710716248,0.0737534910440445,0.2715759397370181,0.0974871888756752
13,380,1,0.01,3,68,0.9338106513023376,0.07623309642076492,0.2761034161700375,0.09455379843711853
13,380,1,0.01,3,69,0.936077356338501,0.0736224427819252,0.2713345587681842,0.10298945754766464
13,380,1,0.01,3,70,0.9357650279998779,0.07398218661546707,0.2719966665521235,0.08954638987779617
13,380,1,0.01,3,71,0.9340811371803284,0.07592160999774933,0.2755387631491245,0.11588218808174133
13,380,1,0.01,3,72,0.9355918169021606,0.07418166846036911,0.2723631187594405,0.10101035982370377
13,380,1,0.01,3,73,0.9354861378669739,0.07430341094732285,0.2725865201130145,0.1306246966123581
13,380,1,0.01,3,74,0.9359850883483887,0.07372871786355972,0.2715303258635391,0.08891566097736359
13,380,1,0.01,3,75,0.9356046915054321,0.07416681200265884,0.2723358441385541,0.11027947068214417
13,380,1,0.01,3,76,0.9320350885391235,0.0782780721783638,0.27978218702834495,0.12108004093170166
13,380,1,0.01,3,77,0.9336460828781128,0.07642263919115067,0.2764464490478231,0.10217056423425674
13,380,1,0.01,3,78,0.9351844787597656,0.07465079426765442,0.2732229753656424,0.09167192876338959
13,380,1,0.01,3,79,0.9362625479698181,0.07340914011001587,0.27094121153862116,0.08904143422842026
13,380,1,0.01,3,80,0.9353727102279663,0.07443401962518692,0.2728259878112547,0.12143506854772568
13,380,1,0.01,3,81,0.9357566833496094,0.0739918202161789,0.2720143750175327,0.06478133052587509
13,380,1,0.01,3,82,0.9357056617736816,0.07405057549476624,0.2721223539049415,0.09323685616254807
13,380,1,0.01,3,83,0.9361608028411865,0.07352633774280548,0.27115740399776195,0.11950918287038803
13,380,1,0.01,3,84,0.9362350702285767,0.0734407976269722,0.27099962661777266,0.08217231929302216
13,380,1,0.01,3,85,0.9338647127151489,0.0761708915233612,0.27599074535817536,0.10479147732257843
13,380,1,0.01,3,86,0.9371556639671326,0.07238055020570755,0.26903633621819106,0.09873221814632416
13,380,1,0.01,3,87,0.9362772703170776,0.07339223474264145,0.27091001225986727,0.10985200107097626
13,380,1,0.01,3,88,0.9331607818603516,0.07698161154985428,0.277455602844589,0.10472453385591507
13,380,1,0.01,3,89,0.9374104738235474,0.07208707183599472,0.2684903570633305,0.08965728431940079
13,380,1,0.01,3,90,0.9356481432914734,0.07411680370569229,0.2722440150043565,0.11192411184310913
13,380,1,0.01,3,91,0.9367462396621704,0.07285208255052567,0.26991124939602956,0.09788031131029129
13,380,1,0.01,3,92,0.9340312480926514,0.07597900927066803,0.27564290172371214,0.12455793470144272
13,380,1,0.01,3,93,0.9358622431755066,0.0738702341914177,0.2717907912189405,0.1152493879199028
13,380,1,0.01,3,94,0.9363057613372803,0.07335937768220901,0.2708493634517331,0.06852839142084122
13,380,1,0.01,3,95,0.9367977976799011,0.07279271632432938,0.2698012533779808,0.10233628749847412
13,380,1,0.01,3,96,0.9364418983459473,0.07320263236761093,0.27055984988096615,0.12565205991268158
13,380,1,0.01,3,97,0.9368292093276978,0.07275653630495071,0.2697341956537041,0.10202427208423615
13,380,1,0.01,3,98,0.936879575252533,0.07269849628210068,0.2696265867493424,0.07865819334983826
13,380,1,0.01,3,99,0.936764121055603,0.07283144444227219,0.2698730154021928,0.08407559990882874
13,380,1,0.01,3,100,0.935146689414978,0.07469438016414642,0.2733027262288952,0.09411846846342087
14,380,1,0.01,3,1,0.8953900337219238,0.12048380076885223,0.3471077653537187,0.3864923119544983
14,380,1,0.01,3,2,0.9046779870986938,0.10978648066520691,0.3313404301699491,0.29085856676101685
14,380,1,0.01,3,3,0.9061141014099121,0.10813242942094803,0.3288349577233966,0.2252015620470047
14,380,1,0.01,3,4,0.9103478789329529,0.1032562255859375,0.3213350674699814,0.18192623555660248
14,380,1,0.01,3,5,0.9122099280357361,0.10111162811517715,0.31798054675589377,0.191902294754982
14,380,1,0.01,3,6,0.914398193359375,0.09859131276607513,0.3139925361630036,0.21101242303848267
14,380,1,0.01,3,7,0.9191644191741943,0.09310184419155121,0.30512594807972526,0.17746052145957947
14,380,1,0.01,3,8,0.9174306988716125,0.09509863704442978,0.3083806690511417,0.17221035063266754
14,380,1,0.01,3,9,0.920879065990448,0.09112697094678879,0.30187244151593035,0.14764145016670227
14,380,1,0.01,3,10,0.9221845269203186,0.08962339907884598,0.2993716738084049,0.15555958449840546
14,380,1,0.01,3,11,0.9141130447387695,0.09891967475414276,0.3145149833539616,0.17313897609710693
14,380,1,0.01,3,12,0.9228953719139099,0.0888047069311142,0.29800118612367,0.13656717538833618
14,380,1,0.01,3,13,0.924225389957428,0.08727288246154785,0.2954198410086023,0.1652192622423172
14,380,1,0.01,3,14,0.9257138967514038,0.0855584591627121,0.2925037763221393,0.1608099639415741
14,380,1,0.01,3,15,0.9237766861915588,0.08778965473175049,0.29629319049169944,0.16099922358989716
14,380,1,0.01,3,16,0.9216822385787964,0.0902019515633583,0.3003363973336537,0.19037118554115295
14,380,1,0.01,3,17,0.9238726496696472,0.08767912536859512,0.29610661149085327,0.15226443111896515
14,380,1,0.01,3,18,0.925054669380188,0.0863177552819252,0.29379883471846036,0.14152157306671143
14,380,1,0.01,3,19,0.9262859225273132,0.08489964157342911,0.2913754306276168,0.1386769860982895
14,380,1,0.01,3,20,0.9255589842796326,0.08573693782091141,0.2928087051658666,0.12761400640010834
14,380,1,0.01,3,21,0.9271150827407837,0.0839446559548378,0.28973204164337396,0.1435113251209259
14,380,1,0.01,3,22,0.925880491733551,0.08536660671234131,0.29217564359874576,0.14460493624210358
14,380,1,0.01,3,23,0.9252831339836121,0.08605461567640305,0.29335067014820854,0.12666548788547516
14,380,1,0.01,3,24,0.9269171953201294,0.08417261391878128,0.29012516939897043,0.12744034826755524
14,380,1,0.01,3,25,0.9254984855651855,0.08580663055181503,0.29292768826421145,0.11715850234031677
14,380,1,0.01,3,26,0.9297935962677002,0.08085977286100388,0.2843585287291448,0.13204047083854675
14,380,1,0.01,3,27,0.9289559125900269,0.08182450383901596,0.2860498275458595,0.125692218542099
14,380,1,0.01,3,28,0.9294272065162659,0.08128173649311066,0.2850995203312532,0.12065261602401733
14,380,1,0.01,3,29,0.9291788339614868,0.08156777173280716,0.2856007208198312,0.12128088623285294
14,380,1,0.01,3,30,0.9256672263145447,0.08561224490404129,0.2925957021284511,0.11809176951646805
14,380,1,0.01,3,31,0.927249014377594,0.08379042893648148,0.2894657647053991,0.09753157943487167
14,380,1,0.01,3,32,0.928493320941925,0.08235730230808258,0.2869796200221935,0.12282365560531616
14,380,1,0.01,3,33,0.9301309585571289,0.08047118037939072,0.28367442672787885,0.09646479785442352
14,380,1,0.01,3,34,0.9280312061309814,0.08288954198360443,0.2879054393088196,0.10820957273244858
14,380,1,0.01,3,35,0.9288046360015869,0.08199872821569443,0.286354200625195,0.1340808868408203
14,380,1,0.01,3,36,0.9295408725738525,0.08115078508853912,0.28486976864619934,0.09991444647312164
14,380,1,0.01,3,37,0.9321935176849365,0.07809566706418991,0.27945601991045016,0.13441020250320435
14,380,1,0.01,3,38,0.9310675859451294,0.07939241081476212,0.28176658924500275,0.09472239762544632
14,380,1,0.01,3,39,0.9254792332649231,0.0858287364244461,0.292965418478779,0.10673581808805466
14,380,1,0.01,3,40,0.9292616248130798,0.08147241175174713,0.2854337256733113,0.09594276547431946
14,380,1,0.01,3,41,0.9258809089660645,0.08536612242460251,0.29217481483625946,0.12680469453334808
14,380,1,0.01,3,42,0.9280878901481628,0.08282426744699478,0.2877920559136315,0.11060463637113571
14,380,1,0.01,3,43,0.9283480644226074,0.0825246199965477,0.28727098704280546,0.11762577295303345
14,380,1,0.01,3,44,0.9274216294288635,0.08359161764383316,0.2891221500401399,0.09638872742652893
14,380,1,0.01,3,45,0.9267780184745789,0.0843329131603241,0.2904012967607481,0.09332770854234695
14,380,1,0.01,3,46,0.9289146661758423,0.08187204599380493,0.2861329166555378,0.10864333808422089
14,380,1,0.01,3,47,0.9287600517272949,0.08205008506774902,0.2864438602374801,0.11656329035758972
14,380,1,0.01,3,48,0.9330675601959229,0.07708898186683655,0.27764902641074857,0.11773006618022919
14,380,1,0.01,3,49,0.9298279881477356,0.08082011342048645,0.284288785252754,0.11093113571405411
14,380,1,0.01,3,50,0.9294910430908203,0.08120822161436081,0.284970562715451,0.09310678392648697
14,380,1,0.01,3,51,0.9288198351860046,0.08198125660419464,0.2863236920064329,0.10050353407859802
14,380,1,0.01,3,52,0.9311051368713379,0.07934915274381638,0.2816898165426226,0.12698478996753693
14,380,1,0.01,3,53,0.928446888923645,0.08241076022386551,0.28707274378433334,0.1125485748052597
14,380,1,0.01,3,54,0.926409125328064,0.08475779742002487,0.29113192442606645,0.11255999654531479
14,380,1,0.01,3,55,0.9300987124443054,0.08050833642482758,0.28373990982029224,0.09279514104127884
14,380,1,0.01,3,56,0.928285539150238,0.08259664475917816,0.2873963200167639,0.1339309960603714
14,380,1,0.01,3,57,0.927456259727478,0.08355174958705902,0.2890531950819071,0.08716733753681183
14,380,1,0.01,3,58,0.9264236092567444,0.08474107831716537,0.29110320904649156,0.13283748924732208
14,380,1,0.01,3,59,0.9270495176315308,0.0840202271938324,0.28986242804791446,0.10148908197879791
14,380,1,0.01,3,60,0.9309731125831604,0.07950121909379959,0.2819596054292167,0.09483009576797485
14,380,1,0.01,3,61,0.9302717447280884,0.08030903339385986,0.2833884849351855,0.09652240574359894
14,380,1,0.01,3,62,0.9280983209609985,0.08281227201223373,0.2877712147040314,0.09502865374088287
14,380,1,0.01,3,63,0.9285569787025452,0.08228402584791183,0.28685192320762265,0.08304676413536072
14,380,1,0.01,3,64,0.9299091100692749,0.08072669804096222,0.2841244411186095,0.09596902132034302
14,380,1,0.01,3,65,0.9271798133850098,0.08387017250061035,0.2896034746003755,0.15082766115665436
14,380,1,0.01,3,66,0.9298661351203918,0.0807761698961258,0.28421148797352613,0.10046206414699554
14,380,1,0.01,3,67,0.9271235466003418,0.0839349702000618,0.289715326139405,0.07999932765960693
14,380,1,0.01,3,68,0.9242497682571411,0.08724479377269745,0.2953722968944404,0.0886785089969635
14,380,1,0.01,3,69,0.9261563420295715,0.08504889905452728,0.2916314438714167,0.10140048712491989
14,380,1,0.01,3,70,0.9270898103713989,0.08397376537322998,0.28978227235845533,0.09599035978317261
14,380,1,0.01,3,71,0.9260748624801636,0.08514273166656494,0.29179227485758585,0.09345908463001251
14,380,1,0.01,3,72,0.9243011474609375,0.08718563616275787,0.29527213915768935,0.10594624280929565
14,380,1,0.01,3,73,0.9232239723205566,0.08842625468969345,0.29736552370726077,0.100862056016922
14,380,1,0.01,3,74,0.9226154685020447,0.0891270712018013,0.2985415736573406,0.10010077804327011
14,380,1,0.01,3,75,0.9241875410079956,0.08731644600629807,0.2954935633923319,0.1130153015255928
14,380,1,0.01,3,76,0.9234033226966858,0.08821969479322433,0.2970180041566914,0.08889540284872055
14,380,1,0.01,3,77,0.9229369163513184,0.08875684440135956,0.2979208693619156,0.09925751388072968
14,380,1,0.01,3,78,0.9223477244377136,0.08943545818328857,0.2990576168287452,0.18032531440258026
14,380,1,0.01,3,79,0.9276414513587952,0.0833384171128273,0.2886839398249014,0.09756387025117874
14,380,1,0.01,3,80,0.9269009828567505,0.08419124782085419,0.2901572811784226,0.09035232663154602
14,380,1,0.01,3,81,0.9271915555000305,0.08385661989450455,0.28958007509927985,0.09029325842857361
14,380,1,0.01,3,82,0.9254504442214966,0.08586190640926361,0.29302202376146336,0.08217213302850723
14,380,1,0.01,3,83,0.9263643026351929,0.08480942994356155,0.29122058640068965,0.14773572981357574
14,380,1,0.01,3,84,0.9235453605651855,0.08805610239505768,0.29674248498497424,0.1043962761759758
14,380,1,0.01,3,85,0.9236197471618652,0.08797043561935425,0.29659810454443947,0.06994711607694626
14,380,1,0.01,3,86,0.9259354472160339,0.08530333638191223,0.29206734905139986,0.10099638998508453
14,380,1,0.01,3,87,0.928274929523468,0.08260882645845413,0.287417512442186,0.07569355517625809
14,380,1,0.01,3,88,0.929308295249939,0.08141865581274033,0.2853395447755889,0.0797915831208229
14,380,1,0.01,3,89,0.9285842180252075,0.08225264400243759,0.28679721756397425,0.1021857038140297
14,380,1,0.01,3,90,0.9289230704307556,0.08186236023902893,0.28611599088311884,0.08228127658367157
14,380,1,0.01,3,91,0.9289854764938354,0.081790491938591,0.28599037035989694,0.08478057384490967
14,380,1,0.01,3,92,0.9314872026443481,0.07890915125608444,0.2809077272986353,0.11103573441505432
14,380,1,0.01,3,93,0.9302669763565063,0.08031455427408218,0.2833982256015062,0.09848672896623611
14,380,1,0.01,3,94,0.9279902577400208,0.08293671160936356,0.2879873462660531,0.09155810624361038
14,380,1,0.01,3,95,0.9286123514175415,0.08222023397684097,0.28674070861466633,0.08950670808553696
14,380,1,0.01,3,96,0.9302446842193604,0.0803401842713356,0.28344344104483277,0.10169589519500732
14,380,1,0.01,3,97,0.9256669878959656,0.08561249822378159,0.29259613501169424,0.08971892297267914
14,380,1,0.01,3,98,0.9267534613609314,0.08436119556427002,0.29044998806037164,0.10738670080900192
14,380,1,0.01,3,99,0.9254218935966492,0.08589479327201843,0.2930781350971417,0.0995670035481453
14,380,1,0.01,3,100,0.9292952418327332,0.08143369853496552,0.2853659028948019,0.08987081795930862
15,380,1,0.01,3,1,0.9091386795043945,0.10464891046285629,0.3234948383867296,0.3627719581127167
15,380,1,0.01,3,2,0.914151668548584,0.09887519478797913,0.31444426340446907,0.26836514472961426
15,380,1,0.01,3,3,0.9164792895317078,0.09619437158107758,0.3101521748772328,0.19887284934520721
15,380,1,0.01,3,4,0.9192656874656677,0.09298519790172577,0.30493474367760354,0.22565381228923798
15,380,1,0.01,3,5,0.9190656542778015,0.09321556985378265,0.30531224976044224,0.1775168627500534
15,380,1,0.01,3,6,0.9206033945083618,0.0914444699883461,0.3023978670367007,0.1504630148410797
15,380,1,0.01,3,7,0.9213598966598511,0.09057318419218063,0.30095379079217566,0.19310517609119415
15,380,1,0.01,3,8,0.9194031953811646,0.09282684326171875,0.3046749797107054,0.1768445521593094
15,380,1,0.01,3,9,0.9216314554214478,0.09026046097278595,0.30043378800125986,0.1270821988582611
15,380,1,0.01,3,10,0.9208939075469971,0.09110988676548004,0.3018441431690866,0.16830086708068848
15,380,1,0.01,3,11,0.923607349395752,0.08798469603061676,0.29662214352710886,0.14657308161258698
15,380,1,0.01,3,12,0.9239786863327026,0.08755703270435333,0.2959003763166808,0.17655207216739655
15,380,1,0.01,3,13,0.9231395721435547,0.08852346241474152,0.2975289270217965,0.11570918560028076
15,380,1,0.01,3,14,0.9257434606552124,0.08552443236112595,0.29244560581606616,0.1321115642786026
15,380,1,0.01,3,15,0.926121711730957,0.08508879691362381,0.29169984044154673,0.11904436349868774
15,380,1,0.01,3,16,0.9270706176757812,0.08399591594934464,0.28982048918139763,0.13798682391643524
15,380,1,0.01,3,17,0.9275188446044922,0.0834796354174614,0.28892842611529485,0.12073902040719986
15,380,1,0.01,3,18,0.928054690361023,0.08286246657371521,0.2878584141096369,0.10854747146368027
15,380,1,0.01,3,19,0.9259628653526306,0.08527178317308426,0.29201332704704464,0.11390663683414459
15,380,1,0.01,3,20,0.9280815720558167,0.08283154666423798,0.28780470229695343,0.12432464957237244
15,380,1,0.01,3,21,0.9288188219070435,0.08198243379592896,0.2863257476999387,0.10361168533563614
15,380,1,0.01,3,22,0.9306957721710205,0.07982064038515091,0.2825254685601829,0.10870831459760666
15,380,1,0.01,3,23,0.9297600388526917,0.08089838922023773,0.28442642145243424,0.11200906336307526
15,380,1,0.01,3,24,0.9312654137611389,0.07916455715894699,0.2813619682170051,0.155674546957016
15,380,1,0.01,3,25,0.9292056560516357,0.0815369263291359,0.28554671479310684,0.09846585243940353
15,380,1,0.01,3,26,0.9330981373786926,0.0770537257194519,0.2775855286563979,0.10840356349945068
15,380,1,0.01,3,27,0.9318804144859314,0.07845623791217804,0.28010040684043647,0.08726625144481659
15,380,1,0.01,3,28,0.9324343204498291,0.07781826704740524,0.27895925696668544,0.1058378517627716
15,380,1,0.01,3,29,0.9314500093460083,0.07895198464393616,0.280983957983256,0.1318015158176422
15,380,1,0.01,3,30,0.9336127638816833,0.07646103203296661,0.2765158802545825,0.13788636028766632
15,380,1,0.01,3,31,0.9312861561775208,0.07914069294929504,0.2813195566420775,0.15784725546836853
15,380,1,0.01,3,32,0.934647798538208,0.07526891678571701,0.2743518120693155,0.10356713831424713
15,380,1,0.01,3,33,0.9327741861343384,0.07742688059806824,0.27825686082838685,0.09390588849782944
15,380,1,0.01,3,34,0.9335422515869141,0.0765422135591507,0.27666263491687976,0.0913289487361908
15,380,1,0.01,3,35,0.9345077872276306,0.07543022185564041,0.27464562959501176,0.15451568365097046
15,380,1,0.01,3,36,0.9305896162986755,0.07994294911623001,0.28274184182082074,0.1270141452550888
15,380,1,0.01,3,37,0.9350908994674683,0.07475859671831131,0.27342018345087715,0.15399885177612305
15,380,1,0.01,3,38,0.9350453019142151,0.07481113821268082,0.27351624853503825,0.09163464605808258
15,380,1,0.01,3,39,0.9337247014045715,0.07633210718631744,0.2762826581353188,0.11438892781734467
15,380,1,0.01,3,40,0.9337053298950195,0.07635445892810822,0.2763231060336942,0.08926120400428772
15,380,1,0.01,3,41,0.9353645443916321,0.07444342970848083,0.2728432328434789,0.09642539918422699
15,380,1,0.01,3,42,0.9354767799377441,0.074314184486866,0.27260628108476515,0.11730009317398071
15,380,1,0.01,3,43,0.9342331886291504,0.07574646174907684,0.27522075094199716,0.12164963781833649
15,380,1,0.01,3,44,0.9361550807952881,0.07353296875953674,0.27116963096839725,0.10870891064405441
15,380,1,0.01,3,45,0.9350221753120422,0.07483775168657303,0.2735648948358927,0.12040592730045319
15,380,1,0.01,3,46,0.9321618676185608,0.07813208550214767,0.27952117183166586,0.15128420293331146
15,380,1,0.01,3,47,0.9364604949951172,0.07318117469549179,0.270520192768473,0.09912654757499695
15,380,1,0.01,3,48,0.9365352988243103,0.07309500128030777,0.27036087231755224,0.07209395617246628
15,380,1,0.01,3,49,0.9380490183830261,0.07135158032178879,0.2671171659062532,0.0975797101855278
15,380,1,0.01,3,50,0.9359737634658813,0.07374173402786255,0.2715542929652605,0.09013538062572479
15,380,1,0.01,3,51,0.9332106113433838,0.07692419737577438,0.2773521180300853,0.13186079263687134
15,380,1,0.01,3,52,0.9356905221939087,0.07406795769929886,0.2721542902459905,0.10957278311252594
15,380,1,0.01,3,53,0.9338439702987671,0.07619477808475494,0.2760340161732879,0.09682371467351913
15,380,1,0.01,3,54,0.9362002015113831,0.07348097860813141,0.27107375123410865,0.1346825659275055
15,380,1,0.01,3,55,0.9346287846565247,0.07529082894325256,0.2743917435770482,0.09690951555967331
15,380,1,0.01,3,56,0.9381040334701538,0.07128821313381195,0.2669985264637465,0.09964463859796524
15,380,1,0.01,3,57,0.9358029365539551,0.07393850386142731,0.27191635453099783,0.08740929514169693
15,380,1,0.01,3,58,0.9359071254730225,0.07381851226091385,0.2716956242947498,0.12036757171154022
15,380,1,0.01,3,59,0.9344921112060547,0.07544822990894318,0.2746784117999505,0.10215188562870026
15,380,1,0.01,3,60,0.9351142644882202,0.07473167032003403,0.27337093905540516,0.10656362771987915
15,380,1,0.01,3,61,0.9351025223731995,0.07474523782730103,0.273395753125942,0.09144765883684158
15,380,1,0.01,3,62,0.9338869452476501,0.0761452242732048,0.2759442412394301,0.12291291356086731
15,380,1,0.01,3,63,0.9332315921783447,0.07690000534057617,0.2773085021065459,0.11681931465864182
15,380,1,0.01,3,64,0.9358071684837341,0.07393362373113632,0.2719073807956237,0.08471961319446564
15,380,1,0.01,3,65,0.9331104755401611,0.07703951746225357,0.2775599349010112,0.15756499767303467
15,380,1,0.01,3,66,0.9362202286720276,0.07345788925886154,0.2710311592028886,0.09283581376075745
15,380,1,0.01,3,67,0.9360396265983582,0.07366589456796646,0.27141461745448875,0.1079275906085968
15,380,1,0.01,3,68,0.9341463446617126,0.07584646344184875,0.2754023664419911,0.0973181426525116
15,380,1,0.01,3,69,0.9369511604309082,0.07261607050895691,0.2694736916824292,0.09049426019191742
15,380,1,0.01,3,70,0.937435507774353,0.07205823063850403,0.26843664175835613,0.08724062144756317
15,380,1,0.01,3,71,0.9343941807746887,0.07556100934743881,0.2748836287366689,0.12072544544935226
15,380,1,0.01,3,72,0.9344717264175415,0.07547176629304886,0.27472125198653424,0.10259878635406494
15,380,1,0.01,3,73,0.9352738857269287,0.07454784214496613,0.2730345072421545,0.12820906937122345
15,380,1,0.01,3,74,0.9349725246429443,0.0748949721455574,0.27366945782377217,0.08244649320840836
15,380,1,0.01,3,75,0.93397057056427,0.07604891806840897,0.2757696830117643,0.11309144645929337
15,380,1,0.01,3,76,0.9347147941589355,0.07519180327653885,0.27421123842129236,0.08804462850093842
15,380,1,0.01,3,77,0.931038498878479,0.07942590117454529,0.28182601223901477,0.10511718690395355
15,380,1,0.01,3,78,0.9314469695091248,0.07895547151565552,0.2809901626670505,0.1154446080327034
15,380,1,0.01,3,79,0.9312666654586792,0.07916313409805298,0.2813594393263766,0.15700121223926544
15,380,1,0.01,3,80,0.9295623302459717,0.08112610876560211,0.2848264537672056,0.1101732850074768
15,380,1,0.01,3,81,0.9323549270629883,0.07790970802307129,0.27912310549840064,0.08395379036664963
15,380,1,0.01,3,82,0.9330477714538574,0.07711176574230194,0.27769005337300423,0.08407986164093018
15,380,1,0.01,3,83,0.9315308332443237,0.07885891944169998,0.2808183032526548,0.11942777037620544
15,380,1,0.01,3,84,0.9325025081634521,0.07773979008197784,0.27881856122212856,0.09786337614059448
15,380,1,0.01,3,85,0.9288572669029236,0.08193814009428024,0.28624838880643544,0.07621963322162628
15,380,1,0.01,3,86,0.9289095401763916,0.08187796920537949,0.28614326692302144,0.09512429684400558
15,380,1,0.01,3,87,0.9301163554191589,0.08048798888921738,0.2837040515911209,0.1167704239487648
15,380,1,0.01,3,88,0.9276002645492554,0.0833858847618103,0.28876614199350015,0.11141037195920944
15,380,1,0.01,3,89,0.9311469197273254,0.07930108159780502,0.28160447723323756,0.08865466713905334
15,380,1,0.01,3,90,0.9303809404373169,0.08018328994512558,0.2831665410056873,0.07097876071929932
15,380,1,0.01,3,91,0.9298626184463501,0.08078021556138992,0.2842186052344039,0.10736449062824249
15,380,1,0.01,3,92,0.9288883209228516,0.0819024071097374,0.2861859659552463,0.10575008392333984
15,380,1,0.01,3,93,0.924368679523468,0.08710785210132599,0.2951403938828536,0.08303681761026382
15,380,1,0.01,3,94,0.9246180057525635,0.08682067692279816,0.29465348618809545,0.08543848246335983
15,380,1,0.01,3,95,0.927071213722229,0.08399520814418793,0.2898192680692364,0.10326933115720749
15,380,1,0.01,3,96,0.9246249794960022,0.08681263774633408,0.29463984412555966,0.11026284843683243
15,380,1,0.01,3,97,0.9246170520782471,0.08682174235582352,0.2946552941248867,0.09775426238775253
15,380,1,0.01,3,98,0.9255721569061279,0.08572177588939667,0.2927828135143808,0.11513782292604446
15,380,1,0.01,3,99,0.9260771870613098,0.08514006435871124,0.29178770426238193,0.08304602652788162
15,380,1,0.01,3,100,0.9263867735862732,0.08478353917598724,0.291176130848645,0.12577146291732788
16,380,1,0.01,3,1,0.907120943069458,0.10697280615568161,0.32706697503062215,0.4304114878177643
16,380,1,0.01,3,2,0.9142348766326904,0.09877937287092209,0.31429185937742976,0.3016907572746277
16,380,1,0.01,3,3,0.9162879586219788,0.0964147225022316,0.3105072020134663,0.2502426207065582
16,380,1,0.01,3,4,0.916610836982727,0.09604290872812271,0.3099079036231937,0.18085280060768127
16,380,1,0.01,3,5,0.9161972403526306,0.09651921689510345,0.31067542048752983,0.15596701204776764
16,380,1,0.01,3,6,0.9175373911857605,0.09497573226690292,0.3081813301725186,0.132400244474411
16,380,1,0.01,3,7,0.9184919595718384,0.09387632459402084,0.3063924356018289,0.16957779228687286
16,380,1,0.01,3,8,0.9193918704986572,0.09283985197544098,0.3046963274728479,0.14680053293704987
16,380,1,0.01,3,9,0.9195464253425598,0.09266184270381927,0.30440407800129626,0.1522834599018097
16,380,1,0.01,3,10,0.9195926785469055,0.09260857105255127,0.30431656388134914,0.1354449987411499
16,380,1,0.01,3,11,0.9197182655334473,0.09246392548084259,0.30407881458734115,0.15587376058101654
16,380,1,0.01,3,12,0.921106219291687,0.090865358710289,0.30143881420661306,0.1267625093460083
16,380,1,0.01,3,13,0.9204027652740479,0.0916755273938179,0.30277966806543977,0.1175181046128273
16,380,1,0.01,3,14,0.9224982261657715,0.08926210552453995,0.2987676447082916,0.10047468543052673
16,380,1,0.01,3,15,0.921384871006012,0.09054441004991531,0.30090598207731817,0.1328628659248352
16,380,1,0.01,3,16,0.9185600876808167,0.09379784017801285,0.30626433056758806,0.130815327167511
16,380,1,0.01,3,17,0.9203672409057617,0.0917164608836174,0.3028472566882807,0.12001603841781616
16,380,1,0.01,3,18,0.9218699336051941,0.08998575061559677,0.29997625008589723,0.1196465939283371
16,380,1,0.01,3,19,0.924560010433197,0.08688750863075256,0.29476687166429094,0.12458132207393646
16,380,1,0.01,3,20,0.9217894077301025,0.09007848054170609,0.3001307724004756,0.12053295969963074
16,380,1,0.01,3,21,0.9213340282440186,0.09060294181108475,0.3010032255825255,0.13941529393196106
16,380,1,0.01,3,22,0.9227494597434998,0.08897275477647781,0.29828301120995443,0.12091819941997528
16,380,1,0.01,3,23,0.9234374761581421,0.08818033337593079,0.2969517357685097,0.14241959154605865
16,380,1,0.01,3,24,0.9219541549682617,0.08988878130912781,0.29981457821314794,0.13004156947135925
16,380,1,0.01,3,25,0.9188843369483948,0.09342437982559204,0.3056540198093132,0.16757997870445251
16,380,1,0.01,3,26,0.9203552007675171,0.09173035621643066,0.302870196976247,0.1222657635807991
16,380,1,0.01,3,27,0.9236868023872375,0.08789318054914474,0.296467840665973,0.11259792745113373
16,380,1,0.01,3,28,0.9227069616317749,0.08902168273925781,0.2983650159439907,0.11595527827739716
16,380,1,0.01,3,29,0.9216593503952026,0.09022833406925201,0.3003803157153478,0.13625682890415192
16,380,1,0.01,3,30,0.9222285747528076,0.08957266062498093,0.29928692023705433,0.1164928525686264
16,380,1,0.01,3,31,0.9207788109779358,0.09124242514371872,0.30206361108832475,0.11400602757930756
16,380,1,0.01,3,32,0.9238313436508179,0.08772668987512589,0.29618691712350476,0.13460396230220795
16,380,1,0.01,3,33,0.9235441088676453,0.08805754035711288,0.29674490788741914,0.14627166092395782
16,380,1,0.01,3,34,0.9217373728752136,0.09013839811086655,0.30023057491012894,0.14805513620376587
16,380,1,0.01,3,35,0.9243135452270508,0.08717136085033417,0.2952479650231889,0.15514878928661346
16,380,1,0.01,3,36,0.926153302192688,0.08505243062973022,0.2916374986686901,0.11327151954174042
16,380,1,0.01,3,37,0.9244795441627502,0.08698012679815292,0.2949239339188207,0.10570550709962845
16,380,1,0.01,3,38,0.9245216250419617,0.08693169057369232,0.2948418060141613,0.13026133179664612
16,380,1,0.01,3,39,0.9243524074554443,0.08712661266326904,0.29517217460876805,0.14842109382152557
16,380,1,0.01,3,40,0.9239537119865417,0.08758578449487686,0.29594895589421644,0.14439141750335693
16,380,1,0.01,3,41,0.9243587255477905,0.08711927384138107,0.2951597429213223,0.10575613379478455
16,380,1,0.01,3,42,0.9262343645095825,0.08495905250310898,0.2914773619050182,0.09189052134752274
16,380,1,0.01,3,43,0.9253089427947998,0.08602490276098251,0.293300021754146,0.10721821337938309
16,380,1,0.01,3,44,0.9233411550521851,0.08829128742218018,0.2971384987210176,0.10430850833654404
16,380,1,0.01,3,45,0.925307035446167,0.08602707087993622,0.2933037178079,0.08632370084524155
16,380,1,0.01,3,46,0.9230870604515076,0.08858394622802734,0.2976305532502121,0.10005076974630356
16,380,1,0.01,3,47,0.9223924279212952,0.08938399702310562,0.29897156557623605,0.1078738197684288
16,380,1,0.01,3,48,0.9240036606788635,0.08752825856208801,0.29585175098702393,0.09784887731075287
16,380,1,0.01,3,49,0.9252349138259888,0.08611015975475311,0.29344532668753326,0.097213014960289
16,380,1,0.01,3,50,0.92667555809021,0.08445091545581818,0.2906043968280903,0.13919596374034882
16,380,1,0.01,3,51,0.924092173576355,0.0874263271689415,0.29567943311793177,0.13401171565055847
16,380,1,0.01,3,52,0.9256603121757507,0.08562019467353821,0.29260928671786585,0.07947725057601929
16,380,1,0.01,3,53,0.9263433814048767,0.084833525121212,0.29126195275252137,0.10559795796871185
16,380,1,0.01,3,54,0.926242470741272,0.08494970947504044,0.2914613344425645,0.09246744960546494
16,380,1,0.01,3,55,0.9254688024520874,0.08584082126617432,0.2929860427839086,0.09173629432916641
16,380,1,0.01,3,56,0.9286355376243591,0.0821935385465622,0.28669415506173507,0.10347921401262283
16,380,1,0.01,3,57,0.9227339625358582,0.08899060636758804,0.2983129336243872,0.11118776351213455
16,380,1,0.01,3,58,0.9288926124572754,0.08189743012189865,0.28617727044945174,0.1425594538450241
16,380,1,0.01,3,59,0.9234464168548584,0.08817004412412643,0.29693441047498426,0.11254633963108063
16,380,1,0.01,3,60,0.92428058385849,0.0872093141078949,0.29531223155821856,0.08580245077610016
16,380,1,0.01,3,61,0.9258325099945068,0.08542191982269287,0.29227028556234186,0.09846808761358261
16,380,1,0.01,3,62,0.9235462546348572,0.0880550816655159,0.2967407650888497,0.11306571215391159
16,380,1,0.01,3,63,0.9262263178825378,0.08496829122304916,0.2914932095659334,0.08251095563173294
16,380,1,0.01,3,64,0.9208413362503052,0.09117040783166885,0.30194437870519936,0.09936735779047012
16,380,1,0.01,3,65,0.9242311120033264,0.08726630359888077,0.29540870603095093,0.1481679379940033
16,380,1,0.01,3,66,0.9234898686408997,0.0881199836730957,0.29685010303703063,0.1245449110865593
16,380,1,0.01,3,67,0.9259961247444153,0.0852334201335907,0.29194763251924255,0.12850598990917206
16,380,1,0.01,3,68,0.9270292520523071,0.08404351025819778,0.28990258753277415,0.1105816438794136
16,380,1,0.01,3,69,0.9243580102920532,0.08712011575698853,0.29516116912119134,0.0789167657494545
16,380,1,0.01,3,70,0.9272725582122803,0.08376335352659225,0.2894189930301608,0.1100209653377533
16,380,1,0.01,3,71,0.9270305037498474,0.08404210954904556,0.28990017169543997,0.1283986121416092
16,380,1,0.01,3,72,0.9278818368911743,0.0830615907907486,0.2882040783728582,0.09518581628799438
16,380,1,0.01,3,73,0.9273979663848877,0.08361887186765671,0.28916927891402416,0.1043282002210617
16,380,1,0.01,3,74,0.9294118285179138,0.08129943907260895,0.28513056495684386,0.12383148819208145
16,380,1,0.01,3,75,0.9278901219367981,0.08305201679468155,0.28818746814301544,0.21086081862449646
16,380,1,0.01,3,76,0.927533745765686,0.08346253633499146,0.28889883408382155,0.09298538416624069
16,380,1,0.01,3,77,0.9282085299491882,0.08268529921770096,0.28755051594059255,0.10929755121469498
16,380,1,0.01,3,78,0.929007351398468,0.08176525682210922,0.28594624813434644,0.13698990643024445
16,380,1,0.01,3,79,0.9262544512748718,0.08493591099977493,0.29143766228779516,0.1149660125374794
16,380,1,0.01,3,80,0.9267197847366333,0.08440001308917999,0.2905168034540859,0.10052815079689026
16,380,1,0.01,3,81,0.9281575083732605,0.0827440693974495,0.28765268884098666,0.1352682113647461
16,380,1,0.01,3,82,0.9240925312042236,0.08742586523294449,0.2956786519736325,0.08759764581918716
16,380,1,0.01,3,83,0.9294554591178894,0.0812491700053215,0.28504240036408884,0.0985095426440239
16,380,1,0.01,3,84,0.9294174909591675,0.08129294961690903,0.285119184933089,0.11719659715890884
16,380,1,0.01,3,85,0.9262305498123169,0.08496346324682236,0.2914849279925505,0.12380716949701309
16,380,1,0.01,3,86,0.9196363687515259,0.09255821257829666,0.30423381235210634,0.12425917387008667
16,380,1,0.01,3,87,0.9264389276504517,0.08472341299057007,0.2910728654316133,0.10358157753944397
16,380,1,0.01,3,88,0.9301922917366028,0.08040053397417068,0.2835498791644438,0.10155244171619415
16,380,1,0.01,3,89,0.9286435842514038,0.08218424022197723,0.28667793815007325,0.10952656716108322
16,380,1,0.01,3,90,0.929447591304779,0.08125822246074677,0.2850582790601718,0.09819526970386505
16,380,1,0.01,3,91,0.9305210113525391,0.0800219178199768,0.28288145541900905,0.2567176818847656
16,380,1,0.01,3,92,0.9238982796669006,0.0876496210694313,0.29605678689979614,0.09021367877721786
16,380,1,0.01,3,93,0.9257940053939819,0.08546626567840576,0.29234614018044736,0.13983115553855896
16,380,1,0.01,3,94,0.9254799485206604,0.08582791686058044,0.2929640197372033,0.09811171889305115
16,380,1,0.01,3,95,0.9244384765625,0.08702747523784637,0.29500419528855243,0.10576050728559494
16,380,1,0.01,3,96,0.9267387986183167,0.08437806367874146,0.2904790245073497,0.14043408632278442
16,380,1,0.01,3,97,0.9283080101013184,0.08257076889276505,0.2873512987490487,0.0965975746512413
16,380,1,0.01,3,98,0.924830436706543,0.08657602220773697,0.2942380366433561,0.08343620598316193
16,380,1,0.01,3,99,0.9263589978218079,0.08481550961732864,0.29123102447597965,0.11455503106117249
16,380,1,0.01,3,100,0.9277753829956055,0.08318416774272919,0.28841665649322196,0.10382891446352005
17,380,1,0.01,3,1,0.8935292363166809,0.12262698262929916,0.3501813567700302,0.40465736389160156
17,380,1,0.01,3,2,0.9011359214782715,0.11386601626873016,0.3374403892078276,0.3252434730529785
17,380,1,0.01,3,3,0.9051288962364197,0.10926711559295654,0.330555767750249,0.25456953048706055
17,380,1,0.01,3,4,0.9093425869941711,0.10441405326128006,0.32313163457216637,0.2201336771249771
17,380,1,0.01,3,5,0.9122780561447144,0.10103315860033035,0.31785713551897865,0.2087273746728897
17,380,1,0.01,3,6,0.9136081337928772,0.09950119256973267,0.3154380962561952,0.1667524129152298
17,380,1,0.01,3,7,0.9164635539054871,0.0962124839425087,0.31018137265559437,0.15160967409610748
17,380,1,0.01,3,8,0.9172311425209045,0.0953284502029419,0.30875305699367883,0.17423883080482483
17,380,1,0.01,3,9,0.9196912050247192,0.09249506890773773,0.3041300197411261,0.16141311824321747
17,380,1,0.01,3,10,0.9169563055038452,0.09564495831727982,0.309265190924035,0.16039296984672546
17,380,1,0.01,3,11,0.9202917218208313,0.0918034166097641,0.30299078634467436,0.16666042804718018
17,380,1,0.01,3,12,0.9208157062530518,0.09119994938373566,0.30199329360721844,0.14120934903621674
17,380,1,0.01,3,13,0.9215031862258911,0.09040816128253937,0.3006794992721309,0.14217744767665863
17,380,1,0.01,3,14,0.9232937097549438,0.08834594488143921,0.2972304575265449,0.1334863305091858
17,380,1,0.01,3,15,0.923394501209259,0.08822984248399734,0.2970350862844276,0.12902036309242249
17,380,1,0.01,3,16,0.9225707650184631,0.08917856216430664,0.29862779871322537,0.12254992872476578
17,380,1,0.01,3,17,0.9256134033203125,0.0856742337346077,0.29270161211480833,0.133520245552063
17,380,1,0.01,3,18,0.9254055023193359,0.08591368794441223,0.29311036819671227,0.129611074924469
17,380,1,0.01,3,19,0.9258338212966919,0.08542036265134811,0.29226762162673464,0.1658911108970642
17,380,1,0.01,3,20,0.9252756834030151,0.08606318384408951,0.2933652737528583,0.12553581595420837
17,380,1,0.01,3,21,0.9267354011535645,0.08438196033239365,0.2904857317191219,0.14972226321697235
17,380,1,0.01,3,22,0.9256622791290283,0.08561795949935913,0.29260546730941156,0.11426308006048203
17,380,1,0.01,3,23,0.9248913526535034,0.08650585263967514,0.2941187730147043,0.10854814946651459
17,380,1,0.01,3,24,0.9259902238845825,0.08524022996425629,0.2919592950468546,0.13178443908691406
17,380,1,0.01,3,25,0.9262816309928894,0.08490461111068726,0.29138395822468893,0.11777958273887634
17,380,1,0.01,3,26,0.925847589969635,0.08540454506874084,0.29224056027310935,0.13175667822360992
17,380,1,0.01,3,27,0.9268776774406433,0.0842180997133255,0.29020354876073706,0.12234632670879364
17,380,1,0.01,3,28,0.9265397191047668,0.08460734039545059,0.29087340957098606,0.09283021837472916
17,380,1,0.01,3,29,0.9268828630447388,0.08421214669942856,0.29019329196145893,0.10376356542110443
17,380,1,0.01,3,30,0.9264750480651855,0.08468188345432281,0.29100151795879486,0.11494957655668259
17,380,1,0.01,3,31,0.9279278516769409,0.08300859481096268,0.28811212194380625,0.14352832734584808
17,380,1,0.01,3,32,0.9276162385940552,0.0833674892783165,0.2887342883661663,0.11061698943376541
17,380,1,0.01,3,33,0.9282321929931641,0.08265808969736099,0.28750319945586866,0.10298949480056763
17,380,1,0.01,3,34,0.9282791614532471,0.08260395377874374,0.2874090356595348,0.12918983399868011
17,380,1,0.01,3,35,0.92771977186203,0.08324823528528214,0.2885277028038766,0.1171058863401413
17,380,1,0.01,3,36,0.9296337962150574,0.0810437947511673,0.2846819185532641,0.0975734069943428
17,380,1,0.01,3,37,0.9292179346084595,0.08152273297309875,0.28552186076218183,0.14656837284564972
17,380,1,0.01,3,38,0.9273688793182373,0.08365235477685928,0.2892271681167924,0.11625409871339798
17,380,1,0.01,3,39,0.9282428026199341,0.08264585584402084,0.2874819226386606,0.1054641455411911
17,380,1,0.01,3,40,0.9276371598243713,0.08334337919950485,0.28869253402106687,0.12243207544088364
17,380,1,0.01,3,41,0.927061140537262,0.08400683104991913,0.28983931936491836,0.10383240878582001
17,380,1,0.01,3,42,0.9273196458816528,0.08370906114578247,0.28932518235677734,0.13447171449661255
17,380,1,0.01,3,43,0.9274225831031799,0.08359051495790482,0.2891202430787315,0.09366737306118011
17,380,1,0.01,3,44,0.9278574585914612,0.08308969438076019,0.288252830655243,0.10428459942340851
17,380,1,0.01,3,45,0.9286524057388306,0.08217407763004303,0.2866602128479692,0.11180534213781357
17,380,1,0.01,3,46,0.9273438453674316,0.08368118107318878,0.28927699713801786,0.10711630433797836
17,380,1,0.01,3,47,0.926996111869812,0.08408171683549881,0.2899684755891557,0.1292223036289215
17,380,1,0.01,3,48,0.9305612444877625,0.07997561246156693,0.2827995977040401,0.13850899040699005
17,380,1,0.01,3,49,0.9293583035469055,0.08136104792356491,0.2852385807066865,0.08964946866035461
17,380,1,0.01,3,50,0.929736852645874,0.0809251219034195,0.2844734115931039,0.13803330063819885
17,380,1,0.01,3,51,0.9291380643844604,0.08161471784114838,0.2856828973550016,0.07797170430421829
17,380,1,0.01,3,52,0.9266414642333984,0.08449017256498337,0.29067193288135573,0.10580899566411972
17,380,1,0.01,3,53,0.9274685382843018,0.08353760093450546,0.28902871991292745,0.11627620458602905
17,380,1,0.01,3,54,0.9303194880485535,0.08025404065847397,0.28329144120229605,0.14978763461112976
17,380,1,0.01,3,55,0.9273928999900818,0.08362474292516708,0.28917943032858867,0.11017486453056335
17,380,1,0.01,3,56,0.9296857714653015,0.08098391443490982,0.2845767285547253,0.12066307663917542
17,380,1,0.01,3,57,0.9284727573394775,0.08238101750612259,0.2870209356582244,0.12510135769844055
17,380,1,0.01,3,58,0.9309682250022888,0.07950688153505325,0.2819696464782216,0.12847431004047394
17,380,1,0.01,3,59,0.9287444353103638,0.0820680633187294,0.2864752403240626,0.13594864308834076
17,380,1,0.01,3,60,0.9277582168579102,0.08320394903421402,0.2884509473623098,0.10826997458934784
17,380,1,0.01,3,61,0.927093505859375,0.08396954834461212,0.28977499606524393,0.11574255675077438
17,380,1,0.01,3,62,0.9277125597000122,0.0832565650343895,0.28854213736366047,0.09349113702774048
17,380,1,0.01,3,63,0.9287007451057434,0.0821184292435646,0.2865631330851277,0.10150875151157379
17,380,1,0.01,3,64,0.9270905256271362,0.08397294580936432,0.28978085825217015,0.11033426970243454
17,380,1,0.01,3,65,0.9290249943733215,0.08174498379230499,0.2859107969145359,0.10178299248218536
17,380,1,0.01,3,66,0.9283358454704285,0.08253870904445648,0.2872955082218594,0.12850438058376312
17,380,1,0.01,3,67,0.9262051582336426,0.0849926546216011,0.29153499725007476,0.14737801253795624
17,380,1,0.01,3,68,0.9312630891799927,0.07916729152202606,0.2813668273304905,0.11542198807001114
17,380,1,0.01,3,69,0.9296836853027344,0.08098629862070084,0.2845809175273367,0.10476331412792206
17,380,1,0.01,3,70,0.9287520051002502,0.08205939084291458,0.28646010340519423,0.12192291021347046
17,380,1,0.01,3,71,0.9282311797142029,0.08265922963619232,0.2875051819292868,0.08083394169807434
17,380,1,0.01,3,72,0.9300379157066345,0.08057834208011627,0.2838632453843158,0.0910937488079071
17,380,1,0.01,3,73,0.9297025203704834,0.08096464723348618,0.2845428741569294,0.1391216665506363
17,380,1,0.01,3,74,0.927783727645874,0.08317461609840393,0.28840009725796545,0.09746389091014862
17,380,1,0.01,3,75,0.9284002184867859,0.0824645385146141,0.2871663951694455,0.09351116418838501
17,380,1,0.01,3,76,0.928311824798584,0.08256632089614868,0.28734355899541003,0.08757694810628891
17,380,1,0.01,3,77,0.9278502464294434,0.08309800922870636,0.28826725313275936,0.12211974710226059
17,380,1,0.01,3,78,0.9295084476470947,0.0811881572008133,0.2849353561789293,0.10146957635879517
17,380,1,0.01,3,79,0.9311543703079224,0.07929247617721558,0.28158919755064393,0.12452924251556396
17,380,1,0.01,3,80,0.9286757707595825,0.08214720338582993,0.28661333427778607,0.11152477562427521
17,380,1,0.01,3,81,0.9279283285140991,0.08300808072090149,0.28811122977229037,0.10539379715919495
17,380,1,0.01,3,82,0.9314281940460205,0.07897710800170898,0.28102866046314384,0.10239153355360031
17,380,1,0.01,3,83,0.9301585555076599,0.08043937385082245,0.2836183595094338,0.12726745009422302
17,380,1,0.01,3,84,0.9287970662117004,0.082007497549057,0.28636951225480867,0.10946538299322128
17,380,1,0.01,3,85,0.9297548532485962,0.08090432733297348,0.2844368600110989,0.09504444152116776
17,380,1,0.01,3,86,0.9291292428970337,0.08162491023540497,0.2857007354477845,0.09717771410942078
17,380,1,0.01,3,87,0.9310417175292969,0.079422228038311,0.2818194954901293,0.12358631193637848
17,380,1,0.01,3,88,0.9303104877471924,0.0802643895149231,0.28330970600197075,0.09127252548933029
17,380,1,0.01,3,89,0.9300920367240906,0.08051599562168121,0.28375340636137075,0.11969076097011566
17,380,1,0.01,3,90,0.929858922958374,0.08078449219465256,0.28422612862763436,0.10160744190216064
17,380,1,0.01,3,91,0.9287451505661011,0.08206727355718613,0.28647386190922575,0.13262757658958435
17,380,1,0.01,3,92,0.9304804801940918,0.08006859570741653,0.2829639477166951,0.10715220123529434
17,380,1,0.01,3,93,0.9288186430931091,0.08198264986276627,0.286326125009169,0.10754510760307312
17,380,1,0.01,3,94,0.929347574710846,0.0813734158873558,0.2852602599160209,0.14037686586380005
17,380,1,0.01,3,95,0.9274941086769104,0.08350812643766403,0.2889777265424864,0.11571083217859268
17,380,1,0.01,3,96,0.9272525310516357,0.08378636091947556,0.2894587378530411,0.11413776129484177
17,380,1,0.01,3,97,0.9280814528465271,0.08283165842294693,0.2878048964540856,0.11843740940093994
17,380,1,0.01,3,98,0.9280016422271729,0.08292356878519058,0.28796452695634334,0.10298534482717514
17,380,1,0.01,3,99,0.9296949505805969,0.08097335696220398,0.2845581785192687,0.09826808422803879
17,380,1,0.01,3,100,0.9300909638404846,0.0805172473192215,0.2837556119607531,0.11637049168348312
18,380,1,0.01,3,1,0.9056646823883057,0.10865002870559692,0.3296210380203256,0.37359336018562317
18,380,1,0.01,3,2,0.9137969017028809,0.09928379952907562,0.3150933187629906,0.24502786993980408
18,380,1,0.01,3,3,0.9134312272071838,0.09970497339963913,0.31576094343607336,0.22763128578662872
18,380,1,0.01,3,4,0.9137190580368042,0.0993734747171402,0.3152355860576978,0.2182694971561432
18,380,1,0.01,3,5,0.9123700261116028,0.10092717409133911,0.31769037456514027,0.2301013469696045
18,380,1,0.01,3,6,0.9139569997787476,0.09909941256046295,0.314800591740967,0.23920951783657074
18,380,1,0.01,3,7,0.9122806191444397,0.10103016346693039,0.3178524240381539,0.18425147235393524
18,380,1,0.01,3,8,0.9124860167503357,0.10079363733530045,0.31748013691458,0.15132062137126923
18,380,1,0.01,3,9,0.9151414632797241,0.09773518890142441,0.3126262767289794,0.1512632668018341
18,380,1,0.01,3,10,0.9178817868232727,0.09457907825708389,0.30753711687710783,0.16699762642383575
18,380,1,0.01,3,11,0.9181073904037476,0.09431926161050797,0.30711441127128497,0.12004643678665161
18,380,1,0.01,3,12,0.9207490682601929,0.09127667546272278,0.30212029965350357,0.13041993975639343
18,380,1,0.01,3,13,0.9214872121810913,0.09042656421661377,0.3007100999577729,0.11486124992370605
18,380,1,0.01,3,14,0.9215071201324463,0.09040363132953644,0.3006719663180065,0.12456902861595154
18,380,1,0.01,3,15,0.9213388562202454,0.09059742093086243,0.30099405464371287,0.1072695329785347
18,380,1,0.01,3,16,0.924894392490387,0.08650236576795578,0.29411284529573983,0.10401097685098648
18,380,1,0.01,3,17,0.9248620271682739,0.08653966337442398,0.29417624542852533,0.170219287276268
18,380,1,0.01,3,18,0.9229061603546143,0.08879230171442032,0.29798037135761196,0.13682730495929718
18,380,1,0.01,3,19,0.9245280623435974,0.08692429959774017,0.2948292719485977,0.1350763887166977
18,380,1,0.01,3,20,0.9267117977142334,0.08440915495157242,0.2905325368208738,0.094801165163517
18,380,1,0.01,3,21,0.9263019561767578,0.08488119393587112,0.29134377277688833,0.08930213004350662
18,380,1,0.01,3,22,0.9280470013618469,0.08287136256694794,0.2878738657241187,0.13493479788303375
18,380,1,0.01,3,23,0.926481306552887,0.08467463403940201,0.2909890617177938,0.1087694987654686
18,380,1,0.01,3,24,0.9270896315574646,0.08397398144006729,0.2897826451671447,0.13897453248500824
18,380,1,0.01,3,25,0.9269828200340271,0.08409702777862549,0.2899948754351109,0.11268814653158188
18,380,1,0.01,3,26,0.9243667125701904,0.08711010217666626,0.2951442057311413,0.10952011495828629
18,380,1,0.01,3,27,0.9299157857894897,0.08071897178888321,0.2841108441944503,0.10768437385559082
18,380,1,0.01,3,28,0.9265702366828918,0.0845722034573555,0.29081300427827417,0.10160108655691147
18,380,1,0.01,3,29,0.9276349544525146,0.08334597200155258,0.2886970245803593,0.0934981256723404
18,380,1,0.01,3,30,0.9257471561431885,0.08552022278308868,0.29243840852919556,0.12113720923662186
18,380,1,0.01,3,31,0.9273291826248169,0.0836980938911438,0.2893062285730188,0.12019311636686325
18,380,1,0.01,3,32,0.9299007058143616,0.08073633909225464,0.2841414068597793,0.09140609204769135
18,380,1,0.01,3,33,0.929223358631134,0.08151652663946152,0.2855109921517235,0.11019513756036758
18,380,1,0.01,3,34,0.929611086845398,0.08106997609138489,0.28472789833696466,0.09716315567493439
18,380,1,0.01,3,35,0.9280303120613098,0.0828905999660492,0.2879072766813114,0.0894199088215828
18,380,1,0.01,3,36,0.9273784160614014,0.08364138752222061,0.28920820790949314,0.09359382092952728
18,380,1,0.01,3,37,0.9294434189796448,0.08126304298639297,0.285066734268299,0.14338791370391846
18,380,1,0.01,3,38,0.9259889125823975,0.08524177223443985,0.29196193627670003,0.1241392195224762
18,380,1,0.01,3,39,0.9300112128257751,0.08060906827449799,0.28391736169966425,0.0952816903591156
18,380,1,0.01,3,40,0.9312185645103455,0.0792185366153717,0.2814578771599255,0.08236252516508102
18,380,1,0.01,3,41,0.9314156770706177,0.07899154722690582,0.2810543492403308,0.08843070268630981
18,380,1,0.01,3,42,0.9297457337379456,0.08091486990451813,0.284455391765595,0.08855979889631271
18,380,1,0.01,3,43,0.9289416670799255,0.08184091001749039,0.28607850324253725,0.1469482034444809
18,380,1,0.01,3,44,0.9303378462791443,0.08023291081190109,0.28325414526869874,0.08307588845491409
18,380,1,0.01,3,45,0.9320214986801147,0.07829372584819794,0.27981016037341805,0.11316413432359695
18,380,1,0.01,3,46,0.9314860105514526,0.07891050726175308,0.2809101409023054,0.11320403218269348
18,380,1,0.01,3,47,0.9314191341400146,0.07898752391338348,0.28104719161269603,0.10300109535455704
18,380,1,0.01,3,48,0.9306675791740417,0.0798531025648117,0.28258291272617975,0.13166065514087677
18,380,1,0.01,3,49,0.932425320148468,0.07782866805791855,0.2789778988699975,0.10366582870483398
18,380,1,0.01,3,50,0.9286591410636902,0.08216635137796402,0.28664673620671843,0.09820429235696793
18,380,1,0.01,3,51,0.9311923384666443,0.07924871891736984,0.28151148984965046,0.10111232846975327
18,380,1,0.01,3,52,0.9295340776443481,0.08115863800048828,0.28488355164959644,0.12502360343933105
18,380,1,0.01,3,53,0.9328591823577881,0.07732893526554108,0.2780808070786998,0.1183655858039856
18,380,1,0.01,3,54,0.9324463605880737,0.07780446112155914,0.2789345104528286,0.0832769051194191
18,380,1,0.01,3,55,0.9336295127868652,0.07644171267747879,0.2764809445106096,0.09210029244422913
18,380,1,0.01,3,56,0.9331993460655212,0.07693717628717422,0.27737551493809653,0.17788691818714142
18,380,1,0.01,3,57,0.9346031546592712,0.07532033324241638,0.2744455014067754,0.09329519420862198
18,380,1,0.01,3,58,0.9350399374961853,0.07481729239225388,0.2735274984206412,0.11073710024356842
18,380,1,0.01,3,59,0.9340229034423828,0.07598866522312164,0.2756604164966774,0.10690271854400635
18,380,1,0.01,3,60,0.9343512058258057,0.07561051845550537,0.27497366865848333,0.09446997940540314
18,380,1,0.01,3,61,0.9342151284217834,0.07576728612184525,0.2752585804690659,0.11128546297550201
18,380,1,0.01,3,62,0.933748185634613,0.07630506157875061,0.27623370825942045,0.10038772225379944
18,380,1,0.01,3,63,0.9342932105064392,0.07567735761404037,0.27509517919084003,0.11463990807533264
18,380,1,0.01,3,64,0.9327623844146729,0.07744045555591583,0.2782812526130997,0.12484098970890045
18,380,1,0.01,3,65,0.9347397685050964,0.07516299188137054,0.27415869835073725,0.08944373577833176
18,380,1,0.01,3,66,0.9316123127937317,0.07876504957675934,0.28065111718423524,0.15989521145820618
18,380,1,0.01,3,67,0.9311386346817017,0.07931063324213028,0.2816214360486969,0.1627865433692932
18,380,1,0.01,3,68,0.9330688118934631,0.07708755135536194,0.2776464502841013,0.08835837244987488
18,380,1,0.01,3,69,0.9314382076263428,0.07896553725004196,0.2810080732826763,0.12085367739200592
18,380,1,0.01,3,70,0.9323480129241943,0.07791772484779358,0.27913746586188243,0.1004396378993988
18,380,1,0.01,3,71,0.9351474046707153,0.07469351589679718,0.2733011450704098,0.09334764629602432
18,380,1,0.01,3,72,0.9333284497261047,0.07678848505020142,0.27710735293420385,0.10895287245512009
18,380,1,0.01,3,73,0.9335606694221497,0.07652100175619125,0.2766242971182959,0.10969005525112152
18,380,1,0.01,3,74,0.9344576001167297,0.07548802345991135,0.2747508388702596,0.0823289304971695
18,380,1,0.01,3,75,0.9346935153007507,0.07521627843379974,0.27425586308008026,0.1094658151268959
18,380,1,0.01,3,76,0.9325383901596069,0.07769846171140671,0.2787444379918758,0.1125575602054596
18,380,1,0.01,3,77,0.9345042109489441,0.07543428987264633,0.2746530354331558,0.09326351433992386
18,380,1,0.01,3,78,0.9308820366859436,0.07960611581802368,0.2821455578562662,0.09922727942466736
18,380,1,0.01,3,79,0.931005597114563,0.07946385443210602,0.2818933387508581,0.12579382956027985
18,380,1,0.01,3,80,0.9301271438598633,0.08047559857368469,0.2836822140594731,0.09629908949136734
18,380,1,0.01,3,81,0.9349598288536072,0.07490954548120499,0.2736960823271042,0.10647020488977432
18,380,1,0.01,3,82,0.9335037469863892,0.07658655941486359,0.27674276759269356,0.09331060200929642
18,380,1,0.01,3,83,0.9338290691375732,0.07621187716722488,0.27606498721718564,0.13024847209453583
18,380,1,0.01,3,84,0.9367100596427917,0.07289374619722366,0.2699884186353623,0.09047602117061615
18,380,1,0.01,3,85,0.9359668493270874,0.07374970614910126,0.2715689712561088,0.10097073018550873
18,380,1,0.01,3,86,0.9343334436416626,0.07563100755214691,0.2750109226051702,0.09771309047937393
18,380,1,0.01,3,87,0.9352795481681824,0.07454130798578262,0.2730225411679091,0.11532726138830185
18,380,1,0.01,3,88,0.9349268674850464,0.0749475434422493,0.2737654898672389,0.10606833547353745
18,380,1,0.01,3,89,0.9368007183074951,0.07278932631015778,0.2697949708763263,0.11689035594463348
18,380,1,0.01,3,90,0.9352617859840393,0.07456177473068237,0.273060020381385,0.09157181531190872
18,380,1,0.01,3,91,0.9310424327850342,0.07942137122154236,0.28181797533433234,0.0904800295829773
18,380,1,0.01,3,92,0.9320907592773438,0.07821398228406906,0.279667628237644,0.09537006914615631
18,380,1,0.01,3,93,0.9349651336669922,0.07490342855453491,0.27368490742920937,0.09077202528715134
18,380,1,0.01,3,94,0.9345067739486694,0.07543136924505234,0.27464771844137414,0.08997470140457153
18,380,1,0.01,3,95,0.9349851608276367,0.07488042116165161,0.27364287157105266,0.09575860947370529
18,380,1,0.01,3,96,0.934735119342804,0.07516834139823914,0.2741684544185183,0.09503047168254852
18,380,1,0.01,3,97,0.9348035454750061,0.07508955895900726,0.27402474150887773,0.09427490830421448
18,380,1,0.01,3,98,0.931248128414154,0.07918446511030197,0.28139734382239995,0.1400354951620102
18,380,1,0.01,3,99,0.9325360655784607,0.07770111411809921,0.27874919572637197,0.08585579693317413
18,380,1,0.01,3,100,0.9322769641876221,0.07799956202507019,0.2792840167733739,0.10981479287147522
19,380,1,0.01,3,1,0.9002094268798828,0.11493310332298279,0.33901785103882476,0.38900426030158997
19,380,1,0.01,3,2,0.9092310667037964,0.10454244911670685,0.3233302477602534,0.3259100615978241
19,380,1,0.01,3,3,0.9127551913261414,0.10048357397317886,0.31699144148254044,0.24962441623210907
19,380,1,0.01,3,4,0.9149556756019592,0.09794919937849045,0.3129683680158275,0.20792090892791748
19,380,1,0.01,3,5,0.9168300032615662,0.09579046070575714,0.30950034039683566,0.1919957846403122
19,380,1,0.01,3,6,0.9183875918388367,0.09399653226137161,0.3065885390248168,0.21148817241191864
19,380,1,0.01,3,7,0.9198253154754639,0.09234060347080231,0.3038759672478268,0.18596380949020386
19,380,1,0.01,3,8,0.9199290871620178,0.09222109615802765,0.3036792652751051,0.17012333869934082
19,380,1,0.01,3,9,0.9219004511833191,0.08995059877634048,0.2999176533256095,0.17315895855426788
19,380,1,0.01,3,10,0.9228556156158447,0.08885052800178528,0.2980780568941385,0.18094195425510406
19,380,1,0.01,3,11,0.9235674738883972,0.0880306214094162,0.29669954736975285,0.14628872275352478
19,380,1,0.01,3,12,0.925822377204895,0.08543352782726288,0.29229014322632035,0.14540721476078033
19,380,1,0.01,3,13,0.9267684817314148,0.08434386551380157,0.29042015342224714,0.1254066377878189
19,380,1,0.01,3,14,0.9266806840896606,0.08444500714540482,0.29059423109450194,0.14637522399425507
19,380,1,0.01,3,15,0.9270304441452026,0.08404219150543213,0.2899003130481789,0.15501931309700012
19,380,1,0.01,3,16,0.9278732538223267,0.08307144045829773,0.28822116587491925,0.15040099620819092
19,380,1,0.01,3,17,0.9277306795120239,0.0832357183098793,0.288506010873048,0.11716478317975998
19,380,1,0.01,3,18,0.9285540580749512,0.08228735625743866,0.2868577282511989,0.11247535049915314
19,380,1,0.01,3,19,0.9296724796295166,0.08099924772977829,0.2846036678080209,0.12836170196533203
19,380,1,0.01,3,20,0.9306871891021729,0.0798305794596672,0.2825430577092051,0.19261738657951355
19,380,1,0.01,3,21,0.9305225610733032,0.08002015948295593,0.28287834749756996,0.10854818671941757
19,380,1,0.01,3,22,0.9307875633239746,0.07971494644880295,0.2823383545478774,0.11961662769317627
19,380,1,0.01,3,23,0.9307153224945068,0.079798124730587,0.28248561862612936,0.11582091450691223
19,380,1,0.01,3,24,0.9316576719284058,0.07871276885271072,0.2805579598812173,0.08990787714719772
19,380,1,0.01,3,25,0.9327511787414551,0.07745338976383209,0.2783044910953327,0.12496932595968246
19,380,1,0.01,3,26,0.9325361251831055,0.07770101726055145,0.2787490219903048,0.09951293468475342
19,380,1,0.01,3,27,0.9332816004753113,0.07684241980314255,0.2772046532855149,0.09959858655929565
19,380,1,0.01,3,28,0.9334512948989868,0.07664698362350464,0.2768519164165288,0.09682909399271011
19,380,1,0.01,3,29,0.9339635372161865,0.07605700194835663,0.2757843395632838,0.10860326141119003
19,380,1,0.01,3,30,0.9339442253112793,0.07607928663492203,0.275824738982786,0.12192321568727493
19,380,1,0.01,3,31,0.9354027509689331,0.0743994265794754,0.27276258280687143,0.08105908334255219
19,380,1,0.01,3,32,0.9337769746780396,0.0762718915939331,0.2761736620207168,0.0824725404381752
19,380,1,0.01,3,33,0.9354023933410645,0.07439980655908585,0.27276327934508676,0.12697464227676392
19,380,1,0.01,3,34,0.9357726573944092,0.07397335767745972,0.27198043620352497,0.1500505805015564
19,380,1,0.01,3,35,0.9350079894065857,0.07485407590866089,0.2735947293144751,0.1399010419845581
19,380,1,0.01,3,36,0.9363371729850769,0.07332323491573334,0.2707826340734083,0.09871009737253189
19,380,1,0.01,3,37,0.9351950287818909,0.07463870197534561,0.27320084548797724,0.09158774465322495
19,380,1,0.01,3,38,0.934325098991394,0.07564057409763336,0.2750283150834353,0.12014222890138626
19,380,1,0.01,3,39,0.9358075857162476,0.07393313944339752,0.27190649025611274,0.12188257277011871
19,380,1,0.01,3,40,0.9343712329864502,0.0755874514579773,0.27493172144730277,0.14795801043510437
19,380,1,0.01,3,41,0.9351139068603516,0.07473208755254745,0.27337170217955525,0.10834288597106934
19,380,1,0.01,3,42,0.9316835403442383,0.07868298888206482,0.28050488210023156,0.17536789178848267
19,380,1,0.01,3,43,0.9346911311149597,0.07521902769804001,0.2742608752593778,0.09507755190134048
19,380,1,0.01,3,44,0.9349825978279114,0.0748833492398262,0.2736482217004638,0.1288653463125229
19,380,1,0.01,3,45,0.9360280632972717,0.07367924600839615,0.27143921236327695,0.17138494551181793
19,380,1,0.01,3,46,0.9343357682228088,0.07562828809022903,0.27500597828088946,0.1143227145075798
19,380,1,0.01,3,47,0.9354621171951294,0.07433101534843445,0.27263714961177693,0.12966851890087128
19,380,1,0.01,3,48,0.9351742267608643,0.07466260343790054,0.27324458537709495,0.09960706532001495
19,380,1,0.01,3,49,0.9346036314964294,0.0753198191523552,0.2744445648074583,0.0993804857134819
19,380,1,0.01,3,50,0.9367086291313171,0.07289541512727737,0.2699915093614563,0.09757837653160095
19,380,1,0.01,3,51,0.9363054037094116,0.07335978746414185,0.2708501199263937,0.11013006418943405
19,380,1,0.01,3,52,0.9367607235908508,0.07283540815114975,0.2698803589577236,0.10376343876123428
19,380,1,0.01,3,53,0.9367586374282837,0.07283775508403778,0.26988470702142014,0.10378647595643997
19,380,1,0.01,3,54,0.936190128326416,0.0734926089644432,0.27109520276914384,0.0982857421040535
19,380,1,0.01,3,55,0.9362770915031433,0.07339239865541458,0.2709103147822441,0.11880026012659073
19,380,1,0.01,3,56,0.9360950589179993,0.07360205799341202,0.271296992230677,0.11327532678842545
19,380,1,0.01,3,57,0.9392312169075012,0.06999000161886215,0.26455623526740424,0.108849436044693
19,380,1,0.01,3,58,0.9389147162437439,0.07035451382398605,0.2652442531403575,0.1338752955198288
19,380,1,0.01,3,59,0.9399765729904175,0.06913155317306519,0.262928798675735,0.1802421659231186
19,380,1,0.01,3,60,0.9382503032684326,0.0711197629570961,0.2666828883844933,0.1254345178604126
19,380,1,0.01,3,61,0.9381053447723389,0.07128676027059555,0.2669958057172351,0.1167069748044014
19,380,1,0.01,3,62,0.9386821389198303,0.07062244415283203,0.26574883659732557,0.13374830782413483
19,380,1,0.01,3,63,0.9404273629188538,0.06861237436532974,0.2619396387821625,0.08773113787174225
19,380,1,0.01,3,64,0.9373477697372437,0.07215927541255951,0.2686247855514444,0.13889716565608978
19,380,1,0.01,3,65,0.9376152157783508,0.0718512311577797,0.2680507995842946,0.13070976734161377
19,380,1,0.01,3,66,0.939751923084259,0.06939031183719635,0.26342040892306795,0.10851393640041351
19,380,1,0.01,3,67,0.9365053176879883,0.07312952727079391,0.2704247164568984,0.13964244723320007
19,380,1,0.01,3,68,0.9396034479141235,0.06956131011247635,0.2637447821521335,0.09243463724851608
19,380,1,0.01,3,69,0.9404097199440002,0.06863270699977875,0.2619784475863974,0.08431316912174225
19,380,1,0.01,3,70,0.9392827749252319,0.06993060559034348,0.26444395548082295,0.09302211552858353
19,380,1,0.01,3,71,0.9389991760253906,0.07025729864835739,0.26506093384042356,0.1082741841673851
19,380,1,0.01,3,72,0.9390743970870972,0.07017063349485397,0.26489740182729987,0.14932076632976532
19,380,1,0.01,3,73,0.9383300542831421,0.07102794945240021,0.26651069294195345,0.11020098626613617
19,380,1,0.01,3,74,0.9379043579101562,0.07151824980974197,0.2674289621745221,0.08412384241819382
19,380,1,0.01,3,75,0.9370340704917908,0.07252053916454315,0.2692963779268915,0.07830394804477692
19,380,1,0.01,3,76,0.9384505152702332,0.07088916003704071,0.26625018316808857,0.10933688282966614
19,380,1,0.01,3,77,0.9378096461296082,0.07162727415561676,0.2676327225053333,0.09803411364555359
19,380,1,0.01,3,78,0.9367542862892151,0.0728427842259407,0.2698940240648924,0.10162350535392761
19,380,1,0.01,3,79,0.936782956123352,0.07280976325273514,0.2698328431691278,0.09681110084056854
19,380,1,0.01,3,80,0.9378861784934998,0.07153917104005814,0.26746807480530854,0.10772885382175446
19,380,1,0.01,3,81,0.9333621263504028,0.07674966752529144,0.2770373034905073,0.11343437433242798
19,380,1,0.01,3,82,0.9328535795211792,0.07733538001775742,0.27809239474994174,0.12780173122882843
19,380,1,0.01,3,83,0.9361491203308105,0.07353979349136353,0.271182214555755,0.1060035228729248
19,380,1,0.01,3,84,0.9371809959411621,0.07235134392976761,0.26898205131526454,0.09764751046895981
19,380,1,0.01,3,85,0.9344587326049805,0.07548666000366211,0.27474835759957167,0.10812395066022873
19,380,1,0.01,3,86,0.936469316482544,0.07317103445529938,0.2705014500059092,0.08986648172140121
19,380,1,0.01,3,87,0.9364554286003113,0.07318703830242157,0.27053103020249186,0.08742442727088928
19,380,1,0.01,3,88,0.9355587959289551,0.07421966642141342,0.27243286589802895,0.1043911874294281
19,380,1,0.01,3,89,0.9370561242103577,0.07249519228935242,0.26924931251416856,0.13662537932395935
19,380,1,0.01,3,90,0.9355565905570984,0.07422221451997757,0.27243754242023543,0.12066714465618134
19,380,1,0.01,3,91,0.9350690245628357,0.07478377223014832,0.27346621771280694,0.09392435103654861
19,380,1,0.01,3,92,0.9340792894363403,0.07592368870973587,0.27554253520960403,0.1000186949968338
19,380,1,0.01,3,93,0.9358689188957214,0.07386250048875809,0.27177656353842966,0.12036437541246414
19,380,1,0.01,3,94,0.9386053681373596,0.07071080803871155,0.26591503913602094,0.08226730674505234
19,380,1,0.01,3,95,0.9370962381362915,0.0724489763379097,0.26916347511857863,0.09394589811563492
19,380,1,0.01,3,96,0.9384940266609192,0.070839062333107,0.26615608641003685,0.11056641489267349
19,380,1,0.01,3,97,0.9380128383636475,0.07139329612255096,0.26719523970787906,0.10277870297431946
19,380,1,0.01,3,98,0.9344785809516907,0.07546385377645493,0.27470685061799044,0.08818355202674866
19,380,1,0.01,3,99,0.933203399181366,0.07693253457546234,0.2773671476138844,0.0958118811249733
19,380,1,0.01,3,100,0.9339972734451294,0.07601814717054367,0.27571388643037853,0.12303920835256577
20,380,1,0.01,3,1,0.8953704833984375,0.12050633877515793,0.347140229266442,0.39529305696487427
20,380,1,0.01,3,2,0.904777467250824,0.10967189073562622,0.3311674663000975,0.22643186151981354
20,380,1,0.01,3,3,0.9073628783226013,0.10669415444135666,0.3266407115491831,0.19331590831279755
20,380,1,0.01,3,4,0.9098504781723022,0.10382908582687378,0.32222520979413416,0.18656466901302338
20,380,1,0.01,3,5,0.9125000238418579,0.10077749937772751,0.3174547202007359,0.14086328446865082
20,380,1,0.01,3,6,0.916666567325592,0.09597870707511902,0.30980430448126284,0.14332613348960876
20,380,1,0.01,3,7,0.9172245860099792,0.09533598273992538,0.3087652550724019,0.12481945753097534
20,380,1,0.01,3,8,0.9200703501701355,0.09205842018127441,0.30341130529575594,0.11581948399543762
20,380,1,0.01,3,9,0.9208138585090637,0.09120208770036697,0.30199683392440885,0.11522118747234344
20,380,1,0.01,3,10,0.921644926071167,0.09024486690759659,0.30040783429796997,0.09269889444112778
20,380,1,0.01,3,11,0.9224370718002319,0.08933252841234207,0.29888547708502344,0.10718236118555069
20,380,1,0.01,3,12,0.9238104820251465,0.08775076270103455,0.2962275522314468,0.14871636033058167
20,380,1,0.01,3,13,0.9246929287910461,0.08673438429832458,0.29450701909856847,0.10722588002681732
20,380,1,0.01,3,14,0.9235537052154541,0.08804644644260406,0.29672621461981424,0.12529818713665009
20,380,1,0.01,3,15,0.9272514581680298,0.08378764986991882,0.2894609643283854,0.09446496516466141
20,380,1,0.01,3,16,0.9280903339385986,0.08282141387462616,0.28778709817263554,0.10992176085710526
20,380,1,0.01,3,17,0.9287139773368835,0.0821031928062439,0.28653654706903253,0.1364474892616272
20,380,1,0.01,3,18,0.9271645545959473,0.0838877335190773,0.28963379208765905,0.09380312263965607
20,380,1,0.01,3,19,0.9274760484695435,0.08352898806333542,0.28901381984835156,0.10089681297540665
20,380,1,0.01,3,20,0.9292019605636597,0.08154116570949554,0.28555413796598283,0.12193287909030914
20,380,1,0.01,3,21,0.9291257858276367,0.08162886649370193,0.28570765914427626,0.12373609840869904
20,380,1,0.01,3,22,0.9287500381469727,0.08206167817115784,0.28646409578018295,0.08883453160524368
20,380,1,0.01,3,23,0.9307098388671875,0.0798044353723526,0.2824967882513934,0.1170722246170044
20,380,1,0.01,3,24,0.9307514429092407,0.07975655049085617,0.2824120225678365,0.12787221372127533
20,380,1,0.01,3,25,0.9291225671768188,0.081632599234581,0.28571419151764404,0.12817199528217316
20,380,1,0.01,3,26,0.9312394261360168,0.07919450849294662,0.28141518880996214,0.08913405984640121
20,380,1,0.01,3,27,0.9283751845359802,0.08249340206384659,0.2872166465646561,0.0959346815943718
20,380,1,0.01,3,28,0.9293291568756104,0.08139466494321823,0.28529750251836805,0.11082565784454346
20,380,1,0.01,3,29,0.9298362135887146,0.08081062138080597,0.2842720904007391,0.1025477796792984
20,380,1,0.01,3,30,0.932447612285614,0.07780297100543976,0.27893183935406113,0.08799915760755539
20,380,1,0.01,3,31,0.9305074214935303,0.08003757148981094,0.2829091223163561,0.093797467648983
20,380,1,0.01,3,32,0.9339058995246887,0.0761234238743782,0.2759047369553089,0.10213663429021835
20,380,1,0.01,3,33,0.933051347732544,0.07710767537355423,0.2776826882856658,0.13246816396713257
20,380,1,0.01,3,34,0.9309263229370117,0.07955513894557953,0.2820552054927892,0.11907768249511719
20,380,1,0.01,3,35,0.9305111765861511,0.08003326505422592,0.28290151122647955,0.09874176234006882
20,380,1,0.01,3,36,0.928917407989502,0.08186887204647064,0.2861273703204058,0.11440747231245041
20,380,1,0.01,3,37,0.932839035987854,0.07735219597816467,0.2781226275910766,0.1327442228794098
20,380,1,0.01,3,38,0.9287167191505432,0.08210000395774841,0.28653098254420656,0.16851706802845
20,380,1,0.01,3,39,0.9314711093902588,0.07892764359712601,0.28094064070035507,0.08979813754558563
20,380,1,0.01,3,40,0.9331188797950745,0.07702988386154175,0.2775425802675001,0.09755221754312515
20,380,1,0.01,3,41,0.9308626055717468,0.07962849736213684,0.28218521818503683,0.09545213729143143
20,380,1,0.01,3,42,0.9348194003105164,0.0750712901353836,0.27399140522173976,0.09239571541547775
20,380,1,0.01,3,43,0.9318375587463379,0.07850562781095505,0.2801885576017605,0.09066346287727356
20,380,1,0.01,3,44,0.9323703050613403,0.07789204269647598,0.2790914593757322,0.09799003601074219
20,380,1,0.01,3,45,0.9347871541976929,0.07510844618082047,0.27405920196340877,0.12540951371192932
20,380,1,0.01,3,46,0.9334226846694946,0.07667995989322662,0.2769114658031094,0.0947757437825203
20,380,1,0.01,3,47,0.9342872500419617,0.07568417489528656,0.2751075696800918,0.09488508850336075
20,380,1,0.01,3,48,0.9329072833061218,0.07727359235286713,0.2779812805799468,0.1310390830039978
20,380,1,0.01,3,49,0.9320217967033386,0.07829341292381287,0.27980960120019627,0.10775940865278244
20,380,1,0.01,3,50,0.9319114685058594,0.0784204825758934,0.2800365736397541,0.10014611482620239
20,380,1,0.01,3,51,0.9320031404495239,0.078314870595932,0.2798479419183425,0.09935466945171356
20,380,1,0.01,3,52,0.9305431842803955,0.07999640703201294,0.28283636087323166,0.09249019622802734
20,380,1,0.01,3,53,0.9300561547279358,0.08055735379457474,0.2838262739680291,0.1286187320947647
20,380,1,0.01,3,54,0.9319694638252258,0.07835367321968079,0.27991726138214623,0.14071355760097504
20,380,1,0.01,3,55,0.9326124787330627,0.07761313021183014,0.27859133190361496,0.10969693958759308
20,380,1,0.01,3,56,0.9331008195877075,0.07705062627792358,0.2775799457416252,0.07635100930929184
20,380,1,0.01,3,57,0.9319031834602356,0.07843002676963806,0.2800536140985116,0.08328200876712799
20,380,1,0.01,3,58,0.9307591915130615,0.07974761724472046,0.2823962061443469,0.10407108813524246
20,380,1,0.01,3,59,0.9294365644454956,0.08127091825008392,0.2850805469513554,0.08863190561532974
20,380,1,0.01,3,60,0.9277476668357849,0.0832161009311676,0.2884720106547039,0.10532960295677185
20,380,1,0.01,3,61,0.930300772190094,0.08027561008930206,0.2833295079749055,0.12691937386989594
20,380,1,0.01,3,62,0.9293197989463806,0.0814053937792778,0.28531630479045145,0.10097663104534149
20,380,1,0.01,3,63,0.9293538928031921,0.08136612921953201,0.28524748766559194,0.10970024764537811
20,380,1,0.01,3,64,0.9301854372024536,0.08040843904018402,0.2835638182846747,0.12011885643005371
20,380,1,0.01,3,65,0.9283084273338318,0.08257024735212326,0.2873503912510356,0.08509857952594757
20,380,1,0.01,3,66,0.9292986392974854,0.08142981678247452,0.2853591014537201,0.08848122507333755
20,380,1,0.01,3,67,0.9260689616203308,0.08514952659606934,0.2918039180615458,0.11279518157243729
20,380,1,0.01,3,68,0.9281042814254761,0.08280538022518158,0.28775924003441067,0.11752217262983322
20,380,1,0.01,3,69,0.9304081201553345,0.0801519975066185,0.28311128113626716,0.09934289753437042
20,380,1,0.01,3,70,0.9273796677589417,0.0836399719119072,0.28920576050955,0.07979971170425415
20,380,1,0.01,3,71,0.9263079762458801,0.08487427234649658,0.29133189380240637,0.10275186598300934
20,380,1,0.01,3,72,0.9276106357574463,0.08337395638227463,0.2887454872067694,0.0939527228474617
20,380,1,0.01,3,73,0.9262791872024536,0.08490744978189468,0.2913888291988811,0.1005227267742157
20,380,1,0.01,3,74,0.928947925567627,0.08183375746011734,0.2860660019298297,0.08477901667356491
20,380,1,0.01,3,75,0.9273229241371155,0.08370533585548401,0.28931874439013455,0.08802106976509094
20,380,1,0.01,3,76,0.9275625348091125,0.08342935144901276,0.28884139497138,0.0984852984547615
20,380,1,0.01,3,77,0.9221745729446411,0.08963487297296524,0.2993908364879681,0.13313215970993042
20,380,1,0.01,3,78,0.9230064153671265,0.08867679536342621,0.2977864929163615,0.10877423733472824
20,380,1,0.01,3,79,0.924561619758606,0.08688562363386154,0.29476367421014,0.10913999378681183
20,380,1,0.01,3,80,0.9258167743682861,0.08543999493122101,0.2923012058326496,0.09937115758657455
20,380,1,0.01,3,81,0.9288539886474609,0.08194191008806229,0.28625497390973365,0.09334228187799454
20,380,1,0.01,3,82,0.9273505210876465,0.08367355167865753,0.28926380983223177,0.08059664070606232
20,380,1,0.01,3,83,0.9284833073616028,0.08236885070800781,0.28699973990930344,0.09541264176368713
20,380,1,0.01,3,84,0.9298916459083557,0.08074679225683212,0.2841598005644573,0.11217275261878967
20,380,1,0.01,3,85,0.9277641773223877,0.08319710195064545,0.28843907840416744,0.09455175697803497
20,380,1,0.01,3,86,0.9294681549072266,0.08123456686735153,0.2850167834836249,0.09196912497282028
20,380,1,0.01,3,87,0.9276533126831055,0.08332478255033493,0.28866032382427437,0.11346201598644257
20,380,1,0.01,3,88,0.9300844669342041,0.08052469789981842,0.28376874017378734,0.10817677527666092
20,380,1,0.01,3,89,0.9295699596405029,0.08111733943223953,0.2848110591817662,0.08761293441057205
20,380,1,0.01,3,90,0.9298884868621826,0.08075043559074402,0.2841662112052452,0.11527164280414581
20,380,1,0.01,3,91,0.9305462837219238,0.0799928531050682,0.2828300781477603,0.09329038858413696
20,380,1,0.01,3,92,0.9316270351409912,0.07874808460474014,0.28062089124785444,0.09602796286344528
20,380,1,0.01,3,93,0.9317626357078552,0.07859191298484802,0.2803424922926384,0.1027747392654419
20,380,1,0.01,3,94,0.9315009117126465,0.07889331877231598,0.28087954495177464,0.09530963748693466
20,380,1,0.01,3,95,0.9313089847564697,0.07911442220211029,0.28127286076354807,0.11356973648071289
20,380,1,0.01,3,96,0.9316251873970032,0.07875020802021027,0.2806246746460658,0.11006656289100647
20,380,1,0.01,3,97,0.9306371212005615,0.07988817989826202,0.28264497147174233,0.11427588015794754
20,380,1,0.01,3,98,0.930545449256897,0.0799938216805458,0.2828317904347844,0.08807821571826935
20,380,1,0.01,3,99,0.9300622940063477,0.08055024594068527,0.28381375220500726,0.10031943023204803
20,380,1,0.01,3,100,0.9305862784385681,0.07994674146175385,0.2827485481160847,0.12186814099550247
21,380,1,0.01,3,1,0.915600597858429,0.09720639884471893,0.31177940734551235,0.3273480236530304
21,380,1,0.01,3,2,0.9224312901496887,0.08933921158313751,0.2988966570290433,0.21668189764022827
21,380,1,0.01,3,3,0.9229410886764526,0.08875208348035812,0.2979128790105559,0.19065019488334656
21,380,1,0.01,3,4,0.9222241640090942,0.0895778015255928,0.2992955086959923,0.2133292257785797
21,380,1,0.01,3,5,0.9221952557563782,0.08961104601621628,0.29935104144835756,0.19094428420066833
21,380,1,0.01,3,6,0.9233219027519226,0.08831343799829483,0.2971757695342856,0.19543416798114777
21,380,1,0.01,3,7,0.9271717071533203,0.08387944847345352,0.28961948911192686,0.15665379166603088
21,380,1,0.01,3,8,0.9271024465560913,0.08395923674106598,0.2897572030874573,0.17143785953521729
21,380,1,0.01,3,9,0.9292647838592529,0.08146879822015762,0.2854273957071353,0.14118202030658722
21,380,1,0.01,3,10,0.928992748260498,0.08178210258483887,0.28597570278756,0.13201822340488434
21,380,1,0.01,3,11,0.9289913177490234,0.0817837342619896,0.2859785555981245,0.16613490879535675
21,380,1,0.01,3,12,0.930281400680542,0.08029790967702866,0.28336885798730366,0.1442490518093109
21,380,1,0.01,3,13,0.929951548576355,0.0806778147816658,0.28403840370919176,0.18098603188991547
21,380,1,0.01,3,14,0.9315490126609802,0.07883793115615845,0.28078093089837575,0.1092022955417633
21,380,1,0.01,3,15,0.9276283979415894,0.08335347473621368,0.2887100184202372,0.1871994286775589
21,380,1,0.01,3,16,0.9289368391036987,0.08184652775526047,0.2860883215988735,0.12404286861419678
21,380,1,0.01,3,17,0.9311412572860718,0.07930757850408554,0.28161601251364515,0.12273789942264557
21,380,1,0.01,3,18,0.9312366247177124,0.0791977047920227,0.2814208677266537,0.08684312552213669
21,380,1,0.01,3,19,0.9332253932952881,0.0769071951508522,0.2773214653625864,0.09887395799160004
21,380,1,0.01,3,20,0.9311057925224304,0.07934843003749847,0.2816885337345105,0.12217675149440765
21,380,1,0.01,3,21,0.9318146109580994,0.07853206247091293,0.28023572661406493,0.09666422009468079
21,380,1,0.01,3,22,0.9319994449615479,0.07831915467977524,0.27985559612016914,0.08965455740690231
21,380,1,0.01,3,23,0.9332106709480286,0.07692413032054901,0.2773519971454127,0.1080007404088974
21,380,1,0.01,3,24,0.931545078754425,0.07884246110916138,0.2807889974859438,0.16380742192268372
21,380,1,0.01,3,25,0.9320390224456787,0.07827355712652206,0.2797741180426132,0.12112089991569519
21,380,1,0.01,3,26,0.9334877729415894,0.07660496234893799,0.2767760147645348,0.14981916546821594
21,380,1,0.01,3,27,0.9338529706001282,0.07618436962366104,0.2760151619452472,0.10180027037858963
21,380,1,0.01,3,28,0.9326159954071045,0.07760908454656601,0.27858407087729553,0.09463182091712952
21,380,1,0.01,3,29,0.9336467385292053,0.07642191648483276,0.2764451419085399,0.10808203369379044
21,380,1,0.01,3,30,0.9327263832092285,0.07748190313577652,0.2783557133162108,0.09923078864812851
21,380,1,0.01,3,31,0.9313831925392151,0.0790289118885994,0.28112081368799324,0.10279751569032669
21,380,1,0.01,3,32,0.9321104884147644,0.07819126546382904,0.27962701132728407,0.122881218791008
21,380,1,0.01,3,33,0.9323164224624634,0.07795404642820358,0.27920251866378926,0.12852086126804352
21,380,1,0.01,3,34,0.9325405955314636,0.07769592106342316,0.2787398806475728,0.15143384039402008
21,380,1,0.01,3,35,0.9318560361862183,0.07848432660102844,0.2801505427462678,0.07923334091901779
21,380,1,0.01,3,36,0.9310520887374878,0.07941030710935593,0.28179834475978727,0.09454412758350372
21,380,1,0.01,3,37,0.9329638481140137,0.07720838487148285,0.2778639682857114,0.12513740360736847
21,380,1,0.01,3,38,0.9349311590194702,0.07494255900382996,0.27375638623387394,0.1458456963300705
21,380,1,0.01,3,39,0.9332259893417358,0.0769064724445343,0.27732016234766327,0.2050810158252716
21,380,1,0.01,3,40,0.9324020743370056,0.0778554379940033,0.27902587334152956,0.13318461179733276
21,380,1,0.01,3,41,0.9318895936012268,0.0784456804394722,0.2800815603346143,0.10207853466272354
21,380,1,0.01,3,42,0.928625762462616,0.08220480382442474,0.2867138012451175,0.14316651225090027
21,380,1,0.01,3,43,0.9346998333930969,0.07520899176597595,0.2742425783243294,0.12874963879585266
21,380,1,0.01,3,44,0.9321745038032532,0.07811754196882248,0.2794951555373053,0.09705720841884613
21,380,1,0.01,3,45,0.9330735206604004,0.0770820751786232,0.2776365883283815,0.10009132325649261
21,380,1,0.01,3,46,0.9343340992927551,0.07563026249408722,0.2750095680046191,0.10263843089342117
21,380,1,0.01,3,47,0.931926429271698,0.0784032866358757,0.2800058689311274,0.1314810961484909
21,380,1,0.01,3,48,0.9313142895698547,0.07910829037427902,0.28126196041107127,0.09331806749105453
21,380,1,0.01,3,49,0.9303039312362671,0.08027196675539017,0.2833230784023606,0.16473276913166046
21,380,1,0.01,3,50,0.9294376373291016,0.08126968145370483,0.2850783777379562,0.11738590896129608
21,380,1,0.01,3,51,0.928029477596283,0.0828915610909462,0.2879089458334808,0.1458934247493744
21,380,1,0.01,3,52,0.9306749701499939,0.079844631254673,0.28256792325859104,0.08639026433229446
21,380,1,0.01,3,53,0.9313803911209106,0.07903219014406204,0.28112664431544376,0.1886727511882782
21,380,1,0.01,3,54,0.9296305179595947,0.08104752749204636,0.28468847446295814,0.13213758170604706
21,380,1,0.01,3,55,0.9328909516334534,0.07729240506887436,0.27801511661935646,0.10772928595542908
21,380,1,0.01,3,56,0.9292227625846863,0.08151716738939285,0.2855121142603109,0.10070769488811493
21,380,1,0.01,3,57,0.9298250675201416,0.08082345873117447,0.28429466884057897,0.1035294458270073
21,380,1,0.01,3,58,0.9259663820266724,0.08526768535375595,0.29200631046906494,0.10246168822050095
21,380,1,0.01,3,59,0.9268901348114014,0.08420374244451523,0.2901788111570437,0.12506568431854248
21,380,1,0.01,3,60,0.9302303791046143,0.08035670965909958,0.2834725906663633,0.10796630382537842
21,380,1,0.01,3,61,0.9300705790519714,0.0805407166481018,0.2837969637753403,0.09446260333061218
21,380,1,0.01,3,62,0.925649881362915,0.08563226461410522,0.2926299106620942,0.1813272088766098
21,380,1,0.01,3,63,0.9305325746536255,0.08000863343477249,0.28285797396356444,0.1004951000213623
21,380,1,0.01,3,64,0.9276810884475708,0.08329276740550995,0.2886048637939249,0.12452739477157593
21,380,1,0.01,3,65,0.9290012717247009,0.08177226781845093,0.2859585071622296,0.09547682851552963
21,380,1,0.01,3,66,0.9257274866104126,0.08554282039403915,0.2924770425076798,0.08491529524326324
21,380,1,0.01,3,67,0.9236451387405396,0.08794120699167252,0.29654882733147425,0.13094811141490936
21,380,1,0.01,3,68,0.9319637417793274,0.07836028933525085,0.27992907911692716,0.10309415310621262
21,380,1,0.01,3,69,0.9230326414108276,0.08864662051200867,0.2977358233602545,0.23428045213222504
21,380,1,0.01,3,70,0.9263854622840881,0.08478500694036484,0.2911786512441543,0.10433650761842728
21,380,1,0.01,3,71,0.9272719621658325,0.08376401662826538,0.2894201386017659,0.10399197787046432
21,380,1,0.01,3,72,0.9298470616340637,0.08079814165830612,0.28425013924060993,0.10627453774213791
21,380,1,0.01,3,73,0.9300521016120911,0.08056202530860901,0.2838345033793619,0.08710213005542755
21,380,1,0.01,3,74,0.9287165999412537,0.08210013061761856,0.28653120356711337,0.11658764630556107
21,380,1,0.01,3,75,0.9313543438911438,0.07906217873096466,0.28117997569344205,0.09500011801719666
21,380,1,0.01,3,76,0.9281519651412964,0.08275048434734344,0.28766383913753124,0.13191430270671844
21,380,1,0.01,3,77,0.9270802140235901,0.0839848592877388,0.28980141353647465,0.11358815431594849
21,380,1,0.01,3,78,0.9299770593643188,0.08064839243888855,0.28398660609065446,0.1260315477848053
21,380,1,0.01,3,79,0.9301027655601501,0.08050363510847092,0.283731625146847,0.08904913067817688
21,380,1,0.01,3,80,0.9281585216522217,0.08274292945861816,0.2876507073841783,0.10968827456235886
21,380,1,0.01,3,81,0.9274846911430359,0.08351900428533554,0.2889965471858367,0.10530418902635574
21,380,1,0.01,3,82,0.930223822593689,0.08036425709724426,0.28348590281924824,0.08580565452575684
21,380,1,0.01,3,83,0.9291820526123047,0.0815640464425087,0.28559419889505583,0.0919560119509697
21,380,1,0.01,3,84,0.92686527967453,0.08423242717981339,0.29022823291301864,0.08853694796562195
21,380,1,0.01,3,85,0.9307624101638794,0.07974393665790558,0.2823896893618915,0.11321371048688889
21,380,1,0.01,3,86,0.9292991757392883,0.08142920583486557,0.28535803096262347,0.12926538288593292
21,380,1,0.01,3,87,0.9300813674926758,0.08052829653024673,0.28377508088316483,0.10390740633010864
21,380,1,0.01,3,88,0.9298362731933594,0.08081059157848358,0.2842720379820773,0.08425041288137436
21,380,1,0.01,3,89,0.9320942163467407,0.0782100185751915,0.2796605416843633,0.09763451665639877
21,380,1,0.01,3,90,0.9338904023170471,0.07614126056432724,0.2759370590629813,0.09150172024965286
21,380,1,0.01,3,91,0.929757833480835,0.08090093731880188,0.28443090078049166,0.09032215923070908
21,380,1,0.01,3,92,0.92936110496521,0.08135785162448883,0.2852329777997082,0.12808991968631744
21,380,1,0.01,3,93,0.9332935810089111,0.07682866603136063,0.27717984420112624,0.12353786081075668
21,380,1,0.01,3,94,0.9254390001296997,0.08587510883808136,0.29304455094418896,0.08934339135885239
21,380,1,0.01,3,95,0.9315603971481323,0.07882484793663025,0.28075763201849074,0.10377640277147293
21,380,1,0.01,3,96,0.9309709072113037,0.07950374484062195,0.2819640843097254,0.09159195423126221
21,380,1,0.01,3,97,0.9288881421089172,0.08190257102251053,0.2861862523296857,0.08878399431705475
21,380,1,0.01,3,98,0.9287054538726807,0.08211298286914825,0.28655363000518463,0.08762503415346146
21,380,1,0.01,3,99,0.9285863637924194,0.08225017786026001,0.28679291807898605,0.09373100847005844
21,380,1,0.01,3,100,0.9266445636749268,0.08448659628629684,0.2906657810721738,0.1163603886961937
22,380,1,0.01,3,1,0.896116316318512,0.11964727938175201,0.3459006784927604,0.3943037986755371
22,380,1,0.01,3,2,0.9049768447875977,0.10944227874279022,0.33082061414426733,0.26777300238609314
22,380,1,0.01,3,3,0.9093841314315796,0.10436617583036423,0.32305754259940167,0.224932000041008
22,380,1,0.01,3,4,0.9113376140594482,0.10211630165576935,0.319556413886139,0.1842823028564453
22,380,1,0.01,3,5,0.913617730140686,0.09949015080928802,0.31542059350855334,0.17822203040122986
22,380,1,0.01,3,6,0.915878415107727,0.09688640385866165,0.31126580901001905,0.161173477768898
22,380,1,0.01,3,7,0.9154404401779175,0.09739091247320175,0.3120751711898942,0.142318993806839
22,380,1,0.01,3,8,0.9182852506637573,0.09411438554525375,0.3067806798761189,0.1642928421497345
22,380,1,0.01,3,9,0.9196232557296753,0.09257332235574722,0.3042586438472163,0.11535179615020752
22,380,1,0.01,3,10,0.9204576015472412,0.09161236882209778,0.30267535218794706,0.14364555478096008
22,380,1,0.01,3,11,0.9168518781661987,0.09576528519392014,0.3094596665058633,0.20363296568393707
22,380,1,0.01,3,12,0.9223436117172241,0.08944018930196762,0.2990655267695821,0.1373400241136551
22,380,1,0.01,3,13,0.9235274791717529,0.08807670325040817,0.2967771946265551,0.12156755477190018
22,380,1,0.01,3,14,0.9231889247894287,0.088466577231884,0.2974333156051689,0.11545819789171219
22,380,1,0.01,3,15,0.9226446151733398,0.08909350633621216,0.29848535363768214,0.17123252153396606
22,380,1,0.01,3,16,0.9250752329826355,0.08629406243562698,0.29375851040544676,0.1130969300866127
22,380,1,0.01,3,17,0.9232548475265503,0.08839072287082672,0.2973057733560294,0.12250854820013046
22,380,1,0.01,3,18,0.9261175394058228,0.08509360253810883,0.2917080776017504,0.10497475415468216
22,380,1,0.01,3,19,0.9256935715675354,0.08558189868927002,0.2925438406278109,0.1423770934343338
22,380,1,0.01,3,20,0.9243159294128418,0.08716858923435211,0.2952432712770134,0.13828130066394806
22,380,1,0.01,3,21,0.9293802976608276,0.08133574575185776,0.28519422461168065,0.10878930985927582
22,380,1,0.01,3,22,0.9266461730003357,0.08448476344347,0.29066262821950467,0.11984896659851074
22,380,1,0.01,3,23,0.9297098517417908,0.08095616847276688,0.28452797485092196,0.10911180824041367
22,380,1,0.01,3,24,0.9291847348213196,0.08156098425388336,0.2855888377613582,0.10548954457044601
22,380,1,0.01,3,25,0.9290579557418823,0.08170699328184128,0.2858443514954271,0.10302838683128357
22,380,1,0.01,3,26,0.9281052947044373,0.08280423283576965,0.2877572463653516,0.11925847828388214
22,380,1,0.01,3,27,0.9282945990562439,0.08258619159460068,0.2873781334663455,0.16090762615203857
22,380,1,0.01,3,28,0.9297730922698975,0.08088330924510956,0.2843999107684627,0.1274665743112564
22,380,1,0.01,3,29,0.9285361170768738,0.08230801671743393,0.2868937376755267,0.1506159007549286
22,380,1,0.01,3,30,0.9268991351127625,0.08419343084096909,0.29016104294162076,0.12579874694347382
22,380,1,0.01,3,31,0.9260172843933105,0.08520904183387756,0.29190587838184684,0.14238090813159943
22,380,1,0.01,3,32,0.9316067695617676,0.07877139747142792,0.28066242618389076,0.1108926311135292
22,380,1,0.01,3,33,0.9299782514572144,0.0806470662355423,0.28398427110588764,0.10139429569244385
22,380,1,0.01,3,34,0.9326261281967163,0.07759741693735123,0.27856312917784226,0.11695817857980728
22,380,1,0.01,3,35,0.9311628341674805,0.07928270101547241,0.28157183988366524,0.11046741902828217
22,380,1,0.01,3,36,0.9320129752159119,0.07830359786748886,0.27982780038353744,0.1055694967508316
22,380,1,0.01,3,37,0.9318346977233887,0.07850892096757889,0.2801944342194878,0.11217200756072998
22,380,1,0.01,3,38,0.9282376170158386,0.08265180885791779,0.2874922761708874,0.1661403477191925
22,380,1,0.01,3,39,0.9328917264938354,0.07729145139455795,0.278013401465753,0.12351180613040924
22,380,1,0.01,3,40,0.9334741234779358,0.07662072032690048,0.276804480323026,0.09609859436750412
22,380,1,0.01,3,41,0.934091329574585,0.07590984553098679,0.2755174142064105,0.11333683878183365
22,380,1,0.01,3,42,0.9308521747589111,0.07964051514863968,0.2822065115277103,0.15891771018505096
22,380,1,0.01,3,43,0.9345062971115112,0.07543190568685532,0.27464869503941813,0.09827899187803268
22,380,1,0.01,3,44,0.9340544939041138,0.07595230638980865,0.2755944600129122,0.09340610355138779
22,380,1,0.01,3,45,0.9361580014228821,0.07352960109710693,0.2711634213847932,0.09489639848470688
22,380,1,0.01,3,46,0.9362160563468933,0.07346269488334656,0.2710400245044015,0.1040637195110321
22,380,1,0.01,3,47,0.9359499216079712,0.0737692192196846,0.2716048954265821,0.08880416303873062
22,380,1,0.01,3,48,0.9332900643348694,0.07683271914720535,0.27718715545134004,0.12687623500823975
22,380,1,0.01,3,49,0.9336962699890137,0.07636488974094391,0.27634197969353824,0.10323526710271835
22,380,1,0.01,3,50,0.9328585863113403,0.0773296132683754,0.2780820261512337,0.10563894361257553
22,380,1,0.01,3,51,0.9331039190292358,0.07704705744981766,0.27757351719826884,0.11168225854635239
22,380,1,0.01,3,52,0.9332377314567566,0.07689298689365387,0.27729584723477896,0.11395982652902603
22,380,1,0.01,3,53,0.9352314472198486,0.07459669560194016,0.27312395647753085,0.12075624614953995
22,380,1,0.01,3,54,0.9327198266983032,0.07748948037624359,0.2783693236982904,0.1135513186454773
22,380,1,0.01,3,55,0.9350383281707764,0.07481912523508072,0.2735308487814139,0.12934225797653198
22,380,1,0.01,3,56,0.9326331615447998,0.07758929580450058,0.2785485519698506,0.09976983815431595
22,380,1,0.01,3,57,0.9339464902877808,0.0760766938328743,0.275820038853007,0.09818951040506363
22,380,1,0.01,3,58,0.9327601194381714,0.07744304835796356,0.27828591117403617,0.1115112453699112
22,380,1,0.01,3,59,0.9303386211395264,0.08023200184106827,0.28325254074953726,0.1308826059103012
22,380,1,0.01,3,60,0.9356377124786377,0.07412880659103394,0.2722660584631032,0.11530229449272156
22,380,1,0.01,3,61,0.9309595823287964,0.07951682806015015,0.28198728350787405,0.10856886208057404
22,380,1,0.01,3,62,0.9324695467948914,0.07777770608663559,0.27888654698037263,0.12129263579845428
22,380,1,0.01,3,63,0.9339540004730225,0.07606801390647888,0.2758043036402421,0.12840697169303894
22,380,1,0.01,3,64,0.9335599541664124,0.07652188092470169,0.2766258862158451,0.12892469763755798
22,380,1,0.01,3,65,0.9320816993713379,0.07822444289922714,0.2796863294822025,0.1289423257112503
22,380,1,0.01,3,66,0.9327244758605957,0.07748410850763321,0.27835967471534595,0.12461232393980026
22,380,1,0.01,3,67,0.9309908151626587,0.07948081195354462,0.2819234150501597,0.09661165624856949
22,380,1,0.01,3,68,0.9336251020431519,0.07644685357809067,0.2764902413794937,0.08445398509502411
22,380,1,0.01,3,69,0.9354757070541382,0.07431536167860031,0.2726084402189344,0.0854211300611496
22,380,1,0.01,3,70,0.9327980279922485,0.07739943265914917,0.27820753523071434,0.08434121310710907
22,380,1,0.01,3,71,0.9323109984397888,0.07796034216880798,0.2792137929415522,0.09844638407230377
22,380,1,0.01,3,72,0.9316819310188293,0.07868483662605286,0.28050817568486813,0.09667210280895233
22,380,1,0.01,3,73,0.9317269921302795,0.07863297313451767,0.2804157148494315,0.08776108920574188
22,380,1,0.01,3,74,0.9325254559516907,0.07771334052085876,0.27877112569428486,0.09466373175382614
22,380,1,0.01,3,75,0.9315264821052551,0.07886388152837753,0.280827138162211,0.0985230877995491
22,380,1,0.01,3,76,0.9310851097106934,0.07937225699424744,0.2817308236495386,0.09126012027263641
22,380,1,0.01,3,77,0.9250593185424805,0.08631236851215363,0.2937896671296552,0.16456981003284454
22,380,1,0.01,3,78,0.9307729005813599,0.07973185926675797,0.2823683042884912,0.08418426662683487
22,380,1,0.01,3,79,0.9299684166908264,0.08065836131572723,0.2840041572155718,0.09608592092990875
22,380,1,0.01,3,80,0.9331802129745483,0.07695923745632172,0.277415279781633,0.09624253958463669
22,380,1,0.01,3,81,0.9325792789459229,0.07765136659145355,0.27865994794992255,0.1291854828596115
22,380,1,0.01,3,82,0.9288765788078308,0.08191590011119843,0.28620953881937344,0.12488700449466705
22,380,1,0.01,3,83,0.9304863214492798,0.08006192743778229,0.28295216457518446,0.10450852662324905
22,380,1,0.01,3,84,0.9284001588821411,0.08246460556983948,0.28716651192268133,0.0974116399884224
22,380,1,0.01,3,85,0.9282769560813904,0.08260651677846909,0.2874134944265302,0.09607025980949402
22,380,1,0.01,3,86,0.9286638498306274,0.08216090500354767,0.28663723589852674,0.09046322107315063
22,380,1,0.01,3,87,0.9308933019638062,0.07959318161010742,0.2821226357634343,0.09176447242498398
22,380,1,0.01,3,88,0.9309031367301941,0.07958181202411652,0.28210248496622026,0.12521129846572876
22,380,1,0.01,3,89,0.9273467063903809,0.08367790281772614,0.2892713307912247,0.08942443877458572
22,380,1,0.01,3,90,0.9286530017852783,0.08217339962720871,0.2866590302558228,0.11437928676605225
22,380,1,0.01,3,91,0.9297024607658386,0.08096468448638916,0.2845429396178882,0.10216890275478363
22,380,1,0.01,3,92,0.9310923218727112,0.07936394214630127,0.2817160665391686,0.11341403424739838
22,380,1,0.01,3,93,0.9319025874137878,0.07843073457479477,0.28005487779146926,0.09117888659238815
22,380,1,0.01,3,94,0.9306959509849548,0.07982045412063599,0.2825251389180014,0.09426417201757431
22,380,1,0.01,3,95,0.9338719844818115,0.0761624425649643,0.2759754383363931,0.0716671496629715
22,380,1,0.01,3,96,0.9405977725982666,0.06841613352298737,0.2615647788273249,0.10242165625095367
22,380,1,0.01,3,97,0.9303469657897949,0.08022239059209824,0.2832355743759922,0.09321793913841248
22,380,1,0.01,3,98,0.9297236204147339,0.08094031363725662,0.28450011184049934,0.11172059178352356
22,380,1,0.01,3,99,0.9329550862312317,0.07721848785877228,0.27788214742723627,0.09039878845214844
22,380,1,0.01,3,100,0.9308264255523682,0.07967016845941544,0.2822590449558976,0.1051679253578186
23,380,1,0.01,3,1,0.8972564935684204,0.1183340772986412,0.3439972053645803,0.39523521065711975
23,380,1,0.01,3,2,0.9067603349685669,0.10738815367221832,0.3277013177761394,0.2869567573070526
23,380,1,0.01,3,3,0.906943678855896,0.10717697441577911,0.3273789462011556,0.20670320093631744
23,380,1,0.01,3,4,0.9110321998596191,0.10246803611516953,0.3201062887779144,0.16279157996177673
23,380,1,0.01,3,5,0.9140138030052185,0.09903400391340256,0.31469668557740255,0.16416466236114502
23,380,1,0.01,3,6,0.9156583547592163,0.09713989496231079,0.31167273695706976,0.1453336626291275
23,380,1,0.01,3,7,0.9165865182876587,0.09607088565826416,0.3099530378271266,0.15941675007343292
23,380,1,0.01,3,8,0.9164575934410095,0.09621937572956085,0.3101924817424833,0.11843709647655487
23,380,1,0.01,3,9,0.9164367914199829,0.09624332189559937,0.31023107822331303,0.1380239874124527
23,380,1,0.01,3,10,0.9180314540863037,0.09440669417381287,0.3072567235616055,0.14124424755573273
23,380,1,0.01,3,11,0.9180961847305298,0.09433213621377945,0.3071353711537951,0.13093529641628265
23,380,1,0.01,3,12,0.9169068336486816,0.09570194035768509,0.30935730209207135,0.14051105082035065
23,380,1,0.01,3,13,0.9190444946289062,0.0932399332523346,0.3053521463037956,0.11507022380828857
23,380,1,0.01,3,14,0.9195671677589417,0.09263795614242554,0.30436484051615675,0.15431486070156097
23,380,1,0.01,3,15,0.9202414751052856,0.0918613001704216,0.3030862916240548,0.11348852515220642
23,380,1,0.01,3,16,0.9211613535881042,0.09080185741186142,0.30133346546950507,0.10818158835172653
23,380,1,0.01,3,17,0.9207271933555603,0.09130187332630157,0.3021619984814463,0.14217813313007355
23,380,1,0.01,3,18,0.9226869344711304,0.08904477953910828,0.29840371904369467,0.13519495725631714
23,380,1,0.01,3,19,0.9228318333625793,0.08887790888547897,0.2981239824057752,0.13175641000270844
23,380,1,0.01,3,20,0.9231781959533691,0.08847900480031967,0.29745420622394914,0.12062732875347137
23,380,1,0.01,3,21,0.9236599206924438,0.08792411535978317,0.29652000836331965,0.1292279064655304
23,380,1,0.01,3,22,0.9243051409721375,0.08718101680278778,0.2952643168464279,0.10384427011013031
23,380,1,0.01,3,23,0.9237616658210754,0.08780694007873535,0.2963223583848093,0.1081693172454834
23,380,1,0.01,3,24,0.9254469275474548,0.08586595952510834,0.2930289397399314,0.13020460307598114
23,380,1,0.01,3,25,0.9250967502593994,0.086269311606884,0.2937163795345503,0.13360102474689484
23,380,1,0.01,3,26,0.9234924912452698,0.08811701089143753,0.2968450957847165,0.1349530965089798
23,380,1,0.01,3,27,0.9245816469192505,0.08686256408691406,0.29472455630115735,0.10116507858037949
23,380,1,0.01,3,28,0.9247816801071167,0.086632139980793,0.29433338237582396,0.11255516856908798
23,380,1,0.01,3,29,0.9262309670448303,0.08496294170618057,0.2914840333640602,0.1014220342040062
23,380,1,0.01,3,30,0.9279427528381348,0.08299144357442856,0.28808235554165507,0.13453403115272522
23,380,1,0.01,3,31,0.9261983036994934,0.08500059694051743,0.2915486184850092,0.1261781007051468
23,380,1,0.01,3,32,0.929059624671936,0.08170508593320847,0.2858410151346522,0.08534643054008484
23,380,1,0.01,3,33,0.9287997484207153,0.0820043534040451,0.286364022537827,0.10612823814153671
23,380,1,0.01,3,34,0.9300923347473145,0.08051563054323196,0.28375276305832153,0.09468969702720642
23,380,1,0.01,3,35,0.9286693930625916,0.0821545273065567,0.28662611065036747,0.12720303237438202
23,380,1,0.01,3,36,0.9301280379295349,0.08047453314065933,0.2836803361896262,0.08360398560762405
23,380,1,0.01,3,37,0.9299582839012146,0.08067005127668381,0.28402473708584575,0.11365661770105362
23,380,1,0.01,3,38,0.9311572909355164,0.07928913086652756,0.2815832574329084,0.1223396360874176
23,380,1,0.01,3,39,0.9310289621353149,0.07943692803382874,0.2818455747990888,0.09516175836324692
23,380,1,0.01,3,40,0.9322834014892578,0.07799211889505386,0.27927069107776753,0.11116067320108414
23,380,1,0.01,3,41,0.9323943853378296,0.07786428928375244,0.2790417339462906,0.14953166246414185
23,380,1,0.01,3,42,0.9288074374198914,0.08199550956487656,0.2863485805183545,0.15137659013271332
23,380,1,0.01,3,43,0.9332048892974854,0.07693079113960266,0.27736400476558354,0.12206652015447617
23,380,1,0.01,3,44,0.9272433519363403,0.08379698544740677,0.28947708967620694,0.15675298869609833
23,380,1,0.01,3,45,0.9331411719322205,0.07700418680906296,0.2774962825139518,0.102528415620327
23,380,1,0.01,3,46,0.933681845664978,0.07638145238161087,0.2763719457209991,0.12768074870109558
23,380,1,0.01,3,47,0.9345653653144836,0.0753638967871666,0.2745248564104289,0.13585324585437775
23,380,1,0.01,3,48,0.9340412616729736,0.07596755027770996,0.2756221150011551,0.13459289073944092
23,380,1,0.01,3,49,0.9354476928710938,0.07434767484664917,0.27266770040958127,0.08868920803070068
23,380,1,0.01,3,50,0.9339657425880432,0.07605447620153427,0.2757797603188716,0.11073030531406403
23,380,1,0.01,3,51,0.9329795241355896,0.0771903544664383,0.2778315217293356,0.09023260325193405
23,380,1,0.01,3,52,0.9344933032989502,0.07544686645269394,0.2746759298749964,0.09184831380844116
23,380,1,0.01,3,53,0.9317551255226135,0.07860054075717926,0.2803578797843557,0.1265859603881836
23,380,1,0.01,3,54,0.932428777217865,0.077824667096138,0.27897072802740075,0.09783719480037689
23,380,1,0.01,3,55,0.9347907304763794,0.07510433346033096,0.27405169851750777,0.19623494148254395
23,380,1,0.01,3,56,0.9335815906524658,0.07649695873260498,0.27658083580140724,0.09357547014951706
23,380,1,0.01,3,57,0.9350413680076599,0.07481563091278076,0.2735244612695193,0.09902521222829819
23,380,1,0.01,3,58,0.9359249472618103,0.07379797846078873,0.2716578334243074,0.10534150153398514
23,380,1,0.01,3,59,0.9341268539428711,0.07586891949176788,0.2754431329544592,0.09351624548435211
23,380,1,0.01,3,60,0.9351322054862976,0.07471103221178055,0.2733331890052515,0.09055037051439285
23,380,1,0.01,3,61,0.9341713786125183,0.07581763714551926,0.2753500265943682,0.09549697488546371
23,380,1,0.01,3,62,0.9347886443138123,0.07510670274496078,0.27405602117990546,0.09350017458200455
23,380,1,0.01,3,63,0.9334783554077148,0.0766158252954483,0.2767956381438268,0.08753173053264618
23,380,1,0.01,3,64,0.9359371662139893,0.07378389686346054,0.2716319142948055,0.10191932320594788
23,380,1,0.01,3,65,0.9354698061943054,0.07432221621274948,0.27262101205290373,0.10787662863731384
23,380,1,0.01,3,66,0.9340271353721619,0.07598375529050827,0.2756515105899263,0.10326596349477768
23,380,1,0.01,3,67,0.9342702627182007,0.07570379227399826,0.27514322138478764,0.09616445749998093
23,380,1,0.01,3,68,0.9340894818305969,0.0759120061993599,0.2755213352888663,0.12441737949848175
23,380,1,0.01,3,69,0.9345459938049316,0.0753861591219902,0.2745654004458504,0.09273567795753479
23,380,1,0.01,3,70,0.9346953630447388,0.07521414011716843,0.27425196465507484,0.11362666636705399
23,380,1,0.01,3,71,0.9352250695228577,0.07460404187440872,0.2731374047515439,0.10444667190313339
23,380,1,0.01,3,72,0.9336018562316895,0.07647361606359482,0.276538633943966,0.12401706725358963
23,380,1,0.01,3,73,0.9332892894744873,0.07683362066745758,0.27718878164070343,0.14482669532299042
23,380,1,0.01,3,74,0.9370271563529968,0.07252851873636246,0.2693111931137703,0.10778091102838516
23,380,1,0.01,3,75,0.9356502294540405,0.07411442697048187,0.2722396498867898,0.10653015971183777
23,380,1,0.01,3,76,0.9348527193069458,0.07503290474414825,0.2739213477335205,0.10371596366167068
23,380,1,0.01,3,77,0.9334962964057922,0.07659516483545303,0.2767583148442934,0.11466600745916367
23,380,1,0.01,3,78,0.9313375949859619,0.07908148318529129,0.281214301174907,0.0895179882645607
23,380,1,0.01,3,79,0.9343065619468689,0.07566193491220474,0.275067146188353,0.08890572190284729
23,380,1,0.01,3,80,0.9358099102973938,0.07393048703670502,0.27190161278798075,0.09325201064348221
23,380,1,0.01,3,81,0.9350430965423584,0.07481363415718079,0.2735208111957494,0.10384365916252136
23,380,1,0.01,3,82,0.9332998991012573,0.07682133466005325,0.2771666189497813,0.09892776608467102
23,380,1,0.01,3,83,0.9331849813461304,0.07695373147726059,0.2774053558914474,0.10706868022680283
23,380,1,0.01,3,84,0.9354281425476074,0.07437019050121307,0.27270898500271873,0.1621711105108261
23,380,1,0.01,3,85,0.9377741813659668,0.07166813313961029,0.26770904568133347,0.11958999186754227
23,380,1,0.01,3,86,0.9374221563339233,0.0720735564827919,0.268465186724074,0.11231403797864914
23,380,1,0.01,3,87,0.9356389045715332,0.07412742078304291,0.2722635134994091,0.09730466455221176
23,380,1,0.01,3,88,0.9324684739112854,0.07777894288301468,0.2788887643542039,0.10251621901988983
23,380,1,0.01,3,89,0.9318392276763916,0.07850369811058044,0.280185114006045,0.14181619882583618
23,380,1,0.01,3,90,0.9325153827667236,0.07772495597600937,0.27879195823410935,0.11275254189968109
23,380,1,0.01,3,91,0.9315603375434875,0.07882489264011383,0.2807577116307116,0.10758759826421738
23,380,1,0.01,3,92,0.935699999332428,0.07405707240104675,0.27213429111570403,0.09172391146421432
23,380,1,0.01,3,93,0.9311059713363647,0.07934820652008057,0.28168813698855083,0.09138426929712296
23,380,1,0.01,3,94,0.9341306686401367,0.0758645161986351,0.2754351397309993,0.12079811096191406
23,380,1,0.01,3,95,0.9333240389823914,0.07679354399442673,0.2771164809144825,0.07529568672180176
23,380,1,0.01,3,96,0.9356188774108887,0.07415048778057098,0.2723058717335544,0.1168254166841507
23,380,1,0.01,3,97,0.9348675012588501,0.07501592487096786,0.27389035191289207,0.09142418205738068
23,380,1,0.01,3,98,0.9335034489631653,0.07658691704273224,0.27674341372963557,0.09227706491947174
23,380,1,0.01,3,99,0.9326995015144348,0.07751290500164032,0.2784113952438734,0.11096899211406708
23,380,1,0.01,3,100,0.9299071431159973,0.0807289406657219,0.2841283876449551,0.131276935338974
24,380,1,0.01,3,1,0.9041483402252197,0.11039648950099945,0.33225967179451593,0.5173799395561218
24,380,1,0.01,3,2,0.9103721976280212,0.10322819650173187,0.3212914510249718,0.2785569131374359
24,380,1,0.01,3,3,0.9123527407646179,0.10094714164733887,0.31772179913776594,0.27596190571784973
24,380,1,0.01,3,4,0.9127970933914185,0.10043536126613617,0.3169153850259343,0.2210267037153244
24,380,1,0.01,3,5,0.9135308861732483,0.09959018230438232,0.31557912209837696,0.181888148188591
24,380,1,0.01,3,6,0.9144032597541809,0.09858544170856476,0.3139831869838969,0.18971632421016693
24,380,1,0.01,3,7,0.9170709252357483,0.09551296383142471,0.30905171708214907,0.164144828915596
24,380,1,0.01,3,8,0.9179924726486206,0.09445158392190933,0.3073297641327786,0.14282475411891937
24,380,1,0.01,3,9,0.9197922945022583,0.0923786610364914,0.30393858102664656,0.14437557756900787
24,380,1,0.01,3,10,0.9211403727531433,0.09082604199647903,0.30137359206884573,0.15376217663288116
24,380,1,0.01,3,11,0.9210933446884155,0.09088020771741867,0.30146344341796844,0.1510774940252304
24,380,1,0.01,3,12,0.9235059022903442,0.08810155093669891,0.29681905420086985,0.1483224481344223
24,380,1,0.01,3,13,0.9211248159408569,0.09084395319223404,0.3014033065383226,0.14230504631996155
24,380,1,0.01,3,14,0.9225501418113708,0.08920235186815262,0.2986676277539175,0.1318770796060562
24,380,1,0.01,3,15,0.9222100377082825,0.0895940437912941,0.29932264162821715,0.12216030806303024
24,380,1,0.01,3,16,0.9258756041526794,0.08537226915359497,0.29218533357031284,0.14021049439907074
24,380,1,0.01,3,17,0.9257310628890991,0.08553873002529144,0.2924700497919256,0.1399545520544052
24,380,1,0.01,3,18,0.9243276119232178,0.08715513348579407,0.29522048283578506,0.12924228608608246
24,380,1,0.01,3,19,0.9263676404953003,0.08480555564165115,0.2912139344908673,0.13065889477729797
24,380,1,0.01,3,20,0.9255756139755249,0.08571773767471313,0.29277591716996315,0.13233202695846558
24,380,1,0.01,3,21,0.9250049591064453,0.08637500554323196,0.2938962496243053,0.13304439187049866
24,380,1,0.01,3,22,0.9257325530052185,0.08553703129291534,0.2924671456641162,0.11406221240758896
24,380,1,0.01,3,23,0.9258418083190918,0.0854111909866333,0.29225193068076266,0.12227384746074677
24,380,1,0.01,3,24,0.9264126420021057,0.08475369215011597,0.2911248738086733,0.11017574369907379
24,380,1,0.01,3,25,0.9271178841590881,0.08394143730401993,0.2897264870598129,0.10924110561609268
24,380,1,0.01,3,26,0.9264538288116455,0.08470626175403595,0.2910434018390315,0.10851002484560013
24,380,1,0.01,3,27,0.9248161911964417,0.08659245073795319,0.29426595239332937,0.1470315158367157
24,380,1,0.01,3,28,0.9253137111663818,0.08601940423250198,0.2932906480481469,0.11989019066095352
24,380,1,0.01,3,29,0.92646324634552,0.08469540625810623,0.2910247519681208,0.13475073873996735
24,380,1,0.01,3,30,0.9270396828651428,0.08403153717517853,0.28988193661416456,0.11168022453784943
24,380,1,0.01,3,31,0.9255685806274414,0.08572585135698318,0.2927897733135213,0.10531889647245407
24,380,1,0.01,3,32,0.9283181428909302,0.08255907893180847,0.28733095714142687,0.14468255639076233
24,380,1,0.01,3,33,0.9272193312644958,0.08382462710142136,0.289524829853022,0.1459200084209442
24,380,1,0.01,3,34,0.9288021922111511,0.08200157433748245,0.2863591701648167,0.11083724349737167
24,380,1,0.01,3,35,0.9314162135124207,0.0789908915758133,0.281053182824556,0.12858353555202484
24,380,1,0.01,3,36,0.9288173317909241,0.08198414742946625,0.2863287401387892,0.15055668354034424
24,380,1,0.01,3,37,0.9323331713676453,0.07793477177619934,0.2791679991979728,0.11621984094381332
24,380,1,0.01,3,38,0.9309976100921631,0.07947304844856262,0.2819096458948552,0.11590394377708435
24,380,1,0.01,3,39,0.9320565462112427,0.07825338840484619,0.27973807106800136,0.21380460262298584
24,380,1,0.01,3,40,0.9304884076118469,0.0800594612956047,0.28294780666335745,0.09640021622180939
24,380,1,0.01,3,41,0.9317950010299683,0.078554667532444,0.280276055938505,0.13482829928398132
24,380,1,0.01,3,42,0.9309169054031372,0.07956597208976746,0.2820744087820933,0.12268301099538803
24,380,1,0.01,3,43,0.9309805035591125,0.0794927179813385,0.2819445299723662,0.10722649842500687
24,380,1,0.01,3,44,0.929178774356842,0.08156782388687134,0.2856008121257209,0.1206255853176117
24,380,1,0.01,3,45,0.9337292313575745,0.0763268917798996,0.2762732194402845,0.13409209251403809
24,380,1,0.01,3,46,0.9324623346328735,0.07778604328632355,0.2789014938761059,0.12528784573078156
24,380,1,0.01,3,47,0.9324779510498047,0.07776805013418198,0.27886923482912557,0.11358650028705597
24,380,1,0.01,3,48,0.9340721964836121,0.0759318619966507,0.2755573660722041,0.12646496295928955
24,380,1,0.01,3,49,0.9328025579452515,0.07739420235157013,0.2781981350612727,0.09961193054914474
24,380,1,0.01,3,50,0.9339929223060608,0.0760231763124466,0.2757230064982728,0.09710882604122162
24,380,1,0.01,3,51,0.9349700212478638,0.07489781826734543,0.27367465770024346,0.13059784471988678
24,380,1,0.01,3,52,0.9327144622802734,0.07749564945697784,0.27838040422590427,0.12830200791358948
24,380,1,0.01,3,53,0.9361371994018555,0.07355352491140366,0.27120753107427464,0.15034188330173492
24,380,1,0.01,3,54,0.9369754195213318,0.07258810102939606,0.26942179019039286,0.14303423464298248
24,380,1,0.01,3,55,0.9352598190307617,0.07456406205892563,0.27306420867430725,0.10339711606502533
24,380,1,0.01,3,56,0.934023916721344,0.07598747313022614,0.2756582542392412,0.09722238779067993
24,380,1,0.01,3,57,0.9377798438072205,0.07166163623332977,0.26769691113894045,0.14999838173389435
24,380,1,0.01,3,58,0.9386598467826843,0.07064811140298843,0.26579712451978943,0.13191579282283783
24,380,1,0.01,3,59,0.9366952776908875,0.07291076332330704,0.27001993134453434,0.13464152812957764
24,380,1,0.01,3,60,0.9349478483200073,0.07492335885763168,0.27372131604541083,0.13966716825962067
24,380,1,0.01,3,61,0.9356197714805603,0.07414945960044861,0.2723039838130331,0.1059359461069107
24,380,1,0.01,3,62,0.9345489740371704,0.0753827840089798,0.2745592540945939,0.11590054631233215
24,380,1,0.01,3,63,0.9362480640411377,0.07342581450939178,0.2709719810411988,0.10810931771993637
24,380,1,0.01,3,64,0.9349179863929749,0.07495775073766708,0.2737841316396315,0.132034033536911
24,380,1,0.01,3,65,0.9343135952949524,0.07565384358167648,0.27505243787626477,0.09061902016401291
24,380,1,0.01,3,66,0.9344648122787476,0.0754796639084816,0.27473562548108243,0.10217176377773285
24,380,1,0.01,3,67,0.9367836117744446,0.07280903309583664,0.26983149018570207,0.11080105602741241
24,380,1,0.01,3,68,0.934772253036499,0.07512561231851578,0.2740905184761337,0.11564702540636063
24,380,1,0.01,3,69,0.9332292079925537,0.07690276205539703,0.2773134725457763,0.0994512066245079
24,380,1,0.01,3,70,0.9327579736709595,0.07744551450014114,0.27829034208923087,0.10002952069044113
24,380,1,0.01,3,71,0.934152364730835,0.0758395716547966,0.2753898539430903,0.128972128033638
24,380,1,0.01,3,72,0.9325368404388428,0.07770020514726639,0.2787475652759435,0.1272861808538437
24,380,1,0.01,3,73,0.9350665807723999,0.07478658854961395,0.27347136696483226,0.09920492768287659
24,380,1,0.01,3,74,0.933838427066803,0.07620109617710114,0.2760454603450329,0.10831435769796371
24,380,1,0.01,3,75,0.9325651526451111,0.07766760140657425,0.2786890765828009,0.11920680105686188
24,380,1,0.01,3,76,0.9317201972007751,0.07864081114530563,0.28042969019935393,0.10574687272310257
24,380,1,0.01,3,77,0.9341737627983093,0.07581492513418198,0.2753451018888514,0.11264077574014664
24,380,1,0.01,3,78,0.9329922795295715,0.07717566192150116,0.27780507900594825,0.0976891815662384
24,380,1,0.01,3,79,0.9326499700546265,0.07756990194320679,0.2785137374407352,0.12944182753562927
24,380,1,0.01,3,80,0.9349023699760437,0.07497572153806686,0.2738169489605544,0.12861308455467224
24,380,1,0.01,3,81,0.9343241453170776,0.0756416991353035,0.27503036038827333,0.12252243608236313
24,380,1,0.01,3,82,0.9347648620605469,0.07513412833213806,0.2741060530746048,0.11765579134225845
24,380,1,0.01,3,83,0.9325733780860901,0.07765813171863556,0.2786720863643066,0.12075428664684296
24,380,1,0.01,3,84,0.933412492275238,0.07669167965650558,0.2769326265655703,0.154816135764122
24,380,1,0.01,3,85,0.9305936098098755,0.07993828505277634,0.28273359378180785,0.11665412783622742
24,380,1,0.01,3,86,0.9307246804237366,0.07978733628988266,0.28246652242324694,0.10705281049013138
24,380,1,0.01,3,87,0.9323043823242188,0.07796791195869446,0.27922734815682804,0.11642231792211533
24,380,1,0.01,3,88,0.92876797914505,0.08204100281000137,0.2864280063296908,0.10623446106910706
24,380,1,0.01,3,89,0.932479977607727,0.07776574045419693,0.2788650936460082,0.13456322252750397
24,380,1,0.01,3,90,0.9319460391998291,0.07838070392608643,0.279965540604708,0.11506424099206924
24,380,1,0.01,3,91,0.9285972714424133,0.0822376012802124,0.286770991001901,0.10802434384822845
24,380,1,0.01,3,92,0.9310414791107178,0.0794224739074707,0.2818199317072352,0.11891099810600281
24,380,1,0.01,3,93,0.9301288723945618,0.08047354966402054,0.28367860276027257,0.11795542389154434
24,380,1,0.01,3,94,0.933336615562439,0.0767790824174881,0.27709038672874975,0.11479564756155014
24,380,1,0.01,3,95,0.9284182786941528,0.08244377374649048,0.28713023830048007,0.09881944209337234
24,380,1,0.01,3,96,0.928274929523468,0.08260885626077652,0.28741756428718224,0.11637654155492783
24,380,1,0.01,3,97,0.9300777316093445,0.0805324912071228,0.2837824716347414,0.09447216242551804
24,380,1,0.01,3,98,0.9286994338035583,0.08211992681026459,0.2865657460518696,0.1429351419210434
24,380,1,0.01,3,99,0.9331384897232056,0.07700730860233307,0.27750190738503594,0.13475093245506287
24,380,1,0.01,3,100,0.932742178440094,0.07746373116970062,0.27832306977629545,0.13651499152183533
25,380,1,0.01,3,1,0.899415910243988,0.11584699898958206,0.3403630399875728,0.5405080318450928
25,380,1,0.01,3,2,0.9033454060554504,0.11132125556468964,0.3336484011121433,0.3889228403568268
25,380,1,0.01,3,3,0.9050584435462952,0.10934828966856003,0.33067852919196317,0.3315761685371399
25,380,1,0.01,3,4,0.9082157015800476,0.1057119145989418,0.32513368727177716,0.2056475728750229
25,380,1,0.01,3,5,0.9101018309593201,0.10353957116603851,0.3217756534699891,0.19405704736709595
25,380,1,0.01,3,6,0.9130114316940308,0.10018844902515411,0.3165255898425183,0.18016409873962402
25,380,1,0.01,3,7,0.913320004940033,0.09983306378126144,0.31596370643044025,0.14856818318367004
25,380,1,0.01,3,8,0.9142104387283325,0.09880752116441727,0.3143366366881488,0.16627956926822662
25,380,1,0.01,3,9,0.9189320802688599,0.09336937963962555,0.3055640352522292,0.19594086706638336
25,380,1,0.01,3,10,0.9178316593170166,0.09463680535554886,0.30763095643245797,0.13115189969539642
25,380,1,0.01,3,11,0.919980525970459,0.0921618863940239,0.30358176228822426,0.15263673663139343
25,380,1,0.01,3,12,0.9190021753311157,0.09328868985176086,0.3054319725434141,0.15367043018341064
25,380,1,0.01,3,13,0.9206218719482422,0.0914231687784195,0.30236264448244843,0.12806273996829987
25,380,1,0.01,3,14,0.9200838208198547,0.09204291552305222,0.30338575365869147,0.12534783780574799
25,380,1,0.01,3,15,0.9218710064888,0.08998454362154007,0.29997423826312164,0.1463339924812317
25,380,1,0.01,3,16,0.9217878580093384,0.09008027613162994,0.30013376373149014,0.11577054113149643
25,380,1,0.01,3,17,0.9218635559082031,0.08999311178922653,0.29998851942903837,0.1413620263338089
25,380,1,0.01,3,18,0.9228090643882751,0.08890410512685776,0.29816791431483325,0.11862615495920181
25,380,1,0.01,3,19,0.9216545224189758,0.09023387730121613,0.30038954259630296,0.12326794862747192
25,380,1,0.01,3,20,0.9199885725975037,0.09215262532234192,0.30356650889441333,0.10927359759807587
25,380,1,0.01,3,21,0.9214577078819275,0.09046050906181335,0.30076653580778123,0.15586049854755402
25,380,1,0.01,3,22,0.9210221171379089,0.09096221625804901,0.3015994301354845,0.11865784972906113
25,380,1,0.01,3,23,0.9239620566368103,0.08757614344358444,0.29593266707746957,0.14284075796604156
25,380,1,0.01,3,24,0.9251126646995544,0.08625095337629318,0.2936851262428746,0.14867669343948364
25,380,1,0.01,3,25,0.9240953326225281,0.0874226838350296,0.29567327210119887,0.13449420034885406
25,380,1,0.01,3,26,0.9240565299987793,0.08746732026338577,0.29574874515944405,0.11592987924814224
25,380,1,0.01,3,27,0.9245889186859131,0.08685416728258133,0.2947103107843045,0.11499101668596268
25,380,1,0.01,3,28,0.9246445894241333,0.0867900624871254,0.29460153171211684,0.1039869487285614
25,380,1,0.01,3,29,0.9260165691375732,0.0852099061012268,0.29190735876511714,0.12847375869750977
25,380,1,0.01,3,30,0.925062358379364,0.08630888164043427,0.2937837327702714,0.13210146129131317
25,380,1,0.01,3,31,0.9255648851394653,0.08573013544082642,0.29279708919459296,0.1156403049826622
25,380,1,0.01,3,32,0.9258660674095154,0.08538325875997543,0.2922041388481269,0.11062802374362946
25,380,1,0.01,3,33,0.9258308410644531,0.0854237824678421,0.29227347205629545,0.1352693736553192
25,380,1,0.01,3,34,0.9270100593566895,0.08406569063663483,0.2899408398908902,0.13145782053470612
25,380,1,0.01,3,35,0.9260936379432678,0.08512111753225327,0.2917552356552548,0.1384032815694809
25,380,1,0.01,3,36,0.9267394542694092,0.08437731862068176,0.290477742040043,0.1524958461523056
25,380,1,0.01,3,37,0.9274889826774597,0.08351408690214157,0.28898803937557965,0.11443374305963516
25,380,1,0.01,3,38,0.9265046715736389,0.08464771509170532,0.29094280381495147,0.13895642757415771
25,380,1,0.01,3,39,0.9257895350456238,0.08547139167785645,0.29235490705280875,0.12058912217617035
25,380,1,0.01,3,40,0.9281019568443298,0.08280807733535767,0.28776392639689513,0.10474134981632233
25,380,1,0.01,3,41,0.9293839335441589,0.08133157342672348,0.28518690963423177,0.10909011214971542
25,380,1,0.01,3,42,0.9296694397926331,0.08100272715091705,0.28460978049061675,0.12524381279945374
25,380,1,0.01,3,43,0.9267383813858032,0.08437852561473846,0.2904798196342363,0.11434701830148697
25,380,1,0.01,3,44,0.9265215396881104,0.08462829887866974,0.29090943415205656,0.10039149224758148
25,380,1,0.01,3,45,0.9281800389289856,0.0827181413769722,0.28760761703573184,0.11282452940940857
25,380,1,0.01,3,46,0.9257117509841919,0.08556093275547028,0.29250800460067805,0.0915074273943901
25,380,1,0.01,3,47,0.9270220994949341,0.08405176550149918,0.28991682514386635,0.11418932676315308
25,380,1,0.01,3,48,0.9274030327796936,0.08361306041479111,0.2891592302085325,0.11932018399238586
25,380,1,0.01,3,49,0.9281173348426819,0.0827903300523758,0.2877330882126277,0.10416866838932037
25,380,1,0.01,3,50,0.9269922971725464,0.08408612012863159,0.2899760681998285,0.10665286332368851
25,380,1,0.01,3,51,0.9265314936637878,0.08461683988571167,0.29088973836440446,0.11393222212791443
25,380,1,0.01,3,52,0.9283366203308105,0.08253776282072067,0.2872938614393295,0.11751815676689148
25,380,1,0.01,3,53,0.9263443946838379,0.08483230322599411,0.29125985515685837,0.10411794483661652
25,380,1,0.01,3,54,0.9264500737190247,0.08471059799194336,0.2910508512132259,0.12078909575939178
25,380,1,0.01,3,55,0.9264242649078369,0.08474036306142807,0.29110198051787295,0.17203651368618011
25,380,1,0.01,3,56,0.9255528450012207,0.0857439860701561,0.2928207405054432,0.09557275474071503
25,380,1,0.01,3,57,0.9261459708213806,0.08506087958812714,0.2916519836862543,0.10134223103523254
25,380,1,0.01,3,58,0.9251506924629211,0.08620718121528625,0.29361059452152993,0.07989191263914108
25,380,1,0.01,3,59,0.925979495048523,0.0852525606751442,0.2919804114579336,0.10172820836305618
25,380,1,0.01,3,60,0.9252206683158875,0.08612658828496933,0.2934733178416214,0.08742573112249374
25,380,1,0.01,3,61,0.9244383573532104,0.08702755719423294,0.29500433419567407,0.14619840681552887
25,380,1,0.01,3,62,0.9270393252372742,0.08403195440769196,0.28988265627265797,0.10246730595827103
25,380,1,0.01,3,63,0.9269811511039734,0.0840989500284195,0.2899981896985212,0.08795555680990219
25,380,1,0.01,3,64,0.9276918768882751,0.08328036218881607,0.288583371296435,0.10143381357192993
25,380,1,0.01,3,65,0.9273948669433594,0.08362246304750443,0.2891754883241393,0.10969328880310059
25,380,1,0.01,3,66,0.9273622035980225,0.0836600810289383,0.28924052452749127,0.107502281665802
25,380,1,0.01,3,67,0.9257516264915466,0.08551502972841263,0.29242952950824347,0.10308593511581421
25,380,1,0.01,3,68,0.92857426404953,0.08226406574249268,0.2868171294439938,0.08466080576181412
25,380,1,0.01,3,69,0.9254474639892578,0.08586535602807999,0.29302790998142136,0.09755682945251465
25,380,1,0.01,3,70,0.9272674322128296,0.08376919478178024,0.28942908420160585,0.104334257543087
25,380,1,0.01,3,71,0.9250469207763672,0.08632665127515793,0.29381397392765024,0.09883416444063187
25,380,1,0.01,3,72,0.9284065365791321,0.0824572965502739,0.2871537855405599,0.09336616843938828
25,380,1,0.01,3,73,0.9278815984725952,0.08306186646223068,0.28820455662988864,0.08465620130300522
25,380,1,0.01,3,74,0.9270700216293335,0.08399660140275955,0.2898216717272184,0.10764077305793762
25,380,1,0.01,3,75,0.9261285066604614,0.08508095890283585,0.29168640507030125,0.10404767096042633
25,380,1,0.01,3,76,0.9260056018829346,0.08522253483533859,0.29192898937128287,0.07744816690683365
25,380,1,0.01,3,77,0.9271103739738464,0.08395010232925415,0.28974144047625316,0.09355393797159195
25,380,1,0.01,3,78,0.9262522459030151,0.0849384292960167,0.2914419827272946,0.10196448862552643
25,380,1,0.01,3,79,0.9264461398124695,0.0847151130437851,0.29105860757549346,0.08813375234603882
25,380,1,0.01,3,80,0.9279302358627319,0.08300581574440002,0.28810729901271165,0.09435370564460754
25,380,1,0.01,3,81,0.9286507964134216,0.08217597007751465,0.286663513683752,0.10439180582761765
25,380,1,0.01,3,82,0.9280819892883301,0.08283107727766037,0.2878038868355679,0.09425081312656403
25,380,1,0.01,3,83,0.9285232424736023,0.08232283592224121,0.2869195635055951,0.10431994497776031
25,380,1,0.01,3,84,0.9277064800262451,0.08326353877782822,0.28855422155606775,0.1094895526766777
25,380,1,0.01,3,85,0.9299026131629944,0.08073415607213974,0.28413756540123264,0.20144535601139069
25,380,1,0.01,3,86,0.9273838400840759,0.08363515883684158,0.28919743919481994,0.09525710344314575
25,380,1,0.01,3,87,0.9279890060424805,0.08293819427490234,0.2879899204397653,0.11381769180297852
25,380,1,0.01,3,88,0.930627703666687,0.07989906519651413,0.28266422694871407,0.11630018800497055
25,380,1,0.01,3,89,0.9272356629371643,0.08380582928657532,0.28949236481568097,0.1027112677693367
25,380,1,0.01,3,90,0.9317914843559265,0.07855870574712753,0.2802832598410535,0.08804725855588913
25,380,1,0.01,3,91,0.931145191192627,0.07930305600166321,0.28160798284434907,0.08428917825222015
25,380,1,0.01,3,92,0.9306377172470093,0.0798875093460083,0.282643785259836,0.10380282998085022
25,380,1,0.01,3,93,0.9324560761451721,0.07779327034950256,0.27891444987576847,0.09562104940414429
25,380,1,0.01,3,94,0.9328657984733582,0.07732132822275162,0.2780671289864223,0.10015185922384262
25,380,1,0.01,3,95,0.9316290616989136,0.0787457600235939,0.2806167493639571,0.11051945388317108
25,380,1,0.01,3,96,0.933040976524353,0.07711959630250931,0.2777041524761726,0.0888507142663002
25,380,1,0.01,3,97,0.9340527057647705,0.07595432549715042,0.27559812317421617,0.11473891884088516
25,380,1,0.01,3,98,0.9314628839492798,0.0789371207356453,0.28095750699286415,0.09229133278131485
25,380,1,0.01,3,99,0.9352790713310242,0.07454188168048859,0.273023591802043,0.10221024602651596
25,380,1,0.01,3,100,0.9344038963317871,0.07554981857538223,0.27486327251086534,0.08849667012691498
26,380,1,0.01,3,1,0.919032871723175,0.09325329959392548,0.30537403228487764,0.4648931622505188
26,380,1,0.01,3,2,0.924085795879364,0.08743362873792648,0.2956917799634046,0.3136194348335266
26,380,1,0.01,3,3,0.9221776723861694,0.08963129669427872,0.29938486383629803,0.23102889955043793
26,380,1,0.01,3,4,0.9242602586746216,0.08723268657922745,0.29535180138138223,0.18931616842746735
26,380,1,0.01,3,5,0.9272136092185974,0.08383118361234665,0.28953615251354475,0.1782904714345932
26,380,1,0.01,3,6,0.9288011789321899,0.08200278133153915,0.2863612776398708,0.140748992562294
26,380,1,0.01,3,7,0.9285883903503418,0.0822477862238884,0.28678874842623864,0.16271625459194183
26,380,1,0.01,3,8,0.9271472096443176,0.08390770852565765,0.289668273246584,0.14664408564567566
26,380,1,0.01,3,9,0.9272542595863342,0.08378441631793976,0.2894553788029163,0.13758674263954163
26,380,1,0.01,3,10,0.9269590973854065,0.08412434160709381,0.2900419652517439,0.14347732067108154
26,380,1,0.01,3,11,0.9260504841804504,0.08517085760831833,0.29184046602265135,0.12826170027256012
26,380,1,0.01,3,12,0.9259920716285706,0.08523812144994736,0.2919556840514453,0.12606936693191528
26,380,1,0.01,3,13,0.9272484183311462,0.08379113674163818,0.289466987308809,0.13147516548633575
26,380,1,0.01,3,14,0.9284798502922058,0.08237280696630478,0.2870066322688463,0.11922726035118103
26,380,1,0.01,3,15,0.9295473694801331,0.081143319606781,0.28485666502081536,0.14837023615837097
26,380,1,0.01,3,16,0.9298230409622192,0.0808257982134819,0.2842987833485784,0.1075311079621315
26,380,1,0.01,3,17,0.9283533692359924,0.08251852542161942,0.2872603791364542,0.1086350828409195
26,380,1,0.01,3,18,0.9258546233177185,0.0853964239358902,0.2922266653402632,0.11799148470163345
26,380,1,0.01,3,19,0.9294706583023071,0.08123165369033813,0.2850116729018974,0.1187564954161644
26,380,1,0.01,3,20,0.9306763410568237,0.07984307408332825,0.2825651678521757,0.10963192582130432
26,380,1,0.01,3,21,0.9291456341743469,0.08160600066184998,0.28566764020772456,0.12663477659225464
26,380,1,0.01,3,22,0.9300376176834106,0.08057866245508194,0.2838638096959208,0.1249411478638649
26,380,1,0.01,3,23,0.9272759556770325,0.08375940471887589,0.2894121709929903,0.1283508688211441
26,380,1,0.01,3,24,0.9292015433311462,0.08154161274433136,0.2855549207146173,0.09826559573411942
26,380,1,0.01,3,25,0.9293307065963745,0.08139283955097198,0.28529430339733736,0.11463400721549988
26,380,1,0.01,3,26,0.9288156628608704,0.08198607712984085,0.2863321098477096,0.10440393537282944
26,380,1,0.01,3,27,0.9270991683006287,0.0839630514383316,0.2897637855880745,0.140426903963089
26,380,1,0.01,3,28,0.923982560634613,0.08755254745483398,0.2958927972337853,0.11583676934242249
26,380,1,0.01,3,29,0.9294549226760864,0.08124981820583344,0.2850435373865428,0.113428995013237
26,380,1,0.01,3,30,0.930832028388977,0.0796637311577797,0.28224764154511495,0.12553884088993073
26,380,1,0.01,3,31,0.9280503392219543,0.08286751061677933,0.28786717530274153,0.1070191040635109
26,380,1,0.01,3,32,0.9311679601669312,0.07927680760622025,0.2815613744927032,0.09174852818250656
26,380,1,0.01,3,33,0.9291237592697144,0.08163125067949295,0.2857118315357153,0.1120840460062027
26,380,1,0.01,3,34,0.9298978447914124,0.08073965460062027,0.284147241057555,0.12227050960063934
26,380,1,0.01,3,35,0.9260915517807007,0.08512356877326965,0.29175943647681674,0.12186503410339355
26,380,1,0.01,3,36,0.9302161931991577,0.08037302643060684,0.2835013693628425,0.10456157475709915
26,380,1,0.01,3,37,0.9259851574897766,0.08524606376886368,0.2919692856600908,0.11243512481451035
26,380,1,0.01,3,38,0.9283149838447571,0.08256269246339798,0.2873372451726333,0.10201642662286758
26,380,1,0.01,3,39,0.9300292134284973,0.08058838546276093,0.28388093536333314,0.13416580855846405
26,380,1,0.01,3,40,0.9297845363616943,0.08087018877267838,0.2843768428910455,0.10153581947088242
26,380,1,0.01,3,41,0.9291501045227051,0.0816008672118187,0.285658655061979,0.11573421955108643
26,380,1,0.01,3,42,0.9307152032852173,0.07979828119277954,0.28248589556432646,0.10638585686683655
26,380,1,0.01,3,43,0.9311978816986084,0.07924232631921768,0.28150013555808046,0.10408536344766617
26,380,1,0.01,3,44,0.9296301007270813,0.08104803413152695,0.2846893642753922,0.10794489830732346
26,380,1,0.01,3,45,0.9279133677482605,0.083025261759758,0.28814104490641035,0.09712622314691544
26,380,1,0.01,3,46,0.9307498931884766,0.07975835353136063,0.28241521476606146,0.11283635348081589
26,380,1,0.01,3,47,0.9284437894821167,0.08241433650255203,0.28707897258864506,0.10463989526033401
26,380,1,0.01,3,48,0.9287198781967163,0.0820963978767395,0.28652468982051005,0.12438943237066269
26,380,1,0.01,3,49,0.9306752681732178,0.07984430342912674,0.28256734317526283,0.1426854431629181
26,380,1,0.01,3,50,0.9287296533584595,0.08208511024713516,0.28650499166181237,0.08432164043188095
26,380,1,0.01,3,51,0.926226019859314,0.0849686786532402,0.2914938741264389,0.12629806995391846
26,380,1,0.01,3,52,0.92677241563797,0.08433935791254044,0.2904123928356716,0.13260678946971893
26,380,1,0.01,3,53,0.9273862838745117,0.08363230526447296,0.289192505546864,0.12545517086982727
26,380,1,0.01,3,54,0.9306210875511169,0.07990669459104538,0.2826777221343157,0.11559608578681946
26,380,1,0.01,3,55,0.9287335276603699,0.08208063989877701,0.28649719003644175,0.09567984938621521
26,380,1,0.01,3,56,0.9312335252761841,0.07920131832361221,0.28142728780914655,0.09282248467206955
26,380,1,0.01,3,57,0.9298321604728699,0.08081530034542084,0.28428032001076126,0.10287444293498993
26,380,1,0.01,3,58,0.9319626092910767,0.07836160808801651,0.27993143461929476,0.09930572658777237
26,380,1,0.01,3,59,0.9275059103965759,0.08349453657865524,0.28895421190675735,0.1201903373003006
26,380,1,0.01,3,60,0.9301106929779053,0.08049451559782028,0.2837155540287143,0.08698586374521255
26,380,1,0.01,3,61,0.9295302033424377,0.08116309344768524,0.2848913713113917,0.09997054934501648
26,380,1,0.01,3,62,0.9295231103897095,0.08117128163576126,0.284905741668646,0.0869024246931076
26,380,1,0.01,3,63,0.930320143699646,0.08025331050157547,0.28329015249665046,0.10656148195266724
26,380,1,0.01,3,64,0.9333012104034424,0.07681986689567566,0.277163971135636,0.09659681469202042
26,380,1,0.01,3,65,0.9296581149101257,0.08101579546928406,0.2846327378733586,0.096242256462574
26,380,1,0.01,3,66,0.930820643901825,0.07967685163021088,0.28227088342620615,0.0971529483795166
26,380,1,0.01,3,67,0.9300801753997803,0.08052970468997955,0.28377756199174653,0.09888166934251785
26,380,1,0.01,3,68,0.9302051067352295,0.08038575947284698,0.2835238252296392,0.10640579462051392
26,380,1,0.01,3,69,0.9298513531684875,0.08079320937395096,0.28424146315052445,0.1026792824268341
26,380,1,0.01,3,70,0.9314830899238586,0.0789138525724411,0.28091609525344235,0.07808303087949753
26,380,1,0.01,3,71,0.9301422238349915,0.08045817911624908,0.2836515099840808,0.09600813686847687
26,380,1,0.01,3,72,0.9284725785255432,0.08238120377063751,0.2870212601370106,0.1089009940624237
26,380,1,0.01,3,73,0.92609041929245,0.08512484282255173,0.2917616198586643,0.11668843030929565
26,380,1,0.01,3,74,0.9277626872062683,0.08319879323244095,0.28844201017265314,0.08956950157880783
26,380,1,0.01,3,75,0.9293749928474426,0.08134184032678604,0.28520490936655707,0.1087055429816246
26,380,1,0.01,3,76,0.9278486967086792,0.08309972286224365,0.28827022541747815,0.0935809537768364
26,380,1,0.01,3,77,0.9293837547302246,0.08133179694414139,0.28518730151278016,0.10724343359470367
26,380,1,0.01,3,78,0.9294660091400146,0.08123701810836792,0.2850210836207875,0.10417275130748749
26,380,1,0.01,3,79,0.9313939213752747,0.07901659607887268,0.2810989080001427,0.08352295309305191
26,380,1,0.01,3,80,0.9334156513214111,0.07668807357549667,0.2769261157339565,0.11450197547674179
26,380,1,0.01,3,81,0.9316133260726929,0.07876387238502502,0.28064901992528857,0.0983077734708786
26,380,1,0.01,3,82,0.9331074953079224,0.07704298198223114,0.277566175861237,0.14089582860469818
26,380,1,0.01,3,83,0.9315958023071289,0.07878406345844269,0.28068498972770645,0.12387768179178238
26,380,1,0.01,3,84,0.931984543800354,0.07833635807037354,0.2798863306243689,0.0741226077079773
26,380,1,0.01,3,85,0.9306351542472839,0.07989048957824707,0.2826490572746477,0.09050216525793076
26,380,1,0.01,3,86,0.9305711388587952,0.07996419817209244,0.28277941610395274,0.07703132927417755
26,380,1,0.01,3,87,0.9313953518867493,0.07901489734649658,0.2810958863919865,0.09868080914020538
26,380,1,0.01,3,88,0.9324718117713928,0.07777509838342667,0.2788818717368102,0.08514535427093506
26,380,1,0.01,3,89,0.9300289154052734,0.0805886834859848,0.2838814602716859,0.09692173451185226
26,380,1,0.01,3,90,0.9321406483650208,0.07815651595592499,0.27956486895875343,0.0962085872888565
26,380,1,0.01,3,91,0.9306422472000122,0.07988230139017105,0.2826345721778761,0.08409474790096283
26,380,1,0.01,3,92,0.9299235939979553,0.08070999383926392,0.28409504367247224,0.08700339496135712
26,380,1,0.01,3,93,0.9310876131057739,0.07936935126781464,0.28172566668270504,0.08424634486436844
26,380,1,0.01,3,94,0.9319727420806885,0.07834994792938232,0.27991060703264237,0.11392659693956375
26,380,1,0.01,3,95,0.931584358215332,0.07879723608493805,0.2807084538893299,0.08137653768062592
26,380,1,0.01,3,96,0.9314912557601929,0.07890450209379196,0.2808994519286073,0.08433906733989716
26,380,1,0.01,3,97,0.9295125603675842,0.08118339627981186,0.28492700166851836,0.08303581178188324
26,380,1,0.01,3,98,0.9335504770278931,0.07653278857469559,0.27664560103984226,0.08863115310668945
26,380,1,0.01,3,99,0.9348447322845459,0.07504215091466904,0.27393822463225,0.09810876101255417
26,380,1,0.01,3,100,0.9348928332328796,0.07498671114444733,0.27383701565794083,0.09115607291460037
27,380,1,0.01,3,1,0.9027835130691528,0.11196842044591904,0.33461682630423567,0.3483245372772217
27,380,1,0.01,3,2,0.9058297276496887,0.10845992714166641,0.3293325479536853,0.21389351785182953
27,380,1,0.01,3,3,0.909507691860199,0.10422386229038239,0.32283720710349106,0.18085692822933197
27,380,1,0.01,3,4,0.9106234312057495,0.10293880105018616,0.32084077211318723,0.16224773228168488
27,380,1,0.01,3,5,0.9146991968154907,0.0982445701956749,0.3134398988573007,0.14952388405799866
27,380,1,0.01,3,6,0.9135063886642456,0.09961838275194168,0.3156237994067331,0.14180487394332886
27,380,1,0.01,3,7,0.9165412187576294,0.09612306952476501,0.31003720667810986,0.11531201004981995
27,380,1,0.01,3,8,0.9191848039627075,0.0930783674120903,0.30508747501674055,0.13876935839653015
27,380,1,0.01,3,9,0.9201943278312683,0.09191560745239258,0.3031758688490767,0.1441192477941513
27,380,1,0.01,3,10,0.9232016205787659,0.08845198899507523,0.297408791052106,0.14433638751506805
27,380,1,0.01,3,11,0.9241746664047241,0.08733129501342773,0.29551868809506404,0.10761836171150208
27,380,1,0.01,3,12,0.9249014258384705,0.08649428188800812,0.2940991021543726,0.10003413259983063
27,380,1,0.01,3,13,0.9255580902099609,0.08573795109987259,0.2928104354354069,0.09763318300247192
27,380,1,0.01,3,14,0.9257171154022217,0.0855548158288002,0.2924975484150255,0.09302566200494766
27,380,1,0.01,3,15,0.9271469116210938,0.08390803635120392,0.28966883910977365,0.1116790771484375
27,380,1,0.01,3,16,0.9260680079460144,0.08515066653490067,0.29180587131670377,0.12249188870191574
27,380,1,0.01,3,17,0.9285498261451721,0.08229222148656845,0.28686620833860593,0.13286468386650085
27,380,1,0.01,3,18,0.9281644821166992,0.0827360674738884,0.28763877950284866,0.10707571357488632
27,380,1,0.01,3,19,0.9280283451080322,0.08289282768964767,0.2879111454765996,0.09379681199789047
27,380,1,0.01,3,20,0.9289930462837219,0.08178175985813141,0.28597510356345957,0.11225608736276627
27,380,1,0.01,3,21,0.9290986657142639,0.08166009187698364,0.2857622996075298,0.12608323991298676
27,380,1,0.01,3,22,0.9297981262207031,0.08085453510284424,0.28434931880144226,0.12080755084753036
27,380,1,0.01,3,23,0.9279462099075317,0.08298744261264801,0.2880754113294781,0.16327331960201263
27,380,1,0.01,3,24,0.9294120073318481,0.08129926025867462,0.2851302513916659,0.09956278651952744
27,380,1,0.01,3,25,0.9310925006866455,0.07936374098062515,0.2817157095027275,0.1545332670211792
27,380,1,0.01,3,26,0.9296572804450989,0.08101675659418106,0.2846344262280673,0.10972774028778076
27,380,1,0.01,3,27,0.9315295219421387,0.07886035740375519,0.2808208635478411,0.09169387072324753
27,380,1,0.01,3,28,0.9323503375053406,0.07791504263877869,0.2791326613615445,0.10401275008916855
27,380,1,0.01,3,29,0.9316629767417908,0.07870667427778244,0.28054709814536033,0.14022283256053925
27,380,1,0.01,3,30,0.93089759349823,0.07958824187517166,0.2821138810395044,0.09129461646080017
27,380,1,0.01,3,31,0.9313498139381409,0.07906738668680191,0.28118923643482857,0.10477966070175171
27,380,1,0.01,3,32,0.9323302507400513,0.07793819159269333,0.2791741241460127,0.0862993448972702
27,380,1,0.01,3,33,0.9326274394989014,0.07759587466716766,0.27856036090436065,0.11024755984544754
27,380,1,0.01,3,34,0.9317740797996521,0.07857874035835266,0.28031899749812295,0.11691448092460632
27,380,1,0.01,3,35,0.929364025592804,0.08135449886322021,0.28522710050628114,0.09980341047048569
27,380,1,0.01,3,36,0.9283145666122437,0.08256315439939499,0.28733804899350696,0.1050528958439827
27,380,1,0.01,3,37,0.9344486594200134,0.0754983127117157,0.2747695629281302,0.16343338787555695
27,380,1,0.01,3,38,0.9335979223251343,0.07647813111543655,0.2765467973335373,0.166385680437088
27,380,1,0.01,3,39,0.9324871301651001,0.07775746285915375,0.27885025167489763,0.08742152154445648
27,380,1,0.01,3,40,0.9322731494903564,0.07800393551588058,0.2792918464901555,0.10646042227745056
27,380,1,0.01,3,41,0.9300908446311951,0.08051736652851105,0.28375582201694305,0.08865902572870255
27,380,1,0.01,3,42,0.930762529373169,0.07974378764629364,0.2823894255213776,0.12750405073165894
27,380,1,0.01,3,43,0.9341982007026672,0.0757867693901062,0.2752939690405625,0.1270211637020111
27,380,1,0.01,3,44,0.9318722486495972,0.07846564799547195,0.28011720403336876,0.12832039594650269
27,380,1,0.01,3,45,0.9341373443603516,0.07585687935352325,0.2754212761453321,0.09970398992300034
27,380,1,0.01,3,46,0.935594379901886,0.07417870312929153,0.2723576749961189,0.09836611896753311
27,380,1,0.01,3,47,0.9357753396034241,0.07397028803825378,0.2719747930199668,0.16441619396209717
27,380,1,0.01,3,48,0.9338189959526062,0.07622350752353668,0.27608605093980515,0.08813270926475525
27,380,1,0.01,3,49,0.9341690540313721,0.07582030445337296,0.2753548700375081,0.09527669101953506
27,380,1,0.01,3,50,0.934171736240387,0.07581724226474762,0.2753493095410766,0.09784184396266937
27,380,1,0.01,3,51,0.9333524703979492,0.07676079869270325,0.27705739241663135,0.09798598289489746
27,380,1,0.01,3,52,0.9360003471374512,0.07371116429567337,0.27149800053715567,0.08833648264408112
27,380,1,0.01,3,53,0.9347867965698242,0.0751088336110115,0.27405990879917386,0.12149695307016373
27,380,1,0.01,3,54,0.9358905553817749,0.07383760064840317,0.2717307502812355,0.08876308053731918
27,380,1,0.01,3,55,0.935161292552948,0.07467751950025558,0.2732718783560716,0.0822329968214035
27,380,1,0.01,3,56,0.9350603818893433,0.0747937336564064,0.27348443037293074,0.08610180020332336
27,380,1,0.01,3,57,0.935232937335968,0.07459499686956406,0.27312084664039116,0.08043699711561203
27,380,1,0.01,3,58,0.9353951811790466,0.07440812140703201,0.27277852079486026,0.07005573809146881
27,380,1,0.01,3,59,0.937308669090271,0.07220427691936493,0.2687085352558882,0.1404821276664734
27,380,1,0.01,3,60,0.9348714351654053,0.07501139491796494,0.2738820821411378,0.12554286420345306
27,380,1,0.01,3,61,0.9351534843444824,0.07468654215335846,0.27328838642239894,0.09658064693212509
27,380,1,0.01,3,62,0.9346622824668884,0.07525225728750229,0.274321448828746,0.10453055053949356
27,380,1,0.01,3,63,0.9348467588424683,0.07503978163003922,0.273933900111029,0.0911065861582756
27,380,1,0.01,3,64,0.9339134097099304,0.07611476629972458,0.2758890470818379,0.10728674381971359
27,380,1,0.01,3,65,0.9346680045127869,0.07524567097425461,0.27430944382987366,0.08984621614217758
27,380,1,0.01,3,66,0.9340114593505859,0.07600181549787521,0.2756842677736167,0.10108871757984161
27,380,1,0.01,3,67,0.934077262878418,0.07592608779668808,0.275546888562887,0.09999211132526398
27,380,1,0.01,3,68,0.9333839416503906,0.0767245888710022,0.2769920375588479,0.08017970621585846
27,380,1,0.01,3,69,0.9349342584609985,0.07493899017572403,0.27374986790083394,0.09495353698730469
27,380,1,0.01,3,70,0.9338159561157227,0.07622703909873962,0.27609244665281885,0.09946735203266144
27,380,1,0.01,3,71,0.9344191551208496,0.07553225010633469,0.2748313120922263,0.10032019019126892
27,380,1,0.01,3,72,0.9322726726531982,0.07800449430942535,0.2792928468640494,0.08148904889822006
27,380,1,0.01,3,73,0.9328382611274719,0.0773530825972557,0.27812422152206684,0.07753368467092514
27,380,1,0.01,3,74,0.9351018667221069,0.07474599033594131,0.2733971293483919,0.11722959578037262
27,380,1,0.01,3,75,0.9329451322555542,0.07722994685173035,0.277902765102707,0.10190308839082718
27,380,1,0.01,3,76,0.9357933402061462,0.07394955307245255,0.2719366710696675,0.14237459003925323
27,380,1,0.01,3,77,0.934318482875824,0.075648233294487,0.2750422391097175,0.09934082627296448
27,380,1,0.01,3,78,0.9357106685638428,0.07404474914073944,0.27211164830036116,0.12152624130249023
27,380,1,0.01,3,79,0.9336432218551636,0.0764259546995163,0.2764524456385154,0.10686498880386353
27,380,1,0.01,3,80,0.9344555735588074,0.075490303337574,0.2747549878302012,0.09575311839580536
27,380,1,0.01,3,81,0.9326041340827942,0.07762271910905838,0.27860854098368626,0.09204237163066864
27,380,1,0.01,3,82,0.9361071586608887,0.07358813285827637,0.27127132701094003,0.09053462743759155
27,380,1,0.01,3,83,0.9393161535263062,0.06989220529794693,0.26437133978165434,0.12857377529144287
27,380,1,0.01,3,84,0.936458170413971,0.0731838271021843,0.2705250951431018,0.09298808872699738
27,380,1,0.01,3,85,0.9338891506195068,0.07614267617464066,0.2759396241474585,0.10122423619031906
27,380,1,0.01,3,86,0.9367236495018005,0.07287808507680893,0.26995941375845545,0.11493422836065292
27,380,1,0.01,3,87,0.9391385912895203,0.07009672373533249,0.26475785868474705,0.10241801291704178
27,380,1,0.01,3,88,0.9398266077041626,0.06930425763130188,0.263257018199519,0.10072415322065353
27,380,1,0.01,3,89,0.9431053996086121,0.06552796810865402,0.25598431223153895,0.0920422375202179
27,380,1,0.01,3,90,0.9350278377532959,0.07483121752738953,0.2735529519624848,0.10659932345151901
27,380,1,0.01,3,91,0.9385232329368591,0.07080546021461487,0.26609295408675304,0.09116358309984207
27,380,1,0.01,3,92,0.9391472935676575,0.07008665055036545,0.2647388346094419,0.09135345369577408
27,380,1,0.01,3,93,0.9373220205307007,0.07218888401985168,0.268679891357451,0.07907654345035553
27,380,1,0.01,3,94,0.9383955001831055,0.07095254212617874,0.2663691838899139,0.10323993116617203
27,380,1,0.01,3,95,0.9404283165931702,0.068611279129982,0.2619375481483745,0.09926985949277878
27,380,1,0.01,3,96,0.9406167268753052,0.06839427351951599,0.2615229885106011,0.08383927494287491
27,380,1,0.01,3,97,0.9409089088439941,0.06805773824453354,0.2608787807479434,0.09274785220623016
27,380,1,0.01,3,98,0.9331128001213074,0.07703687250614166,0.27755517020250525,0.11823757737874985
27,380,1,0.01,3,99,0.9370799660682678,0.07246772199869156,0.26919829494016406,0.1002960130572319
27,380,1,0.01,3,100,0.9343090653419495,0.07565906643867493,0.2750619320056393,0.09084655344486237
28,380,1,0.01,3,1,0.9059067964553833,0.10837116092443466,0.32919775352276426,0.36409807205200195
28,380,1,0.01,3,2,0.911623477935791,0.1017870157957077,0.3190407745033661,0.26648467779159546
28,380,1,0.01,3,3,0.9156350493431091,0.09716673940420151,0.3117157990930224,0.18973444402217865
28,380,1,0.01,3,4,0.9172212481498718,0.09533987194299698,0.3087715530015629,0.15169303119182587
28,380,1,0.01,3,5,0.9172787070274353,0.09527365863323212,0.30866431383176146,0.1464197337627411
28,380,1,0.01,3,6,0.9168604612350464,0.09575541317462921,0.30944371568126766,0.15081006288528442
28,380,1,0.01,3,7,0.9200907349586487,0.0920349508523941,0.30337262706512286,0.13951729238033295
28,380,1,0.01,3,8,0.9206613898277283,0.09137769788503647,0.3022874424865123,0.1182185560464859
28,380,1,0.01,3,9,0.9211291074752808,0.0908389613032341,0.30139502534586415,0.1399109661579132
28,380,1,0.01,3,10,0.9220656752586365,0.08976030349731445,0.2996002394814037,0.14227688312530518
28,380,1,0.01,3,11,0.9226396679878235,0.0890992283821106,0.29849493862059134,0.12763097882270813
28,380,1,0.01,3,12,0.9233059287071228,0.08833186328411102,0.297206768570487,0.10978997498750687
28,380,1,0.01,3,13,0.9236904978752136,0.0878889188170433,0.29646065306722125,0.1272834986448288
28,380,1,0.01,3,14,0.9257047176361084,0.08556907624006271,0.29252192437501623,0.1035689264535904
28,380,1,0.01,3,15,0.9267195463180542,0.08440025895833969,0.29051722661201984,0.12795273959636688
28,380,1,0.01,3,16,0.9266654253005981,0.08446255326271057,0.29062441959118057,0.11533322185277939
28,380,1,0.01,3,17,0.9235194325447083,0.08808595687150955,0.296792784399334,0.10325063765048981
28,380,1,0.01,3,18,0.927855372428894,0.0830920934677124,0.2882569920534668,0.12295791506767273
28,380,1,0.01,3,19,0.9285914897918701,0.08224424719810486,0.2867825782681104,0.12250471860170364
28,380,1,0.01,3,20,0.9273912906646729,0.08362654596567154,0.2891825478234666,0.09865303337574005
28,380,1,0.01,3,21,0.9299960732460022,0.08062651008367538,0.28394807638664393,0.09437457472085953
28,380,1,0.01,3,22,0.9299324154853821,0.08069983124732971,0.2840771572079137,0.11220844089984894
28,380,1,0.01,3,23,0.9294562935829163,0.0812481939792633,0.2850406882872396,0.13011260330677032
28,380,1,0.01,3,24,0.9295997023582458,0.0810830369591713,0.2847508331140952,0.09729405492544174
28,380,1,0.01,3,25,0.9304214715957642,0.08013661205768585,0.28308410774482884,0.1041426807641983
28,380,1,0.01,3,26,0.9321918487548828,0.07809754461050034,0.2794593791779055,0.09415784478187561
28,380,1,0.01,3,27,0.930069625377655,0.08054184168577194,0.28379894588558985,0.0831633135676384
28,380,1,0.01,3,28,0.9307873249053955,0.07971525192260742,0.2823388955185017,0.12100253254175186
28,380,1,0.01,3,29,0.9320858716964722,0.07821959257125854,0.27967765833412317,0.1159278079867363
28,380,1,0.01,3,30,0.9299258589744568,0.08070740848779678,0.2840904934836729,0.09632053226232529
28,380,1,0.01,3,31,0.9309327006340027,0.07954776287078857,0.28204212960263325,0.09152492135763168
28,380,1,0.01,3,32,0.9295123815536499,0.08118358999490738,0.28492734160643024,0.08876974135637283
28,380,1,0.01,3,33,0.9317007660865784,0.07866314798593521,0.2804695134697089,0.10370603203773499
28,380,1,0.01,3,34,0.9289212226867676,0.08186452090740204,0.2861197667191172,0.15013442933559418
28,380,1,0.01,3,35,0.931243360042572,0.07918994873762131,0.28140708721995844,0.10598775744438171
28,380,1,0.01,3,36,0.9316567778587341,0.07871385663747787,0.28055989848422364,0.07228562980890274
28,380,1,0.01,3,37,0.931860625743866,0.07847904413938522,0.2801411146893387,0.11751138418912888
28,380,1,0.01,3,38,0.9310352802276611,0.07942959666252136,0.28183256849150945,0.09283549338579178
28,380,1,0.01,3,39,0.930518627166748,0.08002465963363647,0.2828863016012555,0.13039351999759674
28,380,1,0.01,3,40,0.9311708807945251,0.07927347719669342,0.28155546025018485,0.09965537488460541
28,380,1,0.01,3,41,0.9319522976875305,0.07837346941232681,0.27995261994188736,0.07527019083499908
28,380,1,0.01,3,42,0.9331515431404114,0.07699225842952728,0.27747478881788035,0.08495505899190903
28,380,1,0.01,3,43,0.930891215801239,0.07959555089473724,0.28212683476538924,0.09146244823932648
28,380,1,0.01,3,44,0.9321789741516113,0.07811235636472702,0.27948587864993646,0.08243083953857422
28,380,1,0.01,3,45,0.929959774017334,0.08066830784082413,0.28402166790726396,0.09187927097082138
28,380,1,0.01,3,46,0.9330638647079468,0.07709319144487381,0.27765660706144524,0.09329920262098312
28,380,1,0.01,3,47,0.9314988851547241,0.0788956880569458,0.2808837625370071,0.1045757457613945
28,380,1,0.01,3,48,0.9322675466537476,0.07801041752099991,0.2793034506070412,0.09680552035570145
28,380,1,0.01,3,49,0.9336842894554138,0.07637864351272583,0.27636686399191535,0.08766288310289383
28,380,1,0.01,3,50,0.932518720626831,0.07772107422351837,0.2787849964103491,0.10819971561431885
28,380,1,0.01,3,51,0.9330902099609375,0.07706288248300552,0.27760202175597626,0.11400437355041504
28,380,1,0.01,3,52,0.9310342073440552,0.07943087816238403,0.28183484199506637,0.11303127557039261
28,380,1,0.01,3,53,0.9307960867881775,0.07970510423183441,0.2823209241835157,0.10648144781589508
28,380,1,0.01,3,54,0.9315703511238098,0.07881338149309158,0.2807372107382482,0.10122299939393997
28,380,1,0.01,3,55,0.9303512573242188,0.08021742850542068,0.2832268145946296,0.11855273693799973
28,380,1,0.01,3,56,0.9302715063095093,0.08030931651592255,0.2833889844646798,0.10460039973258972
28,380,1,0.01,3,57,0.9314292669296265,0.07897581905126572,0.2810263671815613,0.11157076060771942
28,380,1,0.01,3,58,0.9292723536491394,0.08146005123853683,0.2854120726923387,0.10452467203140259
28,380,1,0.01,3,59,0.9313744306564331,0.07903897762298584,0.2811387159801827,0.10335560888051987
28,380,1,0.01,3,60,0.9282585382461548,0.08262769877910614,0.28745034141414083,0.08609466999769211
28,380,1,0.01,3,61,0.9289181232452393,0.08186806738376617,0.2861259641901905,0.07473035901784897
28,380,1,0.01,3,62,0.9296703934669495,0.08100160956382751,0.2846078171165148,0.09696532785892487
28,380,1,0.01,3,63,0.9305198192596436,0.08002331107854843,0.2828839180274277,0.09577031433582306
28,380,1,0.01,3,64,0.9291490316390991,0.081602081656456,0.285660780746073,0.09141065925359726
28,380,1,0.01,3,65,0.9296778440475464,0.08099307119846344,0.2845928164913223,0.10467317700386047
28,380,1,0.01,3,66,0.9295870065689087,0.08109769970178604,0.28477657856956223,0.10358534008264542
28,380,1,0.01,3,67,0.9291250109672546,0.08162976801395416,0.2857092368369531,0.11811741441488266
28,380,1,0.01,3,68,0.9277493357658386,0.08321420848369598,0.2884687305128512,0.08482015877962112
28,380,1,0.01,3,69,0.9283267855644226,0.08254914730787277,0.28731367407047087,0.10243655741214752
28,380,1,0.01,3,70,0.9268877506256104,0.0842064917087555,0.2901835483082311,0.1100178211927414
28,380,1,0.01,3,71,0.9290467500686646,0.08171990513801575,0.285866936069941,0.09318199753761292
28,380,1,0.01,3,72,0.9273665547370911,0.08365505188703537,0.289231830694748,0.1082058921456337
28,380,1,0.01,3,73,0.9291022419929504,0.08165596425533295,0.2857550773920438,0.09160719811916351
28,380,1,0.01,3,74,0.9281490445137024,0.08275380730628967,0.2876696148471188,0.10949841886758804
28,380,1,0.01,3,75,0.9240081906318665,0.08752302080392838,0.29584289885668774,0.11408128589391708
28,380,1,0.01,3,76,0.9254099726676941,0.08590854704380035,0.29310159850093,0.09843556582927704
28,380,1,0.01,3,77,0.926811158657074,0.08429473638534546,0.290335558251733,0.11331257224082947
28,380,1,0.01,3,78,0.9237126708030701,0.08786340802907944,0.29641762435637903,0.09503406286239624
28,380,1,0.01,3,79,0.9260911345481873,0.08512400835752487,0.2917601898092419,0.09390721470117569
28,380,1,0.01,3,80,0.9249818325042725,0.08640165627002716,0.2939415864930091,0.14045219123363495
28,380,1,0.01,3,81,0.9249619841575623,0.08642450720071793,0.2939804537732363,0.10014188289642334
28,380,1,0.01,3,82,0.9256496429443359,0.08563247323036194,0.2926302671125493,0.09433494508266449
28,380,1,0.01,3,83,0.9261683225631714,0.08503509312868118,0.29160777275079824,0.18937307596206665
28,380,1,0.01,3,84,0.9266856908798218,0.08443921059370041,0.29058425730534754,0.08062517642974854
28,380,1,0.01,3,85,0.925237774848938,0.08610687404870987,0.2934397281363072,0.08635513484477997
28,380,1,0.01,3,86,0.927194356918335,0.08385341614484787,0.28957454333012056,0.0829252302646637
28,380,1,0.01,3,87,0.9292078614234924,0.08153434842824936,0.2855422007834382,0.09716632962226868
28,380,1,0.01,3,88,0.9281091690063477,0.08279973268508911,0.28774942690662153,0.11549251526594162
28,380,1,0.01,3,89,0.9274081587791443,0.08360717445611954,0.28914905231751936,0.07906895130872726
28,380,1,0.01,3,90,0.9271349906921387,0.08392178267240524,0.28969256578725877,0.10956154018640518
28,380,1,0.01,3,91,0.9275639653205872,0.08342768251895905,0.28883850594918786,0.12403733283281326
28,380,1,0.01,3,92,0.9249202609062195,0.08647257834672928,0.2940622014926932,0.07609248161315918
28,380,1,0.01,3,93,0.9268946647644043,0.08419857174158096,0.2901699015087212,0.10150187462568283
28,380,1,0.01,3,94,0.9295926690101624,0.08109112828969955,0.28476504049777523,0.10517849773168564
28,380,1,0.01,3,95,0.9298222064971924,0.08082680404186249,0.2843005523066434,0.10047118365764618
28,380,1,0.01,3,96,0.925147294998169,0.08621107041835785,0.2936172175100736,0.10526032000780106
28,380,1,0.01,3,97,0.9225440621376038,0.08920934051275253,0.29867932722696516,0.13458441197872162
28,380,1,0.01,3,98,0.9280474185943604,0.08287090063095093,0.287873063399393,0.11312573403120041
28,380,1,0.01,3,99,0.9278621077537537,0.083084337413311,0.2882435383721741,0.09663710743188858
28,380,1,0.01,3,100,0.9255128502845764,0.08579003065824509,0.29289935243739457,0.1064356118440628
29,380,1,0.01,3,1,0.8973584175109863,0.11821673065423965,0.34382659968978496,0.41283655166625977
29,380,1,0.01,3,2,0.9006305932998657,0.11444799602031708,0.3383016346698861,0.27895185351371765
29,380,1,0.01,3,3,0.9049538373947144,0.10946877300739288,0.3308606549703257,0.22348085045814514
29,380,1,0.01,3,4,0.9069684743881226,0.10714840143918991,0.32733530429696994,0.1881863921880722
29,380,1,0.01,3,5,0.9118179082870483,0.10156311094760895,0.3186896781315783,0.17807890474796295
29,380,1,0.01,3,6,0.9125853776931763,0.1006791815161705,0.31729982905159354,0.155450239777565
29,380,1,0.01,3,7,0.9128060340881348,0.10042507201433182,0.3168991511732586,0.17075015604496002
29,380,1,0.01,3,8,0.9154624342918396,0.09736557304859161,0.31203457027802484,0.13293635845184326
29,380,1,0.01,3,9,0.9118613004684448,0.10151316225528717,0.3186113027739085,0.1673424243927002
29,380,1,0.01,3,10,0.9156591296195984,0.09713901579380035,0.3116713265505833,0.14953623712062836
29,380,1,0.01,3,11,0.9155260920524597,0.09729223698377609,0.31191703541771504,0.1349419504404068
29,380,1,0.01,3,12,0.9196333885192871,0.09256171435117722,0.30423956736620766,0.11679551750421524
29,380,1,0.01,3,13,0.9130035638809204,0.10019751638174057,0.3165399127783739,0.1580123007297516
29,380,1,0.01,3,14,0.9178327322006226,0.09463553875684738,0.30762889779220576,0.14160408079624176
29,380,1,0.01,3,15,0.9209022521972656,0.0911002904176712,0.30182824655368357,0.1169382780790329
29,380,1,0.01,3,16,0.9205519556999207,0.09150374680757523,0.3024958624635637,0.1466512829065323
29,380,1,0.01,3,17,0.9216104745864868,0.09028458595275879,0.30047393556306806,0.10480616986751556
29,380,1,0.01,3,18,0.9231861233711243,0.08846987038850784,0.2974388515115466,0.16657544672489166
29,380,1,0.01,3,19,0.9208448529243469,0.0911664068698883,0.30193775330337264,0.12518729269504547
29,380,1,0.01,3,20,0.9198999404907227,0.09225466102361679,0.30373452392445743,0.16695375740528107
29,380,1,0.01,3,21,0.922529935836792,0.08922561258077621,0.2987065660155066,0.11572147160768509
29,380,1,0.01,3,22,0.9233855605125427,0.08824014663696289,0.29705243078783733,0.12790648639202118
29,380,1,0.01,3,23,0.9260460138320923,0.0851760134100914,0.2918492991427106,0.10498551279306412
29,380,1,0.01,3,24,0.9272468686103821,0.08379288762807846,0.2894700116213741,0.10810110718011856
29,380,1,0.01,3,25,0.9273154735565186,0.08371385931968689,0.28933347424673644,0.13799521327018738
29,380,1,0.01,3,26,0.9258095026016235,0.08544842153787613,0.292315619729559,0.11552824079990387
29,380,1,0.01,3,27,0.9229875206947327,0.08869858831167221,0.2978230822345243,0.13773028552532196
29,380,1,0.01,3,28,0.9284131526947021,0.08244964480400085,0.2871404618022351,0.12558645009994507
29,380,1,0.01,3,29,0.9251959919929504,0.08615496009588242,0.29352165183489004,0.1139894649386406
29,380,1,0.01,3,30,0.9278984665870667,0.08304242789745331,0.28817083110102126,0.12213002145290375
29,380,1,0.01,3,31,0.9280464053153992,0.08287206292152405,0.28787508214766355,0.11173365265130997
29,380,1,0.01,3,32,0.9268398880958557,0.08426162600517273,0.290278531767633,0.09583138674497604
29,380,1,0.01,3,33,0.928737998008728,0.08207553625106812,0.28648828292107886,0.09601736813783646
29,380,1,0.01,3,34,0.9277589321136475,0.08320314437150955,0.2884495525590386,0.11116572469472885
29,380,1,0.01,3,35,0.9280974864959717,0.08281319588422775,0.28777281991916426,0.09202490746974945
29,380,1,0.01,3,36,0.925906777381897,0.08533638715744019,0.2921239243154182,0.08458831906318665
29,380,1,0.01,3,37,0.9272168278694153,0.08382748812437057,0.28952977070479397,0.13350100815296173
29,380,1,0.01,3,38,0.9292154312133789,0.08152566850185394,0.28552700135338155,0.11836077272891998
29,380,1,0.01,3,39,0.9288859963417053,0.08190504461526871,0.28619057394552444,0.12325654923915863
29,380,1,0.01,3,40,0.9277495741844177,0.08321390300989151,0.28846820103763865,0.13712185621261597
29,380,1,0.01,3,41,0.927442729473114,0.08356735855340958,0.2890801939832779,0.12049853056669235
29,380,1,0.01,3,42,0.926474392414093,0.08468260616064072,0.29100275971310086,0.17307956516742706
29,380,1,0.01,3,43,0.9276934266090393,0.08327855914831161,0.2885802473287311,0.10878007113933563
29,380,1,0.01,3,44,0.9256141781806946,0.08567336946725845,0.29270013574861636,0.09746620804071426
29,380,1,0.01,3,45,0.9258595705032349,0.08539073169231415,0.29221692574577907,0.08941181749105453
29,380,1,0.01,3,46,0.92872154712677,0.0820944532752037,0.2865212963728939,0.11857111752033234
29,380,1,0.01,3,47,0.9301035404205322,0.0805027186870575,0.2837300101981768,0.09488984197378159
29,380,1,0.01,3,48,0.9278477430343628,0.08310084044933319,0.2882721638475231,0.10269077122211456
29,380,1,0.01,3,49,0.9286031723022461,0.08223080635070801,0.28675914344743747,0.10015776008367538
29,380,1,0.01,3,50,0.9246646761894226,0.08676692843437195,0.2945622658019386,0.11629821360111237
29,380,1,0.01,3,51,0.9287916421890259,0.08201368898153305,0.28638032226661986,0.11798976361751556
29,380,1,0.01,3,52,0.9291344881057739,0.08161882311105728,0.28569008227633186,0.1288876086473465
29,380,1,0.01,3,53,0.9300200939178467,0.08059888333082199,0.28389942467504575,0.15571235120296478
29,380,1,0.01,3,54,0.9303479194641113,0.08022133260965347,0.28323370669758474,0.12373941391706467
29,380,1,0.01,3,55,0.931060254573822,0.07940086722373962,0.28178159489885,0.13435086607933044
29,380,1,0.01,3,56,0.9302334785461426,0.08035312592983246,0.28346626947457515,0.10443118214607239
29,380,1,0.01,3,57,0.9279096722602844,0.08302950859069824,0.2881484141734919,0.08283006399869919
29,380,1,0.01,3,58,0.929058849811554,0.0817059576511383,0.2858425399606194,0.09127626568078995
29,380,1,0.01,3,59,0.9291138648986816,0.08164263516664505,0.2857317538647832,0.11163777112960815
29,380,1,0.01,3,60,0.9274932146072388,0.08350914716720581,0.28897949264127,0.09416627883911133
29,380,1,0.01,3,61,0.9272884726524353,0.08374498039484024,0.28938724988299025,0.08003062009811401
29,380,1,0.01,3,62,0.928850531578064,0.08194590359926224,0.2862619492689558,0.10470587015151978
29,380,1,0.01,3,63,0.9273989200592041,0.08361777663230896,0.28916738514623147,0.0792575404047966
29,380,1,0.01,3,64,0.926327109336853,0.0848521962761879,0.2912940031586437,0.09189319610595703
29,380,1,0.01,3,65,0.9306197762489319,0.07990816235542297,0.2826803183021821,0.1355457305908203
29,380,1,0.01,3,66,0.9284397959709167,0.08241893351078033,0.28708697899901403,0.08607415109872818
29,380,1,0.01,3,67,0.9307403564453125,0.0797693207859993,0.2824346309962702,0.1097150593996048
29,380,1,0.01,3,68,0.9281118512153625,0.08279666304588318,0.28774409298173814,0.10464911162853241
29,380,1,0.01,3,69,0.9295145273208618,0.08118117600679398,0.2849231054281031,0.1598842889070511
29,380,1,0.01,3,70,0.9296634793281555,0.08100956678390503,0.2846217960450412,0.12714456021785736
29,380,1,0.01,3,71,0.929438591003418,0.08126857876777649,0.2850764437265494,0.0973518043756485
29,380,1,0.01,3,72,0.9314830899238586,0.07891389727592468,0.2809161748207545,0.13786154985427856
29,380,1,0.01,3,73,0.9309706687927246,0.07950403541326523,0.28196459957460124,0.10505291074514389
29,380,1,0.01,3,74,0.9285293221473694,0.08231586217880249,0.28690741046338014,0.08085082471370697
29,380,1,0.01,3,75,0.9277873635292053,0.08317039906978607,0.288392786091792,0.09760044515132904
29,380,1,0.01,3,76,0.9306938052177429,0.07982293516397476,0.28252952972030154,0.09946948289871216
29,380,1,0.01,3,77,0.928867518901825,0.08192633837461472,0.2862277735905702,0.11415691673755646
29,380,1,0.01,3,78,0.9288206696510315,0.08198031783103943,0.2863220526453375,0.08933355659246445
29,380,1,0.01,3,79,0.9283083081245422,0.08257042616605759,0.28735070239353444,0.09209331125020981
29,380,1,0.01,3,80,0.9281461834907532,0.08275715261697769,0.2876754292896383,0.07074469327926636
29,380,1,0.01,3,81,0.9254663586616516,0.08584359288215637,0.2929907726911487,0.10256209224462509
29,380,1,0.01,3,82,0.9260124564170837,0.08521460741758347,0.2919154114081397,0.07919573783874512
29,380,1,0.01,3,83,0.925521731376648,0.08577984571456909,0.2928819654990199,0.10754968225955963
29,380,1,0.01,3,84,0.9273267984390259,0.08370087295770645,0.2893110315174768,0.10425269603729248
29,380,1,0.01,3,85,0.9281155467033386,0.08279243111610413,0.2877367392532697,0.08363772928714752
29,380,1,0.01,3,86,0.9287987947463989,0.08200548589229584,0.2863659998887714,0.1005009114742279
29,380,1,0.01,3,87,0.9299585819244385,0.08066972345113754,0.284024159977875,0.11811168491840363
29,380,1,0.01,3,88,0.928303062915802,0.0825764387845993,0.28736116436393994,0.13019327819347382
29,380,1,0.01,3,89,0.9291093349456787,0.0816478431224823,0.28574086708499064,0.08868329226970673
29,380,1,0.01,3,90,0.9289793372154236,0.0817975252866745,0.28600266657266415,0.08966204524040222
29,380,1,0.01,3,91,0.9277786016464233,0.0831805020570755,0.28841030157932207,0.09178900718688965
29,380,1,0.01,3,92,0.9284816980361938,0.08237072825431824,0.28700301088023145,0.08040116727352142
29,380,1,0.01,3,93,0.9243156909942627,0.08716889470815659,0.2952437886021594,0.09248671680688858
29,380,1,0.01,3,94,0.9288641214370728,0.08193028718233109,0.28623467152378845,0.1349777728319168
29,380,1,0.01,3,95,0.9275243282318115,0.08347337692975998,0.28891759539661127,0.08470509946346283
29,380,1,0.01,3,96,0.9289988875389099,0.08177504688501358,0.28596336633389524,0.08960180729627609
29,380,1,0.01,3,97,0.9282957911491394,0.08258480578660965,0.28737572233334124,0.09286919236183167
29,380,1,0.01,3,98,0.9284971952438354,0.08235284686088562,0.28697185726284313,0.08279057592153549
29,380,1,0.01,3,99,0.9279593825340271,0.08297228068113327,0.2880490942202965,0.09323548525571823
29,380,1,0.01,3,100,0.9290173649787903,0.08175377547740936,0.2859261713754258,0.1272507905960083
30,380,1,0.01,3,1,0.9122714996337891,0.10104065388441086,0.31786892563509705,0.43218833208084106
30,380,1,0.01,3,2,0.9124776124954224,0.10080332309007645,0.3174953906595755,0.2308218777179718
30,380,1,0.01,3,3,0.9145908951759338,0.09836934506893158,0.31363887684553965,0.17786523699760437
30,380,1,0.01,3,4,0.9164689779281616,0.09620626270771027,0.31017134411113845,0.1638205200433731
30,380,1,0.01,3,5,0.9164533019065857,0.09622430801391602,0.31020043200149805,0.19417046010494232
30,380,1,0.01,3,6,0.9177088737487793,0.09477826207876205,0.3078607835999286,0.1415555775165558
30,380,1,0.01,3,7,0.9194424152374268,0.09278159588575363,0.3046007155043363,0.13180571794509888
30,380,1,0.01,3,8,0.9218806028366089,0.08997346460819244,0.29995577108665944,0.14235129952430725
30,380,1,0.01,3,9,0.922433614730835,0.08933655917644501,0.2988922199998605,0.14069589972496033
30,380,1,0.01,3,10,0.9216514229774475,0.09023740887641907,0.3003954208645982,0.13815101981163025
30,380,1,0.01,3,11,0.9239636659622192,0.0875743180513382,0.2959295829269831,0.11617467552423477
30,380,1,0.01,3,12,0.9259319305419922,0.08530734479427338,0.29207421110785076,0.11879556626081467
30,380,1,0.01,3,13,0.926504909992218,0.08464744687080383,0.29094234286333065,0.10730652511119843
30,380,1,0.01,3,14,0.9287863373756409,0.08201981335878372,0.2863910148010648,0.11177211254835129
30,380,1,0.01,3,15,0.9280726909637451,0.08284173905849457,0.287822408888701,0.10278214514255524
30,380,1,0.01,3,16,0.9278579354286194,0.08308912813663483,0.28825184845311025,0.12260748445987701
30,380,1,0.01,3,17,0.929258406162262,0.081476129591465,0.28544023821364956,0.11971073597669601
30,380,1,0.01,3,18,0.9293220043182373,0.08140289038419724,0.2853119177044612,0.13054892420768738
30,380,1,0.01,3,19,0.9305124282836914,0.08003181964159012,0.2828989565933217,0.11343695223331451
30,380,1,0.01,3,20,0.9295715093612671,0.08111554384231567,0.28480790691677726,0.09355577081441879
30,380,1,0.01,3,21,0.9294919371604919,0.08120718598365784,0.2849687456260034,0.11168400198221207
30,380,1,0.01,3,22,0.9307710528373718,0.07973398268222809,0.28237206427376643,0.12698602676391602
30,380,1,0.01,3,23,0.9288287162780762,0.08197100460529327,0.2863057886339242,0.12531128525733948
30,380,1,0.01,3,24,0.9328165054321289,0.07737811654806137,0.2781692228627412,0.13067936897277832
30,380,1,0.01,3,25,0.9306198358535767,0.0799081102013588,0.282680226052971,0.1156512126326561
30,380,1,0.01,3,26,0.9307358264923096,0.07977450639009476,0.2824438110316719,0.12815792858600616
30,380,1,0.01,3,27,0.9316636919975281,0.07870589196681976,0.2805457038823082,0.09138317406177521
30,380,1,0.01,3,28,0.9326016902923584,0.07762553542852402,0.2786135951968676,0.13848261535167694
30,380,1,0.01,3,29,0.9321054816246033,0.07819701731204987,0.2796372959961705,0.11024948209524155
30,380,1,0.01,3,30,0.9301990270614624,0.08039279282093048,0.28353622840993437,0.08550911396741867
30,380,1,0.01,3,31,0.9298020005226135,0.08085004985332489,0.2843414318268178,0.10985994338989258
30,380,1,0.01,3,32,0.9333471655845642,0.07676693052053452,0.27706845818413633,0.12328410148620605
30,380,1,0.01,3,33,0.9304066300392151,0.0801536813378334,0.2831142549181044,0.10020940750837326
30,380,1,0.01,3,34,0.92986661195755,0.08077564835548401,0.2842105704499465,0.08561055362224579
30,380,1,0.01,3,35,0.9317933917045593,0.07855647057294846,0.28027927246399875,0.08376384526491165
30,380,1,0.01,3,36,0.9304126501083374,0.08014672249555588,0.2831019648387412,0.10833796113729477
30,380,1,0.01,3,37,0.9307651519775391,0.0797407478094101,0.2823840431210838,0.09500327706336975
30,380,1,0.01,3,38,0.9321807622909546,0.07811032235622406,0.27948223978676007,0.08234333246946335
30,380,1,0.01,3,39,0.931625485420227,0.07874982804059982,0.28062399762065937,0.09089060872793198
30,380,1,0.01,3,40,0.9319489002227783,0.0783773735165596,0.2799595926496529,0.08295938372612
30,380,1,0.01,3,41,0.9323056936264038,0.07796641439199448,0.27922466651783195,0.08900618553161621
30,380,1,0.01,3,42,0.9326650500297546,0.07755254209041595,0.2784825705325487,0.1127360612154007
30,380,1,0.01,3,43,0.9336817264556885,0.0763816311955452,0.27637226922313535,0.09856177121400833
30,380,1,0.01,3,44,0.9327115416526794,0.07749901711940765,0.27838645283024754,0.11779750138521194
30,380,1,0.01,3,45,0.9320023655891418,0.07831580936908722,0.279849619204828,0.10870260000228882
30,380,1,0.01,3,46,0.9325711727142334,0.0776607096195221,0.2786767116562166,0.0879073292016983
30,380,1,0.01,3,47,0.9330257773399353,0.07713711261749268,0.2777356884116492,0.06979219615459442
30,380,1,0.01,3,48,0.934891402721405,0.07498838752508163,0.2738400765503136,0.09543994069099426
30,380,1,0.01,3,49,0.9321459531784058,0.07815040647983551,0.2795539419858635,0.11125365644693375
30,380,1,0.01,3,50,0.9331929683685303,0.07694453001022339,0.27738877051932614,0.10541167855262756
30,380,1,0.01,3,51,0.9325008988380432,0.07774163037538528,0.2788218613656133,0.12331000715494156
30,380,1,0.01,3,52,0.9323287606239319,0.07793989032506943,0.2791771665539097,0.09663914144039154
30,380,1,0.01,3,53,0.933674156665802,0.0763903334736824,0.2763880125361489,0.10268478095531464
30,380,1,0.01,3,54,0.93352210521698,0.0765654519200325,0.27670462937947476,0.09053710848093033
30,380,1,0.01,3,55,0.9328680634498596,0.07731875777244568,0.27806250695202633,0.13770152628421783
30,380,1,0.01,3,56,0.9327912926673889,0.07740712910890579,0.27822136709624906,0.09396377950906754
30,380,1,0.01,3,57,0.9321973323822021,0.07809122651815414,0.27944807481561607,0.17191368341445923
30,380,1,0.01,3,58,0.9333661198616028,0.07674509286880493,0.27702904697667524,0.09154891967773438
30,380,1,0.01,3,59,0.933489203453064,0.07660336792469025,0.27677313439835566,0.10999885946512222
30,380,1,0.01,3,60,0.9329134225845337,0.07726648449897766,0.27796849551518904,0.0932634025812149
30,380,1,0.01,3,61,0.9303752183914185,0.08018987625837326,0.2831781705187977,0.11041443049907684
30,380,1,0.01,3,62,0.9327302575111389,0.07747747004032135,0.2783477501980595,0.0895470678806305
30,380,1,0.01,3,63,0.9307486414909363,0.07975974678993225,0.28241768143997686,0.11590706557035446
30,380,1,0.01,3,64,0.9306830167770386,0.07983531802892685,0.282551443154918,0.103263258934021
30,380,1,0.01,3,65,0.9323636293411255,0.07789970934391022,0.27910519404681494,0.09143205732107162
30,380,1,0.01,3,66,0.9317306876182556,0.07862870395183563,0.28040810250746256,0.08946231752634048
30,380,1,0.01,3,67,0.9301759004592896,0.08041940629482269,0.28358315587288097,0.10881379246711731
30,380,1,0.01,3,68,0.9316492676734924,0.07872247695922852,0.28057526077547984,0.07892400026321411
30,380,1,0.01,3,69,0.92912358045578,0.08163139224052429,0.2857120792695407,0.10341858863830566
30,380,1,0.01,3,70,0.9319831132888794,0.07833798974752426,0.2798892455017239,0.0863233432173729
30,380,1,0.01,3,71,0.9309135675430298,0.07956983894109726,0.28208126300961084,0.1242506355047226
30,380,1,0.01,3,72,0.9319189190864563,0.07841190695762634,0.28002126161708923,0.08838938921689987
30,380,1,0.01,3,73,0.9313709735870361,0.07904303818941116,0.28114593752962386,0.09448488801717758
30,380,1,0.01,3,74,0.9316460490226746,0.07872617989778519,0.2805818595308421,0.10677894949913025
30,380,1,0.01,3,75,0.9308710694313049,0.07961874455213547,0.2821679367896634,0.08705125749111176
30,380,1,0.01,3,76,0.9318884015083313,0.07844703644514084,0.28008398105771926,0.0763147696852684
30,380,1,0.01,3,77,0.9322360157966614,0.07804669439792633,0.2793683847501831,0.09777162224054337
30,380,1,0.01,3,78,0.9292587041854858,0.08147577941417694,0.2854396248143851,0.09301682561635971
30,380,1,0.01,3,79,0.931828498840332,0.07851605117321014,0.2802071576052442,0.07711073756217957
30,380,1,0.01,3,80,0.9323451519012451,0.07792102545499802,0.279143377952976,0.07927048951387405
30,380,1,0.01,3,81,0.9316372871398926,0.07873628288507462,0.2805998625891941,0.06857386976480484
30,380,1,0.01,3,82,0.930840790271759,0.07965364307165146,0.2822297699953913,0.1000145971775055
30,380,1,0.01,3,83,0.9297537207603455,0.08090566843748093,0.2844392174744561,0.10034576058387756
30,380,1,0.01,3,84,0.9315491318702698,0.07883783429861069,0.28078075841946626,0.06897934526205063
30,380,1,0.01,3,85,0.931195855140686,0.0792447179555893,0.281504383545957,0.06990399211645126
30,380,1,0.01,3,86,0.9319331049919128,0.0783955529332161,0.27999205869669963,0.07038358598947525
30,380,1,0.01,3,87,0.9309360384941101,0.07954394072294235,0.28203535367563826,0.10187783092260361
30,380,1,0.01,3,88,0.9311745166778564,0.07926926016807556,0.281547971344273,0.07250500470399857
30,380,1,0.01,3,89,0.9279904365539551,0.08293650299310684,0.2879869840689104,0.09515388309955597
30,380,1,0.01,3,90,0.9312242865562439,0.07921194285154343,0.2814461633270978,0.09191828966140747
30,380,1,0.01,3,91,0.9294859170913696,0.0812140703201294,0.28498082447794515,0.1367526352405548
30,380,1,0.01,3,92,0.9294755458831787,0.08122602105140686,0.28500179131262815,0.11692054569721222
30,380,1,0.01,3,93,0.9312404990196228,0.07919327169656754,0.281412991342915,0.07939454913139343
30,380,1,0.01,3,94,0.9305349588394165,0.08000587671995163,0.282853100955163,0.0812315046787262
30,380,1,0.01,3,95,0.9303423762321472,0.08022766560316086,0.28324488627892447,0.0851336345076561
30,380,1,0.01,3,96,0.9309142231941223,0.07956906408071518,0.2820798895361298,0.07947228103876114
30,380,1,0.01,3,97,0.9285910129547119,0.08224483579397202,0.28678360447203394,0.10210517048835754
30,380,1,0.01,3,98,0.9292910099029541,0.0814385935664177,0.2853744795289475,0.10267284512519836
30,380,1,0.01,3,99,0.93091881275177,0.07956376671791077,0.28207049955270186,0.08336208015680313
30,380,1,0.01,3,100,0.9295756220817566,0.08111080527305603,0.28479958790885923,0.0872553288936615
