seed,max_neurons,layers,lr,epoch,Jou_score,Jou_mse,Jou_rmse,Jou_mape
1,390,1,0.01,1,0.9101963639259338,0.10343073308467865,0.3216064879393428,0.31292736530303955
1,390,1,0.01,2,0.9159667491912842,0.09678473323583603,0.31110244813539484,0.22742429375648499
1,390,1,0.01,3,0.9178224802017212,0.09464741498231888,0.3076482000310076,0.20884475111961365
1,390,1,0.01,4,0.9179622530937195,0.09448640048503876,0.30738640257018324,0.18072447180747986
1,390,1,0.01,5,0.9177531599998474,0.09472724050283432,0.30777790775628183,0.1900731772184372
1,390,1,0.01,6,0.9194552302360535,0.0927668958902359,0.3045765846059672,0.2020576447248459
1,390,1,0.01,7,0.9208331108093262,0.09117993712425232,0.30196015817364436,0.14128810167312622
1,390,1,0.01,8,0.9194093942642212,0.0928196832537651,0.3046632292446286,0.22522106766700745
1,390,1,0.01,9,0.9211395382881165,0.09082700312137604,0.3013751866384757,0.14289741218090057
1,390,1,0.01,10,0.9198073744773865,0.09236132353544235,0.3039100582992316,0.12330850213766098
1,390,1,0.01,11,0.9206010103225708,0.09144721180200577,0.30240240045675193,0.14706268906593323
1,390,1,0.01,12,0.9224717617034912,0.08929259330034256,0.29881866290501763,0.15816552937030792
1,390,1,0.01,13,0.9183892011642456,0.09399468451738358,0.3065855256162358,0.19408994913101196
1,390,1,0.01,14,0.919931948184967,0.09221779555082321,0.30367383086269256,0.15193915367126465
1,390,1,0.01,15,0.9179381132125854,0.09451417624950409,0.3074315797856559,0.186248317360878
1,390,1,0.01,16,0.9210615754127502,0.09091677516698837,0.30152408720861484,0.2377866804599762
1,390,1,0.01,17,0.9208595156669617,0.0911494717001915,0.30190970786013405,0.08374423533678055
1,390,1,0.01,18,0.9222335815429688,0.08956689387559891,0.2992772859332945,0.11942468583583832
1,390,1,0.01,19,0.9216161370277405,0.09027807414531708,0.3004630994736576,0.11913497745990753
1,390,1,0.01,20,0.9248912930488586,0.0865059345960617,0.2941189123399951,0.13293710350990295
1,390,1,0.01,21,0.924586832523346,0.08685658872127533,0.2947144189232609,0.1349194347858429
1,390,1,0.01,22,0.9235206246376038,0.08808460086584091,0.29679049995887824,0.12938803434371948
1,390,1,0.01,23,0.9222457408905029,0.08955293148756027,0.2992539581819433,0.11345284432172775
1,390,1,0.01,24,0.9262596368789673,0.0849299430847168,0.29142742335737176,0.11534329503774643
1,390,1,0.01,25,0.9238215088844299,0.0877380520105362,0.2962060971866315,0.13706578314304352
1,390,1,0.01,26,0.9248197674751282,0.08658827841281891,0.2942588629299361,0.09874735027551651
1,390,1,0.01,27,0.9181751012802124,0.09424124658107758,0.30698737202216897,0.16049014031887054
1,390,1,0.01,28,0.9244410991668701,0.08702444285154343,0.29499905567907064,0.09894970059394836
1,390,1,0.01,29,0.9228638410568237,0.0888410285115242,0.2980621218999895,0.13899697363376617
1,390,1,0.01,30,0.9253350496292114,0.08599481731653214,0.2932487294372,0.09186426550149918
1,390,1,0.01,31,0.923958957195282,0.08757971972227097,0.29593870940157685,0.16095563769340515
1,390,1,0.01,32,0.924444317817688,0.08702073991298676,0.2949927794251696,0.12126292288303375
1,390,1,0.01,33,0.9222184419631958,0.08958438783884048,0.29930651152094984,0.12652383744716644
1,390,1,0.01,34,0.923708975315094,0.08786765486001968,0.2964247878636665,0.16858069598674774
1,390,1,0.01,35,0.9256547689437866,0.08562661707401276,0.2926202608740768,0.15137360990047455
1,390,1,0.01,36,0.924312949180603,0.08717205375432968,0.2952491384480735,0.12839998304843903
1,390,1,0.01,37,0.9249107837677002,0.08648347109556198,0.2940807220739945,0.10708588361740112
1,390,1,0.01,38,0.9231170415878296,0.08854938298463821,0.2975724835811238,0.15577846765518188
1,390,1,0.01,39,0.926327645778656,0.08485159277915955,0.29129296726690734,0.08528362214565277
1,390,1,0.01,40,0.9266026616096497,0.08453487604856491,0.2907488195136223,0.08560163527727127
1,390,1,0.01,41,0.9266276955604553,0.08450601994991302,0.290699191519194,0.09941009432077408
1,390,1,0.01,42,0.9254916906356812,0.08581443876028061,0.29294101583813864,0.12437347322702408
1,390,1,0.01,43,0.9275134205818176,0.08348588645458221,0.2889392435350072,0.10449589043855667
1,390,1,0.01,44,0.9259845614433289,0.08524675667285919,0.2919704722619381,0.13589228689670563
1,390,1,0.01,45,0.9281036853790283,0.08280611038208008,0.28776050872571113,0.1027938649058342
1,390,1,0.01,46,0.9264060854911804,0.08476126939058304,0.2911378872468903,0.18312640488147736
1,390,1,0.01,47,0.9276407957077026,0.08333921432495117,0.28868532059138574,0.06728299707174301
1,390,1,0.01,48,0.9284452199935913,0.0824127048254013,0.2870761307134421,0.10027702897787094
1,390,1,0.01,49,0.9293199777603149,0.08140525966882706,0.2853160697696978,0.09770869463682175
1,390,1,0.01,50,0.9298911690711975,0.08074735850095749,0.28416079691075874,0.07451070100069046
1,390,1,0.01,51,0.9308459758758545,0.07964763790369034,0.2822191310022946,0.09540419280529022
1,390,1,0.01,52,0.9270038604736328,0.08407282084226608,0.289953135596541,0.1875225007534027
1,390,1,0.01,53,0.928885817527771,0.08190527558326721,0.28619097746656375,0.10270894318819046
1,390,1,0.01,54,0.9285520315170288,0.08228973299264908,0.2868618709285866,0.09584455192089081
1,390,1,0.01,55,0.9311831593513489,0.07925932854413986,0.28153033325760807,0.07274477928876877
1,390,1,0.01,56,0.9321709275245667,0.07812163233757019,0.27950247286485713,0.10029119998216629
1,390,1,0.01,57,0.934155285358429,0.0758361667394638,0.2753836718824553,0.11039316654205322
1,390,1,0.01,58,0.9329115748405457,0.07726862281560898,0.27797234181768693,0.09740752726793289
1,390,1,0.01,59,0.9330918788909912,0.07706093043088913,0.27759850581530354,0.13143673539161682
1,390,1,0.01,60,0.9346542358398438,0.07526148855686188,0.27433827395546156,0.07883043587207794
1,390,1,0.01,61,0.9335188865661621,0.07656916975975037,0.27671134736354847,0.12539365887641907
1,390,1,0.01,62,0.9370789527893066,0.07246889173984528,0.2692004675698861,0.11130260676145554
1,390,1,0.01,63,0.9373146295547485,0.07219746708869934,0.2686958635496634,0.1221328005194664
1,390,1,0.01,64,0.9386634230613708,0.07064397633075714,0.26578934578112257,0.10268377512693405
1,390,1,0.01,65,0.9377397298812866,0.0717078149318695,0.2677831490812473,0.1503438800573349
1,390,1,0.01,66,0.9386129379272461,0.07070210576057434,0.2658986757405428,0.13097123801708221
1,390,1,0.01,67,0.9398535490036011,0.06927327811717987,0.2631981727086643,0.11426578462123871
1,390,1,0.01,68,0.9388927817344666,0.07037980109453201,0.26529191675309677,0.10415302962064743
1,390,1,0.01,69,0.9387274980545044,0.0705701932311058,0.26565050956304564,0.1021505743265152
1,390,1,0.01,70,0.9326709508895874,0.07754579186439514,0.2784704506126191,0.09964429587125778
1,390,1,0.01,71,0.9328644871711731,0.07732288539409637,0.27806992896409416,0.08903064578771591
1,390,1,0.01,72,0.9347394704818726,0.07516339421272278,0.27415943210606997,0.093597911298275
1,390,1,0.01,73,0.9349361658096313,0.07493684440851212,0.27374594866136764,0.09183811396360397
1,390,1,0.01,74,0.931780993938446,0.07857074588537216,0.28030473753643936,0.12650497257709503
1,390,1,0.01,75,0.9348209500312805,0.07506949454545975,0.2739881284754136,0.14684215188026428
1,390,1,0.01,76,0.9307551383972168,0.07975228130817413,0.28240446403726366,0.09250426292419434
1,390,1,0.01,77,0.9341928958892822,0.07579290121793747,0.27530510568810285,0.09862584620714188
1,390,1,0.01,78,0.9351499080657959,0.07469066977500916,0.2732959380872851,0.09946226328611374
1,390,1,0.01,79,0.9342786073684692,0.07569415122270584,0.2751257007673144,0.09873940795660019
1,390,1,0.01,80,0.9345287680625916,0.07540605217218399,0.27460162448933906,0.08573412895202637
1,390,1,0.01,81,0.9345406293869019,0.07539235055446625,0.27457667518284623,0.08936062455177307
1,390,1,0.01,82,0.9360734820365906,0.07362693548202515,0.271342837535884,0.09402585029602051
1,390,1,0.01,83,0.937503457069397,0.07197994738817215,0.2682907888619588,0.10092247277498245
1,390,1,0.01,84,0.9364807605743408,0.07315783202648163,0.2704770452856982,0.13816507160663605
1,390,1,0.01,85,0.9329430460929871,0.07723239809274673,0.27790717531713127,0.143172487616539
1,390,1,0.01,86,0.9377084970474243,0.07174380123615265,0.2678503336495078,0.10153638571500778
1,390,1,0.01,87,0.9384090900421143,0.07093692570924759,0.2663398687940797,0.08368104696273804
1,390,1,0.01,88,0.9394964575767517,0.06968456506729126,0.26397834204209114,0.0731794685125351
1,390,1,0.01,89,0.9371194243431091,0.07242228090763092,0.26911388092707317,0.14611271023750305
1,390,1,0.01,90,0.9347456097602844,0.07515627890825272,0.27414645521737596,0.12050943821668625
1,390,1,0.01,91,0.9350203275680542,0.07483989745378494,0.2735688166691974,0.11137987673282623
1,390,1,0.01,92,0.9350726008415222,0.07477965205907822,0.273458684373121,0.0950346365571022
1,390,1,0.01,93,0.9364076852798462,0.07324198633432388,0.27063256702459865,0.07913961261510849
1,390,1,0.01,94,0.9331917762756348,0.07694590091705322,0.2773912416011962,0.10266879200935364
1,390,1,0.01,95,0.9357489943504333,0.07400061935186386,0.27203054856369324,0.08179408311843872
1,390,1,0.01,96,0.9365834593772888,0.07303954660892487,0.27025829609639157,0.08363579213619232
1,390,1,0.01,97,0.9378771781921387,0.07154954969882965,0.2674874757793898,0.08145683258771896
1,390,1,0.01,98,0.9385864734649658,0.07073258608579636,0.26595598524153646,0.11286591738462448
1,390,1,0.01,99,0.9374246001243591,0.07207078486680984,0.26846002470909863,0.08717336505651474
1,390,1,0.01,100,0.9372511506080627,0.07227054238319397,0.2688318105864594,0.08675011247396469
2,390,1,0.01,1,0.9067915678024292,0.10735215991735458,0.3276463946350617,0.4378977119922638
2,390,1,0.01,2,0.9205436110496521,0.09151336550712585,0.30251176094017546,0.23084205389022827
2,390,1,0.01,3,0.9217774271965027,0.09009230881929398,0.300153808603679,0.247483491897583
2,390,1,0.01,4,0.9230996370315552,0.08856949210166931,0.2976062702660502,0.19751548767089844
2,390,1,0.01,5,0.92558354139328,0.0857086107134819,0.2927603298151611,0.1906341165304184
2,390,1,0.01,6,0.926438570022583,0.08472388982772827,0.29107368453319216,0.19228032231330872
2,390,1,0.01,7,0.9253537058830261,0.0859733372926712,0.2932121029096023,0.17648009955883026
2,390,1,0.01,8,0.9261156916618347,0.08509576320648193,0.2917117810553457,0.14840804040431976
2,390,1,0.01,9,0.9251679182052612,0.08618734776973724,0.2935768174937136,0.15607918798923492
2,390,1,0.01,10,0.9206637144088745,0.09137500822544098,0.3022829936093676,0.21936245262622833
2,390,1,0.01,11,0.9259474277496338,0.08528952300548553,0.2920437005064234,0.1262761950492859
2,390,1,0.01,12,0.9274641275405884,0.08354265242815018,0.2890374585207775,0.11101117730140686
2,390,1,0.01,13,0.9266366362571716,0.08449573069810867,0.2906814935597185,0.13717222213745117
2,390,1,0.01,14,0.9247204065322876,0.08670275658369064,0.29445331817402,0.12200494110584259
2,390,1,0.01,15,0.925890326499939,0.08535526692867279,0.2921562371894066,0.11854518204927444
2,390,1,0.01,16,0.9241487383842468,0.087361179292202,0.29556924618810054,0.352174311876297
2,390,1,0.01,17,0.926618218421936,0.08451694995164871,0.2907179904162257,0.13717220723628998
2,390,1,0.01,18,0.9247313141822815,0.08669020235538483,0.29443199954384175,0.0979253426194191
2,390,1,0.01,19,0.9257351756095886,0.0855339914560318,0.29246194873185094,0.11528048664331436
2,390,1,0.01,20,0.9249009490013123,0.08649478852748871,0.2940999634945382,0.1329122930765152
2,390,1,0.01,21,0.9230664968490601,0.08860761672258377,0.297670315487762,0.13415729999542236
2,390,1,0.01,22,0.9259652495384216,0.08526897430419922,0.2920085175199505,0.14364102482795715
2,390,1,0.01,23,0.9240760207176208,0.08744488656520844,0.2957108157731273,0.14059877395629883
2,390,1,0.01,24,0.9257491230964661,0.08551793545484543,0.29243449771674584,0.12371630221605301
2,390,1,0.01,25,0.9215172529220581,0.09039193391799927,0.300652513573393,0.14814366400241852
2,390,1,0.01,26,0.9233628511428833,0.0882662832736969,0.29709642083622767,0.10568944364786148
2,390,1,0.01,27,0.9237582683563232,0.08781088143587112,0.29632900876537743,0.10520605742931366
2,390,1,0.01,28,0.9248704314231873,0.08652995526790619,0.29415974447212556,0.07281748205423355
2,390,1,0.01,29,0.9227750897407532,0.0889432430267334,0.2982335377296346,0.12911434471607208
2,390,1,0.01,30,0.9174285531044006,0.09510107338428497,0.3083846192407867,0.1306692510843277
2,390,1,0.01,31,0.9245632886886597,0.08688372373580933,0.29476045144457447,0.1331135332584381
2,390,1,0.01,32,0.9235477447509766,0.08805331587791443,0.29673778977055554,0.0837370976805687
2,390,1,0.01,33,0.9236414432525635,0.08794540166854858,0.2965558997365397,0.1318930685520172
2,390,1,0.01,34,0.9250314235687256,0.08634456992149353,0.29384446552809795,0.08413784950971603
2,390,1,0.01,35,0.9265415072441101,0.08460529148578644,0.2908698875541888,0.0937519446015358
2,390,1,0.01,36,0.9262663722038269,0.08492220938205719,0.2914141543955221,0.09222572296857834
2,390,1,0.01,37,0.9245815873146057,0.08686263859272003,0.29472468270017704,0.1316952407360077
2,390,1,0.01,38,0.9250152111053467,0.08636320382356644,0.29387617090122575,0.10263462364673615
2,390,1,0.01,39,0.9260460138320923,0.08517599105834961,0.29184926084941454,0.09092704206705093
2,390,1,0.01,40,0.9270883202552795,0.08397549390792847,0.28978525481454104,0.11259829998016357
2,390,1,0.01,41,0.9239109754562378,0.08763498812913895,0.29603207280485494,0.12229166179895401
2,390,1,0.01,42,0.9240411520004272,0.08748510479927063,0.2957788105988504,0.11795322597026825
2,390,1,0.01,43,0.9254246950149536,0.08589155972003937,0.2930726185095417,0.10045066475868225
2,390,1,0.01,44,0.9266319870948792,0.08450111001729965,0.2906907463565011,0.09910918772220612
2,390,1,0.01,45,0.9244241714477539,0.08704391121864319,0.29503205117180603,0.10787351429462433
2,390,1,0.01,46,0.9268596768379211,0.08423886448144913,0.2902393227690713,0.10872543603181839
2,390,1,0.01,47,0.9271815419197083,0.08386816084384918,0.28960000145692194,0.09990157932043076
2,390,1,0.01,48,0.9276384711265564,0.08334185928106308,0.2886899015917652,0.12426894158124924
2,390,1,0.01,49,0.9283682703971863,0.0825013592839241,0.28723049852674787,0.1454777717590332
2,390,1,0.01,50,0.9308635592460632,0.07962743937969208,0.2821833435546685,0.0999874398112297
2,390,1,0.01,51,0.9277135133743286,0.08325543254613876,0.28854017492567435,0.13184480369091034
2,390,1,0.01,52,0.9272643327713013,0.08377276360988617,0.28943524942530097,0.15778835117816925
2,390,1,0.01,53,0.9300823211669922,0.08052723109722137,0.28377320362786435,0.09770840406417847
2,390,1,0.01,54,0.934933066368103,0.07494036853313446,0.27375238543825414,0.09602640569210052
2,390,1,0.01,55,0.938819408416748,0.0704643502831459,0.26545122015757605,0.11453664302825928
2,390,1,0.01,56,0.9378119111061096,0.07162472605705261,0.2676279620238749,0.08806311339139938
2,390,1,0.01,57,0.93366938829422,0.07639580965042114,0.27639791904140876,0.11941886693239212
2,390,1,0.01,58,0.9358644485473633,0.07386769354343414,0.27178611727502594,0.08839920908212662
2,390,1,0.01,59,0.9314395189285278,0.07896407693624496,0.28100547492218897,0.0773223340511322
2,390,1,0.01,60,0.9392582178115845,0.06995894014835358,0.2644975238983412,0.08793418854475021
2,390,1,0.01,61,0.9378780126571655,0.07154852896928787,0.2674855677775679,0.06870472431182861
2,390,1,0.01,62,0.943312406539917,0.06528953462839127,0.25551816888118006,0.11921501159667969
2,390,1,0.01,63,0.9272279143333435,0.08381474018096924,0.28950775495825537,0.09408518671989441
2,390,1,0.01,64,0.9260464906692505,0.08517540246248245,0.29184825245747564,0.07954300940036774
2,390,1,0.01,65,0.9361965656280518,0.07348518073558807,0.27108150201662246,0.10341302305459976
2,390,1,0.01,66,0.923340380191803,0.088292196393013,0.29714002825774416,0.15026849508285522
2,390,1,0.01,67,0.9267279505729675,0.0843905583024025,0.2905005306404835,0.08309116214513779
2,390,1,0.01,68,0.9263306260108948,0.08484816551208496,0.29128708435508255,0.08949550986289978
2,390,1,0.01,69,0.9229736328125,0.08871456235647202,0.297849899037203,0.14788074791431427
2,390,1,0.01,70,0.9276158809661865,0.08336789906024933,0.28873499798301094,0.06688341498374939
2,390,1,0.01,71,0.9284533858299255,0.08240333199501038,0.287059805606794,0.09273280948400497
2,390,1,0.01,72,0.9290684461593628,0.08169491589069366,0.285823224897302,0.06716632843017578
2,390,1,0.01,73,0.9248059988021851,0.08660413324832916,0.2942858019822383,0.0638383999466896
2,390,1,0.01,74,0.9327415227890015,0.07746446132659912,0.2783243814806729,0.09297835826873779
2,390,1,0.01,75,0.9240867495536804,0.08743257075548172,0.29568999096263254,0.08756175637245178
2,390,1,0.01,76,0.9236952066421509,0.08788348734378815,0.29645149239595364,0.09597909450531006
2,390,1,0.01,77,0.9245169758796692,0.08693703263998032,0.2948508650826385,0.07590421289205551
2,390,1,0.01,78,0.9252258539199829,0.0861205980181694,0.29346311185252805,0.10909837484359741
2,390,1,0.01,79,0.9251410365104675,0.08621826767921448,0.29362947345117535,0.08192143589258194
2,390,1,0.01,80,0.9265092611312866,0.08464241027832031,0.29093368708061346,0.12279386818408966
2,390,1,0.01,81,0.9264007210731506,0.08476746827363968,0.29114853300959576,0.08858588337898254
2,390,1,0.01,82,0.9283114671707153,0.08256679028272629,0.2873443757631708,0.07902511209249496
2,390,1,0.01,83,0.9299482703208923,0.08068156242370605,0.2840450007018361,0.0788247361779213
2,390,1,0.01,84,0.9343735575675964,0.07558479905128479,0.274926897649693,0.1060824990272522
2,390,1,0.01,85,0.9387207627296448,0.0705779418349266,0.26566509336931454,0.10133464634418488
2,390,1,0.01,86,0.9399460554122925,0.06916668266057968,0.2629955943748482,0.08521796762943268
2,390,1,0.01,87,0.9319922924041748,0.07832743227481842,0.2798703847762718,0.09001435339450836
2,390,1,0.01,88,0.9279367327690125,0.0829983800649643,0.2880943943657431,0.09379716217517853
2,390,1,0.01,89,0.9227469563484192,0.08897566795349121,0.2982878944132517,0.11337126791477203
2,390,1,0.01,90,0.925354540348053,0.0859723761677742,0.2932104639465894,0.09230776131153107
2,390,1,0.01,91,0.919401228427887,0.09282904863357544,0.30467859890969606,0.10916654020547867
2,390,1,0.01,92,0.923032820224762,0.08864641189575195,0.29773547302219794,0.09571053087711334
2,390,1,0.01,93,0.928413987159729,0.08244866877794266,0.28713876223516505,0.08036458492279053
2,390,1,0.01,94,0.9359341859817505,0.0737873837351799,0.27163833259534614,0.10001873970031738
2,390,1,0.01,95,0.9223738312721252,0.08940540254116058,0.2990073620183299,0.10818649083375931
2,390,1,0.01,96,0.9255658388137817,0.08572901040315628,0.29279516799830607,0.09995098412036896
2,390,1,0.01,97,0.9251202344894409,0.08624222129583359,0.2936702594677125,0.06725069135427475
2,390,1,0.01,98,0.9259961247444153,0.08523344993591309,0.2919476835597657,0.1202714741230011
2,390,1,0.01,99,0.9281392097473145,0.08276516944169998,0.2876893627538216,0.10316531360149384
2,390,1,0.01,100,0.9293362498283386,0.08138648420572281,0.28528316495321415,0.07965835928916931
3,390,1,0.01,1,0.896490216255188,0.11921665817499161,0.3452776537440435,0.6226601600646973
3,390,1,0.01,2,0.9124172925949097,0.10087274014949799,0.31760469163647126,0.36913228034973145
3,390,1,0.01,3,0.9182726740837097,0.09412885457277298,0.306804261008176,0.27806198596954346
3,390,1,0.01,4,0.9201809763908386,0.09193100780248642,0.30320126616240645,0.2545640170574188
3,390,1,0.01,5,0.9226926565170288,0.08903823047876358,0.29839274535210064,0.2094353437423706
3,390,1,0.01,6,0.924547553062439,0.08690186589956284,0.29479122425805493,0.18980854749679565
3,390,1,0.01,7,0.9258561730384827,0.08539463579654694,0.29222360581675627,0.18293842673301697
3,390,1,0.01,8,0.9258270859718323,0.0854281485080719,0.2922809410619719,0.19331201910972595
3,390,1,0.01,9,0.9263326525688171,0.08484582602977753,0.2912830685600822,0.19662363827228546
3,390,1,0.01,10,0.9261026382446289,0.08511073887348175,0.2917374485277503,0.15044057369232178
3,390,1,0.01,11,0.9266438484191895,0.0844874382019043,0.29066722932230304,0.15167202055454254
3,390,1,0.01,12,0.9268093705177307,0.084296815097332,0.290339138073619,0.14377406239509583
3,390,1,0.01,13,0.9259254932403564,0.08531477302312851,0.29208692716917084,0.13631367683410645
3,390,1,0.01,14,0.9261216521263123,0.08508887141942978,0.291699968151232,0.13036386668682098
3,390,1,0.01,15,0.9264352321624756,0.08472767472267151,0.2910801860702159,0.14769241213798523
3,390,1,0.01,16,0.9271020889282227,0.08395964652299881,0.28975791019918473,0.15261933207511902
3,390,1,0.01,17,0.9256593585014343,0.08562131226062775,0.2926111964033976,0.12202374637126923
3,390,1,0.01,18,0.9250733852386475,0.0862961933016777,0.2937621372840239,0.2679339051246643
3,390,1,0.01,19,0.9261693954467773,0.08503388613462448,0.2916057031928979,0.12871180474758148
3,390,1,0.01,20,0.9269506335258484,0.08413411676883698,0.2900588160508778,0.1339716911315918
3,390,1,0.01,21,0.9269106984138489,0.08418010920286179,0.29013808643964994,0.10004718601703644
3,390,1,0.01,22,0.9276201128959656,0.08336304128170013,0.2887265856856624,0.18076109886169434
3,390,1,0.01,23,0.9270874857902527,0.08397646993398666,0.2897869388602369,0.0984451174736023
3,390,1,0.01,24,0.9270967841148376,0.08396575599908829,0.2897684523875715,0.11775203794240952
3,390,1,0.01,25,0.9266340136528015,0.08449873328208923,0.2906866582457634,0.1675621122121811
3,390,1,0.01,26,0.9270739555358887,0.08399208635091782,0.2898138822605256,0.1264398843050003
3,390,1,0.01,27,0.9281728863716125,0.08272640407085419,0.2876219812025051,0.15799441933631897
3,390,1,0.01,28,0.9259223937988281,0.08531837165355682,0.2920930873087496,0.14205123484134674
3,390,1,0.01,29,0.9275659322738647,0.08342546224594116,0.28883466247308537,0.10208813101053238
3,390,1,0.01,30,0.9285904169082642,0.08224545419216156,0.2867846826316942,0.11909793317317963
3,390,1,0.01,31,0.9289754629135132,0.08180203288793564,0.2860105468124133,0.12398463487625122
3,390,1,0.01,32,0.9286152720451355,0.08221687376499176,0.2867348492335589,0.17380233108997345
3,390,1,0.01,33,0.9295220375061035,0.08117249608039856,0.2849078729701911,0.09654660522937775
3,390,1,0.01,34,0.9298256635665894,0.08082281053066254,0.2842935288230503,0.0963704064488411
3,390,1,0.01,35,0.9295154809951782,0.08118002861738205,0.2849210919138526,0.14513811469078064
3,390,1,0.01,36,0.9290999174118042,0.08165869116783142,0.2857598487678621,0.10323508828878403
3,390,1,0.01,37,0.9302932024002075,0.08028429746627808,0.28334483843239155,0.09521237760782242
3,390,1,0.01,38,0.9301244616508484,0.08047866076231003,0.2836876112245828,0.14865338802337646
3,390,1,0.01,39,0.9293141961097717,0.08141186833381653,0.28532765083990114,0.10542451590299606
3,390,1,0.01,40,0.9299311637878418,0.08070127665996552,0.2840797012459101,0.12236376106739044
3,390,1,0.01,41,0.929569661617279,0.0811176747083664,0.2848116477750978,0.12138848751783371
3,390,1,0.01,42,0.9315255880355835,0.07886490970849991,0.2808289687843829,0.09269280731678009
3,390,1,0.01,43,0.9288340210914612,0.08196491748094559,0.2862951579767733,0.11667156219482422
3,390,1,0.01,44,0.9280232787132263,0.08289871364831924,0.2879213671270669,0.09851229935884476
3,390,1,0.01,45,0.9305810332298279,0.07995278388261795,0.28275923306342793,0.08516445010900497
3,390,1,0.01,46,0.9319407939910889,0.07838667929172516,0.2799762120104584,0.14670829474925995
3,390,1,0.01,47,0.9307655692100525,0.07974029332399368,0.2823832383906553,0.08537665009498596
3,390,1,0.01,48,0.930291473865509,0.08028628677129745,0.283348348806372,0.133598193526268
3,390,1,0.01,49,0.932415246963501,0.07784027606248856,0.27899870261793075,0.08465582877397537
3,390,1,0.01,50,0.9325957894325256,0.07763233780860901,0.27862580248176766,0.11405205726623535
3,390,1,0.01,51,0.9335509538650513,0.07653223723173141,0.2766446045592276,0.11497368663549423
3,390,1,0.01,52,0.9334964156150818,0.07659505307674408,0.27675811293753266,0.11356224119663239
3,390,1,0.01,53,0.9333974123001099,0.07670906186103821,0.2769640082412121,0.23179957270622253
3,390,1,0.01,54,0.9340711236000061,0.07593312859535217,0.2755596643112924,0.08108879625797272
3,390,1,0.01,55,0.9328809976577759,0.07730387151241302,0.27803573783313007,0.1084861159324646
3,390,1,0.01,56,0.9298838973045349,0.08075572550296783,0.2841755188311756,0.09909740835428238
3,390,1,0.01,57,0.9335952997207642,0.07648111879825592,0.27655219904794814,0.08902141451835632
3,390,1,0.01,58,0.9326133131980896,0.07761216163635254,0.27858959355358653,0.10645540803670883
3,390,1,0.01,59,0.9342803359031677,0.07569216936826706,0.27512209901835777,0.11041804403066635
3,390,1,0.01,60,0.93651282787323,0.07312089204788208,0.2704087499469684,0.12485715746879578
3,390,1,0.01,61,0.9360502362251282,0.0736536830663681,0.27139212049425476,0.08762906491756439
3,390,1,0.01,62,0.9381821155548096,0.07119832932949066,0.26683015071294075,0.08982070535421371
3,390,1,0.01,63,0.937513530254364,0.07196834683418274,0.2682691686239452,0.09447646886110306
3,390,1,0.01,64,0.9346998333930969,0.07520900666713715,0.2742426054921758,0.13323253393173218
3,390,1,0.01,65,0.9395197629928589,0.06965769082307816,0.26392743476773717,0.09698008745908737
3,390,1,0.01,66,0.9351337552070618,0.07470925152301788,0.2733299316266294,0.07320880889892578
3,390,1,0.01,67,0.934683084487915,0.07522830367088318,0.2742777855949752,0.10861676931381226
3,390,1,0.01,68,0.9359511137008667,0.07376785576343536,0.27160238541558385,0.09457125514745712
3,390,1,0.01,69,0.9344079494476318,0.07554516196250916,0.2748548015998796,0.1246393471956253
3,390,1,0.01,70,0.9359403848648071,0.07378023117780685,0.27162516668712205,0.0925007313489914
3,390,1,0.01,71,0.941297709941864,0.06760996580123901,0.2600191642960938,0.08603634685277939
3,390,1,0.01,72,0.935929536819458,0.0737927109003067,0.2716481380394622,0.0854809433221817
3,390,1,0.01,73,0.9336569309234619,0.0764101892709732,0.27642393035150414,0.08120156079530716
3,390,1,0.01,74,0.9423141479492188,0.06643927842378616,0.25775817818991925,0.13781364262104034
3,390,1,0.01,75,0.925286054611206,0.08605129271745682,0.2933450062937101,0.13827744126319885
3,390,1,0.01,76,0.9288107752799988,0.08199170231819153,0.286341932518085,0.09868889302015305
3,390,1,0.01,77,0.9294973015785217,0.08120100945234299,0.28495790821162165,0.11229439079761505
3,390,1,0.01,78,0.9326205253601074,0.07760383933782578,0.2785746566682364,0.13284994661808014
3,390,1,0.01,79,0.9325683116912842,0.07766398042440414,0.27868258005193675,0.08851199597120285
3,390,1,0.01,80,0.934105396270752,0.07589362561702728,0.275487977264031,0.16309843957424164
3,390,1,0.01,81,0.9322474598884583,0.07803353667259216,0.27934483469824917,0.08878717571496964
3,390,1,0.01,82,0.9340333938598633,0.07597656548023224,0.2756384687960522,0.09543880820274353
3,390,1,0.01,83,0.9348793029785156,0.07500232756137848,0.27386552824585003,0.07821393013000488
3,390,1,0.01,84,0.9363370537757874,0.07332337647676468,0.27078289546565654,0.09332093596458435
3,390,1,0.01,85,0.9341555833816528,0.07583586871623993,0.27538313077645105,0.07874108850955963
3,390,1,0.01,86,0.9345164895057678,0.07542015612125397,0.2746273040344932,0.10451152920722961
3,390,1,0.01,87,0.9302970767021179,0.0802798792719841,0.2833370418282511,0.1109723225235939
3,390,1,0.01,88,0.9342378973960876,0.07574104517698288,0.2752109103523748,0.08654339611530304
3,390,1,0.01,89,0.9312258362770081,0.07921015471220016,0.28144298661043265,0.08675646781921387
3,390,1,0.01,90,0.9452006220817566,0.06311476975679398,0.2512265307581864,0.08107725530862808
3,390,1,0.01,91,0.9277451634407043,0.0832190066576004,0.28847704702038324,0.08192190527915955
3,390,1,0.01,92,0.9300736784934998,0.08053715527057648,0.283790689189368,0.08211679011583328
3,390,1,0.01,93,0.929764449596405,0.08089331537485123,0.28441750187857856,0.07292146235704422
3,390,1,0.01,94,0.9296526312828064,0.08102211356163025,0.28464383633170465,0.10052911192178726
3,390,1,0.01,95,0.9303330183029175,0.0802384614944458,0.28326394315981307,0.08023017644882202
3,390,1,0.01,96,0.9293943047523499,0.08131963759660721,0.28516598253755165,0.08236224949359894
3,390,1,0.01,97,0.9305585622787476,0.07997871935367584,0.2828050907492223,0.0771908089518547
3,390,1,0.01,98,0.9320101141929626,0.07830685377120972,0.2798336180147227,0.0765584409236908
3,390,1,0.01,99,0.9351632595062256,0.07467524707317352,0.27326772051080883,0.08386173844337463
3,390,1,0.01,100,0.9292441606521606,0.08149253576993942,0.2854689751443043,0.07799063622951508
4,390,1,0.01,1,0.9148030877113342,0.09812495857477188,0.3132490360316722,0.34434932470321655
4,390,1,0.01,2,0.9197219014167786,0.09245974570512772,0.3040719416604033,0.2189500480890274
4,390,1,0.01,3,0.9231348037719727,0.08852898329496384,0.2975382047653105,0.19441813230514526
4,390,1,0.01,4,0.9232416749000549,0.08840584009885788,0.29733119597320745,0.20590193569660187
4,390,1,0.01,5,0.9234428405761719,0.08817413449287415,0.2969412980588489,0.2403382807970047
4,390,1,0.01,6,0.9220399260520935,0.089789979159832,0.299649760820582,0.15530093014240265
4,390,1,0.01,7,0.9239895343780518,0.08754453808069229,0.29587926267430825,0.14532452821731567
4,390,1,0.01,8,0.9243036508560181,0.08718275278806686,0.29526725654577224,0.1792621612548828
4,390,1,0.01,9,0.9250065684318542,0.08637315034866333,0.2938930934007523,0.13741153478622437
4,390,1,0.01,10,0.9234107732772827,0.08821109682321548,0.2970035299844355,0.14895984530448914
4,390,1,0.01,11,0.9253849387168884,0.08593736588954926,0.29315075624932174,0.1010047048330307
4,390,1,0.01,12,0.9201846122741699,0.09192682802677155,0.30319437334286325,0.22762972116470337
4,390,1,0.01,13,0.9257553219795227,0.08551077544689178,0.2924222553891748,0.11492867022752762
4,390,1,0.01,14,0.9226738214492798,0.08905986696481705,0.2984289981969196,0.1435421258211136
4,390,1,0.01,15,0.9237015247344971,0.08787620067596436,0.2964392023264878,0.13924866914749146
4,390,1,0.01,16,0.9243221282958984,0.08716143667697906,0.29523115803888156,0.15108081698417664
4,390,1,0.01,17,0.9248613715171814,0.08654040098190308,0.2941774991087916,0.14119917154312134
4,390,1,0.01,18,0.9268251061439514,0.0842786505818367,0.2903078548400589,0.16191139817237854
4,390,1,0.01,19,0.9233071804046631,0.08833038806915283,0.29720428676106414,0.13451248407363892
4,390,1,0.01,20,0.9239341020584106,0.08760832995176315,0.2959870435538744,0.13888433575630188
4,390,1,0.01,21,0.9260393977165222,0.08518360555171967,0.2918623058082692,0.12025825679302216
4,390,1,0.01,22,0.9234226942062378,0.08819736540317535,0.29698041249074886,0.20122268795967102
4,390,1,0.01,23,0.9234421253204346,0.0881749764084816,0.2969427157020047,0.11970497667789459
4,390,1,0.01,24,0.9234037399291992,0.08821922540664673,0.29701721399044656,0.10383176803588867
4,390,1,0.01,25,0.9253374934196472,0.08599202334880829,0.29324396557952953,0.11038586497306824
4,390,1,0.01,26,0.9272858500480652,0.08374802768230438,0.2893925149037279,0.10209519416093826
4,390,1,0.01,27,0.9218763113021851,0.08997842669487,0.2999640423365274,0.16086256504058838
4,390,1,0.01,28,0.9273744821548462,0.08364595472812653,0.2892161038533756,0.07879418879747391
4,390,1,0.01,29,0.9276694059371948,0.08330623805522919,0.28862820038109444,0.0978589877486229
4,390,1,0.01,30,0.9279783368110657,0.08295044302940369,0.28801118559771893,0.11428871750831604
4,390,1,0.01,31,0.9246531128883362,0.08678024262189865,0.29458486488938745,0.1174054741859436
4,390,1,0.01,32,0.9290208220481873,0.08174975216388702,0.28591913570778543,0.1417083889245987
4,390,1,0.01,33,0.9270076751708984,0.08406838029623032,0.2899454781441337,0.1501311957836151
4,390,1,0.01,34,0.9228620529174805,0.08884307742118835,0.29806555893156855,0.12561951577663422
4,390,1,0.01,35,0.9294028282165527,0.08130981773138046,0.2851487642115611,0.162217378616333
4,390,1,0.01,36,0.9274815320968628,0.08352264761924744,0.2890028505382731,0.17453725636005402
4,390,1,0.01,37,0.9267069697380066,0.08441474288702011,0.2905421533736888,0.12251455336809158
4,390,1,0.01,38,0.9297253489494324,0.08093835413455963,0.28449666805528606,0.1527342051267624
4,390,1,0.01,39,0.9276768565177917,0.08329764753580093,0.2886133183617848,0.11056889593601227
4,390,1,0.01,40,0.9273687601089478,0.08365248888731003,0.289227399959461,0.10831648111343384
4,390,1,0.01,41,0.9305815100669861,0.07995224744081497,0.2827582844777761,0.18037070333957672
4,390,1,0.01,42,0.9281684160232544,0.08273148536682129,0.2876308143555229,0.12401328980922699
4,390,1,0.01,43,0.9308808445930481,0.07960748672485352,0.2821479872776935,0.1279849112033844
4,390,1,0.01,44,0.9294897317886353,0.081209696829319,0.28497315106746285,0.07857301831245422
4,390,1,0.01,45,0.9323968887329102,0.07786139845848083,0.2790365539825935,0.1476946473121643
4,390,1,0.01,46,0.9311440587043762,0.07930435985326767,0.28161029784663,0.08372771739959717
4,390,1,0.01,47,0.9309824705123901,0.07949046790599823,0.281940539663948,0.08936025202274323
4,390,1,0.01,48,0.9284579753875732,0.08239802718162537,0.2870505655483461,0.10776039212942123
4,390,1,0.01,49,0.9264799952507019,0.08467613905668259,0.29099164774385294,0.12797695398330688
4,390,1,0.01,50,0.9338701367378235,0.076164610683918,0.2759793664097336,0.08561819791793823
4,390,1,0.01,51,0.934731125831604,0.07517295330762863,0.27417686501167204,0.15161818265914917
4,390,1,0.01,52,0.9310925602912903,0.07936365157365799,0.28171555081971955,0.1118491068482399
4,390,1,0.01,53,0.9347185492515564,0.07518748193979263,0.2742033587317862,0.10548696666955948
4,390,1,0.01,54,0.9336946606636047,0.07636673748493195,0.2763453228931728,0.08643090724945068
4,390,1,0.01,55,0.9323174953460693,0.07795288413763046,0.27920043720888127,0.10378734767436981
4,390,1,0.01,56,0.9362088441848755,0.07347100973129272,0.2710553628528547,0.10519203543663025
4,390,1,0.01,57,0.936425507068634,0.07322145253419876,0.2705946276890928,0.09655456990003586
4,390,1,0.01,58,0.9366477131843567,0.07296552509069443,0.2701213155060045,0.12993967533111572
4,390,1,0.01,59,0.9348133206367493,0.07507830858230591,0.27400421270904923,0.13593626022338867
4,390,1,0.01,60,0.9356601238250732,0.07410300523042679,0.2722186717152716,0.10223386436700821
4,390,1,0.01,61,0.9359821081161499,0.07373213022947311,0.27153660937242535,0.13224373757839203
4,390,1,0.01,62,0.9364088773727417,0.07324065268039703,0.2706301030565466,0.11286629736423492
4,390,1,0.01,63,0.9337635040283203,0.0762874186038971,0.2762017715437341,0.15054479241371155
4,390,1,0.01,64,0.9403409361839294,0.06871190667152405,0.2621295608502102,0.1641130894422531
4,390,1,0.01,65,0.9385818839073181,0.07073791325092316,0.2659660001784498,0.10290300846099854
4,390,1,0.01,66,0.9393914937973022,0.06980543583631516,0.2642071835441178,0.12386486679315567
4,390,1,0.01,67,0.9407737255096436,0.06821341812610626,0.261176986210704,0.08763830363750458
4,390,1,0.01,68,0.9420574903488159,0.06673489511013031,0.2583309797723268,0.10732931643724442
4,390,1,0.01,69,0.9435705542564392,0.06499219685792923,0.2549356719996816,0.12337710708379745
4,390,1,0.01,70,0.9432308673858643,0.06538346409797668,0.25570190476016535,0.08814649283885956
4,390,1,0.01,71,0.9448410272598267,0.06352896988391876,0.2520495385512911,0.19054856896400452
4,390,1,0.01,72,0.940841019153595,0.06813593953847885,0.2610286182365429,0.09939972311258316
4,390,1,0.01,73,0.9526678323745728,0.05451447144150734,0.23348334296370551,0.08476042747497559
4,390,1,0.01,74,0.9505864381790161,0.056911688297986984,0.23856170752655798,0.08751162886619568
4,390,1,0.01,75,0.9589184522628784,0.04731539264321327,0.21752101655521305,0.08771151304244995
4,390,1,0.01,76,0.9457396864891052,0.062493909150362015,0.24998781800392197,0.10100012272596359
4,390,1,0.01,77,0.9501600861549377,0.05740278214216232,0.23958877716237528,0.10568924248218536
4,390,1,0.01,78,0.9554294943809509,0.051333796232938766,0.22656962778126014,0.09248583018779755
4,390,1,0.01,79,0.9588977098464966,0.04733927175402641,0.21757589883538667,0.10200365632772446
4,390,1,0.01,80,0.9616879820823669,0.04412558302283287,0.21006090312771883,0.06881250441074371
4,390,1,0.01,81,0.94617760181427,0.06198957934975624,0.24897706591121246,0.0938975065946579
4,390,1,0.01,82,0.9501250386238098,0.05744313448667526,0.2396729740431225,0.11556045711040497
4,390,1,0.01,83,0.9582674503326416,0.048065148293972015,0.21923765254620844,0.07200049608945847
4,390,1,0.01,84,0.9639595746994019,0.04150933027267456,0.20373838684124934,0.109084352850914
4,390,1,0.01,85,0.9707310199737549,0.033710356801748276,0.18360380388692463,0.1401306539773941
4,390,1,0.01,86,0.9441518783569336,0.06432267278432846,0.25361914908840866,0.07484693825244904
4,390,1,0.01,87,0.9496598839759827,0.057978883385658264,0.2407880466004454,0.08579915761947632
4,390,1,0.01,88,0.9516081809997559,0.055734965950250626,0.23608254054514627,0.09391176700592041
4,390,1,0.01,89,0.9532976150512695,0.0537891685962677,0.23192492017087707,0.07789473980665207
4,390,1,0.01,90,0.9513466358184814,0.056036192923784256,0.23671965048086788,0.11728455126285553
4,390,1,0.01,91,0.9540858864784241,0.05288126319646835,0.22995926421100837,0.0757116973400116
4,390,1,0.01,92,0.9571433663368225,0.049359824508428574,0.22217071028474608,0.10314376652240753
4,390,1,0.01,93,0.9565702676773071,0.050019875168800354,0.22365123556287445,0.08903590589761734
4,390,1,0.01,94,0.9578192234039307,0.04858144000172615,0.22041197789985495,0.08632946759462357
4,390,1,0.01,95,0.9626734256744385,0.04299064725637436,0.2073418608394705,0.07638370245695114
4,390,1,0.01,96,0.959228515625,0.04695823788642883,0.21669849534878832,0.07527566701173782
4,390,1,0.01,97,0.9599339962005615,0.046145763248205185,0.21481564944902218,0.09456931799650192
4,390,1,0.01,98,0.9587949514389038,0.047457657754421234,0.21784778574596814,0.08841252326965332
4,390,1,0.01,99,0.9608505368232727,0.04509013146162033,0.2123443699786277,0.0727711021900177
4,390,1,0.01,100,0.9641257524490356,0.0413178987801075,0.203268046628356,0.07882792502641678
5,390,1,0.01,1,0.828466534614563,0.19756250083446503,0.44448003423603294,0.8559231758117676
5,390,1,0.01,2,0.9100583791732788,0.10358966141939163,0.32185347818439314,0.45324790477752686
5,390,1,0.01,3,0.9242753386497498,0.0872153714299202,0.29532248717278575,0.3549867272377014
5,390,1,0.01,4,0.9293910264968872,0.08132340759038925,0.2851725926353885,0.2777915596961975
5,390,1,0.01,5,0.9294341802597046,0.08127368241548538,0.2850853949529603,0.29546216130256653
5,390,1,0.01,6,0.9319808483123779,0.0783405527472496,0.2798938240605705,0.20511893928050995
5,390,1,0.01,7,0.9300155639648438,0.08060405403375626,0.2839085311042207,0.2889358699321747
5,390,1,0.01,8,0.931111216545105,0.07934217900037766,0.2816774378617813,0.20956358313560486
5,390,1,0.01,9,0.9307714700698853,0.0797334760427475,0.2823711671590205,0.2009076029062271
5,390,1,0.01,10,0.9299492239952087,0.0806804969906807,0.2840431252304493,0.18977853655815125
5,390,1,0.01,11,0.9322955012321472,0.07797820121049881,0.2792457720548313,0.1701246201992035
5,390,1,0.01,12,0.9313226938247681,0.07909860461950302,0.2812447414966243,0.17699134349822998
5,390,1,0.01,13,0.9265710115432739,0.08457133173942566,0.29081150551418294,0.43515536189079285
5,390,1,0.01,14,0.930424690246582,0.08013289421796799,0.2830775409988719,0.17025157809257507
5,390,1,0.01,15,0.932403564453125,0.0778537467122078,0.2790228426351645,0.14078620076179504
5,390,1,0.01,16,0.932780385017395,0.07741974294185638,0.2782440348720101,0.13214239478111267
5,390,1,0.01,17,0.9314367175102234,0.07896728813648224,0.2810111886322006,0.28023698925971985
5,390,1,0.01,18,0.932315468788147,0.0779552012681961,0.2792045867606693,0.14308230578899384
5,390,1,0.01,19,0.9319009780883789,0.0784325897693634,0.2800581899701621,0.16971836984157562
5,390,1,0.01,20,0.9322686791419983,0.07800908386707306,0.2793010631327297,0.1510542631149292
5,390,1,0.01,21,0.9251691699028015,0.08618587255477905,0.2935743049975237,0.309149831533432
5,390,1,0.01,22,0.9308182001113892,0.07967963814735413,0.28227581927496753,0.13097642362117767
5,390,1,0.01,23,0.9249374270439148,0.08645280450582504,0.294028577702619,0.22131307423114777
5,390,1,0.01,24,0.9303732514381409,0.08019214123487473,0.28318216969801385,0.11579818278551102
5,390,1,0.01,25,0.9314824342727661,0.07891465723514557,0.2809175274616121,0.13477802276611328
5,390,1,0.01,26,0.9307360053062439,0.07977430522441864,0.2824434549151717,0.11267830431461334
5,390,1,0.01,27,0.9303990006446838,0.08016243577003479,0.28312971544865223,0.19516074657440186
5,390,1,0.01,28,0.9295995831489563,0.08108320087194443,0.2847511209318489,0.13917671144008636
5,390,1,0.01,29,0.9250617027282715,0.08630962669849396,0.2937850008058511,0.2073323130607605
5,390,1,0.01,30,0.929145097732544,0.08160664886236191,0.2856687747415911,0.12694311141967773
5,390,1,0.01,31,0.928330659866333,0.08254466950893402,0.2873058814381182,0.16071616113185883
5,390,1,0.01,32,0.9285603761672974,0.08228009194135666,0.2868450660920572,0.19348859786987305
5,390,1,0.01,33,0.9270333051681519,0.0840388759970665,0.28989459463237066,0.11188288778066635
5,390,1,0.01,34,0.9198150634765625,0.09235245734453201,0.3038954710826274,0.335974782705307
5,390,1,0.01,35,0.9259275197982788,0.08531243354082108,0.29208292237106415,0.1505231410264969
5,390,1,0.01,36,0.9277836084365845,0.08317474275827408,0.2884003168484287,0.245818629860878
5,390,1,0.01,37,0.9279547929763794,0.0829775482416153,0.28805823758680343,0.11867676675319672
5,390,1,0.01,38,0.9270461797714233,0.08402402698993683,0.2898689824557585,0.13751018047332764
5,390,1,0.01,39,0.927402138710022,0.0836140364408493,0.2891609179001362,0.15656213462352753
5,390,1,0.01,40,0.927067756652832,0.08399921655654907,0.2898261833522794,0.15081636607646942
5,390,1,0.01,41,0.9279037714004517,0.08303635567426682,0.28816029510372665,0.16702494025230408
5,390,1,0.01,42,0.9187613725662231,0.09356600046157837,0.305885600284777,0.25121116638183594
5,390,1,0.01,43,0.9256404042243958,0.08564313501119614,0.29264848369878177,0.13195723295211792
5,390,1,0.01,44,0.9277133941650391,0.08325555920600891,0.2885403944095331,0.19614730775356293
5,390,1,0.01,45,0.9251693487167358,0.08618570119142532,0.2935740131405117,0.15858502686023712
5,390,1,0.01,46,0.9263682961463928,0.08480482548475266,0.2912126808446924,0.1171233057975769
5,390,1,0.01,47,0.9263217449188232,0.08485838770866394,0.2913046304277773,0.10620173811912537
5,390,1,0.01,48,0.9268357753753662,0.08426640182733536,0.2902867579262536,0.11245206743478775
5,390,1,0.01,49,0.9254654049873352,0.08584471791982651,0.29299269260482674,0.09560954570770264
5,390,1,0.01,50,0.9254406690597534,0.08587317913770676,0.2930412584222685,0.10016714036464691
5,390,1,0.01,51,0.9259840846061707,0.08524732291698456,0.29197144195449076,0.1122376024723053
5,390,1,0.01,52,0.926742434501648,0.08437386155128479,0.29047179131765066,0.14270807802677155
5,390,1,0.01,53,0.9257503747940063,0.08551650494337082,0.2924320518400314,0.10583419352769852
5,390,1,0.01,54,0.9238525629043579,0.08770229667425156,0.29614573553278045,0.14846234023571014
5,390,1,0.01,55,0.925259530544281,0.08608183264732361,0.2933970563030986,0.16756869852542877
5,390,1,0.01,56,0.9252696633338928,0.08607017248868942,0.29337718467646634,0.1408909410238266
5,390,1,0.01,57,0.925169825553894,0.08618514239788055,0.29357306143084816,0.10953293740749359
5,390,1,0.01,58,0.9237667918205261,0.08780108392238617,0.29631247682537126,0.08666527271270752
5,390,1,0.01,59,0.9248276352882385,0.08657924085855484,0.29424350606012506,0.12595272064208984
5,390,1,0.01,60,0.9255008697509766,0.08580385893583298,0.2929229573383298,0.14392995834350586
5,390,1,0.01,61,0.9259619116783142,0.08527281880378723,0.29201510030097283,0.13412365317344666
5,390,1,0.01,62,0.9263002276420593,0.0848831906914711,0.2913471995600285,0.12117777019739151
5,390,1,0.01,63,0.9238600730895996,0.08769364655017853,0.2961311306671059,0.1371113508939743
5,390,1,0.01,64,0.9257950782775879,0.08546498417854309,0.2923439484212784,0.10946103930473328
5,390,1,0.01,65,0.9244012832641602,0.08707032352685928,0.29507680953754956,0.11093366146087646
5,390,1,0.01,66,0.9231464266777039,0.08851555734872818,0.2975156421916807,0.16218805313110352
5,390,1,0.01,67,0.9270251989364624,0.08404818922281265,0.28991065731154597,0.07817579805850983
5,390,1,0.01,68,0.9284707307815552,0.08238329738378525,0.28702490725333446,0.15613023936748505
5,390,1,0.01,69,0.9256259202957153,0.08565978705883026,0.2926769329120938,0.10278243571519852
5,390,1,0.01,70,0.9256020188331604,0.08568734675645828,0.29272401124003866,0.09574708342552185
5,390,1,0.01,71,0.9276098608970642,0.08337484300136566,0.28874702249783574,0.08231314271688461
5,390,1,0.01,72,0.9263615012168884,0.08481263369321823,0.2912260869036602,0.1151721253991127
5,390,1,0.01,73,0.9294076561927795,0.08130423724651337,0.2851389788270158,0.08589307963848114
5,390,1,0.01,74,0.9275365471839905,0.08345927298069,0.28889318610983195,0.11959166079759598
5,390,1,0.01,75,0.92597496509552,0.08525779098272324,0.29198936792753816,0.11091451346874237
5,390,1,0.01,76,0.9279986619949341,0.08292706310749054,0.28797059417150656,0.11515403538942337
5,390,1,0.01,77,0.9281222224235535,0.08278471976518631,0.2877233389302757,0.08418435603380203
5,390,1,0.01,78,0.9290746450424194,0.08168778568506241,0.2858107515211113,0.14446605741977692
5,390,1,0.01,79,0.9282972812652588,0.08258310705423355,0.28737276672335105,0.12579718232154846
5,390,1,0.01,80,0.9278537631034851,0.08309394121170044,0.2882601970645626,0.11364513635635376
5,390,1,0.01,81,0.9280970096588135,0.0828137993812561,0.28777386848227915,0.1239825040102005
5,390,1,0.01,82,0.9272513389587402,0.08378773182630539,0.2894611058956028,0.07981317490339279
5,390,1,0.01,83,0.9305977821350098,0.07993348687887192,0.2827251083276332,0.20224504172801971
5,390,1,0.01,84,0.9325655102729797,0.07766721397638321,0.27868838148796804,0.11672645807266235
5,390,1,0.01,85,0.9305302500724792,0.08001130819320679,0.2828627020185001,0.06755605340003967
5,390,1,0.01,86,0.9344983696937561,0.07544106245040894,0.2746653644899716,0.18745841085910797
5,390,1,0.01,87,0.9450563192367554,0.06328097730875015,0.25155710546265664,0.08533088862895966
5,390,1,0.01,88,0.9431240558624268,0.06550643593072891,0.2559422511636735,0.08002752810716629
5,390,1,0.01,89,0.9471392631530762,0.06088195741176605,0.24674269474852958,0.13190263509750366
5,390,1,0.01,90,0.9575235247612,0.048922013491392136,0.22118321249903242,0.07410019636154175
5,390,1,0.01,91,0.9233328700065613,0.08830080926418304,0.29715452085435795,0.08337993919849396
5,390,1,0.01,92,0.9257276058197021,0.085542693734169,0.29247682597800634,0.19001664221286774
5,390,1,0.01,93,0.92452472448349,0.0869281068444252,0.2948357285751257,0.10303672403097153
5,390,1,0.01,94,0.9266543388366699,0.08447538316249847,0.2906464917429737,0.12446971982717514
5,390,1,0.01,95,0.9262292385101318,0.08496492356061935,0.2914874329377158,0.07809443771839142
5,390,1,0.01,96,0.9281435608863831,0.08276014029979706,0.2876806220443029,0.07887682318687439
5,390,1,0.01,97,0.9300634264945984,0.08054894953966141,0.28381146830186654,0.11221859604120255
5,390,1,0.01,98,0.9271462559700012,0.0839088037610054,0.28967016373973586,0.10328137129545212
5,390,1,0.01,99,0.9272242784500122,0.08381889760494232,0.2895149350291662,0.09379122406244278
5,390,1,0.01,100,0.9285127520561218,0.0823349580168724,0.2869406872802677,0.0738428458571434
6,390,1,0.01,1,0.9042918086051941,0.11023122072219849,0.3320108744035329,0.45675942301750183
6,390,1,0.01,2,0.9173161387443542,0.09523054957389832,0.30859447430875736,0.3425752818584442
6,390,1,0.01,3,0.9176228046417236,0.09487732499837875,0.3080216307313153,0.38150325417518616
6,390,1,0.01,4,0.9237046241760254,0.08787266910076141,0.2964332456064289,0.21419446170330048
6,390,1,0.01,5,0.9236343502998352,0.08795362710952759,0.29656976769308024,0.30588823556900024
6,390,1,0.01,6,0.9261772036552429,0.0850248634815216,0.2915902321435367,0.2103271186351776
6,390,1,0.01,7,0.9280874729156494,0.08282475173473358,0.28779289729722934,0.1998496651649475
6,390,1,0.01,8,0.9291130900382996,0.0816434770822525,0.285733227123225,0.15506823360919952
6,390,1,0.01,9,0.9289608597755432,0.0818188413977623,0.2860399297261875,0.16989335417747498
6,390,1,0.01,10,0.9263230562210083,0.08485691249370575,0.29130209833385295,0.29599809646606445
6,390,1,0.01,11,0.9308526515960693,0.0796399712562561,0.2822055478835526,0.13639803230762482
6,390,1,0.01,12,0.9317768216133118,0.07857555896043777,0.2803133228379232,0.1629050374031067
6,390,1,0.01,13,0.9319306015968323,0.0783984363079071,0.27999720767876796,0.11937771737575531
6,390,1,0.01,14,0.9317672848701477,0.07858656346797943,0.2803329510920531,0.1353597193956375
6,390,1,0.01,15,0.9302926659584045,0.08028490841388702,0.28334591652940233,0.14328978955745697
6,390,1,0.01,16,0.9286292195320129,0.0822007954120636,0.2867068108923532,0.149857297539711
6,390,1,0.01,17,0.9291046857833862,0.0816531702876091,0.2857501886046781,0.16329412162303925
6,390,1,0.01,18,0.9285706281661987,0.08226826786994934,0.2868244547976154,0.14892292022705078
6,390,1,0.01,19,0.9288580417633057,0.08193725347518921,0.286246840113894,0.12379808723926544
6,390,1,0.01,20,0.927270233631134,0.08376602828502655,0.2894236139036111,0.1508123278617859
6,390,1,0.01,21,0.9287829995155334,0.08202365040779114,0.286397713691627,0.1263265162706375
6,390,1,0.01,22,0.9293867349624634,0.08132835477590561,0.28518126652342646,0.15984909236431122
6,390,1,0.01,23,0.9256023168563843,0.08568698167800903,0.29272338765122446,0.16316622495651245
6,390,1,0.01,24,0.9292579293251038,0.08147665858268738,0.2854411648355706,0.10517628490924835
6,390,1,0.01,25,0.9300747513771057,0.08053591847419739,0.2837885101165961,0.11131599545478821
6,390,1,0.01,26,0.9279574751853943,0.08297449350357056,0.28805293524553877,0.12827308475971222
6,390,1,0.01,27,0.9287662506103516,0.08204294741153717,0.28643140088254493,0.0856715738773346
6,390,1,0.01,28,0.9294043183326721,0.08130806684494019,0.28514569406698076,0.12331175804138184
6,390,1,0.01,29,0.9290286302566528,0.08174081146717072,0.2859035002709318,0.10302989184856415
6,390,1,0.01,30,0.9302324056625366,0.08035430312156677,0.28346834588991904,0.10919073224067688
6,390,1,0.01,31,0.9323934316635132,0.07786539196968079,0.27904370978339715,0.12894269824028015
6,390,1,0.01,32,0.9290647506713867,0.08169914782047272,0.2858306278558558,0.12709788978099823
6,390,1,0.01,33,0.9303575754165649,0.0802101418375969,0.28321395064084837,0.09274432808160782
6,390,1,0.01,34,0.9276729822158813,0.08330214023590088,0.2886211015083632,0.12276365607976913
6,390,1,0.01,35,0.9305466413497925,0.07999245077371597,0.28282936688702603,0.1215064525604248
6,390,1,0.01,36,0.9275550842285156,0.08343790471553802,0.2888562007566014,0.1534229815006256
6,390,1,0.01,37,0.9305539727210999,0.07998396456241608,0.2828143641373544,0.08135367929935455
6,390,1,0.01,38,0.9289172291755676,0.08186908811330795,0.2861277478912312,0.09660132974386215
6,390,1,0.01,39,0.9300577640533447,0.08055546879768372,0.28382295326080254,0.09450935572385788
6,390,1,0.01,40,0.9296914339065552,0.0809774100780487,0.28456530020023296,0.11605554074048996
6,390,1,0.01,41,0.9278523325920105,0.08309559524059296,0.2882630660362041,0.09189829975366592
6,390,1,0.01,42,0.9298343062400818,0.08081287145614624,0.28427604798179223,0.12342111021280289
6,390,1,0.01,43,0.930888295173645,0.07959894835948944,0.2821328558666811,0.12495824694633484
6,390,1,0.01,44,0.9297872185707092,0.08086705207824707,0.2843713278061751,0.08885211497545242
6,390,1,0.01,45,0.9296253323554993,0.08105354756116867,0.2846990473485443,0.12127790600061417
6,390,1,0.01,46,0.9307249188423157,0.07978709042072296,0.2824660872046819,0.10804685950279236
6,390,1,0.01,47,0.9308483600616455,0.07964491844177246,0.282214312964053,0.10721863061189651
6,390,1,0.01,48,0.9316324591636658,0.07874183356761932,0.28060975315840203,0.09856770932674408
6,390,1,0.01,49,0.9280208349227905,0.08290153741836548,0.2879262708027273,0.14702942967414856
6,390,1,0.01,50,0.9300122261047363,0.08060795068740845,0.28391539353724454,0.1211022436618805
6,390,1,0.01,51,0.9308022856712341,0.07969796657562256,0.28230828286754633,0.08262129873037338
6,390,1,0.01,52,0.9307093620300293,0.07980497926473618,0.2824977509020845,0.06536339968442917
6,390,1,0.01,53,0.9317011833190918,0.0786626935005188,0.28046870324604634,0.12402129173278809
6,390,1,0.01,54,0.9320484399795532,0.07826276868581772,0.27975483675142726,0.08497090637683868
6,390,1,0.01,55,0.9328546524047852,0.07733418047428131,0.27809023800608557,0.08626506477594376
6,390,1,0.01,56,0.9340052604675293,0.07600896805524826,0.2756972398397348,0.12591056525707245
6,390,1,0.01,57,0.9322605133056641,0.07801847904920578,0.27931788172117766,0.09743267297744751
6,390,1,0.01,58,0.9325175881385803,0.07772238552570343,0.278787348216707,0.06144475191831589
6,390,1,0.01,59,0.9313535094261169,0.07906311750411987,0.28118164503416626,0.0980307012796402
6,390,1,0.01,60,0.9336295127868652,0.07644173502922058,0.2764809849324553,0.08109243959188461
6,390,1,0.01,61,0.9364591836929321,0.07318267971277237,0.27052297446385654,0.09563077241182327
6,390,1,0.01,62,0.9300516247749329,0.080562524497509,0.28383538274413395,0.10147521644830704
6,390,1,0.01,63,0.9362380504608154,0.07343740016222,0.2709933581514868,0.0927823930978775
6,390,1,0.01,64,0.9377729892730713,0.07166953384876251,0.26771166177206873,0.08760102838277817
6,390,1,0.01,65,0.9369112253189087,0.07266204059123993,0.2695589742361399,0.09608235955238342
6,390,1,0.01,66,0.9403541088104248,0.0686967521905899,0.2621006527855089,0.07485087960958481
6,390,1,0.01,67,0.9399644732475281,0.06914548575878143,0.2629552923194006,0.16901087760925293
6,390,1,0.01,68,0.9415044188499451,0.06737187504768372,0.25956092742877096,0.09161075949668884
6,390,1,0.01,69,0.9403961896896362,0.06864825636148453,0.2620081227013478,0.24666084349155426
6,390,1,0.01,70,0.93937087059021,0.06982918083667755,0.26425211604957405,0.07667283713817596
6,390,1,0.01,71,0.9382016062736511,0.07117585837841034,0.26678804017123847,0.10825353860855103
6,390,1,0.01,72,0.9474409222602844,0.060534533113241196,0.24603766604575242,0.10675066709518433
6,390,1,0.01,73,0.9253117442131042,0.08602167665958405,0.29329452204155476,0.09968733042478561
6,390,1,0.01,74,0.9280229210853577,0.08289908617734909,0.2879220140547594,0.14117468893527985
6,390,1,0.01,75,0.9281601905822754,0.08274096250534058,0.2876472883677866,0.09083327651023865
6,390,1,0.01,76,0.9268401861190796,0.08426131308078766,0.2902779927600225,0.08893104642629623
6,390,1,0.01,77,0.9273186922073364,0.0837101861834526,0.28932712659453935,0.08573389053344727
6,390,1,0.01,78,0.9290001392364502,0.08177360147237778,0.2859608390538428,0.07887305319309235
6,390,1,0.01,79,0.9282146692276001,0.08267825841903687,0.2875382729638558,0.06763681024312973
6,390,1,0.01,80,0.930300772190094,0.08027557283639908,0.2833294422335933,0.0776505395770073
6,390,1,0.01,81,0.9301303625106812,0.08047187328338623,0.2836756480267318,0.12932373583316803
6,390,1,0.01,82,0.9296082258224487,0.08107324689626694,0.2847336420170032,0.07727710157632828
6,390,1,0.01,83,0.9309062361717224,0.07957826554775238,0.28209619910192407,0.09794659167528152
6,390,1,0.01,84,0.9303315877914429,0.08024013787508011,0.28326690218781314,0.116321861743927
6,390,1,0.01,85,0.9316073656082153,0.07877074182033539,0.28066125813930104,0.10162648558616638
6,390,1,0.01,86,0.9325956702232361,0.07763247191905975,0.27862604314575434,0.11557109653949738
6,390,1,0.01,87,0.9329808354377747,0.07718886435031891,0.27782884002622715,0.13617929816246033
6,390,1,0.01,88,0.9324077367782593,0.07784894853830338,0.2790142443286783,0.07065216451883316
6,390,1,0.01,89,0.933502197265625,0.07658838480710983,0.276746065567534,0.08553840219974518
6,390,1,0.01,90,0.9348486661911011,0.07503759860992432,0.27392991550746026,0.08123648166656494
6,390,1,0.01,91,0.932963490486145,0.07720884680747986,0.27786479951134485,0.09777244180440903
6,390,1,0.01,92,0.9327038526535034,0.0775078684091568,0.2784023498628501,0.10047556459903717
6,390,1,0.01,93,0.9326770901679993,0.07753871381282806,0.27845774152073427,0.0800880715250969
6,390,1,0.01,94,0.9362055063247681,0.07347484678030014,0.27106244074069014,0.10440962761640549
6,390,1,0.01,95,0.9350206851959229,0.07483946532011032,0.273568026860067,0.08894991874694824
6,390,1,0.01,96,0.9341036081314087,0.07589568942785263,0.27549172297521507,0.1223028302192688
6,390,1,0.01,97,0.9334902167320251,0.07660220563411713,0.2767710346732785,0.11945649981498718
6,390,1,0.01,98,0.9348627328872681,0.0750214010477066,0.27390034875426245,0.07347078621387482
6,390,1,0.01,99,0.9330925941467285,0.07706011831760406,0.2775970430635097,0.1129218339920044
6,390,1,0.01,100,0.9347952008247375,0.0750991702079773,0.2740422781396646,0.06250482052564621
7,390,1,0.01,1,0.9107754826545715,0.10276368260383606,0.3205677504114162,0.48523685336112976
7,390,1,0.01,2,0.9223959445953369,0.0893799364566803,0.2989647746084483,0.33526548743247986
7,390,1,0.01,3,0.9257060289382935,0.08556754887104034,0.2925193136718332,0.3257700502872467
7,390,1,0.01,4,0.9269397854804993,0.08414657413959503,0.29008028912629524,0.2768096923828125
7,390,1,0.01,5,0.9275801777839661,0.08340900391340256,0.2888061701442726,0.28311893343925476
7,390,1,0.01,6,0.9278304576873779,0.08312077075242996,0.2883067303280136,0.20243270695209503
7,390,1,0.01,7,0.9278593063354492,0.08308756351470947,0.28824913445613237,0.19490039348602295
7,390,1,0.01,8,0.9276666045188904,0.08330950140953064,0.2886338535403126,0.20476427674293518
7,390,1,0.01,9,0.9281147122383118,0.08279339224100113,0.2877384093947159,0.18365707993507385
7,390,1,0.01,10,0.9275804162025452,0.08340873569250107,0.28880570578245346,0.15495169162750244
7,390,1,0.01,11,0.9266722798347473,0.08445469290018082,0.29061089604517726,0.15375015139579773
7,390,1,0.01,12,0.9265505075454712,0.08459491282701492,0.29085204628301126,0.17051228880882263
7,390,1,0.01,13,0.92690509557724,0.08418654650449753,0.2901491797412109,0.14624932408332825
7,390,1,0.01,14,0.9274043440818787,0.08361152559518814,0.2891565762613538,0.12106426060199738
7,390,1,0.01,15,0.9279122948646545,0.08302653580904007,0.2881432557063241,0.14903008937835693
7,390,1,0.01,16,0.9282891750335693,0.0825924202799797,0.28738897035199473,0.14955411851406097
7,390,1,0.01,17,0.9285678863525391,0.08227143436670303,0.2868299746656598,0.16233575344085693
7,390,1,0.01,18,0.9291800856590271,0.08156632632017136,0.28559819033070105,0.13556843996047974
7,390,1,0.01,19,0.930688738822937,0.07982876151800156,0.28253984058536163,0.13413237035274506
7,390,1,0.01,20,0.9271432161331177,0.08391228318214417,0.2896761695102726,0.21317605674266815
7,390,1,0.01,21,0.9318268895149231,0.07851789891719818,0.2802104546893249,0.11740943044424057
7,390,1,0.01,22,0.933294951915741,0.07682706415653229,0.27717695459134456,0.12198492884635925
7,390,1,0.01,23,0.9307428598403931,0.07976639270782471,0.282429447309987,0.2036687731742859
7,390,1,0.01,24,0.9322356581687927,0.07804708182811737,0.279369078153108,0.10676191002130508
7,390,1,0.01,25,0.9344542026519775,0.07549194246530533,0.2747579707038639,0.110854372382164
7,390,1,0.01,26,0.9333581924438477,0.07675424218177795,0.27704555975827866,0.1526094377040863
7,390,1,0.01,27,0.9339410066604614,0.0760829895734787,0.2758314513855856,0.12021083384752274
7,390,1,0.01,28,0.9344455003738403,0.075501948595047,0.27477617908954005,0.12543293833732605
7,390,1,0.01,29,0.931388795375824,0.07902249693870544,0.2811094038603217,0.16723205149173737
7,390,1,0.01,30,0.9356110692024231,0.07415948808193207,0.27232239731966973,0.15130558609962463
7,390,1,0.01,31,0.9360155463218689,0.0736936405301094,0.2714657262530749,0.12146880477666855
7,390,1,0.01,32,0.9326310157775879,0.07759173214435577,0.2785529252123477,0.0984921082854271
7,390,1,0.01,33,0.934736967086792,0.07516620308160782,0.27416455475062385,0.18329733610153198
7,390,1,0.01,34,0.9362410306930542,0.07343391329050064,0.2709869245747858,0.11877397447824478
7,390,1,0.01,35,0.9365566372871399,0.07307043671607971,0.2703154392854387,0.10569527000188828
7,390,1,0.01,36,0.9347363710403442,0.07516690343618393,0.27416583199987543,0.22358088195323944
7,390,1,0.01,37,0.9372175335884094,0.07230926305055618,0.26890381747114744,0.08795224130153656
7,390,1,0.01,38,0.9380825161933899,0.07131300866603851,0.2670449562639941,0.11185561120510101
7,390,1,0.01,39,0.9366452693939209,0.07296834886074066,0.2701265423107116,0.1171269565820694
7,390,1,0.01,40,0.9373312592506409,0.07217831164598465,0.26866021597174494,0.12372563779354095
7,390,1,0.01,41,0.9379755854606628,0.07143615186214447,0.2672754232288193,0.10482531785964966
7,390,1,0.01,42,0.9388697743415833,0.07040628790855408,0.2653418321873769,0.0962427407503128
7,390,1,0.01,43,0.9413087368011475,0.06759726256132126,0.25999473564155345,0.11435787379741669
7,390,1,0.01,44,0.9381507635116577,0.07123443484306335,0.2668977984979707,0.11922504752874374
7,390,1,0.01,45,0.934457540512085,0.07548807561397552,0.27475093378180815,0.16796554625034332
7,390,1,0.01,46,0.9382894039154053,0.07107475399971008,0.2665984883672638,0.11512698233127594
7,390,1,0.01,47,0.9373377561569214,0.07217078655958176,0.26864621076721285,0.10593536496162415
7,390,1,0.01,48,0.9431132078170776,0.06551893800497055,0.2559666736217247,0.10292518138885498
7,390,1,0.01,49,0.9393114447593689,0.0698976144194603,0.26438156974240906,0.07060648500919342
7,390,1,0.01,50,0.9363793730735779,0.07327460497617722,0.2706928240204701,0.09579391032457352
7,390,1,0.01,51,0.9370609521865845,0.07248958945274353,0.26923890776175635,0.07582724094390869
7,390,1,0.01,52,0.9379035234451294,0.0715191587805748,0.2674306616313373,0.07878324389457703
7,390,1,0.01,53,0.9372106790542603,0.07231715321540833,0.268918488050577,0.1297491043806076
7,390,1,0.01,54,0.9368974566459656,0.07267791032791138,0.2695884091126905,0.08683691918849945
7,390,1,0.01,55,0.9381468892097473,0.07123886793851852,0.2669061032245582,0.07336926460266113
7,390,1,0.01,56,0.9383516311645508,0.07100310176610947,0.2664640721863071,0.08000747859477997
7,390,1,0.01,57,0.9338040947914124,0.0762406438589096,0.2761170836056864,0.1308128833770752
7,390,1,0.01,58,0.9386253952980042,0.07068777829408646,0.26587173278497744,0.10706766694784164
7,390,1,0.01,59,0.9383512735366821,0.07100346684455872,0.26646475722796575,0.08608289808034897
7,390,1,0.01,60,0.9371644258499146,0.07237044721841812,0.2690175593124325,0.06716569513082504
7,390,1,0.01,61,0.9342703223228455,0.0757037103176117,0.27514307245070097,0.11540039628744125
7,390,1,0.01,62,0.9363867044448853,0.07326612621545792,0.27067716234558453,0.10689596831798553
7,390,1,0.01,63,0.9358606338500977,0.07387203723192215,0.27179410816263505,0.09928197413682938
7,390,1,0.01,64,0.9347532391548157,0.07514748722314835,0.2741304200980773,0.09627684950828552
7,390,1,0.01,65,0.9353674650192261,0.07444008439779282,0.2728371023116043,0.1229095309972763
7,390,1,0.01,66,0.9354123473167419,0.07438837736845016,0.272742327790261,0.08085732161998749
7,390,1,0.01,67,0.9371123909950256,0.07243037968873978,0.2691289276327236,0.07952307164669037
7,390,1,0.01,68,0.9373394250869751,0.07216887921094894,0.26864266081720706,0.08657463639974594
7,390,1,0.01,69,0.9354544281959534,0.07433988898992538,0.27265342284652394,0.11722671240568161
7,390,1,0.01,70,0.9360976219177246,0.07359910756349564,0.2712915545377254,0.0788351446390152
7,390,1,0.01,71,0.9385755062103271,0.07074525207281113,0.26597979636207547,0.11095554381608963
7,390,1,0.01,72,0.936910092830658,0.07266337424516678,0.26956144799501053,0.10082566738128662
7,390,1,0.01,73,0.9372765421867371,0.07224132120609283,0.26877745665530217,0.11057480424642563
7,390,1,0.01,74,0.9345180988311768,0.07541828602552414,0.2746238992249657,0.1695132702589035
7,390,1,0.01,75,0.9380944967269897,0.07129925489425659,0.2670192032312594,0.10109604895114899
7,390,1,0.01,76,0.9385193586349487,0.07080987840890884,0.2661012559326033,0.08958157896995544
7,390,1,0.01,77,0.9376142024993896,0.07185239344835281,0.268052967617135,0.07886196672916412
7,390,1,0.01,78,0.9388100504875183,0.07047512382268906,0.2654715122620298,0.0867675244808197
7,390,1,0.01,79,0.938793957233429,0.0704936534166336,0.2655064093701574,0.0692819282412529
7,390,1,0.01,80,0.937322735786438,0.07218808680772781,0.2686784077809897,0.07382941991090775
7,390,1,0.01,81,0.9384622573852539,0.07087564468383789,0.2662248010307039,0.05437392368912697
7,390,1,0.01,82,0.9360478520393372,0.07365640997886658,0.2713971443822992,0.1164679154753685
7,390,1,0.01,83,0.9375364780426025,0.07194194197654724,0.26821995074294386,0.09307833760976791
7,390,1,0.01,84,0.9392356276512146,0.06998491287231445,0.2645466175786688,0.11588743329048157
7,390,1,0.01,85,0.9365573525428772,0.07306959480047226,0.27031388199734074,0.10345292091369629
7,390,1,0.01,86,0.9370573163032532,0.0724937692284584,0.2692466698558376,0.07244476675987244
7,390,1,0.01,87,0.9375002980232239,0.07198358327150345,0.26829756478861944,0.08259310573339462
7,390,1,0.01,88,0.9385586380958557,0.07076466828584671,0.2660162932713835,0.09565838426351547
7,390,1,0.01,89,0.9375247359275818,0.07195542752742767,0.26824508854297346,0.10339001566171646
7,390,1,0.01,90,0.9372363686561584,0.07228756695985794,0.2688634727140486,0.08100901544094086
7,390,1,0.01,91,0.9385502934455872,0.07077427208423615,0.26603434380590063,0.07045447081327438
7,390,1,0.01,92,0.939800500869751,0.06933432817459106,0.2633141245254251,0.08847550302743912
7,390,1,0.01,93,0.9383978843688965,0.07094982266426086,0.2663640791553187,0.08016062527894974
7,390,1,0.01,94,0.9371390342712402,0.07239968329668045,0.2690718924315218,0.06062527000904083
7,390,1,0.01,95,0.9375017285346985,0.07198191434144974,0.26829445454844897,0.07080460339784622
7,390,1,0.01,96,0.9385583400726318,0.07076501101255417,0.26601693745427973,0.1155199334025383
7,390,1,0.01,97,0.9370197057723999,0.0725371465086937,0.2693272108582675,0.06724300235509872
7,390,1,0.01,98,0.9320924878120422,0.07821197062730789,0.27966403170108933,0.08375808596611023
7,390,1,0.01,99,0.9338890314102173,0.07614286988973618,0.2759399751571638,0.061259157955646515
7,390,1,0.01,100,0.9379369616508484,0.07148068398237228,0.26735871779759174,0.07432609051465988
8,390,1,0.01,1,0.9142315983772278,0.09878318011760712,0.3142979161840039,0.3182123005390167
8,390,1,0.01,2,0.9184997081756592,0.09386735409498215,0.30637779634787854,0.18378238379955292
8,390,1,0.01,3,0.9194329380989075,0.09279254823923111,0.30461869318745216,0.176383838057518
8,390,1,0.01,4,0.9207277894020081,0.09130122512578964,0.3021609258752522,0.15645737946033478
8,390,1,0.01,5,0.9224513173103333,0.08931615948677063,0.29885809255693685,0.1675594598054886
8,390,1,0.01,6,0.9218146800994873,0.0900493785738945,0.3000822863380884,0.17283616960048676
8,390,1,0.01,7,0.9234843254089355,0.08812636137008667,0.29686084512796,0.24307668209075928
8,390,1,0.01,8,0.9231826663017273,0.088473841547966,0.29744552702632127,0.14491252601146698
8,390,1,0.01,9,0.9239936470985413,0.08753977715969086,0.29587121718695597,0.1424318552017212
8,390,1,0.01,10,0.9241406321525574,0.08737047761678696,0.2955849752893184,0.15557906031608582
8,390,1,0.01,11,0.9242245554924011,0.08727385848760605,0.2954214929344276,0.12293479591608047
8,390,1,0.01,12,0.9239293336868286,0.08761387318372726,0.29599640738314253,0.1515548974275589
8,390,1,0.01,13,0.9244762659072876,0.08698394894599915,0.294930413735171,0.18824151158332825
8,390,1,0.01,14,0.9252173900604248,0.08613035827875137,0.29347974083188666,0.11827805638313293
8,390,1,0.01,15,0.9260379672050476,0.08518524467945099,0.2918651138444795,0.10948405414819717
8,390,1,0.01,16,0.9258331656455994,0.0854211077094078,0.2922688962401025,0.0931893140077591
8,390,1,0.01,17,0.9228935837745667,0.08880680054426193,0.2980046988627225,0.1373797208070755
8,390,1,0.01,18,0.9259830117225647,0.08524852246046066,0.2919734961609712,0.10834328085184097
8,390,1,0.01,19,0.926238477230072,0.08495429158210754,0.2914691949110704,0.16422004997730255
8,390,1,0.01,20,0.9260026812553406,0.0852258950471878,0.2919347445015543,0.13984550535678864
8,390,1,0.01,21,0.9266366362571716,0.08449572324752808,0.29068148074400624,0.10784846544265747
8,390,1,0.01,22,0.9256612658500671,0.08561909943819046,0.2926074152139526,0.08747130632400513
8,390,1,0.01,23,0.9250253438949585,0.08635153621435165,0.29385631899680437,0.1193462684750557
8,390,1,0.01,24,0.9243922233581543,0.08708075433969498,0.29509448375002706,0.22184142470359802
8,390,1,0.01,25,0.9233765602111816,0.08825050294399261,0.29706986205940283,0.11726286262273788
8,390,1,0.01,26,0.9276585578918457,0.08331871032714844,0.2886498056939385,0.10837267339229584
8,390,1,0.01,27,0.9282475113868713,0.0826403945684433,0.2874724240139275,0.08422395586967468
8,390,1,0.01,28,0.9283573031425476,0.08251398801803589,0.2872524813087537,0.08187754452228546
8,390,1,0.01,29,0.928648054599762,0.08217908442020416,0.2866689456850954,0.1301841139793396
8,390,1,0.01,30,0.9280158281326294,0.08290723711252213,0.2879361684688503,0.0975586399435997
8,390,1,0.01,31,0.9290342330932617,0.08173428475856781,0.28589208586207454,0.17583759129047394
8,390,1,0.01,32,0.9286084771156311,0.08222467452287674,0.2867484516486126,0.10733626782894135
8,390,1,0.01,33,0.9293351173400879,0.08138775080442429,0.28528538484195837,0.1007220670580864
8,390,1,0.01,34,0.927142858505249,0.08391270041465759,0.28967688967996325,0.1406930685043335
8,390,1,0.01,35,0.9298074841499329,0.08084376156330109,0.28433037397242855,0.09154240787029266
8,390,1,0.01,36,0.9296966195106506,0.08097141981124878,0.2845547747117394,0.10290498286485672
8,390,1,0.01,37,0.9302911162376404,0.08028671145439148,0.28334909820642007,0.11633950471878052
8,390,1,0.01,38,0.9291903376579285,0.08155453205108643,0.2855775412231964,0.0838460922241211
8,390,1,0.01,39,0.931686520576477,0.07867955416440964,0.2804987596486117,0.10760581493377686
8,390,1,0.01,40,0.928534984588623,0.082309290766716,0.28689595808710167,0.16057215631008148
8,390,1,0.01,41,0.9295893311500549,0.08109501749277115,0.28477186920897074,0.09326518326997757
8,390,1,0.01,42,0.9320202469825745,0.07829517871141434,0.2798127565201671,0.1414829045534134
8,390,1,0.01,43,0.9279194474220276,0.08301828056573868,0.28812893045603505,0.12572985887527466
8,390,1,0.01,44,0.9305999279022217,0.07993107289075851,0.2827208391519071,0.10366291552782059
8,390,1,0.01,45,0.9329052567481995,0.07727591693401337,0.2779854617313887,0.10168509930372238
8,390,1,0.01,46,0.931656002998352,0.07871468365192413,0.2805613723446692,0.1104523316025734
8,390,1,0.01,47,0.932590901851654,0.0776379406452179,0.2786358567112601,0.0832020565867424
8,390,1,0.01,48,0.9328572750091553,0.07733117043972015,0.2780848259789091,0.09999930113554001
8,390,1,0.01,49,0.9314881563186646,0.07890801131725311,0.2809056982641205,0.15106238424777985
8,390,1,0.01,50,0.9321556091308594,0.0781392753124237,0.27953403247623304,0.08226586133241653
8,390,1,0.01,51,0.9347801208496094,0.07511655986309052,0.2740740043548284,0.07665759325027466
8,390,1,0.01,52,0.9339091181755066,0.07611970603466034,0.27589799933065906,0.08737301826477051
8,390,1,0.01,53,0.9324450492858887,0.07780596613883972,0.2789372082366204,0.1102234274148941
8,390,1,0.01,54,0.9336209297180176,0.0764516144990921,0.2764988508097133,0.13851051032543182
8,390,1,0.01,55,0.9356112480163574,0.07415925711393356,0.2723219732484574,0.12051501870155334
8,390,1,0.01,56,0.9353945255279541,0.07440890371799469,0.2727799547583999,0.12229420989751816
8,390,1,0.01,57,0.935492217540741,0.07429637014865875,0.2725736050109378,0.08151654154062271
8,390,1,0.01,58,0.9352704882621765,0.07455173134803772,0.2730416293315686,0.10215796530246735
8,390,1,0.01,59,0.9350612759590149,0.07479271292686462,0.2734825642099778,0.14054320752620697
8,390,1,0.01,60,0.9370523691177368,0.07249948382377625,0.26925728183983483,0.0936119332909584
8,390,1,0.01,61,0.937667965888977,0.07179049402475357,0.26793748156007136,0.06752282381057739
8,390,1,0.01,62,0.9386883974075317,0.07061520218849182,0.26573521066748346,0.057495977729558945
8,390,1,0.01,63,0.9382886290550232,0.07107566297054291,0.2666001931179775,0.07978721708059311
8,390,1,0.01,64,0.9400738477706909,0.06901955604553223,0.26271573239060547,0.12736696004867554
8,390,1,0.01,65,0.9368308782577515,0.0727546289563179,0.2697306600227677,0.10024639964103699
8,390,1,0.01,66,0.9390451908111572,0.07020426541566849,0.2649608752545713,0.09910794347524643
8,390,1,0.01,67,0.942842423915863,0.06583086401224136,0.25657525993797875,0.11058544367551804
8,390,1,0.01,68,0.9437045454978943,0.06483788043260574,0.25463283455321656,0.06701047718524933
8,390,1,0.01,69,0.9443087577819824,0.06414198130369186,0.2532626725431363,0.07070405781269073
8,390,1,0.01,70,0.942989706993103,0.06566118448972702,0.2562443843086654,0.08663016557693481
8,390,1,0.01,71,0.9461669921875,0.062001802027225494,0.24900161049122854,0.08661860227584839
8,390,1,0.01,72,0.944713830947876,0.06367543339729309,0.25233991637728087,0.10661488771438599
8,390,1,0.01,73,0.9464216828346252,0.06170842424035072,0.24841180374601912,0.07513394951820374
8,390,1,0.01,74,0.9485515356063843,0.05925538390874863,0.2434242878365851,0.0965006947517395
8,390,1,0.01,75,0.9517039656639099,0.05562461167573929,0.2358487050541921,0.16208626329898834
8,390,1,0.01,76,0.9508024454116821,0.05666295439004898,0.23803981681653383,0.09761972725391388
8,390,1,0.01,77,0.954937756061554,0.05190014839172363,0.22781604068134367,0.0863729789853096
8,390,1,0.01,78,0.9560992121696472,0.05056244134902954,0.22486093780163227,0.069254070520401
8,390,1,0.01,79,0.9577900767326355,0.04861501231789589,0.22048812284995284,0.1008276492357254
8,390,1,0.01,80,0.9579350352287292,0.04844800755381584,0.22010908103441768,0.08734846860170364
8,390,1,0.01,81,0.9563366770744324,0.05028894543647766,0.22425196863456442,0.07515218108892441
8,390,1,0.01,82,0.958526611328125,0.04776666313409805,0.2185558581555252,0.06913883239030838
8,390,1,0.01,83,0.9597152471542358,0.046397678554058075,0.2154012036968644,0.08337719738483429
8,390,1,0.01,84,0.9623396992683411,0.04337497428059578,0.20826659425024402,0.08551213890314102
8,390,1,0.01,85,0.9626683592796326,0.04299646243453026,0.20735588353005627,0.07153069227933884
8,390,1,0.01,86,0.9652247428894043,0.04005218669772148,0.20013042421811203,0.07657216489315033
8,390,1,0.01,87,0.9674582481384277,0.03747972846031189,0.1935968193445127,0.0781976729631424
8,390,1,0.01,88,0.9676767587661743,0.03722809627652168,0.19294583767607346,0.06287739425897598
8,390,1,0.01,89,0.9675202369689941,0.03740830346941948,0.1934122629757986,0.09450315684080124
8,390,1,0.01,90,0.9598889946937561,0.04619754105806351,0.21493613250931892,0.1303914338350296
8,390,1,0.01,91,0.9674577713012695,0.037480298429727554,0.19359829139155013,0.0954192578792572
8,390,1,0.01,92,0.9718021750450134,0.032476622611284256,0.1802127148990444,0.07314404845237732
8,390,1,0.01,93,0.9691920876502991,0.03548281639814377,0.1883688307500574,0.08701620250940323
8,390,1,0.01,94,0.9728612899780273,0.03125679865479469,0.1767959237505059,0.06340890377759933
8,390,1,0.01,95,0.9717161059379578,0.03257578983902931,0.18048764456058844,0.06760341674089432
8,390,1,0.01,96,0.9698917269706726,0.03467701002955437,0.18621764156372073,0.08723291754722595
8,390,1,0.01,97,0.974712610244751,0.029124552384018898,0.17065917023125038,0.06603340059518814
8,390,1,0.01,98,0.9767749309539795,0.026749305427074432,0.1635521489527864,0.06808654963970184
8,390,1,0.01,99,0.964453399181366,0.04094057157635689,0.2023377660654503,0.07888644933700562
8,390,1,0.01,100,0.9710455536842346,0.03334810584783554,0.1826146375508698,0.07777485996484756
9,390,1,0.01,1,0.9050655364990234,0.10934010148048401,0.33066614807156175,0.3127237856388092
9,390,1,0.01,2,0.9143379330635071,0.0986606702208519,0.31410296117810144,0.2280270904302597
9,390,1,0.01,3,0.9190611839294434,0.09322071820497513,0.3053206809323193,0.18283358216285706
9,390,1,0.01,4,0.9198191165924072,0.09234777092933655,0.30388776041383525,0.19483646750450134
9,390,1,0.01,5,0.923179030418396,0.0884779766201973,0.29745247791907414,0.21224874258041382
9,390,1,0.01,6,0.9214500784873962,0.09046932309865952,0.30078118807308996,0.24261564016342163
9,390,1,0.01,7,0.9236906170845032,0.08788878470659256,0.29646042688121554,0.15898996591567993
9,390,1,0.01,8,0.9246318936347961,0.08680467307567596,0.2946263278725714,0.159302219748497
9,390,1,0.01,9,0.925347089767456,0.08598098903894424,0.2932251507612269,0.15251925587654114
9,390,1,0.01,10,0.9270530343055725,0.08401616662740707,0.2898554236639485,0.1300998479127884
9,390,1,0.01,11,0.9267509579658508,0.08436407893896103,0.29045495165164775,0.141647607088089
9,390,1,0.01,12,0.9265499711036682,0.08459554612636566,0.2908531349777163,0.13511386513710022
9,390,1,0.01,13,0.9273719787597656,0.08364880830049515,0.2892210370987822,0.13872307538986206
9,390,1,0.01,14,0.9275782108306885,0.083411306142807,0.2888101558858466,0.16615402698516846
9,390,1,0.01,15,0.9262049198150635,0.08499296754598618,0.2915355339336633,0.15937919914722443
9,390,1,0.01,16,0.9254708886146545,0.08583837002515793,0.29298185954962797,0.17014634609222412
9,390,1,0.01,17,0.9267320036888123,0.08438587933778763,0.2904924772481856,0.12632741034030914
9,390,1,0.01,18,0.926930844783783,0.08415686339139938,0.2900980237633469,0.11527238041162491
9,390,1,0.01,19,0.9290595054626465,0.08170522004365921,0.285841249723792,0.1591949313879013
9,390,1,0.01,20,0.9279888272285461,0.08293833583593369,0.2879901662139416,0.15594357252120972
9,390,1,0.01,21,0.9278874397277832,0.08305510878562927,0.28819283264097545,0.18206360936164856
9,390,1,0.01,22,0.928130567073822,0.08277509361505508,0.28770661030823586,0.12468024343252182
9,390,1,0.01,23,0.9277585744857788,0.08320353925228119,0.2884502370466719,0.1647816002368927
9,390,1,0.01,24,0.9259439706802368,0.08529351651668549,0.29205053760725297,0.11139915138483047
9,390,1,0.01,25,0.9282627105712891,0.08262289315462112,0.2874419822409752,0.10598482936620712
9,390,1,0.01,26,0.9287202954292297,0.0820959061384201,0.28652383171111634,0.09569467604160309
9,390,1,0.01,27,0.9296048283576965,0.08107715845108032,0.2847405107305252,0.12089955061674118
9,390,1,0.01,28,0.9280351996421814,0.08288494497537613,0.287897455659782,0.12540999054908752
9,390,1,0.01,29,0.927069365978241,0.08399733901023865,0.2898229442439619,0.1385485976934433
9,390,1,0.01,30,0.9297395348548889,0.08092202246189117,0.28446796385865875,0.1087726578116417
9,390,1,0.01,31,0.9239358305931091,0.08760639280080795,0.29598377117809677,0.15309350192546844
9,390,1,0.01,32,0.9251617193222046,0.0861944705247879,0.29358894823338955,0.18004882335662842
9,390,1,0.01,33,0.928604781627655,0.08222895115613937,0.286755908668225,0.14046846330165863
9,390,1,0.01,34,0.926050066947937,0.08517130464315414,0.29184123191069855,0.12583626806735992
9,390,1,0.01,35,0.9270890951156616,0.08397459983825684,0.2897837121686739,0.12716330587863922
9,390,1,0.01,36,0.9274835586547852,0.08352030813694,0.2889988030026076,0.09630149602890015
9,390,1,0.01,37,0.9264849424362183,0.08467044681310654,0.29098186681150173,0.09068233519792557
9,390,1,0.01,38,0.9273755550384521,0.08364468812942505,0.2892139141352384,0.10740777850151062
9,390,1,0.01,39,0.9290436506271362,0.08172347396612167,0.28587317811596397,0.25434064865112305
9,390,1,0.01,40,0.9243707060813904,0.08710552752017975,0.29513645576271963,0.1741981953382492
9,390,1,0.01,41,0.9278662800788879,0.08307947963476181,0.28823511173131183,0.11103319376707077
9,390,1,0.01,42,0.9280864596366882,0.08282589167356491,0.2877948777750655,0.1326541155576706
9,390,1,0.01,43,0.9297012090682983,0.08096612244844437,0.28454546639938644,0.13416914641857147
9,390,1,0.01,44,0.9287411570549011,0.08207186311483383,0.286481872227256,0.11155568808317184
9,390,1,0.01,45,0.9353640079498291,0.07444402575492859,0.2728443251286869,0.12776638567447662
9,390,1,0.01,46,0.9345269799232483,0.07540810853242874,0.27460536872470054,0.08757073432207108
9,390,1,0.01,47,0.9289661049842834,0.0818127691745758,0.2860293152363509,0.13461561501026154
9,390,1,0.01,48,0.9298481941223145,0.08079686760902405,0.2842478981611369,0.13453584909439087
9,390,1,0.01,49,0.9288925528526306,0.08189751207828522,0.28617741364105803,0.10383755713701248
9,390,1,0.01,50,0.9236384034156799,0.08794894814491272,0.29656187911616816,0.12260449677705765
9,390,1,0.01,51,0.9262773394584656,0.08490954339504242,0.29139242164998463,0.11086751520633698
9,390,1,0.01,52,0.934308648109436,0.07565955072641373,0.27506281232913643,0.09561119973659515
9,390,1,0.01,53,0.9382790327072144,0.07108671963214874,0.26662092872118787,0.15309776365756989
9,390,1,0.01,54,0.9266065359115601,0.08453043550252914,0.2907411830176956,0.11292628198862076
9,390,1,0.01,55,0.9276517033576965,0.08332663774490356,0.2886635372625084,0.24607932567596436
9,390,1,0.01,56,0.9258889555931091,0.08535686135292053,0.29215896589514506,0.10309163480997086
9,390,1,0.01,57,0.9272938966751099,0.08373875170946121,0.2893764878310973,0.09230219572782516
9,390,1,0.01,58,0.9276849627494812,0.08328830450773239,0.2885971318425261,0.10539405047893524
9,390,1,0.01,59,0.9259053468704224,0.08533800393342972,0.29212669157992005,0.0965346097946167
9,390,1,0.01,60,0.9269009232521057,0.08419137448072433,0.2901574994390535,0.12578056752681732
9,390,1,0.01,61,0.9279265403747559,0.08301011472940445,0.2881147596521297,0.08958762884140015
9,390,1,0.01,62,0.9262338876724243,0.08495956659317017,0.2914782437733049,0.09116662293672562
9,390,1,0.01,63,0.9288859367370605,0.08190513402223587,0.2861907301472846,0.09639127552509308
9,390,1,0.01,64,0.9295758008956909,0.08111059665679932,0.2847992216576431,0.16250725090503693
9,390,1,0.01,65,0.9272632598876953,0.08377403765916824,0.2894374503397379,0.0884137824177742
9,390,1,0.01,66,0.9289793372154236,0.08179755508899689,0.28600271867413585,0.07537315040826797
9,390,1,0.01,67,0.9288976788520813,0.08189160376787186,0.28616709064438534,0.12468855828046799
9,390,1,0.01,68,0.9290544986724854,0.08171101659536362,0.28585138900373325,0.11923383921384811
9,390,1,0.01,69,0.9291965365409851,0.08154740929603577,0.28556507016096305,0.11479683220386505
9,390,1,0.01,70,0.9300170540809631,0.08060234040021896,0.28390551315573104,0.07490157335996628
9,390,1,0.01,71,0.9328522682189941,0.07733689248561859,0.27809511409878923,0.1472126543521881
9,390,1,0.01,72,0.929253101348877,0.08148226886987686,0.28545099206322067,0.11326926946640015
9,390,1,0.01,73,0.9320133328437805,0.07830314338207245,0.2798269883018299,0.10411162674427032
9,390,1,0.01,74,0.9302340745925903,0.08035243302583694,0.2834650472736223,0.09854041785001755
9,390,1,0.01,75,0.9294233322143555,0.08128616213798523,0.2851072818045608,0.09355299919843674
9,390,1,0.01,76,0.9298899173736572,0.0807487741112709,0.2841632877612288,0.07917129248380661
9,390,1,0.01,77,0.9304134845733643,0.08014578372240067,0.2831003068214527,0.06621397286653519
9,390,1,0.01,78,0.9310571551322937,0.07940445840358734,0.2817879671021943,0.09159255027770996
9,390,1,0.01,79,0.9318080544471741,0.07853958010673523,0.28024913935057005,0.09452200680971146
9,390,1,0.01,80,0.9298926591873169,0.08074565976858139,0.28415780786137373,0.07744036614894867
9,390,1,0.01,81,0.9312900304794312,0.0791362076997757,0.2813115847237289,0.09288406372070312
9,390,1,0.01,82,0.9296813607215881,0.08098902553319931,0.2845857085891688,0.12264508754014969
9,390,1,0.01,83,0.9311996698379517,0.07924029976129532,0.2814965359667776,0.12576787173748016
9,390,1,0.01,84,0.9295154213905334,0.08118011802434921,0.28492124881157815,0.1117166206240654
9,390,1,0.01,85,0.9314181208610535,0.0789886862039566,0.28104925939051434,0.11234208196401596
9,390,1,0.01,86,0.9351751208305359,0.07466158270835876,0.27324271757607516,0.10313908010721207
9,390,1,0.01,87,0.9346297979354858,0.07528968155384064,0.2743896527820257,0.12347793579101562
9,390,1,0.01,88,0.9380608797073364,0.0713379755616188,0.2670916987882978,0.11932770907878876
9,390,1,0.01,89,0.9464077353477478,0.06172453239560127,0.24844422391273513,0.09163253009319305
9,390,1,0.01,90,0.9440547823905945,0.06443452090024948,0.2538395573984667,0.07830347865819931
9,390,1,0.01,91,0.9528723359107971,0.054278966039419174,0.23297846690073995,0.1295730024576187
9,390,1,0.01,92,0.9454973936080933,0.06277301907539368,0.2505454431343617,0.07633645087480545
9,390,1,0.01,93,0.9572195410728455,0.049272119998931885,0.2219732416282014,0.0772036612033844
9,390,1,0.01,94,0.9559205174446106,0.050768207758665085,0.22531801472289134,0.0841871127486229
9,390,1,0.01,95,0.942551851272583,0.0661655142903328,0.2572265816169332,0.07747582346200943
9,390,1,0.01,96,0.9554165601730347,0.05134866014122963,0.22660242748309126,0.10086631029844284
9,390,1,0.01,97,0.9244868755340576,0.08697172999382019,0.29490969803283884,0.0873996689915657
9,390,1,0.01,98,0.9224485158920288,0.08931940793991089,0.29886352728278986,0.09239379316568375
9,390,1,0.01,99,0.9260757565498352,0.08514172583818436,0.29179055131752357,0.10041780024766922
9,390,1,0.01,100,0.9270815253257751,0.08398335427045822,0.28979881688933484,0.0862961858510971
10,390,1,0.01,1,0.9037454724311829,0.11086048930883408,0.3329571884024042,0.3637406527996063
10,390,1,0.01,2,0.9126871228218079,0.1005619615316391,0.31711506039864945,0.2578241229057312
10,390,1,0.01,3,0.9150118231773376,0.09788450598716736,0.31286499642364496,0.22807049751281738
10,390,1,0.01,4,0.9166070222854614,0.09604726731777191,0.30991493561584266,0.20052824914455414
10,390,1,0.01,5,0.9173198938369751,0.0952262133359909,0.308587448442076,0.1829466074705124
10,390,1,0.01,6,0.9184152483940125,0.09396465122699738,0.3065365414220585,0.15675291419029236
10,390,1,0.01,7,0.9193974137306213,0.09283345192670822,0.30468582495204505,0.16424304246902466
10,390,1,0.01,8,0.9192935824394226,0.09295305609703064,0.3048820363632968,0.1543348878622055
10,390,1,0.01,9,0.9187713861465454,0.09355447441339493,0.3058667592488516,0.2203121781349182
10,390,1,0.01,10,0.9218723773956299,0.08998297899961472,0.29997163032462704,0.18101851642131805
10,390,1,0.01,11,0.919931173324585,0.09221870452165604,0.3036753274825863,0.1147967055439949
10,390,1,0.01,12,0.9212988615036011,0.09064345061779022,0.3010705077183586,0.13356436789035797
10,390,1,0.01,13,0.920542299747467,0.09151486307382584,0.30251423615067413,0.18448831140995026
10,390,1,0.01,14,0.922244668006897,0.08955417573451996,0.299256037089513,0.1352563351392746
10,390,1,0.01,15,0.9218097925186157,0.09005501866340637,0.3000916837624901,0.14686398208141327
10,390,1,0.01,16,0.923159122467041,0.08850092440843582,0.29749104929129516,0.11489389836788177
10,390,1,0.01,17,0.9231570363044739,0.08850332349538803,0.297495081464195,0.17843320965766907
10,390,1,0.01,18,0.9232455492019653,0.0884014293551445,0.2973237786574503,0.14308711886405945
10,390,1,0.01,19,0.9250078201293945,0.08637168258428574,0.2938905962842053,0.12601041793823242
10,390,1,0.01,20,0.9262571334838867,0.08493281900882721,0.29143235751856245,0.09265065938234329
10,390,1,0.01,21,0.923612117767334,0.08797917515039444,0.29661283713014586,0.18948230147361755
10,390,1,0.01,22,0.9248998761177063,0.08649604022502899,0.2941020915006029,0.12399867177009583
10,390,1,0.01,23,0.9250514507293701,0.08632145822048187,0.29380513647736295,0.12741594016551971
10,390,1,0.01,24,0.9263913631439209,0.08477827161550522,0.2911670853917132,0.08375122398138046
10,390,1,0.01,25,0.9268686771392822,0.08422847837209702,0.2902214298980987,0.09418913722038269
10,390,1,0.01,26,0.9252314567565918,0.08611414581537247,0.29345211843735675,0.10802549123764038
10,390,1,0.01,27,0.9243560433387756,0.0871223732829094,0.29516499332222546,0.16143016517162323
10,390,1,0.01,28,0.925270676612854,0.0860690027475357,0.2933751910907528,0.1157810240983963
10,390,1,0.01,29,0.9294047951698303,0.08130750805139542,0.28514471422664567,0.14817307889461517
10,390,1,0.01,30,0.9264621138572693,0.08469676226377487,0.2910270816672821,0.10013561695814133
10,390,1,0.01,31,0.9249125123023987,0.08648151159286499,0.29407739048227594,0.13565418124198914
10,390,1,0.01,32,0.926938533782959,0.08414805680513382,0.2900828447273879,0.11721646040678024
10,390,1,0.01,33,0.9261006116867065,0.08511313050985336,0.29174154745228414,0.08566925674676895
10,390,1,0.01,34,0.9282945394515991,0.08258625119924545,0.28737823717053707,0.08589155226945877
10,390,1,0.01,35,0.9285677075386047,0.08227162063121796,0.28683029936047194,0.14968101680278778
10,390,1,0.01,36,0.9279101490974426,0.08302897214889526,0.2881474833291023,0.09666679054498672
10,390,1,0.01,37,0.9271975159645081,0.08384975790977478,0.28956822669238896,0.1186802014708519
10,390,1,0.01,38,0.9282603859901428,0.08262559771537781,0.2874466867357803,0.1098150983452797
10,390,1,0.01,39,0.9253770112991333,0.0859464779496193,0.29316629743137135,0.12282705307006836
10,390,1,0.01,40,0.9291110038757324,0.0816458985209465,0.28573746432861497,0.10734503716230392
10,390,1,0.01,41,0.9276442527770996,0.08333520591259003,0.2886783779790063,0.09938559681177139
10,390,1,0.01,42,0.9301255345344543,0.08047743886709213,0.2836854576235661,0.12603318691253662
10,390,1,0.01,43,0.9303975105285645,0.08016420900821686,0.28313284692563817,0.1395592987537384
10,390,1,0.01,44,0.9291033744812012,0.08165466040372849,0.2857527959683483,0.1324363797903061
10,390,1,0.01,45,0.929580569267273,0.08110511302947998,0.28478959431390743,0.08090975135564804
10,390,1,0.01,46,0.9302650690078735,0.08031672239303589,0.28340205079186687,0.07551591843366623
10,390,1,0.01,47,0.9308910369873047,0.07959579676389694,0.28212727050729597,0.10621560364961624
10,390,1,0.01,48,0.9325065612792969,0.07773511111736298,0.2788101703980021,0.09943770617246628
10,390,1,0.01,49,0.9287965893745422,0.08200803399085999,0.28637044887847624,0.1282843053340912
10,390,1,0.01,50,0.9309579730033875,0.07951869070529938,0.2819905861997868,0.08203914761543274
10,390,1,0.01,51,0.9293161630630493,0.08140964806079865,0.28532376007055327,0.10712383687496185
10,390,1,0.01,52,0.9301998615264893,0.08039180189371109,0.28353448096080147,0.10897637158632278
10,390,1,0.01,53,0.924798846244812,0.08661242574453354,0.29429989083337005,0.16009026765823364
10,390,1,0.01,54,0.9283542633056641,0.08251751214265823,0.2872586154367841,0.08407846838235855
10,390,1,0.01,55,0.9268368482589722,0.08426516503095627,0.2902846276173719,0.10199134796857834
10,390,1,0.01,56,0.9300305843353271,0.08058679103851318,0.283878127087159,0.1132354661822319
10,390,1,0.01,57,0.9327387809753418,0.0774676576256752,0.278330123460748,0.10399066656827927
10,390,1,0.01,58,0.931045651435852,0.07941772043704987,0.2818114980568569,0.14876282215118408
10,390,1,0.01,59,0.9301055669784546,0.08050038665533066,0.2837259005718911,0.10368957370519638
10,390,1,0.01,60,0.933866024017334,0.07616937905550003,0.27598800527468587,0.10423292964696884
10,390,1,0.01,61,0.9345913529396057,0.07533396035432816,0.2744703269104479,0.09404867887496948
10,390,1,0.01,62,0.9335196018218994,0.0765683501958847,0.2767098664592296,0.10900644212961197
10,390,1,0.01,63,0.9325013756752014,0.07774106413125992,0.2788208459410091,0.0853099375963211
10,390,1,0.01,64,0.934486985206604,0.07545416057109833,0.27468920723446405,0.11695966869592667
10,390,1,0.01,65,0.9351980090141296,0.07463525980710983,0.27319454571259255,0.11163284629583359
10,390,1,0.01,66,0.9331238865852356,0.07702410966157913,0.2775321777048188,0.09946203976869583
10,390,1,0.01,67,0.9341762661933899,0.07581199705600739,0.2753397847315338,0.09985402971506119
10,390,1,0.01,68,0.9362441897392273,0.07343029975891113,0.2709802571386173,0.071092389523983
10,390,1,0.01,69,0.9335358142852783,0.07654965668916702,0.27667608622569284,0.13102197647094727
10,390,1,0.01,70,0.9365888833999634,0.07303334772586823,0.27024682741129125,0.0900598019361496
10,390,1,0.01,71,0.9384088516235352,0.07093720138072968,0.2663403863118203,0.12624643743038177
10,390,1,0.01,72,0.9399092793464661,0.06920906901359558,0.26307616580297727,0.09563680738210678
10,390,1,0.01,73,0.9380475282669067,0.07135331630706787,0.2671204153693009,0.12610848248004913
10,390,1,0.01,74,0.9459447264671326,0.062257785350084305,0.24951510044501177,0.07344730943441391
10,390,1,0.01,75,0.9442434310913086,0.0642172321677208,0.2534111918754197,0.08125947415828705
10,390,1,0.01,76,0.9487409591674805,0.059037212282419205,0.24297574422649518,0.08531470596790314
10,390,1,0.01,77,0.9495517611503601,0.05810338258743286,0.24104643243041965,0.10036121308803558
10,390,1,0.01,78,0.9481119513511658,0.05976167321205139,0.24446200770682425,0.10971536487340927
10,390,1,0.01,79,0.9562967419624329,0.05033492296934128,0.2243544583228541,0.11673007160425186
10,390,1,0.01,80,0.9444665312767029,0.0639602541923523,0.2529036460637772,0.09061238169670105
10,390,1,0.01,81,0.9453872442245483,0.06289985030889511,0.25079842565075067,0.07769424468278885
10,390,1,0.01,82,0.948634922504425,0.059159357100725174,0.2432269662285109,0.10256897658109665
10,390,1,0.01,83,0.9466174244880676,0.061483029276132584,0.2479577167101935,0.07678356766700745
10,390,1,0.01,84,0.9522261619567871,0.05502316728234291,0.23457017560283086,0.1185515746474266
10,390,1,0.01,85,0.948644757270813,0.05914805084466934,0.24320372292518333,0.08004964143037796
10,390,1,0.01,86,0.9511429667472839,0.05627072602510452,0.2372145147858885,0.08283095806837082
10,390,1,0.01,87,0.9579347968101501,0.04844829812645912,0.2201097410985237,0.09846232831478119
10,390,1,0.01,88,0.9442907571792603,0.0641627088189125,0.25330359022112675,0.09072043001651764
10,390,1,0.01,89,0.9491803646087646,0.05853116139769554,0.2419321421343091,0.11101748049259186
10,390,1,0.01,90,0.9591841697692871,0.04700931906700134,0.21681632564685102,0.09849497675895691
10,390,1,0.01,91,0.9418787956237793,0.06694068014621735,0.2587289704424639,0.10131079703569412
10,390,1,0.01,92,0.9401145577430725,0.06897260993719101,0.2626263694627617,0.09422481805086136
10,390,1,0.01,93,0.9457709789276123,0.06245790421962738,0.2499157942580408,0.09224516898393631
10,390,1,0.01,94,0.9484164714813232,0.059410952031612396,0.2437436194685153,0.08940789103507996
10,390,1,0.01,95,0.9532206654548645,0.05387776345014572,0.23211584058427748,0.13350969552993774
10,390,1,0.01,96,0.9429882168769836,0.0656629204750061,0.25624777164885965,0.09513704478740692
10,390,1,0.01,97,0.9528231620788574,0.0543355830013752,0.2330999420878847,0.10449136048555374
10,390,1,0.01,98,0.9590581655502319,0.047154467552900314,0.21715079450211625,0.08789803087711334
10,390,1,0.01,99,0.9351492524147034,0.07469137012958527,0.2732972193959998,0.11827705055475235
10,390,1,0.01,100,0.9353767037391663,0.07442943751811981,0.27281759019190793,0.08738325536251068
11,390,1,0.01,1,0.9019803404808044,0.11289343237876892,0.33599617911334784,0.4357367753982544
11,390,1,0.01,2,0.9145335555076599,0.09843534976243973,0.31374408323096664,0.26833653450012207
11,390,1,0.01,3,0.9176971912384033,0.09479168802499771,0.3078825880510259,0.21235458552837372
11,390,1,0.01,4,0.9192099571228027,0.09304939955472946,0.3050399966475371,0.20545949041843414
11,390,1,0.01,5,0.9204621315002441,0.09160714596509933,0.3026667242448356,0.21734580397605896
11,390,1,0.01,6,0.9201647043228149,0.0919497162103653,0.3032321160602308,0.19008797407150269
11,390,1,0.01,7,0.9201789498329163,0.09193330258131027,0.3032050503888586,0.19197648763656616
11,390,1,0.01,8,0.9180380702018738,0.09439907968044281,0.3072443322185827,0.2197927087545395
11,390,1,0.01,9,0.9200820922851562,0.09204486757516861,0.3033889707539953,0.18120047450065613
11,390,1,0.01,10,0.9182009696960449,0.09421144425868988,0.3069388282030963,0.19801537692546844
11,390,1,0.01,11,0.9192224144935608,0.09303499758243561,0.3050163890390738,0.1594746708869934
11,390,1,0.01,12,0.9165920615196228,0.0960644781589508,0.30994270141261726,0.1904609054327011
11,390,1,0.01,13,0.9199972152709961,0.09214265644550323,0.30355008885767637,0.14507471024990082
11,390,1,0.01,14,0.9196640849113464,0.09252630919218063,0.30418137548538476,0.15062110126018524
11,390,1,0.01,15,0.9171735048294067,0.09539485722780228,0.30886057894752816,0.3372476100921631
11,390,1,0.01,16,0.9189750552177429,0.09331988543272018,0.3054830362437826,0.21284249424934387
11,390,1,0.01,17,0.9196187257766724,0.09257854521274567,0.3042672266491179,0.156507208943367
11,390,1,0.01,18,0.9191239476203918,0.09314844757318497,0.30520230597619175,0.15203456580638885
11,390,1,0.01,19,0.9205924868583679,0.0914570540189743,0.3024186733966246,0.18329866230487823
11,390,1,0.01,20,0.9224255084991455,0.08934590965509415,0.29890786148091547,0.13766928017139435
11,390,1,0.01,21,0.920984148979187,0.09100597351789474,0.30167196342698926,0.17900212109088898
11,390,1,0.01,22,0.9214662313461304,0.09045068919658661,0.30075021063431795,0.15500670671463013
11,390,1,0.01,23,0.9181075692176819,0.09431901574134827,0.3071140109818311,0.14843158423900604
11,390,1,0.01,24,0.9240167737007141,0.08751315623521805,0.2958262264154719,0.13577735424041748
11,390,1,0.01,25,0.9200586080551147,0.09207191318273544,0.3034335399766075,0.15014605224132538
11,390,1,0.01,26,0.9229106903076172,0.08878710120916367,0.2979716449750943,0.11376935243606567
11,390,1,0.01,27,0.9245415329933167,0.08690878748893738,0.294802963840151,0.1503368467092514
11,390,1,0.01,28,0.9240643978118896,0.08745826035737991,0.2957334278660089,0.11739116162061691
11,390,1,0.01,29,0.9227377772331238,0.08898619562387466,0.29830554071936827,0.1244085505604744
11,390,1,0.01,30,0.9246922731399536,0.08673517405986786,0.29450835991507585,0.11875470727682114
11,390,1,0.01,31,0.9240677952766418,0.0874544084072113,0.2957269152566457,0.156158909201622
11,390,1,0.01,32,0.9228254556655884,0.08888522535562515,0.29813625300460384,0.11937109380960464
11,390,1,0.01,33,0.9196270108222961,0.0925690233707428,0.30425157907682715,0.14626644551753998
11,390,1,0.01,34,0.9253771901130676,0.08594632148742676,0.2931660305823762,0.1670931577682495
11,390,1,0.01,35,0.9260210394859314,0.08520475029945374,0.2918985274019959,0.12037216871976852
11,390,1,0.01,36,0.9252090454101562,0.08613995462656021,0.2934960896273751,0.08915038406848907
11,390,1,0.01,37,0.9245631098747253,0.08688390254974365,0.2947607547651886,0.11049237847328186
11,390,1,0.01,38,0.926325798034668,0.08485375344753265,0.2912966759980839,0.11177389323711395
11,390,1,0.01,39,0.9229223728179932,0.08877363055944443,0.29794904020561036,0.18114599585533142
11,390,1,0.01,40,0.9235692620277405,0.08802857249975204,0.29669609451381734,0.1262659728527069
11,390,1,0.01,41,0.9247111678123474,0.08671336621046066,0.2944713334273146,0.10716525465250015
11,390,1,0.01,42,0.9271481037139893,0.08390668779611588,0.2896665113473007,0.10995186865329742
11,390,1,0.01,43,0.9266940355300903,0.08442962914705276,0.29056777031710307,0.11177165806293488
11,390,1,0.01,44,0.9230358004570007,0.08864297717809677,0.2977297048970706,0.16590967774391174
11,390,1,0.01,45,0.9230430722236633,0.08863458037376404,0.2977156031748488,0.1271553933620453
11,390,1,0.01,46,0.9255589246749878,0.08573699742555618,0.29280880694671085,0.11173216253519058
11,390,1,0.01,47,0.9258260726928711,0.08542933315038681,0.2922829676022652,0.09991124272346497
11,390,1,0.01,48,0.9267368316650391,0.08438030630350113,0.2904828846997722,0.13072539865970612
11,390,1,0.01,49,0.9262603521347046,0.08492910116910934,0.29142597888504956,0.091545470058918
11,390,1,0.01,50,0.9276859760284424,0.08328714221715927,0.2885951181450568,0.10904792696237564
11,390,1,0.01,51,0.9270665645599365,0.08400058001279831,0.28982853553920174,0.10236955434083939
11,390,1,0.01,52,0.9287348985671997,0.08207909762859344,0.2864944984263981,0.07972632348537445
11,390,1,0.01,53,0.9288530349731445,0.08194299042224884,0.28625686091733915,0.08007998019456863
11,390,1,0.01,54,0.9298154711723328,0.0808345153927803,0.28431411395282563,0.12976406514644623
11,390,1,0.01,55,0.927975594997406,0.08295360952615738,0.2880166827219517,0.13163647055625916
11,390,1,0.01,56,0.9287735223770142,0.08203458040952682,0.2864167949152543,0.10948629677295685
11,390,1,0.01,57,0.9271256923675537,0.08393248170614243,0.2897110313849689,0.20940056443214417
11,390,1,0.01,58,0.9276414513587952,0.08333846926689148,0.288684030155621,0.08353044837713242
11,390,1,0.01,59,0.9288637638092041,0.08193066716194153,0.28623533527840606,0.1281306892633438
11,390,1,0.01,60,0.9315550327301025,0.07883103936910629,0.28076865809613843,0.08689811825752258
11,390,1,0.01,61,0.9286396503448486,0.08218874782323837,0.2866857998283807,0.08038955181837082
11,390,1,0.01,62,0.9271697402000427,0.08388172835111618,0.28962342507317357,0.09332836419343948
11,390,1,0.01,63,0.9291059970855713,0.08165164291858673,0.2857475160322251,0.09267903864383698
11,390,1,0.01,64,0.9305052757263184,0.08004005998373032,0.28291352032684886,0.11779633909463882
11,390,1,0.01,65,0.928918719291687,0.08186739683151245,0.2861247924097324,0.07229037582874298
11,390,1,0.01,66,0.9318711757659912,0.07846689224243164,0.2801194249644812,0.07424035668373108
11,390,1,0.01,67,0.9274224042892456,0.08359070122241974,0.28912056520147394,0.08268147706985474
11,390,1,0.01,68,0.9265914559364319,0.08454779535531998,0.2907710359635567,0.09079594165086746
11,390,1,0.01,69,0.9287684559822083,0.08204043656587601,0.28642701786995584,0.10405988246202469
11,390,1,0.01,70,0.9257768392562866,0.0854860171675682,0.29237991922765183,0.08846662193536758
11,390,1,0.01,71,0.925774097442627,0.0854891687631607,0.29238530873345997,0.09789658337831497
11,390,1,0.01,72,0.9262667894363403,0.0849217101931572,0.29141329790034837,0.17932623624801636
11,390,1,0.01,73,0.9267842769622803,0.08432565629482269,0.2903888019446044,0.1376880258321762
11,390,1,0.01,74,0.9285191893577576,0.08232749998569489,0.2869276912145199,0.1210719421505928
11,390,1,0.01,75,0.9276697635650635,0.08330582082271576,0.2886274775947636,0.09389471262693405
11,390,1,0.01,76,0.9285562038421631,0.08228491246700287,0.28685346863338235,0.10349079221487045
11,390,1,0.01,77,0.9237330555915833,0.08783990889787674,0.2963779831530621,0.10796917229890823
11,390,1,0.01,78,0.9288833737373352,0.08190806955099106,0.28619585872439013,0.09563468396663666
11,390,1,0.01,79,0.9295509457588196,0.08113919198513031,0.28484941984341533,0.11803827434778214
11,390,1,0.01,80,0.9295510053634644,0.08113911747932434,0.2848492890623467,0.11401892453432083
11,390,1,0.01,81,0.9279186725616455,0.08301916718482971,0.2881304690323981,0.12143664062023163
11,390,1,0.01,82,0.9290512204170227,0.08171477168798447,0.28585795718850376,0.07813963294029236
11,390,1,0.01,83,0.9292428493499756,0.08149407804012299,0.28547167642363924,0.11576606333255768
11,390,1,0.01,84,0.9261685609817505,0.08503487706184387,0.2916074022754633,0.08552704751491547
11,390,1,0.01,85,0.9284749031066895,0.08237851411104202,0.2870165746277417,0.08636903017759323
11,390,1,0.01,86,0.925310492515564,0.08602309226989746,0.29329693532305695,0.09813620150089264
11,390,1,0.01,87,0.9276211857795715,0.08336179703474045,0.28872443096270956,0.08102946728467941
11,390,1,0.01,88,0.929659366607666,0.08101430535316467,0.2846301202493592,0.0715947076678276
11,390,1,0.01,89,0.9273460507392883,0.08367864787578583,0.2892726186070604,0.1255304217338562
11,390,1,0.01,90,0.9260717630386353,0.08514634519815445,0.2917984667508629,0.0920342281460762
11,390,1,0.01,91,0.9301264882087708,0.08047632873058319,0.2836835009840777,0.07366883754730225
11,390,1,0.01,92,0.930864155292511,0.07962669432163239,0.282182023384964,0.11435309797525406
11,390,1,0.01,93,0.9325242042541504,0.07771475613117218,0.2787736647016217,0.0842692106962204
11,390,1,0.01,94,0.9328892230987549,0.07729436457157135,0.27801864069082016,0.09880774468183517
11,390,1,0.01,95,0.9348200559616089,0.07507053017616272,0.2739900183878287,0.08547009527683258
11,390,1,0.01,96,0.9348548054695129,0.07503051310777664,0.27391698214564325,0.08532842248678207
11,390,1,0.01,97,0.9349609613418579,0.0749082937836647,0.27369379566162017,0.09022753685712814
11,390,1,0.01,98,0.9371078610420227,0.07243556529283524,0.2691385615121609,0.09790099412202835
11,390,1,0.01,99,0.9392555952072144,0.06996196508407593,0.26450324210503723,0.0741628035902977
11,390,1,0.01,100,0.9421995878219604,0.06657123565673828,0.25801402220952696,0.08883722871541977
12,390,1,0.01,1,0.9118189215660095,0.10156193375587463,0.31868783120143546,0.3107376992702484
12,390,1,0.01,2,0.9204494953155518,0.09162171185016632,0.3026907858692866,0.2179492563009262
12,390,1,0.01,3,0.9241993427276611,0.08730285614728928,0.2954705673113471,0.17942418158054352
12,390,1,0.01,4,0.9262757301330566,0.08491141349077225,0.29139563052793405,0.17621839046478271
12,390,1,0.01,5,0.9271888732910156,0.08385970443487167,0.2895854009353228,0.1993463635444641
12,390,1,0.01,6,0.9279748201370239,0.08295447379350662,0.28801818309528066,0.17261947691440582
12,390,1,0.01,7,0.9278464913368225,0.08310230076313019,0.2882746967098052,0.15242068469524384
12,390,1,0.01,8,0.9292831420898438,0.08144762367010117,0.2853903005886871,0.15812279284000397
12,390,1,0.01,9,0.9280083775520325,0.08291586488485336,0.2879511501710895,0.12700487673282623
12,390,1,0.01,10,0.9279273152351379,0.08300920575857162,0.2881131822020152,0.17505642771720886
12,390,1,0.01,11,0.9293087720870972,0.08141808956861496,0.285338552545244,0.1337115466594696
12,390,1,0.01,12,0.9283655285835266,0.0825045257806778,0.28723601059177417,0.11904336512088776
12,390,1,0.01,13,0.926180362701416,0.08502127975225449,0.29158408693249105,0.22362497448921204
12,390,1,0.01,14,0.928630530834198,0.08219926059246063,0.2867041342437542,0.11977177113294601
12,390,1,0.01,15,0.9272604584693909,0.08377726376056671,0.2894430233406339,0.264053076505661
12,390,1,0.01,16,0.9274283647537231,0.08358386904001236,0.289108749504425,0.11617988348007202
12,390,1,0.01,17,0.9279059767723083,0.08303376287221909,0.2881557961801551,0.10997260361909866
12,390,1,0.01,18,0.9279575347900391,0.08297444134950638,0.28805284471691367,0.1105661615729332
12,390,1,0.01,19,0.9272218346595764,0.08382175862789154,0.28951987604979995,0.11700347065925598
12,390,1,0.01,20,0.928247332572937,0.0826406255364418,0.2874728257356542,0.11945602297782898
12,390,1,0.01,21,0.9304483532905579,0.08010563254356384,0.28302938459383303,0.18058685958385468
12,390,1,0.01,22,0.9287734627723694,0.0820346474647522,0.2864169119740526,0.09192685782909393
12,390,1,0.01,23,0.9257177710533142,0.08555404096841812,0.29249622385326296,0.23597891628742218
12,390,1,0.01,24,0.9266819953918457,0.08444353193044662,0.2905916928104563,0.13619068264961243
12,390,1,0.01,25,0.9287209510803223,0.08209513127803802,0.28652247953352283,0.09806250780820847
12,390,1,0.01,26,0.9285696744918823,0.08226936310529709,0.28682636403457945,0.10056402534246445
12,390,1,0.01,27,0.9262694120407104,0.08491870760917664,0.2914081460926867,0.18629279732704163
12,390,1,0.01,28,0.9274716377258301,0.08353404700756073,0.28902257179597707,0.09322810918092728
12,390,1,0.01,29,0.9292027950286865,0.08154018968343735,0.2855524289573411,0.17521227896213531
12,390,1,0.01,30,0.9265289902687073,0.08461969345808029,0.29089464322685676,0.1500561386346817
12,390,1,0.01,31,0.9291003942489624,0.08165814727544785,0.28575889710636804,0.09463020414113998
12,390,1,0.01,32,0.9271861910820007,0.0838627964258194,0.289590739537402,0.13274121284484863
12,390,1,0.01,33,0.9229022860527039,0.08879674971103668,0.29798783483732466,0.1780025064945221
12,390,1,0.01,34,0.9280468225479126,0.08287159353494644,0.28787426688564305,0.10787427425384521
12,390,1,0.01,35,0.9278233051300049,0.08312897384166718,0.28832095629986243,0.09172756224870682
12,390,1,0.01,36,0.9280596971511841,0.08285675942897797,0.2878485008280883,0.1439446061849594
12,390,1,0.01,37,0.9285871982574463,0.08224916458129883,0.28679115150453793,0.10368360579013824
12,390,1,0.01,38,0.928138792514801,0.08276564627885818,0.28769019148879266,0.12144363671541214
12,390,1,0.01,39,0.928490161895752,0.08236096799373627,0.28698600661658796,0.15369553864002228
12,390,1,0.01,40,0.9288032650947571,0.08200033754110336,0.28635701063725216,0.10733559727668762
12,390,1,0.01,41,0.9261276721954346,0.08508192002773285,0.29168805259683306,0.09830038249492645
12,390,1,0.01,42,0.9275846481323242,0.08340387046337128,0.2887972826454073,0.11218976974487305
12,390,1,0.01,43,0.9292880892753601,0.08144192397594452,0.2853803146258419,0.0935697853565216
12,390,1,0.01,44,0.9298070669174194,0.0808442160487175,0.284331173191962,0.10714185237884521
12,390,1,0.01,45,0.9297613501548767,0.08089686185121536,0.2844237364412741,0.08864492177963257
12,390,1,0.01,46,0.9273098707199097,0.0837203785777092,0.2893447400208084,0.12031220644712448
12,390,1,0.01,47,0.9297196269035339,0.08094494789838791,0.2845082562921293,0.08475525677204132
12,390,1,0.01,48,0.928855836391449,0.08193977922201157,0.2862512519134398,0.09009260684251785
12,390,1,0.01,49,0.9300721287727356,0.08053890615701675,0.28379377399269484,0.07998926192522049
12,390,1,0.01,50,0.9297266602516174,0.08093681186437607,0.28449395751821527,0.09414408355951309
12,390,1,0.01,51,0.9311188459396362,0.07933339476585388,0.28166184471073447,0.12379956245422363
12,390,1,0.01,52,0.9302793741226196,0.0803002342581749,0.2833729596453672,0.08731677383184433
12,390,1,0.01,53,0.9294695854187012,0.08123290538787842,0.2850138687640979,0.10254207253456116
12,390,1,0.01,54,0.9320458769798279,0.07826568186283112,0.2797600433636496,0.12988977134227753
12,390,1,0.01,55,0.9311707615852356,0.07927358150482178,0.28155564548561585,0.0817461758852005
12,390,1,0.01,56,0.9273342490196228,0.08369229733943939,0.2892962103786349,0.0941360741853714
12,390,1,0.01,57,0.9307954907417297,0.07970583438873291,0.2823222173133615,0.197295144200325
12,390,1,0.01,58,0.9312382340431213,0.07919587939977646,0.2814176245365177,0.07684088498353958
12,390,1,0.01,59,0.931306004524231,0.07911783456802368,0.2812789266333752,0.12280652672052383
12,390,1,0.01,60,0.9345066547393799,0.07543148100376129,0.27464792189958637,0.11316435784101486
12,390,1,0.01,61,0.9355869293212891,0.074187271296978,0.27237340416600514,0.1025780662894249
12,390,1,0.01,62,0.9361676573753357,0.07351847738027573,0.27114290951502995,0.08835570514202118
12,390,1,0.01,63,0.9386318325996399,0.07068034261465073,0.26585774883318847,0.08101188391447067
12,390,1,0.01,64,0.937527060508728,0.07195279002189636,0.26824017227458,0.1067962646484375
12,390,1,0.01,65,0.941413938999176,0.06747610121965408,0.25976162383934637,0.0839841216802597
12,390,1,0.01,66,0.9434775114059448,0.06509938836097717,0.25514581783948015,0.11416443437337875
12,390,1,0.01,67,0.9426071643829346,0.0661018043756485,0.25710271172363874,0.1607256978750229
12,390,1,0.01,68,0.945756196975708,0.06247489154338837,0.24994977804228666,0.1172129213809967
12,390,1,0.01,69,0.9492384195327759,0.058464325964450836,0.24179397421038193,0.0723375603556633
12,390,1,0.01,70,0.9474279880523682,0.06054941937327385,0.2460679161802161,0.07895512133836746
12,390,1,0.01,71,0.9476073980331421,0.060342829674482346,0.2456477756351202,0.1323772370815277
12,390,1,0.01,72,0.9413395524024963,0.0675617903470993,0.2599265095120144,0.1127515509724617
12,390,1,0.01,73,0.9386971592903137,0.07060511410236359,0.2657162285265309,0.11934547126293182
12,390,1,0.01,74,0.9460458755493164,0.062141261994838715,0.24928149148069279,0.18081249296665192
12,390,1,0.01,75,0.9454994797706604,0.06277056783437729,0.2505405512773876,0.1188637837767601
12,390,1,0.01,76,0.9369669556617737,0.07259786874055862,0.2694399167542898,0.08650702983140945
12,390,1,0.01,77,0.9477048516273499,0.06023057550191879,0.2454191832394501,0.08198960870504379
12,390,1,0.01,78,0.9371705055236816,0.0723634585738182,0.26900456980099463,0.10135097801685333
12,390,1,0.01,79,0.9431285858154297,0.06550128757953644,0.25593219332381073,0.08084544539451599
12,390,1,0.01,80,0.9374802112579346,0.07200676202774048,0.26834075729888757,0.08154884725809097
12,390,1,0.01,81,0.9415563344955444,0.06731210649013519,0.25944576791717994,0.09070219844579697
12,390,1,0.01,82,0.9423530101776123,0.06639453023672104,0.25767136091681014,0.08480321615934372
12,390,1,0.01,83,0.9396874308586121,0.06946459412574768,0.2635613669067371,0.11220217496156693
12,390,1,0.01,84,0.9456234574317932,0.06262782961130142,0.25025552863283845,0.12638641893863678
12,390,1,0.01,85,0.93620765209198,0.07347236573696136,0.2710578641857885,0.09307409077882767
12,390,1,0.01,86,0.938359260559082,0.0709943175315857,0.2664475887141516,0.10605745762586594
12,390,1,0.01,87,0.9502464532852173,0.05730327591300011,0.23938102663536245,0.11641804873943329
12,390,1,0.01,88,0.9356446862220764,0.07412080466747284,0.2722513630222498,0.07437930256128311
12,390,1,0.01,89,0.9436376094818115,0.0649150162935257,0.2547842544065973,0.07537253201007843
12,390,1,0.01,90,0.9496091604232788,0.05803726240992546,0.24090924102226852,0.11009810119867325
12,390,1,0.01,91,0.9371293187141418,0.07241087406873703,0.2690926867618981,0.10539403557777405
12,390,1,0.01,92,0.9381132125854492,0.07127765566110611,0.2669787550744555,0.08345247060060501
12,390,1,0.01,93,0.9390791058540344,0.07016520947217941,0.26488716366064136,0.07272377610206604
12,390,1,0.01,94,0.9301697611808777,0.08042646199464798,0.2835955958660994,0.1721184402704239
12,390,1,0.01,95,0.9391652345657349,0.07006598263978958,0.2646997972039072,0.10698865354061127
12,390,1,0.01,96,0.9382448196411133,0.07112611830234528,0.2666948036658106,0.12037520110607147
12,390,1,0.01,97,0.9364902377128601,0.07314689457416534,0.2704568257119153,0.0685877576470375
12,390,1,0.01,98,0.939904510974884,0.0692145824432373,0.2630866443650025,0.10762576013803482
12,390,1,0.01,99,0.9342515468597412,0.07572533935308456,0.2751823747137243,0.0947067067027092
12,390,1,0.01,100,0.9348976016044617,0.07498124986886978,0.2738270437134904,0.12330956012010574
13,390,1,0.01,1,0.907112181186676,0.10698290169239044,0.3270824081059549,0.37119778990745544
13,390,1,0.01,2,0.9211756587028503,0.09078536182641983,0.3013060932447597,0.2851427495479584
13,390,1,0.01,3,0.9248867034912109,0.08651120960712433,0.2941278796835219,0.22015109658241272
13,390,1,0.01,4,0.9218170642852783,0.09004665166139603,0.30007774269578213,0.26918861269950867
13,390,1,0.01,5,0.9252541065216064,0.08608803153038025,0.2934076200959686,0.20541656017303467
13,390,1,0.01,6,0.9252767562866211,0.08606196939945221,0.2933632038948515,0.2087847888469696
13,390,1,0.01,7,0.9253449440002441,0.08598340302705765,0.29322926700289936,0.2301161140203476
13,390,1,0.01,8,0.92005455493927,0.0920766294002533,0.3034413112947103,0.22939905524253845
13,390,1,0.01,9,0.9257196187973022,0.08555188030004501,0.2924925303320497,0.15460777282714844
13,390,1,0.01,10,0.9244850873947144,0.08697376400232315,0.29491314654033846,0.18533876538276672
13,390,1,0.01,11,0.9264281392097473,0.08473586291074753,0.29109425090638175,0.17988519370555878
13,390,1,0.01,12,0.9233542680740356,0.08827617764472961,0.2971130721539017,0.21158188581466675
13,390,1,0.01,13,0.9240922331809998,0.08742624521255493,0.29567929452796476,0.15025700628757477
13,390,1,0.01,14,0.9238093495368958,0.08775205910205841,0.2962297404077761,0.13567504286766052
13,390,1,0.01,15,0.9250368475914001,0.08633829653263092,0.29383379065830895,0.1151103749871254
13,390,1,0.01,16,0.9249237775802612,0.08646852523088455,0.29405530981583133,0.14485038816928864
13,390,1,0.01,17,0.9256665110588074,0.08561310172080994,0.29259716628978133,0.1379396617412567
13,390,1,0.01,18,0.9253562092781067,0.08597047626972198,0.2932072241090284,0.13337655365467072
13,390,1,0.01,19,0.9254664182662964,0.08584349602460861,0.29299060739997895,0.13441893458366394
13,390,1,0.01,20,0.9246036410331726,0.08683724701404572,0.2946816027750048,0.11594544351100922
13,390,1,0.01,21,0.927044689655304,0.0840257778763771,0.28987200257420015,0.1148284450173378
13,390,1,0.01,22,0.9255070090293884,0.0857967659831047,0.2929108498896972,0.10608311742544174
13,390,1,0.01,23,0.9269086122512817,0.08418247103691101,0.29014215660071013,0.17451921105384827
13,390,1,0.01,24,0.927051842212677,0.08401750773191452,0.289857737057189,0.14790484309196472
13,390,1,0.01,25,0.927462637424469,0.08354440331459045,0.28904048732762416,0.11414198577404022
13,390,1,0.01,26,0.9269225597381592,0.08416642993688583,0.29011451176541625,0.1063326895236969
13,390,1,0.01,27,0.9278513789176941,0.08309665322303772,0.2882649011292178,0.10667641460895538
13,390,1,0.01,28,0.9255421161651611,0.0857563242316246,0.29284180752007494,0.1755072921514511
13,390,1,0.01,29,0.9290162920951843,0.08175501227378845,0.285928334156985,0.10848098993301392
13,390,1,0.01,30,0.9297655820846558,0.08089202642440796,0.2844152359217205,0.10517328232526779
13,390,1,0.01,31,0.9277093410491943,0.08326022326946259,0.28854847646359627,0.08672376722097397
13,390,1,0.01,32,0.9283093214035034,0.08256924897432327,0.287348654032559,0.12466941773891449
13,390,1,0.01,33,0.9280217885971069,0.08290042728185654,0.28792434298241704,0.18518683314323425
13,390,1,0.01,34,0.9288938045501709,0.0818960964679718,0.2861749403214261,0.11804337054491043
13,390,1,0.01,35,0.9268648624420166,0.0842328816652298,0.2902290158912954,0.09620790928602219
13,390,1,0.01,36,0.929606556892395,0.08107517659664154,0.2847370306030488,0.1032622754573822
13,390,1,0.01,37,0.9276503324508667,0.08332820236682892,0.28866624736333296,0.13144934177398682
13,390,1,0.01,38,0.9276029467582703,0.08338280767202377,0.2887608139481945,0.1539124995470047
13,390,1,0.01,39,0.9287130832672119,0.08210421353578568,0.2865383282141949,0.09041445702314377
13,390,1,0.01,40,0.9305160641670227,0.08002763241529465,0.28289155592787607,0.0872267559170723
13,390,1,0.01,41,0.9289044141769409,0.08188386261463165,0.2861535647421357,0.1048896536231041
13,390,1,0.01,42,0.9278663992881775,0.08307936042547226,0.28823490493948206,0.11483009904623032
13,390,1,0.01,43,0.9221320748329163,0.08968385308980942,0.2994726249422632,0.1780594140291214
13,390,1,0.01,44,0.9309168457984924,0.07956603914499283,0.28207452764294905,0.13720150291919708
13,390,1,0.01,45,0.9257135391235352,0.0855589285492897,0.2925045786808981,0.17800691723823547
13,390,1,0.01,46,0.9279599189758301,0.08297163248062134,0.288047969061789,0.09827732294797897
13,390,1,0.01,47,0.9288673996925354,0.08192647248506546,0.2862280078627273,0.08199812471866608
13,390,1,0.01,48,0.928485631942749,0.0823662057518959,0.2869951319306582,0.1065753772854805
13,390,1,0.01,49,0.9289571642875671,0.08182310312986374,0.2860473791697168,0.11039863526821136
13,390,1,0.01,50,0.9306561350822449,0.07986631244421005,0.28260628521710207,0.11790410429239273
13,390,1,0.01,51,0.9315797090530396,0.07880260795354843,0.280718022138851,0.07439739257097244
13,390,1,0.01,52,0.9316495656967163,0.07872210443019867,0.2805745969081996,0.0837462767958641
13,390,1,0.01,53,0.9314747452735901,0.07892346382141113,0.280933201707116,0.0923164114356041
13,390,1,0.01,54,0.930027961730957,0.08058977872133255,0.283883389301545,0.09126687794923782
13,390,1,0.01,55,0.932183027267456,0.07810774445533752,0.27947762782615987,0.08711354434490204
13,390,1,0.01,56,0.9276867508888245,0.08328629285097122,0.2885936465880204,0.1757761687040329
13,390,1,0.01,57,0.931033730506897,0.07943138480186462,0.2818357408169954,0.10107679665088654
13,390,1,0.01,58,0.9336024522781372,0.0764729231595993,0.27653738112522747,0.11055798083543777
13,390,1,0.01,59,0.9355562925338745,0.07422255724668503,0.2724381714200215,0.08775700628757477
13,390,1,0.01,60,0.9332496523857117,0.07687924057245255,0.27727105974560806,0.11704784631729126
13,390,1,0.01,61,0.9319123029708862,0.07841949164867401,0.28003480435237693,0.08819874376058578
13,390,1,0.01,62,0.9336264133453369,0.07644528150558472,0.27648739845711723,0.1104518249630928
13,390,1,0.01,63,0.9345753192901611,0.07535243779420853,0.2745039850242771,0.11319873481988907
13,390,1,0.01,64,0.9337143301963806,0.0763440653681755,0.2763042984974637,0.19122159481048584
13,390,1,0.01,65,0.9361382722854614,0.07355228811502457,0.27120525089869585,0.11220823973417282
13,390,1,0.01,66,0.9304259419441223,0.08013144880533218,0.283074987954309,0.08330146968364716
13,390,1,0.01,67,0.9340754151344299,0.07592818886041641,0.2755507010704499,0.08661021292209625
13,390,1,0.01,68,0.9299070239067078,0.08072907477617264,0.2841286236481158,0.0862317755818367
13,390,1,0.01,69,0.9299811124801636,0.08064377307891846,0.28397847291461803,0.104058638215065
13,390,1,0.01,70,0.9293437004089355,0.08137789368629456,0.28526810842836,0.08846436440944672
13,390,1,0.01,71,0.9267761707305908,0.08433502167463303,0.2904049270839478,0.0861014798283577
13,390,1,0.01,72,0.9255934953689575,0.08569712936878204,0.2927407203803086,0.14851318299770355
13,390,1,0.01,73,0.9256169199943542,0.08567021042108536,0.29269473931228307,0.12258441746234894
13,390,1,0.01,74,0.9251729846000671,0.08618149161338806,0.2935668435184533,0.11077889800071716
13,390,1,0.01,75,0.9300679564476013,0.08054374158382416,0.2838022931264372,0.1373956948518753
13,390,1,0.01,76,0.9302241206169128,0.08036390691995621,0.28348528519123567,0.10193727165460587
13,390,1,0.01,77,0.9303492307662964,0.08021977543830872,0.2832309577682297,0.11210489273071289
13,390,1,0.01,78,0.9284542798995972,0.08240225911140442,0.28705793685492204,0.08821527659893036
13,390,1,0.01,79,0.9308286309242249,0.07966765761375427,0.2822545971525606,0.09227315336465836
13,390,1,0.01,80,0.9310089349746704,0.07945998758077621,0.28188647995385696,0.0950988382101059
13,390,1,0.01,81,0.9304684400558472,0.080082468688488,0.28298846034509606,0.08602539449930191
13,390,1,0.01,82,0.9298478364944458,0.0807972401380539,0.2842485534493604,0.113384909927845
13,390,1,0.01,83,0.9293738603591919,0.08134318888187408,0.28520727354307446,0.140514075756073
13,390,1,0.01,84,0.9309465289115906,0.07953185588121414,0.28201392852342266,0.09490089863538742
13,390,1,0.01,85,0.9276041388511658,0.08338145166635513,0.2887584659648183,0.09637477993965149
13,390,1,0.01,86,0.9275631904602051,0.08342856168746948,0.2888400278484086,0.07715709507465363
13,390,1,0.01,87,0.9276025295257568,0.08338328450918198,0.2887616396081411,0.1552860140800476
13,390,1,0.01,88,0.928388774394989,0.08247774094343185,0.2871893816690162,0.11063340306282043
13,390,1,0.01,89,0.9280080199241638,0.08291623741388321,0.2879517970318699,0.09143927693367004
13,390,1,0.01,90,0.9302023649215698,0.08038889616727829,0.2835293567997471,0.07306474447250366
13,390,1,0.01,91,0.930571436882019,0.07996384799480438,0.2827787969328754,0.09648723155260086
13,390,1,0.01,92,0.9305762052536011,0.07995839416980743,0.2827691534977029,0.061391476541757584
13,390,1,0.01,93,0.9323083758354187,0.07796336710453033,0.2792192097699052,0.0804099440574646
13,390,1,0.01,94,0.9334387183189392,0.07666146755218506,0.2768780734406122,0.09987027943134308
13,390,1,0.01,95,0.9319254159927368,0.07840441167354584,0.2800078778776516,0.08510170131921768
13,390,1,0.01,96,0.9351527094841003,0.0746874138712883,0.27328998128597454,0.10954423248767853
13,390,1,0.01,97,0.9375534057617188,0.07192239910364151,0.2681835175838394,0.10280260443687439
13,390,1,0.01,98,0.9428478479385376,0.06582460552453995,0.25656306344550056,0.10154670476913452
13,390,1,0.01,99,0.9418132901191711,0.06701613962650299,0.25887475664209325,0.07416319847106934
13,390,1,0.01,100,0.9465981721878052,0.06150519847869873,0.24800241627592812,0.07600099593400955
14,390,1,0.01,1,0.9165843725204468,0.09607337415218353,0.3099570521091326,0.3788301646709442
14,390,1,0.01,2,0.91902756690979,0.09325941652059555,0.30538404758696147,0.299043208360672
14,390,1,0.01,3,0.9223483204841614,0.08943477272987366,0.29905647080421727,0.22387415170669556
14,390,1,0.01,4,0.9212533831596375,0.09069587290287018,0.30115755494901697,0.16927193105220795
14,390,1,0.01,5,0.9248487949371338,0.08655489981174469,0.2942021410726725,0.2188158482313156
14,390,1,0.01,6,0.9256504774093628,0.08563150465488434,0.292628612160336,0.23314744234085083
14,390,1,0.01,7,0.9203609228134155,0.0917237401008606,0.3028592744177741,0.230498269200325
14,390,1,0.01,8,0.9259313941001892,0.0853080078959465,0.29207534626521714,0.17081871628761292
14,390,1,0.01,9,0.9272027015686035,0.08384375274181366,0.28955785733047146,0.11824093014001846
14,390,1,0.01,10,0.9286202192306519,0.08221113681793213,0.2867248451354227,0.15227776765823364
14,390,1,0.01,11,0.9279613494873047,0.0829700380563736,0.2880452014118159,0.09269130229949951
14,390,1,0.01,12,0.923792839050293,0.08777104318141937,0.296261781506524,0.18091480433940887
14,390,1,0.01,13,0.9266812801361084,0.08444435149431229,0.2905931029709967,0.13036490976810455
14,390,1,0.01,14,0.9273650050163269,0.08365684002637863,0.28923492186521776,0.12014186382293701
14,390,1,0.01,15,0.9251501560211182,0.08620777726173401,0.29361160954862464,0.15505802631378174
14,390,1,0.01,16,0.9280137419700623,0.08290964365005493,0.28794034738128477,0.13745209574699402
14,390,1,0.01,17,0.9215819239616394,0.09031746536493301,0.30052864316888833,0.15196213126182556
14,390,1,0.01,18,0.9273894429206848,0.08362870663404465,0.2891862836201687,0.10844025760889053
14,390,1,0.01,19,0.9256325960159302,0.08565214276313782,0.29266387334814287,0.13224370777606964
14,390,1,0.01,20,0.9283894300460815,0.08247696608304977,0.2871880326250552,0.15194405615329742
14,390,1,0.01,21,0.9261640906333923,0.08504001051187515,0.29161620413117506,0.2487027794122696
14,390,1,0.01,22,0.9211469888687134,0.090818390250206,0.30136089701586366,0.29716506600379944
14,390,1,0.01,23,0.9263945817947388,0.08477450907230377,0.2911606241789981,0.11872703582048416
14,390,1,0.01,24,0.9259337782859802,0.08530525118112564,0.2920706270427166,0.15316909551620483
14,390,1,0.01,25,0.9282341599464417,0.08265579491853714,0.28749920855288824,0.10393594950437546
14,390,1,0.01,26,0.9300700426101685,0.08054133504629135,0.283798053281363,0.19896240532398224
14,390,1,0.01,27,0.9269511699676514,0.08413347601890564,0.2900577115315255,0.11888501048088074
14,390,1,0.01,28,0.9273136854171753,0.08371592313051224,0.28933704071638017,0.1675633043050766
14,390,1,0.01,29,0.9305431246757507,0.07999646663665771,0.28283646624269954,0.16364635527133942
14,390,1,0.01,30,0.9293337464332581,0.08138933777809143,0.2852881662075934,0.09651048481464386
14,390,1,0.01,31,0.9297236800193787,0.08094023168087006,0.2844999678046907,0.10397444665431976
14,390,1,0.01,32,0.9214267134666443,0.0904962494969368,0.3008259455182295,0.2190738320350647
14,390,1,0.01,33,0.9274677634239197,0.0835384652018547,0.2890302150327102,0.136536106467247
14,390,1,0.01,34,0.9320341348648071,0.07827918976545334,0.27978418426611135,0.08238223940134048
14,390,1,0.01,35,0.9304014444351196,0.08015968650579453,0.28312486027509937,0.10076944530010223
14,390,1,0.01,36,0.9310607314109802,0.07940034568309784,0.2817806694631444,0.08538097143173218
14,390,1,0.01,37,0.9286038875579834,0.08222996443510056,0.28675767545978703,0.15126720070838928
14,390,1,0.01,38,0.9313938617706299,0.07901661098003387,0.2810989345053337,0.19489043951034546
14,390,1,0.01,39,0.9320865869522095,0.07821878045797348,0.2796762064566335,0.10333859920501709
14,390,1,0.01,40,0.9306122660636902,0.07991684228181839,0.2826956707871884,0.16023917496204376
14,390,1,0.01,41,0.9309224486351013,0.07955959439277649,0.2820631035651003,0.13681833446025848
14,390,1,0.01,42,0.9292861223220825,0.08144421875476837,0.28538433516009315,0.09461049735546112
14,390,1,0.01,43,0.9309860467910767,0.07948634028434753,0.28193321954737355,0.12912710011005402
14,390,1,0.01,44,0.9317551851272583,0.07860051840543747,0.28035783992147867,0.12411069869995117
14,390,1,0.01,45,0.9323261976242065,0.07794284075498581,0.2791824506572464,0.07966736704111099
14,390,1,0.01,46,0.9345672130584717,0.07536175101995468,0.2745209482352024,0.09188345819711685
14,390,1,0.01,47,0.9339765906333923,0.07604200392961502,0.2757571466519318,0.07415413856506348
14,390,1,0.01,48,0.9332355260848999,0.07689548283815384,0.2773003477065145,0.09970186650753021
14,390,1,0.01,49,0.9363739490509033,0.07328086346387863,0.2707043839022165,0.11001524329185486
14,390,1,0.01,50,0.9344545602798462,0.07549145817756653,0.2747570894036522,0.12775999307632446
14,390,1,0.01,51,0.9342904090881348,0.07568058371543884,0.27510104273782543,0.13479772210121155
14,390,1,0.01,52,0.9326647520065308,0.0775529146194458,0.2784832393869437,0.09629369527101517
14,390,1,0.01,53,0.9328963160514832,0.07728622108697891,0.27800399473205223,0.21445868909358978
14,390,1,0.01,54,0.935078501701355,0.07477284222841263,0.27344623279250463,0.08057183772325516
14,390,1,0.01,55,0.9355813264846802,0.07419373840093613,0.27238527566837406,0.10769294947385788
14,390,1,0.01,56,0.9359403848648071,0.07378021627664566,0.2716251392574805,0.14182564616203308
14,390,1,0.01,57,0.9356503486633301,0.07411427795886993,0.2722393762093756,0.08156363666057587
14,390,1,0.01,58,0.9388689994812012,0.07040716707706451,0.26534348885372055,0.12653452157974243
14,390,1,0.01,59,0.9399415254592896,0.06917189061641693,0.26300549541105966,0.12137649953365326
14,390,1,0.01,60,0.9351467490196228,0.07469426095485687,0.27330250813861345,0.06640997529029846
14,390,1,0.01,61,0.9348188042640686,0.07507196813821793,0.27399264248920613,0.09638752788305283
14,390,1,0.01,62,0.9393441677093506,0.06985994428396225,0.264310318156447,0.08388805389404297
14,390,1,0.01,63,0.941174328327179,0.06775204092264175,0.260292222170855,0.09142222255468369
14,390,1,0.01,64,0.9323564767837524,0.07790792733430862,0.27911991568913286,0.17886029183864594
14,390,1,0.01,65,0.9372904300689697,0.07222528010606766,0.2687476141402332,0.0905245840549469
14,390,1,0.01,66,0.9300919771194458,0.08051610738039017,0.2837536032905841,0.13785777986049652
14,390,1,0.01,67,0.9294168949127197,0.08129359781742096,0.28512032164933626,0.1204424649477005
14,390,1,0.01,68,0.9368487000465393,0.0727340579032898,0.26969252474492095,0.08289540559053421
14,390,1,0.01,69,0.9379721879959106,0.07144013047218323,0.2672828660280775,0.0963388979434967
14,390,1,0.01,70,0.9265891313552856,0.08455048501491547,0.290775660974084,0.1195698007941246
14,390,1,0.01,71,0.9304271340370178,0.08013005554676056,0.28307252700811597,0.08976556360721588
14,390,1,0.01,72,0.923947274684906,0.0875931903719902,0.29596146771495474,0.08969087898731232
14,390,1,0.01,73,0.927700400352478,0.08327051997184753,0.2885663181520801,0.10269320011138916
14,390,1,0.01,74,0.927081823348999,0.08398299664258957,0.2897981998608507,0.09881965816020966
14,390,1,0.01,75,0.9279249906539917,0.08301188796758652,0.2881178369479865,0.09074334055185318
14,390,1,0.01,76,0.9265590906143188,0.08458507061004639,0.29083512616265317,0.09669225662946701
14,390,1,0.01,77,0.9332438707351685,0.0768858790397644,0.2772830305658181,0.0870596319437027
14,390,1,0.01,78,0.9376699924468994,0.07178816944360733,0.2679331436078921,0.12642429769039154
14,390,1,0.01,79,0.9473270177841187,0.060665711760520935,0.2463041042299558,0.10996857285499573
14,390,1,0.01,80,0.9526552557945251,0.05452900752425194,0.23351446962501476,0.12371726334095001
14,390,1,0.01,81,0.9372942447662354,0.07222095131874084,0.2687395603902426,0.09758211672306061
14,390,1,0.01,82,0.9379711747169495,0.07144128531217575,0.26728502635234874,0.09107422828674316
14,390,1,0.01,83,0.9338967800140381,0.07613393664360046,0.2759237877450954,0.09916400164365768
14,390,1,0.01,84,0.9430592060089111,0.06558117270469666,0.25608821274064264,0.1059487834572792
14,390,1,0.01,85,0.9526181221008301,0.0545717217028141,0.2336059111041801,0.08951570093631744
14,390,1,0.01,86,0.9250689744949341,0.0863012820482254,0.29377079849472004,0.10447569936513901
14,390,1,0.01,87,0.928680956363678,0.08214117586612701,0.2866028190128754,0.09980602562427521
14,390,1,0.01,88,0.9308241009712219,0.07967282831668854,0.282263756647375,0.09064183384180069
14,390,1,0.01,89,0.9244102239608765,0.08705996721982956,0.29505926052206793,0.10851345956325531
14,390,1,0.01,90,0.9304044842720032,0.08015614002943039,0.28311859710981613,0.13243187963962555
14,390,1,0.01,91,0.9311181902885437,0.07933414727449417,0.2816631805445898,0.06706736981868744
14,390,1,0.01,92,0.9338568449020386,0.07617990672588348,0.2760070773112231,0.08214005827903748
14,390,1,0.01,93,0.937196671962738,0.07233331352472305,0.2689485332265693,0.08064541220664978
14,390,1,0.01,94,0.9374805092811584,0.07200638949871063,0.2683400631637226,0.08950769901275635
14,390,1,0.01,95,0.9361838102340698,0.07349982112646103,0.27110850434182443,0.06792984902858734
14,390,1,0.01,96,0.9400966763496399,0.06899324804544449,0.2626656582910002,0.09827179461717606
14,390,1,0.01,97,0.9405379891395569,0.06848494708538055,0.2616962878708457,0.10185355693101883
14,390,1,0.01,98,0.9422730207443237,0.0664866641163826,0.25785008069880955,0.10689955949783325
14,390,1,0.01,99,0.9446477293968201,0.06375160813331604,0.25249080801747226,0.11070766299962997
14,390,1,0.01,100,0.9500094652175903,0.05757627263665199,0.23995056290130262,0.06703416258096695
15,390,1,0.01,1,0.9099291563034058,0.10373848676681519,0.3220845956683045,0.46470123529434204
15,390,1,0.01,2,0.9216223359107971,0.09027092903852463,0.3004512090814824,0.27063286304473877
15,390,1,0.01,3,0.9248140454292297,0.08659487217664719,0.29427006673572353,0.2673422694206238
15,390,1,0.01,4,0.9264731407165527,0.08468408137559891,0.29100529441162903,0.21534118056297302
15,390,1,0.01,5,0.9263292551040649,0.0848497599363327,0.29128982120275454,0.22921746969223022
15,390,1,0.01,6,0.9280747175216675,0.08283940702676773,0.2878183576959047,0.20888009667396545
15,390,1,0.01,7,0.930207371711731,0.08038313686847687,0.2835192001760672,0.21523839235305786
15,390,1,0.01,8,0.9293960332870483,0.08131765574216843,0.28516250760253953,0.19579683244228363
15,390,1,0.01,9,0.9289928078651428,0.08178200572729111,0.28597553344174587,0.17930659651756287
15,390,1,0.01,10,0.9296773076057434,0.08099368214607239,0.28459388986074946,0.15859723091125488
15,390,1,0.01,11,0.9294930696487427,0.0812058374285698,0.28496637947057857,0.1824071705341339
15,390,1,0.01,12,0.9302288889884949,0.08035840839147568,0.2834755869408787,0.12384980916976929
15,390,1,0.01,13,0.9304380416870117,0.08011750131845474,0.283050351207086,0.1591496616601944
15,390,1,0.01,14,0.9291215538978577,0.08163373917341232,0.28571618640429236,0.19314609467983246
15,390,1,0.01,15,0.928956925868988,0.08182338625192642,0.2860478740559461,0.1633310317993164
15,390,1,0.01,16,0.9292969703674316,0.08143167942762375,0.2853623651213028,0.12325789034366608
15,390,1,0.01,17,0.9286388158798218,0.08218974620103836,0.28668754106350414,0.16180549561977386
15,390,1,0.01,18,0.9284186363220215,0.08244332671165466,0.2871294598463464,0.11175164580345154
15,390,1,0.01,19,0.9282719492912292,0.08261226862668991,0.28742350047741383,0.13189701735973358
15,390,1,0.01,20,0.9274707436561584,0.08353503048419952,0.28902427317476215,0.12409649789333344
15,390,1,0.01,21,0.9287223815917969,0.08209346234798431,0.2865195671293399,0.0870463028550148
15,390,1,0.01,22,0.9293546676635742,0.08136529475450516,0.28524602495828955,0.13682828843593597
15,390,1,0.01,23,0.9270046353340149,0.08407190442085266,0.28995155529993744,0.14114771783351898
15,390,1,0.01,24,0.9286928772926331,0.08212747424840927,0.2865789145216536,0.10105545073747635
15,390,1,0.01,25,0.9285830855369568,0.08225391805171967,0.28679943872281144,0.1850750595331192
15,390,1,0.01,26,0.9292036294937134,0.08153925091028214,0.2855507851683867,0.14055068790912628
15,390,1,0.01,27,0.929101824760437,0.08165646344423294,0.28575595084657984,0.129943385720253
15,390,1,0.01,28,0.9290269613265991,0.08174271881580353,0.2859068359025428,0.156906396150589
15,390,1,0.01,29,0.9286537766456604,0.08217252045869827,0.28665749677742297,0.12289945781230927
15,390,1,0.01,30,0.9272827506065369,0.08375157415866852,0.289398642288917,0.14309081435203552
15,390,1,0.01,31,0.9291067123413086,0.08165081590414047,0.2857460689215872,0.09770704805850983
15,390,1,0.01,32,0.9300395250320435,0.08057646453380585,0.2838599382332876,0.09835021197795868
15,390,1,0.01,33,0.9301077723503113,0.0804978758096695,0.28372147576394263,0.08095938712358475
15,390,1,0.01,34,0.9298192858695984,0.08083013445138931,0.2843064094447913,0.16539300978183746
15,390,1,0.01,35,0.9280850291252136,0.08282759040594101,0.2877978290500834,0.12975242733955383
15,390,1,0.01,36,0.9300606846809387,0.08055208623409271,0.28381699426583445,0.1441902369260788
15,390,1,0.01,37,0.9290087819099426,0.08176364749670029,0.2859434340856602,0.11147959530353546
15,390,1,0.01,38,0.9312558770179749,0.07917553931474686,0.2813814836032159,0.08189793676137924
15,390,1,0.01,39,0.9284540414810181,0.0824025496840477,0.28705844297642197,0.1380828320980072
15,390,1,0.01,40,0.9297270178794861,0.08093641698360443,0.2844932635118175,0.11806890368461609
15,390,1,0.01,41,0.9289131164550781,0.0818738117814064,0.2861360022461459,0.07546340674161911
15,390,1,0.01,42,0.930933952331543,0.07954634726047516,0.2820396200190235,0.07835313677787781
15,390,1,0.01,43,0.9312525391578674,0.07917939871549606,0.28138834147045977,0.09046919643878937
15,390,1,0.01,44,0.9307557344436646,0.0797516256570816,0.2824033031978939,0.15456154942512512
15,390,1,0.01,45,0.9274455904960632,0.08356404304504395,0.2890744593440312,0.13580738008022308
15,390,1,0.01,46,0.9270577430725098,0.08401070535182953,0.28984600282189427,0.09960417449474335
15,390,1,0.01,47,0.9289429187774658,0.08183948695659637,0.2860760160457293,0.10430949926376343
15,390,1,0.01,48,0.9283703565597534,0.08249892294406891,0.28722625740706387,0.11117623746395111
15,390,1,0.01,49,0.9286426305770874,0.08218538016080856,0.28667992633040873,0.14029279351234436
15,390,1,0.01,50,0.9263335466384888,0.08484479039907455,0.29128129084971205,0.1307564079761505
15,390,1,0.01,51,0.9278355836868286,0.0831148698925972,0.2882964964972644,0.1130308285355568
15,390,1,0.01,52,0.9303452372550964,0.0802244022488594,0.2832391255615287,0.10743001103401184
15,390,1,0.01,53,0.9267140626907349,0.08440656960010529,0.2905280874547335,0.10731630772352219
15,390,1,0.01,54,0.926724374294281,0.08439470827579498,0.2905076733509719,0.08931265026330948
15,390,1,0.01,55,0.9271724820137024,0.08387857675552368,0.28961798417143175,0.09092986583709717
15,390,1,0.01,56,0.9284364581108093,0.08242280781269073,0.28709372652966614,0.11930292099714279
15,390,1,0.01,57,0.9277441501617432,0.08322020620107651,0.28847912610980453,0.09300825744867325
15,390,1,0.01,58,0.9284709692001343,0.08238308131694794,0.28702453086269114,0.09521370381116867
15,390,1,0.01,59,0.9262445569038391,0.08494734019041061,0.29145726992204296,0.08036026358604431
15,390,1,0.01,60,0.9254768490791321,0.08583148568868637,0.29297011057219874,0.11190863698720932
15,390,1,0.01,61,0.9244039058685303,0.08706729114055634,0.2950716711928753,0.13019467890262604
15,390,1,0.01,62,0.9273461103439331,0.08367857336997986,0.28927248982573484,0.08291694521903992
15,390,1,0.01,63,0.9265522956848145,0.08459290117025375,0.29084858804926966,0.0823541134595871
15,390,1,0.01,64,0.930627167224884,0.07989969849586487,0.2826653471790712,0.1224140077829361
15,390,1,0.01,65,0.9277666807174683,0.08319418132305145,0.28843401554437276,0.10730136930942535
15,390,1,0.01,66,0.9284088015556335,0.08245468884706497,0.2871492449007397,0.12506771087646484
15,390,1,0.01,67,0.9229803085327148,0.08870691806077957,0.29783706629763124,0.12491744756698608
15,390,1,0.01,68,0.9266830682754517,0.08444228768348694,0.29058955191728236,0.0812603309750557
15,390,1,0.01,69,0.925375759601593,0.08594794571399689,0.29316880071726065,0.08085698634386063
15,390,1,0.01,70,0.9273039698600769,0.0837271437048912,0.28935643021175667,0.08584866672754288
15,390,1,0.01,71,0.9270881414413452,0.08397573977708817,0.2897856790407148,0.1431620568037033
15,390,1,0.01,72,0.9279815554618835,0.08294671773910522,0.28800471825840845,0.14783333241939545
15,390,1,0.01,73,0.9254084825515747,0.08591027557849884,0.2931045471815455,0.11025317013263702
15,390,1,0.01,74,0.9270336627960205,0.08403845876455307,0.2898938750035141,0.10717064887285233
15,390,1,0.01,75,0.9234692454338074,0.08814377337694168,0.29689017056302436,0.0947437733411789
15,390,1,0.01,76,0.9211708903312683,0.09079085290431976,0.3013152052325268,0.10425031930208206
15,390,1,0.01,77,0.9231557846069336,0.08850479125976562,0.2974975483256385,0.08177012950181961
15,390,1,0.01,78,0.9248979091644287,0.08649829775094986,0.29410592947261344,0.13028539717197418
15,390,1,0.01,79,0.9267924427986145,0.08431629091501236,0.2903726759097907,0.08503139764070511
15,390,1,0.01,80,0.9261455535888672,0.08506136387586594,0.2916528139344209,0.0930132046341896
15,390,1,0.01,81,0.9265393018722534,0.0846078172326088,0.29087422923423245,0.10521546006202698
15,390,1,0.01,82,0.9272933006286621,0.08373940736055374,0.28937762069751305,0.07635848969221115
15,390,1,0.01,83,0.9295273423194885,0.0811663568019867,0.28489709861981166,0.126108318567276
15,390,1,0.01,84,0.9290469288825989,0.08171972632408142,0.28586662331248364,0.15845949947834015
15,390,1,0.01,85,0.9273701310157776,0.08365095406770706,0.2892247466378129,0.09128093719482422
15,390,1,0.01,86,0.9264854788780212,0.0846698135137558,0.29098077859844246,0.07203038781881332
15,390,1,0.01,87,0.9264323115348816,0.0847310870885849,0.2910860475676993,0.12861166894435883
15,390,1,0.01,88,0.9264308214187622,0.08473275601863861,0.2910889142833141,0.07888209819793701
15,390,1,0.01,89,0.9238514304161072,0.08770359307527542,0.29614792431363657,0.12253984808921814
15,390,1,0.01,90,0.9243627786636353,0.08711462467908859,0.2951518671448456,0.12455851584672928
15,390,1,0.01,91,0.9240388870239258,0.08748766779899597,0.295783143196153,0.07066016644239426
15,390,1,0.01,92,0.9236811995506287,0.08789964765310287,0.29647874738858243,0.1047777459025383
15,390,1,0.01,93,0.9277921319007874,0.08316487818956375,0.2883832141258637,0.10990282893180847
15,390,1,0.01,94,0.9337786436080933,0.07626994699239731,0.2761701413846133,0.09833300113677979
15,390,1,0.01,95,0.9403368830680847,0.06871658563613892,0.26213848560663294,0.1404525637626648
15,390,1,0.01,96,0.9262999892234802,0.08488347381353378,0.2913476854439276,0.16729864478111267
15,390,1,0.01,97,0.9242242574691772,0.0872742086648941,0.2954220856078538,0.07109280675649643
15,390,1,0.01,98,0.921775221824646,0.09009487926959991,0.3001580904616764,0.12362542748451233
15,390,1,0.01,99,0.9223887324333191,0.08938825130462646,0.2989786803513362,0.08201395720243454
15,390,1,0.01,100,0.9213231205940247,0.09061554074287415,0.3010241530888745,0.07035838812589645
16,390,1,0.01,1,0.9145320057868958,0.09843716025352478,0.31374696851686834,0.4327378273010254
16,390,1,0.01,2,0.9230473041534424,0.08862973004579544,0.2977074571551667,0.24935151636600494
16,390,1,0.01,3,0.9265503883361816,0.08459503948688507,0.29085226402227826,0.19515974819660187
16,390,1,0.01,4,0.9284615516662598,0.08239387720823288,0.2870433368121143,0.18426862359046936
16,390,1,0.01,5,0.9269054532051086,0.08418609946966171,0.29014840938675107,0.2165583372116089
16,390,1,0.01,6,0.9269824624061584,0.08409743010997772,0.28999556912128455,0.18968002498149872
16,390,1,0.01,7,0.9257234334945679,0.08554747700691223,0.29248500304616,0.17028594017028809
16,390,1,0.01,8,0.9222684502601624,0.08952679485082626,0.29921028533595945,0.26840633153915405
16,390,1,0.01,9,0.9262664914131165,0.08492205291986465,0.2914138859420818,0.15861865878105164
16,390,1,0.01,10,0.9226391911506653,0.08909975737333298,0.2984958247167504,0.1696716547012329
16,390,1,0.01,11,0.9260067939758301,0.08522116392850876,0.29192664134763163,0.16564048826694489
16,390,1,0.01,12,0.9252371191978455,0.08610764145851135,0.29344103574399977,0.1457640528678894
16,390,1,0.01,13,0.9246007800102234,0.08684054762125015,0.2946872030157573,0.12838158011436462
16,390,1,0.01,14,0.9254540205001831,0.08585778623819351,0.29301499319692415,0.15459702908992767
16,390,1,0.01,15,0.9274093508720398,0.08360578119754791,0.2891466430680943,0.09687863290309906
16,390,1,0.01,16,0.9224792122840881,0.0892840176820755,0.2988043133592209,0.14601007103919983
16,390,1,0.01,17,0.924587070941925,0.08685628324747086,0.2947139006688874,0.10913693904876709
16,390,1,0.01,18,0.9248050451278687,0.0866052582859993,0.2942877134472306,0.112644262611866
16,390,1,0.01,19,0.9243317246437073,0.08715038001537323,0.2952124320135811,0.10712801665067673
16,390,1,0.01,20,0.9254060983657837,0.0859130322933197,0.2931092497573553,0.10179176926612854
16,390,1,0.01,21,0.9241957664489746,0.08730702102184296,0.2954776150943468,0.16606225073337555
16,390,1,0.01,22,0.9239779710769653,0.08755780756473541,0.29590168564024,0.14191485941410065
16,390,1,0.01,23,0.9235411286354065,0.08806096017360687,0.2967506700474438,0.11252977699041367
16,390,1,0.01,24,0.9250958561897278,0.08627033978700638,0.29371812982348633,0.12426236271858215
16,390,1,0.01,25,0.9246396422386169,0.08679573982954025,0.2946111671840364,0.09643087536096573
16,390,1,0.01,26,0.9201458096504211,0.09197152405977249,0.30326807293180813,0.1548072099685669
16,390,1,0.01,27,0.9261316657066345,0.08507733792066574,0.2916801980263071,0.14483509957790375
16,390,1,0.01,28,0.9230689406394958,0.08860483765602112,0.2976656474234491,0.13820724189281464
16,390,1,0.01,29,0.9237022399902344,0.08787540346384048,0.2964378576765128,0.09601868689060211
16,390,1,0.01,30,0.9219667315483093,0.0898742601275444,0.2997903602978995,0.16903644800186157
16,390,1,0.01,31,0.9249629974365234,0.0864233449101448,0.29397847695051554,0.13137544691562653
16,390,1,0.01,32,0.924622654914856,0.08681529015302658,0.2946443451909888,0.11907528340816498
16,390,1,0.01,33,0.9256057143211365,0.08568312227725983,0.2927167953453642,0.1167643591761589
16,390,1,0.01,34,0.9227768182754517,0.08894123136997223,0.29823016509060957,0.11942241340875626
16,390,1,0.01,35,0.9243451356887817,0.08713497221469879,0.2951863347357035,0.09481813758611679
16,390,1,0.01,36,0.9254065155982971,0.08591249585151672,0.2931083346674344,0.0989609807729721
16,390,1,0.01,37,0.9255993366241455,0.08569043129682541,0.2927292798761774,0.09228713810443878
16,390,1,0.01,38,0.9269028306007385,0.08418916910886765,0.29015369911284544,0.08738750219345093
16,390,1,0.01,39,0.9272457361221313,0.08379419893026352,0.2894722766177506,0.13588528335094452
16,390,1,0.01,40,0.9256178736686707,0.08566907793283463,0.29269280471654,0.14117351174354553
16,390,1,0.01,41,0.9259240031242371,0.08531652390956879,0.29208992435475895,0.11212298274040222
16,390,1,0.01,42,0.9260054230690002,0.0852227583527565,0.29192937219943543,0.12234091013669968
16,390,1,0.01,43,0.9275214672088623,0.08347660303115845,0.2889231784249205,0.0851840078830719
16,390,1,0.01,44,0.9269618988037109,0.08412109315395355,0.29003636522676524,0.08165056258440018
16,390,1,0.01,45,0.9251794815063477,0.08617401123046875,0.2935541027314535,0.10595717281103134
16,390,1,0.01,46,0.9266349077224731,0.08449775725603104,0.29068497941247506,0.10637425631284714
16,390,1,0.01,47,0.927718997001648,0.08324916660785675,0.2885293167216405,0.1110868752002716
16,390,1,0.01,48,0.9261513948440552,0.08505459129810333,0.29164120301854357,0.13523651659488678
16,390,1,0.01,49,0.924042284488678,0.08748378604650497,0.29577658130167267,0.10647179186344147
16,390,1,0.01,50,0.9263015985488892,0.08488159626722336,0.29134446325136054,0.1122143417596817
16,390,1,0.01,51,0.9260369539260864,0.08518639206886292,0.29186707945375223,0.08173633366823196
16,390,1,0.01,52,0.9266520142555237,0.08447802811861038,0.29065104183300355,0.10532228648662567
16,390,1,0.01,53,0.9279334545135498,0.08300214260816574,0.2881009243445181,0.07667835056781769
16,390,1,0.01,54,0.9288715720176697,0.08192168176174164,0.28621963902175135,0.09719018638134003
16,390,1,0.01,55,0.9292672872543335,0.08146589994430542,0.2854223185812655,0.08484603464603424
16,390,1,0.01,56,0.9298386573791504,0.08080784231424332,0.2842672023189508,0.10137719660997391
16,390,1,0.01,57,0.9305071830749512,0.08003786951303482,0.28290964902780324,0.09007295221090317
16,390,1,0.01,58,0.9239174723625183,0.08762750774621964,0.2960194381222619,0.11856753379106522
16,390,1,0.01,59,0.9298341870307922,0.08081299811601639,0.28427627075789563,0.1284184753894806
16,390,1,0.01,60,0.9315105080604553,0.07888226956129074,0.2808598753138133,0.1074105054140091
16,390,1,0.01,61,0.9344987869262695,0.07544055581092834,0.27466444220344277,0.0969298705458641
16,390,1,0.01,62,0.9331605434417725,0.07698187977075577,0.27745608620240386,0.08948426693677902
16,390,1,0.01,63,0.9299426078796387,0.08068811893463135,0.2840565417916499,0.1273742914199829
16,390,1,0.01,64,0.933018684387207,0.0771452859044075,0.2777504021678592,0.09526785463094711
16,390,1,0.01,65,0.9346134066581726,0.07530856877565384,0.27442406741328984,0.1360122561454773
16,390,1,0.01,66,0.931766152381897,0.07858788967132568,0.28033531648960264,0.07825561612844467
16,390,1,0.01,67,0.9361053109169006,0.07359026372432709,0.2712752545373925,0.09383329004049301
16,390,1,0.01,68,0.943088710308075,0.06554721295833588,0.25602189937256514,0.11839407682418823
16,390,1,0.01,69,0.9316061735153198,0.07877212017774582,0.2806637136819539,0.06952120363712311
16,390,1,0.01,70,0.930514395236969,0.08002956211566925,0.2828949665788864,0.09314610809087753
16,390,1,0.01,71,0.9293910264968872,0.08132335543632507,0.28517250119239246,0.09163010865449905
16,390,1,0.01,72,0.9283930659294128,0.08247275650501251,0.28718070357357317,0.13216933608055115
16,390,1,0.01,73,0.9304460287094116,0.08010826259851456,0.2830340308134599,0.09060224890708923
16,390,1,0.01,74,0.9292901158332825,0.08143963664770126,0.28537630708890543,0.0926951915025711
16,390,1,0.01,75,0.9247698783874512,0.08664574474096298,0.29435649260881436,0.10741404443979263
16,390,1,0.01,76,0.9271149635314941,0.08394484221935272,0.2897323630859223,0.08125530183315277
16,390,1,0.01,77,0.9282771348953247,0.08260629326105118,0.2874131055833244,0.08504235744476318
16,390,1,0.01,78,0.929504930973053,0.08119218051433563,0.28494241613760424,0.11331801861524582
16,390,1,0.01,79,0.9266389608383179,0.08449307084083557,0.29067691831453624,0.08304920047521591
16,390,1,0.01,80,0.9289451241493225,0.08183693885803223,0.2860715624770002,0.08825540542602539
16,390,1,0.01,81,0.9274400472640991,0.08357038348913193,0.28908542593692255,0.09802991151809692
16,390,1,0.01,82,0.9264231324195862,0.08474163711071014,0.29110416883086737,0.12106487900018692
16,390,1,0.01,83,0.9284124374389648,0.08245043456554413,0.2871418370170814,0.13676105439662933
16,390,1,0.01,84,0.926946222782135,0.08413918316364288,0.2900675493116093,0.11976190656423569
16,390,1,0.01,85,0.9283062219619751,0.08257277309894562,0.28735478610760185,0.08710690587759018
16,390,1,0.01,86,0.9350565671920776,0.07479817420244217,0.2734925487146627,0.10911380499601364
16,390,1,0.01,87,0.9286885857582092,0.08213245123624802,0.2865875978409534,0.08146302402019501
16,390,1,0.01,88,0.9290366768836975,0.08173148334026337,0.2858871863869792,0.061910293996334076
16,390,1,0.01,89,0.9295467734336853,0.08114403486251831,0.2848579204840868,0.06370323151350021
16,390,1,0.01,90,0.9301596283912659,0.08043815940618515,0.2836162185175332,0.08770474791526794
16,390,1,0.01,91,0.9315067529678345,0.07888664305210114,0.28086766110056377,0.08569637686014175
16,390,1,0.01,92,0.9302823543548584,0.08029678463935852,0.28336687286865153,0.06251730769872665
16,390,1,0.01,93,0.9288579225540161,0.08193742483854294,0.2862471394416771,0.10880681872367859
16,390,1,0.01,94,0.9290871620178223,0.08167339861392975,0.28578558153610506,0.09509550034999847
16,390,1,0.01,95,0.9312828183174133,0.07914451509714127,0.28132634980950727,0.1210426464676857
16,390,1,0.01,96,0.9311372637748718,0.07931218296289444,0.281624187460691,0.0813230350613594
16,390,1,0.01,97,0.932457447052002,0.07779163122177124,0.2789115114543881,0.0717277005314827
16,390,1,0.01,98,0.9315983057022095,0.07878120988607407,0.2806799064523039,0.0740838274359703
16,390,1,0.01,99,0.9305633306503296,0.07997319847345352,0.2827953296528313,0.08204233646392822
16,390,1,0.01,100,0.9330538511276245,0.07710475474596024,0.27767742930594885,0.10774973034858704
17,390,1,0.01,1,0.9116600751876831,0.1017448753118515,0.3189747251928458,0.2405870109796524
17,390,1,0.01,2,0.9182082414627075,0.09420306235551834,0.30692517387063306,0.23062267899513245
17,390,1,0.01,3,0.9191534519195557,0.0931144431233406,0.30514659284242485,0.19469936192035675
17,390,1,0.01,4,0.9196011424064636,0.09259878844022751,0.3043004903713228,0.1923048347234726
17,390,1,0.01,5,0.9212983846664429,0.09064406901597977,0.3010715347155552,0.19358663260936737
17,390,1,0.01,6,0.920893669128418,0.09111019223928452,0.3018446491811384,0.16368654370307922
17,390,1,0.01,7,0.9215469360351562,0.09035773575305939,0.30059563495343605,0.1957896649837494
17,390,1,0.01,8,0.9239032864570618,0.08764388412237167,0.29604709781109434,0.16557946801185608
17,390,1,0.01,9,0.9235867857933044,0.08800835907459259,0.29666202836661215,0.17850267887115479
17,390,1,0.01,10,0.9248980283737183,0.0864982008934021,0.29410576480817596,0.11683666706085205
17,390,1,0.01,11,0.9241465330123901,0.08736371994018555,0.2955735440464616,0.18310675024986267
17,390,1,0.01,12,0.9236622452735901,0.08792147785425186,0.2965155608973193,0.12534770369529724
17,390,1,0.01,13,0.9237228035926819,0.08785174041986465,0.2963979426714441,0.13051128387451172
17,390,1,0.01,14,0.9239242076873779,0.08761976659297943,0.2960063624197619,0.11538150906562805
17,390,1,0.01,15,0.9222795963287354,0.08951392024755478,0.29918877025642987,0.2289317399263382
17,390,1,0.01,16,0.9230350255966187,0.08864383399486542,0.2977311438107633,0.13529270887374878
17,390,1,0.01,17,0.921906590461731,0.08994355797767639,0.2999059152095477,0.12629014253616333
17,390,1,0.01,18,0.9187052845954895,0.09363061934709549,0.30599120795718215,0.11810433864593506
17,390,1,0.01,19,0.9206589460372925,0.0913805365562439,0.30229213776782865,0.09662742912769318
17,390,1,0.01,20,0.9214102625846863,0.09051515907049179,0.3008573733025199,0.09235287457704544
17,390,1,0.01,21,0.9225509166717529,0.08920146524906158,0.29866614345965226,0.1046629250049591
17,390,1,0.01,22,0.9227294921875,0.0889957845211029,0.29832161256118017,0.0897858515381813
17,390,1,0.01,23,0.9230282306671143,0.08865167200565338,0.2977443064202125,0.08155154436826706
17,390,1,0.01,24,0.9215222001075745,0.09038626402616501,0.3006430841149768,0.10924938321113586
17,390,1,0.01,25,0.9240112900733948,0.08751944452524185,0.2958368545756966,0.09394954144954681
17,390,1,0.01,26,0.9210163950920105,0.09096881747245789,0.30161037361546084,0.12712818384170532
17,390,1,0.01,27,0.9224526882171631,0.0893145501613617,0.298855400087336,0.13109688460826874
17,390,1,0.01,28,0.9204224348068237,0.09165291488170624,0.3027423242325166,0.14102698862552643
17,390,1,0.01,29,0.9235413670539856,0.08806066960096359,0.2967501804564971,0.1256721019744873
17,390,1,0.01,30,0.9238396286964417,0.0877171978354454,0.2961708929578418,0.09194567799568176
17,390,1,0.01,31,0.9254657030105591,0.08584437519311905,0.2929921077317938,0.09134521335363388
17,390,1,0.01,32,0.9254765510559082,0.0858318880200386,0.2929707972137131,0.09979894757270813
17,390,1,0.01,33,0.9243267774581909,0.08715607225894928,0.295222072784115,0.13894122838974
17,390,1,0.01,34,0.9228910207748413,0.08880972862243652,0.2980096116276059,0.07275986671447754
17,390,1,0.01,35,0.9266255497932434,0.08450853824615479,0.2907035229338557,0.2083512246608734
17,390,1,0.01,36,0.9254166483879089,0.08590082824230194,0.2930884307547842,0.12955401837825775
17,390,1,0.01,37,0.9262491464614868,0.08494201302528381,0.2914481309346207,0.09127200394868851
17,390,1,0.01,38,0.9213689565658569,0.09056276828050613,0.3009364854591515,0.13904821872711182
17,390,1,0.01,39,0.925208568572998,0.08614051342010498,0.29349704158663165,0.10733404010534286
17,390,1,0.01,40,0.9254971146583557,0.0858081579208374,0.292930295327809,0.0681256577372551
17,390,1,0.01,41,0.9245353937149048,0.08691579103469849,0.29481484195117874,0.10227043926715851
17,390,1,0.01,42,0.9270544052124023,0.08401459455490112,0.28985271182947575,0.11028654873371124
17,390,1,0.01,43,0.9259125590324402,0.08532970398664474,0.2921124851605024,0.10052301734685898
17,390,1,0.01,44,0.9267078042030334,0.08441375941038132,0.2905404608834737,0.10136031359434128
17,390,1,0.01,45,0.9283661842346191,0.08250375092029572,0.28723466176681345,0.10176211595535278
17,390,1,0.01,46,0.9257823824882507,0.08547963201999664,0.2923689997588606,0.18120169639587402
17,390,1,0.01,47,0.9261274337768555,0.08508218824863434,0.29168851237001836,0.1088542714715004
17,390,1,0.01,48,0.926356852054596,0.08481797575950623,0.2912352584415325,0.15681670606136322
17,390,1,0.01,49,0.9255769848823547,0.08571618795394897,0.2927732705592315,0.09873417764902115
17,390,1,0.01,50,0.9273390173912048,0.08368676155805588,0.2892866425503533,0.09400332719087601
17,390,1,0.01,51,0.9257533550262451,0.08551307767629623,0.2924261918438501,0.09705261886119843
17,390,1,0.01,52,0.9265848398208618,0.08455537259578705,0.29078406523705363,0.08728209137916565
17,390,1,0.01,53,0.9270929098129272,0.08397024869918823,0.2897762045082174,0.09339287132024765
17,390,1,0.01,54,0.9259192943572998,0.08532194048166275,0.29209919630437664,0.10835512727499008
17,390,1,0.01,55,0.9280742406845093,0.08283998817205429,0.2878193672636612,0.06710734963417053
17,390,1,0.01,56,0.9248812198638916,0.08651750534772873,0.29413858187549746,0.10791206359863281
17,390,1,0.01,57,0.9271848201751709,0.08386433869600296,0.2895934023696033,0.09297887235879898
17,390,1,0.01,58,0.9237719178199768,0.08779515326023102,0.29630246921048603,0.1161736324429512
17,390,1,0.01,59,0.9228988289833069,0.08880075067281723,0.2979945480588818,0.123280830681324
17,390,1,0.01,60,0.9282976388931274,0.08258270472288132,0.2873720667060063,0.09846719354391098
17,390,1,0.01,61,0.9303288459777832,0.0802432969212532,0.2832724782276831,0.08182831108570099
17,390,1,0.01,62,0.9281772971153259,0.0827212706208229,0.2876130571111522,0.0900438129901886
17,390,1,0.01,63,0.9282152056694031,0.08267764002084732,0.2875371976298846,0.0962340459227562
17,390,1,0.01,64,0.9273783564567566,0.08364144712686539,0.2892083109574574,0.09264655411243439
17,390,1,0.01,65,0.9279629588127136,0.08296816796064377,0.2880419552090351,0.16763852536678314
17,390,1,0.01,66,0.928730845451355,0.08208375424146652,0.28650262519123015,0.08690638840198517
17,390,1,0.01,67,0.9293807148933411,0.08133525401353836,0.2851933624990918,0.06980188190937042
17,390,1,0.01,68,0.9303780198097229,0.08018659800291061,0.28317238213305795,0.09028833359479904
17,390,1,0.01,69,0.9292154312133789,0.08152561634778976,0.2855269100238886,0.13176169991493225
17,390,1,0.01,70,0.9312965869903564,0.07912866026163101,0.28129816967344634,0.07361283898353577
17,390,1,0.01,71,0.9309647679328918,0.07951085269451141,0.28197668821112043,0.09886682033538818
17,390,1,0.01,72,0.9296678900718689,0.08100450783967972,0.28461290877203677,0.0628163069486618
17,390,1,0.01,73,0.9274459481239319,0.08356362581253052,0.28907373767350525,0.13578882813453674
17,390,1,0.01,74,0.9297362565994263,0.08092577010393143,0.28447455088976137,0.09636157751083374
17,390,1,0.01,75,0.9286577105522156,0.08216796070337296,0.286649543351063,0.0785369947552681
17,390,1,0.01,76,0.9318976998329163,0.07843637466430664,0.28006494722529385,0.07063424587249756
17,390,1,0.01,77,0.9316202402114868,0.07875588536262512,0.28063479000762737,0.09541890770196915
17,390,1,0.01,78,0.9305381178855896,0.08000225573778152,0.2828467000652147,0.07612448185682297
17,390,1,0.01,79,0.9272111058235168,0.08383411169052124,0.28954120896777585,0.0836523249745369
17,390,1,0.01,80,0.9285842776298523,0.08225257694721222,0.28679710066040104,0.07978293299674988
17,390,1,0.01,81,0.9279491305351257,0.0829840674996376,0.28806955323261363,0.1068212017416954
17,390,1,0.01,82,0.9303854703903198,0.08017800748348236,0.2831572133700329,0.0756639614701271
17,390,1,0.01,83,0.9295114278793335,0.08118470758199692,0.28492930277877165,0.08593219518661499
17,390,1,0.01,84,0.92891526222229,0.0818713828921318,0.2861317579230446,0.06531229615211487
17,390,1,0.01,85,0.9287477135658264,0.08206434547901154,0.28646875131331784,0.07705264538526535
17,390,1,0.01,86,0.9296364188194275,0.08104074746370316,0.2846765664112576,0.08648990094661713
17,390,1,0.01,87,0.9311740398406982,0.07926981896162033,0.28154896370191157,0.08900833874940872
17,390,1,0.01,88,0.9309865832328796,0.0794856920838356,0.2819320699811137,0.07202146202325821
17,390,1,0.01,89,0.9284070730209351,0.08245667815208435,0.2871527087667542,0.08510658144950867
17,390,1,0.01,90,0.9276427030563354,0.08333704620599747,0.28868156540727963,0.09003542363643646
17,390,1,0.01,91,0.9317171573638916,0.07864424586296082,0.28043581415889235,0.07290510833263397
17,390,1,0.01,92,0.9323009252548218,0.07797189801931381,0.2792344857271641,0.07799219340085983
17,390,1,0.01,93,0.9311061501502991,0.07934802770614624,0.2816878195913807,0.09385316073894501
17,390,1,0.01,94,0.9311692714691162,0.07927530258893967,0.2815587018526326,0.08297333121299744
17,390,1,0.01,95,0.9320788383483887,0.07822772860527039,0.2796922033330039,0.08076722174882889
17,390,1,0.01,96,0.9344148635864258,0.07553718984127045,0.27484029879417327,0.10334447771310806
17,390,1,0.01,97,0.9330973625183105,0.07705466449260712,0.27758721961323635,0.06576582044363022
17,390,1,0.01,98,0.9340214729309082,0.07599030435085297,0.275663389572959,0.07823185622692108
17,390,1,0.01,99,0.9338491559028625,0.07618875056505203,0.2760230978832243,0.06672763079404831
17,390,1,0.01,100,0.9341530203819275,0.07583881169557571,0.27538847415165313,0.11101943999528885
18,390,1,0.01,1,0.9071819186210632,0.10690256208181381,0.3269595725495949,0.3075101375579834
18,390,1,0.01,2,0.9155306816101074,0.09728693217039108,0.3119085317370961,0.2176184356212616
18,390,1,0.01,3,0.9174085259437561,0.09512414783239365,0.30842202877290337,0.2691624164581299
18,390,1,0.01,4,0.9212161302566528,0.09073879569768906,0.30122880954133363,0.1814153790473938
18,390,1,0.01,5,0.9213092923164368,0.09063149243593216,0.30105064762583084,0.17417369782924652
18,390,1,0.01,6,0.9232685565948486,0.08837489038705826,0.2972791455636575,0.15810425579547882
18,390,1,0.01,7,0.922970712184906,0.08871793001890182,0.29785555227140187,0.14450481534004211
18,390,1,0.01,8,0.9206230044364929,0.09142191708087921,0.30236057461395194,0.16041299700737
18,390,1,0.01,9,0.9211880564689636,0.0907711312174797,0.3012824774484565,0.15115824341773987
18,390,1,0.01,10,0.9219652414321899,0.08987598866224289,0.29979324318977385,0.14177870750427246
18,390,1,0.01,11,0.9212914109230042,0.09065206348896027,0.3010848111229795,0.14752748608589172
18,390,1,0.01,12,0.9210219979286194,0.09096234291791916,0.301599640115699,0.11586737632751465
18,390,1,0.01,13,0.9215254187583923,0.09038257598876953,0.3006369504714441,0.12270825356245041
18,390,1,0.01,14,0.922184407711029,0.0896235853433609,0.29937198490065986,0.08980554342269897
18,390,1,0.01,15,0.919257402420044,0.09299474209547043,0.3049503928436073,0.16874806582927704
18,390,1,0.01,16,0.9207007884979248,0.0913323163986206,0.30221236969823156,0.10525161772966385
18,390,1,0.01,17,0.9221171140670776,0.0897011086344719,0.2995014334431004,0.09159714728593826
18,390,1,0.01,18,0.9199182391166687,0.0922335833311081,0.303699824384388,0.1323775202035904
18,390,1,0.01,19,0.9239053726196289,0.08764148503541946,0.296043045916332,0.09114615619182587
18,390,1,0.01,20,0.9221104383468628,0.08970873057842255,0.29951415755924216,0.11088790744543076
18,390,1,0.01,21,0.9237074851989746,0.08786935359239578,0.2964276532181095,0.10910821706056595
18,390,1,0.01,22,0.9244743585586548,0.08698611706495285,0.29493408935718646,0.11539614200592041
18,390,1,0.01,23,0.9246467351913452,0.08678756654262543,0.2945972955453349,0.11207717657089233
18,390,1,0.01,24,0.9256268739700317,0.0856587141752243,0.2926751000259918,0.10662756860256195
18,390,1,0.01,25,0.925553023815155,0.08574379235506058,0.292820409731051,0.09267081320285797
18,390,1,0.01,26,0.9247467517852783,0.08667241781949997,0.2944017965629625,0.11656109988689423
18,390,1,0.01,27,0.9257188439369202,0.08555278182029724,0.2924940714276056,0.11978277564048767
18,390,1,0.01,28,0.9273303747177124,0.08369674533605576,0.2893038978929523,0.12989206612110138
18,390,1,0.01,29,0.9267897009849548,0.08431946486234665,0.2903781411579505,0.11409486085176468
18,390,1,0.01,30,0.9219212532043457,0.08992663770914078,0.29987770458828844,0.1811651736497879
18,390,1,0.01,31,0.9250952005386353,0.08627111464738846,0.2937194488749229,0.10528377443552017
18,390,1,0.01,32,0.9267926216125488,0.08431606739759445,0.2903722910292827,0.1308550387620926
18,390,1,0.01,33,0.9248496294021606,0.08655394613742828,0.2942005202874874,0.14561916887760162
18,390,1,0.01,34,0.9135222434997559,0.09960012137889862,0.3155948690630103,0.31304267048835754
18,390,1,0.01,35,0.9270615577697754,0.08400632441043854,0.2898384453629962,0.12826338410377502
18,390,1,0.01,36,0.9288860559463501,0.08190496265888214,0.28619043076050277,0.13929863274097443
18,390,1,0.01,37,0.9284092783927917,0.08245409280061722,0.28714820703012794,0.09282349050045013
18,390,1,0.01,38,0.9270538091659546,0.08401523530483246,0.2898538171300017,0.13114449381828308
18,390,1,0.01,39,0.9267411828041077,0.08437533676624298,0.2904743306494448,0.12652964890003204
18,390,1,0.01,40,0.9265438318252563,0.08460264652967453,0.2908653408876254,0.11509443819522858
18,390,1,0.01,41,0.9266019463539124,0.08453568071126938,0.29075020328672063,0.11225564032793045
18,390,1,0.01,42,0.9264407157897949,0.08472142368555069,0.2910694482173467,0.09160886704921722
18,390,1,0.01,43,0.9284168481826782,0.08244535326957703,0.28713298882151633,0.1233338713645935
18,390,1,0.01,44,0.9307354092597961,0.07977497577667236,0.282444641968426,0.1451229602098465
18,390,1,0.01,45,0.9288257360458374,0.08197446167469025,0.2863118259427826,0.11285965144634247
18,390,1,0.01,46,0.9284756183624268,0.08237770199775696,0.28701515987445153,0.23993201553821564
18,390,1,0.01,47,0.9278059005737305,0.0831490159034729,0.2883557107176359,0.12115264683961868
18,390,1,0.01,48,0.9284279942512512,0.0824325680732727,0.2871107244135487,0.09122970700263977
18,390,1,0.01,49,0.9280944466590881,0.08281669020652771,0.2877788911760689,0.11088874936103821
18,390,1,0.01,50,0.9294199347496033,0.08129006624221802,0.28511412845072764,0.12708880007266998
18,390,1,0.01,51,0.924011766910553,0.08751893788576126,0.2958359982925696,0.23171886801719666
18,390,1,0.01,52,0.9268749952316284,0.08422119915485382,0.29020888882812296,0.09125927090644836
18,390,1,0.01,53,0.9287678003311157,0.0820411667227745,0.2864282924621353,0.09718296676874161
18,390,1,0.01,54,0.9295722842216492,0.08111462742090225,0.2848062980709911,0.10831181704998016
18,390,1,0.01,55,0.9296353459358215,0.08104201406240463,0.28467879103017957,0.10493380576372147
18,390,1,0.01,56,0.9280983805656433,0.08281219005584717,0.2877710723054824,0.10822837054729462
18,390,1,0.01,57,0.9277370572090149,0.08322833478450775,0.2884932144514109,0.09199859946966171
18,390,1,0.01,58,0.9259865880012512,0.08524441719055176,0.29196646586646174,0.15426817536354065
18,390,1,0.01,59,0.927416980266571,0.08359696716070175,0.2891314012014291,0.11099736392498016
18,390,1,0.01,60,0.9283120036125183,0.08256613463163376,0.2873432348805758,0.11538760364055634
18,390,1,0.01,61,0.9301202297210693,0.08048354834318161,0.28369622546516476,0.1291128695011139
18,390,1,0.01,62,0.9292526245117188,0.08148282766342163,0.28545197085222873,0.12840871512889862
18,390,1,0.01,63,0.930561363697052,0.07997545599937439,0.28279932107304356,0.1588056981563568
18,390,1,0.01,64,0.9427573084831238,0.06592884659767151,0.25676613210793886,0.08521580696105957
18,390,1,0.01,65,0.9314537048339844,0.07894767820835114,0.2809762947445053,0.13532786071300507
18,390,1,0.01,66,0.9301507472991943,0.08044835180044174,0.28363418658624656,0.10231200605630875
18,390,1,0.01,67,0.9292700886726379,0.08146268874406815,0.2854166931769551,0.1229076236486435
18,390,1,0.01,68,0.9301134347915649,0.08049140125513077,0.2837100654808193,0.08893750607967377
18,390,1,0.01,69,0.9316517114639282,0.07871963083744049,0.28057018878961554,0.11581713706254959
18,390,1,0.01,70,0.9319066405296326,0.0784260481595993,0.28004651070777387,0.08841073513031006
18,390,1,0.01,71,0.9321915507316589,0.07809790223836899,0.27946001903379486,0.10699277371168137
18,390,1,0.01,72,0.9246118068695068,0.08682785928249359,0.29466567374313146,0.17966602742671967
18,390,1,0.01,73,0.9297615885734558,0.08089657872915268,0.28442323872910363,0.12692824006080627
18,390,1,0.01,74,0.9313743710517883,0.0790390744805336,0.2811388882394849,0.11118938773870468
18,390,1,0.01,75,0.9301632642745972,0.0804339349269867,0.28360877089220404,0.09180624783039093
18,390,1,0.01,76,0.9313716888427734,0.07904215157032013,0.2811443607300707,0.10975483059883118
18,390,1,0.01,77,0.9336723685264587,0.07639240473508835,0.2763917595281892,0.11868265271186829
18,390,1,0.01,78,0.934090256690979,0.07591111958026886,0.27551972629971316,0.10170132666826248
18,390,1,0.01,79,0.9316136837005615,0.07876348495483398,0.2806483296847391,0.08970185369253159
18,390,1,0.01,80,0.9308688640594482,0.07962129265069962,0.28217245196988955,0.09681091457605362
18,390,1,0.01,81,0.9323009848594666,0.07797183841466904,0.2792343789984841,0.13745127618312836
18,390,1,0.01,82,0.9312034845352173,0.07923594117164612,0.2814887940427578,0.12250320613384247
18,390,1,0.01,83,0.9315522909164429,0.07883419096469879,0.2807742704819991,0.10003232955932617
18,390,1,0.01,84,0.9311611652374268,0.07928463071584702,0.2815752665200674,0.1139528900384903
18,390,1,0.01,85,0.9311310648918152,0.07931934297084808,0.2816368991642396,0.11062508821487427
18,390,1,0.01,86,0.931857168674469,0.07848300039768219,0.28014817578860335,0.0990179181098938
18,390,1,0.01,87,0.9326273202896118,0.07759597897529602,0.27856054813145387,0.08391997963190079
18,390,1,0.01,88,0.9321177005767822,0.07818296551704407,0.2796121698300059,0.11275192350149155
18,390,1,0.01,89,0.9304839372634888,0.08006465435028076,0.2829569832152597,0.08849252760410309
18,390,1,0.01,90,0.9311233758926392,0.07932814210653305,0.28165252014944414,0.07740883529186249
18,390,1,0.01,91,0.9297213554382324,0.08094297349452972,0.28450478641760973,0.08187054842710495
18,390,1,0.01,92,0.9297553300857544,0.08090376853942871,0.2844358777289333,0.1404285728931427
18,390,1,0.01,93,0.9307341575622559,0.07977645099163055,0.28244725346802463,0.10499462485313416
18,390,1,0.01,94,0.9315473437309265,0.07883987575769424,0.2807843937217563,0.12008729577064514
18,390,1,0.01,95,0.926837682723999,0.08426415175199509,0.2902828822924202,0.15037624537944794
18,390,1,0.01,96,0.9276185631752014,0.0833648294210434,0.2887296822653386,0.14754551649093628
18,390,1,0.01,97,0.9297838807106018,0.08087089657783508,0.2843780873728408,0.11644969880580902
18,390,1,0.01,98,0.9319170713424683,0.07841400057077408,0.28002499990317664,0.11121226102113724
18,390,1,0.01,99,0.9298481345176697,0.08079692721366882,0.28424800300735414,0.09140323847532272
18,390,1,0.01,100,0.9319972395896912,0.07832168787717819,0.27986012198449817,0.09041053801774979
19,390,1,0.01,1,0.9000486731529236,0.11511822789907455,0.3392907719037972,0.4300573766231537
19,390,1,0.01,2,0.9111122488975525,0.102375827729702,0.3199622285984738,0.2926779091358185
19,390,1,0.01,3,0.9163663983345032,0.09632439911365509,0.3103617230163138,0.22220715880393982
19,390,1,0.01,4,0.9180554151535034,0.09437906742095947,0.30721176315525334,0.20096531510353088
19,390,1,0.01,5,0.9192430973052979,0.09301120787858963,0.3049773891267837,0.19012236595153809
19,390,1,0.01,6,0.9198830723762512,0.09227412939071655,0.3037665705615359,0.19259227812290192
19,390,1,0.01,7,0.9197105169296265,0.09247282147407532,0.30409344201096367,0.15599045157432556
19,390,1,0.01,8,0.9205520749092102,0.09150361269712448,0.3024956407902839,0.1493883579969406
19,390,1,0.01,9,0.9212369322776794,0.09071479737758636,0.3011889728685072,0.14529308676719666
19,390,1,0.01,10,0.922166109085083,0.089644655585289,0.29940717357018853,0.1415456235408783
19,390,1,0.01,11,0.9224050641059875,0.08936942368745804,0.2989471921384411,0.14316628873348236
19,390,1,0.01,12,0.9232956767082214,0.08834366500377655,0.2972266222998481,0.1252088099718094
19,390,1,0.01,13,0.9195448160171509,0.0926637277007103,0.3044071741938916,0.18084648251533508
19,390,1,0.01,14,0.9186794757843018,0.09366033971309662,0.3060397681888689,0.22404101490974426
19,390,1,0.01,15,0.9227110147476196,0.08901701122522354,0.2983571873195341,0.12528924643993378
19,390,1,0.01,16,0.9245699048042297,0.08687607198953629,0.2947474715574949,0.13175040483474731
19,390,1,0.01,17,0.9242208003997803,0.08727813512086868,0.2954287310348617,0.11550328880548477
19,390,1,0.01,18,0.9242984652519226,0.0871887281537056,0.295277374943807,0.133721724152565
19,390,1,0.01,19,0.9244909882545471,0.08696698397397995,0.29490165135851637,0.13215328752994537
19,390,1,0.01,20,0.9220609664916992,0.08976569771766663,0.29960924170937486,0.1648380607366562
19,390,1,0.01,21,0.9185996055603027,0.09375234693288803,0.3061900503492692,0.21724887192249298
19,390,1,0.01,22,0.9232146739959717,0.08843693137168884,0.2973834752834946,0.09086208790540695
19,390,1,0.01,23,0.923025906085968,0.08865437656641006,0.29774884813616,0.10369119048118591
19,390,1,0.01,24,0.9217180609703064,0.09016065299510956,0.3002676356104826,0.13241776823997498
19,390,1,0.01,25,0.9200887680053711,0.09203721582889557,0.30337636003633434,0.1855224221944809
19,390,1,0.01,26,0.9211105704307556,0.09086032211780548,0.3014304598374316,0.11062860488891602
19,390,1,0.01,27,0.9211550951004028,0.09080904722213745,0.3013453952230521,0.10931440442800522
19,390,1,0.01,28,0.920703649520874,0.09132903069257736,0.3022069335613883,0.13579542934894562
19,390,1,0.01,29,0.9198805093765259,0.09227707237005234,0.30377141466907703,0.12428072094917297
19,390,1,0.01,30,0.9206177592277527,0.09142795950174332,0.3023705665268088,0.12322568148374557
19,390,1,0.01,31,0.9179984331130981,0.09444469958543777,0.3073185636850429,0.17084795236587524
19,390,1,0.01,32,0.9180006980895996,0.09444214403629303,0.3073144058391878,0.18283459544181824
19,390,1,0.01,33,0.9208861589431763,0.09111882001161575,0.30185894058585666,0.12283838540315628
19,390,1,0.01,34,0.9200196862220764,0.09211673587560654,0.3035073901499048,0.12490031868219376
19,390,1,0.01,35,0.9210104942321777,0.09097560495138168,0.30162162547035926,0.11146112531423569
19,390,1,0.01,36,0.9189807772636414,0.0933132991194725,0.30547225589154986,0.09337209910154343
19,390,1,0.01,37,0.917546808719635,0.09496486932039261,0.30816370539113236,0.15183553099632263
19,390,1,0.01,38,0.9168974757194519,0.09571275115013123,0.30937477458598855,0.1874157339334488
19,390,1,0.01,39,0.9175508618354797,0.09496022015810013,0.30815616196678614,0.1451742798089981
19,390,1,0.01,40,0.9212168455123901,0.0907379612326622,0.3012274244365247,0.1167864054441452
19,390,1,0.01,41,0.9205923080444336,0.09145721793174744,0.3024189443995654,0.1048174798488617
19,390,1,0.01,42,0.9201287627220154,0.091991126537323,0.3033003899392861,0.09247779846191406
19,390,1,0.01,43,0.9214861392974854,0.09042781591415405,0.3007121811868519,0.10080930590629578
19,390,1,0.01,44,0.9197577834129333,0.09241839498281479,0.30400393909095125,0.08223660290241241
19,390,1,0.01,45,0.9199795722961426,0.09216298162937164,0.30358356613850435,0.12123861163854599
19,390,1,0.01,46,0.9221104383468628,0.08970874547958374,0.2995141824347951,0.1508660763502121
19,390,1,0.01,47,0.9227358102798462,0.08898849040269852,0.2983093870509249,0.10215964913368225
19,390,1,0.01,48,0.9231418371200562,0.0885208323597908,0.29752450715830253,0.12133407592773438
19,390,1,0.01,49,0.921471893787384,0.0904441848397255,0.30073939688661594,0.10889115184545517
19,390,1,0.01,50,0.9204467535018921,0.09162487834692001,0.3026960164041146,0.126282200217247
19,390,1,0.01,51,0.923363447189331,0.08826559782028198,0.2970952672465214,0.10073283314704895
19,390,1,0.01,52,0.920988142490387,0.09100133180618286,0.30166427001914375,0.13942210376262665
19,390,1,0.01,53,0.9210935831069946,0.09087994694709778,0.30146301091029026,0.09022871404886246
19,390,1,0.01,54,0.9192898273468018,0.09295735508203506,0.30488908652497726,0.11679299920797348
19,390,1,0.01,55,0.9225522875785828,0.08919983357191086,0.29866341184000234,0.11338594555854797
19,390,1,0.01,56,0.9208900332450867,0.0911143347620964,0.3018515111144823,0.0749778151512146
19,390,1,0.01,57,0.9228572845458984,0.08884856849908829,0.29807476998076887,0.09872908145189285
19,390,1,0.01,58,0.9241503477096558,0.08735927194356918,0.2955660196023372,0.07025812566280365
19,390,1,0.01,59,0.921057403087616,0.09092160314321518,0.3015320930568008,0.09086355566978455
19,390,1,0.01,60,0.9256746768951416,0.08560364693403244,0.2925810091821279,0.16505441069602966
19,390,1,0.01,61,0.9218350648880005,0.0900258794426918,0.3000431293042582,0.09227199107408524
19,390,1,0.01,62,0.9243760108947754,0.08709943294525146,0.29512613057005216,0.08231204003095627
19,390,1,0.01,63,0.9240214824676514,0.0875077098608017,0.2958170209112412,0.0767752006649971
19,390,1,0.01,64,0.9231851696968079,0.0884709432721138,0.2974406550425039,0.15338706970214844
19,390,1,0.01,65,0.9244349002838135,0.08703160285949707,0.2950111910750117,0.1176825761795044
19,390,1,0.01,66,0.9252041578292847,0.08614561706781387,0.29350573600496105,0.10281498730182648
19,390,1,0.01,67,0.9286580085754395,0.08216766268014908,0.28664902351159177,0.09048224985599518
19,390,1,0.01,68,0.9303977489471436,0.08016390353441238,0.28313230747198803,0.12537738680839539
19,390,1,0.01,69,0.9272708296775818,0.08376529812812805,0.28942235250258064,0.0922306552529335
19,390,1,0.01,70,0.9292072653770447,0.08153501898050308,0.2855433749546697,0.11983274668455124
19,390,1,0.01,71,0.9320040345191956,0.07831389456987381,0.2798461980622102,0.10541032999753952
19,390,1,0.01,72,0.9336070418357849,0.07646764814853668,0.27652784335132813,0.14387056231498718
19,390,1,0.01,73,0.9329847693443298,0.07718433439731598,0.27782068748981953,0.11832214146852493
19,390,1,0.01,74,0.9262732863426208,0.0849142074584961,0.2914004246024636,0.08398110419511795
19,390,1,0.01,75,0.9289050698280334,0.08188308030366898,0.2861521977963283,0.15826644003391266
19,390,1,0.01,76,0.9233798384666443,0.08824675530195236,0.2970635543144806,0.16784381866455078
19,390,1,0.01,77,0.9257391691207886,0.0855293795466423,0.292454063994061,0.10266024619340897
19,390,1,0.01,78,0.9224659204483032,0.08929935842752457,0.29882998247753617,0.09599510580301285
19,390,1,0.01,79,0.9273000955581665,0.08373163640499115,0.28936419337055364,0.10203560441732407
19,390,1,0.01,80,0.9321405291557312,0.07815667986869812,0.2795651621155578,0.097835473716259
19,390,1,0.01,81,0.9229900240898132,0.0886956974864006,0.29781822893570603,0.09549900144338608
19,390,1,0.01,82,0.9198391437530518,0.09232469648122787,0.3038497926298912,0.12412223219871521
19,390,1,0.01,83,0.9221786260604858,0.08963023871183395,0.29938309690400683,0.09169579297304153
19,390,1,0.01,84,0.9177196025848389,0.09476589411497116,0.30784069600196,0.1514311134815216
19,390,1,0.01,85,0.9228010177612305,0.08891341835260391,0.2981835313235859,0.08779404312372208
19,390,1,0.01,86,0.9247370958328247,0.0866834968328476,0.29442061210595905,0.07482501119375229
19,390,1,0.01,87,0.9238235354423523,0.08773569017648697,0.29620211035117044,0.11843041330575943
19,390,1,0.01,88,0.926994800567627,0.08408324420452118,0.28997110925835556,0.11053372174501419
19,390,1,0.01,89,0.9293200373649597,0.0814051404595375,0.2853158608621987,0.09198473393917084
19,390,1,0.01,90,0.9272431135177612,0.08379726856946945,0.2894775786990582,0.12361659854650497
19,390,1,0.01,91,0.9358861446380615,0.07384268939495087,0.271740113702322,0.10590511560440063
19,390,1,0.01,92,0.9228051900863647,0.08890858292579651,0.2981754230747338,0.11406493932008743
19,390,1,0.01,93,0.9235687255859375,0.08802920579910278,0.296697161764488,0.09964149445295334
19,390,1,0.01,94,0.9222627282142639,0.08953332901000977,0.29922120414504344,0.07233135402202606
19,390,1,0.01,95,0.9262073636054993,0.08499016612768173,0.29153072930255863,0.052941467612981796
19,390,1,0.01,96,0.9236209392547607,0.08796901255846024,0.2965957055630783,0.0673551857471466
19,390,1,0.01,97,0.9239180684089661,0.08762684464454651,0.29601831808951706,0.08750101923942566
19,390,1,0.01,98,0.9255088567733765,0.08579465001821518,0.2929072379068417,0.09252902865409851
19,390,1,0.01,99,0.9254375696182251,0.0858767181634903,0.2930472968029057,0.11405926942825317
19,390,1,0.01,100,0.9280941486358643,0.08281707018613815,0.28777955136899175,0.19077499210834503
20,390,1,0.01,1,0.8920227885246277,0.12436196953058243,0.35264992489802466,0.41135966777801514
20,390,1,0.01,2,0.9054082036018372,0.10894541442394257,0.3300688025608336,0.31435078382492065
20,390,1,0.01,3,0.9131529331207275,0.10002552717924118,0.31626812545566646,0.28216487169265747
20,390,1,0.01,4,0.9158945679664612,0.09686783701181412,0.31123598283587667,0.22875133156776428
20,390,1,0.01,5,0.9191269874572754,0.09314493834972382,0.30519655691000813,0.19985438883304596
20,390,1,0.01,6,0.9205432534217834,0.0915137231349945,0.3025123520370606,0.18780754506587982
20,390,1,0.01,7,0.9194548726081848,0.09276729077100754,0.3045772328507296,0.19689738750457764
20,390,1,0.01,8,0.9215022325515747,0.09040926396846771,0.3006813329231925,0.15244002640247345
20,390,1,0.01,9,0.9225742816925049,0.08917456120252609,0.29862109972760814,0.15737739205360413
20,390,1,0.01,10,0.9229313731193542,0.08876324445009232,0.29793161035729715,0.14678244292736053
20,390,1,0.01,11,0.9234273433685303,0.08819200098514557,0.29697138075098345,0.145763099193573
20,390,1,0.01,12,0.9216015934944153,0.09029480069875717,0.30049093280622824,0.16404502093791962
20,390,1,0.01,13,0.9226042032241821,0.08914004266262054,0.29856329758130107,0.12021245062351227
20,390,1,0.01,14,0.9233976602554321,0.08822619169950485,0.2970289408450039,0.12844988703727722
20,390,1,0.01,15,0.9242003560066223,0.08730170875787735,0.29546862567433,0.1185295432806015
20,390,1,0.01,16,0.9231764078140259,0.08848105370998383,0.29745765027980675,0.1286342591047287
20,390,1,0.01,17,0.9227972030639648,0.0889178141951561,0.29819090226758443,0.12134219706058502
20,390,1,0.01,18,0.924609899520874,0.08683004230260849,0.2946693779519828,0.13104423880577087
20,390,1,0.01,19,0.923961341381073,0.0875769704580307,0.29593406437588543,0.11372280865907669
20,390,1,0.01,20,0.9244859218597412,0.08697281032800674,0.2949115296627223,0.15649770200252533
20,390,1,0.01,21,0.9231600165367126,0.08849991112947464,0.29748934624533135,0.11907351016998291
20,390,1,0.01,22,0.9217965602874756,0.09007023274898529,0.3001170317542563,0.14268267154693604
20,390,1,0.01,23,0.9229843616485596,0.0887022316455841,0.29782919877940794,0.14259541034698486
20,390,1,0.01,24,0.9245620369911194,0.08688515424728394,0.29476287800074813,0.17328183352947235
20,390,1,0.01,25,0.9224170446395874,0.08935561776161194,0.29892410033587447,0.11231905221939087
20,390,1,0.01,26,0.9205359816551208,0.09152213484048843,0.3025262547953292,0.15763136744499207
20,390,1,0.01,27,0.9233616590499878,0.08826770633459091,0.2970988157744674,0.10207148641347885
20,390,1,0.01,28,0.923024594783783,0.08865589648485184,0.29775140047504706,0.18420329689979553
20,390,1,0.01,29,0.9229493141174316,0.08874257653951645,0.2978969226754725,0.10794959962368011
20,390,1,0.01,30,0.9230363368988037,0.08864234387874603,0.2977286413476977,0.12227889895439148
20,390,1,0.01,31,0.9259850978851318,0.08524613827466965,0.29196941325191866,0.10270991176366806
20,390,1,0.01,32,0.9243210554122925,0.08716267347335815,0.29523325265518136,0.1281365305185318
20,390,1,0.01,33,0.923621654510498,0.08796819299459457,0.29659432394197055,0.1502416580915451
20,390,1,0.01,34,0.9240196943283081,0.08750975131988525,0.2958204714347627,0.10137999802827835
20,390,1,0.01,35,0.9227491617202759,0.08897312730550766,0.2982836356649618,0.09738936275243759
20,390,1,0.01,36,0.9237009882926941,0.0878768190741539,0.29644024536852936,0.12021183967590332
20,390,1,0.01,37,0.9222034215927124,0.08960166573524475,0.2993353733444224,0.12760263681411743
20,390,1,0.01,38,0.9245004653930664,0.08695606887340546,0.2948831444375983,0.09141866117715836
20,390,1,0.01,39,0.9250059127807617,0.08637389540672302,0.293894360964485,0.13032732903957367
20,390,1,0.01,40,0.9246762990951538,0.08675353974103928,0.29453953850211567,0.14673544466495514
20,390,1,0.01,41,0.923703670501709,0.08787374943494797,0.29643506782253,0.0885045975446701
20,390,1,0.01,42,0.9195511937141418,0.09265634417533875,0.3043950462398144,0.16577552258968353
20,390,1,0.01,43,0.9226435422897339,0.08909478783607483,0.2984875003012267,0.11528865247964859
20,390,1,0.01,44,0.9246057271957397,0.0868348479270935,0.2946775321043216,0.10082332044839859
20,390,1,0.01,45,0.9242206811904907,0.08727828413248062,0.29542898323028605,0.14309391379356384
20,390,1,0.01,46,0.9241055250167847,0.08741092681884766,0.2956533896623674,0.10849592089653015
20,390,1,0.01,47,0.9236870408058167,0.08789288997650146,0.29646735060795726,0.0915876030921936
20,390,1,0.01,48,0.9240306615829468,0.08749715238809586,0.29579917577318543,0.09448849409818649
20,390,1,0.01,49,0.9229898452758789,0.0886959359049797,0.29781862921076596,0.14661574363708496
20,390,1,0.01,50,0.9240038990974426,0.08752799779176712,0.29585131027556244,0.11498069763183594
20,390,1,0.01,51,0.9252537488937378,0.08608843386173248,0.29340830571361215,0.12075318396091461
20,390,1,0.01,52,0.9231019616127014,0.08856678009033203,0.29760171385650996,0.13958542048931122
20,390,1,0.01,53,0.9222397804260254,0.08955975621938705,0.29926536087457073,0.11420730501413345
20,390,1,0.01,54,0.9266035556793213,0.08453386276960373,0.29074707697516705,0.09498827904462814
20,390,1,0.01,55,0.927100419998169,0.0839615985751152,0.28976127859863404,0.13652651011943817
20,390,1,0.01,56,0.9258846044540405,0.08536189049482346,0.29216757262712,0.11084903031587601
20,390,1,0.01,57,0.9252148866653442,0.08613324910402298,0.29348466587544736,0.10570929944515228
20,390,1,0.01,58,0.92750483751297,0.08349579572677612,0.28895639070070095,0.08433393388986588
20,390,1,0.01,59,0.9254688620567322,0.08584069460630417,0.2929858266304092,0.10670442134141922
20,390,1,0.01,60,0.9242510795593262,0.08724328130483627,0.29536973660961996,0.09725254774093628
20,390,1,0.01,61,0.9277148842811584,0.0832538828253746,0.2885374894625906,0.07650398463010788
20,390,1,0.01,62,0.9242501854896545,0.08724431693553925,0.2953714897134442,0.09805526584386826
20,390,1,0.01,63,0.9266953468322754,0.08442814648151398,0.2905652189810645,0.11108051985502243
20,390,1,0.01,64,0.9265881180763245,0.0845516100525856,0.29077759551345356,0.08460982143878937
20,390,1,0.01,65,0.9274371862411499,0.08357367664575577,0.2890911216999854,0.09554820507764816
20,390,1,0.01,66,0.9298991560935974,0.08073816448450089,0.28414461896101584,0.08839460462331772
20,390,1,0.01,67,0.9300692677497864,0.08054222166538239,0.28379961533691755,0.1013653427362442
20,390,1,0.01,68,0.9304768443107605,0.0800727903842926,0.2829713596537512,0.105831079185009
20,390,1,0.01,69,0.9253723621368408,0.08595184236764908,0.29317544639285376,0.0854136049747467
20,390,1,0.01,70,0.9267770051956177,0.08433406054973602,0.29040327227794116,0.08667633682489395
20,390,1,0.01,71,0.925009548664093,0.08636973798274994,0.29388728788899654,0.14402565360069275
20,390,1,0.01,72,0.9256789088249207,0.08559879660606384,0.2925727202014293,0.10174238681793213
20,390,1,0.01,73,0.9306452870368958,0.0798787996172905,0.28262837723287887,0.07058516144752502
20,390,1,0.01,74,0.9299773573875427,0.08064809441566467,0.28398608137664894,0.09164734184741974
20,390,1,0.01,75,0.9298050403594971,0.08084656298160553,0.2843353002734721,0.1010030061006546
20,390,1,0.01,76,0.9267200827598572,0.08439961075782776,0.2905161110125009,0.11757061630487442
20,390,1,0.01,77,0.9222804307937622,0.08951296657323837,0.2991871764852872,0.08794931322336197
20,390,1,0.01,78,0.9236947894096375,0.08788396418094635,0.2964522966363161,0.09362029284238815
20,390,1,0.01,79,0.9201902747154236,0.09192029386758804,0.3031835976229388,0.12894460558891296
20,390,1,0.01,80,0.9223283529281616,0.08945775777101517,0.29909489760110447,0.10526677221059799
20,390,1,0.01,81,0.9232313632965088,0.08841776102781296,0.29735124184676437,0.07862953096628189
20,390,1,0.01,82,0.9253377914428711,0.08599168062210083,0.2932433812076597,0.13786394894123077
20,390,1,0.01,83,0.9211747050285339,0.09078647196292877,0.30130793544632833,0.10414282977581024
20,390,1,0.01,84,0.9232958555221558,0.08834343403577805,0.2972262337610495,0.08403856307268143
20,390,1,0.01,85,0.9254627227783203,0.08584778755903244,0.2929979309808048,0.08964716643095016
20,390,1,0.01,86,0.9244677424430847,0.0869937315583229,0.2949469978798274,0.12461016327142715
20,390,1,0.01,87,0.9272310137748718,0.0838111937046051,0.28950162988246736,0.08984716236591339
20,390,1,0.01,88,0.9273580312728882,0.08366488665342331,0.28924883172352367,0.1844271868467331
20,390,1,0.01,89,0.9240817427635193,0.08743833005428314,0.2956997295471931,0.1242917850613594
20,390,1,0.01,90,0.9241802096366882,0.08732491731643677,0.29550789721500975,0.10505750775337219
20,390,1,0.01,91,0.9248841404914856,0.08651415258646011,0.2941328825317906,0.10175496339797974
20,390,1,0.01,92,0.9263498187065125,0.08482607454061508,0.2912491623002804,0.13486477732658386
20,390,1,0.01,93,0.9254191517829895,0.08589795976877213,0.2930835371848308,0.10731987655162811
20,390,1,0.01,94,0.9254730939865112,0.08583583682775497,0.2929775363876128,0.09739428013563156
20,390,1,0.01,95,0.923409104347229,0.0882129892706871,0.2970067158679869,0.08159705251455307
20,390,1,0.01,96,0.9203272461891174,0.09176252782344818,0.3029233035331686,0.11447173357009888
20,390,1,0.01,97,0.9226970672607422,0.08903307467699051,0.29838410593895665,0.11470503360033035
20,390,1,0.01,98,0.9246593117713928,0.0867731124162674,0.2945727625159315,0.09170949459075928
20,390,1,0.01,99,0.9266510009765625,0.08447922766208649,0.29065310537148314,0.09480103850364685
20,390,1,0.01,100,0.9259422421455383,0.08529549092054367,0.29205391783118345,0.09813247621059418
21,390,1,0.01,1,0.9092565774917603,0.10451313108205795,0.3232849069815322,0.46118220686912537
21,390,1,0.01,2,0.9206290245056152,0.09141495078802109,0.3023490545512274,0.23198701441287994
21,390,1,0.01,3,0.9224112033843994,0.08936236053705215,0.29893537853029734,0.23246295750141144
21,390,1,0.01,4,0.9243646860122681,0.08711247146129608,0.29514821947844455,0.26626110076904297
21,390,1,0.01,5,0.9259368181228638,0.08530174940824509,0.2920646322447227,0.21413718163967133
21,390,1,0.01,6,0.9258453845977783,0.08540709316730499,0.29224491983147455,0.18553176522254944
21,390,1,0.01,7,0.9250302314758301,0.08634593337774277,0.2938467855494471,0.21091967821121216
21,390,1,0.01,8,0.9240761399269104,0.08744479715824127,0.29571066460011425,0.19208282232284546
21,390,1,0.01,9,0.9272708296775818,0.08376533538103104,0.28942241685990916,0.19569407403469086
21,390,1,0.01,10,0.9278339147567749,0.08311676234006882,0.28829977859871625,0.14772208034992218
21,390,1,0.01,11,0.927058756351471,0.0840095728635788,0.2898440492119491,0.15885977447032928
21,390,1,0.01,12,0.9266437292098999,0.08448758721351624,0.29066748564900796,0.16524124145507812
21,390,1,0.01,13,0.9277375936508179,0.08322773873806,0.2884921814158228,0.1542687565088272
21,390,1,0.01,14,0.925771951675415,0.08549167215824127,0.29238958968855455,0.20798859000205994
21,390,1,0.01,15,0.9282143115997314,0.08267863094806671,0.28753892075346377,0.17366942763328552
21,390,1,0.01,16,0.9275708198547363,0.0834197849035263,0.288824834291524,0.1712651550769806
21,390,1,0.01,17,0.926672101020813,0.08445485681295395,0.2906111780591964,0.15881365537643433
21,390,1,0.01,18,0.927270233631134,0.08376599103212357,0.28942354954654875,0.11109030246734619
21,390,1,0.01,19,0.928831934928894,0.0819673016667366,0.28629932180628126,0.09492678940296173
21,390,1,0.01,20,0.9281229376792908,0.08278387039899826,0.2877218629145138,0.1303529441356659
21,390,1,0.01,21,0.9282984137535095,0.0825817734003067,0.28737044628894376,0.15047703683376312
21,390,1,0.01,22,0.9290517568588257,0.08171413838863373,0.28585684946950934,0.1041497141122818
21,390,1,0.01,23,0.93044513463974,0.08010932058095932,0.28303589980947524,0.13631795346736908
21,390,1,0.01,24,0.928469181060791,0.0823851004242897,0.2870280481491133,0.17998255789279938
21,390,1,0.01,25,0.926764965057373,0.0843479260802269,0.29042714418632926,0.16735059022903442
21,390,1,0.01,26,0.9298599362373352,0.08078333735466003,0.2842240970689502,0.2091665118932724
21,390,1,0.01,27,0.9307968616485596,0.07970420271158218,0.2823193275558409,0.09577326476573944
21,390,1,0.01,28,0.9304337501525879,0.08012241125106812,0.2830590243236702,0.1353926807641983
21,390,1,0.01,29,0.9309720396995544,0.07950250059366226,0.2819618779084546,0.1111791580915451
21,390,1,0.01,30,0.9304255247116089,0.08013192564249039,0.28307583019835936,0.15286242961883545
21,390,1,0.01,31,0.9297093749046326,0.08095674216747284,0.2845289830008058,0.10418621450662613
21,390,1,0.01,32,0.9308791756629944,0.07960941642522812,0.2821514069169745,0.1160305067896843
21,390,1,0.01,33,0.9309062957763672,0.07957819849252701,0.2820960802501995,0.12462083995342255
21,390,1,0.01,34,0.9306007027626038,0.07993016391992569,0.2827192316060683,0.09338696300983429
21,390,1,0.01,35,0.9275245070457458,0.08347313106060028,0.28891716989580296,0.09278125315904617
21,390,1,0.01,36,0.9310499429702759,0.07941277325153351,0.28180272044736104,0.13629578053951263
21,390,1,0.01,37,0.9313713312149048,0.07904262095689774,0.28114519550740635,0.10231184214353561
21,390,1,0.01,38,0.9318313598632812,0.07851272076368332,0.2802012147791,0.09383823722600937
21,390,1,0.01,39,0.9311890006065369,0.07925258576869965,0.2815183577827557,0.10370220243930817
21,390,1,0.01,40,0.9316248893737793,0.07875058799982071,0.2806253516698388,0.09037080407142639
21,390,1,0.01,41,0.9311036467552185,0.07935091108083725,0.2816929375771378,0.11187794804573059
21,390,1,0.01,42,0.9320358633995056,0.07827719300985336,0.2797806158579492,0.13421784341335297
21,390,1,0.01,43,0.9301791191101074,0.08041568845510483,0.28357660068331597,0.11493829637765884
21,390,1,0.01,44,0.929056704044342,0.08170842379331589,0.28584685374045293,0.13048091530799866
21,390,1,0.01,45,0.9312112331390381,0.07922697812318802,0.28147287280160416,0.0919778048992157
21,390,1,0.01,46,0.9308695793151855,0.07962048053741455,0.282171012929065,0.11558326333761215
21,390,1,0.01,47,0.9300304651260376,0.08058695495128632,0.2838784157897291,0.13375462591648102
21,390,1,0.01,48,0.9275548458099365,0.0834382176399231,0.28885674241728043,0.10531777143478394
21,390,1,0.01,49,0.9275471568107605,0.08344707638025284,0.2888720761518026,0.08106210082769394
21,390,1,0.01,50,0.927180290222168,0.0838695615530014,0.2896024197982493,0.10072677582502365
21,390,1,0.01,51,0.9301533102989197,0.08044541627168655,0.2836290116890135,0.09058000147342682
21,390,1,0.01,52,0.928153395652771,0.08274884521961212,0.2876609900900922,0.08035647124052048
21,390,1,0.01,53,0.9259512424468994,0.08528514951467514,0.292036212676913,0.12387699633836746
21,390,1,0.01,54,0.9261787533760071,0.08502312749624252,0.29158725537348595,0.10178050398826599
21,390,1,0.01,55,0.9267855882644653,0.0843241959810257,0.290386287522372,0.12720119953155518
21,390,1,0.01,56,0.9256952404975891,0.08557995408773422,0.29254051700189193,0.09457412362098694
21,390,1,0.01,57,0.9284444451332092,0.08241361379623413,0.2870777138620031,0.14982368052005768
21,390,1,0.01,58,0.9258871078491211,0.08535902202129364,0.2921626636332809,0.09263384342193604
21,390,1,0.01,59,0.9250301718711853,0.08634597063064575,0.2938468489377515,0.09469394385814667
21,390,1,0.01,60,0.9273317456245422,0.08369514346122742,0.289301129381182,0.09685836732387543
21,390,1,0.01,61,0.9250055551528931,0.08637435734272003,0.2938951468512538,0.13864369690418243
21,390,1,0.01,62,0.9238201975822449,0.08773954957723618,0.29620862508920326,0.10893028229475021
21,390,1,0.01,63,0.9239315986633301,0.08761123567819595,0.29599195204970685,0.08533415198326111
21,390,1,0.01,64,0.927112877368927,0.08394721150398254,0.28973645180401886,0.09070578217506409
21,390,1,0.01,65,0.9257893562316895,0.08547159284353256,0.2923552510962178,0.09598128497600555
21,390,1,0.01,66,0.9253886938095093,0.08593308180570602,0.2931434491945983,0.09551108628511429
21,390,1,0.01,67,0.9276627898216248,0.08331386744976044,0.2886414167262911,0.09237535297870636
21,390,1,0.01,68,0.9262760877609253,0.08491101115942001,0.2913949401747052,0.08618804812431335
21,390,1,0.01,69,0.9307118654251099,0.07980215549468994,0.28249275299499266,0.06771059334278107
21,390,1,0.01,70,0.935742199420929,0.07400845736265182,0.27204495467229645,0.09920909255743027
21,390,1,0.01,71,0.9252743721008301,0.08606474101543427,0.2933679277212052,0.1012631505727768
21,390,1,0.01,72,0.9252020716667175,0.08614801615476608,0.29350982292721667,0.09431333839893341
21,390,1,0.01,73,0.9218295812606812,0.09003225713968277,0.300053757083098,0.20917069911956787
21,390,1,0.01,74,0.9261818528175354,0.0850195437669754,0.2915811100997035,0.07668530195951462
21,390,1,0.01,75,0.9277304410934448,0.0832359716296196,0.2885064498925797,0.0731387510895729
21,390,1,0.01,76,0.926996111869812,0.08408171683549881,0.2899684755891557,0.06626137346029282
21,390,1,0.01,77,0.926113486289978,0.08509828895330429,0.291716110205289,0.09830482304096222
21,390,1,0.01,78,0.9279344081878662,0.08300106227397919,0.2880990494152648,0.19075162708759308
21,390,1,0.01,79,0.9274565577507019,0.08355140686035156,0.2890526022376404,0.062232933938503265
21,390,1,0.01,80,0.9309942126274109,0.07947690784931183,0.2819164909140858,0.14015726745128632
21,390,1,0.01,81,0.9288786053657532,0.08191359043121338,0.28620550384507526,0.09112685173749924
21,390,1,0.01,82,0.9270681142807007,0.08399880677461624,0.28982547640712375,0.0859137624502182
21,390,1,0.01,83,0.9285178184509277,0.08232913166284561,0.2869305345599273,0.1358530968427658
21,390,1,0.01,84,0.925346851348877,0.08598122000694275,0.2932255446016645,0.10340772569179535
21,390,1,0.01,85,0.9280665516853333,0.08284885436296463,0.287834769204425,0.06696584820747375
21,390,1,0.01,86,0.9294426441192627,0.0812639594078064,0.28506834164425626,0.06950053572654724
21,390,1,0.01,87,0.9291675090789795,0.08158079534769058,0.28562352029847016,0.08346343785524368
21,390,1,0.01,88,0.9262176752090454,0.08497828245162964,0.29151034707473017,0.11958318203687668
21,390,1,0.01,89,0.9269682765007019,0.08411375433206558,0.29002371339610417,0.0932752788066864
21,390,1,0.01,90,0.9280288219451904,0.08289232105016708,0.28791026562136873,0.10294481366872787
21,390,1,0.01,91,0.9290112853050232,0.08176075667142868,0.2859383791508735,0.08186489343643188
21,390,1,0.01,92,0.933318018913269,0.07680048793554306,0.27712900955248815,0.09104938060045242
21,390,1,0.01,93,0.9332484602928162,0.07688064873218536,0.27727359905368804,0.12220463901758194
21,390,1,0.01,94,0.929766058921814,0.08089146018028259,0.28441424046675756,0.1431897133588791
21,390,1,0.01,95,0.931633472442627,0.078740693628788,0.28060772196927863,0.08223547041416168
21,390,1,0.01,96,0.9290153384208679,0.081756092607975,0.2859302233202622,0.10191610455513
21,390,1,0.01,97,0.9304538369178772,0.08009930700063705,0.2830182096626241,0.09716171771287918
21,390,1,0.01,98,0.9307394623756409,0.07977033406496048,0.2824364248197468,0.08943139016628265
21,390,1,0.01,99,0.9317846894264221,0.07856647670269012,0.28029712218053565,0.06752340495586395
21,390,1,0.01,100,0.9336806535720825,0.07638281583786011,0.2763744124152236,0.09930939227342606
22,390,1,0.01,1,0.9115833044052124,0.1018332988023758,0.3191133008860267,0.33904317021369934
22,390,1,0.01,2,0.9147974848747253,0.09813139587640762,0.3132593109173415,0.23561783134937286
22,390,1,0.01,3,0.9177106618881226,0.09477616101503372,0.3078573712208849,0.17348434031009674
22,390,1,0.01,4,0.9199743270874023,0.09216899424791336,0.30359346871748305,0.19122257828712463
22,390,1,0.01,5,0.9202072620391846,0.09190069139003754,0.30315126816498317,0.17110514640808105
22,390,1,0.01,6,0.9143307209014893,0.09866902977228165,0.3141162679204655,0.232343852519989
22,390,1,0.01,7,0.921076238155365,0.09089989215135574,0.30149608977788706,0.17996731400489807
22,390,1,0.01,8,0.9201259016990662,0.09199445694684982,0.30330588017189813,0.19522327184677124
22,390,1,0.01,9,0.9189956784248352,0.09329618513584137,0.3054442422699131,0.17391525208950043
22,390,1,0.01,10,0.9227109551429749,0.08901709318161011,0.29835732466559306,0.1518658995628357
22,390,1,0.01,11,0.9233918190002441,0.08823296427726746,0.29704034116137734,0.1325700730085373
22,390,1,0.01,12,0.924441933631897,0.08702346682548523,0.2949974013876821,0.11846017837524414
22,390,1,0.01,13,0.9222896695137024,0.08950231969356537,0.29916938294813084,0.09691960364580154
22,390,1,0.01,14,0.9154846668243408,0.097339928150177,0.31199347453140264,0.3937778174877167
22,390,1,0.01,15,0.9239673018455505,0.08757014572620392,0.29592253331945495,0.09654519706964493
22,390,1,0.01,16,0.9215506911277771,0.09035345911979675,0.30058852127085084,0.1552916020154953
22,390,1,0.01,17,0.9246581792831421,0.08677444607019424,0.2945750262160631,0.1103728786110878
22,390,1,0.01,18,0.9242540001869202,0.08723989874124527,0.29536401057211636,0.12617456912994385
22,390,1,0.01,19,0.9253910779953003,0.08593031764030457,0.29313873445913724,0.10764367878437042
22,390,1,0.01,20,0.9253515005111694,0.08597585558891296,0.2932163972033504,0.10178712010383606
22,390,1,0.01,21,0.9245016574859619,0.08695471286773682,0.29488084520317154,0.14529791474342346
22,390,1,0.01,22,0.9248793125152588,0.08651973307132721,0.2941423687116958,0.12339634448289871
22,390,1,0.01,23,0.9264100790023804,0.08475665003061295,0.29112995385328,0.09175129234790802
22,390,1,0.01,24,0.9276576638221741,0.0833197757601738,0.28865165123410225,0.13268552720546722
22,390,1,0.01,25,0.926437258720398,0.08472535759210587,0.29107620581577237,0.13508404791355133
22,390,1,0.01,26,0.9293694496154785,0.08134827762842178,0.2852161945409513,0.08869370818138123
22,390,1,0.01,27,0.9225713014602661,0.0891779363155365,0.2986267508371219,0.20949487388134003
22,390,1,0.01,28,0.9209522008895874,0.09104273468255997,0.30173288631264567,0.17399846017360687
22,390,1,0.01,29,0.9272977709770203,0.08373431116342545,0.2893688151190889,0.1121629849076271
22,390,1,0.01,30,0.9281557202339172,0.08274615556001663,0.28765631500110794,0.08134764432907104
22,390,1,0.01,31,0.9273885488510132,0.08362975716590881,0.289188099972853,0.0901743546128273
22,390,1,0.01,32,0.9299805760383606,0.0806443840265274,0.28397954860610547,0.09731228649616241
22,390,1,0.01,33,0.9291929006576538,0.08155157417058945,0.28557236240678024,0.11259718984365463
22,390,1,0.01,34,0.9294494390487671,0.08125614374876022,0.2850546329193059,0.09578562527894974
22,390,1,0.01,35,0.9292929172515869,0.08143636584281921,0.28537057634384666,0.10831386595964432
22,390,1,0.01,36,0.9306861758232117,0.07983171939849854,0.282545074985388,0.10355918109416962
22,390,1,0.01,37,0.9283537268638611,0.0825180858373642,0.28725961400336836,0.15140463411808014
22,390,1,0.01,38,0.9295696020126343,0.08111768960952759,0.28481167393477325,0.07701100409030914
22,390,1,0.01,39,0.9300078749656677,0.08061295747756958,0.2839242107985326,0.1369081288576126
22,390,1,0.01,40,0.9258840084075928,0.08536258339881897,0.2921687584236531,0.1931961178779602
22,390,1,0.01,41,0.9287365674972534,0.08207714557647705,0.2864910916180066,0.09769820421934128
22,390,1,0.01,42,0.9299542307853699,0.08067472279071808,0.2840329607470198,0.12571340799331665
22,390,1,0.01,43,0.928287923336029,0.08259385079145432,0.28739145914841363,0.11395378410816193
22,390,1,0.01,44,0.9314496517181396,0.0789523720741272,0.2809846473993325,0.07603584229946136
22,390,1,0.01,45,0.9303767085075378,0.08018811792135239,0.2831750658538855,0.0677042007446289
22,390,1,0.01,46,0.9321296811103821,0.07816915959119797,0.2795874811060001,0.08824001997709274
22,390,1,0.01,47,0.9317916631698608,0.07855850458145142,0.28028290097944153,0.09285610914230347
22,390,1,0.01,48,0.9311169385910034,0.07933560758829117,0.2816657728377574,0.11757943034172058
22,390,1,0.01,49,0.933049738407135,0.07710947096347809,0.27768592143549176,0.13507241010665894
22,390,1,0.01,50,0.9336001873016357,0.07647554576396942,0.27654212294688385,0.10136457532644272
22,390,1,0.01,51,0.9316587448120117,0.07871156185865402,0.28055580881288844,0.08615157753229141
22,390,1,0.01,52,0.9338452816009521,0.07619327306747437,0.27603129001523424,0.08104042708873749
22,390,1,0.01,53,0.9337413311004639,0.07631293684244156,0.27624796260324086,0.09302666038274765
22,390,1,0.01,54,0.934163510799408,0.0758267343044281,0.27536654536168353,0.10346701741218567
22,390,1,0.01,55,0.9321349263191223,0.07816314697265625,0.2795767282387006,0.15127654373645782
22,390,1,0.01,56,0.9337517023086548,0.07630100846290588,0.2762263717730548,0.07888119667768478
22,390,1,0.01,57,0.9349408745765686,0.07493136823177338,0.2737359461813033,0.10587843507528305
22,390,1,0.01,58,0.9356522560119629,0.07411208003759384,0.27223533943555867,0.08063691854476929
22,390,1,0.01,59,0.93782639503479,0.0716080442070961,0.2675967940897202,0.08983217924833298
22,390,1,0.01,60,0.9367586970329285,0.0728377178311348,0.2698846380050832,0.07760012894868851
22,390,1,0.01,61,0.9407016634941101,0.068296417593956,0.26133583296967905,0.10315375030040741
22,390,1,0.01,62,0.9405087232589722,0.06851866096258163,0.26176069407491576,0.08855663985013962
22,390,1,0.01,63,0.9385122656822205,0.07081805914640427,0.2661166269634505,0.09372510761022568
22,390,1,0.01,64,0.9366722106933594,0.07293730229139328,0.2700690694829626,0.10870132595300674
22,390,1,0.01,65,0.9347249865531921,0.0751800537109375,0.27418981328805325,0.10421427339315414
22,390,1,0.01,66,0.9320186376571655,0.07829701900482178,0.2798160449381375,0.13150694966316223
22,390,1,0.01,67,0.9310257434844971,0.07944059371948242,0.2818520777278082,0.10423874855041504
22,390,1,0.01,68,0.9343367218971252,0.07562724500894547,0.27500408180415337,0.07957789301872253
22,390,1,0.01,69,0.9297236800193787,0.08094023913145065,0.28449998089885814,0.09285856783390045
22,390,1,0.01,70,0.9321610927581787,0.07813294976949692,0.2795227178057213,0.08558128029108047
22,390,1,0.01,71,0.9309529662132263,0.0795244500041008,0.2820007978784826,0.13008224964141846
22,390,1,0.01,72,0.9348894953727722,0.07499057799577713,0.2738440760647875,0.08675485104322433
22,390,1,0.01,73,0.9358146786689758,0.07392499595880508,0.2718915150548194,0.10353865474462509
22,390,1,0.01,74,0.93411785364151,0.07587927579879761,0.2754619316689651,0.09876713901758194
22,390,1,0.01,75,0.9353825449943542,0.0744226947426796,0.27280523224945596,0.07546345889568329
22,390,1,0.01,76,0.9363503456115723,0.0733080804347992,0.2707546498858315,0.10272812098264694
22,390,1,0.01,77,0.9333596229553223,0.07675256580114365,0.27704253428154973,0.08020532131195068
22,390,1,0.01,78,0.9342907667160034,0.07568013668060303,0.27510023024454744,0.11099845170974731
22,390,1,0.01,79,0.9318439364433289,0.07849825173616409,0.2801753945944649,0.084652841091156
22,390,1,0.01,80,0.9344751238822937,0.07546783983707428,0.2747141056390703,0.08020426332950592
22,390,1,0.01,81,0.9357974529266357,0.07394485175609589,0.27192802679403216,0.07860599458217621
22,390,1,0.01,82,0.9340429902076721,0.0759655013680458,0.2756183980942597,0.10724376142024994
22,390,1,0.01,83,0.9371122121810913,0.07243053615093231,0.26912921831516606,0.11171912401914597
22,390,1,0.01,84,0.9360547065734863,0.07364854216575623,0.271382648976968,0.08577977120876312
22,390,1,0.01,85,0.9361563920974731,0.07353142648935318,0.2711667872165638,0.07834456861019135
22,390,1,0.01,86,0.9346193075180054,0.07530175894498825,0.27441165963746555,0.07205909490585327
22,390,1,0.01,87,0.9269912242889404,0.08408734202384949,0.28997817508193524,0.10135865211486816
22,390,1,0.01,88,0.9273421764373779,0.08368310332298279,0.2892803196261073,0.0672789216041565
22,390,1,0.01,89,0.9328101277351379,0.07738549262285233,0.27818248079786106,0.10193575173616409
22,390,1,0.01,90,0.9406315684318542,0.06837716698646545,0.26149028086425213,0.13580045104026794
22,390,1,0.01,91,0.9380172491073608,0.07138819247484207,0.2671856891280708,0.11231939494609833
22,390,1,0.01,92,0.9370641112327576,0.07248598337173462,0.2692322108733177,0.08297902345657349
22,390,1,0.01,93,0.9377046227455139,0.07174823433160782,0.267858608843561,0.0757022574543953
22,390,1,0.01,94,0.9314461946487427,0.07895637303590775,0.28099176684719385,0.08763761818408966
22,390,1,0.01,95,0.935294508934021,0.07452406734228134,0.2729909656788688,0.09059206396341324
22,390,1,0.01,96,0.9374075531959534,0.07209038734436035,0.2684965313451188,0.09407228976488113
22,390,1,0.01,97,0.9359330534934998,0.07378865778446198,0.27164067770579203,0.08662359416484833
22,390,1,0.01,98,0.9416108131408691,0.0672493726015091,0.2593248399238089,0.11160460859537125
22,390,1,0.01,99,0.9333862066268921,0.07672196626663208,0.2769873034394033,0.11735863983631134
22,390,1,0.01,100,0.9355354905128479,0.07424651831388474,0.2724821431101215,0.09456484764814377
23,390,1,0.01,1,0.9133155941963196,0.09983813017606735,0.3159717236970222,0.24542571604251862
23,390,1,0.01,2,0.9184228181838989,0.09395597875118256,0.3065223951870117,0.1810455620288849
23,390,1,0.01,3,0.9189620018005371,0.09333498030900955,0.30550774181517815,0.23497219383716583
23,390,1,0.01,4,0.9189209938049316,0.09338215738534927,0.3055849429951503,0.16340376436710358
23,390,1,0.01,5,0.9185317158699036,0.09383051097393036,0.30631766350298895,0.152104452252388
23,390,1,0.01,6,0.9196615815162659,0.09252920001745224,0.3041861272600252,0.11802864819765091
23,390,1,0.01,7,0.9202739000320435,0.091824010014534,0.3030247679885821,0.1631859540939331
23,390,1,0.01,8,0.9199522733688354,0.09219440817832947,0.3036353210322038,0.1574181318283081
23,390,1,0.01,9,0.916498601436615,0.09617217630147934,0.31011639153949816,0.16739171743392944
23,390,1,0.01,10,0.9234272837638855,0.08819209784269333,0.2969715438264975,0.15423491597175598
23,390,1,0.01,11,0.9217060208320618,0.09017453342676163,0.3002907481537878,0.11915687471628189
23,390,1,0.01,12,0.9204665422439575,0.0916021317243576,0.30265844069570835,0.12722498178482056
23,390,1,0.01,13,0.9198131561279297,0.09235463291406631,0.30389905053169597,0.16062229871749878
23,390,1,0.01,14,0.9217882752418518,0.09007978439331055,0.30013294453177003,0.1462710201740265
23,390,1,0.01,15,0.9227395057678223,0.08898421376943588,0.29830221884765773,0.12076756358146667
23,390,1,0.01,16,0.9239296913146973,0.08761346340179443,0.2959957151747208,0.12762074172496796
23,390,1,0.01,17,0.922317624092102,0.08947012573480606,0.2991155725381179,0.13423869013786316
23,390,1,0.01,18,0.9204807281494141,0.09158577024936676,0.30263140988563425,0.14396005868911743
23,390,1,0.01,19,0.9241383671760559,0.08737310767173767,0.295589424154075,0.15637366473674774
23,390,1,0.01,20,0.9239428043365479,0.08759836852550507,0.2959702156053968,0.15629644691944122
23,390,1,0.01,21,0.9230024814605713,0.08868137001991272,0.2977941739186862,0.1315797120332718
23,390,1,0.01,22,0.9202114343643188,0.0918959230184555,0.3031434033893126,0.11864271759986877
23,390,1,0.01,23,0.9219470024108887,0.08989700675010681,0.2998282954460883,0.13914701342582703
23,390,1,0.01,24,0.9220812916755676,0.08974233269691467,0.29957024668166676,0.10001149773597717
23,390,1,0.01,25,0.9227765798568726,0.0889415368437767,0.29823067723454727,0.09316699206829071
23,390,1,0.01,26,0.9241498708724976,0.08735981583595276,0.2955669396870238,0.12204432487487793
23,390,1,0.01,27,0.924858570098877,0.08654358983039856,0.29418291899836496,0.09590908885002136
23,390,1,0.01,28,0.924450159072876,0.08701399713754654,0.29498135049108876,0.09894655644893646
23,390,1,0.01,29,0.9251948595046997,0.08615631610155106,0.2935239617161622,0.06721222400665283
23,390,1,0.01,30,0.9249134659767151,0.08648041635751724,0.29407552832141143,0.07509882748126984
23,390,1,0.01,31,0.9258127808570862,0.08544459193944931,0.29230906920492444,0.1417710930109024
23,390,1,0.01,32,0.9248977899551392,0.08649840950965881,0.2941061194699267,0.10104721039533615
23,390,1,0.01,33,0.9237834811210632,0.08778185397386551,0.2962800262823424,0.09623618423938751
23,390,1,0.01,34,0.9215957522392273,0.09030154347419739,0.3005021521956164,0.12922190129756927
23,390,1,0.01,35,0.9244422316551208,0.08702310174703598,0.29499678260454976,0.2264617532491684
23,390,1,0.01,36,0.9256719350814819,0.08560684323310852,0.292586471377452,0.1221681535243988
23,390,1,0.01,37,0.9261831641197205,0.08501803874969482,0.29157852930161854,0.10283183306455612
23,390,1,0.01,38,0.9237699508666992,0.0877973884344101,0.29630624096432745,0.1846090704202652
23,390,1,0.01,39,0.9268391132354736,0.08426257222890854,0.29028016161789033,0.08156949281692505
23,390,1,0.01,40,0.9249111413955688,0.08648306131362915,0.2940800253564141,0.09140384197235107
23,390,1,0.01,41,0.9269062280654907,0.08418526500463486,0.29014697138628703,0.0949205681681633
23,390,1,0.01,42,0.9258673787117004,0.08538175374269485,0.2922015635527895,0.11473029106855392
23,390,1,0.01,43,0.9288303256034851,0.08196919411420822,0.2863026268028434,0.10592880845069885
23,390,1,0.01,44,0.927457869052887,0.08354991674423218,0.28905002463973634,0.12820658087730408
23,390,1,0.01,45,0.9269471168518066,0.08413812518119812,0.29006572562300104,0.13054807484149933
23,390,1,0.01,46,0.9277051687240601,0.0832650437951088,0.2885568294029944,0.09342237561941147
23,390,1,0.01,47,0.9306369423866272,0.07988842576742172,0.2826454064148606,0.07186200469732285
23,390,1,0.01,48,0.9307308197021484,0.07978031039237976,0.28245408545882245,0.12332664430141449
23,390,1,0.01,49,0.9278648495674133,0.08308113366365433,0.28823798095263975,0.2197422981262207
23,390,1,0.01,50,0.9284074902534485,0.08245614916086197,0.28715178766788474,0.08893603831529617
23,390,1,0.01,51,0.9310953617095947,0.07936042547225952,0.2817098249480474,0.09510888159275055
23,390,1,0.01,52,0.9295104146003723,0.08118586987257004,0.2849313423836873,0.10387823730707169
23,390,1,0.01,53,0.9304959774017334,0.08005080372095108,0.28293250735988446,0.09272348880767822
23,390,1,0.01,54,0.9290953874588013,0.08166389912366867,0.28576896109211836,0.1191401332616806
23,390,1,0.01,55,0.9289315938949585,0.0818525105714798,0.28609877764765057,0.07740437239408493
23,390,1,0.01,56,0.9288466572761536,0.08195037394762039,0.2862697573052739,0.08580553531646729
23,390,1,0.01,57,0.9299701452255249,0.08065642416477203,0.28400074676798304,0.10875426232814789
23,390,1,0.01,58,0.9298092126846313,0.08084171265363693,0.28432677090565517,0.09407620131969452
23,390,1,0.01,59,0.9285968542098999,0.08223804086446762,0.2867717574386774,0.09702923148870468
23,390,1,0.01,60,0.9296948313713074,0.08097345381975174,0.2845583487085764,0.08994793146848679
23,390,1,0.01,61,0.9293199777603149,0.08140520751476288,0.28531597837268574,0.0788947269320488
23,390,1,0.01,62,0.9315339922904968,0.0788552463054657,0.28081176311804623,0.08779625594615936
23,390,1,0.01,63,0.9309425354003906,0.07953648269176483,0.2820221315637566,0.12607832252979279
23,390,1,0.01,64,0.9320002198219299,0.0783182829618454,0.27985403867345815,0.09915753453969955
23,390,1,0.01,65,0.9322172999382019,0.07806827127933502,0.27940699933848295,0.09633495658636093
23,390,1,0.01,66,0.9326722025871277,0.07754431664943695,0.27846780181815806,0.06720194220542908
23,390,1,0.01,67,0.9302736520767212,0.08030682802200317,0.283384593833192,0.10528332740068436
23,390,1,0.01,68,0.9320619106292725,0.07824720442295074,0.2797270176850115,0.07201310992240906
23,390,1,0.01,69,0.929780900478363,0.08087438344955444,0.28438421800366215,0.13289327919483185
23,390,1,0.01,70,0.9268205165863037,0.08428394794464111,0.29031697839541026,0.13256004452705383
23,390,1,0.01,71,0.9292548894882202,0.08148017525672913,0.2854473248372265,0.0751628652215004
23,390,1,0.01,72,0.9222737550735474,0.0895206555724144,0.29920002602341866,0.20872972905635834
23,390,1,0.01,73,0.9284216165542603,0.08243989944458008,0.28712349162787093,0.10542900860309601
23,390,1,0.01,74,0.929523766040802,0.08117050677537918,0.2849043818114758,0.0725872591137886
23,390,1,0.01,75,0.928394079208374,0.08247165381908417,0.2871787837203232,0.09568537771701813
23,390,1,0.01,76,0.9273934364318848,0.08362409472465515,0.28917830956808493,0.06967873871326447
23,390,1,0.01,77,0.9270444512367249,0.08402605354785919,0.289872478079343,0.0979098305106163
23,390,1,0.01,78,0.9292369484901428,0.08150085061788559,0.28548353826076484,0.10465559363365173
23,390,1,0.01,79,0.9283851981163025,0.08248183131217957,0.2871965029595235,0.09580639749765396
23,390,1,0.01,80,0.9215858578681946,0.09031295776367188,0.30052114362166243,0.14645200967788696
23,390,1,0.01,81,0.929050862789154,0.08171514421701431,0.28585860878590713,0.08496566116809845
23,390,1,0.01,82,0.9239386320114136,0.08760315179824829,0.29597829616079674,0.13889530301094055
23,390,1,0.01,83,0.9253162741661072,0.08601648360490799,0.2932856689388488,0.09002538025379181
23,390,1,0.01,84,0.9246380925178528,0.08679753541946411,0.29461421455772313,0.07116375863552094
23,390,1,0.01,85,0.926529049873352,0.08461961895227432,0.2908945151636145,0.06501127034425735
23,390,1,0.01,86,0.9254979491233826,0.08580721914768219,0.29292869294024815,0.11625664681196213
23,390,1,0.01,87,0.9248989820480347,0.08649706095457077,0.29410382682748415,0.08909646421670914
23,390,1,0.01,88,0.9280593395233154,0.08285713195800781,0.2878491479195445,0.0838225781917572
23,390,1,0.01,89,0.9275215864181519,0.0834764838218689,0.28892297212556306,0.1064368188381195
23,390,1,0.01,90,0.9270431995391846,0.0840274840593338,0.28987494555296395,0.07332675158977509
23,390,1,0.01,91,0.9267727136611938,0.08433897793292999,0.2904117386279866,0.11286608129739761
23,390,1,0.01,92,0.9283069372177124,0.08257199078798294,0.2873534248760278,0.11637284606695175
23,390,1,0.01,93,0.9281889796257019,0.08270785957574844,0.28758974177767266,0.07415220886468887
23,390,1,0.01,94,0.9284231662750244,0.08243810385465622,0.2871203647508414,0.14123128354549408
23,390,1,0.01,95,0.9316685795783997,0.07870025187730789,0.2805356517045701,0.07127292454242706
23,390,1,0.01,96,0.9330257177352905,0.07713712751865387,0.27773571523780277,0.07501064985990524
23,390,1,0.01,97,0.9312992691993713,0.07912560552358627,0.28129273990557646,0.07625468820333481
23,390,1,0.01,98,0.9343918561935425,0.0755637139081955,0.2748885481576042,0.09452604502439499
23,390,1,0.01,99,0.935542643070221,0.07423829287290573,0.27246704915072895,0.0884263888001442
23,390,1,0.01,100,0.9349659085273743,0.07490258663892746,0.2736833693137518,0.1412246972322464
24,390,1,0.01,1,0.8999193906784058,0.11526713520288467,0.33951014005900426,0.2373727411031723
24,390,1,0.01,2,0.9077361822128296,0.10626421868801117,0.3259819300022797,0.21738122403621674
24,390,1,0.01,3,0.910235583782196,0.10338552296161652,0.3215361923044069,0.19007863104343414
24,390,1,0.01,4,0.9124738574028015,0.10080759972333908,0.31750212554145063,0.16193807125091553
24,390,1,0.01,5,0.9128437042236328,0.10038165003061295,0.31683063303697917,0.22920382022857666
24,390,1,0.01,6,0.914513349533081,0.09845864772796631,0.31378120996638137,0.14997868239879608
24,390,1,0.01,7,0.9123358130455017,0.10096662491559982,0.3177524585516213,0.13145369291305542
24,390,1,0.01,8,0.9133860468864441,0.09975700080394745,0.3158433168581337,0.15404368937015533
24,390,1,0.01,9,0.9092353582382202,0.10453751683235168,0.32332262035365184,0.2284105122089386
24,390,1,0.01,10,0.9131096005439758,0.1000753864645958,0.31634694002723623,0.1201905682682991
24,390,1,0.01,11,0.9128929376602173,0.10032494366168976,0.3167411303599357,0.1811489760875702
24,390,1,0.01,12,0.9153639674186707,0.09747893363237381,0.31221616491202664,0.11072155088186264
24,390,1,0.01,13,0.9129047989845276,0.10031125694513321,0.31671952409842563,0.0956389531493187
24,390,1,0.01,14,0.9162617325782776,0.0964449793100357,0.3105559197794106,0.13779260218143463
24,390,1,0.01,15,0.9114794135093689,0.10195298492908478,0.31930077502111515,0.20161783695220947
24,390,1,0.01,16,0.9139488935470581,0.0991087406873703,0.314815407322085,0.10767655074596405
24,390,1,0.01,17,0.9123639464378357,0.10093418508768082,0.317701408696406,0.13092264533042908
24,390,1,0.01,18,0.9157421588897705,0.09704338759183884,0.3115178768415046,0.10325916111469269
24,390,1,0.01,19,0.9139924645423889,0.09905858337879181,0.3147357357828815,0.1327950656414032
24,390,1,0.01,20,0.9155248403549194,0.0972936674952507,0.3119193285053857,0.12485526502132416
24,390,1,0.01,21,0.9157330989837646,0.09705381095409393,0.31153460635071334,0.11306360363960266
24,390,1,0.01,22,0.9139605760574341,0.09909532219171524,0.31479409491239707,0.1325094848871231
24,390,1,0.01,23,0.9099396467208862,0.1037263497710228,0.32206575380040453,0.20359815657138824
24,390,1,0.01,24,0.9178135395050049,0.09465765953063965,0.3076648493582581,0.11109517514705658
24,390,1,0.01,25,0.9185574054718018,0.09380093216896057,0.306269378438264,0.1214684545993805
24,390,1,0.01,26,0.9170601963996887,0.0955253392457962,0.3090717380250032,0.111778125166893
24,390,1,0.01,27,0.9169833660125732,0.09561385959386826,0.3092149084275664,0.0831741988658905
24,390,1,0.01,28,0.9188292026519775,0.0934879332780838,0.30575796519156095,0.09690067917108536
24,390,1,0.01,29,0.9227162599563599,0.08901102095842361,0.2983471484000201,0.12890006601810455
24,390,1,0.01,30,0.9196102023124695,0.0925883799791336,0.30428338761610635,0.08463162928819656
24,390,1,0.01,31,0.9219129681587219,0.08993618190288544,0.2998936176427992,0.1832713782787323
24,390,1,0.01,32,0.9237802028656006,0.08778560161590576,0.2962863507080705,0.10195659846067429
24,390,1,0.01,33,0.9284555912017822,0.08240079134702682,0.2870553802788354,0.11804690957069397
24,390,1,0.01,34,0.9192456007003784,0.09300830215215683,0.3049726252504589,0.07379863411188126
24,390,1,0.01,35,0.9200665354728699,0.09206279367208481,0.3034185124083315,0.10184524953365326
24,390,1,0.01,36,0.918445348739624,0.09393001347780228,0.3064800376497665,0.10755971074104309
24,390,1,0.01,37,0.9188659191131592,0.09344559162855148,0.305688716881326,0.09103168547153473
24,390,1,0.01,38,0.9206617474555969,0.09137728065252304,0.30228675236027636,0.08833744376897812
24,390,1,0.01,39,0.9169143438339233,0.09569331258535385,0.3093433571055856,0.1605231612920761
24,390,1,0.01,40,0.9233531951904297,0.0882774367928505,0.29711519111760426,0.12116704136133194
24,390,1,0.01,41,0.9218019843101501,0.09006402641534805,0.30010669172037474,0.11712943017482758
24,390,1,0.01,42,0.9215055704116821,0.09040538221597672,0.3006748779262689,0.10767137259244919
24,390,1,0.01,43,0.9219377636909485,0.08990763872861862,0.2998460250338807,0.11538679152727127
24,390,1,0.01,44,0.9225010275840759,0.08925890922546387,0.29876229552181427,0.09726736694574356
24,390,1,0.01,45,0.9237350225448608,0.08783764392137527,0.29637416203403305,0.08601611852645874
24,390,1,0.01,46,0.9239952564239502,0.08753789961338043,0.2958680442585519,0.09535923600196838
24,390,1,0.01,47,0.9238502979278564,0.08770491182804108,0.29615015081549606,0.09722108393907547
24,390,1,0.01,48,0.9228614568710327,0.08884379267692566,0.2980667587587144,0.07109318673610687
24,390,1,0.01,49,0.9227150678634644,0.08901237696409225,0.2983494209213288,0.08911662548780441
24,390,1,0.01,50,0.9235079884529114,0.0880991593003273,0.29681502539515636,0.12499453872442245
24,390,1,0.01,51,0.9238110780715942,0.08775003999471664,0.2962263323790048,0.08494509756565094
24,390,1,0.01,52,0.9239857196807861,0.08754891902208328,0.2958866658402897,0.10046904534101486
24,390,1,0.01,53,0.9226791858673096,0.089053675532341,0.2984186246405224,0.10637736320495605
24,390,1,0.01,54,0.9233272671699524,0.08830730617046356,0.2971654525183968,0.11854656785726547
24,390,1,0.01,55,0.9247803092002869,0.08663375675678253,0.2943361288676307,0.06807458400726318
24,390,1,0.01,56,0.9234856963157654,0.08812480419874191,0.2968582223869535,0.07155083119869232
24,390,1,0.01,57,0.9245308637619019,0.08692103624343872,0.2948237375847452,0.15337245166301727
24,390,1,0.01,58,0.923870325088501,0.0876818299293518,0.29611117832556033,0.11900836229324341
24,390,1,0.01,59,0.9217725396156311,0.09009794890880585,0.3001632037888819,0.08904556185007095
24,390,1,0.01,60,0.926522970199585,0.08462663739919662,0.2909065784735653,0.08448261022567749
24,390,1,0.01,61,0.9249439239501953,0.08644529432058334,0.29401580624276535,0.09153297543525696
24,390,1,0.01,62,0.9273906946182251,0.08362723886966705,0.2891837458600795,0.11108794808387756
24,390,1,0.01,63,0.9266841411590576,0.08444103598594666,0.29058739818847384,0.0738726407289505
24,390,1,0.01,64,0.9271159768104553,0.083943672478199,0.28973034442080625,0.07888757437467575
24,390,1,0.01,65,0.9285707473754883,0.08226814866065979,0.2868242469887436,0.09854669123888016
24,390,1,0.01,66,0.9265398383140564,0.08460722118616104,0.29087320465481353,0.14557424187660217
24,390,1,0.01,67,0.9262753129005432,0.08491186052560806,0.291396397585159,0.07664112746715546
24,390,1,0.01,68,0.9290276765823364,0.08174185454845428,0.2859053244492909,0.11219082027673721
24,390,1,0.01,69,0.9288832545280457,0.08190823346376419,0.28619614508893054,0.10154800862073898
24,390,1,0.01,70,0.9204251170158386,0.09164982289075851,0.30273721755139144,0.2152908444404602
24,390,1,0.01,71,0.9246299862861633,0.08680688589811325,0.2946300831519301,0.09617476165294647
24,390,1,0.01,72,0.9269692301750183,0.08411269634962082,0.29002188943185103,0.08589592576026917
24,390,1,0.01,73,0.9281250834465027,0.08278141915798187,0.28771760314235534,0.068573497235775
24,390,1,0.01,74,0.9292652606964111,0.08146824687719345,0.28542642988551964,0.054370492696762085
24,390,1,0.01,75,0.9288527369499207,0.08194336295127869,0.2862575116067327,0.09023936837911606
24,390,1,0.01,76,0.9285767674446106,0.08226120471954346,0.2868121418621315,0.0832827165722847
24,390,1,0.01,77,0.929250955581665,0.08148469775915146,0.28545524650836507,0.09597919881343842
24,390,1,0.01,78,0.9297951459884644,0.08085792511701584,0.2843552797417622,0.07054243981838226
24,390,1,0.01,79,0.9302051067352295,0.08038578927516937,0.28352387778663257,0.07184552401304245
24,390,1,0.01,80,0.9269290566444397,0.08415895700454712,0.29010163219904006,0.07390196621417999
24,390,1,0.01,81,0.9316791892051697,0.07868799567222595,0.28051380656257535,0.12431459873914719
24,390,1,0.01,82,0.929472804069519,0.08122921735048294,0.2850073987644583,0.08560513705015182
24,390,1,0.01,83,0.9283856153488159,0.08248133212327957,0.287195633886171,0.1092449352145195
24,390,1,0.01,84,0.9312068223953247,0.07923202216625214,0.2814818327463642,0.07611601799726486
24,390,1,0.01,85,0.9300023913383484,0.08061923831701279,0.2839352713507302,0.07271172106266022
24,390,1,0.01,86,0.9330661296844482,0.07709059864282608,0.27765193794178006,0.07085419446229935
24,390,1,0.01,87,0.9316125512123108,0.07876477390527725,0.28065062605538094,0.09836014360189438
24,390,1,0.01,88,0.932898223400116,0.07728399336338043,0.27799998806363363,0.0852588564157486
24,390,1,0.01,89,0.9346079230308533,0.07531488686800003,0.2744355787211272,0.076158307492733
24,390,1,0.01,90,0.9341855049133301,0.07580138742923737,0.27532051763215426,0.0872727558016777
24,390,1,0.01,91,0.937430739402771,0.07206368446350098,0.26844680006195076,0.09104529768228531
24,390,1,0.01,92,0.9375043511390686,0.07197889685630798,0.2682888310316104,0.08937234431505203
24,390,1,0.01,93,0.9381981492042542,0.0711798444390297,0.26679551053012435,0.08087840676307678
24,390,1,0.01,94,0.9392844438552856,0.06992874294519424,0.26444043364280406,0.09381958842277527
24,390,1,0.01,95,0.9456121921539307,0.06264074146747589,0.2502813246478368,0.09366463869810104
24,390,1,0.01,96,0.9472007155418396,0.06081123650074005,0.2465993440801091,0.08573538064956665
24,390,1,0.01,97,0.9474771618843079,0.06049283966422081,0.24595292164196955,0.057263217866420746
24,390,1,0.01,98,0.9524774551391602,0.0547337532043457,0.23395245928253394,0.17707914113998413
24,390,1,0.01,99,0.9492735266685486,0.058423858135938644,0.24171027726585945,0.1320706009864807
24,390,1,0.01,100,0.9471833109855652,0.060831259936094284,0.24663993986395286,0.08785198628902435
25,390,1,0.01,1,0.8987584114074707,0.11660431325435638,0.34147373728349356,0.5001155734062195
25,390,1,0.01,2,0.9123159646987915,0.1009894385933876,0.31778835503112385,0.3009738624095917
25,390,1,0.01,3,0.9166362285614014,0.09601359814405441,0.30986061083018346,0.23417367041110992
25,390,1,0.01,4,0.9178152084350586,0.09465575218200684,0.30766174962449727,0.20564834773540497
25,390,1,0.01,5,0.9189518094062805,0.09334666281938553,0.30552686104397686,0.17353957891464233
25,390,1,0.01,6,0.9205395579338074,0.09151799976825714,0.30251942048116043,0.19135747849941254
25,390,1,0.01,7,0.9202694892883301,0.09182905405759811,0.3030330906973661,0.15317673981189728
25,390,1,0.01,8,0.922031581401825,0.08979959040880203,0.2996657978628893,0.17476707696914673
25,390,1,0.01,9,0.9219232797622681,0.08992430567741394,0.2998738162584622,0.16895075142383575
25,390,1,0.01,10,0.9218750596046448,0.0899798572063446,0.2999664267986413,0.17776045203208923
25,390,1,0.01,11,0.9215089082717896,0.09040157496929169,0.30066854669102266,0.1644839197397232
25,390,1,0.01,12,0.9225970506668091,0.08914830535650253,0.29857713468466157,0.19103160500526428
25,390,1,0.01,13,0.9228036403656006,0.08891034871339798,0.2981783840478682,0.14124950766563416
25,390,1,0.01,14,0.9216203689575195,0.09027319401502609,0.3004549783495459,0.14262168109416962
25,390,1,0.01,15,0.9223270416259766,0.08945929259061813,0.29909746336373055,0.11781074851751328
25,390,1,0.01,16,0.9224799275398254,0.08928319811820984,0.29880294195039286,0.1290583610534668
25,390,1,0.01,17,0.9224112033843994,0.08936231583356857,0.2989353037591388,0.13833194971084595
25,390,1,0.01,18,0.9212133884429932,0.09074195474386215,0.3012340530947027,0.1703866869211197
25,390,1,0.01,19,0.9217590093612671,0.09011351317167282,0.300189129003155,0.1122189536690712
25,390,1,0.01,20,0.9213947057723999,0.09053310006856918,0.3008871882758872,0.1526072919368744
25,390,1,0.01,21,0.9234060049057007,0.08821655809879303,0.2970127237994915,0.1669163554906845
25,390,1,0.01,22,0.9230278730392456,0.08865208923816681,0.29774500707512597,0.13646386563777924
25,390,1,0.01,23,0.9234322309494019,0.08818638324737549,0.29696192221794276,0.1416330486536026
25,390,1,0.01,24,0.9232873320579529,0.08835326135158539,0.2972427650113378,0.14280253648757935
25,390,1,0.01,25,0.9236516952514648,0.08793363720178604,0.2965360639143004,0.15281721949577332
25,390,1,0.01,26,0.9243345260620117,0.08714716136455536,0.295206980548488,0.09539243578910828
25,390,1,0.01,27,0.9243919849395752,0.08708101511001587,0.2950949255917761,0.11196878552436829
25,390,1,0.01,28,0.9255650043487549,0.08572997897863388,0.29279682200910906,0.09248145669698715
25,390,1,0.01,29,0.9254466891288757,0.08586623519659042,0.29302941012224426,0.14375822246074677
25,390,1,0.01,30,0.9274843335151672,0.08351942151784897,0.28899726904911915,0.102962926030159
25,390,1,0.01,31,0.926989734172821,0.08408904820680618,0.2899811169831687,0.10373704135417938
25,390,1,0.01,32,0.9269835948944092,0.08409612625837326,0.2899933210582155,0.13646329939365387
25,390,1,0.01,33,0.9262412190437317,0.08495113998651505,0.29146378846524834,0.11745774000883102
25,390,1,0.01,34,0.9297359585762024,0.08092609792947769,0.2844751270840347,0.09152921289205551
25,390,1,0.01,35,0.9292231202125549,0.08151676505804062,0.2855114096810154,0.11890467256307602
25,390,1,0.01,36,0.9279730916023254,0.0829564705491066,0.288021649445153,0.09258808195590973
25,390,1,0.01,37,0.9277217388153076,0.08324599266052246,0.28852381645285796,0.10313557833433151
25,390,1,0.01,38,0.9277026653289795,0.0832679495215416,0.28856186428830405,0.17496004700660706
25,390,1,0.01,39,0.9288179278373718,0.08198347687721252,0.2863275691881809,0.1410938948392868
25,390,1,0.01,40,0.9298826456069946,0.08075720071792603,0.2841781144246088,0.11103390157222748
25,390,1,0.01,41,0.9286706447601318,0.08215305954217911,0.2866235502225508,0.10217253118753433
25,390,1,0.01,42,0.9266583919525146,0.0844707041978836,0.29063844239515807,0.1850079745054245
25,390,1,0.01,43,0.9269944429397583,0.08408363163471222,0.2899717773072273,0.16266143321990967
25,390,1,0.01,44,0.9315258860588074,0.07886459678411484,0.28082841163976774,0.08404092490673065
25,390,1,0.01,45,0.9303176999092102,0.08025607466697693,0.2832950311371114,0.11609092354774475
25,390,1,0.01,46,0.9308446645736694,0.07964915782213211,0.28222182378783556,0.10427834093570709
25,390,1,0.01,47,0.9319649934768677,0.07835883647203445,0.27992648404899895,0.11146002262830734
25,390,1,0.01,48,0.9325225353240967,0.07771667093038559,0.27877709900633085,0.07795100659132004
25,390,1,0.01,49,0.9340339303016663,0.07597595453262329,0.27563736055299776,0.12493043392896652
25,390,1,0.01,50,0.9329906702041626,0.077177494764328,0.2778083777792311,0.1224779486656189
25,390,1,0.01,51,0.933386504650116,0.07672163844108582,0.2769867116687835,0.08837451040744781
25,390,1,0.01,52,0.9334695339202881,0.0766260176897049,0.2768140489384614,0.10106072574853897
25,390,1,0.01,53,0.9346213936805725,0.07529937475919724,0.274407315425805,0.09798476099967957
25,390,1,0.01,54,0.9294596314430237,0.08124439418315887,0.2850340228519376,0.19910161197185516
25,390,1,0.01,55,0.9329116344451904,0.07726854830980301,0.2779722078010732,0.13057509064674377
25,390,1,0.01,56,0.9317953586578369,0.0785541757941246,0.28027517869787294,0.12394079566001892
25,390,1,0.01,57,0.9323052167892456,0.07796698808670044,0.279225693815416,0.13011647760868073
25,390,1,0.01,58,0.9342074394226074,0.0757761225104332,0.2752746310694707,0.08790290355682373
25,390,1,0.01,59,0.9332070350646973,0.07692831754684448,0.27735954562056175,0.08532848209142685
25,390,1,0.01,60,0.9365629553794861,0.07306317239999771,0.270302002212336,0.1130552664399147
25,390,1,0.01,61,0.9345553517341614,0.07537540793418884,0.2745458211923628,0.13173244893550873
25,390,1,0.01,62,0.9359628558158875,0.07375430315732956,0.27157743491926856,0.1293146014213562
25,390,1,0.01,63,0.9366075992584229,0.07301174849271774,0.2702068624086327,0.14506925642490387
25,390,1,0.01,64,0.9359762072563171,0.0737389475107193,0.2715491622353479,0.11418764293193817
25,390,1,0.01,65,0.9381893277168274,0.0711900144815445,0.26681456947015564,0.10352557897567749
25,390,1,0.01,66,0.9376396536827087,0.07182307541370392,0.2679982750200156,0.18096865713596344
25,390,1,0.01,67,0.935937762260437,0.07378321886062622,0.2716306662743112,0.07726456969976425
25,390,1,0.01,68,0.9361215829849243,0.07357154786586761,0.2712407562772741,0.17826110124588013
25,390,1,0.01,69,0.9404364228248596,0.06860195100307465,0.2619197415298714,0.089976966381073
25,390,1,0.01,70,0.9415276050567627,0.06734517961740494,0.259509498125608,0.13590355217456818
25,390,1,0.01,71,0.9423631429672241,0.06638284772634506,0.257648690519368,0.08405223488807678
25,390,1,0.01,72,0.9431902766227722,0.06543020159006119,0.25579327901659416,0.15606720745563507
25,390,1,0.01,73,0.9420931935310364,0.0666937604546547,0.2582513513123498,0.11729744076728821
25,390,1,0.01,74,0.9417913556098938,0.06704141199588776,0.25892356400275307,0.1171405166387558
25,390,1,0.01,75,0.9389800429344177,0.07027933746576309,0.265102503695765,0.07896875590085983
25,390,1,0.01,76,0.9434466361999512,0.06513497233390808,0.255215540933361,0.08862502127885818
25,390,1,0.01,77,0.942446231842041,0.06628712266683578,0.25746285686839526,0.09432043880224228
25,390,1,0.01,78,0.9425375461578369,0.06618194282054901,0.2572585136016863,0.09227246046066284
25,390,1,0.01,79,0.9460214376449585,0.06216943636536598,0.24933799623275626,0.08397089689970016
25,390,1,0.01,80,0.9453229308128357,0.06297395378351212,0.25094611729116695,0.09867964684963226
25,390,1,0.01,81,0.9456859827041626,0.06255576759576797,0.25011151032243195,0.13448865711688995
25,390,1,0.01,82,0.9468057155609131,0.061266157776117325,0.24752001490004263,0.08220227807760239
25,390,1,0.01,83,0.945719301700592,0.0625174418091774,0.25003488118496064,0.14607806503772736
25,390,1,0.01,84,0.9508219361305237,0.05664050579071045,0.23799265911097017,0.10138880461454391
25,390,1,0.01,85,0.9477401375770569,0.06018994376063347,0.245336388985885,0.10475865006446838
25,390,1,0.01,86,0.9496821165084839,0.057953305542469025,0.24073492796532253,0.09740005433559418
25,390,1,0.01,87,0.9504085183143616,0.05711663141846657,0.2389908605333404,0.0846264511346817
25,390,1,0.01,88,0.9511760473251343,0.05623263493180275,0.23713421290864536,0.11418913304805756
25,390,1,0.01,89,0.9499380588531494,0.057658519595861435,0.24012188487487232,0.08943518996238708
25,390,1,0.01,90,0.953407883644104,0.053662143647670746,0.23165090901542076,0.07754136621952057
25,390,1,0.01,91,0.9555199146270752,0.05122965946793556,0.2263396992750842,0.11310265213251114
25,390,1,0.01,92,0.9541550278663635,0.052801650017499924,0.22978609622320478,0.10318693518638611
25,390,1,0.01,93,0.9566877484321594,0.049884553998708725,0.2233485034619859,0.0703907385468483
25,390,1,0.01,94,0.954703688621521,0.05216967687010765,0.2284068231688967,0.09144483506679535
25,390,1,0.01,95,0.9576391577720642,0.04878881573677063,0.2208819045027696,0.0712122991681099
25,390,1,0.01,96,0.9576745629310608,0.04874800890684128,0.22078951267404273,0.11359279602766037
25,390,1,0.01,97,0.9616013765335083,0.04422536864876747,0.21029828494014752,0.09715664386749268
25,390,1,0.01,98,0.9604965448379517,0.0454978384077549,0.21330222316646139,0.09313265979290009
25,390,1,0.01,99,0.9633247256278992,0.042240507900714874,0.20552495688045982,0.07601627707481384
25,390,1,0.01,100,0.9622833132743835,0.04343993589282036,0.20842249373045213,0.18877531588077545
26,390,1,0.01,1,0.9118509292602539,0.10152506828308105,0.31862998647817353,0.2818181812763214
26,390,1,0.01,2,0.914985716342926,0.09791459143161774,0.3129130732833285,0.27289530634880066
26,390,1,0.01,3,0.9193229675292969,0.09291917830705643,0.30482647245122335,0.21963438391685486
26,390,1,0.01,4,0.9208434820175171,0.09116799384355545,0.3019403812734485,0.16724893450737
26,390,1,0.01,5,0.9204695820808411,0.09159861505031586,0.30265263099850276,0.12504808604717255
26,390,1,0.01,6,0.9159947633743286,0.09675246477127075,0.31105058233552746,0.19135217368602753
26,390,1,0.01,7,0.9192695617675781,0.09298070520162582,0.30492737693035343,0.1270550787448883
26,390,1,0.01,8,0.9222893714904785,0.08950264751911163,0.2991699308405035,0.13157536089420319
26,390,1,0.01,9,0.9215746521949768,0.09032583236694336,0.30054256331997864,0.106566421687603
26,390,1,0.01,10,0.9190570712089539,0.09322542697191238,0.3053283920173694,0.11511444300413132
26,390,1,0.01,11,0.920620322227478,0.09142497181892395,0.302365626053829,0.12673544883728027
26,390,1,0.01,12,0.9206229448318481,0.09142200648784637,0.3023607224621716,0.126620814204216
26,390,1,0.01,13,0.9230382442474365,0.08864016830921173,0.2977249877138493,0.11634819209575653
26,390,1,0.01,14,0.9215750694274902,0.09032534807920456,0.30054175762979185,0.1023842841386795
26,390,1,0.01,15,0.921062707901001,0.09091545641422272,0.3015219003890476,0.1764354109764099
26,390,1,0.01,16,0.9229708313941956,0.08871778100728989,0.29785530213056455,0.12356186658143997
26,390,1,0.01,17,0.921152651309967,0.09081186354160309,0.30135006809623105,0.08594949543476105
26,390,1,0.01,18,0.92368483543396,0.08789543062448502,0.29647163544677424,0.1378243863582611
26,390,1,0.01,19,0.924927830696106,0.0864638239145279,0.2940473157750771,0.11916837096214294
26,390,1,0.01,20,0.922454297542572,0.08931269496679306,0.2988522962381134,0.09822428226470947
26,390,1,0.01,21,0.9223043322563171,0.08948544412851334,0.2991411775876289,0.09511064738035202
26,390,1,0.01,22,0.9235177040100098,0.08808796107769012,0.29679616082033494,0.16870614886283875
26,390,1,0.01,23,0.9236679673194885,0.08791489154100418,0.2965044545044883,0.12955869734287262
26,390,1,0.01,24,0.9198286533355713,0.0923367515206337,0.30386962915144006,0.1689932495355606
26,390,1,0.01,25,0.9245787262916565,0.08686595410108566,0.2947303074016747,0.12517334520816803
26,390,1,0.01,26,0.9234373569488525,0.08818048238754272,0.2969519866704763,0.11819984018802643
26,390,1,0.01,27,0.924936056137085,0.0864543616771698,0.29403122568388856,0.13224554061889648
26,390,1,0.01,28,0.9238297343254089,0.08772855997085571,0.2961900740586283,0.09653404355049133
26,390,1,0.01,29,0.9227828979492188,0.08893422782421112,0.29821842301274937,0.10388318449258804
26,390,1,0.01,30,0.922882080078125,0.08882005512714386,0.2980269369153464,0.19282205402851105
26,390,1,0.01,31,0.9254080653190613,0.08591075241565704,0.2931053606054605,0.16870960593223572
26,390,1,0.01,32,0.9253901839256287,0.08593133091926575,0.29314046278067063,0.10387787222862244
26,390,1,0.01,33,0.9258561134338379,0.0853947326540947,0.29222377154176676,0.1663079708814621
26,390,1,0.01,34,0.9263242483139038,0.08485554158687592,0.29129974525714214,0.09541024267673492
26,390,1,0.01,35,0.926633358001709,0.08449950814247131,0.29068799105307275,0.11225783824920654
26,390,1,0.01,36,0.9260965585708618,0.08511774986982346,0.29174946421514375,0.10172256082296371
26,390,1,0.01,37,0.9246762990951538,0.08675355464220047,0.2945395637978037,0.09979681670665741
26,390,1,0.01,38,0.927539587020874,0.08345580101013184,0.2888871769569079,0.10725925117731094
26,390,1,0.01,39,0.9274412393569946,0.08356903493404388,0.28908309347667477,0.13442003726959229
26,390,1,0.01,40,0.9341502785682678,0.0758419781923294,0.27539422323703416,0.1300862431526184
26,390,1,0.01,41,0.9255514144897461,0.08574561029672623,0.29282351390680056,0.11470427364110947
26,390,1,0.01,42,0.9253864884376526,0.08593558520078659,0.29314771907826026,0.05727072432637215
26,390,1,0.01,43,0.9235944151878357,0.087999626994133,0.2966473107818997,0.1252649575471878
26,390,1,0.01,44,0.9260914325714111,0.08512368053197861,0.29175962800219396,0.12598615884780884
26,390,1,0.01,45,0.928321361541748,0.08255540579557419,0.28732456524908234,0.09802325069904327
26,390,1,0.01,46,0.9253308773040771,0.08599960803985596,0.2932568976850433,0.09834841638803482
26,390,1,0.01,47,0.9219397306442261,0.08990535885095596,0.29984222326242843,0.12343855947256088
26,390,1,0.01,48,0.9224979281425476,0.08926249295473099,0.2987682930880233,0.13423983752727509
26,390,1,0.01,49,0.924278199672699,0.08721203356981277,0.2953168359064765,0.08359947800636292
26,390,1,0.01,50,0.9248782396316528,0.0865209698677063,0.2941444710813146,0.19278421998023987
26,390,1,0.01,51,0.9248344898223877,0.08657132089138031,0.294230047567172,0.1353171467781067
26,390,1,0.01,52,0.9223509430885315,0.0894317552447319,0.2990514257527155,0.10347142815589905
26,390,1,0.01,53,0.9222272634506226,0.08957421779632568,0.2992895216948393,0.10592537373304367
26,390,1,0.01,54,0.9228712320327759,0.08883253484964371,0.29804787341909306,0.11048848927021027
26,390,1,0.01,55,0.923464834690094,0.08814886212348938,0.29689874052189813,0.1073223426938057
26,390,1,0.01,56,0.9240630865097046,0.08745978772640228,0.29573601019558354,0.09563575685024261
26,390,1,0.01,57,0.9203213453292847,0.09176934510469437,0.3029345558114729,0.1417975127696991
26,390,1,0.01,58,0.9247445464134216,0.08667492866516113,0.2944060608499104,0.11879558861255646
26,390,1,0.01,59,0.9254558682441711,0.08585567772388458,0.29301139521166164,0.10929954797029495
26,390,1,0.01,60,0.9235302805900574,0.08807344734668732,0.29677170914136564,0.08518046140670776
26,390,1,0.01,61,0.9240418672561646,0.08748422563076019,0.29577732440259885,0.12353821098804474
26,390,1,0.01,62,0.9243330359458923,0.08714889734983444,0.29520992081878694,0.09087949246168137
26,390,1,0.01,63,0.9267890453338623,0.08432018011808395,0.29037937274896775,0.11623445898294449
26,390,1,0.01,64,0.9265159964561462,0.0846346989274025,0.2909204340148737,0.14518465101718903
26,390,1,0.01,65,0.9254463315010071,0.08586668223142624,0.2930301729027682,0.0911322608590126
26,390,1,0.01,66,0.9236149787902832,0.0879758894443512,0.2966072983666302,0.1108294352889061
26,390,1,0.01,67,0.9303296208381653,0.08024238795042038,0.2832708738123642,0.09643418341875076
26,390,1,0.01,68,0.9252449870109558,0.0860985815525055,0.2934255979844047,0.08161317557096481
26,390,1,0.01,69,0.9266964793205261,0.08442680537700653,0.290562911220628,0.1059761792421341
26,390,1,0.01,70,0.9254457950592041,0.08586727827787399,0.2930311899403782,0.1000678539276123
26,390,1,0.01,71,0.9234723448753357,0.08814015984535217,0.2968840848636925,0.1161947026848793
26,390,1,0.01,72,0.9269995093345642,0.08407778292894363,0.28996169217492096,0.06824955344200134
26,390,1,0.01,73,0.9279031157493591,0.08303707093000412,0.28816153617373036,0.1039988249540329
26,390,1,0.01,74,0.9288824796676636,0.08190912008285522,0.28619769405579637,0.11703859269618988
26,390,1,0.01,75,0.92653888463974,0.08460833877325058,0.29087512573826346,0.10910610854625702
26,390,1,0.01,76,0.9261153936386108,0.08509606868028641,0.2917123046432673,0.10941507667303085
26,390,1,0.01,77,0.9305225610733032,0.08002012968063354,0.2828782948206411,0.10008066147565842
26,390,1,0.01,78,0.9297186136245728,0.08094609528779984,0.28451027272806834,0.06957873702049255
26,390,1,0.01,79,0.9335134029388428,0.07657547295093536,0.2767227365991731,0.07868622988462448
26,390,1,0.01,80,0.9337301850318909,0.07632577419281006,0.27627119682082324,0.12306437641382217
26,390,1,0.01,81,0.9399203658103943,0.06919626891613007,0.2630518369373802,0.1464727222919464
26,390,1,0.01,82,0.9385315775871277,0.07079583406448364,0.2660748655256329,0.06777773797512054
26,390,1,0.01,83,0.9381100535392761,0.0712813064455986,0.26698559220601886,0.1075589656829834
26,390,1,0.01,84,0.9412963390350342,0.06761150062084198,0.26002211563796257,0.06207294389605522
26,390,1,0.01,85,0.929926872253418,0.08070624619722366,0.28408844784190657,0.08206910640001297
26,390,1,0.01,86,0.936286211013794,0.0733819454908371,0.27089102142898186,0.15628878772258759
26,390,1,0.01,87,0.9324561953544617,0.07779309153556824,0.27891412932221316,0.10154583305120468
26,390,1,0.01,88,0.9479122161865234,0.05999171361327171,0.24493205917819683,0.10852212458848953
26,390,1,0.01,89,0.951397180557251,0.05597798898816109,0.23659668000240638,0.11258567124605179
26,390,1,0.01,90,0.9247758388519287,0.08663888275623322,0.29434483646946014,0.07062586396932602
26,390,1,0.01,91,0.9254796504974365,0.0858282521367073,0.29296459195047325,0.0595349483191967
26,390,1,0.01,92,0.9269619584083557,0.08412104099988937,0.2900362753172254,0.07238878309726715
26,390,1,0.01,93,0.9261573553085327,0.08504777401685715,0.29162951499609424,0.10545700043439865
26,390,1,0.01,94,0.9275707602500916,0.08341987431049347,0.2888249890686287,0.09390828013420105
26,390,1,0.01,95,0.9282270073890686,0.08266403526067734,0.28751353926498374,0.0757334977388382
26,390,1,0.01,96,0.9292840957641602,0.081446573138237,0.2853884600649385,0.09892883151769638
26,390,1,0.01,97,0.926185131072998,0.08501576632261276,0.29157463250875026,0.13425762951374054
26,390,1,0.01,98,0.9292305707931519,0.08150818198919296,0.28549637824181406,0.09250160306692123
26,390,1,0.01,99,0.9291598200798035,0.0815896987915039,0.285639105851254,0.0704064816236496
26,390,1,0.01,100,0.9314278364181519,0.07897751778364182,0.28102938953718315,0.07821061462163925
27,390,1,0.01,1,0.9145513772964478,0.0984148308634758,0.313711381469458,0.39150139689445496
27,390,1,0.01,2,0.9255545735359192,0.08574201166629791,0.2928173691335572,0.3085535168647766
27,390,1,0.01,3,0.9262586832046509,0.08493102341890335,0.2914292768733151,0.29442885518074036
27,390,1,0.01,4,0.9275076985359192,0.08349251747131348,0.28895071806678985,0.22320982813835144
27,390,1,0.01,5,0.927901566028595,0.08303884416818619,0.28816461297006296,0.2152896374464035
27,390,1,0.01,6,0.926772952079773,0.08433877676725388,0.29041139228214496,0.20587235689163208
27,390,1,0.01,7,0.9261117577552795,0.08510025590658188,0.291719481534199,0.19490060210227966
27,390,1,0.01,8,0.9262974262237549,0.08488639444112778,0.29135269767264516,0.21734610199928284
27,390,1,0.01,9,0.9258940815925598,0.08535099029541016,0.2921489180117054,0.22183601558208466
27,390,1,0.01,10,0.9230402708053589,0.08863779902458191,0.29772100870543533,0.22968551516532898
27,390,1,0.01,11,0.9263409972190857,0.08483622968196869,0.29126659554773643,0.1539590060710907
27,390,1,0.01,12,0.9260725975036621,0.08514534682035446,0.2917967560141039,0.1456661969423294
27,390,1,0.01,13,0.9262436032295227,0.08494842797517776,0.2914591360296976,0.16822287440299988
27,390,1,0.01,14,0.9270346164703369,0.0840374082326889,0.289892063072946,0.1612040102481842
27,390,1,0.01,15,0.9254557490348816,0.08585583418607712,0.29301166220148495,0.17076928913593292
27,390,1,0.01,16,0.9273478984832764,0.0836765319108963,0.289268961195107,0.16812698543071747
27,390,1,0.01,17,0.924147367477417,0.08736271411180496,0.2955718425557566,0.18278831243515015
27,390,1,0.01,18,0.9251342415809631,0.08622612059116364,0.29364284529196966,0.2172274887561798
27,390,1,0.01,19,0.9261630177497864,0.08504125475883484,0.29161833748726235,0.1666315793991089
27,390,1,0.01,20,0.9232550859451294,0.08839042484760284,0.29730527214902,0.2183687537908554
27,390,1,0.01,21,0.9260292649269104,0.08519525080919266,0.29188225504335247,0.14128170907497406
27,390,1,0.01,22,0.9242379069328308,0.08725845068693161,0.29539541412644105,0.1484333872795105
27,390,1,0.01,23,0.9270281791687012,0.08404477685689926,0.2899047720492011,0.12881523370742798
27,390,1,0.01,24,0.9259172677993774,0.08532426506280899,0.29210317537269087,0.16670051217079163
27,390,1,0.01,25,0.9271256327629089,0.08393251150846481,0.2897110828195304,0.23476079106330872
27,390,1,0.01,26,0.925201416015625,0.08614877611398697,0.2935111175304727,0.15482622385025024
27,390,1,0.01,27,0.9257113933563232,0.08556140959262848,0.29250881968349,0.15117806196212769
27,390,1,0.01,28,0.9259451031684875,0.08529217541217804,0.2920482415837802,0.13616694509983063
27,390,1,0.01,29,0.9281004071235657,0.08280985057353973,0.2877670074444597,0.15149453282356262
27,390,1,0.01,30,0.9269851446151733,0.0840943455696106,0.2899902508182139,0.13545432686805725
27,390,1,0.01,31,0.927636981010437,0.08334361016750336,0.28869293404498725,0.12732946872711182
27,390,1,0.01,32,0.9275627136230469,0.08342909812927246,0.28884095646094315,0.13403232395648956
27,390,1,0.01,33,0.9233072996139526,0.08833027631044388,0.2972040987443543,0.23110131919384003
27,390,1,0.01,34,0.9269174337387085,0.08417236059904099,0.29012473282890067,0.14530397951602936
27,390,1,0.01,35,0.9282774925231934,0.08260590583086014,0.2874124315871882,0.1785861700773239
27,390,1,0.01,36,0.9280277490615845,0.08289352804422379,0.28791236174263823,0.1399354636669159
27,390,1,0.01,37,0.9249176383018494,0.08647559583187103,0.2940673321398877,0.16288384795188904
27,390,1,0.01,38,0.9259888529777527,0.08524184674024582,0.29196206387173973,0.14682814478874207
27,390,1,0.01,39,0.9277035593986511,0.08326690644025803,0.2885600569036852,0.10611354559659958
27,390,1,0.01,40,0.9300186038017273,0.0806005597114563,0.2839023770796157,0.10543740540742874
27,390,1,0.01,41,0.9280365109443665,0.08288341760635376,0.2878948030207453,0.11403083801269531
27,390,1,0.01,42,0.9273844361305237,0.08363448828458786,0.28919627985952356,0.16438241302967072
27,390,1,0.01,43,0.9273713231086731,0.08364957571029663,0.2892223637796646,0.10075177252292633
27,390,1,0.01,44,0.9277725219726562,0.08318746834993362,0.2884223783792333,0.1532009243965149
27,390,1,0.01,45,0.9284979701042175,0.0823519378900528,0.2869702735302958,0.15308375656604767
27,390,1,0.01,46,0.9293986558914185,0.08131461590528488,0.2851571775447444,0.12123826146125793
27,390,1,0.01,47,0.9278784990310669,0.08306540548801422,0.28821069634559754,0.11745786666870117
27,390,1,0.01,48,0.9269120693206787,0.08417850732803345,0.2901353258878233,0.13467344641685486
27,390,1,0.01,49,0.9276320934295654,0.08334921300411224,0.288702637681252,0.11248137801885605
27,390,1,0.01,50,0.928950846195221,0.08183036744594574,0.2860600766376632,0.0941540077328682
27,390,1,0.01,51,0.9280204772949219,0.08290193229913712,0.28792695653435635,0.16926464438438416
27,390,1,0.01,52,0.9299939870834351,0.080628901720047,0.2839522877527966,0.09147366881370544
27,390,1,0.01,53,0.928869366645813,0.08192422240972519,0.2862240772711569,0.29324081540107727
27,390,1,0.01,54,0.9279807209968567,0.08294770866632462,0.28800643858484243,0.10663922131061554
27,390,1,0.01,55,0.927390456199646,0.08362755924463272,0.2891842997893086,0.07693251967430115
27,390,1,0.01,56,0.9285982847213745,0.0822364017367363,0.2867688995284117,0.08065035939216614
27,390,1,0.01,57,0.9288049340248108,0.08199844509363174,0.2863537062683697,0.1392350196838379
27,390,1,0.01,58,0.9279634356498718,0.0829676017165184,0.28804097228782993,0.10221369564533234
27,390,1,0.01,59,0.9276497960090637,0.08332883566617966,0.28866734430167135,0.11410185694694519
27,390,1,0.01,60,0.9291926622390747,0.08155183494091034,0.285572818981272,0.08143133670091629
27,390,1,0.01,61,0.9285821914672852,0.08225497603416443,0.28680128318081916,0.08740566670894623
27,390,1,0.01,62,0.9278076887130737,0.08314696699380875,0.28835215794893704,0.11231446266174316
27,390,1,0.01,63,0.9303228259086609,0.08025016635656357,0.2832846031053639,0.0706958994269371
27,390,1,0.01,64,0.9285213351249695,0.0823250561952591,0.28692343263536196,0.10393613576889038
27,390,1,0.01,65,0.9313052296638489,0.07911873608827591,0.28128052916665935,0.08918534964323044
27,390,1,0.01,66,0.9312061667442322,0.0792328342795372,0.2814832753105186,0.12226793169975281
27,390,1,0.01,67,0.929707407951355,0.08095903694629669,0.2845330155646207,0.12250762432813644
27,390,1,0.01,68,0.930808961391449,0.07969026267528534,0.28229463805620775,0.09167493134737015
27,390,1,0.01,69,0.9279032945632935,0.08303689956665039,0.2881612388345289,0.14407379925251007
27,390,1,0.01,70,0.9289853572845459,0.08179057389497757,0.28599051364508155,0.0856989249587059
27,390,1,0.01,71,0.9285492300987244,0.08229293674230576,0.28686745500719624,0.10304152220487595
27,390,1,0.01,72,0.9292194247245789,0.08152105659246445,0.28551892510386145,0.12313998490571976
27,390,1,0.01,73,0.9282864928245544,0.08259549736976624,0.28739432383011015,0.0817880854010582
27,390,1,0.01,74,0.930553674697876,0.07998432219028473,0.2828149964027451,0.17837515473365784
27,390,1,0.01,75,0.9287241101264954,0.08209148794412613,0.2865161216129489,0.0853884220123291
27,390,1,0.01,76,0.9279534220695496,0.08297915756702423,0.2880610309761184,0.09138058125972748
27,390,1,0.01,77,0.9264022707939148,0.08476569503545761,0.29114548774703275,0.14947761595249176
27,390,1,0.01,78,0.9294595122337341,0.08124452084302902,0.2850342450356255,0.10875678807497025
27,390,1,0.01,79,0.9309394955635071,0.07953996956348419,0.2820283134075091,0.0832802876830101
27,390,1,0.01,80,0.9273834824562073,0.08363555371761322,0.2891981219123202,0.09250497817993164
27,390,1,0.01,81,0.9270986318588257,0.08396367728710175,0.28976486551530317,0.08661691844463348
27,390,1,0.01,82,0.9235533475875854,0.08804687857627869,0.29672694278794215,0.17819592356681824
27,390,1,0.01,83,0.9281724095344543,0.08272691071033478,0.2876228619396149,0.08934949338436127
27,390,1,0.01,84,0.929068922996521,0.0816943347454071,0.2858222082788654,0.0779370442032814
27,390,1,0.01,85,0.9296563267707825,0.0810178592801094,0.28463636324283903,0.06831035017967224
27,390,1,0.01,86,0.9309006333351135,0.07958470284938812,0.28210760863434386,0.09774993360042572
27,390,1,0.01,87,0.9318953156471252,0.07843910157680511,0.280069815540349,0.06998306512832642
27,390,1,0.01,88,0.9325057864189148,0.0777360051870346,0.278811773759708,0.07883328944444656
27,390,1,0.01,89,0.9335634112358093,0.07651785016059875,0.2766186005325722,0.07685718685388565
27,390,1,0.01,90,0.9331286549568176,0.0770186185836792,0.2775222848415586,0.06496036797761917
27,390,1,0.01,91,0.9338386654853821,0.07620084285736084,0.27604500150765426,0.06725424528121948
27,390,1,0.01,92,0.9316385984420776,0.07873474061489105,0.28059711440941626,0.08198429644107819
27,390,1,0.01,93,0.9296820163726807,0.08098827302455902,0.2845843864736065,0.1127522885799408
27,390,1,0.01,94,0.9262014031410217,0.0849970355629921,0.2915425107304115,0.11721698939800262
27,390,1,0.01,95,0.9276095032691956,0.0833752304315567,0.288747693378764,0.09338291734457016
27,390,1,0.01,96,0.9285069704055786,0.08234156668186188,0.28695220278273154,0.09204511344432831
27,390,1,0.01,97,0.9307642579078674,0.07974179089069366,0.28238589003470704,0.06383964419364929
27,390,1,0.01,98,0.9292533993721008,0.08148188889026642,0.28545032648477814,0.07843185216188431
27,390,1,0.01,99,0.9317003488540649,0.0786636546254158,0.28047041666709843,0.06857991963624954
27,390,1,0.01,100,0.9324547648429871,0.07779477536678314,0.2789171478535932,0.06892136484384537
28,390,1,0.01,1,0.9068709015846252,0.10726076364517212,0.3275068909888342,0.3029380738735199
28,390,1,0.01,2,0.9144184589385986,0.0985679179430008,0.313955280164231,0.22442224621772766
28,390,1,0.01,3,0.9152053594589233,0.09766160696744919,0.3125085710303786,0.2313786745071411
28,390,1,0.01,4,0.9190777540206909,0.09320162981748581,0.3052894197601447,0.2508339583873749
28,390,1,0.01,5,0.9183353185653687,0.09405676275491714,0.3066867502108905,0.18440283834934235
28,390,1,0.01,6,0.9195178747177124,0.0926947295665741,0.30445809164246906,0.14150238037109375
28,390,1,0.01,7,0.9221180081367493,0.08970004320144653,0.29949965476014584,0.15221238136291504
28,390,1,0.01,8,0.9237303137779236,0.08784306049346924,0.29638329995711504,0.13983173668384552
28,390,1,0.01,9,0.9229437112808228,0.08874907344579697,0.2979078270972365,0.13237175345420837
28,390,1,0.01,10,0.9225521683692932,0.0891999751329422,0.29866364883082475,0.11324378103017807
28,390,1,0.01,11,0.9235953688621521,0.08799850195646286,0.29664541452121396,0.20380505919456482
28,390,1,0.01,12,0.9236931204795837,0.08788593113422394,0.29645561410474913,0.10721156746149063
28,390,1,0.01,13,0.9235530495643616,0.08804725855588913,0.29672758307223335,0.14087876677513123
28,390,1,0.01,14,0.9230645895004272,0.08860981464385986,0.29767400733664984,0.08999382704496384
28,390,1,0.01,15,0.9232074618339539,0.0884452536702156,0.29739746749126095,0.10477043688297272
28,390,1,0.01,16,0.9231030941009521,0.08856543898582458,0.2975994606611789,0.08093299716711044
28,390,1,0.01,17,0.9237130284309387,0.0878630131483078,0.2964169582670799,0.13290628790855408
28,390,1,0.01,18,0.9224357604980469,0.08933406323194504,0.29888804464539065,0.13547468185424805
28,390,1,0.01,19,0.9228872656822205,0.08881407231092453,0.29801689937136877,0.13997997343540192
28,390,1,0.01,20,0.9247198104858398,0.08670344948768616,0.29445449476563634,0.11316150426864624
28,390,1,0.01,21,0.9223213195800781,0.08946584910154343,0.2991084236552749,0.10483033210039139
28,390,1,0.01,22,0.9241694808006287,0.08733727782964706,0.29552881049002155,0.10091907531023026
28,390,1,0.01,23,0.9265849590301514,0.08455529063940048,0.2907839243139147,0.10329286009073257
28,390,1,0.01,24,0.9243666529655457,0.08711014688014984,0.2951442814627277,0.12606537342071533
28,390,1,0.01,25,0.9244887232780457,0.08696956932544708,0.2949060347389437,0.09863580018281937
28,390,1,0.01,26,0.9253084659576416,0.0860254317522049,0.29330092354475273,0.0923353061079979
28,390,1,0.01,27,0.9241088628768921,0.08740709722042084,0.2956469130913104,0.1239200159907341
28,390,1,0.01,28,0.9252365827560425,0.08610823005437851,0.29344203866245633,0.12134809792041779
28,390,1,0.01,29,0.9230201244354248,0.0886610597372055,0.29776007075698635,0.11433210223913193
28,390,1,0.01,30,0.914668083190918,0.09828046709299088,0.3134971564352552,0.27185848355293274
28,390,1,0.01,31,0.9217837452888489,0.09008503705263138,0.3001416949586168,0.09372185170650482
28,390,1,0.01,32,0.9231237769126892,0.08854164928197861,0.2975594886438317,0.12129036337137222
28,390,1,0.01,33,0.9239894151687622,0.08754467964172363,0.29587950189515266,0.09353585541248322
28,390,1,0.01,34,0.9240601658821106,0.0874631479382515,0.29574169124127814,0.12006298452615738
28,390,1,0.01,35,0.9251044988632202,0.08626040071249008,0.29370120992684057,0.09054304659366608
28,390,1,0.01,36,0.9283442497253418,0.08252903074026108,0.28727866391408374,0.11370257288217545
28,390,1,0.01,37,0.9264658689498901,0.08469242602586746,0.2910196316846468,0.14723078906536102
28,390,1,0.01,38,0.9246181845664978,0.08682048320770264,0.29465315747112336,0.2141788750886917
28,390,1,0.01,39,0.9241153001785278,0.08739969879388809,0.29563440055901496,0.20842471718788147
28,390,1,0.01,40,0.9281388521194458,0.08276556432247162,0.2876900490501394,0.11100646108388901
28,390,1,0.01,41,0.9244828820228577,0.08697632700204849,0.29491749185500765,0.11712955683469772
28,390,1,0.01,42,0.929459810256958,0.08124414086341858,0.2850335784840421,0.10025902837514877
28,390,1,0.01,43,0.9338287115097046,0.07621234655380249,0.2760658373537053,0.1289975941181183
28,390,1,0.01,44,0.928377628326416,0.08249059319496155,0.2872117567143823,0.09722208976745605
28,390,1,0.01,45,0.9375395774841309,0.07193833589553833,0.26821322841265366,0.1040307879447937
28,390,1,0.01,46,0.9328926801681519,0.07729041576385498,0.2780115389041523,0.1228654757142067
28,390,1,0.01,47,0.9532537460327148,0.05383967235684395,0.23203377417273535,0.2033454179763794
28,390,1,0.01,48,0.9279535412788391,0.08297903090715408,0.2880608111270155,0.1740538328886032
28,390,1,0.01,49,0.9232456088066101,0.08840133994817734,0.2973236283045418,0.13703040778636932
28,390,1,0.01,50,0.9277169108390808,0.08325152844190598,0.28853340957661383,0.13582855463027954
28,390,1,0.01,51,0.9257320761680603,0.08553759008646011,0.2924681009724994,0.095755934715271
28,390,1,0.01,52,0.928726315498352,0.08208898454904556,0.2865117528986299,0.10561466217041016
28,390,1,0.01,53,0.9284957051277161,0.08235455304384232,0.28697482998312296,0.11233893781900406
28,390,1,0.01,54,0.9266502857208252,0.08448001742362976,0.2906544639664593,0.12976589798927307
28,390,1,0.01,55,0.9284161925315857,0.08244616538286209,0.28713440299424603,0.09230858087539673
28,390,1,0.01,56,0.9251856207847595,0.08616694062948227,0.2935420593875472,0.10266407579183578
28,390,1,0.01,57,0.9290997982025146,0.08165880292654037,0.2857600443143519,0.17363180220127106
28,390,1,0.01,58,0.9270459413528442,0.08402430266141891,0.28986945796585556,0.12296763062477112
28,390,1,0.01,59,0.9273462295532227,0.0836784690618515,0.2892723095317827,0.110355444252491
28,390,1,0.01,60,0.9296599626541138,0.08101365715265274,0.2846289815754059,0.11859743297100067
28,390,1,0.01,61,0.9269500970840454,0.08413474261760712,0.29005989487967326,0.13856112957000732
28,390,1,0.01,62,0.9289085865020752,0.08187904208898544,0.28614514164840443,0.11851684004068375
28,390,1,0.01,63,0.9297257661819458,0.08093789219856262,0.2844958562063121,0.10194612294435501
28,390,1,0.01,64,0.930427610874176,0.0801294818520546,0.2830715136711121,0.11491439491510391
28,390,1,0.01,65,0.9315522909164429,0.0788341537117958,0.2807742041423959,0.08190888911485672
28,390,1,0.01,66,0.9300634860992432,0.08054886758327484,0.28381132391656755,0.09717214107513428
28,390,1,0.01,67,0.9273310899734497,0.0836959183216095,0.2893024685715791,0.1307932287454605
28,390,1,0.01,68,0.9265229105949402,0.08462674170732498,0.2909067577546541,0.09070438146591187
28,390,1,0.01,69,0.9305242896080017,0.08001818507909775,0.28287485762983205,0.0944683626294136
28,390,1,0.01,70,0.9318108558654785,0.07853640615940094,0.28024347656885956,0.09182446449995041
28,390,1,0.01,71,0.9323372840881348,0.07793008536100388,0.27915960553239766,0.08999142050743103
28,390,1,0.01,72,0.9322522282600403,0.07802800089120865,0.2793349260139316,0.08518531173467636
28,390,1,0.01,73,0.9305406808853149,0.07999926060438156,0.2828414053924594,0.07966440916061401
28,390,1,0.01,74,0.9290016889572144,0.08177178353071213,0.28595766038123915,0.09163054078817368
28,390,1,0.01,75,0.9308915138244629,0.0795951783657074,0.2821261745490967,0.08796945959329605
28,390,1,0.01,76,0.9320987462997437,0.07820478081703186,0.2796511770349481,0.08358702063560486
28,390,1,0.01,77,0.9297112822532654,0.08095453679561615,0.2845251074960102,0.09746123105287552
28,390,1,0.01,78,0.9313748478889465,0.07903851568698883,0.2811378944343662,0.09536824375391006
28,390,1,0.01,79,0.9332938194274902,0.07682839035987854,0.2771793469215889,0.10429596900939941
28,390,1,0.01,80,0.9334779977798462,0.07661627233028412,0.2767964456604964,0.0807545930147171
28,390,1,0.01,81,0.9338651299476624,0.07617036253213882,0.27598978700694493,0.10454234480857849
28,390,1,0.01,82,0.9357070922851562,0.07404892891645432,0.27211932845068965,0.099874347448349
28,390,1,0.01,83,0.9355778098106384,0.07419779896736145,0.27239272928505537,0.07985667884349823
28,390,1,0.01,84,0.93483567237854,0.07505255937576294,0.27395722179888404,0.11740916222333908
28,390,1,0.01,85,0.9355661273002625,0.0742112398147583,0.27241739998531356,0.0952184796333313
28,390,1,0.01,86,0.9353376030921936,0.07447448372840881,0.27290013508316335,0.08052759617567062
28,390,1,0.01,87,0.9356759786605835,0.07408471405506134,0.2721850731672502,0.07940036803483963
28,390,1,0.01,88,0.9362285137176514,0.07344839721918106,0.2710136476622184,0.09679503738880157
28,390,1,0.01,89,0.935806155204773,0.07393480092287064,0.27190954547950436,0.08924577385187149
28,390,1,0.01,90,0.9384199976921082,0.0709243193268776,0.26631620177315085,0.08316496014595032
28,390,1,0.01,91,0.9399890899658203,0.06911718100309372,0.2629014663388048,0.07880129665136337
28,390,1,0.01,92,0.9360707402229309,0.07363005727529526,0.271348589963713,0.1235426589846611
28,390,1,0.01,93,0.938361644744873,0.07099153846502304,0.26644237362893886,0.09618626534938812
28,390,1,0.01,94,0.9393897652626038,0.06980742514133453,0.26421094818597984,0.07719432562589645
28,390,1,0.01,95,0.93757563829422,0.07189679145812988,0.2681357705680648,0.08890094608068466
28,390,1,0.01,96,0.9395002126693726,0.06968022882938385,0.26397012866872616,0.10325080901384354
28,390,1,0.01,97,0.9377064108848572,0.07174621522426605,0.2678548398373008,0.09085557609796524
28,390,1,0.01,98,0.9397748112678528,0.06936394423246384,0.2633703556447913,0.08229593187570572
28,390,1,0.01,99,0.9359244108200073,0.07379861176013947,0.27165899904133395,0.14428210258483887
28,390,1,0.01,100,0.9353442788124084,0.07446678727865219,0.2728860334986974,0.0834287628531456
29,390,1,0.01,1,0.9058964848518372,0.10838307440280914,0.3292158477394567,0.40844428539276123
29,390,1,0.01,2,0.9185307025909424,0.09383170306682587,0.30631960934100494,0.23275408148765564
29,390,1,0.01,3,0.9195899367332458,0.09261174499988556,0.30432177871438243,0.2021828144788742
29,390,1,0.01,4,0.9202892780303955,0.09180626273155212,0.3029954830216981,0.211059108376503
29,390,1,0.01,5,0.9220339059829712,0.08979687839746475,0.29966127276887944,0.1884402632713318
29,390,1,0.01,6,0.9216638803482056,0.09022310376167297,0.30037160944682,0.2161257565021515
29,390,1,0.01,7,0.9236540198326111,0.08793092519044876,0.29653149106030674,0.19020959734916687
29,390,1,0.01,8,0.9226797819137573,0.08905300498008728,0.2984175011290177,0.22121065855026245
29,390,1,0.01,9,0.9239116311073303,0.08763421326875687,0.29603076405798917,0.161643385887146
29,390,1,0.01,10,0.9252821207046509,0.08605579286813736,0.2933526765995793,0.1759713590145111
29,390,1,0.01,11,0.9247661232948303,0.08665010333061218,0.2943638961058441,0.1622919887304306
29,390,1,0.01,12,0.9273419976234436,0.08368335664272308,0.2892807574705291,0.1266162246465683
29,390,1,0.01,13,0.9253292679786682,0.08600150048732758,0.2932601242708043,0.17725670337677002
29,390,1,0.01,14,0.9261994361877441,0.08499927818775177,0.2915463568418439,0.12238449603319168
29,390,1,0.01,15,0.9263583421707153,0.08481629937887192,0.29123238037497123,0.2426529824733734
29,390,1,0.01,16,0.9249489307403564,0.0864395722746849,0.29400607523431366,0.14478830993175507
29,390,1,0.01,17,0.925577700138092,0.08571535348892212,0.29277184545123547,0.12893494963645935
29,390,1,0.01,18,0.9270356893539429,0.08403610438108444,0.28988981420719917,0.14740081131458282
29,390,1,0.01,19,0.9262248277664185,0.08497004956007004,0.29149622563606215,0.15767739713191986
29,390,1,0.01,20,0.9276409149169922,0.08333910256624222,0.28868512702638877,0.12617115676403046
29,390,1,0.01,21,0.9271279573440552,0.08392984420061111,0.2897064793901081,0.11749203503131866
29,390,1,0.01,22,0.9258109331130981,0.08544671535491943,0.29231270132329085,0.1865699589252472
29,390,1,0.01,23,0.9275083541870117,0.083491750061512,0.2889493901386746,0.12299557775259018
29,390,1,0.01,24,0.9287804365158081,0.08202662318944931,0.2864029035981467,0.1415906399488449
29,390,1,0.01,25,0.9287630319595337,0.08204668015241623,0.28643791675058705,0.13782931864261627
29,390,1,0.01,26,0.9296291470527649,0.08104915171861649,0.2846913270871041,0.12568703293800354
29,390,1,0.01,27,0.9290847182273865,0.08167615532875061,0.28579040454282334,0.13166356086730957
29,390,1,0.01,28,0.9310175180435181,0.07945012301206589,0.28186898199707233,0.12363586574792862
29,390,1,0.01,29,0.9314320683479309,0.07897260785102844,0.2810206537801598,0.12457089871168137
29,390,1,0.01,30,0.9328071475028992,0.07738887518644333,0.2781885604881037,0.11228708922863007
29,390,1,0.01,31,0.9306754469871521,0.07984405010938644,0.282566894928239,0.18547925353050232
29,390,1,0.01,32,0.9332718253135681,0.07685371488332748,0.2772250257161634,0.11254826933145523
29,390,1,0.01,33,0.9319925904273987,0.07832705974578857,0.27986971923698456,0.20651277899742126
29,390,1,0.01,34,0.9330897331237793,0.07706346362829208,0.2776030684778035,0.11177553236484528
29,390,1,0.01,35,0.9347754716873169,0.07512186467647552,0.2740836818865281,0.1290091723203659
29,390,1,0.01,36,0.9351394772529602,0.07470262050628662,0.27331780129784194,0.12289368361234665
29,390,1,0.01,37,0.9321649670600891,0.07812852412462234,0.2795148012621556,0.14698532223701477
29,390,1,0.01,38,0.9345487952232361,0.07538295537233353,0.27455956616430893,0.14186502993106842
29,390,1,0.01,39,0.9354074001312256,0.07439406216144562,0.2727527491363664,0.1424611359834671
29,390,1,0.01,40,0.9352391958236694,0.07458782196044922,0.2731077112797243,0.11314576119184494
29,390,1,0.01,41,0.9350873231887817,0.07476270198822021,0.2734276906025069,0.13976289331912994
29,390,1,0.01,42,0.9348863363265991,0.07499419152736664,0.2738506737756302,0.1328766942024231
29,390,1,0.01,43,0.939430296421051,0.06976073980331421,0.2641225848035609,0.1296626478433609
29,390,1,0.01,44,0.9398358464241028,0.06929364800453186,0.2632368667275385,0.12418834865093231
29,390,1,0.01,45,0.9400033950805664,0.06910067051649094,0.26287006394127677,0.0967898741364479
29,390,1,0.01,46,0.942194938659668,0.06657657772302628,0.25802437428085406,0.11221254616975784
29,390,1,0.01,47,0.9382181167602539,0.0711568295955658,0.2667523750514057,0.2023160606622696
29,390,1,0.01,48,0.9361430406570435,0.07354682683944702,0.27119518218332533,0.12332871556282043
29,390,1,0.01,49,0.9415310025215149,0.06734126806259155,0.25950196157754096,0.14225803315639496
29,390,1,0.01,50,0.9388406276702881,0.0704398974776268,0.26540515721746405,0.1323491483926773
29,390,1,0.01,51,0.9468289017677307,0.06123942881822586,0.2474660154813704,0.08955441415309906
29,390,1,0.01,52,0.9512394666671753,0.05615958943963051,0.2369801456654766,0.09399019926786423
29,390,1,0.01,53,0.9430540204048157,0.0655871033668518,0.25609979181337067,0.11909900605678558
29,390,1,0.01,54,0.9508538842201233,0.056603722274303436,0.23791536788173948,0.14440564811229706
29,390,1,0.01,55,0.9341657161712646,0.07582414150238037,0.27536183741103337,0.09594942629337311
29,390,1,0.01,56,0.933451771736145,0.07664646208286285,0.27685097450228136,0.0839606449007988
29,390,1,0.01,57,0.9342674016952515,0.0757070779800415,0.27514919222131384,0.1282738894224167
29,390,1,0.01,58,0.9315985441207886,0.0787808820605278,0.2806793224669887,0.16964960098266602
29,390,1,0.01,59,0.9356566071510315,0.07410703599452972,0.2722260751554298,0.12713611125946045
29,390,1,0.01,60,0.9422144889831543,0.06655404716730118,0.25798071084346824,0.08132432401180267
29,390,1,0.01,61,0.9477415084838867,0.06018837168812752,0.2453331850527513,0.0949799120426178
29,390,1,0.01,62,0.946086049079895,0.06209501624107361,0.24918871611907634,0.07694210112094879
29,390,1,0.01,63,0.9531306028366089,0.05398149415850639,0.23233917912936336,0.09420575201511383
29,390,1,0.01,64,0.930042028427124,0.08057362586259842,0.28385493806273376,0.13587991893291473
29,390,1,0.01,65,0.9287257790565491,0.0820896103978157,0.2865128450834547,0.09999280422925949
29,390,1,0.01,66,0.9328378438949585,0.07735351473093033,0.27812499839268373,0.11443650722503662
29,390,1,0.01,67,0.9340312480926514,0.07597903162240982,0.2756429422684532,0.09650222957134247
29,390,1,0.01,68,0.9386500120162964,0.07065942138433456,0.2658183992584685,0.11620661616325378
29,390,1,0.01,69,0.936963677406311,0.07260166108608246,0.2694469541228523,0.0884375274181366
29,390,1,0.01,70,0.9424038529396057,0.06633597612380981,0.2575577141609426,0.1249578520655632
29,390,1,0.01,71,0.9272171854972839,0.08382708579301834,0.28952907590260835,0.1941898614168167
29,390,1,0.01,72,0.9299153089523315,0.08071956038475037,0.2841118800486005,0.1033794954419136
29,390,1,0.01,73,0.9308271408081055,0.07966936379671097,0.28225761955474465,0.13400907814502716
29,390,1,0.01,74,0.9314510226249695,0.07895081490278244,0.28098187646676154,0.09808505326509476
29,390,1,0.01,75,0.9324673414230347,0.07778023183345795,0.27889107521299056,0.10089106112718582
29,390,1,0.01,76,0.9318282604217529,0.07851631939411163,0.2802076362166307,0.11432827264070511
29,390,1,0.01,77,0.9334883689880371,0.07660429179668427,0.2767748033992333,0.09273583441972733
29,390,1,0.01,78,0.9362123608589172,0.07346698641777039,0.27104794117973,0.25367358326911926
29,390,1,0.01,79,0.9266955256462097,0.08442790061235428,0.29056479589302325,0.08179968595504761
29,390,1,0.01,80,0.930336058139801,0.08023496717214584,0.28325777513096767,0.08305969834327698
29,390,1,0.01,81,0.9298486709594727,0.08079628646373749,0.28424687590849174,0.1516241580247879
29,390,1,0.01,82,0.9253658056259155,0.08595940470695496,0.2931883434022488,0.1677672564983368
29,390,1,0.01,83,0.9301449060440063,0.08045513182878494,0.28364613839921204,0.1317751109600067
29,390,1,0.01,84,0.9386652708053589,0.07064186036586761,0.2657853652213899,0.11184997856616974
29,390,1,0.01,85,0.9233999848365784,0.08822354674339294,0.2970244884574215,0.10760590434074402
29,390,1,0.01,86,0.9219725728034973,0.08986751735210419,0.2997791142693303,0.10646583139896393
29,390,1,0.01,87,0.9241654872894287,0.08734183013439178,0.29553651235404366,0.08489859104156494
29,390,1,0.01,88,0.9232586622238159,0.08838625997304916,0.2972982676926476,0.09982270002365112
29,390,1,0.01,89,0.9241127967834473,0.0874025747179985,0.2956392645065917,0.13186465203762054
29,390,1,0.01,90,0.9248285293579102,0.08657821267843246,0.294241758896375,0.08594538271427155
29,390,1,0.01,91,0.9266350269317627,0.0844976082444191,0.2906847231011962,0.10646875947713852
29,390,1,0.01,92,0.9271903038024902,0.08385802805423737,0.28958250647136363,0.09009874612092972
29,390,1,0.01,93,0.9272651672363281,0.08377184718847275,0.28943366630105893,0.09145466983318329
29,390,1,0.01,94,0.9290866851806641,0.08167388290166855,0.2857864288269626,0.09622576832771301
29,390,1,0.01,95,0.9268134832382202,0.08429202437400818,0.29033088773674803,0.10857971012592316
29,390,1,0.01,96,0.9265155792236328,0.08463519811630249,0.29092129196107747,0.10898763686418533
29,390,1,0.01,97,0.9278901815414429,0.08305195719003677,0.28818736473002554,0.06816712021827698
29,390,1,0.01,98,0.9297847747802734,0.08086992055177689,0.2843763712965212,0.07053996622562408
29,390,1,0.01,99,0.9301782846450806,0.08041664212942123,0.28357828218927705,0.12072686851024628
29,390,1,0.01,100,0.9286603331565857,0.0821649581193924,0.286644305925292,0.09184225648641586
30,390,1,0.01,1,0.9122049808502197,0.10111729800701141,0.31798946210057244,0.36960843205451965
30,390,1,0.01,2,0.918755829334259,0.09357242286205292,0.3058960981478072,0.2605532705783844
30,390,1,0.01,3,0.9210842847824097,0.09089063107967377,0.3014807308596584,0.22060096263885498
30,390,1,0.01,4,0.9206997156143188,0.09133356809616089,0.30221444058178437,0.22840212285518646
30,390,1,0.01,5,0.9206476211547852,0.09139353036880493,0.3023136291482819,0.2292095124721527
30,390,1,0.01,6,0.9210754036903381,0.09090083092451096,0.3014976466317954,0.17827682197093964
30,390,1,0.01,7,0.9223514795303345,0.08943112939596176,0.29905037936100626,0.2112899124622345
30,390,1,0.01,8,0.9221693873405457,0.08964086323976517,0.29940084041258996,0.15615631639957428
30,390,1,0.01,9,0.922150731086731,0.0896623432636261,0.2994367099465697,0.16251440346240997
30,390,1,0.01,10,0.9194215536117554,0.09280568361282349,0.30464025277829504,0.154960498213768
30,390,1,0.01,11,0.9222611784934998,0.08953514695167542,0.2992242419184572,0.14224545657634735
30,390,1,0.01,12,0.9227363467216492,0.08898790180683136,0.2983084004965857,0.12385649234056473
30,390,1,0.01,13,0.9217572212219238,0.09011554718017578,0.3001925168623891,0.12679423391819
30,390,1,0.01,14,0.924955427646637,0.0864320695400238,0.29399331546826674,0.13326005637645721
30,390,1,0.01,15,0.9231773614883423,0.08847995102405548,0.2974557967565189,0.15552811324596405
30,390,1,0.01,16,0.9230753183364868,0.08859749138355255,0.2976533073620257,0.13707229495048523
30,390,1,0.01,17,0.9238892197608948,0.08766007423400879,0.29607444035919206,0.10038695484399796
30,390,1,0.01,18,0.9219200015068054,0.08992806822061539,0.299880089736907,0.11433219164609909
30,390,1,0.01,19,0.9255183339118958,0.08578376471996307,0.2928886558403433,0.12982411682605743
30,390,1,0.01,20,0.9245975017547607,0.08684426546096802,0.2946935110601657,0.13876807689666748
30,390,1,0.01,21,0.9241873025894165,0.08731675893068314,0.29549409288627604,0.1385292410850525
30,390,1,0.01,22,0.920075535774231,0.09205247461795807,0.30340150727700427,0.13631571829319
30,390,1,0.01,23,0.923687756061554,0.087892085313797,0.2964659935199938,0.09087664633989334
30,390,1,0.01,24,0.9251250624656677,0.08623670041561127,0.29366085952270055,0.13122837245464325
30,390,1,0.01,25,0.9255008697509766,0.08580386638641357,0.2929229700559749,0.11112072318792343
30,390,1,0.01,26,0.9247570037841797,0.08666055649518967,0.29438165108442077,0.12184371799230576
30,390,1,0.01,27,0.921318531036377,0.09062080830335617,0.3010329023601177,0.15851806104183197
30,390,1,0.01,28,0.9260411858558655,0.08518151938915253,0.29185873190492784,0.12773416936397552
30,390,1,0.01,29,0.9276295900344849,0.08335208892822266,0.28870761841043036,0.16705527901649475
30,390,1,0.01,30,0.9256168603897095,0.08567029237747192,0.2926948793154262,0.11290821433067322
30,390,1,0.01,31,0.9244040846824646,0.08706706762313843,0.2950712924415698,0.1323315054178238
30,390,1,0.01,32,0.9263079166412354,0.08487433940172195,0.291332008886291,0.12278422713279724
30,390,1,0.01,33,0.9255017638206482,0.08580279350280762,0.2929211387093933,0.10424184054136276
30,390,1,0.01,34,0.9279273152351379,0.08300922065973282,0.2881132080619228,0.17312827706336975
30,390,1,0.01,35,0.9273899793624878,0.0836281105875969,0.2891852530603815,0.0986626148223877
30,390,1,0.01,36,0.9230738878250122,0.08859910815954208,0.2976560232206667,0.10159029066562653
30,390,1,0.01,37,0.9257447719573975,0.08552295714616776,0.2924430836011817,0.10220629721879959
30,390,1,0.01,38,0.9260056018829346,0.0852225124835968,0.29192895108844,0.09557239711284637
30,390,1,0.01,39,0.9261780977249146,0.08502382785081863,0.2915884563058329,0.09686887264251709
30,390,1,0.01,40,0.9270174503326416,0.08405711501836777,0.2899260509481129,0.0938820168375969
30,390,1,0.01,41,0.9265455603599548,0.08460064232349396,0.2908618956197149,0.18403027951717377
30,390,1,0.01,42,0.9270943999290466,0.08396852016448975,0.28977322195898253,0.10473188012838364
30,390,1,0.01,43,0.9262464642524719,0.08494514226913452,0.29145349932559483,0.12465059012174606
30,390,1,0.01,44,0.9267045855522156,0.08441745489835739,0.290546820492597,0.10837991535663605
30,390,1,0.01,45,0.9256571531295776,0.0856238305568695,0.2926154995157801,0.12608808279037476
30,390,1,0.01,46,0.9274530410766602,0.08355548232793808,0.2890596518505101,0.12988051772117615
30,390,1,0.01,47,0.928403377532959,0.08246089518070221,0.28716005150560586,0.1351964920759201
30,390,1,0.01,48,0.9240721464157104,0.08744934946298599,0.29571836172782034,0.11552271246910095
30,390,1,0.01,49,0.9287281632423401,0.08208683133125305,0.2865079952309412,0.11906266957521439
30,390,1,0.01,50,0.9279335737228394,0.08300197869539261,0.28810063987327866,0.08160360157489777
30,390,1,0.01,51,0.9262735843658447,0.08491391688585281,0.29139992602238735,0.10897020250558853
30,390,1,0.01,52,0.9292815923690796,0.08144940435886383,0.2853934203145963,0.09216775000095367
30,390,1,0.01,53,0.9257203936576843,0.08555104583501816,0.29249110385619964,0.09718011319637299
30,390,1,0.01,54,0.9268558621406555,0.08424325287342072,0.29024688262481085,0.12027951329946518
30,390,1,0.01,55,0.9287638068199158,0.08204576373100281,0.28643631706018496,0.1508202850818634
30,390,1,0.01,56,0.9316496253013611,0.07872205227613449,0.28057450396665495,0.09411037713289261
30,390,1,0.01,57,0.9274823665618896,0.08352166414260864,0.2890011490333709,0.11117672920227051
30,390,1,0.01,58,0.9286324381828308,0.08219708502292633,0.2867003401165167,0.08129484951496124
30,390,1,0.01,59,0.9297831058502197,0.08087185025215149,0.2843797641397002,0.08383181691169739
30,390,1,0.01,60,0.9293132424354553,0.08141294866800308,0.285329543980295,0.11727692186832428
30,390,1,0.01,61,0.928890585899353,0.0818997472524643,0.286181318839061,0.08335980027914047
30,390,1,0.01,62,0.9251965284347534,0.08615435659885406,0.2935206238049621,0.11963152140378952
30,390,1,0.01,63,0.9299700856208801,0.08065647631883621,0.2840008385882623,0.10375504940748215
30,390,1,0.01,64,0.9302682280540466,0.0803130567073822,0.28339558342956267,0.09368324279785156
30,390,1,0.01,65,0.9284451007843018,0.08241283148527145,0.28707635131663395,0.08432815968990326
30,390,1,0.01,66,0.9273615479469299,0.08366083353757858,0.2892418253599894,0.10818958282470703
30,390,1,0.01,67,0.9306627511978149,0.07985869795084,0.2825928129851147,0.10983248054981232
30,390,1,0.01,68,0.9303310513496399,0.08024072647094727,0.28326794112809034,0.1049378514289856
30,390,1,0.01,69,0.9320036768913269,0.07831425964832306,0.2798468503455471,0.09222520887851715
30,390,1,0.01,70,0.929722011089325,0.08094219863414764,0.28450342464397094,0.08327870070934296
30,390,1,0.01,71,0.9319592118263245,0.07836548984050751,0.2799383679321352,0.1230088472366333
30,390,1,0.01,72,0.9277681708335876,0.08319247514009476,0.28843105786321754,0.09281531721353531
30,390,1,0.01,73,0.9303354620933533,0.08023565262556076,0.2832589850747205,0.08378645032644272
30,390,1,0.01,74,0.9318972826004028,0.07843679934740067,0.28006570541107073,0.11111392825841904
30,390,1,0.01,75,0.9307623505592346,0.07974399626255035,0.28238979489802807,0.0961102694272995
30,390,1,0.01,76,0.9322149753570557,0.07807096093893051,0.2794118124541812,0.09840447455644608
30,390,1,0.01,77,0.9314808249473572,0.07891649007797241,0.28092078968629647,0.12065228819847107
30,390,1,0.01,78,0.9324923753738403,0.07775142043828964,0.27883941693793873,0.13955055177211761
30,390,1,0.01,79,0.9413593411445618,0.06753899157047272,0.2598826496141532,0.09065364301204681
30,390,1,0.01,80,0.9285198450088501,0.08232676237821579,0.28692640585734835,0.08418021351099014
30,390,1,0.01,81,0.9299280643463135,0.08070488274097443,0.28408604812798255,0.08486499637365341
30,390,1,0.01,82,0.9286282062530518,0.0822020024061203,0.2867089158120485,0.1020687073469162
30,390,1,0.01,83,0.9312835931777954,0.07914366573095322,0.28132484023092097,0.11115462332963943
30,390,1,0.01,84,0.9297698736190796,0.080887071788311,0.28440652557265805,0.10151318460702896
30,390,1,0.01,85,0.9290546774864197,0.08171079307794571,0.28585099803559494,0.11495969444513321
30,390,1,0.01,86,0.9308807253837585,0.07960765808820724,0.28214829095390115,0.1380089968442917
30,390,1,0.01,87,0.930910050868988,0.07957383990287781,0.28208835478069244,0.09575125575065613
30,390,1,0.01,88,0.9312936067581177,0.079132080078125,0.2813042482404505,0.08261256664991379
30,390,1,0.01,89,0.9323378801345825,0.07792936265468597,0.2791583110972804,0.09791898727416992
30,390,1,0.01,90,0.9305078387260437,0.08003707975149155,0.2829082532403244,0.09169521927833557
30,390,1,0.01,91,0.9316365718841553,0.07873706519603729,0.2806012565831402,0.08245781064033508
30,390,1,0.01,92,0.9312937259674072,0.07913193851709366,0.28130399662481453,0.10560798645019531
30,390,1,0.01,93,0.9330496191978455,0.07710964977741241,0.2776862434068573,0.09718164056539536
30,390,1,0.01,94,0.932636022567749,0.07758599519729614,0.27854262725352497,0.08303338289260864
30,390,1,0.01,95,0.9335227012634277,0.07656476646661758,0.27670339077542505,0.08581648766994476
30,390,1,0.01,96,0.9340041875839233,0.07601019740104675,0.27569946935213124,0.09744040668010712
30,390,1,0.01,97,0.9358153343200684,0.0739242285490036,0.2718901038085123,0.07868883013725281
30,390,1,0.01,98,0.9352858662605286,0.07453403621912003,0.27300922368872454,0.09288831055164337
30,390,1,0.01,99,0.9346557259559631,0.07525979727506638,0.27433519146304647,0.10327800363302231
30,390,1,0.01,100,0.938035249710083,0.07136750221252441,0.2671469674402545,0.11068824678659439
