seed,max_neurons,layers,learn_rate,epoch,Hys_score,Hys_mse,Hys_rmse,Hys_mape
0,360,2,0.01,1,0.9914939403533936,0.008671608753502369,0.09312147310638062,0.3709166646003723
0,360,2,0.01,2,0.9944161772727966,0.005692523438483477,0.07544881336696739,0.2087443470954895
0,360,2,0.01,3,0.995306670665741,0.0047846632078289986,0.06917125998439669,0.1716288924217224
0,360,2,0.01,4,0.9959518313407898,0.004126935265958309,0.0642412271517155,0.16021059453487396
0,360,2,0.01,5,0.9961402416229248,0.003934851381927729,0.06272839374579688,0.1248892992734909
0,360,2,0.01,6,0.9966227412223816,0.003442977089434862,0.0586768871825599,0.11665666848421097
0,360,2,0.01,7,0.9966683387756348,0.003396505955606699,0.05827955006352313,0.12995781004428864
0,360,2,0.01,8,0.9971991181373596,0.002855421509593725,0.053436144224613784,0.12810486555099487
0,360,2,0.01,9,0.9968096613883972,0.003252409165725112,0.05702989712181771,0.11702284216880798
0,360,2,0.01,10,0.9949265718460083,0.005172182340174913,0.07191788609362008,0.14618906378746033
0,360,2,0.01,11,0.9972596168518066,0.002793700899928808,0.05285547180688872,0.11301533132791519
0,360,2,0.01,12,0.9972674250602722,0.0027857713866978884,0.052780407223683753,0.09780563414096832
0,360,2,0.01,13,0.9972147345542908,0.0028394670225679874,0.05328664957161397,0.09429443627595901
0,360,2,0.01,14,0.9975436329841614,0.0025041550397872925,0.050041533147849225,0.09935726225376129
0,360,2,0.01,15,0.9976230263710022,0.0024232363793998957,0.04922637889790286,0.11378122866153717
0,360,2,0.01,16,0.9975875020027161,0.002459477400407195,0.04959311847834531,0.0961519107222557
0,360,2,0.01,17,0.9978048205375671,0.0022379313595592976,0.04730677921354716,0.09127062559127808
0,360,2,0.01,18,0.9979696869850159,0.0020698527805507183,0.04549563474170592,0.09344685077667236
0,360,2,0.01,19,0.9977521300315857,0.002291616750881076,0.04787083403160087,0.0945466011762619
0,360,2,0.01,20,0.9977056980133057,0.00233896030113101,0.04836279873137007,0.09975210577249527
0,360,2,0.01,21,0.9976779222488403,0.002367244800552726,0.048654339997093024,0.09874328970909119
0,360,2,0.01,22,0.9981756806373596,0.0018598054302856326,0.04312546150808862,0.0822777971625328
0,360,2,0.01,23,0.9983435273170471,0.00168870750349015,0.041093886449083274,0.09062870591878891
0,360,2,0.01,24,0.9970780611038208,0.0029788329266011715,0.054578685643767305,0.11096218973398209
0,360,2,0.01,25,0.9979079365730286,0.0021328029688447714,0.04618227981428344,0.14974062144756317
0,360,2,0.01,26,0.9980140924453735,0.002024563727900386,0.04499515227111012,0.09587413817644119
0,360,2,0.01,27,0.99825519323349,0.0017787676770240068,0.04217543926296449,0.08863343298435211
0,360,2,0.01,28,0.9984325170516968,0.0015979997115209699,0.03997498857436947,0.07801079005002975
0,360,2,0.01,29,0.9981756806373596,0.001859808573499322,0.043125497950740485,0.07662318646907806
0,360,2,0.01,30,0.9979843497276306,0.0020548678003251553,0.045330649679054404,0.08191172778606415
0,360,2,0.01,31,0.9979003071784973,0.002140574622899294,0.04626634438659806,0.09048325568437576
0,360,2,0.01,32,0.9969409108161926,0.0031186286360025406,0.05584468314891348,0.12481166422367096
0,360,2,0.01,33,0.9979584217071533,0.0020812945440411568,0.04562120717430827,0.07052618265151978
0,360,2,0.01,34,0.9983757734298706,0.0016558333300054073,0.04069193200138582,0.07132979482412338
0,360,2,0.01,35,0.9983229637145996,0.0017096628434956074,0.041348069404696604,0.07496269047260284
0,360,2,0.01,36,0.9979256987571716,0.002114701783284545,0.04598588678371381,0.07973866164684296
0,360,2,0.01,37,0.9983602166175842,0.0016717275138944387,0.04088676453199053,0.05800715088844299
0,360,2,0.01,38,0.9984482526779175,0.0015819532563909888,0.03977377598859566,0.06961914151906967
0,360,2,0.01,39,0.997007429599762,0.00305079179815948,0.055233973224452,0.10450776666402817
0,360,2,0.01,40,0.9973811507225037,0.00266983057372272,0.05167040326649987,0.09629948437213898
0,360,2,0.01,41,0.9983295202255249,0.00170297606382519,0.041267130549932717,0.061021838337183
0,360,2,0.01,42,0.9986516237258911,0.0013746371259912848,0.03707609912047497,0.07146811485290527
0,360,2,0.01,43,0.9983062148094177,0.0017267545918002725,0.041554236749100235,0.08506770431995392
0,360,2,0.01,44,0.9989267587661743,0.0010941599030047655,0.03307808795871922,0.07376871258020401
0,360,2,0.01,45,0.9986349940299988,0.001391566009260714,0.03730369967256216,0.06147099286317825
0,360,2,0.01,46,0.9991142749786377,0.0009029827197082341,0.030049670875206505,0.06796441972255707
0,360,2,0.01,47,0.9985194802284241,0.0015093600377440453,0.038850483108245196,0.0636538416147232
0,360,2,0.01,48,0.9986594319343567,0.0013666623272001743,0.036968396329840635,0.06778553128242493
0,360,2,0.01,49,0.9985141754150391,0.0015147648518905044,0.038919980111640655,0.07788287103176117
0,360,2,0.01,50,0.9988817572593689,0.001140014617703855,0.0337641025010862,0.0643039271235466
0,360,2,0.01,51,0.9986411929130554,0.0013852394185960293,0.037218804636850296,0.09856999665498734
0,360,2,0.01,52,0.99874347448349,0.0012809883337467909,0.03579089735878092,0.06628061085939407
0,360,2,0.01,53,0.9984753131866455,0.0015543740009889007,0.03942555010382101,0.07128238677978516
0,360,2,0.01,54,0.9989811182022095,0.0010387380607426167,0.032229459516762246,0.06725385040044785
0,360,2,0.01,55,0.9988800287246704,0.0011417738860473037,0.03379014480654535,0.07717517763376236
0,360,2,0.01,56,0.9983078837394714,0.001725032809190452,0.04153351428895046,0.06717681139707565
0,360,2,0.01,57,0.9981080889701843,0.001928739482536912,0.043917416619570326,0.0784887745976448
0,360,2,0.01,58,0.998561680316925,0.0014663251349702477,0.03829262507285506,0.05347844585776329
0,360,2,0.01,59,0.9988552331924438,0.0011670382227748632,0.034161941144713416,0.059476833790540695
0,360,2,0.01,60,0.9988354444503784,0.0011872388422489166,0.03445633239694725,0.0661090686917305
0,360,2,0.01,61,0.9990223050117493,0.0009967368096113205,0.03157113887098976,0.06273166835308075
0,360,2,0.01,62,0.9989107251167297,0.0011104645673185587,0.033323633765220725,0.053091008216142654
0,360,2,0.01,63,0.9987384080886841,0.001286145648919046,0.0358628728481008,0.06534600257873535
0,360,2,0.01,64,0.9983672499656677,0.0016645239666104317,0.04079857799740613,0.06634366512298584
0,360,2,0.01,65,0.9991915822029114,0.0008241282775998116,0.028707634482830723,0.06935961544513702
0,360,2,0.01,66,0.9958683252334595,0.004212059546262026,0.06490038171121974,0.13230042159557343
0,360,2,0.01,67,0.9986147284507751,0.0014122050488367677,0.03757931676915864,0.0667688250541687
0,360,2,0.01,68,0.9981243014335632,0.001912228879518807,0.04372903931621191,0.06925134360790253
0,360,2,0.01,69,0.9982998967170715,0.001733173499815166,0.041631400406606144,0.0954861119389534
0,360,2,0.01,70,0.9978911280632019,0.0021498999558389187,0.046367013660995236,0.07821208983659744
0,360,2,0.01,71,0.9985924363136292,0.0014349486446008086,0.03788071599905166,0.06264685839414597
0,360,2,0.01,72,0.9984962344169617,0.001533042872324586,0.0391540913867834,0.06521777808666229
0,360,2,0.01,73,0.9982320070266724,0.0018024251330643892,0.0424549777183358,0.07630126178264618
0,360,2,0.01,74,0.9988727569580078,0.0011491957120597363,0.03389978926276292,0.06071962043642998
0,360,2,0.01,75,0.9987165331840515,0.0013084246311336756,0.03617215270250964,0.053368404507637024
0,360,2,0.01,76,0.9983386993408203,0.0016936126630753279,0.04115352552425281,0.078239306807518
0,360,2,0.01,77,0.9984233379364014,0.0016073314473032951,0.040091538350421216,0.10224977135658264
0,360,2,0.01,78,0.9980995059013367,0.0019374755211174488,0.04401676409184856,0.08547576516866684
0,360,2,0.01,79,0.9982901811599731,0.001743078581057489,0.04175019258707065,0.0713731199502945
0,360,2,0.01,80,0.9983388185501099,0.0016934903105720878,0.041152038960081766,0.059409886598587036
0,360,2,0.01,81,0.9983832836151123,0.0016481896163895726,0.04059790162544824,0.07177101820707321
0,360,2,0.01,82,0.9988510608673096,0.0011712731793522835,0.03422386856204721,0.05071812868118286
0,360,2,0.01,83,0.9980896711349487,0.00194747990462929,0.04413026064538131,0.0592353455722332
0,360,2,0.01,84,0.9986123442649841,0.0014146579196676612,0.03761193852578808,0.05745336040854454
0,360,2,0.01,85,0.9983415603637695,0.0016906926175579429,0.04111803275398694,0.06091231480240822
0,360,2,0.01,86,0.9986790418624878,0.0013466852251440287,0.036697210045779076,0.05622385814785957
0,360,2,0.01,87,0.9985628128051758,0.0014651722740381956,0.03827756881044296,0.065850168466568
0,360,2,0.01,88,0.9981877207756042,0.0018475614488124847,0.0429832694058105,0.06450361758470535
0,360,2,0.01,89,0.9984219670295715,0.0016087486874312162,0.0401092095089297,0.07494083791971207
0,360,2,0.01,90,0.9985383152961731,0.0014901559334248304,0.038602537914298206,0.054908622056245804
0,360,2,0.01,91,0.9986447691917419,0.0013815953861922026,0.03716981821575406,0.06160401925444603
0,360,2,0.01,92,0.9985424280166626,0.0014859605580568314,0.038548158945101794,0.06483539193868637
0,360,2,0.01,93,0.9978286027908325,0.002213663887232542,0.047049589660618105,0.06781530380249023
0,360,2,0.01,94,0.9981354475021362,0.0019008227391168475,0.0435984258788875,0.05939639359712601
0,360,2,0.01,95,0.9981709718704224,0.0018646433018147945,0.04318151574244233,0.05434310808777809
0,360,2,0.01,96,0.9953182339668274,0.004772885702550411,0.06908607459213768,0.11319109052419662
0,360,2,0.01,97,0.9976325035095215,0.002413547597825527,0.049127869868594215,0.05240277200937271
0,360,2,0.01,98,0.9981349110603333,0.001901419134810567,0.0436052649895694,0.06187024340033531
0,360,2,0.01,99,0.9984129071235657,0.0016179642407223582,0.04022392622211758,0.05284281447529793
0,360,2,0.01,100,0.9984461069107056,0.0015841205604374409,0.03980101205292952,0.047257523983716965
1,360,2,0.01,1,0.9888366460800171,0.011380640789866447,0.10668008619169018,0.3265025019645691
1,360,2,0.01,2,0.9946019649505615,0.005503079388290644,0.07418274319739493,0.18004237115383148
1,360,2,0.01,3,0.9956091642379761,0.004476296715438366,0.06690513220552191,0.19133597612380981
1,360,2,0.01,4,0.9954149127006531,0.004674353636801243,0.06836924481666623,0.1641976535320282
1,360,2,0.01,5,0.996325671672821,0.003745822235941887,0.06120312276299214,0.14591525495052338
1,360,2,0.01,6,0.9959103465080261,0.004169228486716747,0.06456956316033699,0.13479721546173096
1,360,2,0.01,7,0.9963645935058594,0.0037061399780213833,0.06087807469049414,0.1224617287516594
1,360,2,0.01,8,0.996172308921814,0.0039021929260343313,0.06246753497645262,0.10334933549165726
1,360,2,0.01,9,0.9964184165000916,0.003651292994618416,0.060425929820056686,0.10231766849756241
1,360,2,0.01,10,0.9966950416564941,0.0033692556899040937,0.058045289988974076,0.08867297321557999
1,360,2,0.01,11,0.9964845776557922,0.0035838200710713863,0.05986501541861813,0.07856263220310211
1,360,2,0.01,12,0.9968513250350952,0.0032099331729114056,0.056656272140967814,0.07824930548667908
1,360,2,0.01,13,0.9970710277557373,0.0029859936330467463,0.05464424611106595,0.0918949618935585
1,360,2,0.01,14,0.9946284294128418,0.005476097576320171,0.07400065929652365,0.14097799360752106
1,360,2,0.01,15,0.9969530701637268,0.0031062329653650522,0.05573358920224905,0.09136884659528732
1,360,2,0.01,16,0.9969387650489807,0.0031208444852381945,0.05586451901912514,0.09982006996870041
1,360,2,0.01,17,0.9970089793205261,0.003049249295145273,0.055220008105262654,0.07708151638507843
1,360,2,0.01,18,0.997383713722229,0.002667220076546073,0.051645136039573686,0.0700044259428978
1,360,2,0.01,19,0.9960641264915466,0.0040125069208443165,0.06334435192536361,0.08188189566135406
1,360,2,0.01,20,0.9959763288497925,0.004101963713765144,0.06404657456699105,0.14083856344223022
1,360,2,0.01,21,0.9971926808357239,0.0028619340155273676,0.053497046792578815,0.08345089852809906
1,360,2,0.01,22,0.9972704648971558,0.0027826400473713875,0.0527507350410531,0.08013816177845001
1,360,2,0.01,23,0.9914387464523315,0.008727905340492725,0.09342325909800367,0.19813528656959534
1,360,2,0.01,24,0.9959732294082642,0.004105128813534975,0.06407127916262462,0.12726092338562012
1,360,2,0.01,25,0.9968979358673096,0.0031624261755496264,0.05623545301275368,0.08408628404140472
1,360,2,0.01,26,0.9970589876174927,0.002998253796249628,0.054756312843813985,0.0703745186328888
1,360,2,0.01,27,0.9968869090080261,0.0031736870296299458,0.05633548641513576,0.06970935314893723
1,360,2,0.01,28,0.9962829947471619,0.0037893587723374367,0.06155776776603775,0.110446996986866
1,360,2,0.01,29,0.994674563407898,0.005429060664027929,0.07368215974052288,0.10722589492797852
1,360,2,0.01,30,0.9959385395050049,0.0041405269876122475,0.06434692679228937,0.10910854488611221
1,360,2,0.01,31,0.9966099262237549,0.0034560528583824635,0.05878820339474973,0.0702628493309021
1,360,2,0.01,32,0.9952675700187683,0.004824512638151646,0.06945871175131055,0.16208812594413757
1,360,2,0.01,33,0.997086763381958,0.0029699529986828566,0.05449727514915637,0.07150430977344513
1,360,2,0.01,34,0.9964445233345032,0.003624666715040803,0.06020520504940418,0.0750899463891983
1,360,2,0.01,35,0.9963361620903015,0.0037351653445512056,0.061115999088219165,0.07427849620580673
1,360,2,0.01,36,0.9965981841087341,0.0034680406097322702,0.058890072251036256,0.08207093924283981
1,360,2,0.01,37,0.9957398772239685,0.004343066830188036,0.06590194860691173,0.06740596145391464
1,360,2,0.01,38,0.9958516955375671,0.004229043144732714,0.06503109367627699,0.07440454512834549
1,360,2,0.01,39,0.9961795210838318,0.003894834779202938,0.06240861141864108,0.08035872876644135
1,360,2,0.01,40,0.9916821718215942,0.008479704149067402,0.09208530908384574,0.13590523600578308
1,360,2,0.01,41,0.9956523180007935,0.004432330373674631,0.0665757491409194,0.08904220908880234
1,360,2,0.01,42,0.9956531524658203,0.00443143118172884,0.06656899564909208,0.07649978250265121
1,360,2,0.01,43,0.9956591725349426,0.00442533427849412,0.0665231860218234,0.08486124128103256
1,360,2,0.01,44,0.9892956018447876,0.010912721045315266,0.10446397008210662,0.11501600593328476
1,360,2,0.01,45,0.9951567649841309,0.004937476944178343,0.07026718255471998,0.08052464574575424
1,360,2,0.01,46,0.9929190874099731,0.0072187320329248905,0.08496312160534646,0.09212183207273483
1,360,2,0.01,47,0.9952793717384338,0.004812514875084162,0.06937229183963985,0.09541436284780502
1,360,2,0.01,48,0.9950269460678101,0.005069826729595661,0.07120271574592967,0.1176084652543068
1,360,2,0.01,49,0.9945321679115295,0.005574249196797609,0.07466089469593576,0.07256432622671127
1,360,2,0.01,50,0.9948691725730896,0.00523067032918334,0.07232337332552555,0.053562652319669724
1,360,2,0.01,51,0.9950467944145203,0.0050496128387749195,0.0710606279086733,0.05213925242424011
1,360,2,0.01,52,0.9946465492248535,0.005457652732729912,0.07387592796527101,0.05965529382228851
1,360,2,0.01,53,0.9919754862785339,0.008180721662938595,0.0904473419340701,0.06530839949846268
1,360,2,0.01,54,0.995546281337738,0.004540384281426668,0.06738237367017184,0.096319779753685
1,360,2,0.01,55,0.9960055947303772,0.00407212320715189,0.0638131899151883,0.1049363762140274
1,360,2,0.01,56,0.9963350296020508,0.0037362915463745594,0.06112521203541595,0.051837533712387085
1,360,2,0.01,57,0.9967967867851257,0.0032655803952366114,0.05714525697935579,0.04897857829928398
1,360,2,0.01,58,0.9968435764312744,0.0032178747933357954,0.056726314822450746,0.05378174036741257
1,360,2,0.01,59,0.9967092275619507,0.0033548118080943823,0.05792073728893981,0.05702422186732292
1,360,2,0.01,60,0.9952775239944458,0.004814378451555967,0.06938572224568948,0.0975748673081398
1,360,2,0.01,61,0.9967750906944275,0.0032876732293516397,0.057338235317732265,0.05637345835566521
1,360,2,0.01,62,0.9962754249572754,0.003797036362811923,0.06162009706915369,0.052245140075683594
1,360,2,0.01,63,0.9954434633255005,0.0046451943926513195,0.06815566295364839,0.05767069384455681
1,360,2,0.01,64,0.9941550493240356,0.005958737339824438,0.07719285808819647,0.08829706162214279
1,360,2,0.01,65,0.9954355359077454,0.00465330109000206,0.06821510895690236,0.06274747103452682
1,360,2,0.01,66,0.9955489635467529,0.004537696484476328,0.0673624263553231,0.05548050254583359
1,360,2,0.01,67,0.9944088459014893,0.005699977278709412,0.07549819387713465,0.06392274051904678
1,360,2,0.01,68,0.9952779412269592,0.0048139397986233234,0.06938256119965105,0.05463201180100441
1,360,2,0.01,69,0.9971746206283569,0.002880340674892068,0.05366880541703968,0.05476648733019829
1,360,2,0.01,70,0.9952641129493713,0.0048280623741447926,0.0694842599021159,0.09109984338283539
1,360,2,0.01,71,0.9968259334564209,0.0032358630560338497,0.05688464692721446,0.048219215124845505
1,360,2,0.01,72,0.9951483011245728,0.0049461014568805695,0.0703285252005228,0.11244197934865952
1,360,2,0.01,73,0.995917558670044,0.004161900375038385,0.0645127923363916,0.056350912898778915
1,360,2,0.01,74,0.9960430860519409,0.004033953882753849,0.06351341498261488,0.06098012253642082
1,360,2,0.01,75,0.9952050447463989,0.0048882910050451756,0.0699163142982035,0.061819352209568024
1,360,2,0.01,76,0.996719479560852,0.003344340482726693,0.05783027306460426,0.07011844217777252
1,360,2,0.01,77,0.995590090751648,0.004495745059102774,0.0670503173676514,0.06627200543880463
1,360,2,0.01,78,0.9951457977294922,0.004948667716234922,0.0703467676317464,0.06226100027561188
1,360,2,0.01,79,0.9948853254318237,0.005214205943048,0.07220945881979729,0.11829151213169098
1,360,2,0.01,80,0.9965728521347046,0.0034938801545649767,0.05910905306774062,0.087699294090271
1,360,2,0.01,81,0.9969183206558228,0.003141681896522641,0.056050708260669116,0.05382349342107773
1,360,2,0.01,82,0.9965547323226929,0.0035123471170663834,0.05926505814614867,0.04764541983604431
1,360,2,0.01,83,0.9976568818092346,0.0023887299466878176,0.04887463500311606,0.06645870953798294
1,360,2,0.01,84,0.9970342516899109,0.0030234658624976873,0.05498605152670709,0.0571974478662014
1,360,2,0.01,85,0.9970968961715698,0.002959588775411248,0.054402102674540515,0.0681258961558342
1,360,2,0.01,86,0.998407244682312,0.001623734598979354,0.0402955903167996,0.058364372700452805
1,360,2,0.01,87,0.9969642162322998,0.003094886662438512,0.05563170555032905,0.054865311831235886
1,360,2,0.01,88,0.9970065951347351,0.0030516779515892267,0.055241994457018176,0.057422369718551636
1,360,2,0.01,89,0.9973422884941101,0.0027094336692243814,0.05205222059839889,0.057442206889390945
1,360,2,0.01,90,0.9986871480941772,0.0013384264893829823,0.036584511605090235,0.060695938766002655
1,360,2,0.01,91,0.9989473819732666,0.001073129358701408,0.032758653188148745,0.044141486287117004
1,360,2,0.01,92,0.9983085989952087,0.0017243132460862398,0.04152485094598462,0.05010201781988144
1,360,2,0.01,93,0.9986410737037659,0.0013853932032361627,0.03722087053302438,0.06373251229524612
1,360,2,0.01,94,0.9980307221412659,0.002007626462727785,0.044806544864871976,0.05563534051179886
1,360,2,0.01,95,0.9985008835792542,0.001528298482298851,0.03909345830569164,0.05693002790212631
1,360,2,0.01,96,0.9982001185417175,0.0018349295714870095,0.04283607791905101,0.08711369335651398
1,360,2,0.01,97,0.9982128739356995,0.0018218879122287035,0.04268357895290299,0.06852428615093231
1,360,2,0.01,98,0.998339056968689,0.0016932905418798327,0.0411496116856506,0.058345187455415726
1,360,2,0.01,99,0.9974747896194458,0.0025743870064616203,0.050738417461146934,0.049444787204265594
1,360,2,0.01,100,0.9975277185440063,0.002520384266972542,0.050203428836808964,0.058564476668834686
2,360,2,0.01,1,0.9878345727920532,0.012402215972542763,0.11136523682255052,0.3455371558666229
2,360,2,0.01,2,0.9922248721122742,0.007926440797746181,0.0890305610324128,0.19871863722801208
2,360,2,0.01,3,0.9935517907142639,0.006573718972504139,0.08107847416240724,0.15541115403175354
2,360,2,0.01,4,0.9942218661308289,0.005890619941055775,0.07675037420792015,0.14029325544834137
2,360,2,0.01,5,0.9945072531700134,0.005599631927907467,0.07483068840995295,0.12253648042678833
2,360,2,0.01,6,0.9946950078010559,0.0054082409478724,0.07354074345471631,0.1089928075671196
2,360,2,0.01,7,0.9947746396064758,0.005327091086655855,0.07298692407997377,0.10406165570020676
2,360,2,0.01,8,0.9943208694458008,0.005789676681160927,0.07608992496487907,0.12819622457027435
2,360,2,0.01,9,0.9946997761726379,0.005403359420597553,0.07350754669146259,0.12622934579849243
2,360,2,0.01,10,0.9948146939277649,0.005286199040710926,0.07270625173058315,0.11112333834171295
2,360,2,0.01,11,0.9951406717300415,0.0049539296887815,0.07038415793899576,0.08770039677619934
2,360,2,0.01,12,0.9951685667037964,0.004925464745610952,0.07018165533535778,0.09659658372402191
2,360,2,0.01,13,0.9946163892745972,0.0054883877746760845,0.07408365389663285,0.11231863498687744
2,360,2,0.01,14,0.9949690103530884,0.005128895398229361,0.0716163067899299,0.1045483872294426
2,360,2,0.01,15,0.9952219128608704,0.004871097393333912,0.0697932474766285,0.09458022564649582
2,360,2,0.01,16,0.9951274394989014,0.004967410117387772,0.07047985611071983,0.09324375540018082
2,360,2,0.01,17,0.9953663945198059,0.004723811987787485,0.06872999336379632,0.08797860890626907
2,360,2,0.01,18,0.9954084753990173,0.004680912476032972,0.06841719430108906,0.07659121602773666
2,360,2,0.01,19,0.9944092035293579,0.005699592642486095,0.07549564651346523,0.13579128682613373
2,360,2,0.01,20,0.9952355027198792,0.0048572164960205555,0.06969373354915459,0.08184646815061569
2,360,2,0.01,21,0.995487630367279,0.004600197542458773,0.0678247561179454,0.0729304701089859
2,360,2,0.01,22,0.9952206611633301,0.004872371442615986,0.06980237419039546,0.08780835568904877
2,360,2,0.01,23,0.9957773089408875,0.004304848145693541,0.06561134159345883,0.09416420757770538
2,360,2,0.01,24,0.9954186081886292,0.00467057665809989,0.06834161732136496,0.08223271369934082
2,360,2,0.01,25,0.9947248101234436,0.005377861671149731,0.07333390533136587,0.07028921693563461
2,360,2,0.01,26,0.9945424199104309,0.00556381419301033,0.07459097930051817,0.11872196942567825
2,360,2,0.01,27,0.9954826831817627,0.0046052224934101105,0.06786178964196354,0.0799231305718422
2,360,2,0.01,28,0.994546115398407,0.005560046527534723,0.07456571951999608,0.09237394481897354
2,360,2,0.01,29,0.9943603277206421,0.005749438423663378,0.07582505142539224,0.10965882241725922
2,360,2,0.01,30,0.9949208498001099,0.0051780035719275475,0.07195834608943946,0.08468829095363617
2,360,2,0.01,31,0.9948318004608154,0.005268815904855728,0.07258660968013128,0.08214520663022995
2,360,2,0.01,32,0.9951174855232239,0.004977542441338301,0.07055170048509321,0.1276053786277771
2,360,2,0.01,33,0.993896484375,0.006222308147698641,0.07888160842489611,0.07512412220239639
2,360,2,0.01,34,0.9949349761009216,0.005163615103811026,0.07185829878177624,0.06603556871414185
2,360,2,0.01,35,0.9949912428855896,0.00510625634342432,0.0714580740254334,0.07530461251735687
2,360,2,0.01,36,0.9927813410758972,0.007359136361628771,0.0857854087921062,0.12325796484947205
2,360,2,0.01,37,0.9938579201698303,0.006261614151299,0.07913036175387422,0.12009704858064651
2,360,2,0.01,38,0.9940794110298157,0.006035843398422003,0.07769069055184155,0.08014116436243057
2,360,2,0.01,39,0.9934897422790527,0.006636943202465773,0.08146743645448636,0.06530790776014328
2,360,2,0.01,40,0.9940091967582703,0.006107398308813572,0.07814984522578129,0.07920511066913605
2,360,2,0.01,41,0.9938302636146545,0.0062898085452616215,0.07930831321659554,0.06654041260480881
2,360,2,0.01,42,0.9925997257232666,0.00754433311522007,0.08685812060607845,0.13692507147789001
2,360,2,0.01,43,0.9943142533302307,0.005796412471681833,0.07613417413804285,0.07584886997938156
2,360,2,0.01,44,0.9924651384353638,0.0076815178617835045,0.08764426884733253,0.0792100578546524
2,360,2,0.01,45,0.9935526847839355,0.006572824437171221,0.08107295749614184,0.08843397349119186
2,360,2,0.01,46,0.9897036552429199,0.010496767237782478,0.10245373218083605,0.13347145915031433
2,360,2,0.01,47,0.9932438731193542,0.0068875933066010475,0.08299152551074747,0.0719180628657341
2,360,2,0.01,48,0.9925902485847473,0.007553992792963982,0.08691370888970268,0.06462020426988602
2,360,2,0.01,49,0.99294114112854,0.007196257822215557,0.08483075988234196,0.09484760463237762
2,360,2,0.01,50,0.9929779767990112,0.00715866731479764,0.08460890801090415,0.08250277489423752
2,360,2,0.01,51,0.9932165145874023,0.0069155036471784115,0.08315950725670765,0.055948879569768906
2,360,2,0.01,52,0.9922248125076294,0.007926522754132748,0.08903102130231208,0.06935380399227142
2,360,2,0.01,53,0.9935587644577026,0.0065666199661791325,0.08103468372357069,0.08305796980857849
2,360,2,0.01,54,0.9927384257316589,0.0074029117822647095,0.08604017539652456,0.0800442174077034
2,360,2,0.01,55,0.9929928183555603,0.007143552415072918,0.08451953865866116,0.07344353944063187
2,360,2,0.01,56,0.9927157163619995,0.007426027208566666,0.0861743999605838,0.09659955650568008
2,360,2,0.01,57,0.9932562708854675,0.0068749925121665,0.08291557460553776,0.13403946161270142
2,360,2,0.01,58,0.9932641386985779,0.006866968236863613,0.0828671722509198,0.07349352538585663
2,360,2,0.01,59,0.9914664626121521,0.008699633181095123,0.09327182415443114,0.07353737950325012
2,360,2,0.01,60,0.992101788520813,0.008051957003772259,0.08973269751752846,0.09043062478303909
2,360,2,0.01,61,0.993922233581543,0.006196028087288141,0.07871485302843512,0.06671618670225143
2,360,2,0.01,62,0.9933127760887146,0.006817363202571869,0.0825673252719977,0.05047174543142319
2,360,2,0.01,63,0.9928879141807556,0.007250508293509483,0.08514991657958029,0.05289185047149658
2,360,2,0.01,64,0.9937567114830017,0.006364823319017887,0.07977984281143882,0.06648413091897964
2,360,2,0.01,65,0.9945036768913269,0.005603288300335407,0.07485511539190497,0.0682440772652626
2,360,2,0.01,66,0.993756890296936,0.006364594679325819,0.07977840985708991,0.05795808136463165
2,360,2,0.01,67,0.9957588911056519,0.0043236268684268,0.06575429163504691,0.06277630478143692
2,360,2,0.01,68,0.9902075529098511,0.009983029216527939,0.0999151100511226,0.07264142483472824
2,360,2,0.01,69,0.9932149648666382,0.006917065475136042,0.08316889728219343,0.06436573714017868
2,360,2,0.01,70,0.9947705268859863,0.005331230815500021,0.07301527795947928,0.05719408020377159
2,360,2,0.01,71,0.9951924681663513,0.004901078995317221,0.07000770668517303,0.046755723655223846
2,360,2,0.01,72,0.9950953125953674,0.005000174045562744,0.07071190879592167,0.05338742211461067
2,360,2,0.01,73,0.9952474236488342,0.004845085088163614,0.06960664543104784,0.0627375990152359
2,360,2,0.01,74,0.9947904944419861,0.005310924723744392,0.0728760915784072,0.07247142493724823
2,360,2,0.01,75,0.9940866231918335,0.006028485484421253,0.07764332221396282,0.08849228173494339
2,360,2,0.01,76,0.9951563477516174,0.004937929566949606,0.07027040320753543,0.06064197048544884
2,360,2,0.01,77,0.994968831539154,0.0051291100680828094,0.0716178055240651,0.05876736715435982
2,360,2,0.01,78,0.9957350492477417,0.0043479702435433865,0.0659391404519606,0.0463794469833374
2,360,2,0.01,79,0.9954975247383118,0.004590124823153019,0.0677504599479075,0.07148906588554382
2,360,2,0.01,80,0.9960702657699585,0.0040062349289655685,0.06329482545173475,0.05533992871642113
2,360,2,0.01,81,0.9958828687667847,0.004197290167212486,0.06478649679688266,0.05307367444038391
2,360,2,0.01,82,0.9964634776115417,0.003605332225561142,0.06004441877111595,0.07239195704460144
2,360,2,0.01,83,0.9934345483779907,0.006693221628665924,0.08181211174799197,0.07055682688951492
2,360,2,0.01,84,0.9956883192062378,0.004395574796944857,0.06629913119298667,0.07711484283208847
2,360,2,0.01,85,0.9950041770935059,0.005093045067042112,0.07136557340232132,0.06021507829427719
2,360,2,0.01,86,0.9953731894493103,0.004716848488897085,0.06867931631064104,0.06002366170287132
2,360,2,0.01,87,0.9961084127426147,0.00396734569221735,0.06298686920475846,0.07893218100070953
2,360,2,0.01,88,0.9939755201339722,0.006141709629446268,0.07836906040936224,0.10875742137432098
2,360,2,0.01,89,0.99552983045578,0.004557165317237377,0.06750677978719899,0.052891019731760025
2,360,2,0.01,90,0.9940311908721924,0.006085009314119816,0.07800646969399279,0.0825042575597763
2,360,2,0.01,91,0.9961858987808228,0.003888348350301385,0.0623566223451959,0.05676186829805374
2,360,2,0.01,92,0.9956603050231934,0.0044241598807275295,0.06651435845535555,0.05306210741400719
2,360,2,0.01,93,0.9962695837020874,0.0038030461873859167,0.06166884292238599,0.06860309839248657
2,360,2,0.01,94,0.9954293370246887,0.004659641999751329,0.06826157044597882,0.06348157674074173
2,360,2,0.01,95,0.9954264760017395,0.004662563558667898,0.06828296682678557,0.04608571156859398
2,360,2,0.01,96,0.9958305358886719,0.004250594414770603,0.06519658284581029,0.048546675592660904
2,360,2,0.01,97,0.9957902431488037,0.004291674122214317,0.06551087025993714,0.05675165355205536
2,360,2,0.01,98,0.9948738217353821,0.005225943401455879,0.07229068682379411,0.044203661382198334
2,360,2,0.01,99,0.9911580681800842,0.009014002047479153,0.09494209839412204,0.08686187863349915
2,360,2,0.01,100,0.9948659539222717,0.005233947653323412,0.07234602721175097,0.05877942591905594
3,360,2,0.01,1,0.9847322702407837,0.01556490734219551,0.12475939781112888,0.41942957043647766
3,360,2,0.01,2,0.991705596446991,0.008455861359834671,0.09195575762199272,0.25655990839004517
3,360,2,0.01,3,0.9937646985054016,0.0063566830940544605,0.07972880968667763,0.22697268426418304
3,360,2,0.01,4,0.9927743673324585,0.0073662870563566685,0.08582707647564763,0.17159195244312286
3,360,2,0.01,5,0.9932389855384827,0.0068925837986171246,0.08302158634124697,0.14927616715431213
3,360,2,0.01,6,0.9927876591682434,0.007352742366492748,0.0857481333120013,0.13769586384296417
3,360,2,0.01,7,0.9931449294090271,0.006988490000367165,0.0835971889501505,0.11570320278406143
3,360,2,0.01,8,0.994133472442627,0.005980724468827248,0.07733514381461541,0.12286235392093658
3,360,2,0.01,9,0.994179904460907,0.005933364853262901,0.07702833798845007,0.1335759311914444
3,360,2,0.01,10,0.9955872297286987,0.004498628433793783,0.06707181549498853,0.10995696485042572
3,360,2,0.01,11,0.9966443181037903,0.003420997876673937,0.05848929711215495,0.10504917800426483
3,360,2,0.01,12,0.9965128302574158,0.003555028699338436,0.05962406141264143,0.09652237594127655
3,360,2,0.01,13,0.9972342252731323,0.0028195776976644993,0.05309969583401113,0.07968534529209137
3,360,2,0.01,14,0.9967364072799683,0.0033271070569753647,0.0576810805808574,0.09563969820737839
3,360,2,0.01,15,0.9975317120552063,0.0025163060054183006,0.0501627950319587,0.09399835765361786
3,360,2,0.01,16,0.9981017112731934,0.0019352614181116223,0.04399160622336518,0.08926741033792496
3,360,2,0.01,17,0.9983044862747192,0.001728509902022779,0.04157535209739996,0.08950545638799667
3,360,2,0.01,18,0.9987438321113586,0.0012806004378944635,0.03578547803082227,0.08973515033721924
3,360,2,0.01,19,0.998779296875,0.001244452316313982,0.035276795720614734,0.0757628083229065
3,360,2,0.01,20,0.9984830021858215,0.0015465246979147196,0.03932587822178571,0.10531169921159744
3,360,2,0.01,21,0.999147891998291,0.0008686804212629795,0.029473384964455295,0.07746142148971558
3,360,2,0.01,22,0.9987102746963501,0.0013147977879270911,0.036260140484105835,0.08404470980167389
3,360,2,0.01,23,0.9982560276985168,0.0017778938636183739,0.042165078721833,0.10256658494472504
3,360,2,0.01,24,0.9990782141685486,0.0009397041285410523,0.030654593922299026,0.07658021152019501
3,360,2,0.01,25,0.9991832375526428,0.0008326423703692853,0.02885554314805537,0.06291279196739197
3,360,2,0.01,26,0.9982541799545288,0.0017798024928197265,0.04218770546995566,0.09550977498292923
3,360,2,0.01,27,0.998604953289032,0.0014222252648323774,0.03771240200295358,0.0907706767320633
3,360,2,0.01,28,0.9993901252746582,0.0006217382033355534,0.024934678729343063,0.06637409329414368
3,360,2,0.01,29,0.9985954165458679,0.001431939541362226,0.03784097701384342,0.08318350464105606
3,360,2,0.01,30,0.9989672303199768,0.0010528403799980879,0.032447501906897054,0.08466584235429764
3,360,2,0.01,31,0.9992896914482117,0.0007241390994749963,0.02690983276564528,0.07080458104610443
3,360,2,0.01,32,0.9987748265266418,0.0012489990331232548,0.03534118041496711,0.08295165747404099
3,360,2,0.01,33,0.9991113543510437,0.0009059486328624189,0.030098980595070306,0.07781598716974258
3,360,2,0.01,34,0.9992654919624329,0.0007488116971217096,0.0273644239318446,0.06826460361480713
3,360,2,0.01,35,0.9993888735771179,0.0006230319268070161,0.024960607500760394,0.05865876376628876
3,360,2,0.01,36,0.999119758605957,0.0008973680669441819,0.029956102332315895,0.07033748924732208
3,360,2,0.01,37,0.9989843368530273,0.0010354206897318363,0.03217795347333072,0.0959915891289711
3,360,2,0.01,38,0.9970715045928955,0.002985471161082387,0.05463946523422779,0.14121337234973907
3,360,2,0.01,39,0.9987996816635132,0.001223656116053462,0.03498079638964016,0.07784762233495712
3,360,2,0.01,40,0.9989399909973145,0.0010806332575157285,0.032872986744677285,0.05516107380390167
3,360,2,0.01,41,0.9991033673286438,0.0009140697657130659,0.030233586715986343,0.057649314403533936
3,360,2,0.01,42,0.998461902141571,0.001568012172356248,0.039598133445356336,0.07305726408958435
3,360,2,0.01,43,0.9993465542793274,0.0006661384250037372,0.025809657591756952,0.07665462046861649
3,360,2,0.01,44,0.9986032247543335,0.0014239609008654952,0.03773540646217416,0.07148954272270203
3,360,2,0.01,45,0.9991595149040222,0.0008568528573960066,0.02927204908092371,0.09539355337619781
3,360,2,0.01,46,0.9981968402862549,0.0018382620764896274,0.04287495861793487,0.1056874617934227
3,360,2,0.01,47,0.9987640976905823,0.0012599567417055368,0.03549586936117408,0.08746641129255295
3,360,2,0.01,48,0.998306155204773,0.0017268320079892874,0.041555168246432204,0.07124807685613632
3,360,2,0.01,49,0.998792290687561,0.0012312278850004077,0.035088856991934175,0.07247611880302429
3,360,2,0.01,50,0.9990195035934448,0.0009995511500164866,0.031615678863761355,0.07451028376817703
3,360,2,0.01,51,0.998280942440033,0.0017525273142382503,0.04186319761124621,0.07057061046361923
3,360,2,0.01,52,0.9978883862495422,0.0021527160424739122,0.04639737107287343,0.09238502383232117
3,360,2,0.01,53,0.9987613558769226,0.0012627567630261183,0.03553528898188557,0.06337358057498932
3,360,2,0.01,54,0.998701810836792,0.001323431497439742,0.03637899802688004,0.061902761459350586
3,360,2,0.01,55,0.9992714524269104,0.0007426980882883072,0.027252487744943713,0.04913511127233505
3,360,2,0.01,56,0.9992088675498962,0.0008065465954132378,0.028399764002773647,0.05627911537885666
3,360,2,0.01,57,0.9988374710083008,0.0011851468589156866,0.03442596198969154,0.07746583968400955
3,360,2,0.01,58,0.998741865158081,0.0012826148886233568,0.035813613174648505,0.06397200375795364
3,360,2,0.01,59,0.9987913370132446,0.001232157927006483,0.03510210715906501,0.06702376157045364
3,360,2,0.01,60,0.9991094470024109,0.0009078989387489855,0.030131361382270558,0.051880378276109695
3,360,2,0.01,61,0.9983364939689636,0.0016958985943347216,0.04118128937193105,0.07360498607158661
3,360,2,0.01,62,0.9988185167312622,0.001204474363476038,0.03470553793670454,0.07454488426446915
3,360,2,0.01,63,0.9985142350196838,0.001514703151769936,0.03891918745002182,0.05379635468125343
3,360,2,0.01,64,0.998820424079895,0.0012025506002828479,0.03467781135370062,0.059546612203121185
3,360,2,0.01,65,0.9985308647155762,0.0014977179234847426,0.038700360766855166,0.07322502136230469
3,360,2,0.01,66,0.9982960820198059,0.001737080980092287,0.041678303469458625,0.06349979341030121
3,360,2,0.01,67,0.9976352453231812,0.002410752698779106,0.049099416481044926,0.07285004109144211
3,360,2,0.01,68,0.9986128807067871,0.001414131955243647,0.037604945888056365,0.06915569305419922
3,360,2,0.01,69,0.9989113807678223,0.001109801116399467,0.033313677617451166,0.053884781897068024
3,360,2,0.01,70,0.9987257122993469,0.0012990654213353992,0.03604255015027931,0.06423325091600418
3,360,2,0.01,71,0.9967232942581177,0.0033404752612113953,0.057796844734045776,0.12076117098331451
3,360,2,0.01,72,0.9985260963439941,0.0015026124892756343,0.03876354588109342,0.05711565911769867
3,360,2,0.01,73,0.9986333847045898,0.0013931894209235907,0.037325452722285775,0.04740237817168236
3,360,2,0.01,74,0.9988647103309631,0.0011573608499020338,0.03402000661231614,0.047304168343544006
3,360,2,0.01,75,0.9986801147460938,0.0013455962762236595,0.036682370100958026,0.053935419768095016
3,360,2,0.01,76,0.9987931251525879,0.0012303789844736457,0.03507675846587945,0.04709387943148613
3,360,2,0.01,77,0.9988130927085876,0.001209996291436255,0.0347850009549555,0.048627279698848724
3,360,2,0.01,78,0.9981980919837952,0.0018370054895058274,0.042860302023035576,0.05416688695549965
3,360,2,0.01,79,0.9982022047042847,0.0018327614525333047,0.04281076327903188,0.05385817587375641
3,360,2,0.01,80,0.9986532926559448,0.001372895552776754,0.03705260520903697,0.05129458010196686
3,360,2,0.01,81,0.9989855885505676,0.0010341814486309886,0.03215869164986332,0.060704685747623444
3,360,2,0.01,82,0.9979072213172913,0.0021335065830498934,0.046189896980290975,0.08682066947221756
3,360,2,0.01,83,0.9983464479446411,0.0016857347218319774,0.04105769990917632,0.07011923938989639
3,360,2,0.01,84,0.9980131983757019,0.002025441499426961,0.045004905281835234,0.06798847019672394
3,360,2,0.01,85,0.997926652431488,0.002113698748871684,0.045974979596207374,0.06073087826371193
3,360,2,0.01,86,0.9982390403747559,0.0017952114576473832,0.04236993577582321,0.060344211757183075
3,360,2,0.01,87,0.9982443451881409,0.0017898333026096225,0.04230642152923859,0.06371654570102692
3,360,2,0.01,88,0.9981564283370972,0.0018794653005897999,0.04335280037771262,0.06167677789926529
3,360,2,0.01,89,0.9980982542037964,0.0019387651700526476,0.044031411174894765,0.05416462570428848
3,360,2,0.01,90,0.9975638389587402,0.0024835660587996244,0.04983538962223155,0.06272666156291962
3,360,2,0.01,91,0.997850239276886,0.002191585721448064,0.046814375158150554,0.05287277325987816
3,360,2,0.01,92,0.99733966588974,0.002712136134505272,0.05207817330230844,0.04467245191335678
3,360,2,0.01,93,0.9973675608634949,0.00268367026001215,0.0518041529224458,0.06473105400800705
3,360,2,0.01,94,0.9965299963951111,0.0035375398583710194,0.0594772213403671,0.05422067269682884
3,360,2,0.01,95,0.9977550506591797,0.0022886444348841906,0.04783977879217451,0.05397169664502144
3,360,2,0.01,96,0.9974136352539062,0.002636682940647006,0.051348641078873804,0.043792322278022766
3,360,2,0.01,97,0.9976803064346313,0.0023648706264793873,0.04862993549738049,0.06047651544213295
3,360,2,0.01,98,0.9971362948417664,0.0029194338712841272,0.05403178574953938,0.06349964439868927
3,360,2,0.01,99,0.9973499178886414,0.0027016601525247097,0.05197749659732286,0.06195308268070221
3,360,2,0.01,100,0.9976358413696289,0.0024101505987346172,0.04909328466027321,0.048175033181905746
4,360,2,0.01,1,0.9893235564231873,0.010884256102144718,0.10432763824674993,0.34467118978500366
4,360,2,0.01,2,0.994957685470581,0.005140428896993399,0.07169678442575649,0.1835305094718933
4,360,2,0.01,3,0.9939912557601929,0.006125687621533871,0.07826677214203911,0.16248862445354462
4,360,2,0.01,4,0.9950776100158691,0.005018199793994427,0.07083925320042855,0.1242082491517067
4,360,2,0.01,5,0.9951440095901489,0.004950528033077717,0.070359988864963,0.13843093812465668
4,360,2,0.01,6,0.995492160320282,0.004595550242811441,0.06779048784904444,0.12030452489852905
4,360,2,0.01,7,0.9954233169555664,0.004665781743824482,0.0683065278273203,0.10037383437156677
4,360,2,0.01,8,0.9957529902458191,0.004329693038016558,0.06580040302320768,0.11597291380167007
4,360,2,0.01,9,0.9959595203399658,0.0041190930642187595,0.0641801609862328,0.09222488105297089
4,360,2,0.01,10,0.99632728099823,0.0037441826425492764,0.061189726609532064,0.08914359658956528
4,360,2,0.01,11,0.9963429570198059,0.0037282132543623447,0.06105909640964518,0.09232395887374878
4,360,2,0.01,12,0.9955071210861206,0.004580318462103605,0.06767805007610374,0.11180326342582703
4,360,2,0.01,13,0.995173990726471,0.004919922910630703,0.07014216214681938,0.10780065506696701
4,360,2,0.01,14,0.9974440336227417,0.0026057164650410414,0.05104621891032715,0.07739114761352539
4,360,2,0.01,15,0.9965614676475525,0.0035054399631917477,0.059206756060366524,0.07448680698871613
4,360,2,0.01,16,0.997051477432251,0.0030058862175792456,0.05482596298816142,0.07004023343324661
4,360,2,0.01,17,0.9972242712974548,0.0028297717217355967,0.05319559870643056,0.07392747700214386
4,360,2,0.01,18,0.9975811243057251,0.0024659247137606144,0.0496580780312792,0.0745517760515213
4,360,2,0.01,19,0.998020350933075,0.002018172526732087,0.044924075134966185,0.0938660278916359
4,360,2,0.01,20,0.9973719120025635,0.0026792618446052074,0.05176158657349297,0.10455061495304108
4,360,2,0.01,21,0.9978866577148438,0.002154455054551363,0.04641610770574546,0.08308573067188263
4,360,2,0.01,22,0.9976354241371155,0.0024105918128043413,0.049097778084189726,0.08232139050960541
4,360,2,0.01,23,0.9974555969238281,0.0025939461775124073,0.05093079792730924,0.06494186818599701
4,360,2,0.01,24,0.9974097609519958,0.0026406485121697187,0.051387240752639354,0.08254372328519821
4,360,2,0.01,25,0.9976658225059509,0.00237958412617445,0.04878098119323196,0.07063785195350647
4,360,2,0.01,26,0.9972935318946838,0.002759162336587906,0.052527729215985586,0.09960193186998367
4,360,2,0.01,27,0.9969057440757751,0.003154478734359145,0.05616474636601811,0.09504757821559906
4,360,2,0.01,28,0.9983271956443787,0.0017053796909749508,0.04129624306126346,0.07606501877307892
4,360,2,0.01,29,0.9980288743972778,0.002009508665651083,0.04482754360492088,0.08288271725177765
4,360,2,0.01,30,0.9982039928436279,0.0018309869337826967,0.04279003311266184,0.08496039360761642
4,360,2,0.01,31,0.9983134865760803,0.001719312509521842,0.04146459344455028,0.09473049640655518
4,360,2,0.01,32,0.9985647797584534,0.0014631261583417654,0.03825083212613505,0.08823871612548828
4,360,2,0.01,33,0.9978849291801453,0.0021562620531767607,0.04643556883658001,0.07004905492067337
4,360,2,0.01,34,0.9982069134712219,0.0018279777141287923,0.04275485602979844,0.06766051054000854
4,360,2,0.01,35,0.9984992742538452,0.0015299496008083224,0.039114570185652335,0.06695637851953506
4,360,2,0.01,36,0.9986394643783569,0.0013870077673345804,0.03724255317958988,0.08891121298074722
4,360,2,0.01,37,0.9987840056419373,0.0012396670645102859,0.03520890603966965,0.06588231772184372
4,360,2,0.01,38,0.996548056602478,0.003519106423482299,0.05932205680421321,0.17722216248512268
4,360,2,0.01,39,0.9988673329353333,0.0011547030881047249,0.03398092241397701,0.09412432461977005
4,360,2,0.01,40,0.9991833567619324,0.0008325474918819964,0.028853899075896076,0.06733350455760956
4,360,2,0.01,41,0.9988980293273926,0.00112340843770653,0.03351728565541264,0.06193011626601219
4,360,2,0.01,42,0.9992919564247131,0.0007218083483166993,0.026866491179845187,0.05702405050396919
4,360,2,0.01,43,0.999079704284668,0.0009382091229781508,0.03063019952560138,0.06060396134853363
4,360,2,0.01,44,0.9988307356834412,0.0011920289834961295,0.034525772742925384,0.09336602687835693
4,360,2,0.01,45,0.9982704520225525,0.0017632331000640988,0.04199086924635043,0.09403917193412781
4,360,2,0.01,46,0.9990363121032715,0.0009824434528127313,0.03134395400731585,0.06151292473077774
4,360,2,0.01,47,0.9982153177261353,0.0018193870782852173,0.042654273857202364,0.07806161046028137
4,360,2,0.01,48,0.9982993006706238,0.0017338168108835816,0.04163912596205138,0.09569071978330612
4,360,2,0.01,49,0.9988052248954773,0.0012180095072835684,0.034899992941024624,0.06498613953590393
4,360,2,0.01,50,0.9986956715583801,0.0013297201367095113,0.0364653278705884,0.08400698751211166
4,360,2,0.01,51,0.9990516901016235,0.0009667454287409782,0.031092530111603626,0.07132538408041
4,360,2,0.01,52,0.9987910985946655,0.001232455251738429,0.03510634204440031,0.0813707783818245
4,360,2,0.01,53,0.9989488124847412,0.0010716384276747704,0.03273588898555789,0.05852330103516579
4,360,2,0.01,54,0.9992626905441284,0.0007516415789723396,0.027416082487699434,0.054014306515455246
4,360,2,0.01,55,0.998948335647583,0.0010721184080466628,0.03274321926821892,0.07161350548267365
4,360,2,0.01,56,0.9989237785339355,0.0010971981100738049,0.033123980891097686,0.057538919150829315
4,360,2,0.01,57,0.9991886615753174,0.0008271436090581119,0.02876010446883168,0.056246038526296616
4,360,2,0.01,58,0.9993624687194824,0.0006499433657154441,0.02549398685406902,0.07921147346496582
4,360,2,0.01,59,0.9974519610404968,0.0025976174511015415,0.050966826967170926,0.07553780823945999
4,360,2,0.01,60,0.9991042613983154,0.0009131749393418431,0.03021878454441613,0.06859145313501358
4,360,2,0.01,61,0.9994080066680908,0.0006035387050360441,0.02456702474936768,0.05327311158180237
4,360,2,0.01,62,0.9990122318267822,0.001006978447549045,0.031732923715741115,0.0637766569852829
4,360,2,0.01,63,0.9992675185203552,0.0007467365358024836,0.02732648048692849,0.056408144533634186
4,360,2,0.01,64,0.9993708729743958,0.0006413558730855584,0.025325004898036216,0.05069039389491081
4,360,2,0.01,65,0.9987725019454956,0.001251359237357974,0.03537455635563468,0.08725927770137787
4,360,2,0.01,66,0.9993932247161865,0.0006185995298437774,0.024871661179820245,0.04620818793773651
4,360,2,0.01,67,0.9977442026138306,0.0022997057531028986,0.04795524739903756,0.11217675358057022
4,360,2,0.01,68,0.9988738894462585,0.0011480088578537107,0.03388227940758577,0.059762097895145416
4,360,2,0.01,69,0.9994817972183228,0.000528277363628149,0.022984285145032226,0.04797220602631569
4,360,2,0.01,70,0.999337911605835,0.0006749790627509356,0.025980359172862403,0.05104555934667587
4,360,2,0.01,71,0.9990238547325134,0.0009951150277629495,0.03154544385110074,0.05688434839248657
4,360,2,0.01,72,0.9991832375526428,0.0008326565730385482,0.028855789246502134,0.057288460433483124
4,360,2,0.01,73,0.997157871723175,0.002897419035434723,0.05382767908274258,0.10268014669418335
4,360,2,0.01,74,0.9990049600601196,0.0010144216939806938,0.031849987346633184,0.06550804525613785
4,360,2,0.01,75,0.9991042017936707,0.000913238909561187,0.03021984297711004,0.05642949789762497
4,360,2,0.01,76,0.9987389445304871,0.0012855930253863335,0.03585516734567465,0.051252324134111404
4,360,2,0.01,77,0.998748779296875,0.0012755594216287136,0.035714974753298004,0.043860580772161484
4,360,2,0.01,78,0.9984222650527954,0.0016084422823041677,0.04010538969146376,0.08514177799224854
4,360,2,0.01,79,0.9989078044891357,0.0011134588858112693,0.0333685313703086,0.053988754749298096
4,360,2,0.01,80,0.9990044832229614,0.0010149140143767,0.03185771514683217,0.05794520676136017
4,360,2,0.01,81,0.998974084854126,0.001045881537720561,0.03234009180136261,0.05365057289600372
4,360,2,0.01,82,0.9980747699737549,0.0019626703578978777,0.04430203559542019,0.08845731616020203
4,360,2,0.01,83,0.9989049434661865,0.0011163842864334583,0.033412337338675636,0.07552491128444672
4,360,2,0.01,84,0.9990507960319519,0.0009676524205133319,0.031107112056784247,0.06641385704278946
4,360,2,0.01,85,0.998893141746521,0.0011283750645816326,0.033591294476123315,0.04659618064761162
4,360,2,0.01,86,0.9992228150367737,0.0007922837394289672,0.02814753522831026,0.05647052079439163
4,360,2,0.01,87,0.9991580843925476,0.0008582936716265976,0.029296649494892715,0.06269394606351852
4,360,2,0.01,88,0.9991080164909363,0.0009093267726711929,0.03015504555909662,0.05549311265349388
4,360,2,0.01,89,0.9989432096481323,0.0010773789836093783,0.03282345173209817,0.062201280146837234
4,360,2,0.01,90,0.9981096982955933,0.0019270795164629817,0.043898513829775394,0.06842859834432602
4,360,2,0.01,91,0.9989802837371826,0.001039590802974999,0.032242686038464585,0.058354929089546204
4,360,2,0.01,92,0.9991790652275085,0.0008369038114324212,0.028929289853579558,0.05594431236386299
4,360,2,0.01,93,0.999336838722229,0.0006760546821169555,0.026001051557907336,0.052595604211091995
4,360,2,0.01,94,0.9987662434577942,0.0012577398447319865,0.03546462807829777,0.07382408529520035
4,360,2,0.01,95,0.9983914494514465,0.0016398680163547397,0.04049528387793744,0.06057066470384598
4,360,2,0.01,96,0.9989055395126343,0.0011157689150422812,0.03340312732428329,0.0771024227142334
4,360,2,0.01,97,0.9983892440795898,0.0016421301988884807,0.040523205683762,0.06092699617147446
4,360,2,0.01,98,0.9992339611053467,0.0007809247472323477,0.027945030814660907,0.0496479868888855
4,360,2,0.01,99,0.9993374347686768,0.0006754738278687,0.025989879335400926,0.043183062225580215
4,360,2,0.01,100,0.9993895888328552,0.0006222905358299613,0.02494575185938402,0.05160963535308838
5,360,2,0.01,1,0.9874732494354248,0.012770574539899826,0.11300696677594628,0.33512982726097107
5,360,2,0.01,2,0.9924878478050232,0.007658361457288265,0.08751206463847294,0.2475539892911911
5,360,2,0.01,3,0.9941437244415283,0.005970241501927376,0.07726733787265727,0.17508339881896973
5,360,2,0.01,4,0.9948379397392273,0.005262536928057671,0.07254334516726997,0.15392576158046722
5,360,2,0.01,5,0.9953206181526184,0.0047704605385661125,0.06906852060502029,0.1194504126906395
5,360,2,0.01,6,0.9948508143424988,0.005249409005045891,0.07245280536353227,0.1082964837551117
5,360,2,0.01,7,0.9954826831817627,0.0046052467077970505,0.06786196805131023,0.10862221568822861
5,360,2,0.01,8,0.9957982301712036,0.00428354274481535,0.0654487795517636,0.09599383175373077
5,360,2,0.01,9,0.995872437953949,0.0042078932747244835,0.06486827633538973,0.10205308347940445
5,360,2,0.01,10,0.9960020780563354,0.004075721371918917,0.06384137664492298,0.09553387016057968
5,360,2,0.01,11,0.9964026212692261,0.003667418146505952,0.06055921190459757,0.09458018094301224
5,360,2,0.01,12,0.9967988729476929,0.003263426013290882,0.05712640381899496,0.10248333215713501
5,360,2,0.01,13,0.996274471282959,0.003798050805926323,0.06162832795011011,0.09913402795791626
5,360,2,0.01,14,0.9968750476837158,0.0031857530120760202,0.056442475247600724,0.11383204162120819
5,360,2,0.01,15,0.9972754716873169,0.00277755968272686,0.05270255859753737,0.09250546991825104
5,360,2,0.01,16,0.997322142124176,0.002729974454268813,0.05224915745032462,0.1160801500082016
5,360,2,0.01,17,0.9975590109825134,0.0024884678423404694,0.049884545125123365,0.08175387978553772
5,360,2,0.01,18,0.9959501624107361,0.004128632601350546,0.06425443643321872,0.15299710631370544
5,360,2,0.01,19,0.9964661598205566,0.003602649550884962,0.06002207552963294,0.13434240221977234
5,360,2,0.01,20,0.995261013507843,0.004831226076930761,0.06950702178147732,0.14776580035686493
5,360,2,0.01,21,0.9971361756324768,0.0029195640236139297,0.054032990141338,0.0767916589975357
5,360,2,0.01,22,0.998022735118866,0.0020157606340944767,0.04489722301094441,0.07577771693468094
5,360,2,0.01,23,0.9977529048919678,0.0022908488754183054,0.04786281307464393,0.07185463607311249
5,360,2,0.01,24,0.9978402853012085,0.002201752969995141,0.04692284060023584,0.08268401771783829
5,360,2,0.01,25,0.99826979637146,0.0017638987628743052,0.041998794778830326,0.08881630748510361
5,360,2,0.01,26,0.9981262683868408,0.001910185208544135,0.04370566563437897,0.06716405600309372
5,360,2,0.01,27,0.9984243512153625,0.0016063116490840912,0.04007881796016558,0.0709085687994957
5,360,2,0.01,28,0.9975414276123047,0.0025063930079340935,0.05006388926096427,0.11509779840707779
5,360,2,0.01,29,0.9978307485580444,0.002211445476859808,0.04702600851507396,0.08158911764621735
5,360,2,0.01,30,0.9978134036064148,0.0022291308268904686,0.04721367203353779,0.07723418623209
5,360,2,0.01,31,0.9980630874633789,0.001974615966901183,0.04443665116658976,0.09050722420215607
5,360,2,0.01,32,0.9984291791915894,0.0016014163848012686,0.040017700893495475,0.08045334368944168
5,360,2,0.01,33,0.9963662028312683,0.0037045006174594164,0.06086460890747115,0.1836979240179062
5,360,2,0.01,34,0.9983813762664795,0.0016500982455909252,0.040621401324805684,0.0850871205329895
5,360,2,0.01,35,0.9986714720726013,0.0013543611858040094,0.03680164650941598,0.07073546200990677
5,360,2,0.01,36,0.9991320371627808,0.0008848331635817885,0.029746145356697708,0.07999548316001892
5,360,2,0.01,37,0.9971112608909607,0.0029449600260704756,0.054267485901508976,0.21743595600128174
5,360,2,0.01,38,0.998532235622406,0.0014963550493121147,0.038682748730049094,0.06144782900810242
5,360,2,0.01,39,0.9992756843566895,0.0007383906049653888,0.02717334364713678,0.06378788501024246
5,360,2,0.01,40,0.9994625449180603,0.0005478861858136952,0.02340696874466438,0.06758921593427658
5,360,2,0.01,41,0.9993144273757935,0.0006988929235376418,0.026436583053368334,0.07306604832410812
5,360,2,0.01,42,0.9994361996650696,0.0005747606628574431,0.023974166572739146,0.06802230328321457
5,360,2,0.01,43,0.9994106888771057,0.0006007530028000474,0.02451026321360192,0.05966002866625786
5,360,2,0.01,44,0.9989978671073914,0.0010216465452685952,0.0319632061168556,0.08030250668525696
5,360,2,0.01,45,0.9977491497993469,0.0022946454118937254,0.04790245726362819,0.1075374037027359
5,360,2,0.01,46,0.9990217089653015,0.0009973525302484632,0.03158088868680651,0.0605337992310524
5,360,2,0.01,47,0.9994404911994934,0.0005704131908714771,0.023883324535572452,0.052554186433553696
5,360,2,0.01,48,0.9994089603424072,0.0006025203038007021,0.024546289002631377,0.06053433567285538
5,360,2,0.01,49,0.9995046854019165,0.0005049525061622262,0.022471148305376522,0.056706417351961136
5,360,2,0.01,50,0.9995923042297363,0.0004156294744461775,0.02038699277593872,0.059422001242637634
5,360,2,0.01,51,0.9994261860847473,0.000584954337682575,0.024185829274237736,0.0686950832605362
5,360,2,0.01,52,0.9989892840385437,0.0010303717572242022,0.032099404312606834,0.09095365554094315
5,360,2,0.01,53,0.9995468854904175,0.0004619516257662326,0.021493059944229266,0.05346514657139778
5,360,2,0.01,54,0.9995704293251038,0.00043794370139949024,0.020927104467639335,0.05332116410136223
5,360,2,0.01,55,0.9982861876487732,0.0017471526516601443,0.041798955150340114,0.1312514841556549
5,360,2,0.01,56,0.9994809031486511,0.0005291911074891686,0.02300415413548537,0.05684072896838188
5,360,2,0.01,57,0.9993644952774048,0.0006478921859525144,0.025453726366732914,0.08621998131275177
5,360,2,0.01,58,0.9997133016586304,0.0002922634594142437,0.0170957146505855,0.053733035922050476
5,360,2,0.01,59,0.9995624423027039,0.0004460499621927738,0.02111989493801458,0.07238780707120895
5,360,2,0.01,60,0.998691201210022,0.0013342432212084532,0.0365272941950051,0.11898939311504364
5,360,2,0.01,61,0.9994746446609497,0.0005355945322662592,0.023142915379576946,0.049264825880527496
5,360,2,0.01,62,0.9994115233421326,0.0005999042768962681,0.024492943410220586,0.07334204018115997
5,360,2,0.01,63,0.9995377063751221,0.0004713062662631273,0.021709589269793366,0.05270928889513016
5,360,2,0.01,64,0.9995297193527222,0.0004794194537680596,0.021895649197227737,0.05741565674543381
5,360,2,0.01,65,0.9996325373649597,0.00037463687476702034,0.019355538606998783,0.05875307321548462
5,360,2,0.01,66,0.9994388818740845,0.0005720119224861264,0.023916770736998053,0.04789846017956734
5,360,2,0.01,67,0.9993925094604492,0.0006192954606376588,0.02488564768370835,0.061286862939596176
5,360,2,0.01,68,0.9995821714401245,0.00042593080434016883,0.020638091102138514,0.05695471912622452
5,360,2,0.01,69,0.9995632171630859,0.0004452675930224359,0.021101364719430728,0.06477335840463638
5,360,2,0.01,70,0.9991594552993774,0.0008568853372707963,0.029272603868989795,0.09454426914453506
5,360,2,0.01,71,0.9995411038398743,0.00046780676348134875,0.021628841011051628,0.06418998539447784
5,360,2,0.01,72,0.9991835355758667,0.0008323304355144501,0.028850137530251917,0.06455539911985397
5,360,2,0.01,73,0.998998761177063,0.0010206958977505565,0.03194833168962906,0.059296417981386185
5,360,2,0.01,74,0.9988299608230591,0.0011928302701562643,0.03453737497489154,0.09507594257593155
5,360,2,0.01,75,0.9993211030960083,0.0006921090534888208,0.026307965590079762,0.06900417059659958
5,360,2,0.01,76,0.9994856715202332,0.0005243357736617327,0.022898379280240178,0.07450276613235474
5,360,2,0.01,77,0.999748706817627,0.0002561946166679263,0.01600608061543882,0.06462892889976501
5,360,2,0.01,78,0.9995899796485901,0.00041802111081779003,0.020445564575667506,0.05389216169714928
5,360,2,0.01,79,0.9995433688163757,0.00046554853906854987,0.02157657384916683,0.04879710450768471
5,360,2,0.01,80,0.9989895224571228,0.0010301234433427453,0.03209553619029826,0.10832224041223526
5,360,2,0.01,81,0.9994500875473022,0.0005605989717878401,0.023676971339000267,0.0657578557729721
5,360,2,0.01,82,0.9993154406547546,0.000697862880770117,0.026417094480092187,0.05519614741206169
5,360,2,0.01,83,0.9993885159492493,0.0006234153988771141,0.024968287864351332,0.06287451833486557
5,360,2,0.01,84,0.9994727373123169,0.0005375044420361519,0.02318414203795672,0.07407981157302856
5,360,2,0.01,85,0.9985693097114563,0.001458546845242381,0.038190926216084116,0.0774686262011528
5,360,2,0.01,86,0.9993498921394348,0.0006627762340940535,0.025744440838636473,0.057131823152303696
5,360,2,0.01,87,0.9993939399719238,0.0006178718758746982,0.02485702870165093,0.05502935126423836
5,360,2,0.01,88,0.9995290637016296,0.00048009250895120203,0.021911013416800282,0.06224379315972328
5,360,2,0.01,89,0.9995625019073486,0.00044601361150853336,0.021119034341288746,0.04747426509857178
5,360,2,0.01,90,0.99916672706604,0.0008494651992805302,0.029145586274434938,0.07528749108314514
5,360,2,0.01,91,0.9983054995536804,0.0017275047721341252,0.04156326228935988,0.08538751304149628
5,360,2,0.01,92,0.9994526505470276,0.0005579959251917899,0.023621937371684606,0.053591154515743256
5,360,2,0.01,93,0.9993225932121277,0.000690565793775022,0.026278618566717354,0.04735320061445236
5,360,2,0.01,94,0.9995832443237305,0.00042487820610404015,0.02061257398055954,0.05996813252568245
5,360,2,0.01,95,0.9993078708648682,0.0007056127651594579,0.026563372623962078,0.06649980694055557
5,360,2,0.01,96,0.9994890093803406,0.0005209071096032858,0.022823389529237015,0.06851685792207718
5,360,2,0.01,97,0.999499499797821,0.0005102686700411141,0.022589127252754013,0.06419988721609116
5,360,2,0.01,98,0.9996306896209717,0.00037652780883945525,0.01940432448809943,0.06279852986335754
5,360,2,0.01,99,0.9982786178588867,0.0017548884497955441,0.04189138873080653,0.10739730298519135
5,360,2,0.01,100,0.9937722682952881,0.006348960101604462,0.07968036208253865,0.28989729285240173
6,360,2,0.01,1,0.9901454448699951,0.010046337731182575,0.10023142087779947,0.3097758889198303
6,360,2,0.01,2,0.9940828680992126,0.006032311823219061,0.07766795879395223,0.21242937445640564
6,360,2,0.01,3,0.9959163069725037,0.004163174889981747,0.06452266958195195,0.1518271118402481
6,360,2,0.01,4,0.9962160587310791,0.0038575970102101564,0.06210955651274735,0.11418986320495605
6,360,2,0.01,5,0.9967237710952759,0.003339993767440319,0.05779267918551898,0.10654802620410919
6,360,2,0.01,6,0.9955506324768066,0.004535961896181107,0.06734955008150467,0.10103073716163635
6,360,2,0.01,7,0.9961482286453247,0.003926763776689768,0.0626638953201105,0.11242339760065079
6,360,2,0.01,8,0.9970549941062927,0.0030023185536265373,0.05479341706470347,0.09171529859304428
6,360,2,0.01,9,0.9967547059059143,0.0033084829337894917,0.05751941353829585,0.09829031676054001
6,360,2,0.01,10,0.9968786835670471,0.003182066371664405,0.0564098074067303,0.09966346621513367
6,360,2,0.01,11,0.9967612624168396,0.0033017597161233425,0.057460940786967125,0.09563304483890533
6,360,2,0.01,12,0.9964378476142883,0.0036314765457063913,0.06026173367657448,0.09593766182661057
6,360,2,0.01,13,0.9968931674957275,0.0031672900076955557,0.05627868164496709,0.10033204406499863
6,360,2,0.01,14,0.995822012424469,0.004259328357875347,0.0652635300751909,0.11842416971921921
6,360,2,0.01,15,0.9966488480567932,0.003416361752897501,0.05844965143520961,0.09350517392158508
6,360,2,0.01,16,0.996935248374939,0.0031243744306266308,0.05589610389487474,0.0736742913722992
6,360,2,0.01,17,0.996839165687561,0.003222361672669649,0.05676584952830046,0.1096646636724472
6,360,2,0.01,18,0.9966586232185364,0.003406426403671503,0.058364598890693176,0.07812640070915222
6,360,2,0.01,19,0.9973445534706116,0.0027071249205619097,0.052030038636944234,0.08775022625923157
6,360,2,0.01,20,0.9972706437110901,0.0027824686840176582,0.05274911074148699,0.06977295875549316
6,360,2,0.01,21,0.9969622492790222,0.0030968652572482824,0.05564948568718567,0.08061402291059494
6,360,2,0.01,22,0.9971873760223389,0.002867385046556592,0.05354796958388424,0.0870005339384079
6,360,2,0.01,23,0.9972888231277466,0.002763955621048808,0.05257333564696849,0.07570373266935349
6,360,2,0.01,24,0.9956200122833252,0.004465216770768166,0.06682227750360029,0.08206246793270111
6,360,2,0.01,25,0.9970831871032715,0.002973562106490135,0.05453037783190334,0.07830385118722916
6,360,2,0.01,26,0.9736207723617554,0.0268926452845335,0.16398977188999778,0.28425073623657227
6,360,2,0.01,27,0.995483934879303,0.0046039423905313015,0.06785235729531658,0.11381621658802032
6,360,2,0.01,28,0.9956673383712769,0.004416974261403084,0.06646032095471013,0.08166501671075821
6,360,2,0.01,29,0.9964601397514343,0.0036087643820792437,0.06007299211858224,0.05941760540008545
6,360,2,0.01,30,0.9969165325164795,0.0031434777192771435,0.05606672559796179,0.06328047066926956
6,360,2,0.01,31,0.9971485733985901,0.0029069066513329744,0.05391573658342223,0.07156696170568466
6,360,2,0.01,32,0.9971993565559387,0.0028551598079502583,0.05343369543602855,0.06955016404390335
6,360,2,0.01,33,0.9973519444465637,0.00269961915910244,0.05195785945458531,0.0652606412768364
6,360,2,0.01,34,0.9974333047866821,0.002616624813526869,0.05115295508107883,0.06138697639107704
6,360,2,0.01,35,0.9971016645431519,0.002954760566353798,0.054357709355286464,0.06803860515356064
6,360,2,0.01,36,0.9976714253425598,0.002373875817283988,0.048722436487556614,0.056365542113780975
6,360,2,0.01,37,0.9975149035453796,0.002533483086153865,0.05033371718991023,0.06146150454878807
6,360,2,0.01,38,0.9980936050415039,0.001943503157235682,0.0440851806986847,0.07209540158510208
6,360,2,0.01,39,0.9979444742202759,0.0020955195650458336,0.04577684529372719,0.06573587656021118
6,360,2,0.01,40,0.9979475140571594,0.002092404756695032,0.04574281098374948,0.061138201504945755
6,360,2,0.01,41,0.9966865181922913,0.0033779579680413008,0.058120202752926634,0.10143566131591797
6,360,2,0.01,42,0.997711718082428,0.0023328177630901337,0.048299252200113135,0.0676293894648552
6,360,2,0.01,43,0.9982101917266846,0.001824639388360083,0.04271579787806946,0.06301125138998032
6,360,2,0.01,44,0.9981359243392944,0.0019003805937245488,0.0435933549262333,0.05986511707305908
6,360,2,0.01,45,0.998310387134552,0.0017225203337147832,0.04150325690490787,0.07633103430271149
6,360,2,0.01,46,0.9985875487327576,0.0014399518258869648,0.03794669716703899,0.05700661614537239
6,360,2,0.01,47,0.99762362241745,0.002422639634460211,0.04922031729337196,0.1030908077955246
6,360,2,0.01,48,0.9978676438331604,0.0021738321520388126,0.04662437293989929,0.08793944120407104
6,360,2,0.01,49,0.9977797865867615,0.0022634321358054876,0.047575541361139416,0.07437538355588913
6,360,2,0.01,50,0.9983810186386108,0.0016504620434716344,0.040625878987064816,0.07920578867197037
6,360,2,0.01,51,0.9975384473800659,0.002509472193196416,0.05009463237909243,0.09935932606458664
6,360,2,0.01,52,0.9980918169021606,0.001945312600582838,0.04410569805119105,0.08755236119031906
6,360,2,0.01,53,0.9984379410743713,0.0015924766194075346,0.03990584693259291,0.058212000876665115
6,360,2,0.01,54,0.9977467656135559,0.0022970775607973337,0.04792783701354917,0.08475180715322495
6,360,2,0.01,55,0.998471200466156,0.0015585286309942603,0.03947820450570492,0.06789164990186691
6,360,2,0.01,56,0.9981728792190552,0.0018626729724928737,0.04315869521304917,0.055386945605278015
6,360,2,0.01,57,0.9978892207145691,0.002151841763406992,0.04638794847163422,0.07693682610988617
6,360,2,0.01,58,0.9979006052017212,0.0021402258425951004,0.04626257496719244,0.06012408807873726
6,360,2,0.01,59,0.9982641339302063,0.001769638154655695,0.04206706734080348,0.06656759977340698
6,360,2,0.01,60,0.9975690245628357,0.002478310838341713,0.04978263591194939,0.07681961357593536
6,360,2,0.01,61,0.9982724785804749,0.0017611320363357663,0.041965843686690804,0.05738691985607147
6,360,2,0.01,62,0.9983769059181213,0.0016547123668715358,0.04067815589320066,0.07205045968294144
6,360,2,0.01,63,0.9985768795013428,0.0014508402673527598,0.03808989718222878,0.05630515143275261
6,360,2,0.01,64,0.9985631704330444,0.0014647652860730886,0.038272252168811395,0.06065859645605087
6,360,2,0.01,65,0.9982492327690125,0.001784821506589651,0.04224714791071287,0.06246994435787201
6,360,2,0.01,66,0.9980786442756653,0.001958743901923299,0.04425769878702799,0.09697303920984268
6,360,2,0.01,67,0.9986140727996826,0.0014129001647233963,0.037588564281219844,0.07548531144857407
6,360,2,0.01,68,0.9972957968711853,0.00275684823282063,0.052505697146315755,0.06657039374113083
6,360,2,0.01,69,0.9984901547431946,0.0015392209170386195,0.03923290604885928,0.07213646918535233
6,360,2,0.01,70,0.99876469373703,0.0012593759456649423,0.03548768724029423,0.061554063111543655
6,360,2,0.01,71,0.9982365369796753,0.0017977884272113442,0.042400335225223684,0.0669473260641098
6,360,2,0.01,72,0.9988174438476562,0.00120560044888407,0.03472175757193276,0.06473810225725174
6,360,2,0.01,73,0.9985750317573547,0.0014527062885463238,0.03811438427347769,0.05812690779566765
6,360,2,0.01,74,0.998615026473999,0.0014119123807176948,0.03757542256206435,0.06476881355047226
6,360,2,0.01,75,0.9986413717269897,0.0013850441901013255,0.037216181831312645,0.0594702772796154
6,360,2,0.01,76,0.9989462494850159,0.001074277563020587,0.03277617370927526,0.07788358628749847
6,360,2,0.01,77,0.9986131191253662,0.001413888530805707,0.03760170914740056,0.07418198138475418
6,360,2,0.01,78,0.9990911483764648,0.0009265703265555203,0.030439617713688853,0.06728348135948181
6,360,2,0.01,79,0.9990325570106506,0.0009862510487437248,0.03140463419216541,0.06390972435474396
6,360,2,0.01,80,0.9983040690422058,0.001728926901705563,0.04158036678175847,0.0852714404463768
6,360,2,0.01,81,0.9985467195510864,0.0014815605245530605,0.03849104473189914,0.10315237194299698
6,360,2,0.01,82,0.9992124438285828,0.0008028663578443229,0.028334896467859607,0.06851404905319214
6,360,2,0.01,83,0.9991143941879272,0.0009028310887515545,0.030047147763998406,0.07023627310991287
6,360,2,0.01,84,0.9993528723716736,0.0006597363390028477,0.02568533314953979,0.06103398650884628
6,360,2,0.01,85,0.9989240169525146,0.0010969541035592556,0.033120297455778616,0.06515391170978546
6,360,2,0.01,86,0.9992531538009644,0.0007613789639435709,0.027593096309467897,0.046405330300331116
6,360,2,0.01,87,0.9986579418182373,0.001368152559734881,0.03698854633173465,0.07366909086704254
6,360,2,0.01,88,0.9991692304611206,0.0008469411404803395,0.029102253185627047,0.07448582351207733
6,360,2,0.01,89,0.9991430044174194,0.0008736742311157286,0.029557980836243343,0.057264216244220734
6,360,2,0.01,90,0.9994650483131409,0.0005453454214148223,0.023352632001871272,0.05633425712585449
6,360,2,0.01,91,0.9992216229438782,0.0007935402099974453,0.02816984575743086,0.07305250316858292
6,360,2,0.01,92,0.9994136095046997,0.0005977762048132718,0.0244494622602067,0.050794947892427444
6,360,2,0.01,93,0.9993948936462402,0.0006169056869111955,0.0248375861732012,0.0499563068151474
6,360,2,0.01,94,0.999271810054779,0.000742359843570739,0.02724628127966712,0.06320527195930481
6,360,2,0.01,95,0.9992772936820984,0.000736743735615164,0.027143023700670565,0.05327548459172249
6,360,2,0.01,96,0.9990988969802856,0.0009186540846712887,0.030309306898563166,0.07198259234428406
6,360,2,0.01,97,0.9994406700134277,0.0005702088237740099,0.02387904570484361,0.06398133188486099
6,360,2,0.01,98,0.9995743036270142,0.00043398202979005873,0.0208322353526946,0.06338538229465485
6,360,2,0.01,99,0.9996399879455566,0.00036704662488773465,0.019158460921685088,0.05012555420398712
6,360,2,0.01,100,0.9990040063858032,0.001015380723401904,0.03186503920289294,0.09197372943162918
7,360,2,0.01,1,0.9851703643798828,0.015118247829377651,0.12295628422076543,0.3728248178958893
7,360,2,0.01,2,0.9939534068107605,0.006164283026009798,0.07851294814239113,0.23840020596981049
7,360,2,0.01,3,0.9947004318237305,0.005402739625424147,0.07350333070973142,0.18714311718940735
7,360,2,0.01,4,0.9952555298805237,0.0048368144780397415,0.0695472104260102,0.16539394855499268
7,360,2,0.01,5,0.996644139289856,0.0034211999736726284,0.058491024727496684,0.13930641114711761
7,360,2,0.01,6,0.9971815347671509,0.002873343648388982,0.053603578690130216,0.14562919735908508
7,360,2,0.01,7,0.9975026249885559,0.0025459632743149996,0.05045753932084877,0.1294770985841751
7,360,2,0.01,8,0.9981989860534668,0.0018360945396125317,0.04284967373986098,0.11011391878128052
7,360,2,0.01,9,0.9963708519935608,0.003699772758409381,0.06082575735993249,0.1528271734714508
7,360,2,0.01,10,0.9981997609138489,0.0018352946499362588,0.04284033905020196,0.12446482479572296
7,360,2,0.01,11,0.9983298182487488,0.0017026638379320502,0.04126334739126299,0.12006174772977829
7,360,2,0.01,12,0.9985504150390625,0.0014778007753193378,0.038442174435369,0.12235374748706818
7,360,2,0.01,13,0.9985789656639099,0.0014486961299553514,0.0380617410263292,0.11257815361022949
7,360,2,0.01,14,0.9988628625869751,0.0011592494556680322,0.034047752578812485,0.1108243316411972
7,360,2,0.01,15,0.9986083507537842,0.0014187127817422152,0.03766580387755205,0.10053620487451553
7,360,2,0.01,16,0.9987462162971497,0.0012782156700268388,0.03575214217395706,0.1019214317202568
7,360,2,0.01,17,0.9989050626754761,0.0011162750888615847,0.03341070320812755,0.11333058774471283
7,360,2,0.01,18,0.9992077946662903,0.0008075994555838406,0.02841829438203216,0.08465632796287537
7,360,2,0.01,19,0.9989277720451355,0.001093087950721383,0.03306188062892647,0.0935986340045929
7,360,2,0.01,20,0.9992961883544922,0.0007174824131652713,0.02678586218820054,0.08692242950201035
7,360,2,0.01,21,0.9989486336708069,0.0010718221310526133,0.0327386947059991,0.0918329730629921
7,360,2,0.01,22,0.9989176392555237,0.0011034352937713265,0.03321799653457936,0.1065526157617569
7,360,2,0.01,23,0.9992920160293579,0.0007217716774903238,0.026865808707171347,0.08850537240505219
7,360,2,0.01,24,0.9949134588241577,0.005185562651604414,0.07201085092959543,0.16887645423412323
7,360,2,0.01,25,0.9990056157112122,0.0010137620847672224,0.03183963072598711,0.10732517391443253
7,360,2,0.01,26,0.9992731809616089,0.0007409690297208726,0.027220746310872387,0.08934304863214493
7,360,2,0.01,27,0.999424934387207,0.0005862305988557637,0.024212199380803136,0.08057276159524918
7,360,2,0.01,28,0.999543309211731,0.00046560901682823896,0.02157797527174964,0.08369200676679611
7,360,2,0.01,29,0.9994601011276245,0.0005503962747752666,0.02346052588445678,0.06819981336593628
7,360,2,0.01,30,0.99946528673172,0.0005451188189908862,0.023347779744354414,0.07557607442140579
7,360,2,0.01,31,0.9990659356117249,0.0009522492182441056,0.030858535581652375,0.09039337933063507
7,360,2,0.01,32,0.9996087551116943,0.0003988708194810897,0.01997175053622215,0.07828346639871597
7,360,2,0.01,33,0.999251127243042,0.0007634629728272557,0.027630833733842626,0.08793167024850845
7,360,2,0.01,34,0.9993209838867188,0.0006922477623447776,0.02631060171004794,0.08098144084215164
7,360,2,0.01,35,0.9993403553962708,0.0006725044222548604,0.025932690224017646,0.07027129083871841
7,360,2,0.01,36,0.9994027614593506,0.0006088347872719169,0.024674577752657023,0.07602100819349289
7,360,2,0.01,37,0.9991656541824341,0.0008505654404871166,0.029164455086408123,0.0877499207854271
7,360,2,0.01,38,0.9991527795791626,0.0008637330029159784,0.029389334849839292,0.07435391843318939
7,360,2,0.01,39,0.9988310933113098,0.0011916696093976498,0.03452056791823752,0.07305585592985153
7,360,2,0.01,40,0.9991684556007385,0.0008477012743242085,0.02911530996441921,0.08737793564796448
7,360,2,0.01,41,0.9989057183265686,0.001115552382543683,0.03339988596602814,0.0835997462272644
7,360,2,0.01,42,0.9989357590675354,0.0010849362006410956,0.03293836973259447,0.08585132658481598
7,360,2,0.01,43,0.9989503026008606,0.0010701159480959177,0.032712626737942,0.06470949202775955
7,360,2,0.01,44,0.9988248348236084,0.0011980507988482714,0.03461287042197268,0.10006367415189743
7,360,2,0.01,45,0.9987973570823669,0.0012260626535862684,0.03501517747472185,0.08278816938400269
7,360,2,0.01,46,0.9988660216331482,0.0011560484999790788,0.03400071322750567,0.06566555052995682
7,360,2,0.01,47,0.9980437159538269,0.0019943828228861094,0.04465851344241218,0.07682621479034424
7,360,2,0.01,48,0.9986438751220703,0.0013825264759361744,0.037182340915227145,0.0637299120426178
7,360,2,0.01,49,0.9961720705032349,0.00390240247361362,0.06246921220580279,0.14221499860286713
7,360,2,0.01,50,0.9979768395423889,0.002062538405880332,0.04541517814432012,0.06943365931510925
7,360,2,0.01,51,0.9986029863357544,0.0014241773169487715,0.03773827389996489,0.06616740673780441
7,360,2,0.01,52,0.9987677931785583,0.0012561739422380924,0.035442544240475916,0.06289747357368469
7,360,2,0.01,53,0.9986039996147156,0.001423144480213523,0.037724587210644506,0.07513850182294846
7,360,2,0.01,54,0.9976397752761841,0.002406150335446,0.04905252629015146,0.08711230754852295
7,360,2,0.01,55,0.9981792569160461,0.001856205752119422,0.04308370634148624,0.07201146334409714
7,360,2,0.01,56,0.9984132051467896,0.0016176645876839757,0.04022020123873046,0.07230747491121292
7,360,2,0.01,57,0.9983276724815369,0.0017048890003934503,0.041290301529456654,0.06272458285093307
7,360,2,0.01,58,0.9965528249740601,0.0035142628476023674,0.059281218337702606,0.08046802133321762
7,360,2,0.01,59,0.9983624219894409,0.0016694768564775586,0.04085923220616803,0.05845516547560692
7,360,2,0.01,60,0.9983769655227661,0.0016546295955777168,0.04067713848807112,0.05178234726190567
7,360,2,0.01,61,0.997873842716217,0.0021675608586519957,0.046557070984459444,0.08609295636415482
7,360,2,0.01,62,0.9981494545936584,0.0018865533638745546,0.04343447206856041,0.06188027560710907
7,360,2,0.01,63,0.9966748952865601,0.0033898125402629375,0.058222096666668895,0.10314319282770157
7,360,2,0.01,64,0.9976363182067871,0.0024096902925521135,0.04908859635956312,0.06149230897426605
7,360,2,0.01,65,0.9984755516052246,0.0015540998429059982,0.03942207304171101,0.06307000666856766
7,360,2,0.01,66,0.9983389377593994,0.0016933820443227887,0.041150723496954325,0.065322145819664
7,360,2,0.01,67,0.9975447058677673,0.0025030686520040035,0.05003067710918975,0.07787301391363144
7,360,2,0.01,68,0.9979965686798096,0.002042432315647602,0.04519327732802305,0.07836118340492249
7,360,2,0.01,69,0.9976119995117188,0.0024344592820852995,0.04934023998812024,0.07692766934633255
7,360,2,0.01,70,0.997569739818573,0.0024775825440883636,0.04977532063270274,0.08422980457544327
7,360,2,0.01,71,0.9980148673057556,0.002023742301389575,0.04498602340049157,0.05015535280108452
7,360,2,0.01,72,0.9977583289146423,0.0022852930705994368,0.047804738997294365,0.06642790138721466
7,360,2,0.01,73,0.9988335371017456,0.001189141534268856,0.03448393153729511,0.06852103024721146
7,360,2,0.01,74,0.9977540373802185,0.0022896777372807264,0.04785057718858495,0.06572091579437256
7,360,2,0.01,75,0.9982739686965942,0.0017596031539142132,0.04194762393645453,0.04992983490228653
7,360,2,0.01,76,0.9979493021965027,0.0020906131248921156,0.04572322303700949,0.04913578927516937
7,360,2,0.01,77,0.9987360239028931,0.001288574654608965,0.03589672205938817,0.06982064247131348
7,360,2,0.01,78,0.998595118522644,0.001432236167602241,0.037844896189608464,0.05325894057750702
7,360,2,0.01,79,0.9979358315467834,0.0021043692249804735,0.04587340433170917,0.10087507963180542
7,360,2,0.01,80,0.9986630082130432,0.0013629903551191092,0.03691869926093157,0.04412638768553734
7,360,2,0.01,81,0.9988037347793579,0.0012195181334391236,0.0349215998121381,0.05576426163315773
7,360,2,0.01,82,0.9985957145690918,0.0014316142769530416,0.037836678989481114,0.05210098624229431
7,360,2,0.01,83,0.9981634616851807,0.0018722760723903775,0.043269805550642096,0.07762930542230606
7,360,2,0.01,84,0.9989219903945923,0.0010989727452397346,0.03315075783809074,0.055911388248205185
7,360,2,0.01,85,0.9991479516029358,0.000868612842168659,0.029472238499453327,0.07627619802951813
7,360,2,0.01,86,0.9989637136459351,0.0010564398253336549,0.03250292025854992,0.04912646487355232
7,360,2,0.01,87,0.9988812208175659,0.0011405748082324862,0.03377239713482723,0.0565335750579834
7,360,2,0.01,88,0.9980642199516296,0.001973436214029789,0.044423374635767926,0.10367491841316223
7,360,2,0.01,89,0.9988546371459961,0.0011676447466015816,0.03417081717784316,0.05717901885509491
7,360,2,0.01,90,0.9989387392997742,0.0010818951996043324,0.03289217535530802,0.058252964168787
7,360,2,0.01,91,0.9989404678344727,0.0010801637545228004,0.032865844801599126,0.05659833922982216
7,360,2,0.01,92,0.9988753199577332,0.0011465857969596982,0.03386127281954561,0.058391768485307693
7,360,2,0.01,93,0.9989410042762756,0.001079590991139412,0.032857129989386044,0.06764120608568192
7,360,2,0.01,94,0.9991370439529419,0.0008797399932518601,0.029660411211779585,0.05858949199318886
7,360,2,0.01,95,0.998987078666687,0.001032607746310532,0.03213421457435255,0.061578232795000076
7,360,2,0.01,96,0.9978725910186768,0.0021687985863536596,0.04657036167299605,0.09254210442304611
7,360,2,0.01,97,0.9983400106430054,0.0016923113726079464,0.04113771229186118,0.09523607045412064
7,360,2,0.01,98,0.9991794228553772,0.0008365437388420105,0.028923065861730678,0.06523371487855911
7,360,2,0.01,99,0.9992271661758423,0.0007878870237618685,0.02806932531718332,0.060925863683223724
7,360,2,0.01,100,0.999242901802063,0.000771860359236598,0.027782374974731697,0.05496656149625778
8,360,2,0.01,1,0.9872681498527527,0.01297962199896574,0.11392814401615493,0.3058450520038605
8,360,2,0.01,2,0.9920862317085266,0.008067818358540535,0.08982103516738457,0.17172133922576904
8,360,2,0.01,3,0.9943852424621582,0.005724058486521244,0.07565750780009373,0.1298803836107254
8,360,2,0.01,4,0.9951184988021851,0.004976531025022268,0.07054453221208762,0.11311203241348267
8,360,2,0.01,5,0.9965357184410095,0.0035316890571266413,0.059428015759628396,0.14389373362064362
8,360,2,0.01,6,0.9972253441810608,0.0028286497108638287,0.05318505157338694,0.11265219002962112
8,360,2,0.01,7,0.9966999292373657,0.003364322241395712,0.058002777876544086,0.10172738879919052
8,360,2,0.01,8,0.9979423880577087,0.002097677206620574,0.04580040618401297,0.09732431173324585
8,360,2,0.01,9,0.9975931644439697,0.00245367712341249,0.04953460531196842,0.11002878844738007
8,360,2,0.01,10,0.998462975025177,0.001566941267810762,0.03958460897635294,0.10530778020620346
8,360,2,0.01,11,0.9981130361557007,0.0019236811203882098,0.04385978933360499,0.09194497019052505
8,360,2,0.01,12,0.9969935417175293,0.0030649853870272636,0.055362310167001376,0.11578035354614258
8,360,2,0.01,13,0.9976027011871338,0.0024439708795398474,0.049436533854426395,0.09363818913698196
8,360,2,0.01,14,0.9989806413650513,0.0010392162948846817,0.03223687787123129,0.09289474040269852
8,360,2,0.01,15,0.9991233944892883,0.0008936419617384672,0.029893844880484466,0.08295198529958725
8,360,2,0.01,16,0.9981938600540161,0.0018413036596029997,0.04291041434900157,0.1158151626586914
8,360,2,0.01,17,0.9979848861694336,0.0020543565042316914,0.04532500969919026,0.15169112384319305
8,360,2,0.01,18,0.9990275502204895,0.0009913993999361992,0.031486495516906916,0.09068869054317474
8,360,2,0.01,19,0.9988435506820679,0.001178954727947712,0.034335910180854565,0.1054607704281807
8,360,2,0.01,20,0.9991385340690613,0.0008782136137597263,0.029634669118445145,0.087384894490242
8,360,2,0.01,21,0.998712956905365,0.0013121203519403934,0.036223201845507716,0.08266586065292358
8,360,2,0.01,22,0.9977783560752869,0.0022648628801107407,0.04759057553876335,0.08711232990026474
8,360,2,0.01,23,0.9984012842178345,0.0016298373229801655,0.0403712437631065,0.09763229638338089
8,360,2,0.01,24,0.9983344078063965,0.0016980258515104651,0.04120710923506361,0.0978473424911499
8,360,2,0.01,25,0.9989580512046814,0.0010622512781992555,0.03259219658444726,0.08001082390546799
8,360,2,0.01,26,0.9977574944496155,0.0022861764300614595,0.047813977350367534,0.14520226418972015
8,360,2,0.01,27,0.9984201788902283,0.0016105914255604148,0.04013217444346138,0.09892690181732178
8,360,2,0.01,28,0.998753547668457,0.0012706939596682787,0.03564679452164358,0.08547987788915634
8,360,2,0.01,29,0.9978587031364441,0.0021829965990036726,0.04672254914924562,0.10019703209400177
8,360,2,0.01,30,0.9982821941375732,0.0017512618796899915,0.04184808095588126,0.09936904907226562
8,360,2,0.01,31,0.9989522695541382,0.0010681019630283117,0.03268182924850308,0.07746948301792145
8,360,2,0.01,32,0.9990819096565247,0.0009359527612105012,0.030593345047746922,0.07506820559501648
8,360,2,0.01,33,0.9961848258972168,0.003889405634254217,0.06236509948885047,0.20009924471378326
8,360,2,0.01,34,0.9991742968559265,0.0008417864446528256,0.029013556222097725,0.06528357416391373
8,360,2,0.01,35,0.9992469549179077,0.0007677083485759795,0.027707550389306872,0.07822782546281815
8,360,2,0.01,36,0.999614417552948,0.00039308611303567886,0.019826399396654926,0.05670257657766342
8,360,2,0.01,37,0.9995194673538208,0.0004898798651993275,0.022133229886289248,0.05696231871843338
8,360,2,0.01,38,0.9995487332344055,0.00046006968477740884,0.021449235062757106,0.05952449515461922
8,360,2,0.01,39,0.9979742765426636,0.002065122127532959,0.0454436148158678,0.12309474498033524
8,360,2,0.01,40,0.999460756778717,0.0005497427191585302,0.023446592911519792,0.05996661260724068
8,360,2,0.01,41,0.9995301365852356,0.0004789961385540664,0.021885980411077463,0.06259772181510925
8,360,2,0.01,42,0.9989306330680847,0.001090154517441988,0.033017488054695926,0.08456666022539139
8,360,2,0.01,43,0.9995338916778564,0.0004751757369376719,0.021798526026721898,0.062003929167985916
8,360,2,0.01,44,0.9991416931152344,0.000875042169354856,0.029581111699103806,0.07451734691858292
8,360,2,0.01,45,0.9991950988769531,0.0008205918711610138,0.02864597478112787,0.05512046813964844
8,360,2,0.01,46,0.9994576573371887,0.0005528805195353925,0.023513411482287985,0.058223336935043335
8,360,2,0.01,47,0.9995942115783691,0.0004136823699809611,0.02033918311980501,0.050490185618400574
8,360,2,0.01,48,0.999450147151947,0.0005605731275863945,0.02367642556608566,0.06064344197511673
8,360,2,0.01,49,0.9987897276878357,0.0012338210362941027,0.03512578876401358,0.10068357735872269
8,360,2,0.01,50,0.9993752837181091,0.0006368900067172945,0.025236679787905825,0.07742522656917572
8,360,2,0.01,51,0.9979996681213379,0.0020392434671521187,0.04515798342654506,0.09055431187152863
8,360,2,0.01,52,0.9991148710250854,0.0009023604798130691,0.03003931556831928,0.06317240744829178
8,360,2,0.01,53,0.9992619752883911,0.0007523614913225174,0.027429208725782035,0.057738058269023895
8,360,2,0.01,54,0.9996311068534851,0.0003760458785109222,0.019391902395353638,0.06143664941191673
8,360,2,0.01,55,0.9997034072875977,0.00030239426996558905,0.017389487340505154,0.05474839732050896
8,360,2,0.01,56,0.9995113015174866,0.0004981961101293564,0.022320307124440657,0.06553583592176437
8,360,2,0.01,57,0.9996240735054016,0.00038327157380990684,0.01957732294799028,0.08497274667024612
8,360,2,0.01,58,0.9995883107185364,0.0004196959489490837,0.020486482102818036,0.06330852210521698
8,360,2,0.01,59,0.9997362494468689,0.0002688778331503272,0.016397494721765493,0.05687002092599869
8,360,2,0.01,60,0.9996782541275024,0.0003279969096183777,0.018110684957184188,0.05443943664431572
8,360,2,0.01,61,0.9995894432067871,0.00041857591713778675,0.020459127966210747,0.06227089464664459
8,360,2,0.01,62,0.9989022612571716,0.001119124353863299,0.0334533160368789,0.11905218660831451
8,360,2,0.01,63,0.9997698068618774,0.0002347015542909503,0.015319972398504845,0.04712378978729248
8,360,2,0.01,64,0.9991209506988525,0.0008961788844317198,0.02993624699977804,0.10425542294979095
8,360,2,0.01,65,0.9992201924324036,0.0007949614664539695,0.028195061029442185,0.06070737913250923
8,360,2,0.01,66,0.9995191693305969,0.0004901661886833608,0.02213969712266545,0.07624202221632004
8,360,2,0.01,67,0.9993147850036621,0.000698532909154892,0.02642977315746187,0.05855434387922287
8,360,2,0.01,68,0.9994993209838867,0.0005104471347294748,0.022593077141670515,0.05972336605191231
8,360,2,0.01,69,0.9993599057197571,0.0006525569478981197,0.025545194223143414,0.0752517506480217
8,360,2,0.01,70,0.9985438585281372,0.0014844624092802405,0.03852872187446971,0.09271369874477386
8,360,2,0.01,71,0.9996479153633118,0.00035890741855837405,0.018944852033161253,0.05269371718168259
8,360,2,0.01,72,0.9995165467262268,0.0004928754060529172,0.022200797419302695,0.06966717541217804
8,360,2,0.01,73,0.9996114373207092,0.0003961024049203843,0.019902321596245606,0.05474591255187988
8,360,2,0.01,74,0.9997387528419495,0.0002663408813532442,0.01631995347276591,0.04846256598830223
8,360,2,0.01,75,0.9994884133338928,0.000521537265740335,0.022837190408198968,0.04715118184685707
8,360,2,0.01,76,0.9996035099029541,0.0004041767097078264,0.020104146579942816,0.04988456144928932
8,360,2,0.01,77,0.9996026754379272,0.00040507715311832726,0.020126528590850616,0.06984219700098038
8,360,2,0.01,78,0.9995246529579163,0.0004845897783525288,0.022013399972574177,0.060354236513376236
8,360,2,0.01,79,0.9974794387817383,0.0025696437805891037,0.05069165395397061,0.0956352949142456
8,360,2,0.01,80,0.9996643662452698,0.00034217326901853085,0.01849792607344215,0.06814809888601303
8,360,2,0.01,81,0.9996950626373291,0.00031085850787349045,0.017631179990956092,0.05263374373316765
8,360,2,0.01,82,0.9997534155845642,0.0002513764484319836,0.01585485567364092,0.04530857130885124
8,360,2,0.01,83,0.9997262954711914,0.00027905183378607035,0.016704844620231293,0.06694910675287247
8,360,2,0.01,84,0.9997158050537109,0.00028974234010092914,0.017021819529678052,0.054957956075668335
8,360,2,0.01,85,0.9991624355316162,0.0008538595866411924,0.02922087587053462,0.07762235403060913
8,360,2,0.01,86,0.9995995163917542,0.00040824871393851936,0.020205165526135126,0.057184990495443344
8,360,2,0.01,87,0.9995723962783813,0.00043592770816758275,0.020878881870626663,0.08342389017343521
8,360,2,0.01,88,0.9995298385620117,0.0004793239932041615,0.021893469190700718,0.05487730726599693
8,360,2,0.01,89,0.9996260404586792,0.00038123797276057303,0.019525316201295512,0.05275723338127136
8,360,2,0.01,90,0.9994126558303833,0.0005987889016978443,0.02447016349961406,0.057977739721536636
8,360,2,0.01,91,0.99954754114151,0.00046129064867272973,0.021477677916216402,0.05369274318218231
8,360,2,0.01,92,0.9994817972183228,0.0005283117643557489,0.022985033486069777,0.07087491452693939
8,360,2,0.01,93,0.9994064569473267,0.0006051150849089026,0.024599087074704675,0.05726924538612366
8,360,2,0.01,94,0.9993467330932617,0.0006659874343313277,0.025806732345094133,0.05386550724506378
8,360,2,0.01,95,0.9994940757751465,0.0005157642299309373,0.02271044319098457,0.05427910387516022
8,360,2,0.01,96,0.9980767369270325,0.001960677094757557,0.04427953358785023,0.10265407711267471
8,360,2,0.01,97,0.9989591836929321,0.0010610504541546106,0.03257376941888382,0.07272744923830032
8,360,2,0.01,98,0.9993921518325806,0.0006196753238327801,0.02489327868788642,0.05973489582538605
8,360,2,0.01,99,0.9995743632316589,0.0004339446604717523,0.02083133842247666,0.05352521687746048
8,360,2,0.01,100,0.9996611475944519,0.0003454232937656343,0.018585566813138478,0.04983145743608475
9,360,2,0.01,1,0.9900552034378052,0.010138321667909622,0.10068923312802427,0.3204539716243744
9,360,2,0.01,2,0.9930260181427002,0.007109714671969414,0.08431912399906331,0.24529504776000977
9,360,2,0.01,3,0.9934351444244385,0.006692605558782816,0.08180834651050475,0.190530925989151
9,360,2,0.01,4,0.9932918548583984,0.006838694214820862,0.08269639783461467,0.148246169090271
9,360,2,0.01,5,0.9944106340408325,0.0056981476955115795,0.0754860761697916,0.15280762314796448
9,360,2,0.01,6,0.9945361018180847,0.005570253357291222,0.07463412997611228,0.16677063703536987
9,360,2,0.01,7,0.9950937032699585,0.005001808051019907,0.07072346181444958,0.14882583916187286
9,360,2,0.01,8,0.9963494539260864,0.0037216099444776773,0.06100499934003505,0.13520339131355286
9,360,2,0.01,9,0.9951376914978027,0.004956949967890978,0.07040561034385667,0.14872746169567108
9,360,2,0.01,10,0.9962708950042725,0.0038016613107174635,0.06165761356651313,0.12104016542434692
9,360,2,0.01,11,0.9967304468154907,0.0033331674057990313,0.05773358992648068,0.10677821934223175
9,360,2,0.01,12,0.9966201186180115,0.0034456546418368816,0.05869969882236945,0.11856018006801605
9,360,2,0.01,13,0.9961378574371338,0.003937306813895702,0.06274796262744872,0.13515080511569977
9,360,2,0.01,14,0.9973559975624084,0.0026954729110002518,0.05191794401746136,0.10325031727552414
9,360,2,0.01,15,0.9971176385879517,0.0029384803492575884,0.05420775174509258,0.11227178573608398
9,360,2,0.01,16,0.9978680610656738,0.0021734365727752447,0.046620130552962255,0.10389622300863266
9,360,2,0.01,17,0.9978886246681213,0.002152468077838421,0.04639469881180845,0.09047573059797287
9,360,2,0.01,18,0.9976750612258911,0.002370166126638651,0.048684351968971,0.11567393690347672
9,360,2,0.01,19,0.9981704950332642,0.0018651329446583986,0.043187184958716617,0.08405017107725143
9,360,2,0.01,20,0.9979133605957031,0.0021272588055580854,0.0461222159653901,0.09630623459815979
9,360,2,0.01,21,0.9982484579086304,0.0017856417689472437,0.042256854697755766,0.08109022676944733
9,360,2,0.01,22,0.9978042840957642,0.002238463843241334,0.04731240686375334,0.08416236191987991
9,360,2,0.01,23,0.9981811046600342,0.0018543082987889647,0.0430616801668138,0.07280036062002182
9,360,2,0.01,24,0.997861385345459,0.0021802515257149935,0.046693163586492975,0.1153637245297432
9,360,2,0.01,25,0.9984306693077087,0.001599902636371553,0.03999878293612886,0.07034355401992798
9,360,2,0.01,26,0.9983740448951721,0.0016576247289776802,0.040713937772925875,0.0874922126531601
9,360,2,0.01,27,0.9983645677566528,0.0016672357451170683,0.040831798210672385,0.0715525820851326
9,360,2,0.01,28,0.9982922077178955,0.0017410097643733025,0.04172540909773447,0.10592371225357056
9,360,2,0.01,29,0.9975525140762329,0.002495109336450696,0.049951069422492805,0.09057735651731491
9,360,2,0.01,30,0.9978256225585938,0.0022166685666888952,0.04708150981743146,0.07016835361719131
9,360,2,0.01,31,0.9980503916740417,0.0019875552970916033,0.044582006427387307,0.08726699650287628
9,360,2,0.01,32,0.9982863664627075,0.001746996771544218,0.04179709046745022,0.07382955402135849
9,360,2,0.01,33,0.9987354278564453,0.0012891920050606132,0.03590532001055851,0.06524594128131866
9,360,2,0.01,34,0.9980583190917969,0.001979484921321273,0.044491402779877294,0.0657445564866066
9,360,2,0.01,35,0.9983952045440674,0.0016360364388674498,0.040447947276313664,0.06360883265733719
9,360,2,0.01,36,0.998649001121521,0.0013772709062322974,0.03711160069617447,0.07352055609226227
9,360,2,0.01,37,0.9977940917015076,0.0022488331887871027,0.047421864037457476,0.09346510469913483
9,360,2,0.01,38,0.9983746409416199,0.0016570003936067224,0.04070626970881417,0.0660807341337204
9,360,2,0.01,39,0.9971961975097656,0.0028584019746631384,0.05346402505108588,0.15108738839626312
9,360,2,0.01,40,0.9981420636177063,0.0018941069720312953,0.04352133927203178,0.0725095346570015
9,360,2,0.01,41,0.9980409741401672,0.0019971439614892006,0.044689416660873976,0.07202368229627609
9,360,2,0.01,42,0.9982259273529053,0.0018085924675688148,0.042527549512860655,0.07252875715494156
9,360,2,0.01,43,0.9981427788734436,0.0018933879910036922,0.04351307839033791,0.060965120792388916
9,360,2,0.01,44,0.9983056783676147,0.0017272712429985404,0.04156045287287592,0.06579011678695679
9,360,2,0.01,45,0.9973025321960449,0.00274998159147799,0.05244026688984325,0.08571420609951019
9,360,2,0.01,46,0.9977694749832153,0.0022739425767213106,0.04768587397459871,0.07539203763008118
9,360,2,0.01,47,0.9977298974990845,0.0023142939899116755,0.04810710955681785,0.06197774410247803
9,360,2,0.01,48,0.9980908632278442,0.0019463091157376766,0.04411699350293123,0.06563295423984528
9,360,2,0.01,49,0.9981722235679626,0.00186336156912148,0.04316667197180575,0.05413912609219551
9,360,2,0.01,50,0.9979214072227478,0.00211907341144979,0.04603339452451655,0.06383047997951508
9,360,2,0.01,51,0.9980506896972656,0.0019872381817549467,0.04457844974598092,0.0595862939953804
9,360,2,0.01,52,0.9978542923927307,0.0021874618250876665,0.04677030922591454,0.0750349685549736
9,360,2,0.01,53,0.9979099035263062,0.002130798762664199,0.04616057584849001,0.0678819939494133
9,360,2,0.01,54,0.9980341196060181,0.002004163572564721,0.044767885504731195,0.07918248325586319
9,360,2,0.01,55,0.9981582164764404,0.0018776141805574298,0.043331445631982206,0.08737073093652725
9,360,2,0.01,56,0.998355507850647,0.0016764893662184477,0.04094495532075286,0.06864086538553238
9,360,2,0.01,57,0.9975838661193848,0.0024631742853671312,0.04963037663938418,0.07916370034217834
9,360,2,0.01,58,0.9975782632827759,0.002468888647854328,0.049687912492419405,0.06287866830825806
9,360,2,0.01,59,0.9978091716766357,0.002233492908999324,0.0472598445723145,0.10461438447237015
9,360,2,0.01,60,0.9980045557022095,0.0020342685747891665,0.0451028665917053,0.061018992215394974
9,360,2,0.01,61,0.9983794689178467,0.001652098842896521,0.04064601878285893,0.06391998380422592
9,360,2,0.01,62,0.9975883364677429,0.0024586087092757225,0.049584359522693466,0.07428773492574692
9,360,2,0.01,63,0.9982378482818604,0.001796448021195829,0.042384525728098324,0.051018305122852325
9,360,2,0.01,64,0.9975818395614624,0.0024652171414345503,0.049650953076799544,0.07443244010210037
9,360,2,0.01,65,0.9979413747787476,0.0020987223833799362,0.045811814888519056,0.07745658606290817
9,360,2,0.01,66,0.9980831146240234,0.0019541883375495672,0.044206202478267315,0.06466633826494217
9,360,2,0.01,67,0.9983735680580139,0.0016581109957769513,0.0407199090836037,0.061280231922864914
9,360,2,0.01,68,0.9984624981880188,0.0015674092574045062,0.039590519792047515,0.05678862705826759
9,360,2,0.01,69,0.9978013038635254,0.002241486916318536,0.04734434407950474,0.06449207663536072
9,360,2,0.01,70,0.9984123110771179,0.0016185640124604106,0.04023138094150399,0.06476394087076187
9,360,2,0.01,71,0.9980382323265076,0.0019999281503260136,0.04472055623900505,0.058092519640922546
9,360,2,0.01,72,0.9977408647537231,0.002303115092217922,0.04799078132535375,0.07067973166704178
9,360,2,0.01,73,0.9980089068412781,0.0020298489835113287,0.04505384537984886,0.08129957318305969
9,360,2,0.01,74,0.9981130361557007,0.001923693809658289,0.0438599339905829,0.08176262676715851
9,360,2,0.01,75,0.9984074831008911,0.0016235291259363294,0.04029304066382096,0.05467822775244713
9,360,2,0.01,76,0.9986212849617004,0.0014055651845410466,0.037490868015305365,0.05764053389430046
9,360,2,0.01,77,0.9987585544586182,0.0012656347826123238,0.03557576116701263,0.07215092331171036
9,360,2,0.01,78,0.9983927011489868,0.0016386102652177215,0.04047975129886202,0.07740472257137299
9,360,2,0.01,79,0.9985663890838623,0.001461491105146706,0.03822945337232415,0.053848396986722946
9,360,2,0.01,80,0.9981924891471863,0.0018426667666062713,0.04292629458276444,0.057522546499967575
9,360,2,0.01,81,0.9987219572067261,0.0013029315741732717,0.03609614348061676,0.06275999546051025
9,360,2,0.01,82,0.9986047744750977,0.0014223706675693393,0.03771432973777128,0.05140344053506851
9,360,2,0.01,83,0.9973675608634949,0.0026836928445845842,0.05180437090231464,0.06324021518230438
9,360,2,0.01,84,0.9985998868942261,0.0014273924753069878,0.03778084799613407,0.06468727439641953
9,360,2,0.01,85,0.998123049736023,0.0019134960602968931,0.04374352592437986,0.07759083807468414
9,360,2,0.01,86,0.9982761740684509,0.0017573576187714934,0.04192084945193136,0.08138296008110046
9,360,2,0.01,87,0.9988133907318115,0.0012096986174583435,0.03478072192261603,0.045931581407785416
9,360,2,0.01,88,0.9987315535545349,0.0012931081000715494,0.03595981229193986,0.05392799153923988
9,360,2,0.01,89,0.9989352226257324,0.0010855149012058973,0.03294715315783592,0.05248424410820007
9,360,2,0.01,90,0.9992014169692993,0.000814141589216888,0.028533166477222396,0.046223435550928116
9,360,2,0.01,91,0.998852550983429,0.0011697994777932763,0.03420233146721545,0.05627063661813736
9,360,2,0.01,92,0.9987871050834656,0.001236519543454051,0.03516417983479852,0.07866158336400986
9,360,2,0.01,93,0.9990091919898987,0.001010082894936204,0.031781801316731625,0.06516820937395096
9,360,2,0.01,94,0.9988736510276794,0.0011482443660497665,0.03388575461827236,0.08325540274381638
9,360,2,0.01,95,0.9992924332618713,0.0007213472854346037,0.026857909178389216,0.054043035954236984
9,360,2,0.01,96,0.9994267225265503,0.0005844261613674462,0.02417490768063957,0.04850998520851135
9,360,2,0.01,97,0.9992736577987671,0.0007404545904137194,0.027211295272620145,0.0512382946908474
9,360,2,0.01,98,0.9991881847381592,0.0008275862201116979,0.028767798318809486,0.05813267081975937
9,360,2,0.01,99,0.9981436729431152,0.0018924266332760453,0.04350203022016381,0.10606323182582855
9,360,2,0.01,100,0.9991004467010498,0.000917056284379214,0.030282937182169335,0.07390297949314117
10,360,2,0.01,1,0.9912108182907104,0.008960224688053131,0.09465846337255392,0.3239061236381531
10,360,2,0.01,2,0.9936952590942383,0.006427457556128502,0.08017142605772022,0.20999649167060852
10,360,2,0.01,3,0.9960783123970032,0.003998015075922012,0.06322985905347261,0.16427721083164215
10,360,2,0.01,4,0.9977509379386902,0.0022928561083972454,0.047883777089921024,0.14746224880218506
10,360,2,0.01,5,0.9983503222465515,0.0016817809082567692,0.041009522165672316,0.12793120741844177
10,360,2,0.01,6,0.9986470341682434,0.0013793036341667175,0.03713897729026363,0.1180763840675354
10,360,2,0.01,7,0.9989227056503296,0.0010982711100950837,0.033140173658191406,0.11651670932769775
10,360,2,0.01,8,0.9989723563194275,0.0010476639727130532,0.03236763773760843,0.10692981630563736
10,360,2,0.01,9,0.9989867806434631,0.00103295361623168,0.032139595769574945,0.10418921709060669
10,360,2,0.01,10,0.9990937113761902,0.0009239449864253402,0.030396463386804396,0.10646772384643555
10,360,2,0.01,11,0.9991671442985535,0.0008490707841701806,0.029138819196566298,0.09826985001564026
10,360,2,0.01,12,0.9983717799186707,0.0016599250957369804,0.040742178338142164,0.10607654601335526
10,360,2,0.01,13,0.9994209408760071,0.000590340350754559,0.02429692060230183,0.08629991114139557
10,360,2,0.01,14,0.9989147186279297,0.00110639410559088,0.033262502996480585,0.096189484000206
10,360,2,0.01,15,0.9995359778404236,0.00047305040061473846,0.021749721851433836,0.07150385528802872
10,360,2,0.01,16,0.9994885325431824,0.0005214099073782563,0.022834401839729814,0.08955123275518417
10,360,2,0.01,17,0.9970637559890747,0.002993364818394184,0.05471165157801566,0.11138048022985458
10,360,2,0.01,18,0.9985681772232056,0.00145968038123101,0.03820576371741586,0.10414760559797287
10,360,2,0.01,19,0.9990082383155823,0.0010110599687322974,0.03179716919369235,0.08060689270496368
10,360,2,0.01,20,0.9995386600494385,0.0004703321901615709,0.02168714343018856,0.07305417209863663
10,360,2,0.01,21,0.9996614456176758,0.000345119769917801,0.018577399439044233,0.05898831784725189
10,360,2,0.01,22,0.9995083212852478,0.0005012759938836098,0.022389193685428018,0.0632474347949028
10,360,2,0.01,23,0.9994993209838867,0.0005104296724312007,0.02259269068595418,0.0811794251203537
10,360,2,0.01,24,0.9993501901626587,0.0006624484085477889,0.025738073131992396,0.09307980537414551
10,360,2,0.01,25,0.9995124340057373,0.0004970398149453104,0.022294389763913933,0.07576442509889603
10,360,2,0.01,26,0.9994927048683167,0.0005171533557586372,0.022741006041040426,0.07488949596881866
10,360,2,0.01,27,0.9994020462036133,0.0006095706485211849,0.024689484573825856,0.05740885064005852
10,360,2,0.01,28,0.9990002512931824,0.0010192107874900103,0.0319250808533042,0.10305976122617722
10,360,2,0.01,29,0.9988991618156433,0.001122268964536488,0.03350028305158761,0.09963930398225784
10,360,2,0.01,30,0.9996950626373291,0.0003108824894297868,0.017631860067213182,0.0529145821928978
10,360,2,0.01,31,0.9994364380836487,0.0005745567032136023,0.02396991245736209,0.06253502517938614
10,360,2,0.01,32,0.9991928935050964,0.0008228225633502007,0.028684883882459777,0.0762300193309784
10,360,2,0.01,33,0.999563992023468,0.00044449372217059135,0.021083019759289497,0.05689963698387146
10,360,2,0.01,34,0.9995418190956116,0.00046710556489415467,0.0216126251273221,0.07569056004285812
10,360,2,0.01,35,0.9994446635246277,0.0005661583272740245,0.023794081769928095,0.10133662819862366
10,360,2,0.01,36,0.999649167060852,0.0003576507151592523,0.018911655537240845,0.06120994687080383
10,360,2,0.01,37,0.9992600679397583,0.0007543049869127572,0.02746461335815156,0.07842571288347244
10,360,2,0.01,38,0.9988577961921692,0.0011644165497273207,0.03412354831677562,0.09691464155912399
10,360,2,0.01,39,0.9995803833007812,0.00042778768693096936,0.020683028959293397,0.0772620290517807
10,360,2,0.01,40,0.9995306134223938,0.0004785458731930703,0.021875691376344434,0.07252035290002823
10,360,2,0.01,41,0.9996547698974609,0.0003519353340379894,0.018759939606459008,0.05861992761492729
10,360,2,0.01,42,0.9997759461402893,0.00022839471057523042,0.015112733391919228,0.05343703180551529
10,360,2,0.01,43,0.9997228980064392,0.0002824757248163223,0.016807014155296066,0.05755874142050743
10,360,2,0.01,44,0.9994708895683289,0.0005393866449594498,0.023224699028393237,0.06504879891872406
10,360,2,0.01,45,0.9987441897392273,0.0012802614364773035,0.03578074113929592,0.08854998648166656
10,360,2,0.01,46,0.9995589852333069,0.00044961864477954805,0.021204212901674707,0.07133237272500992
10,360,2,0.01,47,0.999633252620697,0.00037389318458735943,0.019336317761853197,0.05838063359260559
10,360,2,0.01,48,0.9997321963310242,0.0002730010019149631,0.01652274196115654,0.05707473307847977
10,360,2,0.01,49,0.999428391456604,0.0005827167187817395,0.024139526067877545,0.07226426154375076
10,360,2,0.01,50,0.9994630217552185,0.0005474005592986941,0.023396592899366655,0.07446862757205963
10,360,2,0.01,51,0.9992786645889282,0.0007353737019002438,0.027117774648747338,0.09347681701183319
10,360,2,0.01,52,0.9985466003417969,0.0014816650655120611,0.03849240269861134,0.1081755980849266
10,360,2,0.01,53,0.9995852708816528,0.00042278331238776445,0.0205616952702778,0.0642504021525383
10,360,2,0.01,54,0.9995514154434204,0.0004573201003950089,0.021385043848330284,0.07946563512086868
10,360,2,0.01,55,0.9997124671936035,0.00029313022969290614,0.017121046395968505,0.07281863689422607
10,360,2,0.01,56,0.9993184208869934,0.0006948173977434635,0.026359389176220747,0.07875581830739975
10,360,2,0.01,57,0.9988176822662354,0.0012053169775754213,0.034717675290483106,0.09175080806016922
10,360,2,0.01,58,0.9997283220291138,0.00027696412871591747,0.01664223929391467,0.05712501332163811
10,360,2,0.01,59,0.9995847940444946,0.0004232873034197837,0.020573947200763002,0.06656850129365921
10,360,2,0.01,60,0.9997612237930298,0.00024340841628145427,0.0156015517267179,0.06301918625831604
10,360,2,0.01,61,0.999700129032135,0.00030569377122446895,0.017484100526606136,0.08141747117042542
10,360,2,0.01,62,0.9992111325263977,0.0008042420959100127,0.028359162468415966,0.09726562350988388
10,360,2,0.01,63,0.9995495676994324,0.00045921566197648644,0.0214293178140716,0.06627052277326584
10,360,2,0.01,64,0.9995461106300354,0.00046274863416329026,0.021511593017796014,0.08126480877399445
10,360,2,0.01,65,0.9997257590293884,0.00027957966085523367,0.01672063577903764,0.06134140118956566
10,360,2,0.01,66,0.9994001984596252,0.0006114692660048604,0.024727904601984787,0.0710178092122078
10,360,2,0.01,67,0.9995529055595398,0.0004557994834613055,0.021349460964186086,0.08666089922189713
10,360,2,0.01,68,0.9993500113487244,0.0006626667454838753,0.02574231429929864,0.06952434778213501
10,360,2,0.01,69,0.9990429282188416,0.0009757261723279953,0.031236615891097986,0.08902275562286377
10,360,2,0.01,70,0.9993326663970947,0.0006802927819080651,0.026082422853486314,0.07497859001159668
10,360,2,0.01,71,0.9995506405830383,0.00045808544382452965,0.021402930729797955,0.0654473602771759
10,360,2,0.01,72,0.9997891187667847,0.00021500840375665575,0.014663164861538444,0.04856935515999794
10,360,2,0.01,73,0.9997643828392029,0.00024021494027692825,0.015498868999927971,0.04907195642590523
10,360,2,0.01,74,0.9995583295822144,0.00045025034341961145,0.02121910326615174,0.06833088397979736
10,360,2,0.01,75,0.9995697736740112,0.0004386221698950976,0.02094330847538415,0.0676267147064209
10,360,2,0.01,76,0.9996551871299744,0.0003515080315992236,0.018748547453048825,0.0693351998925209
10,360,2,0.01,77,0.9996209144592285,0.00038645780296064913,0.01965853003051472,0.06407570838928223
10,360,2,0.01,78,0.9997068643569946,0.0002988609194289893,0.017287594379467298,0.06104138493537903
10,360,2,0.01,79,0.999280571937561,0.0007334148394875228,0.02708163288074637,0.068086177110672
10,360,2,0.01,80,0.999729573726654,0.0002756684843916446,0.01660326728061813,0.043642979115247726
10,360,2,0.01,81,0.9996532201766968,0.0003535101132001728,0.01880186462030223,0.06312669068574905
10,360,2,0.01,82,0.9996921420097351,0.00031382322777062654,0.017715056527446548,0.045948900282382965
10,360,2,0.01,83,0.9994953870773315,0.0005144414608366787,0.02268130200929124,0.06955894082784653
10,360,2,0.01,84,0.9990072846412659,0.0010120170190930367,0.03181221493535206,0.09075602144002914
10,360,2,0.01,85,0.999554455280304,0.0004542169044725597,0.021312365060512633,0.06612032651901245
10,360,2,0.01,86,0.9996603727340698,0.0003462409949861467,0.018607552095483884,0.06533587723970413
10,360,2,0.01,87,0.9997321963310242,0.00027299500652588904,0.01652256053176653,0.04576214775443077
10,360,2,0.01,88,0.9994387030601501,0.00057221605675295,0.023921037953085353,0.06556741148233414
10,360,2,0.01,89,0.9993277192115784,0.0006853380473330617,0.02617896192237312,0.06198568642139435
10,360,2,0.01,90,0.9997368454933167,0.00026825800887309015,0.016378583848217467,0.05677196383476257
10,360,2,0.01,91,0.9997895956039429,0.00021451596694532782,0.014646363608258803,0.04967067018151283
10,360,2,0.01,92,0.9993929862976074,0.0006188486004248261,0.024876667791825055,0.07263655215501785
10,360,2,0.01,93,0.9995935559272766,0.00041434774175286293,0.02035553344309264,0.07598281651735306
10,360,2,0.01,94,0.9997280240058899,0.0002772710577119142,0.01665145812569921,0.0591055229306221
10,360,2,0.01,95,0.9997106790542603,0.00029492206522263587,0.017173295118370145,0.05214841291308403
10,360,2,0.01,96,0.9996419548988342,0.00036501599242910743,0.019105391710957077,0.06482338905334473
10,360,2,0.01,97,0.9998122453689575,0.00019141634402330965,0.01383532955962053,0.04699733108282089
10,360,2,0.01,98,0.9998255968093872,0.0001778088917490095,0.013334500056207937,0.04890282824635506
10,360,2,0.01,99,0.9996097087860107,0.0003978854219894856,0.01994706549820012,0.053362540900707245
10,360,2,0.01,100,0.9995718002319336,0.00043652128078974783,0.020893091700122983,0.06704304367303848
11,360,2,0.01,1,0.9905011653900146,0.009683688171207905,0.09840573241030172,0.32542622089385986
11,360,2,0.01,2,0.9934656620025635,0.006661486346274614,0.08161792907366992,0.18376396596431732
11,360,2,0.01,3,0.9941956996917725,0.005917280912399292,0.0769238643881032,0.15790106356143951
11,360,2,0.01,4,0.9951517581939697,0.0049425894394516945,0.07030355211119631,0.13148947060108185
11,360,2,0.01,5,0.9959318041801453,0.004147396422922611,0.06440028278604537,0.1345134973526001
11,360,2,0.01,6,0.9960014224052429,0.004076403100043535,0.06384671565588582,0.11899665743112564
11,360,2,0.01,7,0.9967646598815918,0.003298287047073245,0.057430715188592635,0.1430915743112564
11,360,2,0.01,8,0.995624303817749,0.004460887052118778,0.06678987237687146,0.14189016819000244
11,360,2,0.01,9,0.9958997368812561,0.004180069547146559,0.0646534573487494,0.11780529469251633
11,360,2,0.01,10,0.9970937967300415,0.0029627627227455378,0.05443126604025978,0.10634499788284302
11,360,2,0.01,11,0.9973905086517334,0.0026602575089782476,0.0515776842149611,0.08517765253782272
11,360,2,0.01,12,0.9975507259368896,0.0024969480000436306,0.04996947068004254,0.10315698385238647
11,360,2,0.01,13,0.99680095911026,0.003261274890974164,0.057107572973942464,0.09556228667497635
11,360,2,0.01,14,0.9976704716682434,0.002374866046011448,0.04873259736574122,0.10448992997407913
11,360,2,0.01,15,0.9976145625114441,0.0024318851064890623,0.04931414712320454,0.09822506457567215
11,360,2,0.01,16,0.9978060126304626,0.002236708765849471,0.04729385547668398,0.08602968603372574
11,360,2,0.01,17,0.9966113567352295,0.003454584628343582,0.05877571461363598,0.12443315982818604
11,360,2,0.01,18,0.9981784820556641,0.0018569494131952524,0.04309233589857078,0.07673674076795578
11,360,2,0.01,19,0.9967038631439209,0.003360278904438019,0.057967912714173335,0.13972815871238708
11,360,2,0.01,20,0.9974367618560791,0.0026131500490009785,0.0511189793423243,0.089170441031456
11,360,2,0.01,21,0.9979836940765381,0.002055552788078785,0.04533820450876705,0.07394970953464508
11,360,2,0.01,22,0.9954521656036377,0.004636346362531185,0.06809072155977777,0.198128804564476
11,360,2,0.01,23,0.9973182082176208,0.002733961446210742,0.05228729717828932,0.08073271811008453
11,360,2,0.01,24,0.9978253841400146,0.002216957276687026,0.047084575783233155,0.07337120920419693
11,360,2,0.01,25,0.9974530339241028,0.002596562495455146,0.050956476481946296,0.08904442191123962
11,360,2,0.01,26,0.9968324303627014,0.0032292429823428392,0.05682642855523158,0.09694159030914307
11,360,2,0.01,27,0.9945768713951111,0.0055286940187215805,0.07435518824346812,0.12110067158937454
11,360,2,0.01,28,0.9977781176567078,0.0022651436738669872,0.04759352554567677,0.05995221436023712
11,360,2,0.01,29,0.9955803751945496,0.004505640361458063,0.06712406693175006,0.11346709728240967
11,360,2,0.01,30,0.9968141317367554,0.003247875487431884,0.05699013500099718,0.08248981833457947
11,360,2,0.01,31,0.9977129101753235,0.0023315916769206524,0.0482865579320027,0.06911936402320862
11,360,2,0.01,32,0.9973644018173218,0.0026868879795074463,0.051835200197428065,0.08679790794849396
11,360,2,0.01,33,0.9954633712768555,0.004624952096492052,0.06800700034917032,0.1310400664806366
11,360,2,0.01,34,0.9969673752784729,0.0030916377436369658,0.055602497638478125,0.06771008670330048
11,360,2,0.01,35,0.9970829486846924,0.0029738275334239006,0.05453281153052628,0.06277723610401154
11,360,2,0.01,36,0.9965947270393372,0.0034715249203145504,0.058919647998902286,0.08238611370325089
11,360,2,0.01,37,0.9974731802940369,0.0025760268326848745,0.050754574500086934,0.0617511048913002
11,360,2,0.01,38,0.9969643354415894,0.0030947697814553976,0.05563065505146778,0.06153852120041847
11,360,2,0.01,39,0.9973006844520569,0.002751860534772277,0.052458178912084596,0.0623418353497982
11,360,2,0.01,40,0.9968841075897217,0.0031765555031597614,0.05636093951629764,0.06577914208173752
11,360,2,0.01,41,0.9973681569099426,0.0026830395217984915,0.0517980648460779,0.08414425700902939
11,360,2,0.01,42,0.9975184798240662,0.0025298043619841337,0.05029716057576346,0.06439940631389618
11,360,2,0.01,43,0.9970741868019104,0.0029827284161001444,0.054614360896197846,0.061621472239494324
11,360,2,0.01,44,0.9966850876808167,0.0033794171176850796,0.058132754258551,0.07905261963605881
11,360,2,0.01,45,0.9973180294036865,0.0027341824024915695,0.05228941004153297,0.062338687479496
11,360,2,0.01,46,0.9943447113037109,0.005765383131802082,0.07593012005654991,0.10563252866268158
11,360,2,0.01,47,0.996441662311554,0.0036275882739573717,0.0602294635038149,0.07468820363283157
11,360,2,0.01,48,0.9966883659362793,0.0033761116210371256,0.058104316716033465,0.060156695544719696
11,360,2,0.01,49,0.9962392449378967,0.0038339660968631506,0.06191902855232106,0.07691427320241928
11,360,2,0.01,50,0.9969519972801208,0.0031072970014065504,0.055743134118979625,0.06134531646966934
11,360,2,0.01,51,0.9965500235557556,0.0035171406343579292,0.059305485702065786,0.09583311527967453
11,360,2,0.01,52,0.9969920516014099,0.0030664864461869,0.05537586519583148,0.059460680931806564
11,360,2,0.01,53,0.9967393279075623,0.0033241482451558113,0.05765542684913374,0.04840865731239319
11,360,2,0.01,54,0.9953873157501221,0.0047024888917803764,0.06857469571044685,0.07705207914113998
11,360,2,0.01,55,0.9960668087005615,0.004009712487459183,0.0633222906049614,0.05565648898482323
11,360,2,0.01,56,0.9964346289634705,0.0036347401328384876,0.060288806032616764,0.08087539672851562
11,360,2,0.01,57,0.995439887046814,0.004648870322853327,0.06818262478706233,0.09220796078443527
11,360,2,0.01,58,0.9952074289321899,0.004885847680270672,0.06989883890502525,0.08406811952590942
11,360,2,0.01,59,0.9951775074005127,0.004916382022202015,0.07011691680473418,0.05310201272368431
11,360,2,0.01,60,0.9963917136192322,0.003678490174934268,0.06065055791115419,0.0671335831284523
11,360,2,0.01,61,0.9960379600524902,0.004039142746478319,0.06355425042023798,0.055794402956962585
11,360,2,0.01,62,0.9963749647140503,0.0036955683026462793,0.060791186060532486,0.05806582421064377
11,360,2,0.01,63,0.9960563778877258,0.004020403604954481,0.06340665268687885,0.05875589698553085
11,360,2,0.01,64,0.9956859350204468,0.004398026969283819,0.06631762186088867,0.05550482124090195
11,360,2,0.01,65,0.995577871799469,0.004508168902248144,0.06714289912007185,0.11738456785678864
11,360,2,0.01,66,0.9967275261878967,0.0033361809328198433,0.05775968258932734,0.06001141294836998
11,360,2,0.01,67,0.9964069724082947,0.0036629645619541407,0.06052243023833512,0.0694427415728569
11,360,2,0.01,68,0.9954370856285095,0.004651696886867285,0.06820334952821075,0.06430014222860336
11,360,2,0.01,69,0.9958874583244324,0.004192586988210678,0.06475018909787583,0.07825396955013275
11,360,2,0.01,70,0.9955392479896545,0.004547562450170517,0.06743561707414351,0.06848806887865067
11,360,2,0.01,71,0.9954361915588379,0.004652603529393673,0.06820999581728233,0.0592646487057209
11,360,2,0.01,72,0.995728075504303,0.004355093464255333,0.06599313194761507,0.05809662491083145
11,360,2,0.01,73,0.9956369996070862,0.004447947256267071,0.0666929325810994,0.06151939928531647
11,360,2,0.01,74,0.9973030090332031,0.0027494875248521566,0.052435555922028296,0.06046299263834953
11,360,2,0.01,75,0.9971591234207153,0.002896180609241128,0.05381617423452849,0.07943598926067352
11,360,2,0.01,76,0.9962993264198303,0.0037727090530097485,0.061422382345605486,0.07970638573169708
11,360,2,0.01,77,0.9957736134529114,0.004308659583330154,0.06564038073724249,0.056144505739212036
11,360,2,0.01,78,0.9969022274017334,0.0031580927316099405,0.05619691033864709,0.07656954973936081
11,360,2,0.01,79,0.9966792464256287,0.003385355928912759,0.05818381157085499,0.05873417109251022
11,360,2,0.01,80,0.9960710406303406,0.004005420953035355,0.0632883950897426,0.06145840883255005
11,360,2,0.01,81,0.9956703782081604,0.004413870628923178,0.06643696733689142,0.0676189437508583
11,360,2,0.01,82,0.9967700839042664,0.0032927952706813812,0.0573828830809448,0.06240912899374962
11,360,2,0.01,83,0.9954362511634827,0.00465256767347455,0.06820973298199129,0.09331024438142776
11,360,2,0.01,84,0.9972454309463501,0.002808208577334881,0.05299253322247278,0.056369636207818985
11,360,2,0.01,85,0.9965152740478516,0.003552559530362487,0.05960335167054355,0.052751027047634125
11,360,2,0.01,86,0.9968430399894714,0.003218424506485462,0.056731159925436585,0.05997258052229881
11,360,2,0.01,87,0.9973654747009277,0.0026858209166675806,0.05182490633534788,0.05033620074391365
11,360,2,0.01,88,0.9970518946647644,0.0030055081006139517,0.054822514541144056,0.0610923208296299
11,360,2,0.01,89,0.9974178671836853,0.002632417716085911,0.05130709225912058,0.06350740790367126
11,360,2,0.01,90,0.9971845149993896,0.0028702684212476015,0.05357488610578282,0.07962220907211304
11,360,2,0.01,91,0.9970694780349731,0.0029875622130930424,0.054658596881854205,0.06655599176883698
11,360,2,0.01,92,0.9963917136192322,0.003678497625514865,0.060650619333316495,0.046806272119283676
11,360,2,0.01,93,0.9969722628593445,0.0030866670422255993,0.05555778111323021,0.06750929355621338
11,360,2,0.01,94,0.9962922930717468,0.003779870690777898,0.06148065297943653,0.08113904297351837
11,360,2,0.01,95,0.9964925050735474,0.003575746901333332,0.059797549292034805,0.07981222867965698
11,360,2,0.01,96,0.9966287612915039,0.0034368487540632486,0.05862464289070978,0.0879283994436264
11,360,2,0.01,97,0.9965486526489258,0.0035185127053409815,0.0593170523992973,0.053781069815158844
11,360,2,0.01,98,0.9979981780052185,0.0020407915581017733,0.04517512100815861,0.06698594987392426
11,360,2,0.01,99,0.9977971911430359,0.0022456564474850893,0.04738835772091168,0.05132731795310974
11,360,2,0.01,100,0.9979743957519531,0.0020650539081543684,0.04544286421600611,0.05642038956284523
12,360,2,0.01,1,0.9884145855903625,0.011810889467597008,0.10867791619090333,0.3874001204967499
12,360,2,0.01,2,0.9921993017196655,0.007952546700835228,0.08917705254624211,0.22371140122413635
12,360,2,0.01,3,0.9943417310714722,0.0057683661580085754,0.07594976075017337,0.1740836352109909
12,360,2,0.01,4,0.9953970909118652,0.004692503251135349,0.06850184852349131,0.14337824285030365
12,360,2,0.01,5,0.9964707493782043,0.003597949631512165,0.05998291116236495,0.13034996390342712
12,360,2,0.01,6,0.9969006180763245,0.003159701358526945,0.056211220930762085,0.10862802714109421
12,360,2,0.01,7,0.9971887469291687,0.0028659719973802567,0.05353477372120159,0.09967073798179626
12,360,2,0.01,8,0.9973687529563904,0.0026824777014553547,0.05179264138326365,0.10147558897733688
12,360,2,0.01,9,0.9974026083946228,0.0026479356456547976,0.051458096016611395,0.10377312451601028
12,360,2,0.01,10,0.9977573752403259,0.002286264905706048,0.04781490254832742,0.09052181243896484
12,360,2,0.01,11,0.9980336427688599,0.0020046106074005365,0.04477287803347621,0.09648921340703964
12,360,2,0.01,12,0.99797523021698,0.0020641593728214502,0.04543302073185813,0.08908701688051224
12,360,2,0.01,13,0.9982501268386841,0.0017839146312326193,0.04223641356972227,0.08557984977960587
12,360,2,0.01,14,0.9980524778366089,0.0019854390993714333,0.04455826634162771,0.09572727233171463
12,360,2,0.01,15,0.9984548091888428,0.0015752414474263787,0.03968931150103739,0.08357112854719162
12,360,2,0.01,16,0.9984533190727234,0.0015767746372148395,0.03970862169875504,0.08176625519990921
12,360,2,0.01,17,0.998686671257019,0.0013388714287430048,0.03659059207970001,0.09070540219545364
12,360,2,0.01,18,0.9985945224761963,0.001432847697287798,0.03785297474819909,0.09655160456895828
12,360,2,0.01,19,0.9986310005187988,0.001395660568960011,0.03735854077664184,0.09357723593711853
12,360,2,0.01,20,0.9990100264549255,0.0010092199081555009,0.03176822167127869,0.0868343785405159
12,360,2,0.01,21,0.9990171790122986,0.0010019757319241762,0.031654000251534975,0.08898892253637314
12,360,2,0.01,22,0.9990341067314148,0.0009847062174230814,0.031380028958289403,0.09207036346197128
12,360,2,0.01,23,0.9980443120002747,0.0019937334582209587,0.044651242515981106,0.12093615531921387
12,360,2,0.01,24,0.9992522597312927,0.0007623147103004158,0.027610047270883398,0.08090917021036148
12,360,2,0.01,25,0.9985078573226929,0.0015211844583973289,0.03900236477955316,0.11136776953935623
12,360,2,0.01,26,0.9989616870880127,0.0010585251729935408,0.03253498383269217,0.09259895235300064
12,360,2,0.01,27,0.9991409778594971,0.0008757128962315619,0.029592446607733566,0.0771169438958168
12,360,2,0.01,28,0.9989398717880249,0.0010807433864101768,0.03287466176875706,0.07226687669754028
12,360,2,0.01,29,0.998520016670227,0.0015087968204170465,0.03884323390781265,0.11290991306304932
12,360,2,0.01,30,0.9988749027252197,0.001146984752267599,0.03386716333364221,0.09608841687440872
12,360,2,0.01,31,0.9986032247543335,0.001423951587639749,0.0377352830602839,0.08866781741380692
12,360,2,0.01,32,0.9987558722496033,0.001268345513381064,0.0356138387902942,0.08166836202144623
12,360,2,0.01,33,0.9978000521659851,0.0022427760995924473,0.0473579570884603,0.1060907393693924
12,360,2,0.01,34,0.9989014267921448,0.0011199419386684895,0.033465533593063916,0.06915956735610962
12,360,2,0.01,35,0.9925597310066223,0.007585059851408005,0.08709224908915836,0.1452208161354065
12,360,2,0.01,36,0.998270571231842,0.001763093750923872,0.04198920993450427,0.08045291900634766
12,360,2,0.01,37,0.998360276222229,0.0016716240206733346,0.040885498904542364,0.08287177979946136
12,360,2,0.01,38,0.9985755681991577,0.001452165306545794,0.038107286790662415,0.08522000163793564
12,360,2,0.01,39,0.9986535310745239,0.001372680882923305,0.03704970827042104,0.0750921294093132
12,360,2,0.01,40,0.9941409230232239,0.005973110906779766,0.07728590367447201,0.1488032042980194
12,360,2,0.01,41,0.998227059841156,0.0018074471736326814,0.04251408206268461,0.08328130841255188
12,360,2,0.01,42,0.9985552430152893,0.0014728717505931854,0.03837801129023214,0.07113254815340042
12,360,2,0.01,43,0.9984186887741089,0.0016120984219014645,0.04015094546709286,0.05398274585604668
12,360,2,0.01,44,0.9981873631477356,0.001847929903306067,0.04298755521434159,0.11184296011924744
12,360,2,0.01,45,0.9982872605323792,0.001746080699376762,0.04178613046666037,0.06926410645246506
12,360,2,0.01,46,0.9957541823387146,0.004328475799411535,0.06579115289620281,0.09657154977321625
12,360,2,0.01,47,0.9976803064346313,0.0023648703936487436,0.04862993310347798,0.07469680905342102
12,360,2,0.01,48,0.9979159235954285,0.002124619670212269,0.046093596846115935,0.08060367405414581
12,360,2,0.01,49,0.9979720711708069,0.0020673966500908136,0.04546863369500796,0.06744637340307236
12,360,2,0.01,50,0.9980137944221497,0.0020248631481081247,0.04499847939773215,0.06712458282709122
12,360,2,0.01,51,0.9976650476455688,0.0023804092779755592,0.04878943818056895,0.1340811401605606
12,360,2,0.01,52,0.996731698513031,0.003331929910928011,0.057722871644851584,0.08556186407804489
12,360,2,0.01,53,0.9978079199790955,0.0022347739432007074,0.04727339572318354,0.12953148782253265
12,360,2,0.01,54,0.9970824122428894,0.0029743544291704893,0.05453764231400629,0.0965721607208252
12,360,2,0.01,55,0.9975963234901428,0.0024504833854734898,0.04950235737289174,0.05630896985530853
12,360,2,0.01,56,0.9973315596580505,0.002720384858548641,0.0521573087740217,0.06489650905132294
12,360,2,0.01,57,0.9963538646697998,0.00371712283231318,0.06096821165421518,0.09454764425754547
12,360,2,0.01,58,0.9959900975227356,0.00408796826377511,0.06393722127036106,0.089566670358181
12,360,2,0.01,59,0.9972588419914246,0.002794523723423481,0.05286325494541062,0.07255285978317261
12,360,2,0.01,60,0.9966661334037781,0.0033987550996243954,0.058298843038472,0.07414484769105911
12,360,2,0.01,61,0.9970343112945557,0.0030234092846512794,0.05498553704976682,0.057790715247392654
12,360,2,0.01,62,0.9973280429840088,0.0027239418122917414,0.052191395960366316,0.08352239429950714
12,360,2,0.01,63,0.9977843761444092,0.002258717780932784,0.04752596954227009,0.09297458082437515
12,360,2,0.01,64,0.9971600770950317,0.0028951673302799463,0.05380675915050029,0.060835979878902435
12,360,2,0.01,65,0.9972020387649536,0.0028523996006697416,0.053407860850906035,0.054966434836387634
12,360,2,0.01,66,0.9966211318969727,0.0034446408972144127,0.05869106318013342,0.09764634072780609
12,360,2,0.01,67,0.9967299699783325,0.0033336596097797155,0.057737852486732785,0.06179620698094368
12,360,2,0.01,68,0.9968544840812683,0.0032067291904240847,0.05662798946125568,0.07980313152074814
12,360,2,0.01,69,0.9967010021209717,0.0033631869591772556,0.05799299060384156,0.05660181865096092
12,360,2,0.01,70,0.9965014457702637,0.0035666590556502342,0.059721512503035576,0.05778612941503525
12,360,2,0.01,71,0.997173011302948,0.0028820016887038946,0.05368427785398528,0.10173047333955765
12,360,2,0.01,72,0.9968714714050293,0.0031894075218588114,0.056474839724064835,0.08625324070453644
12,360,2,0.01,73,0.996918797492981,0.0031411468517035246,0.05604593519340653,0.06922537833452225
12,360,2,0.01,74,0.9958794116973877,0.00420079892501235,0.06481357053127339,0.0751044899225235
12,360,2,0.01,75,0.996049165725708,0.0040277172811329365,0.0634642992644915,0.09660772979259491
12,360,2,0.01,76,0.9963858723640442,0.003684483002871275,0.060699942362997965,0.06566911190748215
12,360,2,0.01,77,0.9916214942932129,0.008541564457118511,0.09242058459628197,0.1614614576101303
12,360,2,0.01,78,0.9956579208374023,0.004426613915711641,0.06653280330567503,0.06487876921892166
12,360,2,0.01,79,0.9966760277748108,0.003388660494238138,0.05821220227957484,0.06025826185941696
12,360,2,0.01,80,0.9962783455848694,0.003794081276282668,0.061596114132976505,0.0731784775853157
12,360,2,0.01,81,0.9965583086013794,0.003508667927235365,0.059234009886511695,0.061663396656513214
12,360,2,0.01,82,0.9962445497512817,0.003828570246696472,0.06187544138587193,0.06165086477994919
12,360,2,0.01,83,0.9965458512306213,0.0035213662777096033,0.05934110108272009,0.052306655794382095
12,360,2,0.01,84,0.9936002492904663,0.006524288561195135,0.08077306829132551,0.10782073438167572
12,360,2,0.01,85,0.9974167346954346,0.00263356720097363,0.051318293044231605,0.06630507856607437
12,360,2,0.01,86,0.9971100687980652,0.0029461942613124847,0.054278856484937896,0.07202249765396118
12,360,2,0.01,87,0.9970027804374695,0.003055556444451213,0.055277087879619824,0.06149456277489662
12,360,2,0.01,88,0.9972386360168457,0.002815086394548416,0.05305738774712167,0.07424848526716232
12,360,2,0.01,89,0.9972211718559265,0.0028329016640782356,0.05322500976118497,0.05930324271321297
12,360,2,0.01,90,0.9966616630554199,0.003403294598683715,0.05833776305862023,0.05348079651594162
12,360,2,0.01,91,0.996383547782898,0.003686854848638177,0.06071947668284187,0.0735894963145256
12,360,2,0.01,92,0.9955341219902039,0.004552789032459259,0.06747435833306797,0.05729537084698677
12,360,2,0.01,93,0.994920015335083,0.005178855266422033,0.07196426381491047,0.09274782240390778
12,360,2,0.01,94,0.9952499270439148,0.004842549096792936,0.06958842645722733,0.057614363729953766
12,360,2,0.01,95,0.9965910911560059,0.0034752527717500925,0.05895127455577269,0.0682879239320755
12,360,2,0.01,96,0.9962612986564636,0.0038114788476377726,0.0617371755722415,0.050855666399002075
12,360,2,0.01,97,0.9962273836135864,0.0038460337091237307,0.06201639871133868,0.07704000174999237
12,360,2,0.01,98,0.9959031939506531,0.004176519811153412,0.06462599949829334,0.05971401184797287
12,360,2,0.01,99,0.9970151782035828,0.003042900701984763,0.05516249361644888,0.07534126937389374
12,360,2,0.01,100,0.996850311756134,0.00321100908331573,0.056665766414262235,0.05116158723831177
13,360,2,0.01,1,0.9888515472412109,0.011365415528416634,0.10660870287371774,0.3645689785480499
13,360,2,0.01,2,0.994744062423706,0.005358257330954075,0.07320011838073812,0.20207025110721588
13,360,2,0.01,3,0.9959826469421387,0.004095539916306734,0.06399640549520523,0.18842893838882446
13,360,2,0.01,4,0.9974030256271362,0.0026474904734641314,0.051453770255095316,0.1475950926542282
13,360,2,0.01,5,0.997669517993927,0.002375832060351968,0.04874250773556863,0.1390969455242157
13,360,2,0.01,6,0.9979697465896606,0.0020697645377367735,0.045494664937075574,0.13360539078712463
13,360,2,0.01,7,0.9976228475570679,0.002423404948785901,0.049228091053644375,0.1333400011062622
13,360,2,0.01,8,0.9981253743171692,0.0019111033761873841,0.04371616836122974,0.11586946249008179
13,360,2,0.01,9,0.998366117477417,0.0016656845109537244,0.04081279837200243,0.126497283577919
13,360,2,0.01,10,0.9984043836593628,0.0016266669845208526,0.04033195983981999,0.10784469544887543
13,360,2,0.01,11,0.9984375834465027,0.0015928224893286824,0.03991018027181389,0.10587799549102783
13,360,2,0.01,12,0.9984655380249023,0.0015643018996343017,0.039551256612581874,0.1238420233130455
13,360,2,0.01,13,0.9987787008285522,0.0012450775830075145,0.03528565690202627,0.10094060003757477
13,360,2,0.01,14,0.9988633990287781,0.0011587365297600627,0.03404021929659183,0.09637797623872757
13,360,2,0.01,15,0.9987202882766724,0.0013046124950051308,0.03611941991512503,0.09400516003370285
13,360,2,0.01,16,0.9986546039581299,0.0013715652748942375,0.037034649652646065,0.12882590293884277
13,360,2,0.01,17,0.9988190531730652,0.0012039081193506718,0.03469737914238872,0.0932786837220192
13,360,2,0.01,18,0.998877227306366,0.0011446151183918118,0.03383216100682621,0.09130793809890747
13,360,2,0.01,19,0.9985027313232422,0.001526402891613543,0.03906920643695675,0.09527604281902313
13,360,2,0.01,20,0.9988600611686707,0.0011621556477621198,0.03409040404222455,0.10161414742469788
13,360,2,0.01,21,0.9986447691917419,0.0013816168066114187,0.03717010635727881,0.11198496073484421
13,360,2,0.01,22,0.9990859627723694,0.0009318140218965709,0.0305256289353155,0.07847922295331955
13,360,2,0.01,23,0.9990027546882629,0.0010166742140427232,0.031885329134928544,0.12590797245502472
13,360,2,0.01,24,0.9937199950218201,0.006402236875146627,0.08001397924829527,0.19758470356464386
13,360,2,0.01,25,0.9991072416305542,0.0009101093164645135,0.03016801810634092,0.07637600600719452
13,360,2,0.01,26,0.9992101788520813,0.00080519774928689,0.028376006577509987,0.07443911582231522
13,360,2,0.01,27,0.9992836713790894,0.0007302756421267986,0.027023612677190268,0.0701935738325119
13,360,2,0.01,28,0.9993632435798645,0.0006491257809102535,0.025477946952418548,0.07580561935901642
13,360,2,0.01,29,0.9992406368255615,0.0007741401786915958,0.02782337468193957,0.07146911323070526
13,360,2,0.01,30,0.9994286298751831,0.0005824950058013201,0.024134933308408376,0.07027918100357056
13,360,2,0.01,31,0.9990906715393066,0.0009270180016756058,0.030446970320141965,0.07002059370279312
13,360,2,0.01,32,0.9994242191314697,0.0005870073800906539,0.024228235183162927,0.06362583488225937
13,360,2,0.01,33,0.9992530941963196,0.0007614364731125534,0.027594138383224675,0.0985875204205513
13,360,2,0.01,34,0.9993137717247009,0.0006995662115514278,0.026449314009089685,0.09715956449508667
13,360,2,0.01,35,0.9993131756782532,0.000700216565746814,0.02646160550206306,0.08061473071575165
13,360,2,0.01,36,0.9990313053131104,0.000987574690952897,0.031425701121103045,0.1063564196228981
13,360,2,0.01,37,0.9993331432342529,0.0006798405083827674,0.02607375132931139,0.0895683616399765
13,360,2,0.01,38,0.9975903034210205,0.00245660194195807,0.049564119501490894,0.11709322780370712
13,360,2,0.01,39,0.9993417859077454,0.0006710148300044239,0.025903953945381076,0.06624782830476761
13,360,2,0.01,40,0.9995817542076111,0.00042639640741981566,0.020649368208732578,0.07782310992479324
13,360,2,0.01,41,0.9991377592086792,0.0008790431311354041,0.029648661540369815,0.09199312329292297
13,360,2,0.01,42,0.9994833469390869,0.0005266997613944113,0.02294994033531267,0.0660964846611023
13,360,2,0.01,43,0.9990462064743042,0.0009723269031383097,0.031182156807031642,0.08570912480354309
13,360,2,0.01,44,0.9979419112205505,0.002098136581480503,0.04580542087439546,0.1283871978521347
13,360,2,0.01,45,0.9993786215782166,0.0006334552890621126,0.025168537682235585,0.07501758635044098
13,360,2,0.01,46,0.999512255191803,0.0004972442402504385,0.02229897397304276,0.06500071287155151
13,360,2,0.01,47,0.9996144771575928,0.00039301576907746494,0.019824625319976794,0.06061645224690437
13,360,2,0.01,48,0.9994949698448181,0.0005148504278622568,0.022690315728571445,0.07732273638248444
13,360,2,0.01,49,0.9995642304420471,0.00044425707892514765,0.021077406835878734,0.06704184412956238
13,360,2,0.01,50,0.9993303418159485,0.0006827024626545608,0.026128575595591903,0.08712126314640045
13,360,2,0.01,51,0.9979063868522644,0.0021343561820685863,0.046199092870624486,0.1264280080795288
13,360,2,0.01,52,0.9994093179702759,0.0006021764711476862,0.02453928424277461,0.06440091133117676
13,360,2,0.01,53,0.9985013008117676,0.0015278535429388285,0.03908776717770956,0.10350258648395538
13,360,2,0.01,54,0.9996367692947388,0.0003702988615259528,0.019243151029027256,0.058984484523534775
13,360,2,0.01,55,0.9996113181114197,0.0003962211194448173,0.019905303801871936,0.07718923687934875
13,360,2,0.01,56,0.9995514750480652,0.00045722690992988646,0.021382864867222223,0.06872601807117462
13,360,2,0.01,57,0.9997239112854004,0.0002814655308611691,0.016776934489386584,0.04947561025619507
13,360,2,0.01,58,0.9994556307792664,0.0005549495108425617,0.023557366381719364,0.06562234461307526
13,360,2,0.01,59,0.9993720054626465,0.0006402157596312463,0.025302485246142252,0.07202578336000443
13,360,2,0.01,60,0.9994804859161377,0.0005296387826092541,0.023013882388881152,0.06683109700679779
13,360,2,0.01,61,0.9993633031845093,0.0006490717642009258,0.0254768868624274,0.07473161816596985
13,360,2,0.01,62,0.9995669722557068,0.0004414258582983166,0.021010137036638208,0.051272809505462646
13,360,2,0.01,63,0.9995357394218445,0.00047330217785201967,0.021755509137963647,0.06875911355018616
13,360,2,0.01,64,0.9994875192642212,0.0005224706255830824,0.02285761635829691,0.05323517695069313
13,360,2,0.01,65,0.9989836812019348,0.001036122557707131,0.032188857663904925,0.09855881333351135
13,360,2,0.01,66,0.9991039633750916,0.0009135063737630844,0.030224267960747776,0.08249160647392273
13,360,2,0.01,67,0.9989387392997742,0.0010819368762895465,0.03289280888415501,0.10013054311275482
13,360,2,0.01,68,0.9995859861373901,0.0004220475675538182,0.02054379632769509,0.06197122111916542
13,360,2,0.01,69,0.9996597170829773,0.0003468778741080314,0.01862465769102969,0.06260842829942703
13,360,2,0.01,70,0.9993776082992554,0.0006345075089484453,0.025189432485636615,0.0672164112329483
13,360,2,0.01,71,0.9996057152748108,0.00040196761256083846,0.020049129970171733,0.05071835592389107
13,360,2,0.01,72,0.9995484352111816,0.0004603566776495427,0.02145592406887997,0.05522460490465164
13,360,2,0.01,73,0.9993003010749817,0.0007133011240512133,0.026707697842592373,0.07835758477449417
13,360,2,0.01,74,0.9996780753135681,0.0003282066318206489,0.018116474044930733,0.057444680482149124
13,360,2,0.01,75,0.9994659423828125,0.0005444262060336769,0.023332942506972345,0.0699448511004448
13,360,2,0.01,76,0.9971569776535034,0.0028983617667108774,0.05383643530835671,0.14620064198970795
13,360,2,0.01,77,0.9995529651641846,0.0004557640349958092,0.021348630752247535,0.05306941270828247
13,360,2,0.01,78,0.9996631741523743,0.0003433709207456559,0.01853027039051659,0.04230789467692375
13,360,2,0.01,79,0.9996791481971741,0.00032710275263525546,0.01808598221372717,0.04944905266165733
13,360,2,0.01,80,0.9996128082275391,0.0003947349905502051,0.019867938759473895,0.051676295697689056
13,360,2,0.01,81,0.9997296333312988,0.0002756374888122082,0.016602333836307718,0.044996477663517
13,360,2,0.01,82,0.998979926109314,0.001039914321154356,0.03224770257172371,0.0726931244134903
13,360,2,0.01,83,0.9997113347053528,0.0002942687424365431,0.017154263098033185,0.05699165165424347
13,360,2,0.01,84,0.9997167587280273,0.00028876803116872907,0.016993176017705728,0.056649934500455856
13,360,2,0.01,85,0.999622642993927,0.0003846920735668391,0.019613568608665765,0.05576983466744423
13,360,2,0.01,86,0.9996796250343323,0.0003265944542363286,0.018071924475172217,0.0527690052986145
13,360,2,0.01,87,0.9995879530906677,0.0004200597177259624,0.02049535844346135,0.07440906018018723
13,360,2,0.01,88,0.9936355948448181,0.006488284561783075,0.08054988865158708,0.1912219375371933
13,360,2,0.01,89,0.9982005953788757,0.0018344554118812084,0.0428305429790612,0.0758155956864357
13,360,2,0.01,90,0.9992685317993164,0.0007456992170773447,0.027307493789752012,0.06029525026679039
13,360,2,0.01,91,0.9991567730903625,0.00085964344907552,0.02931967682419982,0.057626768946647644
13,360,2,0.01,92,0.9994211792945862,0.0005900770192965865,0.02429150096837547,0.0643308237195015
13,360,2,0.01,93,0.9996293783187866,0.0003778644895646721,0.01943873683048032,0.0597187876701355
13,360,2,0.01,94,0.9995014071464539,0.0005082968855276704,0.022545440459828467,0.04823005571961403
13,360,2,0.01,95,0.9996075630187988,0.00040006561903283,0.020001640408547246,0.048781417310237885
13,360,2,0.01,96,0.9994877576828003,0.0005221935571171343,0.02285155480743344,0.046456240117549896
13,360,2,0.01,97,0.9995894432067871,0.00041855016024783254,0.020458498484684368,0.04183713719248772
13,360,2,0.01,98,0.9993338584899902,0.0006791349733248353,0.026060218213300426,0.058343615382909775
13,360,2,0.01,99,0.9992371201515198,0.0007777280989103019,0.027887776872857793,0.05471101775765419
13,360,2,0.01,100,0.9994447231292725,0.0005660700844600797,0.023792227395939197,0.05831802263855934
14,360,2,0.01,1,0.9897902607917786,0.010408475995063782,0.10202193879290758,0.30677080154418945
14,360,2,0.01,2,0.9916322827339172,0.008530555292963982,0.09236100526176608,0.19752633571624756
14,360,2,0.01,3,0.9937845468521118,0.0063363974913954735,0.0796014917661439,0.14486323297023773
14,360,2,0.01,4,0.9953802227973938,0.004709687549620867,0.06862716335111678,0.11658432334661484
14,360,2,0.01,5,0.9956064224243164,0.004479076247662306,0.0669259011718356,0.11162485182285309
14,360,2,0.01,6,0.996316134929657,0.0037555729504674673,0.061282729626440983,0.1112021654844284
14,360,2,0.01,7,0.9962577819824219,0.0038150229956954718,0.06176587241912375,0.10038701444864273
14,360,2,0.01,8,0.9962190985679626,0.0038545001298189163,0.06208462071897449,0.12414730340242386
14,360,2,0.01,9,0.997182309627533,0.0028725292067974806,0.0535959812560371,0.10243526846170425
14,360,2,0.01,10,0.9969988465309143,0.003059563459828496,0.055313320817218126,0.09754109382629395
14,360,2,0.01,11,0.9964789152145386,0.0035896277986466885,0.059913502640445655,0.10954412072896957
14,360,2,0.01,12,0.9971599578857422,0.0028953319415450096,0.05380828878105128,0.08990579843521118
14,360,2,0.01,13,0.9968133568763733,0.0032486403360962868,0.05699684496615832,0.08963043987751007
14,360,2,0.01,14,0.9971750974655151,0.002879893407225609,0.05366463833126623,0.09317468106746674
14,360,2,0.01,15,0.996681809425354,0.0033827433362603188,0.05816135603869909,0.09363666921854019
14,360,2,0.01,16,0.9968839287757874,0.0031767103355377913,0.056362313078313166,0.08079065382480621
14,360,2,0.01,17,0.9940829277038574,0.006032219156622887,0.0776673622355162,0.13601896166801453
14,360,2,0.01,18,0.9968754649162292,0.003185347653925419,0.05643888423707027,0.10582408308982849
14,360,2,0.01,19,0.9968345761299133,0.003227017819881439,0.05680684659335914,0.09607020765542984
14,360,2,0.01,20,0.9966145157814026,0.0034513685386627913,0.05874834924202374,0.08052089065313339
14,360,2,0.01,21,0.9964436888694763,0.003625547280535102,0.06021251763989861,0.06856446713209152
14,360,2,0.01,22,0.9967603087425232,0.0033027746248990297,0.057469771401137744,0.07466895133256912
14,360,2,0.01,23,0.9970023036003113,0.0030560570303350687,0.05528161566321184,0.07014154642820358
14,360,2,0.01,24,0.9968424439430237,0.003219026140868664,0.05673646218146373,0.0938238576054573
14,360,2,0.01,25,0.9961183071136475,0.00395723944529891,0.06290659301932437,0.0922088697552681
14,360,2,0.01,26,0.9967911839485168,0.0032712880056351423,0.057195174670903334,0.11094680428504944
14,360,2,0.01,27,0.9972437024116516,0.0028099522460252047,0.05300898269185332,0.08705368638038635
14,360,2,0.01,28,0.9962118864059448,0.0038618678227066994,0.06214392828512452,0.08206529915332794
14,360,2,0.01,29,0.9967932105064392,0.003269206266850233,0.057176973222183014,0.0692225843667984
14,360,2,0.01,30,0.9952477216720581,0.004844780080020428,0.06960445445530355,0.0911123976111412
14,360,2,0.01,31,0.9964534044265747,0.0036156238056719303,0.06013005742282249,0.08403529226779938
14,360,2,0.01,32,0.9943045973777771,0.005806270986795425,0.07619889098140094,0.09196341782808304
14,360,2,0.01,33,0.9964341521263123,0.003635245840996504,0.06029299993362831,0.06678469479084015
14,360,2,0.01,34,0.9964996576309204,0.0035684944596141577,0.05973687688199106,0.07686972618103027
14,360,2,0.01,35,0.9952085018157959,0.004884770605713129,0.06989113395641201,0.1007843166589737
14,360,2,0.01,36,0.9951121211051941,0.004982996266335249,0.07059034116885432,0.07794921100139618
14,360,2,0.01,37,0.9955114126205444,0.004575927741825581,0.06764560400961456,0.0759635865688324
14,360,2,0.01,38,0.9965263605117798,0.0035412199795246124,0.05950815053019723,0.07387536764144897
14,360,2,0.01,39,0.9960227608680725,0.004054668825119734,0.06367628149570084,0.07481969147920609
14,360,2,0.01,40,0.9958486557006836,0.004232111852616072,0.06505468355634414,0.07425600290298462
14,360,2,0.01,41,0.9957478046417236,0.004334941506385803,0.06584027267854989,0.06556186825037003
14,360,2,0.01,42,0.9960839748382568,0.003992270212620497,0.06318441431730215,0.08064299076795578
14,360,2,0.01,43,0.9962950944900513,0.003777017816901207,0.06145744720455941,0.07520224153995514
14,360,2,0.01,44,0.9968735575675964,0.0031873208936303854,0.05645636273822806,0.05947040766477585
14,360,2,0.01,45,0.9960655570030212,0.004011035896837711,0.0633327395336544,0.0762520283460617
14,360,2,0.01,46,0.995746910572052,0.0043358695693314075,0.06584732013781129,0.07430484890937805
14,360,2,0.01,47,0.996607780456543,0.0034582181833684444,0.05880661683321397,0.08330464363098145
14,360,2,0.01,48,0.9945617914199829,0.005544081795960665,0.07445859114944806,0.07947360724210739
14,360,2,0.01,49,0.9956716895103455,0.0044125705026090145,0.06642718195595095,0.06260932236909866
14,360,2,0.01,50,0.9975013136863708,0.0025473244022578,0.0504710253735527,0.10199719667434692
14,360,2,0.01,51,0.9976682662963867,0.002377114724367857,0.04875566351069235,0.07096055150032043
14,360,2,0.01,52,0.9977995753288269,0.002243260620161891,0.04736307232604206,0.05245354399085045
14,360,2,0.01,53,0.9971424341201782,0.002913206350058317,0.05397412667249297,0.06057020276784897
14,360,2,0.01,54,0.9973757266998291,0.0026753318961709738,0.0517236106258155,0.08035186678171158
14,360,2,0.01,55,0.9974242448806763,0.0026258714497089386,0.0512432576024294,0.0893704891204834
14,360,2,0.01,56,0.9972216486930847,0.0028324455488473177,0.05322072480573069,0.05466620624065399
14,360,2,0.01,57,0.9973384141921997,0.0027133647818118334,0.05208996814946073,0.05692911148071289
14,360,2,0.01,58,0.9974217414855957,0.002628447487950325,0.0512683868280476,0.05779526010155678
14,360,2,0.01,59,0.9964635968208313,0.003605234669521451,0.06004360640002773,0.07904841005802155
14,360,2,0.01,60,0.9968186020851135,0.0032433238811790943,0.05695018771855888,0.05046362429857254
14,360,2,0.01,61,0.9973559379577637,0.002695523900911212,0.05191843507764089,0.13248808681964874
14,360,2,0.01,62,0.9960892796516418,0.003986853174865246,0.06314153288339812,0.1095920279622078
14,360,2,0.01,63,0.9964847564697266,0.003583649406209588,0.05986358998765099,0.05113954469561577
14,360,2,0.01,64,0.9951371550559998,0.004957465920597315,0.07040927439334477,0.09381692111492157
14,360,2,0.01,65,0.997549831867218,0.00249786046333611,0.04997860005378412,0.07129541039466858
14,360,2,0.01,66,0.9976601004600525,0.0023854312021285295,0.04884087634480497,0.06089339032769203
14,360,2,0.01,67,0.9975546002388,0.002492980333045125,0.049929753985425616,0.060720592737197876
14,360,2,0.01,68,0.9969545602798462,0.003104708855971694,0.055719914357181974,0.08632439374923706
14,360,2,0.01,69,0.997604489326477,0.002442107070237398,0.04941767973344558,0.0629008561372757
14,360,2,0.01,70,0.9970952272415161,0.0029613105580210686,0.05441792496982101,0.05771591141819954
14,360,2,0.01,71,0.9975442886352539,0.002503486117348075,0.05003484902893257,0.11235764622688293
14,360,2,0.01,72,0.997829794883728,0.002212465275079012,0.047036850182373094,0.05470149964094162
14,360,2,0.01,73,0.9974192976951599,0.0026309220120310783,0.05129251419097214,0.06467483937740326
14,360,2,0.01,74,0.9974884986877441,0.00256039435043931,0.050600339430080014,0.07370869070291519
14,360,2,0.01,75,0.9971630573272705,0.0028921859338879585,0.053779047350134036,0.0708904042840004
14,360,2,0.01,76,0.9973192811012268,0.002732871798798442,0.05227687632977358,0.059280700981616974
14,360,2,0.01,77,0.9979776740074158,0.002061673440039158,0.04540565427388045,0.05594063550233841
14,360,2,0.01,78,0.9983271956443787,0.0017053844640031457,0.041296300851325,0.07161924988031387
14,360,2,0.01,79,0.9975181221961975,0.0025301941204816103,0.05030103498419899,0.07290128618478775
14,360,2,0.01,80,0.9980332851409912,0.0020050127059221268,0.044777368233541004,0.05176496505737305
14,360,2,0.01,81,0.9978638887405396,0.002177679445594549,0.04666561309566766,0.07150042057037354
14,360,2,0.01,82,0.9978363513946533,0.0022057511378079653,0.04696542491884818,0.07505112886428833
14,360,2,0.01,83,0.997596800327301,0.0024499520659446716,0.04949699047361033,0.05627129226922989
14,360,2,0.01,84,0.9978786706924438,0.0021626383531838655,0.046504175653202,0.061026301234960556
14,360,2,0.01,85,0.9976437091827393,0.002402144018560648,0.04901167226855913,0.07724611461162567
14,360,2,0.01,86,0.9984124302864075,0.0016184636624529958,0.04023013376131126,0.058412205427885056
14,360,2,0.01,87,0.9989444613456726,0.0010760584846138954,0.03280333038906104,0.06274980306625366
14,360,2,0.01,88,0.9985942244529724,0.0014331493293866515,0.03785695879738164,0.045046694576740265
14,360,2,0.01,89,0.9985822439193726,0.0014453644398599863,0.038017948917057405,0.043730027973651886
14,360,2,0.01,90,0.9991000294685364,0.0009174880106002092,0.03029006455259231,0.04998527839779854
14,360,2,0.01,91,0.9980897307395935,0.0019474568543955684,0.04412999948329445,0.04239851236343384
14,360,2,0.01,92,0.9979088306427002,0.0021318409126251936,0.04617186278054194,0.06738986074924469
14,360,2,0.01,93,0.997840940952301,0.0022010989487171173,0.04691587096833136,0.10850269347429276
14,360,2,0.01,94,0.9986108541488647,0.0014161808649078012,0.037632178583066396,0.05809260159730911
14,360,2,0.01,95,0.9988201260566711,0.0012028528144583106,0.034682168537424396,0.06456106901168823
14,360,2,0.01,96,0.9982631206512451,0.0017706557409837842,0.04207916041205889,0.07364115118980408
14,360,2,0.01,97,0.9991348385810852,0.0008820003713481128,0.029698491061805023,0.06039373576641083
14,360,2,0.01,98,0.9991328120231628,0.0008840560913085938,0.029733080757106112,0.05286818742752075
14,360,2,0.01,99,0.9986741542816162,0.0013516760664060712,0.03676514744164738,0.06983524560928345
14,360,2,0.01,100,0.998608410358429,0.0014186499174684286,0.03766496936768207,0.0747523084282875
15,360,2,0.01,1,0.9871529340744019,0.013097110204398632,0.1144426065956147,0.3145156800746918
15,360,2,0.01,2,0.9910324215888977,0.00914208497852087,0.09561425091753253,0.20512036979198456
15,360,2,0.01,3,0.9923700094223022,0.007778496015816927,0.08819578230174574,0.18544118106365204
15,360,2,0.01,4,0.9932940602302551,0.006836442742496729,0.0826827838337385,0.14638155698776245
15,360,2,0.01,5,0.9935431480407715,0.006582505535334349,0.08113264161442267,0.13462074100971222
15,360,2,0.01,6,0.9931853413581848,0.0069472710601985455,0.08335029130242165,0.15159644186496735
15,360,2,0.01,7,0.9944315552711487,0.005676833912730217,0.07534476698968692,0.10934692621231079
15,360,2,0.01,8,0.9944378137588501,0.005670452956110239,0.07530241002856575,0.10373389720916748
15,360,2,0.01,9,0.9942777752876282,0.005833602510392666,0.07637802373976867,0.08818738907575607
15,360,2,0.01,10,0.9948784708976746,0.005221210885792971,0.0722579468694826,0.09226802736520767
15,360,2,0.01,11,0.9954397678375244,0.004648974630981684,0.0681833896999972,0.0776495561003685
15,360,2,0.01,12,0.9955595135688782,0.004526889882981777,0.06728216615851319,0.0848541259765625
15,360,2,0.01,13,0.9958004951477051,0.00428122840821743,0.06543109664538284,0.06710948795080185
15,360,2,0.01,14,0.9960532784461975,0.004023506306111813,0.06343111465291945,0.0828799307346344
15,360,2,0.01,15,0.9961557984352112,0.003919047303497791,0.06260229471431372,0.09406816214323044
15,360,2,0.01,16,0.9964073896408081,0.003662529168650508,0.060518833173240444,0.08070547878742218
15,360,2,0.01,17,0.9939277172088623,0.006190447602421045,0.07867939757281474,0.17003415524959564
15,360,2,0.01,18,0.9960174560546875,0.004060056060552597,0.06371856919731168,0.10107428580522537
15,360,2,0.01,19,0.9966622591018677,0.0034027202054858208,0.05833283985445781,0.07079800218343735
15,360,2,0.01,20,0.9961876273155212,0.003886577906087041,0.06234242460866469,0.07645194977521896
15,360,2,0.01,21,0.9971600770950317,0.002895174315199256,0.05380682405791347,0.08635925501585007
15,360,2,0.01,22,0.9973034858703613,0.0027490078937262297,0.05243098219303382,0.08614408224821091
15,360,2,0.01,23,0.9971668720245361,0.0028882769402116537,0.05374269197027307,0.07398419827222824
15,360,2,0.01,24,0.9959260821342468,0.004153191577643156,0.06444526031946148,0.08255888521671295
15,360,2,0.01,25,0.9971334934234619,0.00292230979539454,0.05405839246032516,0.08695228397846222
15,360,2,0.01,26,0.9966570734977722,0.0034080001059919596,0.05837807898511187,0.13157697021961212
15,360,2,0.01,27,0.9979152679443359,0.0021252918522804976,0.04610088776022103,0.0741686001420021
15,360,2,0.01,28,0.9976514577865601,0.002394248265773058,0.04893105625033101,0.06414831429719925
15,360,2,0.01,29,0.9968783855438232,0.0031823632307350636,0.05641243861716194,0.15344063937664032
15,360,2,0.01,30,0.9957230091094971,0.004360239952802658,0.06603211304208474,0.09739772230386734
15,360,2,0.01,31,0.9971559643745422,0.002899383194744587,0.053845920873772664,0.08744201064109802
15,360,2,0.01,32,0.9971240162849426,0.0029319373425096273,0.054147366902829425,0.06329916417598724
15,360,2,0.01,33,0.9976325035095215,0.0024135741405189037,0.04912814000671004,0.0662374198436737
15,360,2,0.01,34,0.9978010058403015,0.002241770038381219,0.04734733401556226,0.06665360927581787
15,360,2,0.01,35,0.9979140758514404,0.002126499777659774,0.046113986789907614,0.06633809208869934
15,360,2,0.01,36,0.9977777600288391,0.0022655026987195015,0.0475972971787212,0.06785426288843155
15,360,2,0.01,37,0.997783362865448,0.0022597545757889748,0.04753687595739727,0.057116273790597916
15,360,2,0.01,38,0.9975924491882324,0.002454421715810895,0.04954212062286893,0.09571458399295807
15,360,2,0.01,39,0.9981199502944946,0.0019166322890669107,0.04377935916692832,0.09462761878967285
15,360,2,0.01,40,0.9983662962913513,0.0016655049985274673,0.04081059909542455,0.054725971072912216
15,360,2,0.01,41,0.9982587695121765,0.0017751191044226289,0.04213216235161244,0.06462880223989487
15,360,2,0.01,42,0.9957146644592285,0.0043687340803444386,0.06609639990456695,0.1331852823495865
15,360,2,0.01,43,0.9985200762748718,0.0015087042702361941,0.03884204256004303,0.06264835596084595
15,360,2,0.01,44,0.9983312487602234,0.0017012531170621514,0.04124624973330486,0.09477445483207703
15,360,2,0.01,45,0.9983888864517212,0.001642483752220869,0.04052756780539475,0.07160753011703491
15,360,2,0.01,46,0.9986867904663086,0.0013387734070420265,0.036589252616608975,0.05716448277235031
15,360,2,0.01,47,0.998339056968689,0.0016932717990130186,0.0411493839445139,0.0532568134367466
15,360,2,0.01,48,0.9984558820724487,0.0015741941751912236,0.039676115928745134,0.061113372445106506
15,360,2,0.01,49,0.9984560608863831,0.0015739956870675087,0.03967361449461731,0.08124659210443497
15,360,2,0.01,50,0.9988923668861389,0.0011292138369753957,0.033603777123641855,0.059242382645606995
15,360,2,0.01,51,0.9981632232666016,0.0018725210102275014,0.043272635813265424,0.08164434134960175
15,360,2,0.01,52,0.9985798597335815,0.001447755377739668,0.0380493807799768,0.10023289918899536
15,360,2,0.01,53,0.9989789724349976,0.0010408988455310464,0.03226296399172039,0.06554874032735825
15,360,2,0.01,54,0.9987989664077759,0.0012244032695889473,0.03499147424143412,0.055020421743392944
15,360,2,0.01,55,0.998867928981781,0.0011541014537215233,0.03397206872890615,0.06345932930707932
15,360,2,0.01,56,0.99908447265625,0.0009333222988061607,0.030550324037662197,0.07229772210121155
15,360,2,0.01,57,0.9984685182571411,0.001561308279633522,0.039513393673962276,0.07742119580507278
15,360,2,0.01,58,0.9986817240715027,0.0013439278118312359,0.03665962099955803,0.07401661574840546
15,360,2,0.01,59,0.998466968536377,0.0015628739492967725,0.03953320059515511,0.11097509413957596
15,360,2,0.01,60,0.9988307356834412,0.0011920237448066473,0.034525696876480966,0.05801447853446007
15,360,2,0.01,61,0.9984830617904663,0.0015464896569028497,0.03932543269822787,0.06836093217134476
15,360,2,0.01,62,0.9986327290534973,0.0013938985066488385,0.03733495020284396,0.0781695619225502
15,360,2,0.01,63,0.9989335536956787,0.0010871886042878032,0.03297254318804971,0.08377254009246826
15,360,2,0.01,64,0.9989948868751526,0.001024687080644071,0.03201073383482595,0.05717726796865463
15,360,2,0.01,65,0.9991580247879028,0.0008583557209931314,0.029297708459760662,0.04905106872320175
15,360,2,0.01,66,0.9983904957771301,0.0016408560331910849,0.04050748120028058,0.06425019353628159
15,360,2,0.01,67,0.9986945986747742,0.0013307934859767556,0.036480042296806015,0.06923414766788483
15,360,2,0.01,68,0.99840247631073,0.0016286235768347979,0.040356208652880136,0.10639798641204834
15,360,2,0.01,69,0.9985777735710144,0.001449908479116857,0.03807766378228655,0.04980333521962166
15,360,2,0.01,70,0.9989053606987,0.0011159690329805017,0.03340612268702403,0.05206414684653282
15,360,2,0.01,71,0.9988446831703186,0.0011777745094150305,0.03431871951887236,0.05314613878726959
15,360,2,0.01,72,0.9987014532089233,0.001323841861449182,0.0363846377122156,0.07197944819927216
15,360,2,0.01,73,0.9989629983901978,0.0010571960592642426,0.03251455150027819,0.05749857798218727
15,360,2,0.01,74,0.9990020990371704,0.0010173021582886577,0.03189517452983535,0.048539116978645325
15,360,2,0.01,75,0.998845100402832,0.0011773982550948858,0.034313237315865226,0.04799460992217064
15,360,2,0.01,76,0.9986951351165771,0.001330285333096981,0.03647307682520055,0.06244894489645958
15,360,2,0.01,77,0.9992092847824097,0.000806088384706527,0.028391695699738102,0.05984656140208244
15,360,2,0.01,78,0.9980916976928711,0.0019454245921224356,0.04410696761422662,0.06002165004611015
15,360,2,0.01,79,0.9986900687217712,0.0013354485854506493,0.03654378997108331,0.05026698857545853
15,360,2,0.01,80,0.9985429644584656,0.0014853820903226733,0.03854065503235088,0.06396128982305527
15,360,2,0.01,81,0.9988707304000854,0.0011512406636029482,0.03392993757145669,0.05458632484078407
15,360,2,0.01,82,0.9984014630317688,0.001629674225114286,0.040369223736830585,0.04514316841959953
15,360,2,0.01,83,0.9989522099494934,0.0010682069696485996,0.032683435707535395,0.06509369611740112
15,360,2,0.01,84,0.9985235333442688,0.0015051766531541944,0.038796606206654136,0.09894737601280212
15,360,2,0.01,85,0.9984260201454163,0.0016046054661273956,0.040057526959703785,0.05897311121225357
15,360,2,0.01,86,0.9991309642791748,0.0008859467343427241,0.029764857371449373,0.05329776555299759
15,360,2,0.01,87,0.9988487958908081,0.001173582742922008,0.034257593945313906,0.0496910959482193
15,360,2,0.01,88,0.9990440607070923,0.0009745361167006195,0.031217561030622162,0.06307636946439743
15,360,2,0.01,89,0.9994663596153259,0.0005440517561510205,0.023324917066326743,0.048351746052503586
15,360,2,0.01,90,0.9984073638916016,0.00162363366689533,0.040294337901190656,0.08806627988815308
15,360,2,0.01,91,0.9983437657356262,0.0016884845681488514,0.04109117384729781,0.07019303739070892
15,360,2,0.01,92,0.9990692138671875,0.000948905770201236,0.030804314149177805,0.044986478984355927
15,360,2,0.01,93,0.9993786811828613,0.0006333889905363321,0.02516722055643674,0.05701643228530884
15,360,2,0.01,94,0.9989859461784363,0.0010337833082303405,0.03215250080834056,0.07656148076057434
15,360,2,0.01,95,0.9991621971130371,0.000854122219607234,0.029225369452022913,0.05820349603891373
15,360,2,0.01,96,0.9986370205879211,0.0013894808944314718,0.03727574136662438,0.055724069476127625
15,360,2,0.01,97,0.9987729787826538,0.0012509259395301342,0.03536843139764802,0.07715494930744171
15,360,2,0.01,98,0.9990805387496948,0.0009373301872983575,0.030615848629400387,0.05731635168194771
15,360,2,0.01,99,0.9993928074836731,0.0006189930136315525,0.02487957020592503,0.04714847728610039
15,360,2,0.01,100,0.9992316961288452,0.00078325264621526,0.02798665121473557,0.07771497219800949
16,360,2,0.01,1,0.9917982816696167,0.00836137030273676,0.09144052877546564,0.2918578088283539
16,360,2,0.01,2,0.9943892359733582,0.00571993924677372,0.07563027995964129,0.19616153836250305
16,360,2,0.01,3,0.995551347732544,0.004535263869911432,0.06734436776681055,0.15954948961734772
16,360,2,0.01,4,0.996172308921814,0.003902159631252289,0.06246726847919868,0.1328289806842804
16,360,2,0.01,5,0.9971155524253845,0.0029406100511550903,0.054227392074071665,0.11970534175634384
16,360,2,0.01,6,0.9975233674049377,0.0025248341262340546,0.05024772757283711,0.10495646297931671
16,360,2,0.01,7,0.997519314289093,0.002528951968997717,0.05028868629222399,0.10047677904367447
16,360,2,0.01,8,0.995980978012085,0.004097255878150463,0.06400981079608394,0.15677131712436676
16,360,2,0.01,9,0.9975919127464294,0.002454955829307437,0.04954751082857177,0.13206453621387482
16,360,2,0.01,10,0.9979074001312256,0.0021332986652851105,0.0461876462410146,0.08211856335401535
16,360,2,0.01,11,0.9965605735778809,0.0035063577815890312,0.05921450651309214,0.1490873545408249
16,360,2,0.01,12,0.9980636239051819,0.001974073937162757,0.04443055184400434,0.08537997305393219
16,360,2,0.01,13,0.9974866509437561,0.002562278648838401,0.05061895543013902,0.11254499852657318
16,360,2,0.01,14,0.9975168108940125,0.002531536854803562,0.05031438019894076,0.10126234591007233
16,360,2,0.01,15,0.9979822635650635,0.0020570072811096907,0.04535424215120004,0.08626286685466766
16,360,2,0.01,16,0.995050311088562,0.005046017002314329,0.07103532221588306,0.14122800529003143
16,360,2,0.01,17,0.9975728988647461,0.002474357606843114,0.04974291514218999,0.0943557620048523
16,360,2,0.01,18,0.996767520904541,0.0032953673508018255,0.057405290268422345,0.12501898407936096
16,360,2,0.01,19,0.998000979423523,0.0020379377529025078,0.04514352393093064,0.07627168297767639
16,360,2,0.01,20,0.9980402588844299,0.001997876912355423,0.04469761640574834,0.08198389410972595
16,360,2,0.01,21,0.9980272650718689,0.00201113848015666,0.0448457186379777,0.08828060328960419
16,360,2,0.01,22,0.9978639483451843,0.002177655231207609,0.04666535364922899,0.08337640762329102
16,360,2,0.01,23,0.9979233145713806,0.002117082243785262,0.04601176201565489,0.07693197578191757
16,360,2,0.01,24,0.9978041052818298,0.0022386370692402124,0.04731423748978961,0.1120346188545227
16,360,2,0.01,25,0.9982144832611084,0.0018202856881543994,0.042664806200830206,0.06864490360021591
16,360,2,0.01,26,0.9981537461280823,0.0018822131678462029,0.04338448072578722,0.07110988348722458
16,360,2,0.01,27,0.9970092177391052,0.003049013903364539,0.055217876664759025,0.13318759202957153
16,360,2,0.01,28,0.9977487325668335,0.002295097103342414,0.04790717173182334,0.08091511577367783
16,360,2,0.01,29,0.9980104565620422,0.0020282857585698366,0.045036493630941525,0.07280165702104568
16,360,2,0.01,30,0.9979166984558105,0.00212386017665267,0.046085357508135597,0.09172922372817993
16,360,2,0.01,31,0.9960118532180786,0.004065782763063908,0.06376349083185383,0.1524062156677246
16,360,2,0.01,32,0.9984616637229919,0.0015682828379794955,0.039601550954217635,0.07136140763759613
16,360,2,0.01,33,0.9981033802032471,0.0019335084361955523,0.04397167765955209,0.132437601685524
16,360,2,0.01,34,0.9983896017074585,0.001641727751120925,0.04051823973374121,0.08209880441427231
16,360,2,0.01,35,0.9988251328468323,0.0011977269314229488,0.034608191680914925,0.08287771046161652
16,360,2,0.01,36,0.9985032677650452,0.001525841886177659,0.039062026140199886,0.10246368497610092
16,360,2,0.01,37,0.9986696839332581,0.0013562004314735532,0.03682662666432473,0.0657452866435051
16,360,2,0.01,38,0.9987002611160278,0.0013250216143205762,0.03640084634071818,0.08325999975204468
16,360,2,0.01,39,0.9985769987106323,0.0014507020823657513,0.0380880832067689,0.07403218001127243
16,360,2,0.01,40,0.9975122213363647,0.0025361806619912386,0.050360506967178545,0.10469161719083786
16,360,2,0.01,41,0.9985050559043884,0.0015240446664392948,0.03903901467044596,0.07597504556179047
16,360,2,0.01,42,0.9987863898277283,0.001237211748957634,0.03517402093815312,0.06643123924732208
16,360,2,0.01,43,0.9960289001464844,0.0040483926422894,0.0636269804586812,0.15982715785503387
16,360,2,0.01,44,0.998291015625,0.0017422381788492203,0.041740126722965516,0.07655778527259827
16,360,2,0.01,45,0.9987263679504395,0.0012983942870050669,0.036033238641635684,0.06561875343322754
16,360,2,0.01,46,0.9987817406654358,0.0012419677805155516,0.03524156325300499,0.0792420506477356
16,360,2,0.01,47,0.9991435408592224,0.0008731339476071298,0.02954884003826766,0.0684007778763771
16,360,2,0.01,48,0.9990074038505554,0.0010119074722751975,0.03181049311587605,0.06047133728861809
16,360,2,0.01,49,0.9990832805633545,0.0009345761500298977,0.030570838229101564,0.05235935002565384
16,360,2,0.01,50,0.9991531372070312,0.0008633751422166824,0.029383245944188712,0.06728971749544144
16,360,2,0.01,51,0.998369038105011,0.001662714872509241,0.04077640092638438,0.08483938872814178
16,360,2,0.01,52,0.9971479177474976,0.002907568821683526,0.053921877022999914,0.1378621906042099
16,360,2,0.01,53,0.9989436864852905,0.0010768852662295103,0.032815930068025044,0.06459887325763702
16,360,2,0.01,54,0.9989691972732544,0.0010508683044463396,0.03241709895173132,0.07595942169427872
16,360,2,0.01,55,0.9990353584289551,0.0009834370575845242,0.031359800024625864,0.07956790924072266
16,360,2,0.01,56,0.9992510676383972,0.0007634913781657815,0.027631347744288215,0.053333550691604614
16,360,2,0.01,57,0.9990043640136719,0.0010149871231988072,0.03185886255343726,0.05867689475417137
16,360,2,0.01,58,0.9984925389289856,0.0015368120511993766,0.039202194469179615,0.08042871952056885
16,360,2,0.01,59,0.9986622929573059,0.0013637456577271223,0.03692892711313344,0.0713031142950058
16,360,2,0.01,60,0.9987000823020935,0.0013252203352749348,0.036403575858354006,0.06016252189874649
16,360,2,0.01,61,0.9986169338226318,0.0014100117841735482,0.03755012362394494,0.11332768946886063
16,360,2,0.01,62,0.9990620017051697,0.0009562520426698029,0.030923325220127976,0.05645701289176941
16,360,2,0.01,63,0.999165952205658,0.0008502596756443381,0.02915921253470913,0.05457770824432373
16,360,2,0.01,64,0.9992482662200928,0.0007663773139938712,0.02768352062137096,0.05170072242617607
16,360,2,0.01,65,0.9987640976905823,0.0012599534820765257,0.035495823445534064,0.07179389148950577
16,360,2,0.01,66,0.9989674091339111,0.0010527023114264011,0.03244537426855177,0.08244708180427551
16,360,2,0.01,67,0.9990569353103638,0.0009613977745175362,0.03100641505426798,0.053156908601522446
16,360,2,0.01,68,0.9990162253379822,0.0010028914548456669,0.03166846151687301,0.05863527953624725
16,360,2,0.01,69,0.9990452527999878,0.0009733549086377025,0.03119863632657207,0.06147952750325203
16,360,2,0.01,70,0.9983754754066467,0.0016561264637857676,0.04069553370808359,0.05007883533835411
16,360,2,0.01,71,0.9976500272750854,0.0023957104422152042,0.04894599516012729,0.09875805675983429
16,360,2,0.01,72,0.9989418387413025,0.0010787529172375798,0.032844374209864004,0.07335618883371353
16,360,2,0.01,73,0.998469352722168,0.0015604103682562709,0.039502029925768005,0.06917805969715118
16,360,2,0.01,74,0.9992265105247498,0.0007885619415901601,0.028081345081569013,0.06379056721925735
16,360,2,0.01,75,0.9988577961921692,0.0011644130572676659,0.03412349714299028,0.06848426163196564
16,360,2,0.01,76,0.998953104019165,0.0010672826319932938,0.03266929188080595,0.057550087571144104
16,360,2,0.01,77,0.9986282587051392,0.001398419844917953,0.03739545219566081,0.07703384757041931
16,360,2,0.01,78,0.9975905418395996,0.002456342102959752,0.049561498191234614,0.101230189204216
16,360,2,0.01,79,0.9988558292388916,0.001166423549875617,0.03415294350236326,0.054171524941921234
16,360,2,0.01,80,0.9992467761039734,0.0007678746478632092,0.027710551200999398,0.050059039145708084
16,360,2,0.01,81,0.999096691608429,0.0009208951378241181,0.03034625409872062,0.05386349931359291
16,360,2,0.01,82,0.9990918636322021,0.0009258392965421081,0.0304276074731831,0.04812275990843773
16,360,2,0.01,83,0.9963430166244507,0.0037281718105077744,0.06105875703376031,0.10644035786390305
16,360,2,0.01,84,0.9989572763442993,0.0010630012257024646,0.03260369957079203,0.0962643027305603
16,360,2,0.01,85,0.9990392327308655,0.0009794436627998948,0.03129606465356139,0.04989488050341606
16,360,2,0.01,86,0.9991520047187805,0.0008644760819151998,0.0294019741159535,0.04947272688150406
16,360,2,0.01,87,0.9984835386276245,0.001545953331515193,0.03931861304160147,0.07454609870910645
16,360,2,0.01,88,0.9990304708480835,0.0009884033352136612,0.03143888253761035,0.06395440548658371
16,360,2,0.01,89,0.9988824129104614,0.0011393488384783268,0.03375424178497166,0.05431355535984039
16,360,2,0.01,90,0.9985229969024658,0.0015057489508762956,0.038803981121481534,0.06581735610961914
16,360,2,0.01,91,0.9989346265792847,0.0010861094342544675,0.03295617444811317,0.07587036490440369
16,360,2,0.01,92,0.9985630512237549,0.0014649095246568322,0.03827413649786017,0.08291573077440262
16,360,2,0.01,93,0.998291552066803,0.0017417030176147819,0.0417337155980004,0.06857737898826599
16,360,2,0.01,94,0.9994345903396606,0.0005764066590927541,0.024008470569629257,0.04809348285198212
16,360,2,0.01,95,0.9989257454872131,0.0010951899457722902,0.033093654161671086,0.050343841314315796
16,360,2,0.01,96,0.9994773268699646,0.000532869016751647,0.023083955829788946,0.06052954122424126
16,360,2,0.01,97,0.9994478225708008,0.0005628963699564338,0.0237254371921032,0.05537838116288185
16,360,2,0.01,98,0.9989535808563232,0.0010668038157746196,0.03266196282795355,0.07679175585508347
16,360,2,0.01,99,0.9985058903694153,0.0015232018195092678,0.0390282182466644,0.07243774086236954
16,360,2,0.01,100,0.9982826113700867,0.0017508055316284299,0.0418426281634941,0.06909800320863724
17,360,2,0.01,1,0.9862796664237976,0.013987372629344463,0.11826822324421916,0.3413628339767456
17,360,2,0.01,2,0.9917656779289246,0.008394596166908741,0.09162202882990936,0.24126221239566803
17,360,2,0.01,3,0.9938749670982361,0.006244238931685686,0.07902049690862294,0.22854465246200562
17,360,2,0.01,4,0.9950541853904724,0.005042062606662512,0.07100748275120385,0.20128999650478363
17,360,2,0.01,5,0.9950045943260193,0.005092655308544636,0.07136284263217543,0.18816518783569336
17,360,2,0.01,6,0.9952236413955688,0.004869336728006601,0.06978063290058784,0.16267895698547363
17,360,2,0.01,7,0.9956847429275513,0.004399272613227367,0.06632701269639217,0.1519397795200348
17,360,2,0.01,8,0.9961976408958435,0.0038763396441936493,0.06226025734120964,0.13134339451789856
17,360,2,0.01,9,0.9972859621047974,0.0027668483089655638,0.052600839432137995,0.16019581258296967
17,360,2,0.01,10,0.9965042471885681,0.0035637670662254095,0.059697295300753864,0.17146828770637512
17,360,2,0.01,11,0.9969635605812073,0.0030955651309341192,0.0556378030742958,0.15889635682106018
17,360,2,0.01,12,0.9973333477973938,0.002718560164794326,0.052139813624468644,0.13737040758132935
17,360,2,0.01,13,0.9973642230033875,0.0026870528236031532,0.051836790251742565,0.1207866296172142
17,360,2,0.01,14,0.997757613658905,0.002286004601046443,0.04781218046739181,0.14237679541110992
17,360,2,0.01,15,0.9964902997016907,0.00357801909558475,0.0598165453330828,0.17943315207958221
17,360,2,0.01,16,0.9977030158042908,0.0023416883777827024,0.04839099480050707,0.10250810533761978
17,360,2,0.01,17,0.9975885152816772,0.002458420116454363,0.04958245774923186,0.15076063573360443
17,360,2,0.01,18,0.9983319044113159,0.0017005434492602944,0.04123764601987236,0.10712745040655136
17,360,2,0.01,19,0.9981908798217773,0.0018443334847688675,0.042945703915163246,0.10064789652824402
17,360,2,0.01,20,0.997882604598999,0.002158575924113393,0.04646047701125541,0.10318940877914429
17,360,2,0.01,21,0.9980958104133606,0.0019412282854318619,0.04405937227687047,0.11404795944690704
17,360,2,0.01,22,0.9981653690338135,0.0018703596433624625,0.04324765477297541,0.07291007786989212
17,360,2,0.01,23,0.9979987144470215,0.0020402621012181044,0.04516926057860705,0.11024529486894608
17,360,2,0.01,24,0.997769296169281,0.002274125348776579,0.04768779035326106,0.09346984326839447
17,360,2,0.01,25,0.9980316162109375,0.002006706316024065,0.04479627569367865,0.11680559813976288
17,360,2,0.01,26,0.998312771320343,0.0017200583824887872,0.04147358656408663,0.07840264588594437
17,360,2,0.01,27,0.9978305101394653,0.0022117048501968384,0.047028766198964206,0.10234842449426651
17,360,2,0.01,28,0.9982239603996277,0.0018106206553056836,0.04255138840632211,0.0717950165271759
17,360,2,0.01,29,0.9972650408744812,0.002788183744996786,0.052803255060619,0.08337055146694183
17,360,2,0.01,30,0.9979638457298279,0.0020758023019880056,0.0455609734530333,0.07926490157842636
17,360,2,0.01,31,0.9970886707305908,0.0029680223669856787,0.05447955916658723,0.09962369501590729
17,360,2,0.01,32,0.9981242418289185,0.0019122814992442727,0.04372964096861844,0.07122555375099182
17,360,2,0.01,33,0.9981405735015869,0.0018956224666908383,0.04353874672852721,0.07735062390565872
17,360,2,0.01,34,0.9980248212814331,0.0020136095117777586,0.04487326054319831,0.06918630748987198
17,360,2,0.01,35,0.9982153177261353,0.0018194306176155806,0.04265478422891834,0.07421273738145828
17,360,2,0.01,36,0.9981786608695984,0.001856793649494648,0.04309052853580062,0.07019348442554474
17,360,2,0.01,37,0.9981598854064941,0.0018759024096652865,0.04331168906502362,0.06906331330537796
17,360,2,0.01,38,0.9979217648506165,0.0021187136881053448,0.04602948715883488,0.06714413315057755
17,360,2,0.01,39,0.9978866577148438,0.002154446439817548,0.04641601490668439,0.09502564370632172
17,360,2,0.01,40,0.9979891180992126,0.0020500298123806715,0.0452772549121595,0.08454397320747375
17,360,2,0.01,41,0.9981294274330139,0.001906989375129342,0.04366908946989097,0.06544326990842819
17,360,2,0.01,42,0.9969921708106995,0.0030663530342280865,0.05537466057889733,0.11391434073448181
17,360,2,0.01,43,0.9972470998764038,0.0028064886573702097,0.05297630279068378,0.10348521173000336
17,360,2,0.01,44,0.9980305433273315,0.002007770584896207,0.04480815310740007,0.08008325845003128
17,360,2,0.01,45,0.9982200860977173,0.001814539427869022,0.04259741104655331,0.0733199492096901
17,360,2,0.01,46,0.9984136819839478,0.0016172068426385522,0.040214510349357135,0.05896396562457085
17,360,2,0.01,47,0.9985882043838501,0.0014392840676009655,0.03793789751160395,0.06660797446966171
17,360,2,0.01,48,0.9981876611709595,0.001847602310590446,0.042983744725075386,0.0673973336815834
17,360,2,0.01,49,0.9981721043586731,0.0018634786829352379,0.04316802848098623,0.07468707859516144
17,360,2,0.01,50,0.9981827735900879,0.0018526135245338082,0.04304199721822639,0.06949213147163391
17,360,2,0.01,51,0.9981757402420044,0.0018597602611407638,0.04312493781028286,0.07055716961622238
17,360,2,0.01,52,0.9980282783508301,0.002010118216276169,0.044834341929777095,0.053784023970365524
17,360,2,0.01,53,0.9979791045188904,0.002060218248516321,0.0453896271026357,0.08029758930206299
17,360,2,0.01,54,0.9986307621002197,0.0013958871131762862,0.037361572680714154,0.06095008924603462
17,360,2,0.01,55,0.9973004460334778,0.002752095926553011,0.052460422477835715,0.08112363517284393
17,360,2,0.01,56,0.9980025291442871,0.002036342164501548,0.04512584807515032,0.08978867530822754
17,360,2,0.01,57,0.9983741641044617,0.0016574508044868708,0.04071180178384237,0.07862159609794617
17,360,2,0.01,58,0.9975216388702393,0.002526627853512764,0.05026557324365021,0.09173697978258133
17,360,2,0.01,59,0.9982437491416931,0.0017904541455209255,0.042313758347858034,0.07306568324565887
17,360,2,0.01,60,0.9981375932693481,0.001898651709780097,0.04357352074115766,0.05968353897333145
17,360,2,0.01,61,0.9967778921127319,0.0032848434057086706,0.0573135534207108,0.14588390290737152
17,360,2,0.01,62,0.9984912276268005,0.0015381134580820799,0.039218789605010504,0.058585841208696365
17,360,2,0.01,63,0.9977390766143799,0.0023049120791256428,0.048009499884144206,0.1131506860256195
17,360,2,0.01,64,0.9985846877098083,0.0014428328722715378,0.037984639951848136,0.047553807497024536
17,360,2,0.01,65,0.9980898499488831,0.0019473247230052948,0.0441285023879725,0.06163043528795242
17,360,2,0.01,66,0.9986250400543213,0.001401720568537712,0.03743955887210361,0.056437037885189056
17,360,2,0.01,67,0.9988546371459961,0.001167674781754613,0.03417125666045387,0.04970192909240723
17,360,2,0.01,68,0.9981845617294312,0.0018507764907553792,0.04302065190993018,0.07646771520376205
17,360,2,0.01,69,0.9980694055557251,0.001968179363757372,0.04436416756524765,0.0729222372174263
17,360,2,0.01,70,0.9979702234268188,0.002069293987005949,0.045489493149582894,0.07450127601623535
17,360,2,0.01,71,0.9985250234603882,0.0015036632539704442,0.03877709702866428,0.07782357931137085
17,360,2,0.01,72,0.9987148642539978,0.0013101183576509356,0.03619555715348136,0.06580338627099991
17,360,2,0.01,73,0.9990252256393433,0.0009937521535903215,0.031523834690442114,0.04986971989274025
17,360,2,0.01,74,0.9987594485282898,0.0012646849500015378,0.0355624092266193,0.0950557067990303
17,360,2,0.01,75,0.9987463355064392,0.001278078299947083,0.035750220977597925,0.07198251783847809
17,360,2,0.01,76,0.9987726211547852,0.0012512612156569958,0.03537317084538783,0.05667855218052864
17,360,2,0.01,77,0.9985480904579163,0.001480146194808185,0.03847266815296523,0.0713629499077797
17,360,2,0.01,78,0.9973031878471375,0.0027492865920066833,0.052433639888974745,0.1053144782781601
17,360,2,0.01,79,0.9987460374832153,0.0012783404672518373,0.03575388744251228,0.05933732911944389
17,360,2,0.01,80,0.9989100694656372,0.001111134304665029,0.03333368123482657,0.05192313715815544
17,360,2,0.01,81,0.9987759590148926,0.0012478877324610949,0.03532545445512478,0.054671019315719604
17,360,2,0.01,82,0.9990153908729553,0.0010037999600172043,0.03168280227532287,0.04435702785849571
17,360,2,0.01,83,0.9991024732589722,0.0009150027181021869,0.03024901185331823,0.048587143421173096
17,360,2,0.01,84,0.9986240863800049,0.001402687863446772,0.03745247473060721,0.05069373548030853
17,360,2,0.01,85,0.9990039467811584,0.0010154340416193008,0.031865875817546595,0.050652895122766495
17,360,2,0.01,86,0.9987302422523499,0.00129446922801435,0.03597873299623473,0.05707474425435066
17,360,2,0.01,87,0.998651921749115,0.001374311512336135,0.03707170770730875,0.07523518055677414
17,360,2,0.01,88,0.9983767867088318,0.0016547873383387923,0.04067907740274836,0.10048361122608185
17,360,2,0.01,89,0.9986037015914917,0.0014234714908525348,0.03772892114615172,0.0651978924870491
17,360,2,0.01,90,0.9987183809280396,0.00130654766689986,0.036146198512428104,0.06877517700195312
17,360,2,0.01,91,0.9988819360733032,0.0011398295173421502,0.033761361307597625,0.06475135684013367
17,360,2,0.01,92,0.9989877939224243,0.001031909603625536,0.03212334981949323,0.057359397411346436
17,360,2,0.01,93,0.9991915225982666,0.0008241950417868793,0.028708797289104245,0.05321819707751274
17,360,2,0.01,94,0.9988044500350952,0.0012188301188871264,0.034911747577099694,0.060821425169706345
17,360,2,0.01,95,0.9988146424293518,0.0012084366753697395,0.03476257578732824,0.08049028366804123
17,360,2,0.01,96,0.9990012645721436,0.0010181721299886703,0.031908809598427054,0.057891953736543655
17,360,2,0.01,97,0.9989575147628784,0.001062755356542766,0.03259992878125297,0.057787563651800156
17,360,2,0.01,98,0.9984260201454163,0.0016045961529016495,0.04005741071139833,0.06334131211042404
17,360,2,0.01,99,0.9990103244781494,0.0010089650750160217,0.031764210599604416,0.06256499141454697
17,360,2,0.01,100,0.9989230036735535,0.0010979727376252413,0.03313567167910198,0.048804137855768204
18,360,2,0.01,1,0.9884366989135742,0.011788337491452694,0.10857411059480383,0.31775379180908203
18,360,2,0.01,2,0.9926557540893555,0.007487175054848194,0.08652846384195315,0.2148025631904602
18,360,2,0.01,3,0.9939971566200256,0.006119672209024429,0.07822833379936217,0.1394883692264557
18,360,2,0.01,4,0.9934403300285339,0.006687321234494448,0.08177604315748255,0.13113519549369812
18,360,2,0.01,5,0.9937084913253784,0.006413938943296671,0.08008707101209703,0.12246309220790863
18,360,2,0.01,6,0.9960763454437256,0.003999991808086634,0.06324548844057284,0.10118712484836578
18,360,2,0.01,7,0.9964006543159485,0.0036694046575576067,0.0605756110786974,0.09260227531194687
18,360,2,0.01,8,0.9965100288391113,0.003557914635166526,0.05964825760377688,0.11179383099079132
18,360,2,0.01,9,0.9961901903152466,0.0038839695043861866,0.06232150114034631,0.10632988810539246
18,360,2,0.01,10,0.9968253374099731,0.0032364637590944767,0.0568899266926446,0.13128529489040375
18,360,2,0.01,11,0.9969953894615173,0.00306309899315238,0.05534527073881182,0.09463835507631302
18,360,2,0.01,12,0.9971394538879395,0.0029162196442484856,0.054002033704745656,0.10562697052955627
18,360,2,0.01,13,0.9971892833709717,0.0028654183261096478,0.05352960233468625,0.0927215963602066
18,360,2,0.01,14,0.9971018433570862,0.002954551251605153,0.05435578397562814,0.10674356669187546
18,360,2,0.01,15,0.9968810081481934,0.0031797250267118216,0.05638905059239623,0.1287882775068283
18,360,2,0.01,16,0.9979031682014465,0.002137669362127781,0.04623493659699104,0.08101803809404373
18,360,2,0.01,17,0.9982048869132996,0.00183002557605505,0.0427787982072317,0.07869796454906464
18,360,2,0.01,18,0.9979814291000366,0.0020578503608703613,0.04536353558608898,0.07845061272382736
18,360,2,0.01,19,0.9981817603111267,0.0018536128336563706,0.0430536041889221,0.08722995221614838
18,360,2,0.01,20,0.9965602159500122,0.0035067277494817972,0.05921763039401186,0.09733078628778458
18,360,2,0.01,21,0.998214602470398,0.001820131205022335,0.04266299573426994,0.07017047703266144
18,360,2,0.01,22,0.9985899329185486,0.00143753073643893,0.037914782558244084,0.06974955648183823
18,360,2,0.01,23,0.9985402226448059,0.001488159759901464,0.038576673779649066,0.07482512295246124
18,360,2,0.01,24,0.9961614608764648,0.0039132265374064445,0.06255578740137833,0.15291495621204376
18,360,2,0.01,25,0.9982821941375732,0.0017512382473796606,0.04184779859657686,0.06533607095479965
18,360,2,0.01,26,0.9986146092414856,0.0014123436994850636,0.037581161497285624,0.08964226394891739
18,360,2,0.01,27,0.9988340735435486,0.0011886204592883587,0.03447637537921234,0.06540048867464066
18,360,2,0.01,28,0.9988073110580444,0.0012158887693658471,0.03486959663325412,0.06062701344490051
18,360,2,0.01,29,0.9986853003501892,0.0013402621261775494,0.03660959063111126,0.07398339360952377
18,360,2,0.01,30,0.9988207221031189,0.0012022509472444654,0.03467349055466532,0.058226995170116425
18,360,2,0.01,31,0.9988969564437866,0.0011245041387155652,0.033533626984201474,0.06531962752342224
18,360,2,0.01,32,0.9987848401069641,0.0012388303875923157,0.03519702242509039,0.07163909822702408
18,360,2,0.01,33,0.9982390403747559,0.0017952481284737587,0.04237036851944716,0.11116375774145126
18,360,2,0.01,34,0.9990646243095398,0.0009535970166325569,0.030880366199780677,0.06690675765275955
18,360,2,0.01,35,0.9989466071128845,0.0010738743003457785,0.03277002136626979,0.06850560009479523
18,360,2,0.01,36,0.9991298317909241,0.0008870933088473976,0.029784111684711994,0.05451152101159096
18,360,2,0.01,37,0.9991031289100647,0.0009143354254774749,0.030237979851132166,0.056234970688819885
18,360,2,0.01,38,0.9987583756446838,0.001265819533728063,0.03557835765922962,0.08615114539861679
18,360,2,0.01,39,0.999098002910614,0.0009195611346513033,0.030324266432204146,0.06282863765954971
18,360,2,0.01,40,0.9989244937896729,0.0010964240645989776,0.03311229476492044,0.07652478665113449
18,360,2,0.01,41,0.9987393021583557,0.001285263802856207,0.035850576046365094,0.05880696699023247
18,360,2,0.01,42,0.9992271065711975,0.0007879329496063292,0.02807014338414268,0.048849962651729584
18,360,2,0.01,43,0.9956216812133789,0.004463539458811283,0.06680972578009345,0.13671965897083282
18,360,2,0.01,44,0.9990310668945312,0.0009877822594717145,0.03142900347563878,0.07225008308887482
18,360,2,0.01,45,0.9993147253990173,0.0006986178341321647,0.026431379724338355,0.051035426557064056
18,360,2,0.01,46,0.9993428587913513,0.0006699138903059065,0.025882694803785532,0.054537609219551086
18,360,2,0.01,47,0.9990381002426147,0.0009806486777961254,0.0313153105971524,0.07484575361013412
18,360,2,0.01,48,0.9994603395462036,0.000550188822671771,0.023456104166544176,0.04702719673514366
18,360,2,0.01,49,0.9988337755203247,0.0011889304732903838,0.03448087112139692,0.068415068089962
18,360,2,0.01,50,0.9988890886306763,0.0011325606610625982,0.033653538611305024,0.07089648395776749
18,360,2,0.01,51,0.9990761280059814,0.0009418430854566395,0.030689462123938235,0.056239765137434006
18,360,2,0.01,52,0.9990814924240112,0.0009363646386191249,0.030600075794336275,0.06593140959739685
18,360,2,0.01,53,0.9995706677436829,0.00043771666241809726,0.020921679244699676,0.040255479514598846
18,360,2,0.01,54,0.999100923538208,0.0009165895753540099,0.030275230393078924,0.06518930196762085
18,360,2,0.01,55,0.9952042698860168,0.004889066331088543,0.0699218587502402,0.1759599894285202
18,360,2,0.01,56,0.9994016885757446,0.0006099299644120038,0.02469676020072276,0.05003366991877556
18,360,2,0.01,57,0.9993041753768921,0.0007093437016010284,0.02663350712168843,0.056881871074438095
18,360,2,0.01,58,0.9994434118270874,0.0005674365093000233,0.02382092586991579,0.05493143945932388
18,360,2,0.01,59,0.9992887377738953,0.0007250817725434899,0.026927342470869454,0.05427451804280281
18,360,2,0.01,60,0.9994398951530457,0.0005710221012122929,0.023896068739696345,0.04473866894841194
18,360,2,0.01,61,0.999293327331543,0.0007204489083960652,0.02684117934063377,0.056389547884464264
18,360,2,0.01,62,0.9991979598999023,0.0008176385308615863,0.02859437935786658,0.0690239667892456
18,360,2,0.01,63,0.9995771050453186,0.0004311499069444835,0.020764149559866003,0.04422285780310631
18,360,2,0.01,64,0.9988606572151184,0.0011615322437137365,0.034081259420886086,0.08533680438995361
18,360,2,0.01,65,0.9994785189628601,0.0005316500319167972,0.023057537420912867,0.0634528174996376
18,360,2,0.01,66,0.9991790652275085,0.0008369305287487805,0.028929751619203033,0.05347593128681183
18,360,2,0.01,67,0.9991666674613953,0.0008495572838000953,0.02914716596515166,0.05413270741701126
18,360,2,0.01,68,0.9994660019874573,0.0005443709087558091,0.023331757515365384,0.046844832599163055
18,360,2,0.01,69,0.9994804263114929,0.0005296997260302305,0.02301520640859496,0.04714088886976242
18,360,2,0.01,70,0.9993304014205933,0.0006826416938565671,0.02612741268967456,0.05546048283576965
18,360,2,0.01,71,0.999374270439148,0.0006378860562108457,0.025256406241008354,0.057000380009412766
18,360,2,0.01,72,0.9990812540054321,0.0009366339072585106,0.030604475281541924,0.054959334433078766
18,360,2,0.01,73,0.9990893602371216,0.0009283481631428003,0.030468806395111712,0.08827261626720428
18,360,2,0.01,74,0.9996707439422607,0.00033568317303434014,0.01832165857760536,0.05253706872463226
18,360,2,0.01,75,0.9995352625846863,0.00047375622671097517,0.021765941898088746,0.050437990576028824
18,360,2,0.01,76,0.9995979070663452,0.0004099480283912271,0.02024717334324046,0.04365372657775879
18,360,2,0.01,77,0.9996483325958252,0.00035852959263138473,0.018934877676694526,0.04604066535830498
18,360,2,0.01,78,0.9996048808097839,0.00040279445238411427,0.020069739718893073,0.045137710869312286
18,360,2,0.01,79,0.9992422461509705,0.0007725207833573222,0.027794258100502022,0.07505032420158386
18,360,2,0.01,80,0.9996625781059265,0.00034397467970848083,0.018546554389117155,0.04489630460739136
18,360,2,0.01,81,0.9988976716995239,0.0011237749131396413,0.03352275217131853,0.06362690776586533
18,360,2,0.01,82,0.999660313129425,0.00034629704896360636,0.01860905825031472,0.04369985684752464
18,360,2,0.01,83,0.999448299407959,0.0005624652840197086,0.023716350562843953,0.07623057067394257
18,360,2,0.01,84,0.9993705749511719,0.0006416542455554008,0.025330895080028278,0.06100038066506386
18,360,2,0.01,85,0.9995856285095215,0.0004224503936711699,0.02055359807116919,0.0728946402668953
18,360,2,0.01,86,0.999221682548523,0.0007934584282338619,0.028168394136582616,0.05896669998764992
18,360,2,0.01,87,0.9995890855789185,0.000418896961491555,0.020466972455435488,0.05792476236820221
18,360,2,0.01,88,0.9989311695098877,0.001089656027033925,0.03300993830702997,0.07198262214660645
18,360,2,0.01,89,0.9995971322059631,0.0004106801643501967,0.02026524523291531,0.0581321194767952
18,360,2,0.01,90,0.9979426860809326,0.0020973356440663338,0.04579667721643497,0.08332528173923492
18,360,2,0.01,91,0.9997259974479675,0.00027930879150517285,0.016712533964218977,0.045621927827596664
18,360,2,0.01,92,0.9996119737625122,0.0003955903521273285,0.01988945328879928,0.05047488212585449
18,360,2,0.01,93,0.9996522068977356,0.00035458526690490544,0.018830434591503867,0.052134450525045395
18,360,2,0.01,94,0.9997237920761108,0.0002815628831740469,0.016779835612247423,0.044145915657281876
18,360,2,0.01,95,0.999597430229187,0.00041041552321985364,0.020258714747482223,0.055938612669706345
18,360,2,0.01,96,0.9995047450065613,0.0005049172905273736,0.022470364717275364,0.050076041370630264
18,360,2,0.01,97,0.9996054768562317,0.0004022193606942892,0.02005540726822293,0.05203605443239212
18,360,2,0.01,98,0.9995748400688171,0.0004334588011261076,0.020819673415452693,0.057383742183446884
18,360,2,0.01,99,0.9996931552886963,0.00031281658448278904,0.017686621624346154,0.04774083197116852
18,360,2,0.01,100,0.9992097616195679,0.0008056071237660944,0.028383219052216302,0.07732511311769485
19,360,2,0.01,1,0.9903759360313416,0.009811381809413433,0.09905241950307642,0.34975069761276245
19,360,2,0.01,2,0.9941220879554749,0.0059922910295426846,0.07740988973989489,0.2032720297574997
19,360,2,0.01,3,0.9955293536186218,0.004557667765766382,0.06751050115179402,0.1633288711309433
19,360,2,0.01,4,0.996435821056366,0.003633525688201189,0.060278733299574144,0.15289676189422607
19,360,2,0.01,5,0.996898353099823,0.003162040375173092,0.05623202268434857,0.10991458594799042
19,360,2,0.01,6,0.9972161054611206,0.0028380570001900196,0.0532734173879433,0.10973231494426727
19,360,2,0.01,7,0.9975078701972961,0.0025406167842447758,0.050404531386024964,0.10202183574438095
19,360,2,0.01,8,0.9968422651290894,0.003219188656657934,0.056737894362215574,0.11087855696678162
19,360,2,0.01,9,0.9968799948692322,0.00318070687353611,0.0563977559264206,0.1100432425737381
19,360,2,0.01,10,0.9977090358734131,0.002335551893338561,0.04832754797564802,0.10097985714673996
19,360,2,0.01,11,0.9974532127380371,0.002596371341496706,0.05095460078831651,0.09342309087514877
19,360,2,0.01,12,0.9962630271911621,0.003809706773608923,0.061722822145531576,0.0940997377038002
19,360,2,0.01,13,0.9974805116653442,0.0025685345754027367,0.050680712064874706,0.09231419861316681
19,360,2,0.01,14,0.9978768229484558,0.002164488658308983,0.04652406536738791,0.08348698168992996
19,360,2,0.01,15,0.9971238970756531,0.0029320986941456795,0.054148856812916,0.09905914962291718
19,360,2,0.01,16,0.9972744584083557,0.0027785967104136944,0.05271239617408503,0.09186188131570816
19,360,2,0.01,17,0.9965096116065979,0.0035583062563091516,0.05965154026770098,0.09096048772335052
19,360,2,0.01,18,0.994844377040863,0.005255962256342173,0.07249801553382115,0.10398238152265549
19,360,2,0.01,19,0.9964013695716858,0.0036686791572719812,0.06056962239664353,0.1375676989555359
19,360,2,0.01,20,0.9977157711982727,0.0023286764044314623,0.04825636128461679,0.09359889477491379
19,360,2,0.01,21,0.9978841543197632,0.0021570485550910234,0.04644403680873384,0.07904330641031265
19,360,2,0.01,22,0.9971761703491211,0.0028787681367248297,0.05365415302401884,0.08071507513523102
19,360,2,0.01,23,0.99759840965271,0.0024483604356646538,0.04948090981039712,0.10501633584499359
19,360,2,0.01,24,0.9975613951683044,0.0024860380217432976,0.04986018473434788,0.08208610862493515
19,360,2,0.01,25,0.9971908926963806,0.0028638013172894716,0.05351449632846666,0.09327587485313416
19,360,2,0.01,26,0.997794508934021,0.002248409204185009,0.0474173934773413,0.08217938244342804
19,360,2,0.01,27,0.9976089596748352,0.0024375682696700096,0.04937173553431163,0.09267497062683105
19,360,2,0.01,28,0.9980021715164185,0.0020366995595395565,0.0451298078828124,0.0726601704955101
19,360,2,0.01,29,0.9972444772720337,0.002809138735756278,0.05300130881172915,0.1213403269648552
19,360,2,0.01,30,0.9977911710739136,0.002251798752695322,0.04745312163277904,0.07148443162441254
19,360,2,0.01,31,0.9984568953514099,0.0015731081366539001,0.03966242726629196,0.07084635645151138
19,360,2,0.01,32,0.9969971179962158,0.0030613394919782877,0.05532937277774155,0.11507511138916016
19,360,2,0.01,33,0.9980900883674622,0.0019471009727567434,0.0441259671027927,0.08183548599481583
19,360,2,0.01,34,0.9979835152626038,0.0020557576790452003,0.045340464036500557,0.11002490669488907
19,360,2,0.01,35,0.9984599351882935,0.0015700305812060833,0.039623611410446714,0.06161964684724808
19,360,2,0.01,36,0.9986388683319092,0.0013875936856493354,0.03725041859696795,0.06293914467096329
19,360,2,0.01,37,0.9986771941184998,0.001348551595583558,0.0367226305645927,0.06106692925095558
19,360,2,0.01,38,0.9987010359764099,0.0013242581626400352,0.0363903580999148,0.070533886551857
19,360,2,0.01,39,0.9981653690338135,0.0018703513778746128,0.043247559212915274,0.07494354248046875
19,360,2,0.01,40,0.9988378286361694,0.0011847683927044272,0.03442046473690365,0.10079619288444519
19,360,2,0.01,41,0.9987066984176636,0.0013184839626774192,0.036310934478162624,0.07125134021043777
19,360,2,0.01,42,0.9986220598220825,0.0014047655276954174,0.03748020180969437,0.059214599430561066
19,360,2,0.01,43,0.9968539476394653,0.0032072693575173616,0.056632758695982326,0.14425122737884521
19,360,2,0.01,44,0.9986708760261536,0.0013549774885177612,0.03681001886060045,0.08153387159109116
19,360,2,0.01,45,0.9988818168640137,0.0011399340583011508,0.03376290950586384,0.06387022882699966
19,360,2,0.01,46,0.9990472197532654,0.0009713501785881817,0.031166491278104787,0.08547122776508331
19,360,2,0.01,47,0.9989501237869263,0.0010703110601752996,0.03271560881559901,0.07191936671733856
19,360,2,0.01,48,0.9985160231590271,0.0015128660015761852,0.03889557817511118,0.09912792593240738
19,360,2,0.01,49,0.9975861310958862,0.0024608338717371225,0.049606792596751534,0.11443481594324112
19,360,2,0.01,50,0.998543918132782,0.0014843936078250408,0.038527829004825084,0.07525854557752609
19,360,2,0.01,51,0.999040961265564,0.0009777124505490065,0.03126839379547671,0.05837521702051163
19,360,2,0.01,52,0.9967764616012573,0.0032863011583685875,0.057326269356801754,0.08674678951501846
19,360,2,0.01,53,0.9982573390007019,0.0017765690572559834,0.042149366036228625,0.10104451328516006
19,360,2,0.01,54,0.9988327026367188,0.0011900037061423063,0.034496430339127936,0.06905800104141235
19,360,2,0.01,55,0.9985884428024292,0.0014390217838808894,0.03793444060324192,0.08012594282627106
19,360,2,0.01,56,0.9987896680831909,0.001233903574757278,0.03512696364272434,0.064772829413414
19,360,2,0.01,57,0.9991223812103271,0.0008947092574089766,0.029911690982105586,0.05607306584715843
19,360,2,0.01,58,0.9981651306152344,0.0018706104019656777,0.043250553776404736,0.10829725116491318
19,360,2,0.01,59,0.9987671971321106,0.0012568270321935415,0.035451756404916546,0.07216069847345352
19,360,2,0.01,60,0.9988225698471069,0.00120034150313586,0.03464594497391953,0.0608261376619339
19,360,2,0.01,61,0.9992088079452515,0.0008065736619755626,0.028400240526720237,0.05211270973086357
19,360,2,0.01,62,0.9985297322273254,0.0014988882467150688,0.03871547812845747,0.08050846308469772
19,360,2,0.01,63,0.9988960027694702,0.00112550996709615,0.03354862094179357,0.06589370965957642
19,360,2,0.01,64,0.9990136623382568,0.0010055071907117963,0.03170973337497173,0.05505959689617157
19,360,2,0.01,65,0.9991229176521301,0.0008941704290919006,0.02990268264039032,0.07489451766014099
19,360,2,0.01,66,0.9991163015365601,0.0009008953347802162,0.030014918536957855,0.054184917360544205
19,360,2,0.01,67,0.9985073208808899,0.0015217274194583297,0.039009324775729326,0.08241134881973267
19,360,2,0.01,68,0.9990781545639038,0.0009397882968187332,0.030655966740892927,0.06219174712896347
19,360,2,0.01,69,0.9992641806602478,0.0007501639775000513,0.02738912151749397,0.05664755031466484
19,360,2,0.01,70,0.9988735318183899,0.001148416893556714,0.03388830024590661,0.06810096651315689
19,360,2,0.01,71,0.9991148114204407,0.0009024211904034019,0.03004032607019108,0.06003855541348457
19,360,2,0.01,72,0.996383547782898,0.0036868304014205933,0.060719275369692884,0.13472016155719757
19,360,2,0.01,73,0.9987441301345825,0.0012803231365978718,0.035781603326260715,0.06971410661935806
19,360,2,0.01,74,0.9988444447517395,0.0011780165368691087,0.03432224551029709,0.059367433190345764
19,360,2,0.01,75,0.9991234540939331,0.0008935929508879781,0.02989302512105421,0.0447206124663353
19,360,2,0.01,76,0.9984551668167114,0.0015749253798276186,0.03968532952902897,0.05919284000992775
19,360,2,0.01,77,0.9986958503723145,0.001329554244875908,0.036463053148027905,0.07713518291711807
19,360,2,0.01,78,0.9987236261367798,0.0013012008275836706,0.03607216139329151,0.06766176223754883
19,360,2,0.01,79,0.9990551471710205,0.0009632520959712565,0.03103630287214082,0.07093307375907898
19,360,2,0.01,80,0.9987556338310242,0.0012685860274359584,0.035617215323996886,0.05913836508989334
19,360,2,0.01,81,0.9988011717796326,0.0012221485376358032,0.034959241090673054,0.06826498359441757
19,360,2,0.01,82,0.9979901909828186,0.0020489466842263937,0.04526529226931374,0.08203639835119247
19,360,2,0.01,83,0.9993022680282593,0.000711335800588131,0.02667087926162411,0.062312182039022446
19,360,2,0.01,84,0.9994658827781677,0.0005445214919745922,0.0233349842934293,0.056096401065588
19,360,2,0.01,85,0.9995378255844116,0.00047116042696870863,0.021706230141798198,0.06140434741973877
19,360,2,0.01,86,0.9993335008621216,0.0006794534274376929,0.02606632746356289,0.0659828931093216
19,360,2,0.01,87,0.9992114305496216,0.0008039206732064486,0.02835349490285895,0.07218164205551147
19,360,2,0.01,88,0.9991939663887024,0.0008217333233915269,0.028665891288978385,0.0632658526301384
19,360,2,0.01,89,0.9994402527809143,0.000570639327634126,0.023888058264206532,0.06022036075592041
19,360,2,0.01,90,0.999517023563385,0.000492402003146708,0.022190133013272093,0.05842756852507591
19,360,2,0.01,91,0.9987406730651855,0.0012838552938774228,0.035830926500404967,0.08142080157995224
19,360,2,0.01,92,0.9994435906410217,0.0005672134575434029,0.023816243564916004,0.059198517352342606
19,360,2,0.01,93,0.998912513256073,0.0011086283484473825,0.03329607106622916,0.10241243243217468
19,360,2,0.01,94,0.9988940954208374,0.0011274345451965928,0.03357729210637143,0.06455551087856293
19,360,2,0.01,95,0.9993249177932739,0.0006882026791572571,0.0262336173479232,0.06429557502269745
19,360,2,0.01,96,0.9991182088851929,0.0008989397902041674,0.02998232462975757,0.05970827490091324
19,360,2,0.01,97,0.9993780255317688,0.0006340800318866968,0.02518094581001073,0.053794000297784805
19,360,2,0.01,98,0.9993024468421936,0.0007111332379281521,0.02666708154125892,0.059923700988292694
19,360,2,0.01,99,0.9990600943565369,0.0009581836638972163,0.030954541894481595,0.06254447996616364
19,360,2,0.01,100,0.9967907667160034,0.0032717182766646147,0.05719893597493414,0.10240691155195236
20,360,2,0.01,1,0.9903660416603088,0.00982146430760622,0.0991033011942903,0.34693923592567444
20,360,2,0.01,2,0.9963700771331787,0.0037005674093961716,0.06083228920068824,0.1833532750606537
20,360,2,0.01,3,0.9977141618728638,0.0023303264752030373,0.04827345518194277,0.13264037668704987
20,360,2,0.01,4,0.9980497360229492,0.0019882027991116047,0.04458926775706913,0.1130577027797699
20,360,2,0.01,5,0.9974458813667297,0.0026038314681500196,0.05102775194097835,0.14829280972480774
20,360,2,0.01,6,0.9986722469329834,0.0013535941252484918,0.03679122348126645,0.10343708842992783
20,360,2,0.01,7,0.9982711672782898,0.00176248571369797,0.041981968911640744,0.10843542963266373
20,360,2,0.01,8,0.9986998438835144,0.0013254617806524038,0.036406891938922825,0.11979608237743378
20,360,2,0.01,9,0.9986720085144043,0.0013538351049646735,0.03679449829749923,0.10211989283561707
20,360,2,0.01,10,0.998537003993988,0.0014914554776623845,0.03861936661394623,0.1132793053984642
20,360,2,0.01,11,0.998959481716156,0.0010607592994347215,0.03256929995309573,0.09467046707868576
20,360,2,0.01,12,0.9992004036903381,0.0008151762303896248,0.02855129122105732,0.08415237814188004
20,360,2,0.01,13,0.9988455176353455,0.001176938763819635,0.03430654112293507,0.09703396260738373
20,360,2,0.01,14,0.9987451434135437,0.0012792523484677076,0.03576663736595471,0.0948963612318039
20,360,2,0.01,15,0.9986963868141174,0.0013290105853229761,0.03645559744844372,0.08918828517198563
20,360,2,0.01,16,0.9992339015007019,0.0007810276583768427,0.02794687206785122,0.09829705953598022
20,360,2,0.01,17,0.9988951086997986,0.0011263748165220022,0.03356150795959565,0.06949616968631744
20,360,2,0.01,18,0.9986246824264526,0.0014020644593983889,0.03744415120413853,0.08740628510713577
20,360,2,0.01,19,0.9990513920783997,0.0009670723229646683,0.03109778646406635,0.06843902170658112
20,360,2,0.01,20,0.9989789128303528,0.0010409512324258685,0.032263775855064895,0.08275998383760452
20,360,2,0.01,21,0.998657763004303,0.001368365716189146,0.03699142760409695,0.08255403488874435
20,360,2,0.01,22,0.9981353878974915,0.00190092739649117,0.04359962610494693,0.07100004702806473
20,360,2,0.01,23,0.9987603425979614,0.0012637653853744268,0.03554947799018189,0.0908038467168808
20,360,2,0.01,24,0.9977040886878967,0.0023405859246850014,0.048379602361790876,0.1190323531627655
20,360,2,0.01,25,0.9985470771789551,0.0014811948640272021,0.038486294495926755,0.07937867194414139
20,360,2,0.01,26,0.9987372159957886,0.0012873414671048522,0.03587954106597313,0.07751476019620895
20,360,2,0.01,27,0.9987314939498901,0.0012931928504258394,0.03596099067636818,0.05906055495142937
20,360,2,0.01,28,0.998896062374115,0.0011254082201048732,0.03354710449658619,0.06457044184207916
20,360,2,0.01,29,0.9977681636810303,0.002275301143527031,0.04770011680831642,0.09434164315462112
20,360,2,0.01,30,0.9986854195594788,0.0013401471078395844,0.03660801972026873,0.07691606879234314
20,360,2,0.01,31,0.998346209526062,0.00168596429284662,0.0410604955260725,0.08423317968845367
20,360,2,0.01,32,0.9989573955535889,0.001062900060787797,0.03260214810081993,0.07352698594331741
20,360,2,0.01,33,0.9985112547874451,0.0015177360037341714,0.03895813141995098,0.08344146609306335
20,360,2,0.01,34,0.9988240599632263,0.0011988497572019696,0.034624409846262645,0.06278664618730545
20,360,2,0.01,35,0.9966658353805542,0.003399086417630315,0.0583016845179478,0.10050050914287567
20,360,2,0.01,36,0.9985877871513367,0.0014397071208804846,0.037943472704544116,0.0962420180439949
20,360,2,0.01,37,0.9979201555252075,0.002120302291586995,0.04604674029273945,0.07487426698207855
20,360,2,0.01,38,0.9977778792381287,0.0022653418127447367,0.04759560707402246,0.07566501200199127
20,360,2,0.01,39,0.9988866448402405,0.001135028200224042,0.03369017958135637,0.052542511373758316
20,360,2,0.01,40,0.9987539052963257,0.0012703484389930964,0.03564194774409918,0.07272959500551224
20,360,2,0.01,41,0.9985432028770447,0.0014851754531264305,0.038537974169984994,0.06195320934057236
20,360,2,0.01,42,0.9985305070877075,0.0014981101267039776,0.03870542761298443,0.07093393057584763
20,360,2,0.01,43,0.9851032495498657,0.015186680480837822,0.12323425043727829,0.2780607342720032
20,360,2,0.01,44,0.9981626868247986,0.0018730447627604008,0.04327868716539818,0.07379315793514252
20,360,2,0.01,45,0.998140811920166,0.0018953869584947824,0.04353604206281024,0.05781254917383194
20,360,2,0.01,46,0.9986130595207214,0.0014139269478619099,0.03760221998581879,0.05980228632688522
20,360,2,0.01,47,0.9983834028244019,0.0016480812337249517,0.040596566772634256,0.07490331679582596
20,360,2,0.01,48,0.998581051826477,0.0014465460553765297,0.03803348597455313,0.06140642240643501
20,360,2,0.01,49,0.9985725283622742,0.0014552301727235317,0.03814747924468315,0.05586716905236244
20,360,2,0.01,50,0.9978744387626648,0.0021669601555913687,0.046550619282576346,0.08059915900230408
20,360,2,0.01,51,0.9979369044303894,0.002103240694850683,0.04586110219838467,0.08380309492349625
20,360,2,0.01,52,0.9984799027442932,0.0015496611595153809,0.039365735856393955,0.061301685869693756
20,360,2,0.01,53,0.9986975193023682,0.0013278418919071555,0.03643956492477861,0.06418561190366745
20,360,2,0.01,54,0.998073399066925,0.0019641018006950617,0.04431818814770141,0.08615854382514954
20,360,2,0.01,55,0.9979390501976013,0.002101082121953368,0.0458375623474173,0.10765960812568665
20,360,2,0.01,56,0.9986773133277893,0.0013484463561326265,0.03672119764022719,0.07084687799215317
20,360,2,0.01,57,0.9981235861778259,0.0019129283027723432,0.04373703582517159,0.0912381112575531
20,360,2,0.01,58,0.9983893036842346,0.001642058021388948,0.04052231510401334,0.07248792052268982
20,360,2,0.01,59,0.9983718991279602,0.0016597724752500653,0.040740305291566796,0.09087676554918289
20,360,2,0.01,60,0.9984275698661804,0.0016030551632866263,0.040038171327954356,0.08836676180362701
20,360,2,0.01,61,0.9982128143310547,0.0018219872144982219,0.04268474217443772,0.06952071189880371
20,360,2,0.01,62,0.9984785318374634,0.0015510646626353264,0.039383558277983545,0.06129196286201477
20,360,2,0.01,63,0.9989465475082397,0.001073948573321104,0.03277115459243241,0.04976958781480789
20,360,2,0.01,64,0.9986388683319092,0.001387636992149055,0.03725099988119856,0.06606955826282501
20,360,2,0.01,65,0.9983539581298828,0.0016780865844339132,0.040964455134102705,0.056832391768693924
20,360,2,0.01,66,0.9985952973365784,0.0014320657355710864,0.037842644405103175,0.05338285490870476
20,360,2,0.01,67,0.9983474016189575,0.0016847827937453985,0.04104610570742855,0.06540396809577942
20,360,2,0.01,68,0.9984943270683289,0.0015349623281508684,0.039178595280470026,0.0834672749042511
20,360,2,0.01,69,0.997970461845398,0.0020690627861768007,0.045486951823317426,0.090091772377491
20,360,2,0.01,70,0.9983192086219788,0.0017135324887931347,0.041394836499171424,0.06506608426570892
20,360,2,0.01,71,0.9982501268386841,0.0017839379142969847,0.04223668919668047,0.05607746168971062
20,360,2,0.01,72,0.9987772107124329,0.0012465615291148424,0.03530667825093211,0.07252936065196991
20,360,2,0.01,73,0.9988675713539124,0.0011544828303158283,0.03397768135579337,0.06741978973150253
20,360,2,0.01,74,0.9981454610824585,0.001890619401820004,0.043481253452723787,0.056893281638622284
20,360,2,0.01,75,0.9987751841545105,0.0012486843625083566,0.0353367282371806,0.06474020332098007
20,360,2,0.01,76,0.9982693195343018,0.001764388638548553,0.04200462639458365,0.06164421886205673
20,360,2,0.01,77,0.9980508685112,0.001987054944038391,0.04457639447104702,0.05679430440068245
20,360,2,0.01,78,0.9985507130622864,0.001477506011724472,0.038438340387228896,0.055566996335983276
20,360,2,0.01,79,0.9977797269821167,0.002263468224555254,0.047575920638020804,0.08052781224250793
20,360,2,0.01,80,0.9979750514030457,0.002064356580376625,0.045435190990867694,0.06953244656324387
20,360,2,0.01,81,0.9984354376792908,0.0015949927037581801,0.03993735974946491,0.05897087603807449
20,360,2,0.01,82,0.9979863166809082,0.002052872208878398,0.04530863282949948,0.08179587870836258
20,360,2,0.01,83,0.997986376285553,0.0020528000313788652,0.045307836313146374,0.05918540433049202
20,360,2,0.01,84,0.9983677268028259,0.0016640439862385392,0.040792695255873195,0.05821564421057701
20,360,2,0.01,85,0.9982771277427673,0.0017563862493261695,0.041909262094746665,0.056822769343853
20,360,2,0.01,86,0.9970391988754272,0.0030184329953044653,0.05494026752123132,0.07828901708126068
20,360,2,0.01,87,0.9980186820030212,0.0020199045538902283,0.04494334827191036,0.08399613946676254
20,360,2,0.01,88,0.9979265332221985,0.0021138410083949566,0.0459765267108658,0.04949161037802696
20,360,2,0.01,89,0.9977359175682068,0.00230812793597579,0.04804298009049595,0.06335421651601791
20,360,2,0.01,90,0.9968135356903076,0.003248482709750533,0.05699546218560328,0.10318028181791306
20,360,2,0.01,91,0.9975367188453674,0.0025112454313784838,0.05011232813767969,0.05621173605322838
20,360,2,0.01,92,0.9980762600898743,0.0019612079486250877,0.044285527530165965,0.04722956195473671
20,360,2,0.01,93,0.9983268976211548,0.0017056565266102552,0.04129959475116257,0.05498990789055824
20,360,2,0.01,94,0.9976162314414978,0.002430172637104988,0.049296781204303676,0.06068325787782669
20,360,2,0.01,95,0.997795045375824,0.0022478436585515738,0.0474114296193605,0.06022200360894203
20,360,2,0.01,96,0.9973763823509216,0.0026746902149170637,0.051717407271798375,0.06010078638792038
20,360,2,0.01,97,0.9972513914108276,0.0028021298348903656,0.05293514744373879,0.07493799924850464
20,360,2,0.01,98,0.9983048439025879,0.0017281427280977368,0.04157093609840578,0.05401758477091789
20,360,2,0.01,99,0.9982938766479492,0.0017393537564203143,0.04170556025783989,0.053857557475566864
20,360,2,0.01,100,0.9977273344993591,0.0023168688639998436,0.04813386400445993,0.0478532500565052
21,360,2,0.01,1,0.9892080426216125,0.011002026498317719,0.10489054532376937,0.3435324430465698
21,360,2,0.01,2,0.9953972697257996,0.0046923039481043816,0.06850039378065195,0.19761823117733002
21,360,2,0.01,3,0.9970782995223999,0.0029785512015223503,0.054576104675236305,0.15057604014873505
21,360,2,0.01,4,0.9972913265228271,0.0027613777201622725,0.052548812737894204,0.14404608309268951
21,360,2,0.01,5,0.9973084926605225,0.0027438707184046507,0.05238196940173833,0.12061898410320282
21,360,2,0.01,6,0.9965755939483643,0.003491031937301159,0.05908495525344128,0.11444876343011856
21,360,2,0.01,7,0.9962698817253113,0.0038027269765734673,0.06166625476363444,0.11866474896669388
21,360,2,0.01,8,0.9965791702270508,0.003487392095848918,0.05905414545862905,0.10506801307201385
21,360,2,0.01,9,0.9970527291297913,0.003004605881869793,0.054814285381365624,0.10154642164707184
21,360,2,0.01,10,0.9964770078659058,0.0035915765911340714,0.05992976381677197,0.10944163054227829
21,360,2,0.01,11,0.9960748553276062,0.004001549445092678,0.0632578014563633,0.11536391079425812
21,360,2,0.01,12,0.9960602521896362,0.004016440361738205,0.06337539239908661,0.1124531626701355
21,360,2,0.01,13,0.9963879585266113,0.0036823239643126726,0.060682155237867685,0.09769345819950104
21,360,2,0.01,14,0.9956344366073608,0.004450546111911535,0.06671241347689001,0.10240115970373154
21,360,2,0.01,15,0.9965683221817017,0.0034984536468982697,0.05914772731811654,0.09847227483987808
21,360,2,0.01,16,0.9960773587226868,0.003998991567641497,0.06323758034303255,0.10284830629825592
21,360,2,0.01,17,0.9971467852592468,0.0029087357688695192,0.05393269665860886,0.10835439711809158
21,360,2,0.01,18,0.9966953992843628,0.0033688913099467754,0.058042151148512536,0.09375496208667755
21,360,2,0.01,19,0.9965188503265381,0.003548880573362112,0.059572481678725725,0.10065492242574692
21,360,2,0.01,20,0.9948868751525879,0.0052126310765743256,0.07219855314737496,0.12981276214122772
21,360,2,0.01,21,0.9959830641746521,0.004095111973583698,0.06399306191755243,0.1017129197716713
21,360,2,0.01,22,0.9737582802772522,0.02675248309969902,0.16356186321908606,0.35517024993896484
21,360,2,0.01,23,0.9950777292251587,0.0050180633552372456,0.07083829017725686,0.09635108709335327
21,360,2,0.01,24,0.9953224658966064,0.0047685918398201466,0.06905499141857992,0.08539339900016785
21,360,2,0.01,25,0.9955167770385742,0.0045704650692641735,0.06760521480820968,0.08587852120399475
21,360,2,0.01,26,0.9960324764251709,0.004044715315103531,0.06359807634750858,0.0822390615940094
21,360,2,0.01,27,0.9954597353935242,0.004628646187484264,0.06803415456580808,0.09127901494503021
21,360,2,0.01,28,0.9960801005363464,0.003996185027062893,0.06321538599947717,0.08335321396589279
21,360,2,0.01,29,0.9962665438652039,0.0038061405066400766,0.06169392601091356,0.0812540054321289
21,360,2,0.01,30,0.9825428128242493,0.0177969541400671,0.13340522531020702,0.325327605009079
21,360,2,0.01,31,0.9963365793228149,0.003734708996489644,0.06111226551593096,0.08193730562925339
21,360,2,0.01,32,0.9962427020072937,0.0038304459303617477,0.06189059646151221,0.07406868040561676
21,360,2,0.01,33,0.995777428150177,0.0043047452345490456,0.06561055734063723,0.0824790820479393
21,360,2,0.01,34,0.9965422749519348,0.0035250463988631964,0.05937210118282152,0.0702272430062294
21,360,2,0.01,35,0.9959401488304138,0.004138849209994078,0.06433388850360343,0.0965937077999115
21,360,2,0.01,36,0.9961326718330383,0.003942613024264574,0.06279023032498426,0.07100827991962433
21,360,2,0.01,37,0.9965602159500122,0.0035067531280219555,0.059217844675587064,0.10297989100217819
21,360,2,0.01,38,0.9958699941635132,0.004210387822240591,0.06488750127906445,0.08395992964506149
21,360,2,0.01,39,0.9960931539535522,0.00398286571726203,0.06310994943162314,0.07105984538793564
21,360,2,0.01,40,0.9955214262008667,0.004565744195133448,0.06757029077289403,0.08387486636638641
21,360,2,0.01,41,0.9961246252059937,0.003950824495404959,0.06285558444088289,0.06948798894882202
21,360,2,0.01,42,0.9967590570449829,0.0033040177077054977,0.057480585485061804,0.07734545320272446
21,360,2,0.01,43,0.9964009523391724,0.003669120604172349,0.06057326641491566,0.07565172016620636
21,360,2,0.01,44,0.9961643815040588,0.003910258412361145,0.06253205907661401,0.08655309677124023
21,360,2,0.01,45,0.9957261681556702,0.00435703294351697,0.06600782486582155,0.09479353576898575
21,360,2,0.01,46,0.9963187575340271,0.003752915421500802,0.06126104326160959,0.09125325083732605
21,360,2,0.01,47,0.9965581297874451,0.0035088863223791122,0.0592358533523331,0.07985109090805054
21,360,2,0.01,48,0.9960246086120605,0.004052773583680391,0.06366139790862585,0.09376946836709976
21,360,2,0.01,49,0.9955637454986572,0.004522575065493584,0.06725009342367923,0.07260840386152267
21,360,2,0.01,50,0.9953677654266357,0.004722410347312689,0.06871979589108723,0.07583483308553696
21,360,2,0.01,51,0.9962591528892517,0.003813629737123847,0.061754592842345316,0.06656588613986969
21,360,2,0.01,52,0.9960891604423523,0.0039869388565421104,0.06314221136879916,0.07378047704696655
21,360,2,0.01,53,0.9922930002212524,0.007856995798647404,0.08863969651712152,0.12636816501617432
21,360,2,0.01,54,0.9961416125297546,0.003933512605726719,0.0627177216241687,0.07393242418766022
21,360,2,0.01,55,0.9958093762397766,0.00427217036485672,0.06536184181046858,0.061762791126966476
21,360,2,0.01,56,0.9957237243652344,0.004359484650194645,0.06602639358767556,0.05629469081759453
21,360,2,0.01,57,0.9955515265464783,0.004535073414444923,0.06734295371042856,0.051764629781246185
21,360,2,0.01,58,0.9965028166770935,0.0035652362275868654,0.05970959912431891,0.06640739738941193
21,360,2,0.01,59,0.9944443106651306,0.0056638410314917564,0.07525849474638564,0.06754802912473679
21,360,2,0.01,60,0.9961879253387451,0.003886280581355095,0.06234003995310795,0.06370607018470764
21,360,2,0.01,61,0.995133638381958,0.004961096215993166,0.07043504962724997,0.07673802226781845
21,360,2,0.01,62,0.9954288601875305,0.004660102538764477,0.06826494370293201,0.06950116902589798
21,360,2,0.01,63,0.9955609440803528,0.004525471944361925,0.0672716280787222,0.06957969814538956
21,360,2,0.01,64,0.9955015778541565,0.004585978575050831,0.06771985362543861,0.05992426350712776
21,360,2,0.01,65,0.9968942403793335,0.003166200127452612,0.05626899792472416,0.06444267928600311
21,360,2,0.01,66,0.9965175986289978,0.00355019373819232,0.05958350223167752,0.06884393095970154
21,360,2,0.01,67,0.9957764148712158,0.004305790178477764,0.06561852008753141,0.08263394236564636
21,360,2,0.01,68,0.9957442283630371,0.004338572267442942,0.06586783940166052,0.064052514731884
21,360,2,0.01,69,0.9960257411003113,0.004051608499139547,0.06365224661502175,0.06253319978713989
21,360,2,0.01,70,0.9955409169197083,0.004545846488326788,0.06742289290980318,0.09900563210248947
21,360,2,0.01,71,0.9963751435279846,0.0036954174283891916,0.0607899451257294,0.057582028210163116
21,360,2,0.01,72,0.9956598281860352,0.004424645099788904,0.06651800583142059,0.07512864470481873
21,360,2,0.01,73,0.9967159628868103,0.0033479633275419474,0.05786158766869388,0.08401373773813248
21,360,2,0.01,74,0.9961732625961304,0.0039012243505567312,0.06245978186446644,0.04861067235469818
21,360,2,0.01,75,0.9961122870445251,0.003963400609791279,0.06295554471046437,0.045937731862068176
21,360,2,0.01,76,0.9947821497917175,0.005319386254996061,0.0729341227067006,0.0720972865819931
21,360,2,0.01,77,0.9955536723136902,0.00453285314142704,0.06732646687170685,0.05533305183053017
21,360,2,0.01,78,0.9942326545715332,0.005879572127014399,0.07667836805132461,0.0726843923330307
21,360,2,0.01,79,0.9965752959251404,0.0034913592971861362,0.05908772543588166,0.08444079756736755
21,360,2,0.01,80,0.9966948628425598,0.0033694389276206493,0.058046868370487045,0.046470511704683304
21,360,2,0.01,81,0.9961522817611694,0.003922617994248867,0.06263080707007429,0.06353723257780075
21,360,2,0.01,82,0.9955016374588013,0.00458589568734169,0.06771924163294868,0.05393430218100548
21,360,2,0.01,83,0.9962383508682251,0.003834873903542757,0.06192635871373964,0.05590442568063736
21,360,2,0.01,84,0.9964425563812256,0.00362670561298728,0.06022213557312028,0.0740392878651619
21,360,2,0.01,85,0.996299684047699,0.0037723183631896973,0.06141920190941671,0.09112206101417542
21,360,2,0.01,86,0.9974863529205322,0.0025625634007155895,0.05062176805205039,0.06929398328065872
21,360,2,0.01,87,0.9980613589286804,0.001976343337446451,0.04445608324455103,0.06972084939479828
21,360,2,0.01,88,0.99745774269104,0.002591707743704319,0.0509088179366239,0.0696471557021141
21,360,2,0.01,89,0.9967842102050781,0.003278367919847369,0.05725703380238422,0.06434840708971024
21,360,2,0.01,90,0.9960078597068787,0.004069850780069828,0.06379538212182624,0.05214828625321388
21,360,2,0.01,91,0.9966409206390381,0.003424449125304818,0.058518792924195026,0.06375589966773987
21,360,2,0.01,92,0.9962337017059326,0.003839595941826701,0.061964473223184116,0.06312315911054611
21,360,2,0.01,93,0.996828556060791,0.003233193652704358,0.05686117878398546,0.06221526488661766
21,360,2,0.01,94,0.995794951915741,0.004286907613277435,0.0654744806262519,0.06380018591880798
21,360,2,0.01,95,0.996849536895752,0.003211789997294545,0.05667265652229958,0.05803152173757553
21,360,2,0.01,96,0.9966515302658081,0.0034136369358748198,0.058426337690076206,0.0747455433011055
21,360,2,0.01,97,0.9960412979125977,0.0040357415564358234,0.06352748662142886,0.05198837071657181
21,360,2,0.01,98,0.9962310791015625,0.0038422856014221907,0.06198617266312053,0.045361388474702835
21,360,2,0.01,99,0.9964512586593628,0.003617827780544758,0.060148381362633174,0.05820303410291672
21,360,2,0.01,100,0.9966788291931152,0.003385789692401886,0.058187538978735694,0.056449104100465775
22,360,2,0.01,1,0.9912627339363098,0.008907330222427845,0.09437865342559114,0.28854501247406006
22,360,2,0.01,2,0.9943006038665771,0.005810293834656477,0.07622528343441222,0.15486417710781097
22,360,2,0.01,3,0.9958827495574951,0.004197374451905489,0.06478714727401948,0.12831765413284302
22,360,2,0.01,4,0.9954047203063965,0.00468474393710494,0.0684451892911762,0.11535989493131638
22,360,2,0.01,5,0.9968253970146179,0.0032364006619900465,0.05688937213566385,0.11010131984949112
22,360,2,0.01,6,0.9970244765281677,0.0030334375333040953,0.05507665143510538,0.09619586169719696
22,360,2,0.01,7,0.9962378144264221,0.0038354243151843548,0.06193080263636468,0.141915425658226
22,360,2,0.01,8,0.996932327747345,0.0031273886561393738,0.05592306014641343,0.09407678246498108
22,360,2,0.01,9,0.9968807101249695,0.0031800128053873777,0.05639160225944442,0.08502713590860367
22,360,2,0.01,10,0.9957634806632996,0.004318973980844021,0.06571890124495404,0.12229282408952713
22,360,2,0.01,11,0.9965594410896301,0.003507521003484726,0.059224327801037355,0.08793629705905914
22,360,2,0.01,12,0.9961392283439636,0.0039359200745821,0.06273691157988334,0.10469775646924973
22,360,2,0.01,13,0.9968498349189758,0.0032114542555063963,0.05666969433044788,0.10171762853860855
22,360,2,0.01,14,0.9968531131744385,0.0032081189565360546,0.056640259149619496,0.11074034869670868
22,360,2,0.01,15,0.9956074357032776,0.00447804806753993,0.0669182192496179,0.12438984960317612
22,360,2,0.01,16,0.9969457387924194,0.0031136886682361364,0.05580043609360178,0.10277121514081955
22,360,2,0.01,17,0.9927327632904053,0.007408701349049807,0.08607381337578698,0.11093843728303909
22,360,2,0.01,18,0.9971539378166199,0.002901464933529496,0.053865247920431,0.09705173224210739
22,360,2,0.01,19,0.9968628287315369,0.003198208985850215,0.056552709801124604,0.07980407774448395
22,360,2,0.01,20,0.9969371557235718,0.003122464520856738,0.05587901682077753,0.11357735097408295
22,360,2,0.01,21,0.9956285357475281,0.004456534516066313,0.0667572806221637,0.08829430490732193
22,360,2,0.01,22,0.9971964955329895,0.002858040388673544,0.053460643361949396,0.06952890753746033
22,360,2,0.01,23,0.9918467998504639,0.008311892859637737,0.0911695829739159,0.14861732721328735
22,360,2,0.01,24,0.9977186322212219,0.002325760666280985,0.04822614090180744,0.07271361351013184
22,360,2,0.01,25,0.9969187378883362,0.003141223918646574,0.05604662272293107,0.08813321590423584
22,360,2,0.01,26,0.996650755405426,0.0034144201781600714,0.05843304012423169,0.09786901623010635
22,360,2,0.01,27,0.9977936744689941,0.0022492592688649893,0.04742635626806037,0.07438454031944275
22,360,2,0.01,28,0.998022735118866,0.002015773905441165,0.04489737080766718,0.08179393410682678
22,360,2,0.01,29,0.9980669617652893,0.001970670185983181,0.044392231144460184,0.0766931027173996
22,360,2,0.01,30,0.9977242946624756,0.002320006722584367,0.0481664481001492,0.07840731739997864
22,360,2,0.01,31,0.9983409643173218,0.0016913344152271748,0.04112583634684132,0.05945925787091255
22,360,2,0.01,32,0.9982750415802002,0.0017585298046469688,0.041934828062685184,0.0775221735239029
22,360,2,0.01,33,0.998735785484314,0.0012887949123978615,0.03589978986565049,0.07862527668476105
22,360,2,0.01,34,0.9984171986579895,0.001613620319403708,0.0401698931963194,0.08437758684158325
22,360,2,0.01,35,0.9974561333656311,0.002593391574919224,0.05092535296803768,0.11617763340473175
22,360,2,0.01,36,0.9982869029045105,0.0017464329721406102,0.04179034544174779,0.06975007057189941
22,360,2,0.01,37,0.9983869791030884,0.0016444219509139657,0.04055147285751734,0.07361400872468948
22,360,2,0.01,38,0.9989168643951416,0.0011042322730645537,0.033229990566723815,0.06116512790322304
22,360,2,0.01,39,0.9980325102806091,0.0020057528745383024,0.04478563245660713,0.08958594501018524
22,360,2,0.01,40,0.9987815022468567,0.0012422171421349049,0.03524510096644504,0.05157657712697983
22,360,2,0.01,41,0.997289776802063,0.002762970281764865,0.052563963718167836,0.10679891705513
22,360,2,0.01,42,0.9986910223960876,0.0013344468316063285,0.036530081188061,0.07446648180484772
22,360,2,0.01,43,0.9992150068283081,0.0008002759423106909,0.028289148843871053,0.07160849869251251
22,360,2,0.01,44,0.9993334412574768,0.0006795129156671464,0.02606746853200645,0.04896887019276619
22,360,2,0.01,45,0.998783528804779,0.0012401484418660402,0.03521574139310488,0.10846143215894699
22,360,2,0.01,46,0.9994533658027649,0.000557288876734674,0.023606966699147816,0.06336858123540878
22,360,2,0.01,47,0.9995201826095581,0.0004891747375950217,0.022117294988199206,0.06430016458034515
22,360,2,0.01,48,0.9992594718933105,0.0007549474248662591,0.027476306608899586,0.06755783408880234
22,360,2,0.01,49,0.9993282556533813,0.0006847933400422335,0.0261685563232333,0.062247857451438904
22,360,2,0.01,50,0.9993821978569031,0.0006298446096479893,0.025096705155218866,0.06642553955316544
22,360,2,0.01,51,0.9996802806854248,0.00032595175434835255,0.018054133996078366,0.04901513457298279
22,360,2,0.01,52,0.9984732270240784,0.001556471106596291,0.03945213690785698,0.11914797872304916
22,360,2,0.01,53,0.9988231658935547,0.0011997174005955458,0.03463693694014449,0.08183591067790985
22,360,2,0.01,54,0.9995925426483154,0.0004153907939326018,0.020381138190312183,0.052936404943466187
22,360,2,0.01,55,0.9996587038040161,0.00034790864447131753,0.018652309360272727,0.04720357432961464
22,360,2,0.01,56,0.9993477463722229,0.0006649537244811654,0.02578669665701998,0.09824790060520172
22,360,2,0.01,57,0.9995853900909424,0.0004226601158734411,0.02055869927484327,0.059094060212373734
22,360,2,0.01,58,0.9996042847633362,0.0004033917502965778,0.02008461476594903,0.06652359664440155
22,360,2,0.01,59,0.9995832443237305,0.0004248464247211814,0.020611803043915914,0.050486691296100616
22,360,2,0.01,60,0.9996939897537231,0.00031195953488349915,0.017662376252461025,0.06146174669265747
22,360,2,0.01,61,0.9994636178016663,0.0005468171439133584,0.02338412161945277,0.0896904245018959
22,360,2,0.01,62,0.9987567663192749,0.0012674119789153337,0.03560073003346046,0.12209760397672653
22,360,2,0.01,63,0.9991185069084167,0.0008986585889942944,0.029977634813211907,0.07233589887619019
22,360,2,0.01,64,0.999671220779419,0.0003351616323925555,0.018307420145737507,0.04502812400460243
22,360,2,0.01,65,0.9994539618492126,0.0005566698382608593,0.023593851704646684,0.053936202079057693
22,360,2,0.01,66,0.9997227787971497,0.0002826332056429237,0.01681169847585079,0.056844212114810944
22,360,2,0.01,67,0.9997289776802063,0.0002763008524198085,0.01662229985350428,0.047974370419979095
22,360,2,0.01,68,0.9996654987335205,0.00034104115911759436,0.0184672997245833,0.05537697300314903
22,360,2,0.01,69,0.9995863437652588,0.00042173691326752305,0.02053623415496432,0.05903751403093338
22,360,2,0.01,70,0.9992749691009521,0.0007391623803414404,0.02718754090280032,0.09229297935962677
22,360,2,0.01,71,0.9994012713432312,0.000610366347245872,0.024705593440471574,0.06562013924121857
22,360,2,0.01,72,0.9997156262397766,0.0002899327373597771,0.017027411352280683,0.06122240424156189
22,360,2,0.01,73,0.998657763004303,0.001368389930576086,0.03699175489992447,0.09957859665155411
22,360,2,0.01,74,0.9996049404144287,0.00040272288606502116,0.020067956698802725,0.0460759662091732
22,360,2,0.01,75,0.9991531372070312,0.0008633544784970582,0.02938289431790303,0.06889714300632477
22,360,2,0.01,76,0.9969611167907715,0.0030980079900473356,0.055659751976157204,0.18396104872226715
22,360,2,0.01,77,0.9996141195297241,0.00039336865302175283,0.019833523464623044,0.05685935169458389
22,360,2,0.01,78,0.9996829628944397,0.00032320639002136886,0.017977941762653722,0.05092956870794296
22,360,2,0.01,79,0.9997295141220093,0.00027574520208872855,0.016605577439183755,0.046167757362127304
22,360,2,0.01,80,0.9997544884681702,0.0002502998395357281,0.01582086721819408,0.048249877989292145
22,360,2,0.01,81,0.9997574090957642,0.00024733151076361537,0.01572677687142586,0.05252726003527641
22,360,2,0.01,82,0.9998086094856262,0.0001951045705936849,0.013967983769810333,0.04379155859351158
22,360,2,0.01,83,0.9995774030685425,0.00043084024218842387,0.020756691503908416,0.06419236958026886
22,360,2,0.01,84,0.9996470212936401,0.0003598697658162564,0.01897023367848315,0.051683709025382996
22,360,2,0.01,85,0.9991557598114014,0.0008606530609540641,0.029336889081053977,0.0675646960735321
22,360,2,0.01,86,0.9994673728942871,0.0005429840530268848,0.023302018217890158,0.05949306860566139
22,360,2,0.01,87,0.9997156262397766,0.00028989839483983815,0.01702640287435482,0.06161576882004738
22,360,2,0.01,88,0.9997735619544983,0.00023086676083039492,0.015194300274458016,0.058596983551979065
22,360,2,0.01,89,0.9997288584709167,0.00027638839674182236,0.01662493298458139,0.061842095106840134
22,360,2,0.01,90,0.9996589422225952,0.0003477245045360178,0.01864737259069003,0.07236617058515549
22,360,2,0.01,91,0.9994031190872192,0.0006085143540985882,0.024668083713547517,0.07335858792066574
22,360,2,0.01,92,0.9996232390403748,0.000384077982744202,0.019597907611380406,0.06961455196142197
22,360,2,0.01,93,0.9992093443870544,0.0008060733671300113,0.02839143122722085,0.10252340883016586
22,360,2,0.01,94,0.9993653297424316,0.0006470165099017322,0.025436519217489885,0.06166081875562668
22,360,2,0.01,95,0.9994946718215942,0.0005151864024810493,0.02269771800161966,0.08707031607627869
22,360,2,0.01,96,0.9996356964111328,0.0003713910991791636,0.019271510038893255,0.07114604115486145
22,360,2,0.01,97,0.9995797872543335,0.00042838937952183187,0.020697569410967846,0.05393411964178085
22,360,2,0.01,98,0.9998044371604919,0.00019936234457418323,0.01411957310169763,0.046463560312986374
22,360,2,0.01,99,0.9996265769004822,0.0003807117755059153,0.01951183680502467,0.06823327392339706
22,360,2,0.01,100,0.9988624453544617,0.0011597187258303165,0.034054643234518206,0.06870456039905548
23,360,2,0.01,1,0.991915762424469,0.008241605944931507,0.09078329111092805,0.2746215760707855
23,360,2,0.01,2,0.9959968328475952,0.004081104416400194,0.06388352226044047,0.2596457004547119
23,360,2,0.01,3,0.9969958662986755,0.003062611911445856,0.055340870172467076,0.1546531319618225
23,360,2,0.01,4,0.9977117776870728,0.002332736272364855,0.04829840859039617,0.13265033066272736
23,360,2,0.01,5,0.9975157380104065,0.002532600425183773,0.05032494833761653,0.12275972962379456
23,360,2,0.01,6,0.998009979724884,0.0020287225488573313,0.04504134266268415,0.10641799867153168
23,360,2,0.01,7,0.998112678527832,0.0019240346737205982,0.043863819643535355,0.10278541594743729
23,360,2,0.01,8,0.9981038570404053,0.0019330536015331745,0.043966505450549226,0.10134564340114594
23,360,2,0.01,9,0.99835604429245,0.0016759542049840093,0.04093841966886374,0.09207319468259811
23,360,2,0.01,10,0.9980226159095764,0.0020158474799245596,0.044898190163129736,0.12508325278759003
23,360,2,0.01,11,0.9987844228744507,0.0012392349308356643,0.035202768795020434,0.10475410521030426
23,360,2,0.01,12,0.9987738728523254,0.0012500043958425522,0.03535540122587427,0.09605735540390015
23,360,2,0.01,13,0.9989463090896606,0.0010742018930613995,0.032775019344943174,0.09324298053979874
23,360,2,0.01,14,0.9985557198524475,0.0014724147040396929,0.038372056291521475,0.09637054800987244
23,360,2,0.01,15,0.9973488450050354,0.002702780067920685,0.05198826856051935,0.10866188257932663
23,360,2,0.01,16,0.9990992546081543,0.0009182567009702325,0.030302750716234204,0.08817071467638016
23,360,2,0.01,17,0.9986262321472168,0.0014005221892148256,0.03742355126407468,0.11277947574853897
23,360,2,0.01,18,0.9991427063941956,0.0008739536860957742,0.02956270769222221,0.0860227420926094
23,360,2,0.01,19,0.9992342591285706,0.000780668924562633,0.02794045319179045,0.09441646933555603
23,360,2,0.01,20,0.9991666078567505,0.000849618692882359,0.02914821937755991,0.08621566742658615
23,360,2,0.01,21,0.999434232711792,0.0005767783732153475,0.024016210633972787,0.07165127992630005
23,360,2,0.01,22,0.999004065990448,0.001015320303849876,0.03186409113484764,0.06774411350488663
23,360,2,0.01,23,0.9991924166679382,0.0008232711697928607,0.028692702378703555,0.09072429686784744
23,360,2,0.01,24,0.9988405108451843,0.0011820703512057662,0.03438124999481209,0.07947634160518646
23,360,2,0.01,25,0.9989065527915955,0.001114755985327065,0.03338796168272428,0.08621387928724289
23,360,2,0.01,26,0.9995173811912537,0.0004919921047985554,0.022180895040519788,0.0647742971777916
23,360,2,0.01,27,0.9994930028915405,0.0005168378702364862,0.022734068492825613,0.07543698698282242
23,360,2,0.01,28,0.9991660118103027,0.0008501915726810694,0.02915804473350484,0.07608510553836823
23,360,2,0.01,29,0.9979867339134216,0.002052449155598879,0.04530396401639573,0.12513510882854462
23,360,2,0.01,30,0.9980718493461609,0.0019657076336443424,0.04433630153321703,0.1273878663778305
23,360,2,0.01,31,0.9987768530845642,0.0012469412758946419,0.035312055673588895,0.07212476432323456
23,360,2,0.01,32,0.9987815618515015,0.001242164638824761,0.035244356127254774,0.07897064834833145
23,360,2,0.01,33,0.9976751208305359,0.002370140515267849,0.0486840889333245,0.12229703366756439
23,360,2,0.01,34,0.9993815422058105,0.0006305166170932353,0.025110089945940762,0.06061103194952011
23,360,2,0.01,35,0.9987258911132812,0.0012988958042114973,0.036040197061218984,0.08515319228172302
23,360,2,0.01,36,0.9996408820152283,0.0003660980728454888,0.019133689472903254,0.05678815394639969
23,360,2,0.01,37,0.9994535446166992,0.0005570879438892007,0.023602710519963606,0.05432206019759178
23,360,2,0.01,38,0.9992574453353882,0.0007570195011794567,0.02751398737332444,0.06759639084339142
23,360,2,0.01,39,0.9974938035011292,0.002554998965933919,0.0505469975956428,0.1546112596988678
23,360,2,0.01,40,0.998945415019989,0.001075098174624145,0.0327886897363122,0.06902729719877243
23,360,2,0.01,41,0.9986214637756348,0.001405344228260219,0.037487921098137984,0.0674588605761528
23,360,2,0.01,42,0.9994016885757446,0.0006099787424318492,0.024697747719819498,0.0563170425593853
23,360,2,0.01,43,0.9991415739059448,0.000875157187692821,0.02958305575313039,0.06456023454666138
23,360,2,0.01,44,0.9995793700218201,0.0004288307682145387,0.02070822948043938,0.07210859656333923
23,360,2,0.01,45,0.9995436072349548,0.0004652869247365743,0.02157051053490794,0.06104493513703346
23,360,2,0.01,46,0.9996364712715149,0.0003706135612446815,0.01925132622041093,0.056321922689676285
23,360,2,0.01,47,0.9995990991592407,0.00040871702367439866,0.02021675106624204,0.06511487811803818
23,360,2,0.01,48,0.9995750188827515,0.00043323839781805873,0.02081437959243702,0.06838265061378479
23,360,2,0.01,49,0.999448835849762,0.0005618937429971993,0.02370429798574932,0.05081905797123909
23,360,2,0.01,50,0.9996978640556335,0.000308023183606565,0.017550589266647574,0.05656072869896889
23,360,2,0.01,51,0.9996903538703918,0.00031569632119499147,0.01776784514776599,0.062286458909511566
23,360,2,0.01,52,0.9994136095046997,0.0005978139233775437,0.02445023360578675,0.07170601189136505
23,360,2,0.01,53,0.9996044635772705,0.0004032473952975124,0.020081020773295176,0.07879482954740524
23,360,2,0.01,54,0.9983914494514465,0.0016398834995925426,0.04049547505083182,0.09006960690021515
23,360,2,0.01,55,0.9994055032730103,0.0006060684099793434,0.024618456693695147,0.06427041441202164
23,360,2,0.01,56,0.999606192111969,0.0004014885053038597,0.020037178077360586,0.08062195777893066
23,360,2,0.01,57,0.9996954798698425,0.0003104391507804394,0.017619283492254712,0.06517726927995682
23,360,2,0.01,58,0.9997194409370422,0.00028602013480849564,0.01691212981290339,0.052675798535346985
23,360,2,0.01,59,0.9995324611663818,0.0004766174824908376,0.021831570774702345,0.07341121882200241
23,360,2,0.01,60,0.9997621178627014,0.00024252339790109545,0.015573162745604871,0.05163055658340454
23,360,2,0.01,61,0.9984610080718994,0.0015689372085034847,0.03960981202307687,0.08260653913021088
23,360,2,0.01,62,0.999330461025238,0.000682579237036407,0.02612621742687615,0.07669427990913391
23,360,2,0.01,63,0.9992110729217529,0.000804256065748632,0.028359408769377262,0.08640417456626892
23,360,2,0.01,64,0.9994110465049744,0.000600409519392997,0.024503255281553858,0.06446579843759537
23,360,2,0.01,65,0.9981906414031982,0.0018445715541020036,0.04294847557366854,0.08567992597818375
23,360,2,0.01,66,0.9997022151947021,0.0003035961708519608,0.017424011330688487,0.057030145078897476
23,360,2,0.01,67,0.9994858503341675,0.0005241764010861516,0.02289489901891143,0.06030203774571419
23,360,2,0.01,68,0.9985278248786926,0.0015008372720330954,0.0387406410895986,0.14420698583126068
23,360,2,0.01,69,0.9994363188743591,0.0005746804527007043,0.023972493668801005,0.057967569679021835
23,360,2,0.01,70,0.999491810798645,0.0005180550506338477,0.022760822714345097,0.07614374160766602
23,360,2,0.01,71,0.9997159242630005,0.0002896045916713774,0.017017772817598,0.05106452479958534
23,360,2,0.01,72,0.999556303024292,0.0004523455281741917,0.021268416212172257,0.08628061413764954
23,360,2,0.01,73,0.9997379183769226,0.00026719903689809144,0.01634622393392711,0.0688529834151268
23,360,2,0.01,74,0.9996905326843262,0.0003154739097226411,0.017761585225498346,0.06299436837434769
23,360,2,0.01,75,0.9994255304336548,0.0005856505013071001,0.024200216968182333,0.06607900559902191
23,360,2,0.01,76,0.9995222091674805,0.00048708205576986074,0.022069935563337306,0.07205191254615784
23,360,2,0.01,77,0.9997948408126831,0.00020912487525492907,0.014461150550870046,0.0607462041079998
23,360,2,0.01,78,0.9997625946998596,0.00024202409258577973,0.015557123531867313,0.05067959055304527
23,360,2,0.01,79,0.9997987151145935,0.00020523254352156073,0.01432593953364179,0.04715540260076523
23,360,2,0.01,80,0.9982977509498596,0.0017353832954540849,0.04165793196324182,0.09978145360946655
23,360,2,0.01,81,0.9996123313903809,0.00039521424332633615,0.019879996059515105,0.0678066611289978
23,360,2,0.01,82,0.9997260570526123,0.0002792472077999264,0.01671069142195877,0.05024498701095581
23,360,2,0.01,83,0.9997031688690186,0.0003026384219992906,0.01739650602849005,0.05400383472442627
23,360,2,0.01,84,0.9996702075004578,0.0003362113202456385,0.018336066106055534,0.06639186292886734
23,360,2,0.01,85,0.9995575547218323,0.000451072643045336,0.021238470826435128,0.0805583968758583
23,360,2,0.01,86,0.9989709854125977,0.0010490519925951958,0.03238907211692233,0.10889915376901627
23,360,2,0.01,87,0.9992495179176331,0.0007650768384337425,0.02766002238671803,0.08107438683509827
23,360,2,0.01,88,0.9996271133422852,0.00038012812728993595,0.01949687480828494,0.05215751752257347
23,360,2,0.01,89,0.9996906518936157,0.00031539678457193077,0.017759413970396962,0.07191897183656693
23,360,2,0.01,90,0.9996004700660706,0.0004073273157700896,0.02018235159167756,0.06460800766944885
23,360,2,0.01,91,0.9993690252304077,0.0006432676455006003,0.025362721571247047,0.0653134137392044
23,360,2,0.01,92,0.9991060495376587,0.0009113203850574791,0.030188083494277658,0.07905624806880951
23,360,2,0.01,93,0.999025285243988,0.000993665074929595,0.031522453504281595,0.08204247057437897
23,360,2,0.01,94,0.999832808971405,0.00017042417312040925,0.01305466097301685,0.044685136526823044
23,360,2,0.01,95,0.9995270371437073,0.0004821907787118107,0.021958842836356626,0.046707671135663986
23,360,2,0.01,96,0.9995639324188232,0.000444546079961583,0.021084261427936787,0.041302140802145004
23,360,2,0.01,97,0.9993870258331299,0.0006249204743653536,0.02499840943670924,0.06311585009098053
23,360,2,0.01,98,0.9997056722640991,0.00030006151064299047,0.017322283643994244,0.05146057903766632
23,360,2,0.01,99,0.9995899200439453,0.0004180586547590792,0.020446482698965103,0.05079279839992523
23,360,2,0.01,100,0.9997976422309875,0.00020632446103263646,0.014363998782812413,0.04685709998011589
24,360,2,0.01,1,0.9930375218391418,0.007097994908690453,0.0842495988636768,0.35337337851524353
24,360,2,0.01,2,0.9962996244430542,0.0037723826244473457,0.061419725043729605,0.239580437541008
24,360,2,0.01,3,0.9975969791412354,0.002449790248647332,0.0494953558290809,0.14960260689258575
24,360,2,0.01,4,0.9977425932884216,0.00230133393779397,0.04797222048012756,0.16265074908733368
24,360,2,0.01,5,0.9979758262634277,0.0020635940600186586,0.04542679891890533,0.13229602575302124
24,360,2,0.01,6,0.9982845187187195,0.001748843234963715,0.04181917305451789,0.1348024308681488
24,360,2,0.01,7,0.9980676770210266,0.001969911390915513,0.04438368383669288,0.11074323207139969
24,360,2,0.01,8,0.9985141158103943,0.0015147831290960312,0.03892021491585101,0.11631911247968674
24,360,2,0.01,9,0.997506856918335,0.002541662659496069,0.05041490513227283,0.13405658304691315
24,360,2,0.01,10,0.9978052377700806,0.0022375055123120546,0.04730227808797431,0.13996770977973938
24,360,2,0.01,11,0.9985317587852478,0.0014967882307246327,0.03868834747988899,0.11756500601768494
24,360,2,0.01,12,0.9989181160926819,0.0011029657907783985,0.03321092878524174,0.1051928699016571
24,360,2,0.01,13,0.9988982677459717,0.0011231648968532681,0.03351365239500565,0.09983976185321808
24,360,2,0.01,14,0.9992232918739319,0.0007918038172647357,0.028139008818093357,0.09661819785833359
24,360,2,0.01,15,0.9988524913787842,0.0011698476737365127,0.03420303603097995,0.11574471741914749
24,360,2,0.01,16,0.9987911581993103,0.0012323744595050812,0.03510519134693729,0.0998164713382721
24,360,2,0.01,17,0.9987096190452576,0.001315516885370016,0.03627005494026741,0.11950921267271042
24,360,2,0.01,18,0.9981880187988281,0.001847259234637022,0.04297975377590037,0.11292412132024765
24,360,2,0.01,19,0.9988399147987366,0.001182677922770381,0.034390084657796076,0.10411355644464493
24,360,2,0.01,20,0.9990946650505066,0.000922977109439671,0.030380538333605465,0.08610409498214722
24,360,2,0.01,21,0.9991170167922974,0.0009001594153232872,0.030002656804411294,0.09562305361032486
24,360,2,0.01,22,0.9968440532684326,0.003217365825548768,0.05672182847501276,0.1369909942150116
24,360,2,0.01,23,0.9989523887634277,0.0010679856641218066,0.032680049940625955,0.07924601435661316
24,360,2,0.01,24,0.9987788796424866,0.0012448816560208797,0.03528288049494938,0.07790634036064148
24,360,2,0.01,25,0.9991692900657654,0.0008468697196803987,0.02910102609325655,0.07616641372442245
24,360,2,0.01,26,0.9989780187606812,0.001041875220835209,0.03227809196398091,0.06697556376457214
24,360,2,0.01,27,0.9991472363471985,0.0008693831041455269,0.02948530318897072,0.07800541818141937
24,360,2,0.01,28,0.9983533024787903,0.0016787232598289847,0.04097222546834605,0.10995510220527649
24,360,2,0.01,29,0.9979357123374939,0.002104469807818532,0.04587450062745677,0.08257926255464554
24,360,2,0.01,30,0.9989120960235596,0.0011090579209849238,0.033302521240664705,0.07590998709201813
24,360,2,0.01,31,0.999028205871582,0.0009907351341098547,0.03147594532511859,0.06929629296064377
24,360,2,0.01,32,0.9986028671264648,0.0014242962934076786,0.037739850203832005,0.0854717344045639
24,360,2,0.01,33,0.9988741874694824,0.0011477061780169606,0.03387781247390334,0.10682316869497299
24,360,2,0.01,34,0.9992149472236633,0.0008003035909496248,0.028289637518880032,0.07210062444210052
24,360,2,0.01,35,0.9989794492721558,0.0010404211934655905,0.03225556065960706,0.08354637771844864
24,360,2,0.01,36,0.9992873668670654,0.0007265235180966556,0.026954100209368066,0.06724186986684799
24,360,2,0.01,37,0.9987350702285767,0.001289527164772153,0.035909986978167406,0.09500958025455475
24,360,2,0.01,38,0.9973905682563782,0.002660223050042987,0.051577350164999626,0.13023830950260162
24,360,2,0.01,39,0.9989979863166809,0.0010215070797130466,0.03196102438460079,0.06627201288938522
24,360,2,0.01,40,0.9991963505744934,0.0008192858658730984,0.028623170087764535,0.06530565768480301
24,360,2,0.01,41,0.9992547631263733,0.0007597290095873177,0.027563182138267667,0.05858318880200386
24,360,2,0.01,42,0.9989427924156189,0.0010777896968647838,0.03282970753547439,0.07086005061864853
24,360,2,0.01,43,0.9991746544837952,0.0008414030889980495,0.02900694897775444,0.056025177240371704
24,360,2,0.01,44,0.9989343881607056,0.0010863811476156116,0.03296029653409707,0.08517936617136002
24,360,2,0.01,45,0.9990659356117249,0.0009522238397039473,0.030858124371127085,0.07277610898017883
24,360,2,0.01,46,0.9989876747131348,0.0010320335859432817,0.03212527954653907,0.09403054416179657
24,360,2,0.01,47,0.999258279800415,0.0007561834063380957,0.02749878917949108,0.06900813430547714
24,360,2,0.01,48,0.9992179870605469,0.0007972307503223419,0.028235274929108482,0.08448795974254608
24,360,2,0.01,49,0.9988176226615906,0.001205409993417561,0.034719014868189464,0.07902359217405319
24,360,2,0.01,50,0.9991824626922607,0.0008334364392794669,0.02886929925161792,0.07582320272922516
24,360,2,0.01,51,0.9989421963691711,0.0010784007608890533,0.03283901278797908,0.09377185255289078
24,360,2,0.01,52,0.9995051622390747,0.0005044693243689835,0.02246039457286945,0.057627659291028976
24,360,2,0.01,53,0.9993509650230408,0.0006616386235691607,0.02572233705496374,0.07042468339204788
24,360,2,0.01,54,0.9991147518157959,0.0009025033796206117,0.030041694020487786,0.07683975249528885
24,360,2,0.01,55,0.9990778565406799,0.0009400676353834569,0.030660522425155396,0.07602903246879578
24,360,2,0.01,56,0.999537467956543,0.0004715339164249599,0.021714831715326736,0.061230964958667755
24,360,2,0.01,57,0.9995656609535217,0.00044282220187596977,0.02104334103406514,0.056834034621715546
24,360,2,0.01,58,0.9991771578788757,0.0008388538844883442,0.02896297437226267,0.07728707045316696
24,360,2,0.01,59,0.9995430707931519,0.0004658048565033823,0.021582512747671024,0.05315453186631203
24,360,2,0.01,60,0.9995366334915161,0.00047238750266842544,0.02173447728077272,0.06911792606115341
24,360,2,0.01,61,0.9996314644813538,0.00037572503788396716,0.019383628088775515,0.0441068634390831
24,360,2,0.01,62,0.9993396401405334,0.0006732090259902179,0.025946271909278566,0.07361701130867004
24,360,2,0.01,63,0.9993454813957214,0.0006672650342807174,0.02583147371484479,0.07341506332159042
24,360,2,0.01,64,0.999599277973175,0.0004084937390871346,0.020211228045003464,0.05237790569663048
24,360,2,0.01,65,0.999481201171875,0.0005289080436341465,0.022998000861686792,0.05526883155107498
24,360,2,0.01,66,0.9993383288383484,0.0006745405262336135,0.025971918031474178,0.07641438394784927
24,360,2,0.01,67,0.9993262887001038,0.000686806277371943,0.026206989093979168,0.059789590537548065
24,360,2,0.01,68,0.9995813369750977,0.0004268339544069022,0.020659960174378416,0.07078894227743149
24,360,2,0.01,69,0.9993316531181335,0.0006813426152803004,0.026102540398978417,0.08041195571422577
24,360,2,0.01,70,0.9987798929214478,0.001243867096491158,0.03526850006012671,0.07138997316360474
24,360,2,0.01,71,0.9991681575775146,0.0008480024989694357,0.029120482464571835,0.0894276425242424
24,360,2,0.01,72,0.9994727969169617,0.0005374843021854758,0.023183707688492705,0.06125793233513832
24,360,2,0.01,73,0.9993887543678284,0.0006231413572095335,0.02496279946659696,0.07450798153877258
24,360,2,0.01,74,0.9993170499801636,0.0006962143816053867,0.026385874660609352,0.06749788671731949
24,360,2,0.01,75,0.9993544816970825,0.0006580555345863104,0.025652593135710673,0.06145007908344269
24,360,2,0.01,76,0.9991875290870667,0.0008282607304863632,0.028779519288660176,0.06573435664176941
24,360,2,0.01,77,0.9993414282798767,0.0006713858456350863,0.02591111432638678,0.0696154236793518
24,360,2,0.01,78,0.9994500875473022,0.0005606377380900085,0.023677789974784567,0.04873130843043327
24,360,2,0.01,79,0.9985980987548828,0.0014292155392467976,0.03780496712400101,0.08862211555242538
24,360,2,0.01,80,0.9991112351417542,0.0009060344309546053,0.030100405827074912,0.07555792480707169
24,360,2,0.01,81,0.9991909861564636,0.000824789865873754,0.02871915503411885,0.06241655722260475
24,360,2,0.01,82,0.9990365505218506,0.000982191413640976,0.03133993321053789,0.0496085062623024
24,360,2,0.01,83,0.9991803765296936,0.000835596933029592,0.028906693567919386,0.057839374989271164
24,360,2,0.01,84,0.9990803003311157,0.0009375945082865655,0.03062016505975377,0.06469272077083588
24,360,2,0.01,85,0.9987432360649109,0.0012812355998903513,0.03579435150816887,0.05727594718337059
24,360,2,0.01,86,0.9988911151885986,0.00113046751357615,0.03362242575389453,0.05809935927391052
24,360,2,0.01,87,0.999334990978241,0.000677948584780097,0.026037445819052547,0.07474115490913391
24,360,2,0.01,88,0.9991804361343384,0.0008355414029210806,0.02890573304590424,0.09619001299142838
24,360,2,0.01,89,0.999211847782135,0.0008034729398787022,0.028345598245207354,0.058208297938108444
24,360,2,0.01,90,0.9991419315338135,0.0008747559622861445,0.029576273637599185,0.045410603284835815
24,360,2,0.01,91,0.9992843866348267,0.0007295215618796647,0.027009656826395716,0.053537800908088684
24,360,2,0.01,92,0.9986026287078857,0.0014245705679059029,0.03774348378072569,0.0799185037612915
24,360,2,0.01,93,0.998801589012146,0.0012217434123158455,0.034953446358204014,0.05009390041232109
24,360,2,0.01,94,0.9988949298858643,0.0011265488574281335,0.03356410072425796,0.05950964242219925
24,360,2,0.01,95,0.9990516304969788,0.0009668171987868845,0.031093684226654206,0.06506675481796265
24,360,2,0.01,96,0.9993367195129395,0.0006762192351743579,0.026004215719270557,0.06272128224372864
24,360,2,0.01,97,0.9981431365013123,0.0018930111546069384,0.04350874802389674,0.09721241891384125
24,360,2,0.01,98,0.9988566637039185,0.001165573252364993,0.03414049285474645,0.0502433106303215
24,360,2,0.01,99,0.9984039664268494,0.0016271250788122416,0.040337638488293304,0.058024805039167404
24,360,2,0.01,100,0.9989309906959534,0.001089837052859366,0.03301268018291405,0.050818294286727905
25,360,2,0.01,1,0.9915751814842224,0.008588801138103008,0.09267578506871689,0.3397177755832672
25,360,2,0.01,2,0.9955487847328186,0.0045378790237009525,0.06736378124556959,0.21874527633190155
25,360,2,0.01,3,0.9957638382911682,0.004318627528846264,0.06571626532941646,0.17710375785827637
25,360,2,0.01,4,0.997290313243866,0.002762442920356989,0.05255894710091698,0.13939502835273743
25,360,2,0.01,5,0.9972818493843079,0.0027710336726158857,0.05264060858895807,0.15191683173179626
25,360,2,0.01,6,0.9977677464485168,0.0022756948601454496,0.04770424362827116,0.14884145557880402
25,360,2,0.01,7,0.9981107115745544,0.0019260742701590061,0.043887062674084334,0.12129561603069305
25,360,2,0.01,8,0.9979438185691833,0.002096205949783325,0.045784341753303884,0.12355112284421921
25,360,2,0.01,9,0.9982841610908508,0.001749236136674881,0.04182387041720172,0.12885813415050507
25,360,2,0.01,10,0.9979642629623413,0.0020753699354827404,0.045556228284206544,0.1395571380853653
25,360,2,0.01,11,0.9980482459068298,0.001989766489714384,0.04460679869385814,0.13251744210720062
25,360,2,0.01,12,0.9982385039329529,0.0017957851523533463,0.04237670530318923,0.10272948443889618
25,360,2,0.01,13,0.9985977411270142,0.001429521245881915,0.037809010115075946,0.08656565845012665
25,360,2,0.01,14,0.9985975027084351,0.001429818570613861,0.03781294184024646,0.09939736872911453
25,360,2,0.01,15,0.9988197088241577,0.0012032700469717383,0.03468818310277635,0.09699922800064087
25,360,2,0.01,16,0.9983202219009399,0.0017124537844210863,0.04138180499230412,0.1052836999297142
25,360,2,0.01,17,0.9988508820533752,0.0011714952997863293,0.03422711351817926,0.1157970204949379
25,360,2,0.01,18,0.9988699555397034,0.0011520173866301775,0.03394138162523997,0.09573400020599365
25,360,2,0.01,19,0.9992272853851318,0.000787759548984468,0.028067054512087086,0.07158519327640533
25,360,2,0.01,20,0.9991976022720337,0.0008180173463188112,0.028601002540449717,0.07227881997823715
25,360,2,0.01,21,0.9990482926368713,0.0009702174575068057,0.031148313879033735,0.08028972893953323
25,360,2,0.01,22,0.998418390750885,0.0016123950481414795,0.0401546391857962,0.10057711601257324
25,360,2,0.01,23,0.9990977644920349,0.0009197702165693045,0.030327713671975086,0.10561417788267136
25,360,2,0.01,24,0.9983803033828735,0.0016511912690475583,0.04063485288576247,0.10545068234205246
25,360,2,0.01,25,0.9988551735877991,0.0011671307729557157,0.034163295698098506,0.07917200028896332
25,360,2,0.01,26,0.9991784691810608,0.0008375020115636289,0.028939627011480794,0.0754166767001152
25,360,2,0.01,27,0.9992843866348267,0.0007295304676517844,0.027009821688633643,0.08636215329170227
25,360,2,0.01,28,0.9991645812988281,0.0008516603847965598,0.029183220946231412,0.07677696645259857
25,360,2,0.01,29,0.999193549156189,0.0008221672615036368,0.028673459182729188,0.07983234524726868
25,360,2,0.01,30,0.9993488788604736,0.0006637980695813894,0.025764278945497182,0.07010021805763245
25,360,2,0.01,31,0.9989528656005859,0.001067491015419364,0.0326724810110797,0.08135510981082916
25,360,2,0.01,32,0.9991457462310791,0.0008708540699444711,0.029510236697533807,0.11067867279052734
25,360,2,0.01,33,0.9993706941604614,0.0006415306706912816,0.02532845575022847,0.070048987865448
25,360,2,0.01,34,0.9993511438369751,0.0006614753510802984,0.025719163110029426,0.0867735967040062
25,360,2,0.01,35,0.999355137348175,0.0006574279395863414,0.02564035763374492,0.08432500809431076
25,360,2,0.01,36,0.9991582632064819,0.0008580969297327101,0.029293291548283033,0.08040781319141388
25,360,2,0.01,37,0.9993851780891418,0.0006267772987484932,0.025035520740509735,0.07141659408807755
25,360,2,0.01,38,0.9994058609008789,0.0006057026912458241,0.024611027838061215,0.10144849121570587
25,360,2,0.01,39,0.9996361136436462,0.0003709945303853601,0.019261218299613348,0.07560724020004272
25,360,2,0.01,40,0.9985377192497253,0.0014907550066709518,0.038610296640545924,0.13416965305805206
25,360,2,0.01,41,0.9996325969696045,0.0003745832364074886,0.019354152949883612,0.06279144436120987
25,360,2,0.01,42,0.9994869232177734,0.0005230889655649662,0.022871138265616913,0.0709931030869484
25,360,2,0.01,43,0.9994327425956726,0.0005782702355645597,0.02404725006242002,0.08981383591890335
25,360,2,0.01,44,0.9995900392532349,0.0004179174138698727,0.02044302849065844,0.062210869044065475
25,360,2,0.01,45,0.9995655417442322,0.00044294382678344846,0.021046230702514133,0.07557541877031326
25,360,2,0.01,46,0.9995705485343933,0.00043783147702924907,0.020924422979600874,0.07350415736436844
25,360,2,0.01,47,0.9995612502098083,0.00044726452324539423,0.021148629346730587,0.07058455049991608
25,360,2,0.01,48,0.999473512172699,0.0005367154371924698,0.023167119743128836,0.0789421796798706
25,360,2,0.01,49,0.9996591806411743,0.00034744315780699253,0.018639827193592556,0.06181251257658005
25,360,2,0.01,50,0.9988034963607788,0.0012197894975543022,0.03492548492940795,0.08953773975372314
25,360,2,0.01,51,0.9997908473014832,0.00021321582607924938,0.014601911726868142,0.04739132896065712
25,360,2,0.01,52,0.9996680021286011,0.0003384645970072597,0.01839740734471191,0.05981014668941498
25,360,2,0.01,53,0.999136745929718,0.0008800420328043401,0.02966550240269563,0.08828810602426529
25,360,2,0.01,54,0.9987140893936157,0.001310951542109251,0.03620706480936077,0.13584652543067932
25,360,2,0.01,55,0.9994463920593262,0.0005643808399327099,0.02375670094800012,0.06884352117776871
25,360,2,0.01,56,0.999614417552948,0.0003931144019588828,0.019827112799368517,0.07341661304235458
25,360,2,0.01,57,0.9996320605278015,0.000375119736418128,0.019368008065315544,0.06989942491054535
25,360,2,0.01,58,0.9985135197639465,0.0015153861604630947,0.03892796116499161,0.09160418808460236
25,360,2,0.01,59,0.9987600445747375,0.0012640677159652114,0.035553729986672444,0.11974256485700607
25,360,2,0.01,60,0.9996405243873596,0.0003664499963633716,0.019142883700304186,0.069652259349823
25,360,2,0.01,61,0.9997214674949646,0.00028397448477335274,0.016851542504273984,0.06156060844659805
25,360,2,0.01,62,0.999593198299408,0.00041474177851341665,0.020365210004157006,0.07340165227651596
25,360,2,0.01,63,0.9997311234474182,0.000274088786682114,0.016555627039834944,0.05479198321700096
25,360,2,0.01,64,0.9995028376579285,0.000506819982547313,0.022512662715621024,0.07646290212869644
25,360,2,0.01,65,0.9996212720870972,0.0003861075092572719,0.019649618552462333,0.05151383951306343
25,360,2,0.01,66,0.9994459748268127,0.0005647864891216159,0.023765236988543076,0.06759247928857803
25,360,2,0.01,67,0.9996927380561829,0.00031322057475335896,0.017698038726179772,0.06091485545039177
25,360,2,0.01,68,0.9995995163917542,0.0004082692612428218,0.020205673986353978,0.06473695486783981
25,360,2,0.01,69,0.9996528029441833,0.0003539830504450947,0.018814437287495333,0.0792723223567009
25,360,2,0.01,70,0.999232292175293,0.000782619696110487,0.027975340857807025,0.11200772225856781
25,360,2,0.01,71,0.9996535778045654,0.0003531651454977691,0.018792688618124047,0.06513526290655136
25,360,2,0.01,72,0.9989593625068665,0.0010608822340145707,0.03257118717539431,0.07584096491336823
25,360,2,0.01,73,0.9995792508125305,0.0004289229691494256,0.020710455551470268,0.058851081877946854
25,360,2,0.01,74,0.9995942711830139,0.00041360995965078473,0.020337402972129572,0.057927582412958145
25,360,2,0.01,75,0.9974589943885803,0.002590437652543187,0.05089634223147266,0.1453634649515152
25,360,2,0.01,76,0.99945467710495,0.0005559335113503039,0.02357824232953559,0.062254153192043304
25,360,2,0.01,77,0.9997417330741882,0.0002632685354910791,0.016225551931785837,0.06269105523824692
25,360,2,0.01,78,0.9997701644897461,0.00023428472923114896,0.015306362377493516,0.05187315493822098
25,360,2,0.01,79,0.9997392296791077,0.0002658478915691376,0.016304842580323723,0.04854912683367729
25,360,2,0.01,80,0.9997382760047913,0.0002668298839125782,0.016334928341213445,0.051226966083049774
25,360,2,0.01,81,0.9995471835136414,0.00046165319508872926,0.02148611633331462,0.05803440138697624
25,360,2,0.01,82,0.9993302226066589,0.0006828382611274719,0.02613117412454848,0.07982747256755829
25,360,2,0.01,83,0.9995896220207214,0.0004183909040875733,0.020454605938212873,0.05271057039499283
25,360,2,0.01,84,0.9997474551200867,0.00025748240295797586,0.016046258222962007,0.054876018315553665
25,360,2,0.01,85,0.9995698928833008,0.0004384653002489358,0.020939563038634208,0.06200211122632027
25,360,2,0.01,86,0.9994483590126038,0.0005623877514153719,0.02371471592525139,0.0873066633939743
25,360,2,0.01,87,0.9993597269058228,0.0006527212099172175,0.025548409146504945,0.06096941977739334
25,360,2,0.01,88,0.9996156692504883,0.0003918215516023338,0.01979448285766349,0.0628216415643692
25,360,2,0.01,89,0.9995108246803284,0.0004986946005374193,0.02233147107866876,0.08081890642642975
25,360,2,0.01,90,0.9997374415397644,0.00026769694522954524,0.01636144691735866,0.052110616117715836
25,360,2,0.01,91,0.9996528029441833,0.0003539674507919699,0.018814022716898422,0.058410752564668655
25,360,2,0.01,92,0.9997780919075012,0.000226233372814022,0.01504105623997271,0.046104080975055695
25,360,2,0.01,93,0.9996879696846008,0.00031808577477931976,0.017834959343360438,0.049023326486349106
25,360,2,0.01,94,0.999674916267395,0.000331395014654845,0.018204258146237242,0.06154936924576759
25,360,2,0.01,95,0.9996713995933533,0.00033499038545414805,0.01830274256646113,0.05564092844724655
25,360,2,0.01,96,0.9994986653327942,0.0005110652418807149,0.022606752130297596,0.06868524849414825
25,360,2,0.01,97,0.9987677335739136,0.0012562264455482364,0.03544328491475129,0.10653838515281677
25,360,2,0.01,98,0.9995589852333069,0.00044961340609006584,0.021204089371865652,0.07133933901786804
25,360,2,0.01,99,0.9995815753936768,0.0004265612515155226,0.020653359327613575,0.04391299933195114
25,360,2,0.01,100,0.9997139573097229,0.00029158670804463327,0.017075910167385903,0.0554838553071022
26,360,2,0.01,1,0.9873789548873901,0.012866671197116375,0.11343135015116577,0.3423255980014801
26,360,2,0.01,2,0.9937424659729004,0.006379296071827412,0.07987049562778117,0.22966709733009338
26,360,2,0.01,3,0.9953895807266235,0.004700133576989174,0.06855752020740813,0.15957781672477722
26,360,2,0.01,4,0.995769739151001,0.004312582314014435,0.06567025440802278,0.14739257097244263
26,360,2,0.01,5,0.9963175654411316,0.003754119388759136,0.0612708690060712,0.14210890233516693
26,360,2,0.01,6,0.9956037402153015,0.004481846932321787,0.06694659761572493,0.13420699536800385
26,360,2,0.01,7,0.9962382912635803,0.0038349158130586147,0.061926697094699105,0.13821938633918762
26,360,2,0.01,8,0.9968953132629395,0.0031651307363063097,0.05625949463251789,0.1479053646326065
26,360,2,0.01,9,0.9964184761047363,0.0036512045189738274,0.060425197715637036,0.14419148862361908
26,360,2,0.01,10,0.9965192079544067,0.0035485306289047003,0.059569544474544205,0.10477840900421143
26,360,2,0.01,11,0.9970670938491821,0.0029900167137384415,0.054681045287544035,0.11577906459569931
26,360,2,0.01,12,0.9968343377113342,0.003227264853194356,0.05680902087868049,0.10390502959489822
26,360,2,0.01,13,0.9967849254608154,0.003277667798101902,0.057250919626691606,0.09106604754924774
26,360,2,0.01,14,0.9976801872253418,0.002364991931244731,0.04863118270456448,0.10246871411800385
26,360,2,0.01,15,0.9971969723701477,0.0028575630858540535,0.05345617911761047,0.11858338862657547
26,360,2,0.01,16,0.9975127577781677,0.0025356600526720285,0.05035533787665443,0.08471575379371643
26,360,2,0.01,17,0.9970663785934448,0.0029907203279435635,0.05468747871262272,0.12185351550579071
26,360,2,0.01,18,0.9957740902900696,0.0043081725016236305,0.06563667040324052,0.13910673558712006
26,360,2,0.01,19,0.9973293542861938,0.00272265262901783,0.05217904396419917,0.10258753597736359
26,360,2,0.01,20,0.9971925616264343,0.0028620874509215355,0.053498480828164975,0.11921266466379166
26,360,2,0.01,21,0.9979754686355591,0.0020639451686292887,0.045430663308268886,0.10809382796287537
26,360,2,0.01,22,0.9970936179161072,0.0029629759956151247,0.054433225107604316,0.09044326841831207
26,360,2,0.01,23,0.9978054165840149,0.002237297361716628,0.04730007781935066,0.09500005096197128
26,360,2,0.01,24,0.9980825781822205,0.00195472058840096,0.04421222216085683,0.09696248173713684
26,360,2,0.01,25,0.9949681758880615,0.0051297335885465145,0.07162215850242518,0.11268395930528641
26,360,2,0.01,26,0.9979754686355591,0.0020639519207179546,0.04543073762022751,0.09588290750980377
26,360,2,0.01,27,0.9984781742095947,0.0015514212427660823,0.039388085035529236,0.10020990669727325
26,360,2,0.01,28,0.9981876611709595,0.001847602310590446,0.042983744725075386,0.09545449912548065
26,360,2,0.01,29,0.9982685446739197,0.0017651700181886554,0.04201392647906948,0.09124129265546799
26,360,2,0.01,30,0.9980641603469849,0.001973535632714629,0.044424493612360165,0.0735570415854454
26,360,2,0.01,31,0.9982708096504211,0.0017628443893045187,0.04198624047595258,0.07605281472206116
26,360,2,0.01,32,0.998202919960022,0.00183203280903399,0.04280225238271918,0.07487399876117706
26,360,2,0.01,33,0.9972819685935974,0.0027709202840924263,0.05263953157174203,0.17853790521621704
26,360,2,0.01,34,0.9982792735099792,0.0017542222049087286,0.041883435925300215,0.07881324738264084
26,360,2,0.01,35,0.998074471950531,0.0019629979506134987,0.04430573270597721,0.08857560157775879
26,360,2,0.01,36,0.9985641837120056,0.0014637591084465384,0.038259104909113315,0.06938856095075607
26,360,2,0.01,37,0.9987344145774841,0.001290233340114355,0.03591981820825873,0.07584922760725021
26,360,2,0.01,38,0.9981727600097656,0.0018628009129315615,0.043160177396896336,0.06999281048774719
26,360,2,0.01,39,0.9988174438476562,0.0012055705301463604,0.03472132673367134,0.07687875628471375
26,360,2,0.01,40,0.9990710616111755,0.0009470106451772153,0.03077353806726187,0.062489695847034454
26,360,2,0.01,41,0.9987691044807434,0.0012548657832667232,0.0354240847908132,0.07925491034984589
26,360,2,0.01,42,0.9983287453651428,0.0017037966754287481,0.04127707203071395,0.07408645749092102
26,360,2,0.01,43,0.9958261847496033,0.0042550209909677505,0.06523052192775826,0.22110533714294434
26,360,2,0.01,44,0.9987719058990479,0.001251994981430471,0.03538354110925687,0.07449860870838165
26,360,2,0.01,45,0.9989660978317261,0.0010540118673816323,0.032465548930853336,0.07671791315078735
26,360,2,0.01,46,0.9989194273948669,0.001101625501178205,0.033190744209466064,0.06275945156812668
26,360,2,0.01,47,0.9986064434051514,0.0014207079075276852,0.03769227915008172,0.077626071870327
26,360,2,0.01,48,0.9993140697479248,0.0006992989801801741,0.026444261762813007,0.05950893089175224
26,360,2,0.01,49,0.998933732509613,0.0010869905818253756,0.0329695402125261,0.08874992281198502
26,360,2,0.01,50,0.9986271262168884,0.0013995745684951544,0.03741088836816301,0.07448757439851761
26,360,2,0.01,51,0.9990581274032593,0.0009601935162208974,0.030986989466885894,0.059508733451366425
26,360,2,0.01,52,0.9991589784622192,0.0008574146195314825,0.02928164304699247,0.05687810853123665
26,360,2,0.01,53,0.998652994632721,0.0013732498046010733,0.03705738529093861,0.08163313567638397
26,360,2,0.01,54,0.99891197681427,0.0011091965716332197,0.03330460285956312,0.08904378116130829
26,360,2,0.01,55,0.9994311928749084,0.000579852785449475,0.024080132587871585,0.0634712353348732
26,360,2,0.01,56,0.9986389875411987,0.0013875309377908707,0.03724957634377699,0.12209150940179825
26,360,2,0.01,57,0.99815833568573,0.0018775268690660596,0.043330438136096196,0.07457821816205978
26,360,2,0.01,58,0.999158501625061,0.0008578560082241893,0.029289179029535622,0.07011358439922333
26,360,2,0.01,59,0.9993336200714111,0.0006793442298658192,0.026064232769560266,0.05985720828175545
26,360,2,0.01,60,0.9989970326423645,0.0010225175647065043,0.031976828559231826,0.08447243273258209
26,360,2,0.01,61,0.9993893504142761,0.0006225207471288741,0.024950365671245662,0.06963666528463364
26,360,2,0.01,62,0.9994121193885803,0.0005993146332912147,0.02448090344107453,0.056821443140506744
26,360,2,0.01,63,0.9989582300186157,0.001062047085724771,0.03258906389764473,0.06830798834562302
26,360,2,0.01,64,0.9993875622749329,0.0006243285606615245,0.02498656760464559,0.06389594078063965
26,360,2,0.01,65,0.9995717406272888,0.00043657259084284306,0.020894319583150897,0.0647086352109909
26,360,2,0.01,66,0.9992092847824097,0.000806109223049134,0.028392062676902044,0.07292346656322479
26,360,2,0.01,67,0.998996376991272,0.0010231462074443698,0.031986656709390084,0.10196810960769653
26,360,2,0.01,68,0.9975694417953491,0.0024778523948043585,0.04977803124676948,0.1338224560022354
26,360,2,0.01,69,0.9995849132537842,0.0004231423372402787,0.02057042384687974,0.055942971259355545
26,360,2,0.01,70,0.9996339678764343,0.00037318302202038467,0.019317945595233067,0.05621137097477913
26,360,2,0.01,71,0.9996862411499023,0.0003198757185600698,0.017885069710797043,0.05683119595050812
26,360,2,0.01,72,0.9996144771575928,0.0003930334351025522,0.019825070872573246,0.06082354858517647
26,360,2,0.01,73,0.9997348189353943,0.00027031300123780966,0.016441198290812312,0.05081944167613983
26,360,2,0.01,74,0.9996578097343445,0.00034882425097748637,0.018676837285190616,0.05197174474596977
26,360,2,0.01,75,0.9993751049041748,0.0006370536284521222,0.025239921324206268,0.06447473913431168
26,360,2,0.01,76,0.9994791746139526,0.0005309369298629463,0.02304206869755722,0.05876724794507027
26,360,2,0.01,77,0.9997085928916931,0.0002970736240968108,0.01723582385895176,0.053221650421619415
26,360,2,0.01,78,0.9995312690734863,0.0004778254369739443,0.021859218581045944,0.054906561970710754
26,360,2,0.01,79,0.9993937611579895,0.0006180208292789757,0.024860024724021813,0.0727946013212204
26,360,2,0.01,80,0.9995635747909546,0.00044494730536825955,0.021093774090196842,0.05773656815290451
26,360,2,0.01,81,0.9991587996482849,0.0008575461688451469,0.029283889237004482,0.07411941885948181
26,360,2,0.01,82,0.9994961619377136,0.0005136208492331207,0.022663204743220245,0.058210376650094986
26,360,2,0.01,83,0.9997245669364929,0.00028077990282326937,0.016756488379826764,0.05197516083717346
26,360,2,0.01,84,0.9996656775474548,0.000340824481099844,0.018461432260251206,0.048769302666187286
26,360,2,0.01,85,0.9991121888160706,0.000905081513337791,0.030084572679993163,0.08390568941831589
26,360,2,0.01,86,0.9994566440582275,0.0005539390258491039,0.02353590928451892,0.05770259350538254
26,360,2,0.01,87,0.9990156888961792,0.0010034404695034027,0.031677128492074574,0.06604556739330292
26,360,2,0.01,88,0.9994407892227173,0.0005701095215044916,0.023876966337968725,0.07681922614574432
26,360,2,0.01,89,0.9992032647132874,0.0008122386643663049,0.028499801128539563,0.06204761192202568
26,360,2,0.01,90,0.9995326399803162,0.0004764643672388047,0.021828063753773597,0.05884114280343056
26,360,2,0.01,91,0.9992889165878296,0.0007248928886838257,0.02692383495499528,0.07159354537725449
26,360,2,0.01,92,0.9995163083076477,0.0004930901923216879,0.022205634247228517,0.049865443259477615
26,360,2,0.01,93,0.9996218681335449,0.0003855131799355149,0.019634489551183014,0.055132169276475906
26,360,2,0.01,94,0.9993646144866943,0.0006477789720520377,0.02545150235353579,0.04914483428001404
26,360,2,0.01,95,0.9993076324462891,0.0007058465853333473,0.026567773435750074,0.062303993850946426
26,360,2,0.01,96,0.9993512630462646,0.0006613553268834949,0.025716829642930226,0.06608425825834274
26,360,2,0.01,97,0.9989746809005737,0.0010452880524098873,0.032330914809356806,0.06900931894779205
26,360,2,0.01,98,0.9996446967124939,0.00036220267065800726,0.019031622911827757,0.06702423840761185
26,360,2,0.01,99,0.9995465874671936,0.00046222927630878985,0.021499518048290985,0.05147458612918854
26,360,2,0.01,100,0.9996870160102844,0.00031907481024973094,0.01786266526164925,0.041349634528160095
27,360,2,0.01,1,0.9893777966499329,0.010828947648406029,0.1040622296916899,0.3241920471191406
27,360,2,0.01,2,0.9933227896690369,0.006807196419686079,0.08250573567750354,0.2655180096626282
27,360,2,0.01,3,0.9941615462303162,0.005952066741883755,0.07714963863741524,0.19283336400985718
27,360,2,0.01,4,0.9947081804275513,0.005394800566136837,0.07344930609704109,0.17052295804023743
27,360,2,0.01,5,0.9955897331237793,0.004496079403907061,0.06705281055934241,0.13054843246936798
27,360,2,0.01,6,0.994459867477417,0.0056479512713849545,0.075152852716214,0.1932663917541504
27,360,2,0.01,7,0.9961825013160706,0.0038917812053114176,0.06238414225836096,0.11551924794912338
27,360,2,0.01,8,0.9965664148330688,0.003500404069200158,0.05916421274047478,0.10471036285161972
27,360,2,0.01,9,0.9962418079376221,0.003831356531009078,0.06189795255910391,0.12016329169273376
27,360,2,0.01,10,0.9970753788948059,0.0029815267771482468,0.05460335866179156,0.09039807319641113
27,360,2,0.01,11,0.9971804618835449,0.002874406287446618,0.053613489789852496,0.08651860058307648
27,360,2,0.01,12,0.9968213438987732,0.0032405408564954996,0.05692574862481388,0.12261022627353668
27,360,2,0.01,13,0.9970566630363464,0.0030006403103470802,0.05477810064566935,0.09719591587781906
27,360,2,0.01,14,0.9975053668022156,0.0025431581307202578,0.050429734589032466,0.09442808479070663
27,360,2,0.01,15,0.9975149035453796,0.0025334726087749004,0.05033361311067287,0.09395676851272583
27,360,2,0.01,16,0.9972698092460632,0.002783354604616761,0.05275750756638112,0.10579144954681396
27,360,2,0.01,17,0.9971105456352234,0.0029457067139446735,0.05427436516390287,0.11109630018472672
27,360,2,0.01,18,0.9978936910629272,0.0021472859662026167,0.04633881705657382,0.09003273397684097
27,360,2,0.01,19,0.9975908398628235,0.0024560559540987015,0.04955861130115231,0.10726086795330048
27,360,2,0.01,20,0.9983262419700623,0.0017063268460333347,0.041307709280875585,0.06741134077310562
27,360,2,0.01,21,0.9983645081520081,0.0016673383070155978,0.04083305409855596,0.09162051975727081
27,360,2,0.01,22,0.998476505279541,0.0015531509416177869,0.039410036051972686,0.08596466481685638
27,360,2,0.01,23,0.9984349608421326,0.0015954773407429457,0.03994342675263285,0.09348848462104797
27,360,2,0.01,24,0.9985935091972351,0.0014338418841362,0.03786610468659537,0.07980851083993912
27,360,2,0.01,25,0.9989616274833679,0.0010585942072793841,0.0325360447393254,0.06865561753511429
27,360,2,0.01,26,0.9987689256668091,0.0012550130486488342,0.03542616333515153,0.08578159660100937
27,360,2,0.01,27,0.9989832043647766,0.0010365939233452082,0.03219617870718834,0.09201157838106155
27,360,2,0.01,28,0.9989473223686218,0.001073187799192965,0.032759545161570314,0.08121243864297867
27,360,2,0.01,29,0.9986421465873718,0.00138429447542876,0.0372061080392556,0.11307105422019958
27,360,2,0.01,30,0.9987901449203491,0.001233382849022746,0.03511955080895463,0.08918380737304688
27,360,2,0.01,31,0.9988152980804443,0.0012077627470716834,0.034752881133392144,0.06092236563563347
27,360,2,0.01,32,0.9984060525894165,0.0016249699983745813,0.04031091661541054,0.09866059571504593
27,360,2,0.01,33,0.9987701773643494,0.0012537662405520678,0.0354085616843168,0.06690353900194168
27,360,2,0.01,34,0.9986922144889832,0.0013332647504284978,0.03651389804483353,0.09052779525518417
27,360,2,0.01,35,0.9990326166152954,0.0009862118167802691,0.03140400956534482,0.0578494593501091
27,360,2,0.01,36,0.9986757636070251,0.0013500184286385775,0.03674259692289832,0.09515459090471268
27,360,2,0.01,37,0.9984919428825378,0.0015374135691672564,0.03920986571218086,0.08575426787137985
27,360,2,0.01,38,0.9990862011909485,0.0009315907373093069,0.03052197138635227,0.06974756717681885
27,360,2,0.01,39,0.998572587966919,0.0014552221400663257,0.0381473739602915,0.08227857202291489
27,360,2,0.01,40,0.9987162351608276,0.0013087476836517453,0.03617661791339463,0.07477512210607529
27,360,2,0.01,41,0.9989361763000488,0.001084520248696208,0.03293205503299495,0.07579104602336884
27,360,2,0.01,42,0.9991014003753662,0.0009160785120911896,0.030266788929306485,0.06737802177667618
27,360,2,0.01,43,0.9990096092224121,0.0010096540208905935,0.03177505343647109,0.07133914530277252
27,360,2,0.01,44,0.9987655878067017,0.0012584289070218801,0.03547434153049046,0.08187594264745712
27,360,2,0.01,45,0.9990248680114746,0.0009940897580236197,0.03152918898455239,0.07492409646511078
27,360,2,0.01,46,0.9988446235656738,0.0011778598418459296,0.03431996273083538,0.07511211931705475
27,360,2,0.01,47,0.9990885257720947,0.0009292413014918566,0.030483459473817216,0.06722031533718109
27,360,2,0.01,48,0.9991046786308289,0.0009127258672378957,0.03021135328378879,0.055590227246284485
27,360,2,0.01,49,0.9991934299468994,0.0008222565520554781,0.028675016164868644,0.0828356221318245
27,360,2,0.01,50,0.9984956383705139,0.0015336135402321815,0.039161378170746004,0.07313962280750275
27,360,2,0.01,51,0.9989939332008362,0.0010256445966660976,0.03202568651357997,0.05746195837855339
27,360,2,0.01,52,0.9988993406295776,0.0011220913147553802,0.03349763147978346,0.06019371375441551
27,360,2,0.01,53,0.9991297721862793,0.0008871726458892226,0.029785443523459954,0.0660659670829773
27,360,2,0.01,54,0.9990807771682739,0.0009371311753056943,0.030612598310265894,0.07344195991754532
27,360,2,0.01,55,0.9987894892692566,0.0012340733082965016,0.035129379560369434,0.0772380530834198
27,360,2,0.01,56,0.9989039301872253,0.001117377425543964,0.03342719589711294,0.0620359368622303
27,360,2,0.01,57,0.9989983439445496,0.00102116574998945,0.03195568415774336,0.05418010428547859
27,360,2,0.01,58,0.9992178082466125,0.0007974441978149116,0.028239054478061257,0.055936913937330246
27,360,2,0.01,59,0.998692512512207,0.0013329508947208524,0.03650960003507094,0.07014366239309311
27,360,2,0.01,60,0.9989860653877258,0.0010336675914004445,0.032150701258299864,0.07503481954336166
27,360,2,0.01,61,0.9991189241409302,0.0008982538129203022,0.029970882751769293,0.06168416887521744
27,360,2,0.01,62,0.9977306723594666,0.0023134665098041296,0.04809850839479463,0.13327252864837646
27,360,2,0.01,63,0.9985656142234802,0.0014622912276536226,0.03823991667948065,0.06685315817594528
27,360,2,0.01,64,0.9987103939056396,0.0013147244462743402,0.03625912914390444,0.09031184017658234
27,360,2,0.01,65,0.9989588856697083,0.0010613807244226336,0.03257883859843125,0.0564354732632637
27,360,2,0.01,66,0.9989262819290161,0.0010946408146992326,0.03308535649950341,0.0543656088411808
27,360,2,0.01,67,0.9991094470024109,0.0009078705334104598,0.030130890020217786,0.06531696021556854
27,360,2,0.01,68,0.9985156059265137,0.0015132881235331297,0.03890100414556326,0.06064519286155701
27,360,2,0.01,69,0.9990203380584717,0.000998712028376758,0.03160240542073907,0.06397243589162827
27,360,2,0.01,70,0.9989511370658875,0.001069248071871698,0.03269935889083604,0.05678289011120796
27,360,2,0.01,71,0.9985509514808655,0.0014772467548027635,0.038434967865249525,0.08580727130174637
27,360,2,0.01,72,0.9990530014038086,0.0009654231835156679,0.03107125976711707,0.06287872791290283
27,360,2,0.01,73,0.9989456534385681,0.0010748381027951837,0.03278472361931977,0.045378491282463074
27,360,2,0.01,74,0.9966769814491272,0.0033876867964863777,0.058203838331216416,0.11697231978178024
27,360,2,0.01,75,0.9987419247627258,0.001282589277252555,0.03581325560812023,0.06164943054318428
27,360,2,0.01,76,0.9986333250999451,0.0013932966394349933,0.03732688896003782,0.059043433517217636
27,360,2,0.01,77,0.9985218644142151,0.001506891450844705,0.03881869975726525,0.05488625913858414
27,360,2,0.01,78,0.9991025924682617,0.0009148909011855721,0.030247163522974716,0.0879555195569992
27,360,2,0.01,79,0.9991896748542786,0.0008261183393187821,0.02874227442842306,0.05463623255491257
27,360,2,0.01,80,0.9995065927505493,0.0005030093598179519,0.02242787015786278,0.05319161340594292
27,360,2,0.01,81,0.9993506669998169,0.0006619669147767127,0.025728717705643875,0.05801231786608696
27,360,2,0.01,82,0.9992058277130127,0.0008096357341855764,0.028454098723831974,0.06281308829784393
27,360,2,0.01,83,0.9991208910942078,0.0008962053107097745,0.02993668837245988,0.06706909835338593
27,360,2,0.01,84,0.999261200428009,0.000753203290514648,0.027444549377146785,0.04883892834186554
27,360,2,0.01,85,0.9994116425514221,0.0005997821572236717,0.024490450327090182,0.04906422272324562
27,360,2,0.01,86,0.9995530247688293,0.0004556923813652247,0.021346952507681857,0.05037872865796089
27,360,2,0.01,87,0.9991242289543152,0.0008927859598770738,0.029879524090538553,0.053972985595464706
27,360,2,0.01,88,0.9991087317466736,0.0009086101199500263,0.030143160417415195,0.06157023459672928
27,360,2,0.01,89,0.9989336729049683,0.0010870663681998849,0.03297068953176267,0.06821638345718384
27,360,2,0.01,90,0.9990767240524292,0.0009412240469828248,0.030679374944461057,0.051006730645895004
27,360,2,0.01,91,0.9989779591560364,0.0010419312166050076,0.032278959348235,0.05818820744752884
27,360,2,0.01,92,0.998995840549469,0.0010237072128802538,0.03199542487419496,0.05147012695670128
27,360,2,0.01,93,0.9990946650505066,0.0009229277493432164,0.030379725958988118,0.08583173155784607
27,360,2,0.01,94,0.9992274045944214,0.0007876111194491386,0.028064410192433026,0.05586611106991768
27,360,2,0.01,95,0.9986266493797302,0.0014000633964315057,0.037417421028599844,0.07167056202888489
27,360,2,0.01,96,0.9991825819015503,0.0008332997094839811,0.02886693107145235,0.050402045249938965
27,360,2,0.01,97,0.9993520379066467,0.0006605748785659671,0.025701651280919034,0.061669159680604935
27,360,2,0.01,98,0.9994188547134399,0.0005924589349888265,0.024340479350021572,0.05542072281241417
27,360,2,0.01,99,0.9992554187774658,0.0007590759196318686,0.027551332447485522,0.0591229610145092
27,360,2,0.01,100,0.9986205101013184,0.0014063140843063593,0.03750085444768371,0.07595311850309372
28,360,2,0.01,1,0.9895285964012146,0.010675202123820782,0.10332086973995516,0.3212919533252716
28,360,2,0.01,2,0.9946743249893188,0.005429345183074474,0.07368409043392253,0.2606006860733032
28,360,2,0.01,3,0.9962136745452881,0.0038600070402026176,0.0621289549260457,0.17902226746082306
28,360,2,0.01,4,0.9970858097076416,0.0029709229711443186,0.05450617369752089,0.13947607576847076
28,360,2,0.01,5,0.997420608997345,0.002629621885716915,0.05127983897904629,0.1507534235715866
28,360,2,0.01,6,0.997592568397522,0.0024542768951505423,0.049540659010054985,0.1458239108324051
28,360,2,0.01,7,0.9977629780769348,0.002280582208186388,0.047755441660468266,0.11291082948446274
28,360,2,0.01,8,0.9978394508361816,0.0022026109509170055,0.046931982175452656,0.12403950840234756
28,360,2,0.01,9,0.9978288412094116,0.0022133905440568924,0.04704668472971175,0.10512939095497131
28,360,2,0.01,10,0.9981789588928223,0.0018564661731943488,0.04308672850419661,0.11452632397413254
28,360,2,0.01,11,0.9978234171867371,0.0022189489100128412,0.04710572056568969,0.09582427144050598
28,360,2,0.01,12,0.9978417754173279,0.0022002262994647026,0.046906569896600865,0.12718570232391357
28,360,2,0.01,13,0.9970685839653015,0.0029884837567806244,0.05466702622953461,0.13207153975963593
28,360,2,0.01,14,0.9982668161392212,0.0017669425578787923,0.042035015854389686,0.08294283598661423
28,360,2,0.01,15,0.997940719127655,0.0020993677899241447,0.045818858452870086,0.10324150323867798
28,360,2,0.01,16,0.9981935620307922,0.0018415842205286026,0.04291368337172425,0.08122284710407257
28,360,2,0.01,17,0.9974201917648315,0.00263003702275455,0.0512838865800414,0.13186003267765045
28,360,2,0.01,18,0.9979482293128967,0.002091676462441683,0.04573484953994801,0.10198044031858444
28,360,2,0.01,19,0.9977445602416992,0.0022993660531938076,0.047951705425290224,0.09050776809453964
28,360,2,0.01,20,0.9973541498184204,0.0026973425410687923,0.051935946521352555,0.10340995341539383
28,360,2,0.01,21,0.9980175495147705,0.0020210312213748693,0.04495588083193198,0.08283152431249619
28,360,2,0.01,22,0.9978100061416626,0.0022325951140373945,0.04725034512082842,0.08390646427869797
28,360,2,0.01,23,0.997564971446991,0.0024824440479278564,0.04982413118086312,0.08934210240840912
28,360,2,0.01,24,0.9974237084388733,0.0026264244224876165,0.051248652884613624,0.08085773140192032
28,360,2,0.01,25,0.9974043965339661,0.0026461281813681126,0.05144053053155763,0.0767279639840126
28,360,2,0.01,26,0.9956291317939758,0.004455917980521917,0.06675266272233578,0.11942838132381439
28,360,2,0.01,27,0.9973822236061096,0.002668728120625019,0.051659734035562156,0.08389986306428909
28,360,2,0.01,28,0.996457576751709,0.0036113590467721224,0.06009458417172152,0.12547752261161804
28,360,2,0.01,29,0.9970443844795227,0.0030131260864436626,0.054891949195156685,0.11846765875816345
28,360,2,0.01,30,0.9967902898788452,0.0032721993047744036,0.057203140689776846,0.0930163636803627
28,360,2,0.01,31,0.9975509643554688,0.0024967207573354244,0.04996719681286338,0.09713537245988846
28,360,2,0.01,32,0.9971306324005127,0.002925214357674122,0.05408525083305172,0.07632303982973099
28,360,2,0.01,33,0.9968329668045044,0.003228653222322464,0.056821239183270755,0.07805079221725464
28,360,2,0.01,34,0.9971729516983032,0.0028820589650422335,0.0536848113067582,0.07025215029716492
28,360,2,0.01,35,0.9973268508911133,0.0027251490391790867,0.05220296006146669,0.08019105345010757
28,360,2,0.01,36,0.996865451335907,0.003195547964423895,0.056529177991758335,0.1018184944987297
28,360,2,0.01,37,0.9969984292984009,0.0030599976889789104,0.055317245854967424,0.06176239997148514
28,360,2,0.01,38,0.9944546818733215,0.005653247237205505,0.07518807908974338,0.10917462408542633
28,360,2,0.01,39,0.9967269897460938,0.0033367136493325233,0.057764293896251546,0.09598910063505173
28,360,2,0.01,40,0.9959715604782104,0.00410684198141098,0.06408464700231234,0.08546741306781769
28,360,2,0.01,41,0.9960500597953796,0.004026820883154869,0.0634572366492181,0.09891340136528015
28,360,2,0.01,42,0.9966261386871338,0.003439535852521658,0.05864755623657015,0.07091236114501953
28,360,2,0.01,43,0.9966126680374146,0.003453249344602227,0.058764354370674635,0.08060026913881302
28,360,2,0.01,44,0.9961660504341125,0.0039085503667593,0.062518400225528,0.09946885704994202
28,360,2,0.01,45,0.9968504309654236,0.0032108721788972616,0.0566645584020317,0.06038603186607361
28,360,2,0.01,46,0.9960496425628662,0.004027264192700386,0.06346072953173786,0.10172220319509506
28,360,2,0.01,47,0.9959138631820679,0.00416568061336875,0.06454208404884948,0.06020992621779442
28,360,2,0.01,48,0.9963508248329163,0.0037201771046966314,0.06099325458357368,0.0839478150010109
28,360,2,0.01,49,0.9962031841278076,0.003870682790875435,0.06221481166792547,0.09904268383979797
28,360,2,0.01,50,0.9962955713272095,0.0037765519227832556,0.061453656707988136,0.06574705243110657
28,360,2,0.01,51,0.99628746509552,0.0037848204374313354,0.06152089431592599,0.06491720676422119
28,360,2,0.01,52,0.9963022470474243,0.0037697034422308207,0.06139791073180602,0.06619289517402649
28,360,2,0.01,53,0.9965094327926636,0.003558510448783636,0.05965325178717113,0.07927357405424118
28,360,2,0.01,54,0.9919076561927795,0.008249817416071892,0.09082850552591896,0.30520156025886536
28,360,2,0.01,55,0.9967040419578552,0.003360084258019924,0.05796623377467199,0.06629496812820435
28,360,2,0.01,56,0.9965936541557312,0.0034726429730653763,0.058929135180022595,0.062453508377075195
28,360,2,0.01,57,0.9961491823196411,0.003925776574760675,0.06265601786549059,0.11599819362163544
28,360,2,0.01,58,0.9962678551673889,0.0038047791458666325,0.06168289184098483,0.06292068958282471
28,360,2,0.01,59,0.9961512088775635,0.003923718351870775,0.06263959092994442,0.06631076335906982
28,360,2,0.01,60,0.996455192565918,0.0036137786228209734,0.060114712199435615,0.06985297799110413
28,360,2,0.01,61,0.9944875240325928,0.0056197550147771835,0.07496502527697288,0.08279387652873993
28,360,2,0.01,62,0.9961445927619934,0.0039304327219724655,0.06269316327935978,0.06721276789903641
28,360,2,0.01,63,0.9961711168289185,0.0039034232031553984,0.062477381532482605,0.08566424995660782
28,360,2,0.01,64,0.9968340396881104,0.0032275933772325516,0.056811912282835116,0.05981845036149025
28,360,2,0.01,65,0.9965572953224182,0.0035096805077046156,0.05924255655949206,0.05267152935266495
28,360,2,0.01,66,0.9964182376861572,0.0036514936946332455,0.060427590508254136,0.06151401996612549
28,360,2,0.01,67,0.9958987236022949,0.004181122872978449,0.06466160277149376,0.0912870243191719
28,360,2,0.01,68,0.9964820742607117,0.0035863728262484074,0.059886332549659506,0.07229466736316681
28,360,2,0.01,69,0.9970101714134216,0.0030479992274194956,0.05520868797045892,0.07059177756309509
28,360,2,0.01,70,0.9970546364784241,0.0030026771128177643,0.0547966888855318,0.08515568822622299
28,360,2,0.01,71,0.9963235259056091,0.0037480059545487165,0.06122096009169341,0.1023554801940918
28,360,2,0.01,72,0.9963754415512085,0.0036950763314962387,0.06078713952388481,0.0674745962023735
28,360,2,0.01,73,0.9957669377326965,0.004315427038818598,0.06569190999520867,0.07699355483055115
28,360,2,0.01,74,0.9970055818557739,0.0030527045018970966,0.05525128507009676,0.07910247892141342
28,360,2,0.01,75,0.9962955117225647,0.0037765870802104473,0.06145394275561534,0.05342024564743042
28,360,2,0.01,76,0.9967197775840759,0.003344078781083226,0.05782801035037628,0.058171216398477554
28,360,2,0.01,77,0.9967413544654846,0.0033220958430320024,0.05763762523761716,0.07779397070407867
28,360,2,0.01,78,0.9963188767433167,0.0037527666427195072,0.061259828947847275,0.08537695556879044
28,360,2,0.01,79,0.9965778589248657,0.0034887618385255337,0.05906574166575354,0.05322645977139473
28,360,2,0.01,80,0.9957406520843506,0.004342246800661087,0.06589572672534302,0.09562832117080688
28,360,2,0.01,81,0.9971781969070435,0.002876712940633297,0.053634997349056496,0.07280582934617996
28,360,2,0.01,82,0.9971439838409424,0.00291160074993968,0.05395925082819145,0.07650668174028397
28,360,2,0.01,83,0.9977641701698303,0.0022793542593717575,0.04774258329177169,0.07591388374567032
28,360,2,0.01,84,0.9927700757980347,0.0073706284165382385,0.08585236407075951,0.14831049740314484
28,360,2,0.01,85,0.9966932535171509,0.0033711043652147055,0.05806121222653472,0.09590619057416916
28,360,2,0.01,86,0.9969797730445862,0.003078993409872055,0.05548867821341625,0.05508136749267578
28,360,2,0.01,87,0.9971137046813965,0.002942450577393174,0.0542443598671159,0.060367267578840256
28,360,2,0.01,88,0.9970464706420898,0.0030110131483525038,0.054872699481185574,0.051478296518325806
28,360,2,0.01,89,0.9971069693565369,0.0029493377078324556,0.05430780522017489,0.056325241923332214
28,360,2,0.01,90,0.9972979426383972,0.0027546631172299385,0.0524848846548217,0.04209614545106888
28,360,2,0.01,91,0.9972841739654541,0.0027686781249940395,0.05261822996827278,0.04796740412712097
28,360,2,0.01,92,0.9969788789749146,0.0030799054075032473,0.05549689547626288,0.0543769933283329
28,360,2,0.01,93,0.9968181252479553,0.003243787679821253,0.05695425954062833,0.052536509931087494
28,360,2,0.01,94,0.9968755841255188,0.003185221226885915,0.05643776419106195,0.05942423641681671
28,360,2,0.01,95,0.9962500333786011,0.0038229525089263916,0.06183002918425958,0.06591766327619553
28,360,2,0.01,96,0.9966056942939758,0.0034603385720402002,0.05882464255769176,0.054304853081703186
28,360,2,0.01,97,0.9968051314353943,0.0032570497132837772,0.0570705678374044,0.051404133439064026
28,360,2,0.01,98,0.9967108964920044,0.003353140549734235,0.057906308375981236,0.05778975784778595
28,360,2,0.01,99,0.9961742758750916,0.0039002017583698034,0.062451595322856275,0.09343216568231583
28,360,2,0.01,100,0.9967808723449707,0.003281770274043083,0.05728673733110556,0.05860055983066559
29,360,2,0.01,1,0.9902932643890381,0.00989564135670662,0.09947683829267304,0.35599327087402344
29,360,2,0.01,2,0.9922460317611694,0.00790485367178917,0.08890924401764515,0.28417888283729553
29,360,2,0.01,3,0.9964815974235535,0.0035868545528501272,0.05989035442247881,0.21167047321796417
29,360,2,0.01,4,0.9969856142997742,0.003073079278692603,0.055435361266006046,0.18140213191509247
29,360,2,0.01,5,0.9978118538856506,0.002230734331533313,0.04723065033993617,0.1514217108488083
29,360,2,0.01,6,0.997477650642395,0.0025714465882629156,0.050709432931782185,0.18704093992710114
29,360,2,0.01,7,0.9983651638031006,0.0016666518058627844,0.04082464703904719,0.11773650348186493
29,360,2,0.01,8,0.9987208247184753,0.0013040424091741443,0.03611152737249069,0.12183167785406113
29,360,2,0.01,9,0.9985794425010681,0.0014482105616480112,0.03805536179893723,0.13286779820919037
29,360,2,0.01,10,0.9982746839523315,0.001758882193826139,0.04193902948121402,0.1264449506998062
29,360,2,0.01,11,0.9988005757331848,0.0012227651895955205,0.034968059562914273,0.11512042582035065
29,360,2,0.01,12,0.9991658329963684,0.0008504137513227761,0.029161854387586124,0.09682545810937881
29,360,2,0.01,13,0.9989936351776123,0.0010259650880470872,0.03203068978412871,0.09680870920419693
29,360,2,0.01,14,0.9988610148429871,0.0011611514491960406,0.03407567239536207,0.12649807333946228
29,360,2,0.01,15,0.9991626739501953,0.0008536118548363447,0.02921663661060843,0.09712626039981842
29,360,2,0.01,16,0.9966173768043518,0.0034484779462218285,0.05872374261081993,0.14764799177646637
29,360,2,0.01,17,0.9988254308700562,0.0011974142398685217,0.03460367379149968,0.10539484024047852
29,360,2,0.01,18,0.9989057779312134,0.0011155265383422375,0.033399499073223204,0.10178154706954956
29,360,2,0.01,19,0.99912029504776,0.0008968167821876705,0.029946899375188584,0.0841217115521431
29,360,2,0.01,20,0.9990453720092773,0.00097323686350137,0.031196744437542997,0.08721145242452621
29,360,2,0.01,21,0.9991332292556763,0.000883661094121635,0.029726437629181788,0.11439299583435059
29,360,2,0.01,22,0.9994875192642212,0.0005224385531619191,0.022856914777850467,0.0798206478357315
29,360,2,0.01,23,0.999316930770874,0.0006963493651710451,0.02638843241215827,0.08455001562833786
29,360,2,0.01,24,0.9995798468589783,0.00042834525811485946,0.020696503523901313,0.07317553460597992
29,360,2,0.01,25,0.9992428421974182,0.0007719153654761612,0.027783364905571845,0.10092680156230927
29,360,2,0.01,26,0.9992339611053467,0.000780919217504561,0.027944931875110393,0.0896294116973877
29,360,2,0.01,27,0.9990516304969788,0.0009668334969319403,0.031093946306828605,0.08104551583528519
29,360,2,0.01,28,0.9988537430763245,0.0011685589561238885,0.034184191611385056,0.10236909985542297
29,360,2,0.01,29,0.9996377825737,0.000369243643945083,0.019215713464378132,0.06856951862573624
29,360,2,0.01,30,0.9995177388191223,0.0004916597972624004,0.022173402924729448,0.07585268467664719
29,360,2,0.01,31,0.9972248077392578,0.0028292301576584578,0.05319050815379054,0.20320624113082886
29,360,2,0.01,32,0.9990574717521667,0.0009608475957065821,0.030997541768769052,0.07087527215480804
29,360,2,0.01,33,0.9996228814125061,0.00038448438863269985,0.01960827347403896,0.06025844067335129
29,360,2,0.01,34,0.9992608428001404,0.0007535492186434567,0.027450850963921986,0.06993220001459122
29,360,2,0.01,35,0.9993817806243896,0.0006302402471192181,0.025104586177015907,0.08666021376848221
29,360,2,0.01,36,0.997961163520813,0.0020785070955753326,0.045590647018608245,0.143862783908844
29,360,2,0.01,37,0.9991995096206665,0.0008160854340530932,0.02856720907007006,0.0901423841714859
29,360,2,0.01,38,0.9995448589324951,0.00046402038424275815,0.021541132380698054,0.06815492361783981
29,360,2,0.01,39,0.9996815919876099,0.0003245835832785815,0.018016203353608703,0.06151744723320007
29,360,2,0.01,40,0.999644935131073,0.00036198567249812186,0.019025921068324705,0.07763613760471344
29,360,2,0.01,41,0.9994218945503235,0.0005893844063393772,0.024277240500917258,0.07450786978006363
29,360,2,0.01,42,0.9994708895683289,0.000539418775588274,0.023225390752111663,0.07966741919517517
29,360,2,0.01,43,0.9995278716087341,0.00048130363575182855,0.021938633406660236,0.058712881058454514
29,360,2,0.01,44,0.999386191368103,0.0006257306085899472,0.02501460790398177,0.08112292736768723
29,360,2,0.01,45,0.9987521171569824,0.001272146706469357,0.035667165663525284,0.08990222215652466
29,360,2,0.01,46,0.9995614886283875,0.000447057478595525,0.021143733790310665,0.0685131698846817
29,360,2,0.01,47,0.9992689490318298,0.0007452557911165059,0.027299373456482583,0.07076531648635864
29,360,2,0.01,48,0.9985149502754211,0.001513963332399726,0.03890968173089734,0.16062012314796448
29,360,2,0.01,49,0.9996175169944763,0.00038992040208540857,0.019746402256750686,0.06841390579938889
29,360,2,0.01,50,0.9996496438980103,0.0003571796405594796,0.018899196823131917,0.06557361036539078
29,360,2,0.01,51,0.999274492263794,0.0007396066794171929,0.027195710680495058,0.06493735313415527
29,360,2,0.01,52,0.9988577365875244,0.0011644713813439012,0.03412435173514511,0.07517929375171661
29,360,2,0.01,53,0.9971888661384583,0.002865835092961788,0.05353349505647645,0.10531838983297348
29,360,2,0.01,54,0.9994964003562927,0.0005134003586135805,0.02265833971440936,0.08226899802684784
29,360,2,0.01,55,0.9987990856170654,0.0012242880184203386,0.03498982735625225,0.08243481069803238
29,360,2,0.01,56,0.9989416599273682,0.0010789595544338226,0.032847519760764624,0.07982239872217178
29,360,2,0.01,57,0.9982916116714478,0.0017416132614016533,0.04173264024000462,0.0891721323132515
29,360,2,0.01,58,0.9990671873092651,0.0009509706287644804,0.03083781167275785,0.06781042367219925
29,360,2,0.01,59,0.9989368915557861,0.0010838150046765804,0.032921345730036314,0.07449101656675339
29,360,2,0.01,60,0.9972847104072571,0.0027681596111506224,0.05261330260638104,0.11272162199020386
29,360,2,0.01,61,0.999393880367279,0.0006179413176141679,0.024858425485419788,0.07034210115671158
29,360,2,0.01,62,0.9962631464004517,0.0038095922209322453,0.061721894178097335,0.10511273890733719
29,360,2,0.01,63,0.9986891150474548,0.0013364029582589865,0.03655684557314794,0.06496379524469376
29,360,2,0.01,64,0.9983645677566528,0.0016672896454110742,0.040832458233751666,0.08715556561946869
29,360,2,0.01,65,0.9990968108177185,0.0009207816328853369,0.03034438387717465,0.0693180188536644
29,360,2,0.01,66,0.999119222164154,0.0008979364647530019,0.029965588009465156,0.09971364587545395
29,360,2,0.01,67,0.9986717104911804,0.0013541445368900895,0.036798702924017435,0.06543491780757904
29,360,2,0.01,68,0.9989145398139954,0.0011065799044445157,0.03326529579673861,0.07244060933589935
29,360,2,0.01,69,0.9981008172035217,0.001936159678734839,0.04400181449366422,0.08285453170537949
29,360,2,0.01,70,0.9988027811050415,0.0012205311795696616,0.03493610137908438,0.10065927356481552
29,360,2,0.01,71,0.9989794492721558,0.001040443079546094,0.03225589991840398,0.1022360771894455
29,360,2,0.01,72,0.9991472363471985,0.0008693513227626681,0.02948476424804289,0.09622393548488617
29,360,2,0.01,73,0.9991333484649658,0.0008835088810883462,0.029723877288946446,0.08133134245872498
29,360,2,0.01,74,0.9985059499740601,0.0015231074066832662,0.039027008682235256,0.08137236535549164
29,360,2,0.01,75,0.9993450045585632,0.0006677545025013387,0.02584094623850564,0.06849346309900284
29,360,2,0.01,76,0.9990575909614563,0.0009607539395801723,0.030996031029474923,0.06313539296388626
29,360,2,0.01,77,0.9993621110916138,0.0006503314361907542,0.025501596738062387,0.08341878652572632
29,360,2,0.01,78,0.9988721609115601,0.0011497668456286192,0.03390821206770742,0.07827036827802658
29,360,2,0.01,79,0.9975408911705017,0.0025069527328014374,0.05006947905462406,0.09383012354373932
29,360,2,0.01,80,0.9994717836380005,0.0005384920514188707,0.023205431506844915,0.06323298066854477
29,360,2,0.01,81,0.9994368553161621,0.0005741329514421523,0.023961071583761696,0.06723076105117798
29,360,2,0.01,82,0.999615490436554,0.00039201867184601724,0.019799461402927536,0.06894980370998383
29,360,2,0.01,83,0.9995141625404358,0.0004953210591338575,0.022255809559165837,0.06784265488386154
29,360,2,0.01,84,0.9991557598114014,0.0008606754709035158,0.029337271020044037,0.06046917662024498
29,360,2,0.01,85,0.9993701577186584,0.0006420750287361443,0.02533919944939351,0.06750044226646423
29,360,2,0.01,86,0.9983353018760681,0.0016971146687865257,0.04119605161646594,0.11483298987150192
29,360,2,0.01,87,0.9986329078674316,0.0013936988543719053,0.03733227630846939,0.06025068089365959
29,360,2,0.01,88,0.9993776679039001,0.0006344644352793694,0.025188577476296062,0.05288689211010933
29,360,2,0.01,89,0.9985241889953613,0.0015045346226543188,0.03878833101145651,0.06958209723234177
29,360,2,0.01,90,0.9986913800239563,0.0013341075973585248,0.03652543767511246,0.06721220165491104
29,360,2,0.01,91,0.9985905885696411,0.0014368726406246424,0.037906102946948295,0.06344486027956009
29,360,2,0.01,92,0.9989190697669983,0.001101948320865631,0.03319560695130654,0.0609760545194149
29,360,2,0.01,93,0.999222457408905,0.0007926730904728174,0.02815445063347565,0.07011286914348602
29,360,2,0.01,94,0.998878002166748,0.0011438352521508932,0.03382063352675247,0.049513012170791626
29,360,2,0.01,95,0.9993121027946472,0.0007013013819232583,0.026482095497208265,0.06833851337432861
29,360,2,0.01,96,0.9993740916252136,0.0006381168495863676,0.0252609748344431,0.06092309206724167
29,360,2,0.01,97,0.999118447303772,0.0008986841421574354,0.029978061013972126,0.08628667145967484
29,360,2,0.01,98,0.998816967010498,0.001206034328788519,0.034728004964128284,0.06234132871031761
29,360,2,0.01,99,0.9995065331459045,0.0005030902684666216,0.022429673837722687,0.04781537130475044
29,360,2,0.01,100,0.9993767738342285,0.0006353724165819585,0.025206594704203077,0.048983752727508545
