seed,max_neurons,layers,learn_rate,epoch,Jou_score,Jou_mse,Jou_rmse,Jou_mape
1,390,2,0.01,1,0.8867735862731934,0.1304076910018921,0.3611200506782919,0.6132779121398926
1,390,2,0.01,2,0.9108656644821167,0.10265988111495972,0.3204058069307729,0.1840127855539322
1,390,2,0.01,3,0.9136841297149658,0.0994136855006218,0.3152993585477487,0.16830025613307953
1,390,2,0.01,4,0.9163190722465515,0.09637893736362457,0.31044957298025805,0.16009311378002167
1,390,2,0.01,5,0.9164588451385498,0.09621793031692505,0.31019015186966375,0.1645442694425583
1,390,2,0.01,6,0.917237401008606,0.09532126784324646,0.3087414255380163,0.15993864834308624
1,390,2,0.01,7,0.9173106551170349,0.0952368974685669,0.3086047593096498,0.20289207994937897
1,390,2,0.01,8,0.9187102317810059,0.09362488985061646,0.3059818456226063,0.1363191455602646
1,390,2,0.01,9,0.9201775193214417,0.09193496406078339,0.3032077902376246,0.13015933334827423
1,390,2,0.01,10,0.9184148907661438,0.0939650759100914,0.3065372341332964,0.12260392308235168
1,390,2,0.01,11,0.9142032861709595,0.09881573170423508,0.3143496965232114,0.17965364456176758
1,390,2,0.01,12,0.917571485042572,0.09493643045425415,0.30811755947081976,0.12491665035486221
1,390,2,0.01,13,0.9195123314857483,0.09270112961530685,0.30446860201884013,0.10083454102277756
1,390,2,0.01,14,0.9183626770973206,0.09402522444725037,0.3066353281134618,0.12617139518260956
1,390,2,0.01,15,0.9188551902770996,0.09345792979001999,0.3057088971391248,0.10268805921077728
1,390,2,0.01,16,0.9202303886413574,0.09187410771846771,0.30310741943817165,0.1064918041229248
1,390,2,0.01,17,0.9165652990341187,0.09609533846378326,0.30999248130202006,0.16661423444747925
1,390,2,0.01,18,0.9151586890220642,0.09771540015935898,0.3125946259284682,0.09403878450393677
1,390,2,0.01,19,0.9145746231079102,0.09838806837797165,0.313668723939719,0.11927544325590134
1,390,2,0.01,20,0.9153690934181213,0.09747304022312164,0.3122067267422687,0.1244441494345665
1,390,2,0.01,21,0.9144287109375,0.09855610132217407,0.3139364606447841,0.14042629301548004
1,390,2,0.01,22,0.9152438044548035,0.09761737287044525,0.3124377904006576,0.12824934720993042
1,390,2,0.01,23,0.9142686128616333,0.09874048829078674,0.3142299926658605,0.1450844705104828
1,390,2,0.01,24,0.9140413403511047,0.09900230914354324,0.3146463238996179,0.10171996057033539
1,390,2,0.01,25,0.9179205894470215,0.09453438967466354,0.3074644527008993,0.09990336000919342
1,390,2,0.01,26,0.9162151217460632,0.09649863839149475,0.31064229974601776,0.10389752686023712
1,390,2,0.01,27,0.914639413356781,0.09831343591213226,0.3135497343518764,0.10795935243368149
1,390,2,0.01,28,0.9135966897010803,0.09951438754796982,0.31545901088409223,0.14561405777931213
1,390,2,0.01,29,0.9160746335983276,0.09666044265031815,0.31090262567292376,0.11151527613401413
1,390,2,0.01,30,0.9170829653739929,0.09549908339977264,0.3090292597793494,0.0916215181350708
1,390,2,0.01,31,0.9116073250770569,0.10180563479661942,0.31906995282636597,0.14076167345046997
1,390,2,0.01,32,0.9181424975395203,0.09427881240844727,0.30704855057213226,0.0906759649515152
1,390,2,0.01,33,0.9190720915794373,0.09320812672376633,0.3053000601437319,0.10257837176322937
1,390,2,0.01,34,0.918705940246582,0.0936298668384552,0.3059899783301002,0.13029979169368744
1,390,2,0.01,35,0.9178997874259949,0.09455831348896027,0.30750335524829686,0.12620887160301208
1,390,2,0.01,36,0.9195461273193359,0.09266217797994614,0.3044046287097917,0.09358680248260498
1,390,2,0.01,37,0.9194267988204956,0.092799611389637,0.30463028639588186,0.11068382859230042
1,390,2,0.01,38,0.9191919565200806,0.09307010471820831,0.3050739332001479,0.11584217101335526
1,390,2,0.01,39,0.9221527576446533,0.08966000378131866,0.2994328034489853,0.08186221867799759
1,390,2,0.01,40,0.9220089912414551,0.0898255705833435,0.29970914330954856,0.14177796244621277
1,390,2,0.01,41,0.921865701675415,0.08999060839414597,0.29998434691521153,0.2043612152338028
1,390,2,0.01,42,0.9262003898620605,0.084998220205307,0.29154454240357,0.101282499730587
1,390,2,0.01,43,0.9262958765029907,0.08488819003105164,0.29135577912760136,0.08489593863487244
1,390,2,0.01,44,0.941949188709259,0.06685958802700043,0.25857221046933954,0.10614098608493805
1,390,2,0.01,45,0.9439875483512878,0.06451192498207092,0.25399197818449093,0.19882674515247345
1,390,2,0.01,46,0.945559561252594,0.06270139664411545,0.25040246932511556,0.09118232876062393
1,390,2,0.01,47,0.9291009306907654,0.08165749907493591,0.28575776293031113,0.1070551872253418
1,390,2,0.01,48,0.9478828310966492,0.06002560630440712,0.24500123735280832,0.11761852353811264
1,390,2,0.01,49,0.9448536038398743,0.06351446360349655,0.25202076026291276,0.2443312257528305
1,390,2,0.01,50,0.9433674216270447,0.06522614508867264,0.255394097599519,0.09986866265535355
1,390,2,0.01,51,0.9378230571746826,0.07161188125610352,0.267603963453652,0.07928501814603806
1,390,2,0.01,52,0.9533515572547913,0.053727008402347565,0.23179087212905422,0.06975187361240387
1,390,2,0.01,53,0.9203248023986816,0.0917653739452362,0.3029280012564639,0.10038537532091141
1,390,2,0.01,54,0.9184223413467407,0.09395647048950195,0.306523197310582,0.11903346329927444
1,390,2,0.01,55,0.9212713241577148,0.0906752273440361,0.3011232759918039,0.07789067924022675
1,390,2,0.01,56,0.919806957244873,0.09236174076795578,0.3039107447392339,0.07610353827476501
1,390,2,0.01,57,0.9206762313842773,0.09136059880256653,0.3022591583435753,0.08221426606178284
1,390,2,0.01,58,0.9220412373542786,0.08978847414255142,0.2996472495160792,0.12119530141353607
1,390,2,0.01,59,0.9204578995704651,0.0916120707988739,0.3026748598725601,0.08517606556415558
1,390,2,0.01,60,0.9218683242797852,0.08998759835958481,0.29997932988721876,0.12639671564102173
1,390,2,0.01,61,0.9213825464248657,0.0905470997095108,0.30091045131319516,0.09062270075082779
1,390,2,0.01,62,0.9238946437835693,0.08765380829572678,0.2960638584760504,0.08233839273452759
1,390,2,0.01,63,0.9208903908729553,0.09111393988132477,0.3018508570160515,0.109023317694664
1,390,2,0.01,64,0.9219622611999512,0.08987944573163986,0.29979900889035616,0.07760117948055267
1,390,2,0.01,65,0.9220708608627319,0.08975433558225632,0.2995902795189729,0.0867409035563469
1,390,2,0.01,66,0.9227286577224731,0.0889967605471611,0.2983232484188269,0.0994686409831047
1,390,2,0.01,67,0.9241434335708618,0.08736725151538849,0.29557951809181315,0.12416640669107437
1,390,2,0.01,68,0.924050509929657,0.0874742716550827,0.2957604971173174,0.11336734145879745
1,390,2,0.01,69,0.9237666726112366,0.08780119568109512,0.29631266540783424,0.08861665427684784
1,390,2,0.01,70,0.9252226948738098,0.08612426370382309,0.29346935735068336,0.08688143640756607
1,390,2,0.01,71,0.9242399334907532,0.08725611120462418,0.2953914541834685,0.10155202448368073
1,390,2,0.01,72,0.9245825409889221,0.0868615210056305,0.29472278670918967,0.09363358467817307
1,390,2,0.01,73,0.9254108667373657,0.08590751886367798,0.29309984453028626,0.10430947691202164
1,390,2,0.01,74,0.9299943447113037,0.08062854409217834,0.2839516580197734,0.09616990387439728
1,390,2,0.01,75,0.9232146143913269,0.08843700587749481,0.29738360055237545,0.11724957078695297
1,390,2,0.01,76,0.9289141297340393,0.08187262713909149,0.28613393217004424,0.10158718377351761
1,390,2,0.01,77,0.9230586886405945,0.08861663192510605,0.2976854580343253,0.12558595836162567
1,390,2,0.01,78,0.9226011037826538,0.08914364874362946,0.2985693365763294,0.08790655434131622
1,390,2,0.01,79,0.9215890765190125,0.09030921757221222,0.30051492071478286,0.08172605186700821
1,390,2,0.01,80,0.9244226217269897,0.08704574406147003,0.29503515733124086,0.07751570641994476
1,390,2,0.01,81,0.9249948263168335,0.08638667315244675,0.2939160988317019,0.08685827255249023
1,390,2,0.01,82,0.9246207475662231,0.08681754767894745,0.29464817609981475,0.08469396829605103
1,390,2,0.01,83,0.9279145002365112,0.08302395790815353,0.28813878237431617,0.08625753223896027
1,390,2,0.01,84,0.9293944835662842,0.0813194215297699,0.28516560369330995,0.09805480390787125
1,390,2,0.01,85,0.933567464351654,0.07651320844888687,0.27661021031206867,0.12097011506557465
1,390,2,0.01,86,0.9342713952064514,0.07570243626832962,0.275140757192259,0.07986319810152054
1,390,2,0.01,87,0.9378743171691895,0.07155285030603409,0.26749364535636,0.08367794007062912
1,390,2,0.01,88,0.9444676637649536,0.06395898759365082,0.25290114193821034,0.09177081286907196
1,390,2,0.01,89,0.9449580907821655,0.06339415907859802,0.2517819673419803,0.13763606548309326
1,390,2,0.01,90,0.9455421566963196,0.06272143125534058,0.25044247094959865,0.09690268337726593
1,390,2,0.01,91,0.9470353126525879,0.06100171431899071,0.2469852512175387,0.09812351316213608
1,390,2,0.01,92,0.9491135478019714,0.058608122169971466,0.24209114434438006,0.13283371925354004
1,390,2,0.01,93,0.9419186115264893,0.06689482927322388,0.2586403473420647,0.12325920164585114
1,390,2,0.01,94,0.9506976008415222,0.056783661246299744,0.23829322534704955,0.10139324516057968
1,390,2,0.01,95,0.9438521862030029,0.06466788798570633,0.2542988163277728,0.08971233665943146
1,390,2,0.01,96,0.9562498331069946,0.05038895457983017,0.22447484175254512,0.08298184722661972
1,390,2,0.01,97,0.9246017932891846,0.08683936297893524,0.2946851930093116,0.10579706728458405
1,390,2,0.01,98,0.9258534908294678,0.08539775013923645,0.29222893446617576,0.10164663195610046
1,390,2,0.01,99,0.9268971681594849,0.08419569581747055,0.29016494587987457,0.06316066533327103
1,390,2,0.01,100,0.9270505905151367,0.08401898294687271,0.28986028176842843,0.1032378301024437
2,390,2,0.01,1,0.8991657495498657,0.1161351203918457,0.34078603315254236,0.3503124713897705
2,390,2,0.01,2,0.9078264236450195,0.10616026073694229,0.32582243743631634,0.25247254967689514
2,390,2,0.01,3,0.9114090204238892,0.10203402489423752,0.3194276520500965,0.20181222259998322
2,390,2,0.01,4,0.9124019742012024,0.10089042037725449,0.3176325241175004,0.18603038787841797
2,390,2,0.01,5,0.9138392210006714,0.09923510253429413,0.31501603536057354,0.2035835236310959
2,390,2,0.01,6,0.9154431223869324,0.09738778322935104,0.3120701575437021,0.16018229722976685
2,390,2,0.01,7,0.9148262739181519,0.0980982556939125,0.31320641068457156,0.15884515643119812
2,390,2,0.01,8,0.9149580597877502,0.09794646501541138,0.3129639995517238,0.13177768886089325
2,390,2,0.01,9,0.9138059020042419,0.0992734357714653,0.31507687279688634,0.16991782188415527
2,390,2,0.01,10,0.9152716994285583,0.09758520126342773,0.3123863013376671,0.13025131821632385
2,390,2,0.01,11,0.9137886762619019,0.09929327666759491,0.31510835702595213,0.15848176181316376
2,390,2,0.01,12,0.9146476984024048,0.09830395132303238,0.313534609450109,0.19081328809261322
2,390,2,0.01,13,0.9154520034790039,0.09737756848335266,0.31205379100942304,0.1560038924217224
2,390,2,0.01,14,0.910478949546814,0.10310521721839905,0.32110001124011045,0.21949444711208344
2,390,2,0.01,15,0.9168296456336975,0.09579087048768997,0.3095010024017531,0.12819699943065643
2,390,2,0.01,16,0.9121172428131104,0.10121836513280869,0.31814833825247096,0.133810356259346
2,390,2,0.01,17,0.9153030514717102,0.09754909574985504,0.3123285061435396,0.12337424606084824
2,390,2,0.01,18,0.9161927700042725,0.09652438759803772,0.3106837420883779,0.10346967726945877
2,390,2,0.01,19,0.9174231886863708,0.09510724246501923,0.3083946213295868,0.0998229905962944
2,390,2,0.01,20,0.9165787696838379,0.09607981890439987,0.3099674481367356,0.15861059725284576
2,390,2,0.01,21,0.9129117131233215,0.10030331462621689,0.3167069854395651,0.1655995100736618
2,390,2,0.01,22,0.9186164140701294,0.09373293817043304,0.3061583547291059,0.1416706144809723
2,390,2,0.01,23,0.9175562262535095,0.09495402872562408,0.30814611586976737,0.10682055354118347
2,390,2,0.01,24,0.9072586894035339,0.10681415349245071,0.3268243465417635,0.31478914618492126
2,390,2,0.01,25,0.91633141040802,0.09636467695236206,0.31042660477536727,0.15499912202358246
2,390,2,0.01,26,0.9176754951477051,0.0948166698217392,0.30792315570891904,0.10049577057361603
2,390,2,0.01,27,0.9169254302978516,0.0956805869936943,0.3093227877051646,0.10116878151893616
2,390,2,0.01,28,0.9193756580352783,0.09285851567983627,0.30472695266391564,0.10239309817552567
2,390,2,0.01,29,0.9198319315910339,0.09233301132917404,0.3038634748191596,0.12069610506296158
2,390,2,0.01,30,0.9193676114082336,0.09286776930093765,0.30474213574912423,0.10329579561948776
2,390,2,0.01,31,0.9185078144073486,0.09385804086923599,0.3063625970467609,0.1741722673177719
2,390,2,0.01,32,0.919121503829956,0.09315121918916702,0.30520684656338726,0.11770752817392349
2,390,2,0.01,33,0.918936550617218,0.09336428344249725,0.3055556961381955,0.12193209677934647
2,390,2,0.01,34,0.9210999011993408,0.09087260812520981,0.30145083865401634,0.14642754197120667
2,390,2,0.01,35,0.9190789461135864,0.09320025891065598,0.30528717449420634,0.1397380828857422
2,390,2,0.01,36,0.9182901978492737,0.0941086858510971,0.3067713902095453,0.1760738343000412
2,390,2,0.01,37,0.9166682958602905,0.09597668051719666,0.3098010337574693,0.20793814957141876
2,390,2,0.01,38,0.9182833433151245,0.09411660581827164,0.30678429851977695,0.12941709160804749
2,390,2,0.01,39,0.9169391393661499,0.09566478431224823,0.30929724265219083,0.1205052062869072
2,390,2,0.01,40,0.9192712903022766,0.09297874569892883,0.30492416384886395,0.11817795783281326
2,390,2,0.01,41,0.9223024845123291,0.08948756009340286,0.29914471429962264,0.09499388933181763
2,390,2,0.01,42,0.9198137521743774,0.09235391765832901,0.3038978737311747,0.1420844942331314
2,390,2,0.01,43,0.9197673797607422,0.09240733832120895,0.3039857534839568,0.12169419974088669
2,390,2,0.01,44,0.921886682510376,0.08996646851301193,0.29994410898201007,0.1028161495923996
2,390,2,0.01,45,0.9198543429374695,0.09230717271566391,0.30382095503053097,0.09558708220720291
2,390,2,0.01,46,0.9227227568626404,0.08900349587202072,0.2983345368408102,0.1446746289730072
2,390,2,0.01,47,0.919282078742981,0.09296628087759018,0.30490372394838045,0.10824298858642578
2,390,2,0.01,48,0.9230923056602478,0.08857789635658264,0.2976203896855567,0.09588591754436493
2,390,2,0.01,49,0.922596275806427,0.08914917707443237,0.2985785944679095,0.11144576221704483
2,390,2,0.01,50,0.9240016341209412,0.08753057569265366,0.2958556669943195,0.11851754039525986
2,390,2,0.01,51,0.9229257106781006,0.08876974880695343,0.29794252601290977,0.09051311761140823
2,390,2,0.01,52,0.9220433235168457,0.08978607505559921,0.29964324630399936,0.09455839544534683
2,390,2,0.01,53,0.9244212508201599,0.08704730868339539,0.2950378089048849,0.0942627564072609
2,390,2,0.01,54,0.9235424399375916,0.0880594253540039,0.29674808399382113,0.14343465864658356
2,390,2,0.01,55,0.9237533807754517,0.08781654387712479,0.2963385629261315,0.10941954702138901
2,390,2,0.01,56,0.9180167317390442,0.09442363679409027,0.3072842931132183,0.08543989062309265
2,390,2,0.01,57,0.922068178653717,0.08975740522146225,0.29959540253725897,0.10697152465581894
2,390,2,0.01,58,0.9237321615219116,0.08784095197916031,0.29637974286236285,0.0912880152463913
2,390,2,0.01,59,0.9221293330192566,0.08968698978424072,0.2994778619267887,0.10901445150375366
2,390,2,0.01,60,0.922991156578064,0.08869443088769913,0.2978161024654294,0.07971770316362381
2,390,2,0.01,61,0.9234288334846497,0.08819033205509186,0.29696857082036787,0.08431721478700638
2,390,2,0.01,62,0.9221385717391968,0.08967632055282593,0.2994600483417211,0.0895894393324852
2,390,2,0.01,63,0.9232462644577026,0.08840054273605347,0.29732228765441293,0.12365808337926865
2,390,2,0.01,64,0.9218639731407166,0.08999259769916534,0.2999876625782556,0.13798081874847412
2,390,2,0.01,65,0.9231365919113159,0.08852686733007431,0.29753464895718335,0.07898864150047302
2,390,2,0.01,66,0.9241880178451538,0.08731593191623688,0.29549269350736385,0.09583809226751328
2,390,2,0.01,67,0.9254961609840393,0.08580927550792694,0.2929322029206194,0.10958487540483475
2,390,2,0.01,68,0.9217318892478943,0.09014475345611572,0.30024115883089003,0.10594604909420013
2,390,2,0.01,69,0.9236232042312622,0.08796640485525131,0.2965913094735773,0.09144886583089828
2,390,2,0.01,70,0.9237407445907593,0.08783102035522461,0.29636298749206963,0.0904073715209961
2,390,2,0.01,71,0.9266804456710815,0.0844452902674675,0.29059471823738897,0.11401330679655075
2,390,2,0.01,72,0.927050769329071,0.08401874452829361,0.289859870503479,0.10851696878671646
2,390,2,0.01,73,0.9274762272834778,0.08352876454591751,0.28901343315824873,0.13665899634361267
2,390,2,0.01,74,0.9274855852127075,0.08351796120405197,0.288994742519742,0.09553059935569763
2,390,2,0.01,75,0.9261817932128906,0.08501958101987839,0.2915811739805545,0.09645283222198486
2,390,2,0.01,76,0.9293128252029419,0.08141342550516129,0.28533037956930085,0.09034156054258347
2,390,2,0.01,77,0.9305661916732788,0.0799698755145073,0.28278945439055414,0.07474064826965332
2,390,2,0.01,78,0.9326571822166443,0.0775616243481636,0.2784988767448867,0.07632867991924286
2,390,2,0.01,79,0.932329535484314,0.07793895155191422,0.2791754852273283,0.07808423042297363
2,390,2,0.01,80,0.9340245127677917,0.07598679512739182,0.2756570244477579,0.08553211390972137
2,390,2,0.01,81,0.9374427199363708,0.07204993814229965,0.2684211954043489,0.08759190887212753
2,390,2,0.01,82,0.9342954754829407,0.07567471265792847,0.2750903718015745,0.1328228861093521
2,390,2,0.01,83,0.9374024271965027,0.07209628820419312,0.26850751982801735,0.06725158542394638
2,390,2,0.01,84,0.9427284598350525,0.06596207618713379,0.2568308318468283,0.10969455540180206
2,390,2,0.01,85,0.9354350566864014,0.07436223328113556,0.27269439539736706,0.104038305580616
2,390,2,0.01,86,0.9409951567649841,0.06795841455459595,0.2606883475619805,0.08436618745326996
2,390,2,0.01,87,0.947677493095398,0.06026209145784378,0.24548338326217475,0.07942622154951096
2,390,2,0.01,88,0.9374950528144836,0.07198962569236755,0.2683088252226668,0.07592529058456421
2,390,2,0.01,89,0.9467437267303467,0.061337534338235855,0.24766415634531344,0.08175324648618698
2,390,2,0.01,90,0.9315001964569092,0.07889416813850403,0.280881056923574,0.07330705970525742
2,390,2,0.01,91,0.9354210495948792,0.0743783488869667,0.2727239426360779,0.1792069971561432
2,390,2,0.01,92,0.9257254004478455,0.08554526418447495,0.2924812202252906,0.14472976326942444
2,390,2,0.01,93,0.9261648654937744,0.08503908663988113,0.2916146200722473,0.09155911207199097
2,390,2,0.01,94,0.9286547303199768,0.08217144012451172,0.28665561240713866,0.1071762666106224
2,390,2,0.01,95,0.9308136105537415,0.07968490570783615,0.28228514964099005,0.07062666863203049
2,390,2,0.01,96,0.9294514060020447,0.08125387132167816,0.28505064694134297,0.11307113617658615
2,390,2,0.01,97,0.934196412563324,0.07578882575035095,0.275297703859569,0.10047940164804459
2,390,2,0.01,98,0.9347848892211914,0.07511105388402939,0.2740639594766692,0.07730644196271896
2,390,2,0.01,99,0.9353901147842407,0.07441400736570358,0.27278930947840235,0.06899621337652206
2,390,2,0.01,100,0.9343727231025696,0.0755857601761818,0.27492864560860475,0.06510790437459946
3,390,2,0.01,1,0.9028671979904175,0.11187204718589783,0.33447278990360013,0.39873769879341125
3,390,2,0.01,2,0.9157326817512512,0.09705428779125214,0.31153537165344825,0.25238871574401855
3,390,2,0.01,3,0.9207544922828674,0.09127047657966614,0.3021100405144889,0.20739684998989105
3,390,2,0.01,4,0.9218326807022095,0.09002868086099625,0.3000477976273051,0.1807045340538025
3,390,2,0.01,5,0.9195738434791565,0.09263023734092712,0.3043521600727143,0.15407830476760864
3,390,2,0.01,6,0.9219778776168823,0.08986146748065948,0.29976902355089907,0.16030359268188477
3,390,2,0.01,7,0.923704981803894,0.08787224441766739,0.29643252928392894,0.18186141550540924
3,390,2,0.01,8,0.9232575297355652,0.08838758617639542,0.2973004981099013,0.16687868535518646
3,390,2,0.01,9,0.9240932464599609,0.08742506802082062,0.2956773038649071,0.13792330026626587
3,390,2,0.01,10,0.9256815910339355,0.08559573441743851,0.29256748694521495,0.15094642341136932
3,390,2,0.01,11,0.9224862456321716,0.08927594870328903,0.2987908109418511,0.15461894869804382
3,390,2,0.01,12,0.9250054359436035,0.08637449890375137,0.29389538768710094,0.1456495076417923
3,390,2,0.01,13,0.9233497381210327,0.08828140795230865,0.29712187390414163,0.15984848141670227
3,390,2,0.01,14,0.9237279891967773,0.08784574270248413,0.2963878248216079,0.159387469291687
3,390,2,0.01,15,0.9243693351745605,0.08710712194442749,0.29513915691488224,0.1664867252111435
3,390,2,0.01,16,0.9255193471908569,0.08578259497880936,0.29288665892937044,0.1132456436753273
3,390,2,0.01,17,0.9244998693466187,0.08695674687623978,0.2948842940480889,0.11513984948396683
3,390,2,0.01,18,0.9239299893379211,0.08761309832334518,0.2959950984785815,0.10700596123933792
3,390,2,0.01,19,0.9217583537101746,0.0901142805814743,0.3001904072109472,0.15724951028823853
3,390,2,0.01,20,0.9240536689758301,0.0874706506729126,0.29575437557695167,0.11181476712226868
3,390,2,0.01,21,0.9224218726158142,0.08935007452964783,0.2989148282197587,0.12463609874248505
3,390,2,0.01,22,0.9228280782699585,0.08888224512338638,0.29813125485830294,0.13560646772384644
3,390,2,0.01,23,0.9208799600601196,0.0911259651184082,0.30187077552888125,0.15729814767837524
3,390,2,0.01,24,0.9242877960205078,0.08720102906227112,0.29529820362181536,0.12407141923904419
3,390,2,0.01,25,0.9218586683273315,0.0899987667798996,0.29999794462612506,0.12923148274421692
3,390,2,0.01,26,0.9224618077278137,0.08930404484272003,0.2988378236480784,0.14489750564098358
3,390,2,0.01,27,0.923734188079834,0.08783859759569168,0.29637577093226036,0.10901541262865067
3,390,2,0.01,28,0.9210785627365112,0.09089718759059906,0.30149160451096985,0.11303234845399857
3,390,2,0.01,29,0.923393726348877,0.08823071420192719,0.29703655364605747,0.08069846034049988
3,390,2,0.01,30,0.9220802783966064,0.0897434875369072,0.29957217416994386,0.10781434178352356
3,390,2,0.01,31,0.9210680723190308,0.09090929478406906,0.3015116826659774,0.20467939972877502
3,390,2,0.01,32,0.9246166944503784,0.08682222664356232,0.2946561159106702,0.10855245590209961
3,390,2,0.01,33,0.9215726256370544,0.09032817929983139,0.30054646778798016,0.1005789116024971
3,390,2,0.01,34,0.923821747303009,0.0877377986907959,0.29620566957908806,0.12772196531295776
3,390,2,0.01,35,0.9220934510231018,0.08972834050655365,0.2995468919994892,0.11512190848588943
3,390,2,0.01,36,0.9237673878669739,0.08780040591955185,0.29631133275585636,0.127587229013443
3,390,2,0.01,37,0.9218918681144714,0.0899605080485344,0.2999341728588698,0.09067733585834503
3,390,2,0.01,38,0.9225918650627136,0.08915428072214127,0.2985871409189305,0.11568662524223328
3,390,2,0.01,39,0.9208798408508301,0.09112610667943954,0.30187101000168853,0.12280603498220444
3,390,2,0.01,40,0.9230467677116394,0.08863034844398499,0.297708495753791,0.0886630192399025
3,390,2,0.01,41,0.9236207008361816,0.08796928822994232,0.2965961702887317,0.1406945437192917
3,390,2,0.01,42,0.9198247194290161,0.09234131127595901,0.3038771318739846,0.15282849967479706
3,390,2,0.01,43,0.921747624874115,0.090126633644104,0.3002109818845806,0.10944630950689316
3,390,2,0.01,44,0.9201073050498962,0.0920158326625824,0.30334111601064306,0.1189185306429863
3,390,2,0.01,45,0.9227445721626282,0.08897840231657028,0.2982924778075543,0.13662494719028473
3,390,2,0.01,46,0.9227851629257202,0.088931605219841,0.2982140258603559,0.10303947329521179
3,390,2,0.01,47,0.9208970069885254,0.09110631793737411,0.3018382314044629,0.09895819425582886
3,390,2,0.01,48,0.9248851537704468,0.08651299774646759,0.29413091939894315,0.14063076674938202
3,390,2,0.01,49,0.9248080253601074,0.08660180866718292,0.2942818524258384,0.0945015400648117
3,390,2,0.01,50,0.9222111701965332,0.08959276974201202,0.29932051339995397,0.16314305365085602
3,390,2,0.01,51,0.9239073395729065,0.08763916790485382,0.2960391323876859,0.09024177491664886
3,390,2,0.01,52,0.9249659776687622,0.08641991019248962,0.2939726351082523,0.09048649668693542
3,390,2,0.01,53,0.9250724911689758,0.08629725128412247,0.2937639380252833,0.1268184930086136
3,390,2,0.01,54,0.9274712204933167,0.08353451639413834,0.2890233838189193,0.1135060116648674
3,390,2,0.01,55,0.9245458841323853,0.08690375089645386,0.2947944214133874,0.07076563686132431
3,390,2,0.01,56,0.9220381379127502,0.08979201316833496,0.2996531547778781,0.09698567539453506
3,390,2,0.01,57,0.923771858215332,0.08779522776603699,0.2963025949363876,0.07297318428754807
3,390,2,0.01,58,0.9251608848571777,0.08619540929794312,0.2935905470173437,0.09978939592838287
3,390,2,0.01,59,0.9255267977714539,0.08577396720647812,0.2928719297004718,0.10126802325248718
3,390,2,0.01,60,0.9240292310714722,0.08749883621931076,0.29580202200003763,0.14525604248046875
3,390,2,0.01,61,0.9247324466705322,0.08668887615203857,0.29442974739662187,0.07998612523078918
3,390,2,0.01,62,0.9256979823112488,0.08557681739330292,0.2925351558245657,0.06505434215068817
3,390,2,0.01,63,0.927127480506897,0.08393038064241409,0.2897074052253654,0.11508602648973465
3,390,2,0.01,64,0.9265719652175903,0.0845702514052391,0.2908096480607875,0.08002521097660065
3,390,2,0.01,65,0.9250199198722839,0.08635776489973068,0.2938669169874872,0.11209516227245331
3,390,2,0.01,66,0.9285039305686951,0.08234507590532303,0.28695831736564636,0.0962759256362915
3,390,2,0.01,67,0.9269712567329407,0.084110327064991,0.2900178047379005,0.07515136152505875
3,390,2,0.01,68,0.9268152117729187,0.08429004997015,0.290327487451929,0.1099398285150528
3,390,2,0.01,69,0.9274271726608276,0.08358526974916458,0.28911117195494984,0.08381523191928864
3,390,2,0.01,70,0.9286749958992004,0.08214805275201797,0.28661481600227506,0.09176680445671082
3,390,2,0.01,71,0.9255294799804688,0.08577091991901398,0.2928667272310291,0.08980104327201843
3,390,2,0.01,72,0.9292780756950378,0.08145350217819214,0.285400599470625,0.1171957477927208
3,390,2,0.01,73,0.9286257028579712,0.08220485597848892,0.2867138921965396,0.08715181052684784
3,390,2,0.01,74,0.929995596408844,0.08062709122896194,0.28394909971500515,0.16838480532169342
3,390,2,0.01,75,0.9308643937110901,0.07962644100189209,0.2821815745258575,0.14527557790279388
3,390,2,0.01,76,0.9271829128265381,0.08386653661727905,0.2895971971847778,0.11246030032634735
3,390,2,0.01,77,0.9296558499336243,0.08101838827133179,0.2846372924817333,0.09718607366085052
3,390,2,0.01,78,0.9322299361228943,0.07805366814136505,0.2793808657395224,0.1223180890083313
3,390,2,0.01,79,0.9320940971374512,0.07821014523506165,0.27966076813715157,0.0885978564620018
3,390,2,0.01,80,0.9339735507965088,0.07604552060365677,0.2757635229751331,0.09379761666059494
3,390,2,0.01,81,0.9367320537567139,0.07286839187145233,0.26994146008246367,0.09647691994905472
3,390,2,0.01,82,0.9370436072349548,0.07250955700874329,0.26927598669161584,0.09873868525028229
3,390,2,0.01,83,0.937488853931427,0.0719967857003212,0.2683221677393077,0.10299751162528992
3,390,2,0.01,84,0.9400862455368042,0.06900524348020554,0.2626884913356608,0.08631250262260437
3,390,2,0.01,85,0.9389907121658325,0.07026701420545578,0.2650792602325874,0.09909013658761978
3,390,2,0.01,86,0.9412750601768494,0.06763602793216705,0.260069275255973,0.13247694075107574
3,390,2,0.01,87,0.9422692656517029,0.06649097055196762,0.25785843122141194,0.10231559723615646
3,390,2,0.01,88,0.9412732124328613,0.06763819605112076,0.2600734435714665,0.10570789873600006
3,390,2,0.01,89,0.9433252215385437,0.06527476757764816,0.2554892709638668,0.09174462407827377
3,390,2,0.01,90,0.9423742294311523,0.06637006253004074,0.2576238780277184,0.08880119025707245
3,390,2,0.01,91,0.9463454484939575,0.061796244233846664,0.24858850382478806,0.11446920782327652
3,390,2,0.01,92,0.9477471113204956,0.06018191576004028,0.24532002722982135,0.09034764766693115
3,390,2,0.01,93,0.9465482831001282,0.06156264618039131,0.24811821009428411,0.11995237320661545
3,390,2,0.01,94,0.9449352025985718,0.06342046707868576,0.2518342055374642,0.09656424820423126
3,390,2,0.01,95,0.9456322193145752,0.0626176968216896,0.2502352829272675,0.11711794883012772
3,390,2,0.01,96,0.9496209621429443,0.058023713529109955,0.2408811190797443,0.07993315905332565
3,390,2,0.01,97,0.9467540979385376,0.06132561340928078,0.2476400884535474,0.12843544781208038
3,390,2,0.01,98,0.9506499767303467,0.056838564574718475,0.23840839870843156,0.08696145564317703
3,390,2,0.01,99,0.9513616561889648,0.0560188852250576,0.23668309028119774,0.09884617477655411
3,390,2,0.01,100,0.9536600112915039,0.05337173119187355,0.23102322652035132,0.10135018825531006
4,390,2,0.01,1,0.906494677066803,0.1076941266655922,0.32816783307568737,0.3880729675292969
4,390,2,0.01,2,0.915959894657135,0.09679259359836578,0.3111150809561725,0.2146512120962143
4,390,2,0.01,3,0.9162698984146118,0.09643556922674179,0.3105407690251665,0.20897431671619415
4,390,2,0.01,4,0.9170860648155212,0.0954955592751503,0.30902355779964463,0.15422464907169342
4,390,2,0.01,5,0.9155628681182861,0.09724985063076019,0.3118490831007207,0.1408204734325409
4,390,2,0.01,6,0.9150903820991516,0.09779403358697891,0.31272037603421193,0.16094402968883514
4,390,2,0.01,7,0.9160668253898621,0.09666946530342102,0.3109171357507029,0.15268589556217194
4,390,2,0.01,8,0.914359450340271,0.09863591194152832,0.31406354761660626,0.14804717898368835
4,390,2,0.01,9,0.9160606265068054,0.09667658805847168,0.3109285899663646,0.16518932580947876
4,390,2,0.01,10,0.9152800440788269,0.0975755974650383,0.3123709292892639,0.1546654999256134
4,390,2,0.01,11,0.9163990020751953,0.09628687798976898,0.3103012697198788,0.12027425318956375
4,390,2,0.01,12,0.9180164933204651,0.09442392736673355,0.3072847659203651,0.16586250066757202
4,390,2,0.01,13,0.9176526069641113,0.09484300017356873,0.30796590748582664,0.1668248176574707
4,390,2,0.01,14,0.9159026741981506,0.09685847908258438,0.3112209489777068,0.12635450065135956
4,390,2,0.01,15,0.9164040088653564,0.09628112614154816,0.31029200141406826,0.1204504519701004
4,390,2,0.01,16,0.9173048734664917,0.09524350613355637,0.3086154664522768,0.1453419178724289
4,390,2,0.01,17,0.9178057909011841,0.09466660767793655,0.3076793910516864,0.11261295527219772
4,390,2,0.01,18,0.9174830317497253,0.09503835439682007,0.30828291291737214,0.13274171948432922
4,390,2,0.01,19,0.9186543226242065,0.09368928521871567,0.30608705496756256,0.1094033494591713
4,390,2,0.01,20,0.9170050024986267,0.09558888524770737,0.30917452231338105,0.12390013039112091
4,390,2,0.01,21,0.9182560443878174,0.09414799511432648,0.30683545283152414,0.14998595416545868
4,390,2,0.01,22,0.9201391935348511,0.09197910130023956,0.30328056531904507,0.1601828783750534
4,390,2,0.01,23,0.9207888841629028,0.0912308469414711,0.3020444453080889,0.10951337963342667
4,390,2,0.01,24,0.9221373796463013,0.08967773616313934,0.29946241193702317,0.1568511724472046
4,390,2,0.01,25,0.920722484588623,0.09130735695362091,0.30217107233092466,0.17570313811302185
4,390,2,0.01,26,0.9210222363471985,0.09096205979585648,0.3015991707479589,0.10209418088197708
4,390,2,0.01,27,0.9233980774879456,0.08822570741176605,0.29702812562409986,0.09579107165336609
4,390,2,0.01,28,0.9206700921058655,0.09136764705181122,0.3022708174002433,0.11560679972171783
4,390,2,0.01,29,0.9173895120620728,0.09514603018760681,0.3084575014286519,0.23231105506420135
4,390,2,0.01,30,0.9213830232620239,0.09054651111364365,0.30090947328664086,0.07712119817733765
4,390,2,0.01,31,0.9179666638374329,0.09448133409023285,0.30737816137493057,0.11235412210226059
4,390,2,0.01,32,0.9211031794548035,0.09086884558200836,0.30144459786502786,0.10438261926174164
4,390,2,0.01,33,0.9185302257537842,0.09383220225572586,0.3063204241570024,0.16597232222557068
4,390,2,0.01,34,0.920090913772583,0.0920347198843956,0.3033722463977145,0.11100349575281143
4,390,2,0.01,35,0.9222849011421204,0.08950784802436829,0.2991786222716595,0.08673042804002762
4,390,2,0.01,36,0.9226846098899841,0.08904746919870377,0.29840822575576526,0.11755385994911194
4,390,2,0.01,37,0.9242603778839111,0.08723261207342148,0.2953516752507449,0.09324001520872116
4,390,2,0.01,38,0.924353837966919,0.08712492138147354,0.29516930968763255,0.09029685705900192
4,390,2,0.01,39,0.920386791229248,0.09169398248195648,0.30281014263388945,0.15838560461997986
4,390,2,0.01,40,0.9247026443481445,0.08672317117452621,0.29448798137534615,0.09846868366003036
4,390,2,0.01,41,0.9230186343193054,0.08866272121667862,0.2977628607074405,0.1030559092760086
4,390,2,0.01,42,0.9257089495658875,0.08556420356035233,0.2925135955136997,0.14197209477424622
4,390,2,0.01,43,0.9220162630081177,0.08981724083423615,0.2996952465993349,0.11554145812988281
4,390,2,0.01,44,0.9258114695549011,0.08544609695672989,0.29231164355312617,0.1451779454946518
4,390,2,0.01,45,0.9221092462539673,0.08971012383699417,0.29951648341450954,0.11282514780759811
4,390,2,0.01,46,0.9258544445037842,0.08539663255214691,0.29222702228258585,0.09537068754434586
4,390,2,0.01,47,0.924906849861145,0.08648800849914551,0.2940884365274254,0.09497624635696411
4,390,2,0.01,48,0.9254114031791687,0.08590687811374664,0.29309875147080827,0.10316397994756699
4,390,2,0.01,49,0.9264254570007324,0.08473899215459824,0.2910996258235284,0.10675176233053207
4,390,2,0.01,50,0.9252129197120667,0.08613549172878265,0.29348848653530285,0.10215165466070175
4,390,2,0.01,51,0.9246168732643127,0.08682196587324142,0.29465567341091775,0.10470360517501831
4,390,2,0.01,52,0.9264718294143677,0.08468551933765411,0.2910077650813705,0.10614073276519775
4,390,2,0.01,53,0.9277186989784241,0.08324947953224182,0.288529858995983,0.13368763029575348
4,390,2,0.01,54,0.9261560440063477,0.08504924923181534,0.2916320442472249,0.10783030837774277
4,390,2,0.01,55,0.9253718852996826,0.08595242351293564,0.29317643751320743,0.13092659413814545
4,390,2,0.01,56,0.9257369637489319,0.08553190529346466,0.29245838215627307,0.147362619638443
4,390,2,0.01,57,0.925106942653656,0.08625752478837967,0.29369631388286044,0.10662805289030075
4,390,2,0.01,58,0.9277746677398682,0.08318501710891724,0.28841812895329105,0.08856949210166931
4,390,2,0.01,59,0.9243967533111572,0.08707549422979355,0.29508557102947874,0.08361997455358505
4,390,2,0.01,60,0.9253543615341187,0.08597259968519211,0.29321084510159595,0.12201861292123795
4,390,2,0.01,61,0.9272512197494507,0.0837879329919815,0.2894614533784792,0.07539673149585724
4,390,2,0.01,62,0.9271074533462524,0.08395345509052277,0.28974722619987714,0.1276000440120697
4,390,2,0.01,63,0.9278558492660522,0.08309153467416763,0.288256022789061,0.10402581095695496
4,390,2,0.01,64,0.9253342747688293,0.08599571138620377,0.29325025385531,0.10021131485700607
4,390,2,0.01,65,0.9259718060493469,0.08526145666837692,0.2919956449476206,0.06964500993490219
4,390,2,0.01,66,0.9270110726356506,0.08406449854373932,0.28993878413164964,0.08885349333286285
4,390,2,0.01,67,0.927821159362793,0.08313147723674774,0.2883252976010737,0.09093932807445526
4,390,2,0.01,68,0.927626371383667,0.0833558440208435,0.2887141216165976,0.0681198313832283
4,390,2,0.01,69,0.9285455942153931,0.08229710161685944,0.28687471414688925,0.08288728445768356
4,390,2,0.01,70,0.9263771176338196,0.08479461073875427,0.2911951420246469,0.10857991129159927
4,390,2,0.01,71,0.9258129000663757,0.08544449508190155,0.2923089035282736,0.08787675946950912
4,390,2,0.01,72,0.9272042512893677,0.08384202420711517,0.28955487253215956,0.08807659894227982
4,390,2,0.01,73,0.926546037197113,0.0846000611782074,0.2908608966124656,0.07373468577861786
4,390,2,0.01,74,0.9288768172264099,0.08191561698913574,0.2862090442126799,0.0730072632431984
4,390,2,0.01,75,0.9279921054840088,0.08293455839157104,0.28798360785220234,0.08337990194559097
4,390,2,0.01,76,0.9287804961204529,0.08202653378248215,0.28640274751210426,0.09226059913635254
4,390,2,0.01,77,0.9293615221977234,0.08135735988616943,0.2852321158042506,0.07635533064603806
4,390,2,0.01,78,0.9255067110061646,0.08579711616039276,0.2929114476431277,0.10899999737739563
4,390,2,0.01,79,0.9292568564414978,0.08147793263196945,0.2854433965464422,0.09176521748304367
4,390,2,0.01,80,0.9262335896492004,0.0849599614739418,0.29147892114858287,0.11653469502925873
4,390,2,0.01,81,0.9284635186195374,0.08239161968231201,0.2870394044069769,0.10345428436994553
4,390,2,0.01,82,0.9284451603889465,0.08241279423236847,0.28707628643335986,0.08571363985538483
4,390,2,0.01,83,0.9275056719779968,0.08349481970071793,0.2889547018145196,0.10464859008789062
4,390,2,0.01,84,0.9293676018714905,0.08135037869215012,0.28521987779983027,0.07182099670171738
4,390,2,0.01,85,0.9307314157485962,0.07977958768606186,0.28245280612176943,0.07483744621276855
4,390,2,0.01,86,0.9322433471679688,0.07803826779127121,0.27935330281074394,0.10226335376501083
4,390,2,0.01,87,0.9314714670181274,0.07892724126577377,0.2809399246560976,0.09415122121572495
4,390,2,0.01,88,0.932244062423706,0.07803738862276077,0.2793517292281556,0.13528844714164734
4,390,2,0.01,89,0.9332500696182251,0.07687875628471375,0.2772701864332221,0.1028391644358635
4,390,2,0.01,90,0.9359644651412964,0.07375248521566391,0.27157408789437903,0.06332685053348541
4,390,2,0.01,91,0.9336618185043335,0.07640453428030014,0.27641370132520593,0.06810719519853592
4,390,2,0.01,92,0.9261040687561035,0.08510913699865341,0.2917347031099547,0.07610753923654556
4,390,2,0.01,93,0.9294262528419495,0.08128280192613602,0.28510138885339725,0.08578197658061981
4,390,2,0.01,94,0.9286093711853027,0.08222368359565735,0.2867467237749323,0.10381052643060684
4,390,2,0.01,95,0.9318588376045227,0.07848109304904938,0.28014477158970746,0.09446905553340912
4,390,2,0.01,96,0.926827609539032,0.08427580446004868,0.29030295289584757,0.08585754036903381
4,390,2,0.01,97,0.9292155504226685,0.08152548968791962,0.28552668822356975,0.0905672162771225
4,390,2,0.01,98,0.9330223798751831,0.07714102417230606,0.2777427301880394,0.07112028449773788
4,390,2,0.01,99,0.9295416474342346,0.08114993572235107,0.28486827784495605,0.06210193783044815
4,390,2,0.01,100,0.9262959957122803,0.0848880484700203,0.29135553619250193,0.12540103495121002
5,390,2,0.01,1,0.9044490456581116,0.11005014926195145,0.33173807327762583,0.3421454131603241
5,390,2,0.01,2,0.912196159362793,0.10112745314836502,0.31800542943221116,0.28305813670158386
5,390,2,0.01,3,0.9109081625938416,0.10261089354753494,0.3203293516796969,0.2858787775039673
5,390,2,0.01,4,0.9163020849227905,0.09639845043420792,0.31048099850748984,0.20852677524089813
5,390,2,0.01,5,0.9133299589157104,0.09982160478830338,0.3159455725094172,0.2796810567378998
5,390,2,0.01,6,0.9164355993270874,0.0962447002530098,0.31023329971653557,0.19096322357654572
5,390,2,0.01,7,0.9158074259757996,0.09696821123361588,0.31139719207728234,0.2425491064786911
5,390,2,0.01,8,0.9157032370567322,0.09708819538354874,0.3115897870334468,0.20490425825119019
5,390,2,0.01,9,0.9198047518730164,0.0923643410205841,0.30391502269645065,0.21768343448638916
5,390,2,0.01,10,0.9169624447822571,0.09563791751861572,0.3092538076056877,0.35437560081481934
5,390,2,0.01,11,0.9198139309883118,0.09235373884439468,0.30389757953033236,0.15051181614398956
5,390,2,0.01,12,0.9196981191635132,0.09248712658882141,0.3041169620208998,0.1407051533460617
5,390,2,0.01,13,0.9194892644882202,0.09272770583629608,0.30451224250643205,0.14281882345676422
5,390,2,0.01,14,0.9196667075157166,0.09252332150936127,0.3041764644237967,0.17301398515701294
5,390,2,0.01,15,0.9216597080230713,0.09022786468267441,0.3003795343938638,0.11647719889879227
5,390,2,0.01,16,0.9202688932418823,0.09182977676391602,0.3030342831494747,0.19368654489517212
5,390,2,0.01,17,0.9223358631134033,0.08944913744926453,0.2990804865738728,0.11583598703145981
5,390,2,0.01,18,0.9190196990966797,0.09326852113008499,0.3053989540422249,0.17316623032093048
5,390,2,0.01,19,0.9152438640594482,0.09761731326580048,0.31243769501422275,0.22099746763706207
5,390,2,0.01,20,0.9243430495262146,0.08713733404874802,0.2951903352902124,0.106864333152771
5,390,2,0.01,21,0.9240562319755554,0.08746768534183502,0.29574936236927885,0.09312175959348679
5,390,2,0.01,22,0.9253906011581421,0.08593083918094635,0.29313962403766974,0.09606635570526123
5,390,2,0.01,23,0.9259728789329529,0.08526021242141724,0.29199351434820814,0.10356155037879944
5,390,2,0.01,24,0.9255896806716919,0.085701584815979,0.29274833016770396,0.17539703845977783
5,390,2,0.01,25,0.9265074133872986,0.08464459329843521,0.290937438805038,0.11344757676124573
5,390,2,0.01,26,0.9254640936851501,0.08584620803594589,0.29299523551748397,0.09620974957942963
5,390,2,0.01,27,0.9267035722732544,0.08441861718893051,0.29054882066346527,0.10838024318218231
5,390,2,0.01,28,0.9245111346244812,0.08694378286600113,0.2948623117083652,0.12763890624046326
5,390,2,0.01,29,0.9256714582443237,0.08560739457607269,0.2925874135640026,0.12109962850809097
5,390,2,0.01,30,0.92516028881073,0.08619610965251923,0.29359173975525815,0.0742684006690979
5,390,2,0.01,31,0.9263567924499512,0.08481805771589279,0.2912353991462796,0.14958913624286652
5,390,2,0.01,32,0.9278038740158081,0.08315140753984451,0.2883598577122768,0.11998814344406128
5,390,2,0.01,33,0.9245508313179016,0.0868980661034584,0.2947847792940782,0.14075571298599243
5,390,2,0.01,34,0.9258209466934204,0.08543520420789719,0.2922930108776075,0.09858196973800659
5,390,2,0.01,35,0.924594521522522,0.08684772253036499,0.29469937653541955,0.08245303481817245
5,390,2,0.01,36,0.9243646264076233,0.08711253851652145,0.2951483330742721,0.09886980801820755
5,390,2,0.01,37,0.9282214045524597,0.08267050236463547,0.2875247856527076,0.09973402321338654
5,390,2,0.01,38,0.9282816052436829,0.08260113000869751,0.28740412315883274,0.09629223495721817
5,390,2,0.01,39,0.926639199256897,0.08449278771877289,0.29067643130940785,0.07359578460454941
5,390,2,0.01,40,0.9282243847846985,0.08266706764698029,0.2875188126835882,0.10621250420808792
5,390,2,0.01,41,0.9294661283493042,0.08123687654733658,0.2850208352863639,0.10672210901975632
5,390,2,0.01,42,0.9285157918930054,0.08233139663934708,0.28693448144018363,0.10499885678291321
5,390,2,0.01,43,0.9289700984954834,0.0818081721663475,0.28602127921947956,0.09560507535934448
5,390,2,0.01,44,0.9301371574401855,0.08046402037143707,0.2836618063318308,0.08843115717172623
5,390,2,0.01,45,0.9302664995193481,0.08031506091356277,0.28339911946504487,0.14869430661201477
5,390,2,0.01,46,0.928885281085968,0.08190590888261795,0.28619208389230116,0.09590121358633041
5,390,2,0.01,47,0.9304916858673096,0.08005572110414505,0.2829411972550923,0.11525271832942963
5,390,2,0.01,48,0.9279216527938843,0.08301569521427155,0.28812444397216896,0.09697192907333374
5,390,2,0.01,49,0.9309334754943848,0.07954692095518112,0.28204063706349325,0.1343327909708023
5,390,2,0.01,50,0.9295870661735535,0.08109762519598007,0.28477644775504185,0.10833825170993805
5,390,2,0.01,51,0.9316314458847046,0.07874300330877304,0.28061183743522483,0.12298324704170227
5,390,2,0.01,52,0.9258062839508057,0.08545206487178802,0.2923218515126572,0.18400569260120392
5,390,2,0.01,53,0.931527316570282,0.07886292040348053,0.2808254269176503,0.12084531038999557
5,390,2,0.01,54,0.9312189817428589,0.0792180523276329,0.28145701683850927,0.09314020723104477
5,390,2,0.01,55,0.932022213935852,0.07829289883375168,0.2798086825560488,0.08022695779800415
5,390,2,0.01,56,0.93056321144104,0.07997330278158188,0.28279551407612863,0.09175638109445572
5,390,2,0.01,57,0.9298090934753418,0.08084186911582947,0.28432704605054626,0.11117091774940491
5,390,2,0.01,58,0.9322767853736877,0.07799976319074631,0.27928437691848484,0.10606621205806732
5,390,2,0.01,59,0.9325494766235352,0.07768568396568298,0.2787215168688686,0.08912478387355804
5,390,2,0.01,60,0.9303585290908813,0.08020906895399094,0.28321205651241427,0.09887933731079102
5,390,2,0.01,61,0.9314844012260437,0.07891234755516052,0.28091341647411666,0.10976564884185791
5,390,2,0.01,62,0.9299405813217163,0.08069045096635818,0.28406064663440833,0.08408336341381073
5,390,2,0.01,63,0.9327991008758545,0.07739818096160889,0.27820528564642494,0.0792798325419426
5,390,2,0.01,64,0.9316076040267944,0.07877049595117569,0.2806608201213267,0.08194446563720703
5,390,2,0.01,65,0.9313760995864868,0.07903711497783661,0.28113540328076186,0.09781542420387268
5,390,2,0.01,66,0.9324709177017212,0.07777611166238785,0.2788836884121907,0.10395818948745728
5,390,2,0.01,67,0.9312130808830261,0.0792248398065567,0.2814690743342094,0.08795778453350067
5,390,2,0.01,68,0.9318797588348389,0.07845703512430191,0.2801018299195882,0.08296620845794678
5,390,2,0.01,69,0.9313628077507019,0.0790523812174797,0.28116255301423004,0.13366812467575073
5,390,2,0.01,70,0.9332622289657593,0.07686478644609451,0.2772449935455905,0.09834957867860794
5,390,2,0.01,71,0.9323738813400269,0.0778878778219223,0.27908399778905685,0.11699900031089783
5,390,2,0.01,72,0.9324529767036438,0.0777968317270279,0.27892083415734276,0.09190751612186432
5,390,2,0.01,73,0.9325536489486694,0.07768088579177856,0.27871290926646825,0.08570274710655212
5,390,2,0.01,74,0.9303268194198608,0.08024562150239944,0.28327658128126204,0.10147371888160706
5,390,2,0.01,75,0.9352861046791077,0.07453376054763794,0.2730087188124913,0.11258963495492935
5,390,2,0.01,76,0.932719886302948,0.07748942077159882,0.27836921663790126,0.08970063179731369
5,390,2,0.01,77,0.9340596795082092,0.07594630867242813,0.2755835783794603,0.11787658929824829
5,390,2,0.01,78,0.9377656579017639,0.07167793810367584,0.26772735777965584,0.08139371126890182
5,390,2,0.01,79,0.9405077695846558,0.068519726395607,0.2617627291949849,0.08567996323108673
5,390,2,0.01,80,0.9365730285644531,0.0730515867471695,0.27028057042112646,0.1434020698070526
5,390,2,0.01,81,0.9356557726860046,0.07410803437232971,0.2722279088784427,0.08650672435760498
5,390,2,0.01,82,0.9322047233581543,0.07808277010917664,0.27943294385089357,0.10092133283615112
5,390,2,0.01,83,0.9325836896896362,0.07764626294374466,0.2786507903160238,0.0916300043463707
5,390,2,0.01,84,0.9346472024917603,0.07526963949203491,0.2743531291821453,0.11280092597007751
5,390,2,0.01,85,0.936351478099823,0.07330676913261414,0.2707522283059073,0.09022825211286545
5,390,2,0.01,86,0.9287899136543274,0.0820157453417778,0.2863839125051856,0.10163611173629761
5,390,2,0.01,87,0.9442350268363953,0.06422688812017441,0.2534302431048323,0.11569184064865112
5,390,2,0.01,88,0.9351047277450562,0.0747426450252533,0.27339101123711673,0.09781409800052643
5,390,2,0.01,89,0.9365411996841431,0.07308824360370636,0.27034837451648636,0.09346074610948563
5,390,2,0.01,90,0.9301121830940247,0.0804927796125412,0.2837124946359275,0.0876682922244072
5,390,2,0.01,91,0.9356492757797241,0.07411549985408783,0.2722416203560503,0.07868116348981857
5,390,2,0.01,92,0.9272616505622864,0.08377585560083389,0.28944059079685747,0.13275904953479767
5,390,2,0.01,93,0.928626298904419,0.08220415562391281,0.286712670846464,0.08500514924526215
5,390,2,0.01,94,0.9298065304756165,0.08084482699632645,0.28433224754910663,0.0855485200881958
5,390,2,0.01,95,0.9290422797203064,0.08172505348920822,0.2858759407316541,0.06739281862974167
5,390,2,0.01,96,0.9294564723968506,0.08124799281358719,0.2850403354151605,0.08301668614149094
5,390,2,0.01,97,0.9290919303894043,0.08166790753602982,0.2857759743855837,0.09563517570495605
5,390,2,0.01,98,0.9264011979103088,0.08476690948009491,0.29114757337146896,0.1126708984375
5,390,2,0.01,99,0.9243108034133911,0.08717448264360428,0.2952532517070799,0.18155594170093536
5,390,2,0.01,100,0.9265707731246948,0.08457159250974655,0.29081195386322506,0.13131606578826904
6,390,2,0.01,1,0.8921592235565186,0.12420488893985748,0.3524271399025017,0.6694403886795044
6,390,2,0.01,2,0.9076308012008667,0.10638555139303207,0.3261679803307371,0.30618807673454285
6,390,2,0.01,3,0.9135881066322327,0.09952431172132492,0.3154747402270504,0.22846128046512604
6,390,2,0.01,4,0.9145243167877197,0.09844603389501572,0.3137611095961635,0.19838164746761322
6,390,2,0.01,5,0.9162872433662415,0.09641555696725845,0.31050854572339626,0.18052469193935394
6,390,2,0.01,6,0.9179903864860535,0.09445399791002274,0.3073336914658442,0.16003327071666718
6,390,2,0.01,7,0.920360803604126,0.09172388166189194,0.3028595081252889,0.1515115648508072
6,390,2,0.01,8,0.9221680760383606,0.08964235335588455,0.29940332889913657,0.13937361538410187
6,390,2,0.01,9,0.9227603077888489,0.08896026760339737,0.29826207872171306,0.14578628540039062
6,390,2,0.01,10,0.9230597615242004,0.08861538767814636,0.2976833681584283,0.12392663210630417
6,390,2,0.01,11,0.9223059415817261,0.0894835889339447,0.29913807670362647,0.12386804074048996
6,390,2,0.01,12,0.9225127100944519,0.08924541622400284,0.29873971316850867,0.1434054970741272
6,390,2,0.01,13,0.9234641790390015,0.08814956247806549,0.29689991996978626,0.12304380536079407
6,390,2,0.01,14,0.9239369034767151,0.08760511130094528,0.2959816063557756,0.12227404862642288
6,390,2,0.01,15,0.9230197668075562,0.08866144716739655,0.29776072133072984,0.12355389446020126
6,390,2,0.01,16,0.9249915480613708,0.08639046549797058,0.293922550169208,0.1279926598072052
6,390,2,0.01,17,0.9243839979171753,0.08709021657705307,0.2951105158699925,0.12147337943315506
6,390,2,0.01,18,0.9224680066108704,0.08929690718650818,0.2988258810520069,0.1073213592171669
6,390,2,0.01,19,0.9251614212989807,0.08619479089975357,0.29358949385111444,0.12570863962173462
6,390,2,0.01,20,0.9228904843330383,0.08881031721830368,0.2980105991710759,0.10643385350704193
6,390,2,0.01,21,0.9246047139167786,0.08683597296476364,0.2946794410283209,0.1153387799859047
6,390,2,0.01,22,0.9237515330314636,0.08781865984201431,0.29634213308609075,0.11382724344730377
6,390,2,0.01,23,0.9257574677467346,0.0855083018541336,0.29241802587072774,0.10843067616224289
6,390,2,0.01,24,0.9224278926849365,0.0893431007862091,0.29890316289094215,0.09937728941440582
6,390,2,0.01,25,0.9244388341903687,0.08702706545591354,0.2950035007519632,0.07756847143173218
6,390,2,0.01,26,0.9229764938354492,0.08871125429868698,0.29784434575577723,0.1155952513217926
6,390,2,0.01,27,0.9227217435836792,0.08900468796491623,0.29833653474711447,0.1333494782447815
6,390,2,0.01,28,0.9235715866088867,0.08802587538957596,0.29669154923855845,0.1425245851278305
6,390,2,0.01,29,0.9235478639602661,0.08805324137210846,0.29673766422904335,0.1261761486530304
6,390,2,0.01,30,0.9223458766937256,0.0894375741481781,0.2990611545289326,0.1306043118238449
6,390,2,0.01,31,0.9224790334701538,0.08928421884775162,0.2988046499767894,0.10892641544342041
6,390,2,0.01,32,0.9235879182815552,0.08800707012414932,0.2966598559363051,0.1915992796421051
6,390,2,0.01,33,0.9241421818733215,0.08736871182918549,0.29558198833688343,0.13550938665866852
6,390,2,0.01,34,0.9215973615646362,0.09029971063137054,0.30049910254669737,0.17159979045391083
6,390,2,0.01,35,0.9232131838798523,0.08843866735696793,0.29738639403471023,0.08712667226791382
6,390,2,0.01,36,0.9240981936454773,0.08741939067840576,0.29566770313716334,0.08573289960622787
6,390,2,0.01,37,0.9248528480529785,0.08655019104480743,0.2941941383590221,0.14523518085479736
6,390,2,0.01,38,0.9191091060638428,0.09316550940275192,0.30523025636845363,0.1973239928483963
6,390,2,0.01,39,0.9241043329238892,0.08741229772567749,0.29565570808911756,0.09332576394081116
6,390,2,0.01,40,0.9234866499900818,0.08812371641397476,0.2968563902192014,0.11448166519403458
6,390,2,0.01,41,0.9253347516059875,0.08599517494440079,0.293249339205395,0.16960307955741882
6,390,2,0.01,42,0.9256225228309631,0.08566375076770782,0.2926837043084357,0.12944254279136658
6,390,2,0.01,43,0.9257484674453735,0.08551870286464691,0.2924358098192609,0.1348806917667389
6,390,2,0.01,44,0.9256908297538757,0.08558505773544312,0.292549239847659,0.11321600526571274
6,390,2,0.01,45,0.9277037382125854,0.0832667127251625,0.2885597212452953,0.13437464833259583
6,390,2,0.01,46,0.925208330154419,0.08614076673984528,0.2934974731404774,0.11489269882440567
6,390,2,0.01,47,0.9268299341201782,0.0842730924487114,0.29029828185628553,0.11321575194597244
6,390,2,0.01,48,0.9275974631309509,0.08338912576436996,0.2887717537508992,0.12218653410673141
6,390,2,0.01,49,0.9269616603851318,0.08412141352891922,0.29003691752761274,0.11659660190343857
6,390,2,0.01,50,0.926245927810669,0.08494576811790466,0.29145457299192384,0.11132754385471344
6,390,2,0.01,51,0.9267857074737549,0.08432407677173615,0.29038608226245305,0.14645086228847504
6,390,2,0.01,52,0.9280043244361877,0.08292053639888763,0.28795926170013636,0.13619297742843628
6,390,2,0.01,53,0.926634669303894,0.08449797332286835,0.29068535106342797,0.09228920191526413
6,390,2,0.01,54,0.9272785186767578,0.0837564617395401,0.2894070865399465,0.0920247733592987
6,390,2,0.01,55,0.927696704864502,0.08327478915452957,0.28857371528697756,0.14300823211669922
6,390,2,0.01,56,0.9270643591880798,0.08400313556194305,0.28983294423157463,0.1456632763147354
6,390,2,0.01,57,0.928159773349762,0.08274149894714355,0.2876482208308328,0.09694308787584305
6,390,2,0.01,58,0.9290449619293213,0.08172197639942169,0.2858705588188852,0.12881924211978912
6,390,2,0.01,59,0.928623616695404,0.08220725506544113,0.2867180759307671,0.12384140491485596
6,390,2,0.01,60,0.9289353489875793,0.08184821158647537,0.2860912644358009,0.15355141460895538
6,390,2,0.01,61,0.9261500835418701,0.08505608886480331,0.29164377048859336,0.11977781355381012
6,390,2,0.01,62,0.9276378750801086,0.08334255963563919,0.2886911145768764,0.10036838054656982
6,390,2,0.01,63,0.9275696873664856,0.08342108875513077,0.28882709144941854,0.08785280585289001
6,390,2,0.01,64,0.9289989471435547,0.08177497982978821,0.28596324908943843,0.12855717539787292
6,390,2,0.01,65,0.9271889328956604,0.0838596373796463,0.28958528515731996,0.10098893940448761
6,390,2,0.01,66,0.926612913608551,0.08452308177947998,0.2907285362317913,0.13424523174762726
6,390,2,0.01,67,0.9237115383148193,0.0878647118806839,0.29641982369720804,0.1532161384820938
6,390,2,0.01,68,0.9257469773292542,0.0855204239487648,0.29243875247436824,0.1320154219865799
6,390,2,0.01,69,0.927262544631958,0.08377484232187271,0.2894388403823383,0.09299220889806747
6,390,2,0.01,70,0.926680862903595,0.08444482088088989,0.29059391060531514,0.09255681186914444
6,390,2,0.01,71,0.9281917214393616,0.08270470052957535,0.2875842494462716,0.10225843638181686
6,390,2,0.01,72,0.9284597635269165,0.0823959931731224,0.28704702258188014,0.07783400267362595
6,390,2,0.01,73,0.9296353459358215,0.08104198426008224,0.28467873868640464,0.09961091727018356
6,390,2,0.01,74,0.9316730499267578,0.07869509607553482,0.2805264623445261,0.13188016414642334
6,390,2,0.01,75,0.9308563470840454,0.07963574677705765,0.2821980630285361,0.09193289279937744
6,390,2,0.01,76,0.9356698989868164,0.07409171760082245,0.27219793827437866,0.07700947672128677
6,390,2,0.01,77,0.9327479004859924,0.07745713740587234,0.2783112240026844,0.08698003739118576
6,390,2,0.01,78,0.9378507733345032,0.0715799331665039,0.26754426393870584,0.10410024225711823
6,390,2,0.01,79,0.9367201924324036,0.07288209348917007,0.26996683775821445,0.0683712586760521
6,390,2,0.01,80,0.9348744750022888,0.0750078484416008,0.27387560760608237,0.10684030503034592
6,390,2,0.01,81,0.9330341219902039,0.07712748646736145,0.2777183581748989,0.18584531545639038
6,390,2,0.01,82,0.9267079830169678,0.0844135656952858,0.29054012751302666,0.09695237129926682
6,390,2,0.01,83,0.9253022074699402,0.0860326886177063,0.29331329430782077,0.10126026719808578
6,390,2,0.01,84,0.9260635375976562,0.08515583723783493,0.29181473101581923,0.10216169059276581
6,390,2,0.01,85,0.9256274700164795,0.08565803617238998,0.2926739417378834,0.10282063484191895
6,390,2,0.01,86,0.9257693886756897,0.08549460023641586,0.29239459679757396,0.07644680142402649
6,390,2,0.01,87,0.9250562787055969,0.08631589263677597,0.293795664768519,0.11010774970054626
6,390,2,0.01,88,0.9263713955879211,0.08480125665664673,0.2912065532515481,0.08625976741313934
6,390,2,0.01,89,0.9243212938308716,0.08716238290071487,0.2952327605478682,0.16733428835868835
6,390,2,0.01,90,0.9291998147964478,0.08154357969760895,0.28555836478311913,0.09721282124519348
6,390,2,0.01,91,0.9290953278541565,0.08166396617889404,0.28576907841628707,0.09036120027303696
6,390,2,0.01,92,0.9273863434791565,0.08363229781389236,0.2891924926651665,0.1012001782655716
6,390,2,0.01,93,0.9260936379432678,0.08512114733457565,0.2917552867294364,0.14442980289459229
6,390,2,0.01,94,0.9272789359092712,0.0837559849023819,0.289406262721424,0.09493477642536163
6,390,2,0.01,95,0.9285264611244202,0.08231912553310394,0.2869130975279866,0.07309132814407349
6,390,2,0.01,96,0.9282509088516235,0.0826365277171135,0.28746569833132,0.066518634557724
6,390,2,0.01,97,0.9287405610084534,0.08207254856824875,0.28648306855423195,0.10987330973148346
6,390,2,0.01,98,0.927278459072113,0.08375652879476547,0.28940720238923817,0.09462904185056686
6,390,2,0.01,99,0.929928183555603,0.0807047188282013,0.28408575963641913,0.07918154448270798
6,390,2,0.01,100,0.9286799430847168,0.08214238286018372,0.2866049246963208,0.08333142101764679
7,390,2,0.01,1,0.9023506045341492,0.11246702075004578,0.3353610304582895,0.41629353165626526
7,390,2,0.01,2,0.9120321273803711,0.10131637752056122,0.3183023366558298,0.20888158679008484
7,390,2,0.01,3,0.914467990398407,0.09851086139678955,0.3138643996964128,0.18180100619792938
7,390,2,0.01,4,0.9154686331748962,0.09735839813947678,0.3120230730883163,0.1943770796060562
7,390,2,0.01,5,0.9181333780288696,0.09428927302360535,0.30706558423829483,0.1953859180212021
7,390,2,0.01,6,0.915666937828064,0.09713003039360046,0.3116569113522119,0.2416626513004303
7,390,2,0.01,7,0.9174550175666809,0.09507057815790176,0.30833517178210756,0.13830721378326416
7,390,2,0.01,8,0.9188636541366577,0.09344825148582458,0.3056930674480934,0.16292615234851837
7,390,2,0.01,9,0.9173387885093689,0.09520449489355087,0.3085522563416947,0.15262140333652496
7,390,2,0.01,10,0.9154587388038635,0.09736979007720947,0.3120413275148173,0.15525150299072266
7,390,2,0.01,11,0.9161847829818726,0.09653355926275253,0.31069850218942563,0.1682293713092804
7,390,2,0.01,12,0.9174201488494873,0.09511075913906097,0.30840032285823077,0.1660843789577484
7,390,2,0.01,13,0.9184353947639465,0.09394145011901855,0.3064986951342836,0.14623606204986572
7,390,2,0.01,14,0.919508695602417,0.09270526468753815,0.3044753925813023,0.16442272067070007
7,390,2,0.01,15,0.9172567129135132,0.09529899805784225,0.30870535799989324,0.14255750179290771
7,390,2,0.01,16,0.9216163158416748,0.09027786552906036,0.3004627523155913,0.12341690063476562
7,390,2,0.01,17,0.9203779697418213,0.09170413762331009,0.30282691033544246,0.1157999038696289
7,390,2,0.01,18,0.9114351868629456,0.10200389474630356,0.31938048585707857,0.4160524010658264
7,390,2,0.01,19,0.9181451797485352,0.09427571296691895,0.3070435033784609,0.1604917347431183
7,390,2,0.01,20,0.9176084995269775,0.09489385783672333,0.3080484667008153,0.1194692999124527
7,390,2,0.01,21,0.9194047451019287,0.09282498806715012,0.3046719351485301,0.10300561040639877
7,390,2,0.01,22,0.9185938835144043,0.0937589555978775,0.3062008419287535,0.11834350228309631
7,390,2,0.01,23,0.9204357862472534,0.09163755178451538,0.30271694994584525,0.10394347459077835
7,390,2,0.01,24,0.9159129858016968,0.09684661030769348,0.311201880308737,0.16129785776138306
7,390,2,0.01,25,0.9212353229522705,0.0907166376709938,0.30119202790079586,0.11109939962625504
7,390,2,0.01,26,0.9216299653053284,0.09026212990283966,0.3004365655223073,0.12978677451610565
7,390,2,0.01,27,0.9225731492042542,0.08917580544948578,0.29862318304091157,0.1238550990819931
7,390,2,0.01,28,0.9205363988876343,0.09152162820100784,0.30252541744621697,0.13016214966773987
7,390,2,0.01,29,0.922161877155304,0.0896495133638382,0.29941528578854854,0.16880875825881958
7,390,2,0.01,30,0.9209970235824585,0.09099113196134567,0.3016473635909084,0.1298377364873886
7,390,2,0.01,31,0.9217202663421631,0.09015811234712601,0.3002634049416046,0.10111123323440552
7,390,2,0.01,32,0.9220024347305298,0.08983315527439117,0.299721796461971,0.13960953056812286
7,390,2,0.01,33,0.9228103160858154,0.08890265971422195,0.298165490481749,0.09854849427938461
7,390,2,0.01,34,0.9201247692108154,0.0919957235455513,0.3033079681537419,0.09741038084030151
7,390,2,0.01,35,0.9221002459526062,0.08972050994634628,0.2995338210392047,0.10560648888349533
7,390,2,0.01,36,0.923961341381073,0.0875769853591919,0.29593408955237294,0.16117151081562042
7,390,2,0.01,37,0.9244325160980225,0.08703428506851196,0.2950157369845073,0.09272702038288116
7,390,2,0.01,38,0.9234505891799927,0.08816525340080261,0.2969263433931092,0.09492744505405426
7,390,2,0.01,39,0.9213148951530457,0.09062501788139343,0.30103989416918386,0.10920687764883041
7,390,2,0.01,40,0.921730637550354,0.09014620631933212,0.3002435783148944,0.10875996202230453
7,390,2,0.01,41,0.9219319820404053,0.08991432189941406,0.29985716916461086,0.1271323561668396
7,390,2,0.01,42,0.9237329363822937,0.08784004300832748,0.29637820940198606,0.11836641281843185
7,390,2,0.01,43,0.923892080783844,0.08765674382448196,0.29606881602843954,0.09950429946184158
7,390,2,0.01,44,0.9236155152320862,0.08797530829906464,0.2966063187106179,0.10424748808145523
7,390,2,0.01,45,0.9250252842903137,0.08635163307189941,0.2938564838010205,0.08869708329439163
7,390,2,0.01,46,0.9128068685531616,0.10042403638362885,0.3168975171622978,0.3570152521133423
7,390,2,0.01,47,0.9219925403594971,0.08984456211328506,0.2997408249025899,0.10201559960842133
7,390,2,0.01,48,0.9232999682426453,0.08833872526884079,0.29721831247223107,0.12018174678087234
7,390,2,0.01,49,0.9225789308547974,0.08916917443275452,0.29861208018557206,0.11629682034254074
7,390,2,0.01,50,0.9231605529785156,0.0884992778301239,0.29748828183665305,0.0796343982219696
7,390,2,0.01,51,0.9223421216011047,0.0894419401884079,0.29906845401748394,0.08342225104570389
7,390,2,0.01,52,0.9239658713340759,0.08757178485393524,0.295925302828155,0.10182716697454453
7,390,2,0.01,53,0.9226269125938416,0.08911389112472534,0.29851949873454725,0.07439090311527252
7,390,2,0.01,54,0.9247782826423645,0.08663611114025116,0.294340128321388,0.09146341681480408
7,390,2,0.01,55,0.9237455725669861,0.08782551437616348,0.29635369809766754,0.10431353002786636
7,390,2,0.01,56,0.9251264929771423,0.08623505383729935,0.2936580559720767,0.10647182166576385
7,390,2,0.01,57,0.9076153635978699,0.10640332847833633,0.32619523061862254,0.37679070234298706
7,390,2,0.01,58,0.9237220287322998,0.0878525972366333,0.29639938805036914,0.1016840785741806
7,390,2,0.01,59,0.9222602248191833,0.08953621238470078,0.29922602223854255,0.15105938911437988
7,390,2,0.01,60,0.9260150194168091,0.08521169424057007,0.2919104216032207,0.10349616408348083
7,390,2,0.01,61,0.9262170791625977,0.08497894555330276,0.2915114844278056,0.08326660096645355
7,390,2,0.01,62,0.9267606735229492,0.08435288071632385,0.290435673973298,0.09523304551839828
7,390,2,0.01,63,0.9237930774688721,0.08777078986167908,0.29626135397935227,0.13012106716632843
7,390,2,0.01,64,0.9262173175811768,0.08497865498065948,0.29151098603767833,0.12956123054027557
7,390,2,0.01,65,0.9268800616264343,0.08421536535024643,0.29019883761008836,0.0760989636182785
7,390,2,0.01,66,0.9271104335784912,0.08395002782344818,0.2897413119033048,0.07757774740457535
7,390,2,0.01,67,0.9243271350860596,0.08715571463108063,0.29522146709052277,0.14345374703407288
7,390,2,0.01,68,0.9264675974845886,0.08469042181968689,0.2910161882433465,0.09347783774137497
7,390,2,0.01,69,0.9268289804458618,0.08427418023347855,0.2903001554141481,0.11550873517990112
7,390,2,0.01,70,0.9260807037353516,0.0851360484957695,0.29178082270048095,0.09418946504592896
7,390,2,0.01,71,0.9210469126701355,0.09093364328145981,0.3015520573324941,0.14868934452533722
7,390,2,0.01,72,0.9242497682571411,0.08724479377269745,0.2953722968944404,0.08227907121181488
7,390,2,0.01,73,0.9253578186035156,0.08596862852573395,0.29320407317384584,0.0829833373427391
7,390,2,0.01,74,0.922676682472229,0.0890565812587738,0.2984234931414982,0.09845508635044098
7,390,2,0.01,75,0.9240164160728455,0.08751354366540909,0.2958268812420688,0.10618379712104797
7,390,2,0.01,76,0.9240809679031372,0.08743921667337418,0.2957012287315935,0.1416039913892746
7,390,2,0.01,77,0.925092339515686,0.0862744078040123,0.2937250547774437,0.08058948814868927
7,390,2,0.01,78,0.9235526919364929,0.08804765343666077,0.29672824846424845,0.0755080133676529
7,390,2,0.01,79,0.9253026247024536,0.0860322117805481,0.29331248146055444,0.0848487839102745
7,390,2,0.01,80,0.9242755770683289,0.08721510320901871,0.2953220330571675,0.07706811279058456
7,390,2,0.01,81,0.9263740181922913,0.08479820191860199,0.29120130823641915,0.07370483875274658
7,390,2,0.01,82,0.9259240031242371,0.08531653881072998,0.2920899498625894,0.10923555493354797
7,390,2,0.01,83,0.9227922558784485,0.08892349153757095,0.29820042175954575,0.08399958908557892
7,390,2,0.01,84,0.9245017170906067,0.08695464581251144,0.29488073150430066,0.11074940860271454
7,390,2,0.01,85,0.925723671913147,0.08554726839065552,0.2924846464186719,0.06278734654188156
7,390,2,0.01,86,0.9231786131858826,0.08847849071025848,0.2974533420727669,0.08588490635156631
7,390,2,0.01,87,0.9248815178871155,0.08651715517044067,0.29413798661587504,0.08032859116792679
7,390,2,0.01,88,0.9218299388885498,0.09003181010484695,0.30005301215759683,0.07460235804319382
7,390,2,0.01,89,0.9174934029579163,0.0950264036655426,0.3082635295741983,0.0945964977145195
7,390,2,0.01,90,0.9209601879119873,0.09103353321552277,0.30171763822408987,0.15483291447162628
7,390,2,0.01,91,0.9238038063049316,0.08775844424962997,0.29624051756913666,0.1031976193189621
7,390,2,0.01,92,0.9254966378211975,0.08580870926380157,0.29293123640848134,0.14416608214378357
7,390,2,0.01,93,0.922601580619812,0.0891430526971817,0.29856833840375924,0.08632353693246841
7,390,2,0.01,94,0.9243919849395752,0.08708097040653229,0.29509484984752327,0.061760369688272476
7,390,2,0.01,95,0.9243608117103577,0.08711691945791245,0.2951557545736021,0.09424840658903122
7,390,2,0.01,96,0.923848569393158,0.08770685642957687,0.29615343393176596,0.06980011612176895
7,390,2,0.01,97,0.9261733293533325,0.08502932637929916,0.2915978847304952,0.09927082061767578
7,390,2,0.01,98,0.9271238446235657,0.08393458276987076,0.2897146574991862,0.0691264420747757
7,390,2,0.01,99,0.925398588180542,0.08592164516448975,0.29312394164327443,0.08781800419092178
7,390,2,0.01,100,0.9267089366912842,0.08441249281167984,0.2905382811467016,0.08787345886230469
8,390,2,0.01,1,0.9035099744796753,0.1111317053437233,0.3333642232509711,0.3865981996059418
8,390,2,0.01,2,0.9130359292030334,0.10016026347875595,0.3164810633809801,0.40182822942733765
8,390,2,0.01,3,0.9148786067962646,0.09803798794746399,0.31311018499477783,0.3138357102870941
8,390,2,0.01,4,0.9176060557365417,0.09489665180444717,0.30805300161570764,0.20392145216464996
8,390,2,0.01,5,0.9180529713630676,0.09438193589448929,0.3072164316804837,0.1993001401424408
8,390,2,0.01,6,0.9178789258003235,0.09458238631486893,0.3075424951366379,0.21787625551223755
8,390,2,0.01,7,0.916254997253418,0.0964527577161789,0.31056844288526625,0.1942588835954666
8,390,2,0.01,8,0.9192407727241516,0.09301386028528214,0.3049817376258489,0.18607433140277863
8,390,2,0.01,9,0.9166662096977234,0.09597913175821304,0.30980498988591687,0.19046273827552795
8,390,2,0.01,10,0.9182201623916626,0.09418932348489761,0.3069027915886358,0.17341236770153046
8,390,2,0.01,11,0.9170507788658142,0.09553620219230652,0.30908931102887804,0.1847010999917984
8,390,2,0.01,12,0.9190623760223389,0.09321930259466171,0.30531836268829576,0.1425909548997879
8,390,2,0.01,13,0.9187102913856506,0.09362486749887466,0.3059818090979832,0.14344213902950287
8,390,2,0.01,14,0.9160452485084534,0.09669429808855057,0.31095706791862854,0.18970586359500885
8,390,2,0.01,15,0.9156684875488281,0.09712821990251541,0.3116540067166078,0.21635065972805023
8,390,2,0.01,16,0.9168205261230469,0.09580140560865402,0.3095180214602278,0.15423622727394104
8,390,2,0.01,17,0.9150775671005249,0.09780881553888321,0.31274400959711957,0.298830509185791
8,390,2,0.01,18,0.917972207069397,0.09447496384382248,0.3073677989702605,0.13431864976882935
8,390,2,0.01,19,0.9178516268730164,0.09461384266614914,0.30759363235631054,0.17915840446949005
8,390,2,0.01,20,0.9147695899009705,0.09816350042819977,0.31331054950033166,0.16574835777282715
8,390,2,0.01,21,0.9165096282958984,0.0961594209074974,0.31009582536289876,0.1685592383146286
8,390,2,0.01,22,0.9176154136657715,0.09488587826490402,0.30803551461625983,0.1661551296710968
8,390,2,0.01,23,0.9176183938980103,0.09488245099782944,0.3080299514622392,0.12715016305446625
8,390,2,0.01,24,0.916939377784729,0.09566449373960495,0.3092967729214208,0.1630076766014099
8,390,2,0.01,25,0.9183347225189209,0.09405739605426788,0.3066877826948245,0.14382673799991608
8,390,2,0.01,26,0.9169664978981018,0.09563327580690384,0.30924630281848775,0.17537806928157806
8,390,2,0.01,27,0.9167230129241943,0.09591369330883026,0.3096993595550857,0.12956853210926056
8,390,2,0.01,28,0.915875256061554,0.09689005464315414,0.31127167337095446,0.21729303896427155
8,390,2,0.01,29,0.9185905456542969,0.09376277029514313,0.30620707094243127,0.15264908969402313
8,390,2,0.01,30,0.9188894629478455,0.09341850876808167,0.3056444155682902,0.1195288673043251
8,390,2,0.01,31,0.9195051193237305,0.09270942211151123,0.30448221969683426,0.14139916002750397
8,390,2,0.01,32,0.9184697866439819,0.09390184283256531,0.30643407583453464,0.11572154611349106
8,390,2,0.01,33,0.919101357460022,0.09317445755004883,0.305244914044524,0.13604208827018738
8,390,2,0.01,34,0.9196851849555969,0.09250205010175705,0.30414149684276404,0.15307675302028656
8,390,2,0.01,35,0.9183496236801147,0.09404025971889496,0.306659843668673,0.1302574723958969
8,390,2,0.01,36,0.9187060594558716,0.09362976253032684,0.3059898078863524,0.10113877058029175
8,390,2,0.01,37,0.9204479455947876,0.09162354469299316,0.3026938134369336,0.11434238404035568
8,390,2,0.01,38,0.9184077978134155,0.09397323429584503,0.30655054117689146,0.13072800636291504
8,390,2,0.01,39,0.9188413619995117,0.0934738740324974,0.30573497351872814,0.13366346061229706
8,390,2,0.01,40,0.9188709855079651,0.09343975782394409,0.3056791746651121,0.21668261289596558
8,390,2,0.01,41,0.9207577705383301,0.0912666767835617,0.30210375168733294,0.1795751452445984
8,390,2,0.01,42,0.9202480316162109,0.0918537825345993,0.3030738895625938,0.14729556441307068
8,390,2,0.01,43,0.9174808263778687,0.09504090994596481,0.3082870577010407,0.24562355875968933
8,390,2,0.01,44,0.9213672876358032,0.09056466817855835,0.30093964208551577,0.12433876097202301
8,390,2,0.01,45,0.9221674799919128,0.08964306116104126,0.29940451092300074,0.14245270192623138
8,390,2,0.01,46,0.9219652414321899,0.08987601846456528,0.2997932928945631,0.09750610589981079
8,390,2,0.01,47,0.9235057830810547,0.08810165524482727,0.29681922991077797,0.08043799549341202
8,390,2,0.01,48,0.9210501313209534,0.09092993289232254,0.3015459051161573,0.14035025238990784
8,390,2,0.01,49,0.9232707619667053,0.08837234228849411,0.2972748598326036,0.16745886206626892
8,390,2,0.01,50,0.921174168586731,0.0907871201634407,0.3013090110890159,0.08247675001621246
8,390,2,0.01,51,0.9223523139953613,0.08943016082048416,0.2990487599380478,0.10958078503608704
8,390,2,0.01,52,0.9227472543716431,0.08897532522678375,0.2982873199228954,0.10080784559249878
8,390,2,0.01,53,0.9200780987739563,0.0920494794845581,0.30339657131312164,0.15994371473789215
8,390,2,0.01,54,0.9215115904808044,0.09039849787950516,0.3006634295678561,0.17142929136753082
8,390,2,0.01,55,0.924029529094696,0.08749843388795853,0.295801341930625,0.1215253546833992
8,390,2,0.01,56,0.9234369993209839,0.08818086236715317,0.29695262646953163,0.08630205690860748
8,390,2,0.01,57,0.9240960478782654,0.08742187172174454,0.2956718987691332,0.1587136685848236
8,390,2,0.01,58,0.9246721863746643,0.08675826340913773,0.29454755712641334,0.10790007561445236
8,390,2,0.01,59,0.9218675494194031,0.08998851478099823,0.2999808573575958,0.1677592247724533
8,390,2,0.01,60,0.9201279878616333,0.09199204295873642,0.30330190068434526,0.1250755786895752
8,390,2,0.01,61,0.9261301159858704,0.0850791484117508,0.291683301564815,0.13054753839969635
8,390,2,0.01,62,0.9204124212265015,0.09166444838047028,0.30276137200850156,0.08009572327136993
8,390,2,0.01,63,0.9209634065628052,0.09102983772754669,0.3017115140785096,0.13651351630687714
8,390,2,0.01,64,0.9232639670372009,0.08838016539812088,0.2972880175824799,0.10215725749731064
8,390,2,0.01,65,0.9228823184967041,0.0888197273015976,0.2980263869216912,0.08899412304162979
8,390,2,0.01,66,0.9216412305831909,0.09024915099143982,0.3004149646596185,0.07248673588037491
8,390,2,0.01,67,0.922765851020813,0.0889539048075676,0.29825141207975464,0.10135339200496674
8,390,2,0.01,68,0.9226818084716797,0.08905069530010223,0.2984136312236796,0.10340727865695953
8,390,2,0.01,69,0.9237133860588074,0.0878625437617302,0.29641616649860747,0.11986619979143143
8,390,2,0.01,70,0.921302855014801,0.0906388908624649,0.3010629350525649,0.08498964458703995
8,390,2,0.01,71,0.9203659892082214,0.09171788394451141,0.30284960614884643,0.09503147006034851
8,390,2,0.01,72,0.9213873147964478,0.09054164588451385,0.3009013889707288,0.12216769903898239
8,390,2,0.01,73,0.9209706783294678,0.09102146327495575,0.30169763551436024,0.09324400871992111
8,390,2,0.01,74,0.9210993051528931,0.0908733457326889,0.3014520620806713,0.09072455763816833
8,390,2,0.01,75,0.9207566380500793,0.09126797318458557,0.302105897301899,0.09805513173341751
8,390,2,0.01,76,0.9211390614509583,0.09082755446434021,0.30137610134902904,0.0731542706489563
8,390,2,0.01,77,0.9222108125686646,0.08959311991930008,0.29932109835308984,0.09433247148990631
8,390,2,0.01,78,0.9216042757034302,0.09029174596071243,0.30048584985105775,0.10821209847927094
8,390,2,0.01,79,0.9203578233718872,0.09172728657722473,0.30286512935170457,0.1385364681482315
8,390,2,0.01,80,0.921468198299408,0.09044843167066574,0.3007464574532271,0.10354728996753693
8,390,2,0.01,81,0.9229219555854797,0.08877407014369965,0.2979497778883207,0.10165248066186905
8,390,2,0.01,82,0.9247238636016846,0.08669878542423248,0.29444657482170256,0.11224161833524704
8,390,2,0.01,83,0.9226729869842529,0.08906082063913345,0.29843059601711996,0.11475034803152084
8,390,2,0.01,84,0.9226082563400269,0.08913540840148926,0.2985555365446926,0.07216820865869522
8,390,2,0.01,85,0.9209911823272705,0.09099783003330231,0.30165846587374656,0.1430010050535202
8,390,2,0.01,86,0.923363447189331,0.08826557546854019,0.2970952296293904,0.10224756598472595
8,390,2,0.01,87,0.9217820167541504,0.09008699655532837,0.3001449592369133,0.1049685925245285
8,390,2,0.01,88,0.9225623607635498,0.08918825536966324,0.29864402784864663,0.09682807326316833
8,390,2,0.01,89,0.9211272597312927,0.0908411368727684,0.30139863449055043,0.08982722461223602
8,390,2,0.01,90,0.9228527545928955,0.08885379135608673,0.29808353083672157,0.08706299960613251
8,390,2,0.01,91,0.9225426316261292,0.08921099454164505,0.29868209611833957,0.08926362544298172
8,390,2,0.01,92,0.923907995223999,0.08763843774795532,0.2960378991750133,0.09654584527015686
8,390,2,0.01,93,0.9231317043304443,0.08853252977132797,0.2975441644047619,0.08863843232393265
8,390,2,0.01,94,0.9237504005432129,0.08781995624303818,0.29634432041636666,0.081919826567173
8,390,2,0.01,95,0.9227808117866516,0.08893664181232452,0.2982224703343538,0.07064198702573776
8,390,2,0.01,96,0.9236782193183899,0.08790310472249985,0.29648457754578034,0.08225809037685394
8,390,2,0.01,97,0.9213146567344666,0.09062530100345612,0.3010403644089213,0.11212548613548279
8,390,2,0.01,98,0.9231959581375122,0.08845848590135574,0.29741971337044176,0.06898798793554306
8,390,2,0.01,99,0.9224758148193359,0.08928796648979187,0.29881092096807954,0.09106872230768204
8,390,2,0.01,100,0.9204046726226807,0.09167337417602539,0.30277611229425844,0.10405229777097702
9,390,2,0.01,1,0.9166929721832275,0.09594826400279999,0.3097551678387303,0.5753728747367859
9,390,2,0.01,2,0.9310181140899658,0.07944943755865097,0.28186776608660125,0.3670312464237213
9,390,2,0.01,3,0.9302726984024048,0.08030790835618973,0.28338649995401993,0.342620313167572
9,390,2,0.01,4,0.9307345747947693,0.07977596670389175,0.2824463961602126,0.22287072241306305
9,390,2,0.01,5,0.931210994720459,0.0792272761464119,0.28147340220065536,0.1895478516817093
9,390,2,0.01,6,0.9216781854629517,0.09020661562681198,0.30034416196558905,0.3207285702228546
9,390,2,0.01,7,0.9247072339057922,0.08671794086694717,0.29447910090012697,0.2779782712459564
9,390,2,0.01,8,0.9274488687515259,0.08356025815010071,0.2890679126954438,0.2063039243221283
9,390,2,0.01,9,0.9260973930358887,0.08511678129434586,0.29174780426653746,0.16370300948619843
9,390,2,0.01,10,0.923321008682251,0.088314488530159,0.29717753705513983,0.20682452619075775
9,390,2,0.01,11,0.9237638115882874,0.08780446648597717,0.29631818453476183,0.18357188999652863
9,390,2,0.01,12,0.9257126450538635,0.08555994182825089,0.292506310749445,0.1658535599708557
9,390,2,0.01,13,0.924107551574707,0.08740858733654022,0.29564943317473186,0.14822416007518768
9,390,2,0.01,14,0.9248085618019104,0.08660122007131577,0.29428085236949375,0.14728286862373352
9,390,2,0.01,15,0.9247133135795593,0.08671092242002487,0.29446718394419585,0.2074842005968094
9,390,2,0.01,16,0.9245191812515259,0.08693446964025497,0.2948465187860541,0.14531710743904114
9,390,2,0.01,17,0.923095166683197,0.08857458829879761,0.29761483212164946,0.174202099442482
9,390,2,0.01,18,0.922119677066803,0.08969812095165253,0.2994964456411003,0.1378084123134613
9,390,2,0.01,19,0.9217042922973633,0.09017655998468399,0.3002941224611031,0.1372881978750229
9,390,2,0.01,20,0.9245337247848511,0.08691771328449249,0.294818102029866,0.14047981798648834
9,390,2,0.01,21,0.9251393675804138,0.08622020483016968,0.2936327720643077,0.1734134554862976
9,390,2,0.01,22,0.9229464530944824,0.08874591439962387,0.2979025249970599,0.12340766936540604
9,390,2,0.01,23,0.9217587113380432,0.09011387079954147,0.3001897246734829,0.15147991478443146
9,390,2,0.01,24,0.9237867593765259,0.08777809888124466,0.29627368914779567,0.11353130638599396
9,390,2,0.01,25,0.9226952195167542,0.08903523534536362,0.29838772653271717,0.13444004952907562
9,390,2,0.01,26,0.9245068430900574,0.08694874495267868,0.29487072583197993,0.11155455559492111
9,390,2,0.01,27,0.9247565865516663,0.08666104823350906,0.29438248628868713,0.1366104930639267
9,390,2,0.01,28,0.9216315746307373,0.09026025980710983,0.30043345320904236,0.1416071653366089
9,390,2,0.01,29,0.9241545796394348,0.08735442161560059,0.29555781433689177,0.11945415288209915
9,390,2,0.01,30,0.9241860508918762,0.08731815963983536,0.2954964629903975,0.1923855096101761
9,390,2,0.01,31,0.9231628775596619,0.0884966254234314,0.29748382380128063,0.11863607168197632
9,390,2,0.01,32,0.9261826872825623,0.08501855283975601,0.2915794108639292,0.11021076887845993
9,390,2,0.01,33,0.9282824993133545,0.08260010182857513,0.28740233441740715,0.123276486992836
9,390,2,0.01,34,0.9268869161605835,0.08420749008655548,0.29018526855537563,0.143197700381279
9,390,2,0.01,35,0.9271926879882812,0.08385530114173889,0.2895777980815154,0.11116497218608856
9,390,2,0.01,36,0.9281562566757202,0.0827454924583435,0.28765516240516786,0.08103786408901215
9,390,2,0.01,37,0.925855278968811,0.0853956863284111,0.292225403290698,0.10961110889911652
9,390,2,0.01,38,0.9280840158462524,0.08282870799303055,0.2877997706618797,0.15836423635482788
9,390,2,0.01,39,0.9274829626083374,0.08352098613977432,0.2889999760203698,0.14185406267642975
9,390,2,0.01,40,0.927532434463501,0.08346403390169144,0.2889014259253343,0.09737256169319153
9,390,2,0.01,41,0.9270498156547546,0.08401983231306076,0.2898617468950685,0.1666860729455948
9,390,2,0.01,42,0.9296349883079529,0.08104240149259567,0.28467947149837775,0.11256644129753113
9,390,2,0.01,43,0.9308090209960938,0.07969020307064056,0.2822945324844967,0.0835728570818901
9,390,2,0.01,44,0.9309433102607727,0.07953554391860962,0.28202046719805574,0.12405838072299957
9,390,2,0.01,45,0.93183434009552,0.07850933074951172,0.2801951654642023,0.10209456831216812
9,390,2,0.01,46,0.9304657578468323,0.08008556813001633,0.2829939365605142,0.11875369399785995
9,390,2,0.01,47,0.9334548115730286,0.0766429454088211,0.2768446232254134,0.12859955430030823
9,390,2,0.01,48,0.9326733350753784,0.07754303514957428,0.2784655008247418,0.10150405764579773
9,390,2,0.01,49,0.9304618835449219,0.08009003102779388,0.28300182159801357,0.1151697114109993
9,390,2,0.01,50,0.9293807744979858,0.08133522421121597,0.2851933102497602,0.13462385535240173
9,390,2,0.01,51,0.9324812293052673,0.07776424288749695,0.2788624085234454,0.08748682588338852
9,390,2,0.01,52,0.9319822788238525,0.07833893597126007,0.2798909358504846,0.09375250339508057
9,390,2,0.01,53,0.9319025874137878,0.07843069732189178,0.2800548112814557,0.22201098501682281
9,390,2,0.01,54,0.9315993189811707,0.07877998799085617,0.28067772977358957,0.16126124560832977
9,390,2,0.01,55,0.9314318299293518,0.07897292077541351,0.2810212105436412,0.14953358471393585
9,390,2,0.01,56,0.933996856212616,0.07601863145828247,0.275714764672265,0.10573094338178635
9,390,2,0.01,57,0.9288731217384338,0.08191987127065659,0.2862164762389765,0.11270362138748169
9,390,2,0.01,58,0.9263496398925781,0.08482629060745239,0.29124953323130387,0.10548720508813858
9,390,2,0.01,59,0.9297844171524048,0.08087030798196793,0.2843770524883608,0.16306430101394653
9,390,2,0.01,60,0.9275771379470825,0.08341249078512192,0.28881220677998,0.1144106313586235
9,390,2,0.01,61,0.9308376312255859,0.07965727895498276,0.2822362112752061,0.11285912245512009
9,390,2,0.01,62,0.9303614497184753,0.08020569384098053,0.2832060978174385,0.11128968000411987
9,390,2,0.01,63,0.9254347085952759,0.08588003367185593,0.293052953699252,0.20205926895141602
9,390,2,0.01,64,0.9285550117492676,0.0822862833738327,0.2868558581828733,0.13804538547992706
9,390,2,0.01,65,0.9314574003219604,0.07894344627857208,0.28096876388412306,0.09544605016708374
9,390,2,0.01,66,0.9296608567237854,0.08101261407136917,0.2846271492169522,0.08164458721876144
9,390,2,0.01,67,0.9309428930282593,0.079536072909832,0.2820214050561269,0.10172300040721893
9,390,2,0.01,68,0.9285567402839661,0.08228429406881332,0.28685239073226027,0.08120215684175491
9,390,2,0.01,69,0.9262322783470154,0.08496148139238358,0.29148152838967956,0.09992893040180206
9,390,2,0.01,70,0.930637776851654,0.07988744229078293,0.2826436666383716,0.11236250400543213
9,390,2,0.01,71,0.9279211163520813,0.08301636576652527,0.28812560762022743,0.09383664280176163
9,390,2,0.01,72,0.9305275678634644,0.0800144225358963,0.2828682070079568,0.11486700177192688
9,390,2,0.01,73,0.9358474612236023,0.07388722896575928,0.271822053862006,0.11818968504667282
9,390,2,0.01,74,0.9331223368644714,0.07702586054801941,0.2775353320714669,0.10829031467437744
9,390,2,0.01,75,0.9276857376098633,0.08328747749328613,0.2885956990207687,0.09669528901576996
9,390,2,0.01,76,0.9318769574165344,0.0784602090716362,0.2801074955648924,0.1352447271347046
9,390,2,0.01,77,0.929610550403595,0.08107057958841324,0.2847289581135246,0.09947270900011063
9,390,2,0.01,78,0.9286621809005737,0.08216285705566406,0.2866406409699505,0.09162162989377975
9,390,2,0.01,79,0.930483341217041,0.08006531745195389,0.2829581549486671,0.08290570229291916
9,390,2,0.01,80,0.9296628832817078,0.08101025968790054,0.28462301327879397,0.0713176503777504
9,390,2,0.01,81,0.9271186590194702,0.08394058048725128,0.28972500839114884,0.11622953414916992
9,390,2,0.01,82,0.9291316270828247,0.0816221758723259,0.28569595004536885,0.08540709316730499
9,390,2,0.01,83,0.9296392798423767,0.0810374915599823,0.28467084775224577,0.0689111053943634
9,390,2,0.01,84,0.9284565448760986,0.08239966630935669,0.28705342065433864,0.11314383149147034
9,390,2,0.01,85,0.929427444934845,0.08128143846988678,0.28509899766552455,0.08948362618684769
9,390,2,0.01,86,0.9314525127410889,0.07894907891750336,0.2809787873087635,0.0806526243686676
9,390,2,0.01,87,0.9305484294891357,0.07999037951231003,0.28282570518308625,0.07133173942565918
9,390,2,0.01,88,0.9302013516426086,0.08039010316133499,0.2835314853086602,0.08095152676105499
9,390,2,0.01,89,0.9281014204025269,0.08280870318412781,0.28776501382921416,0.09950800985097885
9,390,2,0.01,90,0.9315589070320129,0.07882656157016754,0.2807606838041387,0.17884869873523712
9,390,2,0.01,91,0.9310479164123535,0.07941511273384094,0.28180687133893834,0.09128158539533615
9,390,2,0.01,92,0.9365806579589844,0.07304278761148453,0.27026429215026637,0.11584961414337158
9,390,2,0.01,93,0.9306538105010986,0.07986900955438614,0.2826110570278278,0.09635472297668457
9,390,2,0.01,94,0.9309409856796265,0.07953820377588272,0.2820251828753644,0.1434018611907959
9,390,2,0.01,95,0.9349460601806641,0.07492544502019882,0.27372512676076854,0.077665776014328
9,390,2,0.01,96,0.9300252199172974,0.08059297502040863,0.28388901884435164,0.08172674477100372
9,390,2,0.01,97,0.9228954315185547,0.08880465477705002,0.2980010986171863,0.11293148994445801
9,390,2,0.01,98,0.9280244708061218,0.08289732038974762,0.28791894760461256,0.11570830643177032
9,390,2,0.01,99,0.9295467734336853,0.08114401251077652,0.2848578812509433,0.10185935348272324
9,390,2,0.01,100,0.9301056265830994,0.08050033450126648,0.2837258086626355,0.09043392539024353
10,390,2,0.01,1,0.9007015824317932,0.11436622589826584,0.33818075920765484,0.28727996349334717
10,390,2,0.01,2,0.911448061466217,0.10198906064033508,0.3193572617623327,0.20997823774814606
10,390,2,0.01,3,0.9147067666053772,0.09823590517044067,0.3134260760856388,0.17008675634860992
10,390,2,0.01,4,0.9146152138710022,0.09834131598472595,0.3135941899728468,0.16183032095432281
10,390,2,0.01,5,0.9140657186508179,0.09897417575120926,0.3146016143493375,0.20716872811317444
10,390,2,0.01,6,0.9152478575706482,0.09761268645524979,0.31243029055334853,0.16824215650558472
10,390,2,0.01,7,0.9167008399963379,0.09593923389911652,0.30974059130039205,0.16507777571678162
10,390,2,0.01,8,0.9177370667457581,0.09474572539329529,0.3078079358842057,0.14808519184589386
10,390,2,0.01,9,0.9121030569076538,0.10123465210199356,0.3181739337249259,0.16702327132225037
10,390,2,0.01,10,0.9154765605926514,0.09734929352998734,0.3120084831058081,0.14828996360301971
10,390,2,0.01,11,0.9148751497268677,0.09804195165634155,0.31311651450592887,0.12483176589012146
10,390,2,0.01,12,0.9125734567642212,0.10069294273853302,0.31732151319841684,0.1566532701253891
10,390,2,0.01,13,0.9175567030906677,0.0949534997344017,0.30814525752378813,0.11705544590950012
10,390,2,0.01,14,0.9145360589027405,0.0984324961900711,0.3137395355865612,0.1058477833867073
10,390,2,0.01,15,0.9169240593910217,0.09568213671445847,0.3093252927170012,0.18981389701366425
10,390,2,0.01,16,0.9162870645523071,0.09641577303409576,0.3105088936473411,0.12295890599489212
10,390,2,0.01,17,0.9177227020263672,0.09476228803396225,0.3078348388892366,0.15625686943531036
10,390,2,0.01,18,0.9172413349151611,0.09531673789024353,0.3087340892908386,0.10670140385627747
10,390,2,0.01,19,0.9179874658584595,0.09445734322071075,0.3073391338907409,0.1301606148481369
10,390,2,0.01,20,0.9147816896438599,0.0981496050953865,0.3132883736996739,0.14644713699817657
10,390,2,0.01,21,0.9177022576332092,0.09478586912155151,0.30787313803180605,0.10170124471187592
10,390,2,0.01,22,0.9180200099945068,0.09441987425088882,0.3072781708011307,0.12075141817331314
10,390,2,0.01,23,0.9131929874420166,0.09997939318418503,0.3161951821014751,0.13624125719070435
10,390,2,0.01,24,0.9200804233551025,0.0920468345284462,0.30339221237277364,0.13640838861465454
10,390,2,0.01,25,0.9158779978752136,0.09688691794872284,0.31126663481446715,0.2840034067630768
10,390,2,0.01,26,0.9207136631011963,0.09131749719381332,0.3021878508375433,0.14643849432468414
10,390,2,0.01,27,0.9174154996871948,0.09511608630418777,0.3084089595069958,0.13528242707252502
10,390,2,0.01,28,0.9202017784118652,0.09190701693296432,0.3031617009666035,0.09040315449237823
10,390,2,0.01,29,0.9205678701400757,0.091485396027565,0.3024655286599863,0.10213379561901093
10,390,2,0.01,30,0.920406699180603,0.09167104959487915,0.30277227349095087,0.12805773317813873
10,390,2,0.01,31,0.9184719324111938,0.09389936923980713,0.3064300397151153,0.1068863794207573
10,390,2,0.01,32,0.9219405055046082,0.08990446478128433,0.2998407323585045,0.11432909220457077
10,390,2,0.01,33,0.9214616417884827,0.09045598655939102,0.3007590174199122,0.11736739426851273
10,390,2,0.01,34,0.9236329793930054,0.08795518428087234,0.2965723929850389,0.11005782335996628
10,390,2,0.01,35,0.9236023426055908,0.0879904255270958,0.296631801274064,0.09707333147525787
10,390,2,0.01,36,0.9236828088760376,0.08789774775505066,0.29647554326630493,0.08042052388191223
10,390,2,0.01,37,0.9227208495140076,0.0890057384967804,0.29833829539095447,0.08684038370847702
10,390,2,0.01,38,0.9236904382705688,0.08788898587226868,0.2964607661601593,0.1370888501405716
10,390,2,0.01,39,0.9205538034439087,0.09150159358978271,0.3024923033562717,0.09778213500976562
10,390,2,0.01,40,0.9227321147918701,0.08899272233247757,0.2983164801556856,0.09158029407262802
10,390,2,0.01,41,0.9209225177764893,0.09107694774866104,0.30178957528162076,0.15251082181930542
10,390,2,0.01,42,0.9222033023834229,0.0896017774939537,0.2993355600224499,0.11339645087718964
10,390,2,0.01,43,0.9235399961471558,0.08806230872869492,0.2967529422410078,0.10919634252786636
10,390,2,0.01,44,0.921250581741333,0.09069912880659103,0.30116296054892117,0.20969554781913757
10,390,2,0.01,45,0.9210861921310425,0.09088841825723648,0.30147706091382226,0.13680033385753632
10,390,2,0.01,46,0.9240312576293945,0.08749645948410034,0.2957980045302881,0.09411662817001343
10,390,2,0.01,47,0.9229632616043091,0.08872649818658829,0.2978699350162555,0.13071882724761963
10,390,2,0.01,48,0.9249231219291687,0.08646924048662186,0.2940565260058376,0.08239362388849258
10,390,2,0.01,49,0.9231109619140625,0.08855641633272171,0.29758430122021173,0.09919966757297516
10,390,2,0.01,50,0.9236565232276917,0.08792807906866074,0.29652669200033366,0.08919110149145126
10,390,2,0.01,51,0.9235132932662964,0.08809301257133484,0.2968046707370604,0.07335539162158966
10,390,2,0.01,52,0.9232352375984192,0.08841326087713242,0.2973436746882846,0.0955660417675972
10,390,2,0.01,53,0.9238007068634033,0.0877620279788971,0.2962465661892085,0.06602369248867035
10,390,2,0.01,54,0.9239766001701355,0.08755943924188614,0.29590444275455907,0.10444025695323944
10,390,2,0.01,55,0.9224818348884583,0.08928101509809494,0.2987992889852567,0.17050319910049438
10,390,2,0.01,56,0.9239749908447266,0.08756126463413239,0.2959075271670736,0.0950736328959465
10,390,2,0.01,57,0.9265619516372681,0.08458172529935837,0.290829374890774,0.1230473443865776
10,390,2,0.01,58,0.9286180734634399,0.08221364766359329,0.28672922359535186,0.10163886100053787
10,390,2,0.01,59,0.9292222261428833,0.08151783049106598,0.2855132755075777,0.083848737180233
10,390,2,0.01,60,0.9294600486755371,0.08124391734600067,0.2850331863941472,0.09407062828540802
10,390,2,0.01,61,0.9292927980422974,0.08143652975559235,0.2853708635365432,0.14024902880191803
10,390,2,0.01,62,0.9303750991821289,0.0801900178194046,0.2831784204691533,0.08603191375732422
10,390,2,0.01,63,0.9313375949859619,0.07908143103122711,0.28121420844478523,0.11809854209423065
10,390,2,0.01,64,0.9353650212287903,0.07444290816783905,0.2728422770903348,0.08666999638080597
10,390,2,0.01,65,0.9378777146339417,0.0715489313006401,0.2674863198383052,0.13332439959049225
10,390,2,0.01,66,0.9397112727165222,0.06943711638450623,0.2635092339644025,0.12613487243652344
10,390,2,0.01,67,0.9401728510856628,0.06890549510717392,0.26249856210496453,0.10961148142814636
10,390,2,0.01,68,0.9410497546195984,0.06789551675319672,0.26056768171282624,0.10837895423173904
10,390,2,0.01,69,0.9432624578475952,0.06534707546234131,0.2556307404486818,0.06962931156158447
10,390,2,0.01,70,0.940483808517456,0.0685473307967186,0.2618154517913689,0.11400958150625229
10,390,2,0.01,71,0.9369786977767944,0.0725843608379364,0.2694148489559111,0.07131794095039368
10,390,2,0.01,72,0.938102126121521,0.07129044830799103,0.26700271217347404,0.08056968450546265
10,390,2,0.01,73,0.9251608848571777,0.0861954465508461,0.29359061046097185,0.08872392028570175
10,390,2,0.01,74,0.9224951863288879,0.08926563709974289,0.298773554886879,0.1320321261882782
10,390,2,0.01,75,0.9349737167358398,0.07489357888698578,0.27366691229848333,0.15205465257167816
10,390,2,0.01,76,0.9381877779960632,0.07119182497262955,0.2668179622376079,0.08387883007526398
10,390,2,0.01,77,0.9349930882453918,0.07487126439809799,0.2736261398296917,0.10366155207157135
10,390,2,0.01,78,0.9430841207504272,0.06555245071649551,0.25603212828958694,0.10671631246805191
10,390,2,0.01,79,0.9329252243041992,0.07725293189287186,0.27794411649263573,0.0981784239411354
10,390,2,0.01,80,0.9366682767868042,0.0729418396949768,0.2700774698026046,0.10250671952962875
10,390,2,0.01,81,0.9409388303756714,0.06802328675985336,0.2608127427098863,0.06668707728385925
10,390,2,0.01,82,0.9455263018608093,0.06273971498012543,0.25047897113355727,0.08715302497148514
10,390,2,0.01,83,0.9270828366279602,0.08398181945085526,0.2897961687994775,0.13123787939548492
10,390,2,0.01,84,0.9268513917922974,0.084248386323452,0.29025572573758474,0.07948441058397293
10,390,2,0.01,85,0.9283126592636108,0.08256540447473526,0.2873419643469002,0.08476115018129349
10,390,2,0.01,86,0.9361163377761841,0.07357753068208694,0.27125178466157035,0.07054246217012405
10,390,2,0.01,87,0.9407199025154114,0.06827545911073685,0.26129573113760746,0.08697174489498138
10,390,2,0.01,88,0.9395608305931091,0.06961040943861008,0.26383784686547546,0.11805098503828049
10,390,2,0.01,89,0.9405555725097656,0.0684647336602211,0.2616576650133168,0.07166226208209991
10,390,2,0.01,90,0.9402586221694946,0.06880667805671692,0.26231027058946227,0.07440201938152313
10,390,2,0.01,91,0.9332776069641113,0.07684703916311264,0.2772129851993096,0.08069352060556412
10,390,2,0.01,92,0.9425944089889526,0.06611646711826324,0.2571312254827547,0.07579991221427917
10,390,2,0.01,93,0.9355565905570984,0.07422226667404175,0.27243763813768784,0.10992400348186493
10,390,2,0.01,94,0.9438096880912781,0.06471677869558334,0.25439492663098323,0.11178810894489288
10,390,2,0.01,95,0.936657190322876,0.07295462489128113,0.2701011382635792,0.09694278985261917
10,390,2,0.01,96,0.9453170895576477,0.06298062950372696,0.25095941804149724,0.10488792508840561
10,390,2,0.01,97,0.9337852001190186,0.07626241445541382,0.2761565035544407,0.0763973668217659
10,390,2,0.01,98,0.9459993839263916,0.06219485029578209,0.2493889538367369,0.09670297801494598
10,390,2,0.01,99,0.9333223104476929,0.0767955332994461,0.27712007018519264,0.06360349804162979
10,390,2,0.01,100,0.9468833208084106,0.06117672845721245,0.24733929824678577,0.07849866151809692
11,390,2,0.01,1,0.899722158908844,0.11549431085586548,0.33984453924679364,0.27922412753105164
11,390,2,0.01,2,0.9134459495544434,0.09968798607587814,0.31573404326407084,0.2465062290430069
11,390,2,0.01,3,0.9149884581565857,0.09791145473718643,0.3129080611572454,0.20109760761260986
11,390,2,0.01,4,0.9161601066589355,0.09656204283237457,0.3107443367663755,0.20555108785629272
11,390,2,0.01,5,0.9182644486427307,0.09413836151361465,0.30681975411243434,0.20240870118141174
11,390,2,0.01,6,0.9180796146392822,0.09435121715068817,0.307166432330566,0.1458403468132019
11,390,2,0.01,7,0.9174096584320068,0.09512285143136978,0.30841992709837956,0.1268354058265686
11,390,2,0.01,8,0.9173751473426819,0.09516259282827377,0.3084843477848978,0.16289293766021729
11,390,2,0.01,9,0.9169318079948425,0.09567318111658096,0.30931081635885443,0.1306789070367813
11,390,2,0.01,10,0.9191603064537048,0.09310654550790787,0.3051336518771862,0.12927664816379547
11,390,2,0.01,11,0.9223552942276001,0.08942675590515137,0.2990430669738915,0.15579497814178467
11,390,2,0.01,12,0.9185720682144165,0.09378402680158615,0.30624177834120897,0.12711194157600403
11,390,2,0.01,13,0.920802891254425,0.09121470898389816,0.30201772958536416,0.11962362378835678
11,390,2,0.01,14,0.9166483879089355,0.09599964320659637,0.30983809192317907,0.14649367332458496
11,390,2,0.01,15,0.9178014397621155,0.0946715921163559,0.3076874909975313,0.12208034098148346
11,390,2,0.01,16,0.9192055463790894,0.09305444359779358,0.305048264374334,0.09050378203392029
11,390,2,0.01,17,0.9202626943588257,0.09183687716722488,0.3030459984346021,0.15480077266693115
11,390,2,0.01,18,0.9108777046203613,0.10264594107866287,0.3203840524724395,0.14352120459079742
11,390,2,0.01,19,0.9187802672386169,0.09354424476623535,0.3058500364005788,0.13267332315444946
11,390,2,0.01,20,0.9218611717224121,0.0899958610534668,0.29999310167646653,0.12288951873779297
11,390,2,0.01,21,0.9188679456710815,0.09344328194856644,0.30568493902802346,0.1218184158205986
11,390,2,0.01,22,0.9201213121414185,0.09199972450733185,0.3033145636255072,0.15246069431304932
11,390,2,0.01,23,0.9216372966766357,0.09025370329618454,0.3004225412584491,0.1469048112630844
11,390,2,0.01,24,0.9212557673454285,0.09069313853979111,0.3011530151597209,0.10814957320690155
11,390,2,0.01,25,0.9207329750061035,0.0912952646613121,0.30215106265130376,0.12563736736774445
11,390,2,0.01,26,0.9227824211120605,0.08893481642007828,0.29821940986474754,0.12389843910932541
11,390,2,0.01,27,0.9172979593276978,0.09525145590305328,0.3086283459163356,0.1310466229915619
11,390,2,0.01,28,0.9146665930747986,0.09828215092420578,0.3134998419843394,0.15030385553836823
11,390,2,0.01,29,0.9203450679779053,0.09174204617738724,0.3028894949934501,0.13820146024227142
11,390,2,0.01,30,0.9217529296875,0.09012054651975632,0.30020084363598365,0.1038498729467392
11,390,2,0.01,31,0.9209505915641785,0.0910445898771286,0.3017359605302765,0.09806670248508453
11,390,2,0.01,32,0.9228485822677612,0.08885862678289413,0.2980916415850906,0.1321835070848465
11,390,2,0.01,33,0.9197356700897217,0.09244388341903687,0.3040458574278506,0.14865174889564514
11,390,2,0.01,34,0.9210655689239502,0.09091218560934067,0.3015164765138726,0.08489324152469635
11,390,2,0.01,35,0.9225452542304993,0.08920793235301971,0.2986769699073226,0.11244326829910278
11,390,2,0.01,36,0.9212772846221924,0.09066833555698395,0.3011118323098313,0.09010998904705048
11,390,2,0.01,37,0.921341061592102,0.09059489518404007,0.3009898589388687,0.1324896514415741
11,390,2,0.01,38,0.9213812947273254,0.09054853767156601,0.30091284065583845,0.09180840849876404
11,390,2,0.01,39,0.9207342267036438,0.0912938192486763,0.30214867077099034,0.1101546511054039
11,390,2,0.01,40,0.9182698130607605,0.0941321924328804,0.30680970068249214,0.11727242916822433
11,390,2,0.01,41,0.9231718182563782,0.08848632127046585,0.29746650445128414,0.08761142939329147
11,390,2,0.01,42,0.9217643737792969,0.09010735154151917,0.3001788659141732,0.11487478762865067
11,390,2,0.01,43,0.9225777983665466,0.08917047083377838,0.2986142508886312,0.09114871919155121
11,390,2,0.01,44,0.9209378957748413,0.09105920791625977,0.30176018278802086,0.08693402260541916
11,390,2,0.01,45,0.9198934435844421,0.0922621339559555,0.3037468254253129,0.11035343259572983
11,390,2,0.01,46,0.9190136194229126,0.0932755246758461,0.3054104200511929,0.09178008139133453
11,390,2,0.01,47,0.9213709235191345,0.09056048095226288,0.30093268508465953,0.09366407245397568
11,390,2,0.01,48,0.9212397336959839,0.09071160852909088,0.30118367905497617,0.11032740771770477
11,390,2,0.01,49,0.9185616970062256,0.09379595518112183,0.3062612531501852,0.09782026708126068
11,390,2,0.01,50,0.9211922287940979,0.0907662883400917,0.3012744402369569,0.12301002442836761
11,390,2,0.01,51,0.9237579703330994,0.0878111943602562,0.296329536766513,0.13660618662834167
11,390,2,0.01,52,0.9226333498954773,0.08910651504993439,0.2985071440517536,0.07398682087659836
11,390,2,0.01,53,0.9234596490859985,0.08815478533506393,0.29690871549192344,0.0941237062215805
11,390,2,0.01,54,0.9222054481506348,0.08959929645061493,0.29933141574284333,0.10112722963094711
11,390,2,0.01,55,0.9227617979049683,0.08895859122276306,0.29825926846078576,0.0705004408955574
11,390,2,0.01,56,0.9251774549484253,0.08617637306451797,0.2935581255297117,0.07809190452098846
11,390,2,0.01,57,0.922717273235321,0.08900982141494751,0.2983451380782792,0.11441899836063385
11,390,2,0.01,58,0.9217376708984375,0.09013810008764267,0.3002300785858117,0.07782424241304398
11,390,2,0.01,59,0.9249668717384338,0.08641888201236725,0.2939708863346288,0.08452870696783066
11,390,2,0.01,60,0.9234095215797424,0.08821255713701248,0.2970059883857773,0.07095254212617874
11,390,2,0.01,61,0.924751341342926,0.08666712045669556,0.2943927996006281,0.07697956264019012
11,390,2,0.01,62,0.9227083921432495,0.08902005851268768,0.29836229405319914,0.09449853003025055
11,390,2,0.01,63,0.9246430993080139,0.08679179847240448,0.294604478025037,0.07480095326900482
11,390,2,0.01,64,0.9235329627990723,0.08807038515806198,0.29676654993119084,0.11539793759584427
11,390,2,0.01,65,0.9244968295097351,0.08696023374795914,0.29489020625981993,0.08073107898235321
11,390,2,0.01,66,0.9235081076622009,0.08809898048639297,0.2968147241738404,0.09112066775560379
11,390,2,0.01,67,0.925455629825592,0.08585597574710846,0.2930119037634964,0.07482294738292694
11,390,2,0.01,68,0.9215047955513,0.09040632098913193,0.30067643903227925,0.11197265237569809
11,390,2,0.01,69,0.9218814373016357,0.08997248113155365,0.2999541317127565,0.10662394762039185
11,390,2,0.01,70,0.9217009544372559,0.09018037468194962,0.30030047399554605,0.1462451070547104
11,390,2,0.01,71,0.9228399395942688,0.08886853605508804,0.2981082623059751,0.10821186006069183
11,390,2,0.01,72,0.922547459602356,0.08920545130968094,0.29867281648935,0.08131248503923416
11,390,2,0.01,73,0.9221813678741455,0.08962704986333847,0.2993777711576771,0.10237958282232285
11,390,2,0.01,74,0.9236647486686707,0.08791859447956085,0.29651069876070385,0.09943275153636932
11,390,2,0.01,75,0.9253116846084595,0.08602172881364822,0.2932946109522782,0.10047327727079391
11,390,2,0.01,76,0.9241397380828857,0.08737150579690933,0.29558671451354057,0.07982034236192703
11,390,2,0.01,77,0.9271401166915894,0.0839158445596695,0.289682316615408,0.1011698842048645
11,390,2,0.01,78,0.9220215678215027,0.08981110155582428,0.2996850038887903,0.09746720641851425
11,390,2,0.01,79,0.9220852851867676,0.08973773568868637,0.2995625739118396,0.09431904554367065
11,390,2,0.01,80,0.9245367646217346,0.08691424876451492,0.2948122262805851,0.0944126546382904
11,390,2,0.01,81,0.9238106608390808,0.08775050938129425,0.296227124654874,0.11851349472999573
11,390,2,0.01,82,0.9200475811958313,0.09208463132381439,0.3034544962985627,0.09060925245285034
11,390,2,0.01,83,0.9215528964996338,0.09035085886716843,0.3005841959703943,0.06736676394939423
11,390,2,0.01,84,0.9225428700447083,0.08921069651842117,0.29868159722088866,0.08190783113241196
11,390,2,0.01,85,0.9219799637794495,0.08985904604196548,0.2997649846829437,0.0839066430926323
11,390,2,0.01,86,0.9239349365234375,0.08760742098093033,0.29598550805897633,0.07463359087705612
11,390,2,0.01,87,0.9229490756988525,0.08874285221099854,0.2978973853712022,0.07482637465000153
11,390,2,0.01,88,0.9226310849189758,0.08910909295082092,0.2985114620091177,0.10223138332366943
11,390,2,0.01,89,0.9213786125183105,0.09055161476135254,0.3009179535377584,0.10766313225030899
11,390,2,0.01,90,0.9205355048179626,0.09152265638113022,0.30252711676993554,0.07519124448299408
11,390,2,0.01,91,0.9235129952430725,0.0880933627486229,0.2968052606484981,0.0937308669090271
11,390,2,0.01,92,0.9229282140731812,0.08876689523458481,0.2979377371777278,0.10039522498846054
11,390,2,0.01,93,0.9237038493156433,0.08787354826927185,0.2964347285141737,0.07664737850427628
11,390,2,0.01,94,0.9232670664787292,0.08837663382291794,0.2972820778703586,0.09776846319437027
11,390,2,0.01,95,0.9242972135543823,0.08719011396169662,0.29527972155516646,0.07483375817537308
11,390,2,0.01,96,0.9243229031562805,0.08716055005788803,0.29522965646744914,0.10821885615587234
11,390,2,0.01,97,0.9238552451133728,0.08769920468330383,0.29614051509934236,0.06761093437671661
11,390,2,0.01,98,0.922953188419342,0.08873815089464188,0.2978894944348355,0.0845414325594902
11,390,2,0.01,99,0.924358069896698,0.08712004125118256,0.2951610429090915,0.09306780993938446
11,390,2,0.01,100,0.9219921827316284,0.08984491974115372,0.29974142146382393,0.10271670669317245
12,390,2,0.01,1,0.9129487872123718,0.10026063024997711,0.3166395904652119,0.29705896973609924
12,390,2,0.01,2,0.9187961220741272,0.09352600574493408,0.30582021801204395,0.23734870553016663
12,390,2,0.01,3,0.9196595549583435,0.09253156930208206,0.3041900217003872,0.21672587096691132
12,390,2,0.01,4,0.9233960509300232,0.08822803199291229,0.29703203866403416,0.16343902051448822
12,390,2,0.01,5,0.9225062727928162,0.08925287425518036,0.29875219539809306,0.1517380028963089
12,390,2,0.01,6,0.9235357642173767,0.08806713670492172,0.296761076802403,0.13586588203907013
12,390,2,0.01,7,0.922757625579834,0.08896339684724808,0.298267324471267,0.12985634803771973
12,390,2,0.01,8,0.9208951592445374,0.09110843390226364,0.30184173651478957,0.1195065826177597
12,390,2,0.01,9,0.9190188050270081,0.09326953440904617,0.3054006129807964,0.14122165739536285
12,390,2,0.01,10,0.9218714237213135,0.08998402953147888,0.29997338137154583,0.12945158779621124
12,390,2,0.01,11,0.9222604632377625,0.08953598886728287,0.29922564874569635,0.1344776451587677
12,390,2,0.01,12,0.9235185384750366,0.08808697760105133,0.2967945039940115,0.13745759427547455
12,390,2,0.01,13,0.9209702014923096,0.09102202206850052,0.3016985615950141,0.14460301399230957
12,390,2,0.01,14,0.9245811700820923,0.08686311542987823,0.2947254916526194,0.11719296127557755
12,390,2,0.01,15,0.9239946007728577,0.0875386893749237,0.2958693789071855,0.11700387299060822
12,390,2,0.01,16,0.9249370694160461,0.08645322173833847,0.29402928721190086,0.14990736544132233
12,390,2,0.01,17,0.9263397455215454,0.08483771234750748,0.2912691407401537,0.1344687044620514
12,390,2,0.01,18,0.9257766008377075,0.0854862630367279,0.29238033968912464,0.12449248880147934
12,390,2,0.01,19,0.923601508140564,0.0879913866519928,0.296633421333458,0.14545856416225433
12,390,2,0.01,20,0.9264164566993713,0.08474934846162796,0.2911174135321142,0.10399965196847916
12,390,2,0.01,21,0.926318883895874,0.08486174046993256,0.2913103851048441,0.1334332972764969
12,390,2,0.01,22,0.9264779090881348,0.084678515791893,0.29099573156988573,0.1394425332546234
12,390,2,0.01,23,0.9216790795326233,0.09020556509494781,0.3003424130803837,0.28447696566581726
12,390,2,0.01,24,0.9271518588066101,0.08390230685472488,0.28965894920531093,0.1318800300359726
12,390,2,0.01,25,0.9283409118652344,0.08253282308578491,0.28728526430324425,0.10286387801170349
12,390,2,0.01,26,0.9302286505699158,0.08035867661237717,0.28347606003395975,0.1134008914232254
12,390,2,0.01,27,0.9280927181243896,0.08281870931386948,0.2877823992426734,0.14428533613681793
12,390,2,0.01,28,0.928673267364502,0.08215003460645676,0.28661827332962697,0.12836456298828125
12,390,2,0.01,29,0.929715096950531,0.08095015585422516,0.28451740870151543,0.110527403652668
12,390,2,0.01,30,0.9283127188682556,0.08256532996892929,0.2873418347002909,0.11001335084438324
12,390,2,0.01,31,0.9287033677101135,0.08211541920900345,0.2865578810799023,0.14009906351566315
12,390,2,0.01,32,0.9301519393920898,0.08044704049825668,0.2836318749686937,0.13008123636245728
12,390,2,0.01,33,0.9311556220054626,0.07929102331399918,0.28158661778216515,0.1517871767282486
12,390,2,0.01,34,0.9302284717559814,0.0803588405251503,0.28347634914600955,0.10269468277692795
12,390,2,0.01,35,0.9301880598068237,0.08040538430213928,0.28355843190097396,0.15127862989902496
12,390,2,0.01,36,0.9303019046783447,0.080274298787117,0.28332719387153255,0.10580729693174362
12,390,2,0.01,37,0.9312708973884583,0.0791582316160202,0.28135072705792,0.1622307449579239
12,390,2,0.01,38,0.9309170246124268,0.07956581562757492,0.2820741314399017,0.0987781435251236
12,390,2,0.01,39,0.9317259192466736,0.07863418757915497,0.28041788027719444,0.11591949313879013
12,390,2,0.01,40,0.9317069053649902,0.07865605503320694,0.2804568684008415,0.1532052755355835
12,390,2,0.01,41,0.9286636114120483,0.08216115832328796,0.2866376777803085,0.14942093193531036
12,390,2,0.01,42,0.9313609004020691,0.07905459403991699,0.28116648811676864,0.11369865387678146
12,390,2,0.01,43,0.93319171667099,0.0769459679722786,0.2773913624687665,0.11440563201904297
12,390,2,0.01,44,0.9301312565803528,0.08047085255384445,0.2836738489072344,0.11954329907894135
12,390,2,0.01,45,0.9327370524406433,0.0774696096777916,0.2783336301595472,0.10256466269493103
12,390,2,0.01,46,0.9315956830978394,0.07878416031599045,0.2806851622654651,0.1707691252231598
12,390,2,0.01,47,0.9291056394577026,0.08165211230516434,0.2857483373620297,0.15803101658821106
12,390,2,0.01,48,0.9320665597915649,0.07824188470840454,0.2797175087626882,0.2474750578403473
12,390,2,0.01,49,0.9309816360473633,0.07949137687683105,0.28194215164964437,0.11575997620820999
12,390,2,0.01,50,0.9315475225448608,0.07883962988853455,0.2807839558958712,0.14284387230873108
12,390,2,0.01,51,0.932070791721344,0.07823695987462997,0.27970870539657855,0.1366467922925949
12,390,2,0.01,52,0.9326319694519043,0.07759065181016922,0.2785509860154317,0.09593162685632706
12,390,2,0.01,53,0.9334141612052917,0.07668974995613098,0.27692914248256895,0.11302763223648071
12,390,2,0.01,54,0.9331223368644714,0.0770258903503418,0.2775353857625038,0.10348144918680191
12,390,2,0.01,55,0.9325639009475708,0.07766901701688766,0.2786916163376424,0.10123762488365173
12,390,2,0.01,56,0.9319771528244019,0.07834483683109283,0.27990147700770146,0.10257279872894287
12,390,2,0.01,57,0.9322883486747742,0.07798638939857483,0.27926043292699887,0.08093010634183884
12,390,2,0.01,58,0.9334118366241455,0.07669247686862946,0.2769340659229728,0.08837663382291794
12,390,2,0.01,59,0.9323297142982483,0.07793878018856049,0.27917517831741506,0.09420350939035416
12,390,2,0.01,60,0.9308644533157349,0.07962638884782791,0.28218148211359995,0.11580753326416016
12,390,2,0.01,61,0.9326770305633545,0.07753873616456985,0.27845778165562163,0.09525421261787415
12,390,2,0.01,62,0.9307483434677124,0.07976014167070389,0.28241838054684737,0.09602095931768417
12,390,2,0.01,63,0.9295921325683594,0.08109176903963089,0.28476616554575246,0.09382914751768112
12,390,2,0.01,64,0.9312856793403625,0.07914122194051743,0.28132049683682386,0.08513238281011581
12,390,2,0.01,65,0.9325776100158691,0.07765323668718338,0.2786633034455441,0.11023040115833282
12,390,2,0.01,66,0.9297329187393188,0.08092960715293884,0.28448129490871427,0.07716921716928482
12,390,2,0.01,67,0.931329071521759,0.07909125089645386,0.2812316676628965,0.09583117067813873
12,390,2,0.01,68,0.9293676614761353,0.08135032653808594,0.2852197863719941,0.08619104325771332
12,390,2,0.01,69,0.9321529865264893,0.07814232259988785,0.2795394830786661,0.13448895514011383
12,390,2,0.01,70,0.9312633275985718,0.07916700094938278,0.281366310970917,0.1182820126414299
12,390,2,0.01,71,0.9321017265319824,0.07820136845111847,0.27964507585709153,0.09084958583116531
12,390,2,0.01,72,0.9321824908256531,0.07810831815004349,0.2794786541939178,0.10900720953941345
12,390,2,0.01,73,0.9320555925369263,0.07825447618961334,0.27974001535285103,0.12228158116340637
12,390,2,0.01,74,0.9320075511932373,0.0783097892999649,0.2798388630979709,0.11598030477762222
12,390,2,0.01,75,0.928612232208252,0.08222033083438873,0.28674087750857696,0.1043863371014595
12,390,2,0.01,76,0.9316843152046204,0.07868213206529617,0.2805033548200381,0.09501529484987259
12,390,2,0.01,77,0.9296513795852661,0.08102352172136307,0.2846463098678131,0.14625868201255798
12,390,2,0.01,78,0.929939866065979,0.08069127798080444,0.28406210233117063,0.1041785404086113
12,390,2,0.01,79,0.9323855638504028,0.07787446677684784,0.27905996985746245,0.08388350158929825
12,390,2,0.01,80,0.9326122999191284,0.07761327922344208,0.2785915993411181,0.12381245195865631
12,390,2,0.01,81,0.9260842800140381,0.0851319432258606,0.2917737877635011,0.09446664154529572
12,390,2,0.01,82,0.9297982454299927,0.08085434883832932,0.28434899127362717,0.14262764155864716
12,390,2,0.01,83,0.9341861605644226,0.07580062747001648,0.2753191374932307,0.10538645833730698
12,390,2,0.01,84,0.9351230263710022,0.07472158223390579,0.2733524871551488,0.07589101791381836
12,390,2,0.01,85,0.9343159198760986,0.07565120607614517,0.2750476432841139,0.07559331506490707
12,390,2,0.01,86,0.9273638725280762,0.0836581289768219,0.2892371500634417,0.11304046958684921
12,390,2,0.01,87,0.9310451149940491,0.07941828668117523,0.28181250270556707,0.0770946815609932
12,390,2,0.01,88,0.9370344281196594,0.07252012938261032,0.26929561708763533,0.07777982205152512
12,390,2,0.01,89,0.9362128973007202,0.07346634566783905,0.2710467591908065,0.10472646355628967
12,390,2,0.01,90,0.9428274035453796,0.06584812700748444,0.25660889892496797,0.08877568691968918
12,390,2,0.01,91,0.9314964413642883,0.07889848202466965,0.28088873602312653,0.08433226495981216
12,390,2,0.01,92,0.9372664093971252,0.07225294411182404,0.2687990775873757,0.1148369088768959
12,390,2,0.01,93,0.9323967695236206,0.07786154747009277,0.2790368209933821,0.11236715316772461
12,390,2,0.01,94,0.9288857579231262,0.08190535753965378,0.2861911206513119,0.06899640709161758
12,390,2,0.01,95,0.9304741621017456,0.08007590472698212,0.2829768625293985,0.07933811843395233
12,390,2,0.01,96,0.9302469491958618,0.08033756911754608,0.2834388278227704,0.07723304629325867
12,390,2,0.01,97,0.9281488656997681,0.08275403827428818,0.287670016293475,0.09442933648824692
12,390,2,0.01,98,0.9333013892173767,0.07681962847709656,0.27716354103145774,0.0849289819598198
12,390,2,0.01,99,0.9231852293014526,0.08847089856863022,0.297440579895599,0.15054306387901306
12,390,2,0.01,100,0.9416436553001404,0.06721151620149612,0.25925183934062285,0.06612520664930344
13,390,2,0.01,1,0.9102870225906372,0.10332631319761276,0.32144410586852074,0.3583628535270691
13,390,2,0.01,2,0.9117988348007202,0.10158506035804749,0.31872411323595756,0.2719782888889313
13,390,2,0.01,3,0.91402667760849,0.09901914745569229,0.31467308028443153,0.2052275836467743
13,390,2,0.01,4,0.916050910949707,0.09668777883052826,0.31094658517264384,0.1808466762304306
13,390,2,0.01,5,0.9165377020835876,0.09612712264060974,0.3100437431083068,0.16921627521514893
13,390,2,0.01,6,0.9190678000450134,0.09321307390928268,0.3053081622054718,0.18520182371139526
13,390,2,0.01,7,0.9180174469947815,0.0944228321313858,0.3072829837973229,0.14853835105895996
13,390,2,0.01,8,0.9208435416221619,0.09116789698600769,0.3019402208815641,0.15345695614814758
13,390,2,0.01,9,0.91961270570755,0.09258551895618439,0.3042786863324219,0.16110022366046906
13,390,2,0.01,10,0.9209103584289551,0.09109090268611908,0.30181269470669897,0.10229457169771194
13,390,2,0.01,11,0.9216293096542358,0.09026292711496353,0.3004378922755309,0.21851323544979095
13,390,2,0.01,12,0.9227074980735779,0.08902107179164886,0.2983639921164229,0.12981323897838593
13,390,2,0.01,13,0.9208743572235107,0.09113237261772156,0.3018813883261463,0.1341792196035385
13,390,2,0.01,14,0.9223787784576416,0.08939973264932632,0.29899788067698124,0.16912023723125458
13,390,2,0.01,15,0.9199015498161316,0.09225279837846756,0.30373145767020504,0.121932752430439
13,390,2,0.01,16,0.9220545291900635,0.08977315574884415,0.2996216877144312,0.15080206096172333
13,390,2,0.01,17,0.9216330647468567,0.09025856852531433,0.3004306384597189,0.19582048058509827
13,390,2,0.01,18,0.9223538637161255,0.0894283875823021,0.2990457951255996,0.10033915936946869
13,390,2,0.01,19,0.9221516847610474,0.08966121077537537,0.29943481890951723,0.09971341490745544
13,390,2,0.01,20,0.9235886335372925,0.08800622075796127,0.296658424383939,0.12270528823137283
13,390,2,0.01,21,0.9214559197425842,0.0904625877737999,0.30076999147820566,0.12066616117954254
13,390,2,0.01,22,0.9229398369789124,0.08875351399183273,0.29791527988982497,0.12947319447994232
13,390,2,0.01,23,0.9236785769462585,0.08790264278650284,0.29648379852279083,0.10051187872886658
13,390,2,0.01,24,0.9245360493659973,0.08691509813070297,0.2948136667976961,0.09780482947826385
13,390,2,0.01,25,0.9252939224243164,0.08604221791028976,0.2933295380801084,0.09125316143035889
13,390,2,0.01,26,0.9240391254425049,0.08748739957809448,0.29578268978778066,0.0935143530368805
13,390,2,0.01,27,0.9251593351364136,0.08619720488786697,0.2935936049846232,0.1274692714214325
13,390,2,0.01,28,0.9250457882881165,0.08632797747850418,0.2938162307948698,0.1394689977169037
13,390,2,0.01,29,0.926755964756012,0.0843583270907402,0.2904450500365606,0.12092308700084686
13,390,2,0.01,30,0.9261596202850342,0.08504512161016464,0.2916249673984802,0.10414803773164749
13,390,2,0.01,31,0.9256054759025574,0.08568337559700012,0.29271722804952927,0.14366546273231506
13,390,2,0.01,32,0.9266772866249084,0.08444894105195999,0.2906009997435659,0.1074535995721817
13,390,2,0.01,33,0.9253222942352295,0.08600953966379166,0.29327383051304057,0.104746975004673
13,390,2,0.01,34,0.92457515001297,0.08687002956867218,0.2947372212135281,0.10743041336536407
13,390,2,0.01,35,0.9263833165168762,0.08478747308254242,0.29118288597124387,0.14827747642993927
13,390,2,0.01,36,0.926098644733429,0.08511536568403244,0.29174537817081597,0.10269735008478165
13,390,2,0.01,37,0.9285936951637268,0.08224169909954071,0.28677813567205696,0.12429986894130707
13,390,2,0.01,38,0.9275607466697693,0.08343140780925751,0.28884495461970167,0.09922753274440765
13,390,2,0.01,39,0.929852306842804,0.0807921290397644,0.2842395627631108,0.11453323811292648
13,390,2,0.01,40,0.9256259202957153,0.08565985411405563,0.29267704746709405,0.1278676986694336
13,390,2,0.01,41,0.9284566044807434,0.0823996290564537,0.2870533557658814,0.08452672511339188
13,390,2,0.01,42,0.9275175929069519,0.08348111808300018,0.2889309919046418,0.08840504288673401
13,390,2,0.01,43,0.9254245758056641,0.08589167892932892,0.29307282188788664,0.10857647657394409
13,390,2,0.01,44,0.9274721741676331,0.0835333988070488,0.289021450427211,0.1323523074388504
13,390,2,0.01,45,0.9139532446861267,0.09910374134778976,0.3148074671093266,0.24411740899085999
13,390,2,0.01,46,0.9291757345199585,0.08157138526439667,0.285607046944568,0.08907464146614075
13,390,2,0.01,47,0.9298174977302551,0.08083222806453705,0.2843100913870928,0.0989171639084816
13,390,2,0.01,48,0.9313395619392395,0.07907918840646744,0.28121022102062265,0.0906480997800827
13,390,2,0.01,49,0.9307721257209778,0.0797327384352684,0.28236986106039785,0.08514691144227982
13,390,2,0.01,50,0.93001389503479,0.08060600608587265,0.28391196890210996,0.10204577445983887
13,390,2,0.01,51,0.9280949234962463,0.08281616866588593,0.2877779850264539,0.0897524431347847
13,390,2,0.01,52,0.9263853430747986,0.08478513360023499,0.2911788687391909,0.13248147070407867
13,390,2,0.01,53,0.9321618676185608,0.07813208550214767,0.27952117183166586,0.09682302922010422
13,390,2,0.01,54,0.9338492751121521,0.07618862390518188,0.27602286844604357,0.08242032676935196
13,390,2,0.01,55,0.9303985834121704,0.08016293495893478,0.28313059700239884,0.09454723447561264
13,390,2,0.01,56,0.9282175302505493,0.08267498761415482,0.2875325853084391,0.08429642021656036
13,390,2,0.01,57,0.9311016201972961,0.07935323566198349,0.2816970636374889,0.11471865326166153
13,390,2,0.01,58,0.9319882392883301,0.07833210378885269,0.2798787305045753,0.06785888969898224
13,390,2,0.01,59,0.9358115196228027,0.07392866164445877,0.2718982560526249,0.08869636058807373
13,390,2,0.01,60,0.9316790103912354,0.07868824899196625,0.2805142580903264,0.12397533655166626
13,390,2,0.01,61,0.936825692653656,0.07276055216789246,0.2697416396626454,0.09732889384031296
13,390,2,0.01,62,0.9369505047798157,0.0726168230175972,0.2694750879350394,0.0894160270690918
13,390,2,0.01,63,0.9404168725013733,0.06862443685531616,0.2619626630940298,0.1987673044204712
13,390,2,0.01,64,0.9419054985046387,0.06690995395183563,0.25866958451243477,0.11422146111726761
13,390,2,0.01,65,0.9330847263336182,0.07706919312477112,0.27761338787020184,0.07942311465740204
13,390,2,0.01,66,0.941433846950531,0.06745313853025436,0.2597174205367333,0.10196073353290558
13,390,2,0.01,67,0.9411792755126953,0.06774634122848511,0.2602812732958042,0.08337055146694183
13,390,2,0.01,68,0.938941240310669,0.07032398879528046,0.2651867055402296,0.0773409903049469
13,390,2,0.01,69,0.9383600354194641,0.07099341601133347,0.26644589696847176,0.08704373985528946
13,390,2,0.01,70,0.9441444873809814,0.06433115899562836,0.25363587876250543,0.07308906316757202
13,390,2,0.01,71,0.9348249435424805,0.07506487518548965,0.27397969849149345,0.07611697167158127
13,390,2,0.01,72,0.9389692544937134,0.07029169797897339,0.26512581537634805,0.15856708586215973
13,390,2,0.01,73,0.9388045072555542,0.07048146426677704,0.26548345384746114,0.09791392087936401
13,390,2,0.01,74,0.9438665509223938,0.06465128064155579,0.25426616102335714,0.08911040425300598
13,390,2,0.01,75,0.943489670753479,0.06508538126945496,0.25511836717385705,0.06375937163829803
13,390,2,0.01,76,0.9315742254257202,0.07880888134241104,0.2807291957428209,0.1213095635175705
13,390,2,0.01,77,0.9391303658485413,0.07010616362094879,0.2647756854791406,0.08217404782772064
13,390,2,0.01,78,0.9440193176269531,0.06447537988424301,0.25392002655214696,0.10362564772367477
13,390,2,0.01,79,0.9465985894203186,0.06150466948747635,0.24800134976946467,0.06854100525379181
13,390,2,0.01,80,0.931230902671814,0.07920432090759277,0.28143262232298655,0.0898013636469841
13,390,2,0.01,81,0.9423825144767761,0.06636052578687668,0.2576053683192116,0.12212081998586655
13,390,2,0.01,82,0.9400657415390015,0.06902885437011719,0.2627334283453805,0.0995735451579094
13,390,2,0.01,83,0.9461653828620911,0.062003638595342636,0.24900529832785212,0.08066850900650024
13,390,2,0.01,84,0.9504821300506592,0.057031888514757156,0.2388135015336385,0.05879665166139603
13,390,2,0.01,85,0.9297777414321899,0.08087800443172455,0.2843905842880958,0.09673131257295609
13,390,2,0.01,86,0.9327225685119629,0.0774862989783287,0.27836360929246606,0.06582016497850418
13,390,2,0.01,87,0.9494097232818604,0.058267027139663696,0.24138563987872952,0.0731176808476448
13,390,2,0.01,88,0.9473043084144592,0.060691896826028824,0.24635725446194764,0.08921941369771957
13,390,2,0.01,89,0.9433248043060303,0.06527525931596756,0.25549023330837434,0.0915135070681572
13,390,2,0.01,90,0.9505413174629211,0.0569637157022953,0.23867072652986857,0.08107678592205048
13,390,2,0.01,91,0.9385449290275574,0.07078046351671219,0.26604598007997077,0.0916551798582077
13,390,2,0.01,92,0.9357596039772034,0.0739884227514267,0.27200812993626994,0.08682297170162201
13,390,2,0.01,93,0.933087944984436,0.07706548273563385,0.27760670513450114,0.086855947971344
13,390,2,0.01,94,0.9381073117256165,0.0712844729423523,0.26699152222936273,0.07260608673095703
13,390,2,0.01,95,0.9309154748916626,0.07956761121749878,0.2820773142553275,0.08316311985254288
13,390,2,0.01,96,0.9401090741157532,0.06897895038127899,0.26263844041053663,0.10184772312641144
13,390,2,0.01,97,0.9325792789459229,0.07765132933855057,0.2786598811069698,0.07858139276504517
13,390,2,0.01,98,0.9376869201660156,0.0717686340212822,0.26789668534956196,0.07493504881858826
13,390,2,0.01,99,0.931367814540863,0.07904664427042007,0.2811523506400401,0.09366825968027115
13,390,2,0.01,100,0.9442482590675354,0.0642116442322731,0.253400166204115,0.07113347202539444
14,390,2,0.01,1,0.9007764458656311,0.11428003758192062,0.3380533058290077,0.4661678075790405
14,390,2,0.01,2,0.9100590348243713,0.10358887165784836,0.32185225128597184,0.23657898604869843
14,390,2,0.01,3,0.9179348945617676,0.09451790153980255,0.3074376384566512,0.16298925876617432
14,390,2,0.01,4,0.9160128831863403,0.09673158824443817,0.3110170224351686,0.19644059240818024
14,390,2,0.01,5,0.9183331727981567,0.09405922889709473,0.30669077080521145,0.18834419548511505
14,390,2,0.01,6,0.9207308292388916,0.0912976786494255,0.30215505729579556,0.17689678072929382
14,390,2,0.01,7,0.9221518635749817,0.08966104686260223,0.2994345452057966,0.17088961601257324
14,390,2,0.01,8,0.9213271141052246,0.09061095863580704,0.30101654212984214,0.16919007897377014
14,390,2,0.01,9,0.9232760071754456,0.0883663073182106,0.2972647091704809,0.15715715289115906
14,390,2,0.01,10,0.9223855137825012,0.08939191699028015,0.2989848106347213,0.1670752912759781
14,390,2,0.01,11,0.922355055809021,0.08942703157663345,0.299043527896247,0.1522917002439499
14,390,2,0.01,12,0.921144962310791,0.09082070738077164,0.3013647414359743,0.13089889287948608
14,390,2,0.01,13,0.9191093444824219,0.09316520392894745,0.3052297559690854,0.14698664844036102
14,390,2,0.01,14,0.9209820032119751,0.09100846201181412,0.30167608790193184,0.1457553207874298
14,390,2,0.01,15,0.9198992848396301,0.09225543588399887,0.3037357994771095,0.1769438087940216
14,390,2,0.01,16,0.9183333516120911,0.09405896812677383,0.3066903456693312,0.12208478897809982
14,390,2,0.01,17,0.9185740351676941,0.09378178417682648,0.30623811679284224,0.15526029467582703
14,390,2,0.01,18,0.9174955487251282,0.09502395242452621,0.3082595536630231,0.14318345487117767
14,390,2,0.01,19,0.9170961380004883,0.09548391401767731,0.3090047152029841,0.13270176947116852
14,390,2,0.01,20,0.916140615940094,0.09658443182706833,0.3107803594615791,0.17205384373664856
14,390,2,0.01,21,0.917049765586853,0.09553734958171844,0.309091167104009,0.1558251678943634
14,390,2,0.01,22,0.9151683449745178,0.09770427644252777,0.31257683286278237,0.1576511114835739
14,390,2,0.01,23,0.9133100509643555,0.0998445600271225,0.31598189825862255,0.15552601218223572
14,390,2,0.01,24,0.9157780408859253,0.0970020592212677,0.31145153591091457,0.13256129622459412
14,390,2,0.01,25,0.9164741039276123,0.0962003841996193,0.31016186773944227,0.12053465843200684
14,390,2,0.01,26,0.9162573218345642,0.09645001590251923,0.3105640286680337,0.09893745929002762
14,390,2,0.01,27,0.9151573181152344,0.09771697223186493,0.3125971404729495,0.10901878029108047
14,390,2,0.01,28,0.914442777633667,0.09853992611169815,0.313910697670051,0.11752533167600632
14,390,2,0.01,29,0.9143398404121399,0.098658487200737,0.3140994861516602,0.16078075766563416
14,390,2,0.01,30,0.9153432846069336,0.09750280529260635,0.31225439195086807,0.13884897530078888
14,390,2,0.01,31,0.9128232598304749,0.10040519386529922,0.3168677860958719,0.17179349064826965
14,390,2,0.01,32,0.9139878749847412,0.09906388074159622,0.3147441512428725,0.12743373215198517
14,390,2,0.01,33,0.9171056151390076,0.09547299891710281,0.30898705299268253,0.1165587306022644
14,390,2,0.01,34,0.9157505035400391,0.09703375399112701,0.31150241410160373,0.08310260623693466
14,390,2,0.01,35,0.9190167784690857,0.09327182918787003,0.30540436995542486,0.11378838121891022
14,390,2,0.01,36,0.9163203239440918,0.09637745469808578,0.3104471850381088,0.09290417283773422
14,390,2,0.01,37,0.9183430075645447,0.09404784440994263,0.306672210038573,0.10038439184427261
14,390,2,0.01,38,0.9162111878395081,0.09650319814682007,0.31064963889697356,0.1248333603143692
14,390,2,0.01,39,0.918026328086853,0.09441263973712921,0.3072663986464013,0.15823829174041748
14,390,2,0.01,40,0.9174872040748596,0.09503351897001266,0.3082750703025022,0.10509809851646423
14,390,2,0.01,41,0.9133272767066956,0.0998247042298317,0.3159504774958121,0.11708031594753265
14,390,2,0.01,42,0.9181334972381592,0.09428916126489639,0.3070654022596756,0.11987292021512985
14,390,2,0.01,43,0.91858971118927,0.09376373887062073,0.30620865250776425,0.1135168969631195
14,390,2,0.01,44,0.9183271527290344,0.09406610578298569,0.3067019820330245,0.1015932634472847
14,390,2,0.01,45,0.9164190888404846,0.09626373648643494,0.310263978712378,0.13699515163898468
14,390,2,0.01,46,0.9196183681488037,0.0925789475440979,0.30426788779642505,0.10482171177864075
14,390,2,0.01,47,0.9203854203224182,0.09169555455446243,0.30281273842832707,0.1208338513970375
14,390,2,0.01,48,0.921593189239502,0.09030447155237198,0.30050702413150343,0.10855964571237564
14,390,2,0.01,49,0.9207515716552734,0.09127381443977356,0.3021155647095554,0.09882932156324387
14,390,2,0.01,50,0.918788492679596,0.09353477507829666,0.3058345550756105,0.10204793512821198
14,390,2,0.01,51,0.9176555871963501,0.09483960270881653,0.3079603914610068,0.08960312604904175
14,390,2,0.01,52,0.9203578233718872,0.09172730892896652,0.30286516625218973,0.12204476445913315
14,390,2,0.01,53,0.9224526286125183,0.08931462466716766,0.298855524739242,0.08954989165067673
14,390,2,0.01,54,0.9204643964767456,0.0916045755147934,0.3026624778772443,0.08938606828451157
14,390,2,0.01,55,0.9182518720626831,0.09415280818939209,0.3068432958195308,0.11537843197584152
14,390,2,0.01,56,0.9203550219535828,0.09173055738210678,0.3028705290748949,0.09229835122823715
14,390,2,0.01,57,0.9195144772529602,0.09269862622022629,0.3044644909020201,0.13229066133499146
14,390,2,0.01,58,0.9221374988555908,0.089677594602108,0.29946217557833243,0.09914238750934601
14,390,2,0.01,59,0.9222075343132019,0.0895969495177269,0.2993274954255404,0.09044495970010757
14,390,2,0.01,60,0.9222036004066467,0.08960144221782684,0.29933499998801816,0.0802392065525055
14,390,2,0.01,61,0.9216976761817932,0.09018413722515106,0.3003067385610104,0.11651716381311417
14,390,2,0.01,62,0.9230247139930725,0.08865576237440109,0.2977511752695547,0.12280388176441193
14,390,2,0.01,63,0.9210553765296936,0.09092389792203903,0.30153589823110455,0.09922358393669128
14,390,2,0.01,64,0.917716383934021,0.09476955235004425,0.30784663771112436,0.20877991616725922
14,390,2,0.01,65,0.9216108322143555,0.09028415381908417,0.30047321647541925,0.09762056916952133
14,390,2,0.01,66,0.9233711957931519,0.08825665712356567,0.29708022001399836,0.08426109701395035
14,390,2,0.01,67,0.9207288026809692,0.09130002558231354,0.3021589409273099,0.08374299854040146
14,390,2,0.01,68,0.923408567905426,0.08821363002061844,0.29700779454522475,0.10114984959363937
14,390,2,0.01,69,0.923262357711792,0.0883820503950119,0.29729118788657677,0.10112674534320831
14,390,2,0.01,70,0.9233452677726746,0.08828654885292053,0.29713052494302994,0.12797406315803528
14,390,2,0.01,71,0.9220545291900635,0.08977311849594116,0.29962162554785854,0.20160625874996185
14,390,2,0.01,72,0.9215628504753113,0.09033944457769394,0.30056520852835567,0.10179245471954346
14,390,2,0.01,73,0.9238974452018738,0.0876506119966507,0.2960584604375472,0.0790858343243599
14,390,2,0.01,74,0.9230141639709473,0.0886678695678711,0.2977715056345571,0.08089660853147507
14,390,2,0.01,75,0.9219747185707092,0.08986508846282959,0.29977506311037544,0.07678963989019394
14,390,2,0.01,76,0.9209144115447998,0.09108623117208481,0.3018049555128027,0.08839856833219528
14,390,2,0.01,77,0.9228460788726807,0.08886150270700455,0.2980964654386304,0.07666794955730438
14,390,2,0.01,78,0.9231225252151489,0.08854305744171143,0.297561854816291,0.07809686660766602
14,390,2,0.01,79,0.9215565323829651,0.09034670144319534,0.30057728031771686,0.07968969643115997
14,390,2,0.01,80,0.9219322204589844,0.08991401642560959,0.29985665979866044,0.07911977171897888
14,390,2,0.01,81,0.9217242002487183,0.09015359729528427,0.300255886362423,0.14556622505187988
14,390,2,0.01,82,0.9216091632843018,0.09028612822294235,0.30047650194805975,0.08809073269367218
14,390,2,0.01,83,0.9226967096328735,0.08903354406356812,0.2983848924854744,0.07586771249771118
14,390,2,0.01,84,0.9235213994979858,0.08808369934558868,0.29678898117280006,0.07436085492372513
14,390,2,0.01,85,0.9240820407867432,0.08743800222873688,0.29569917522498584,0.07225928455591202
14,390,2,0.01,86,0.9226308465003967,0.08910936862230301,0.2985119237523068,0.08092383295297623
14,390,2,0.01,87,0.9225939512252808,0.08915186673402786,0.2985830985404697,0.1269829124212265
14,390,2,0.01,88,0.9294391870498657,0.08126793056726456,0.28507530683534227,0.10393407940864563
14,390,2,0.01,89,0.9247152209281921,0.08670870214700699,0.2944634139362766,0.0772206038236618
14,390,2,0.01,90,0.9240728616714478,0.08744853734970093,0.2957169886051543,0.07422016561031342
14,390,2,0.01,91,0.9218950271606445,0.0899568572640419,0.2999280868208943,0.1178777888417244
14,390,2,0.01,92,0.9223957061767578,0.0893801897764206,0.29896519826966583,0.1394863724708557
14,390,2,0.01,93,0.925401508808136,0.08591829240322113,0.29311822257106623,0.09275390207767487
14,390,2,0.01,94,0.9207288026809692,0.09130002558231354,0.3021589409273099,0.10169937461614609
14,390,2,0.01,95,0.925138533115387,0.08622118830680847,0.293634446730639,0.10107036679983139
14,390,2,0.01,96,0.9233487248420715,0.08828260004520416,0.2971238799645767,0.13007286190986633
14,390,2,0.01,97,0.9267005324363708,0.08442211896181107,0.2905548467360527,0.0713857039809227
14,390,2,0.01,98,0.9261060953140259,0.08510676771402359,0.29173064239812657,0.09651663899421692
14,390,2,0.01,99,0.9263848066329956,0.08478574454784393,0.2911799178306154,0.0854896828532219
14,390,2,0.01,100,0.9281454086303711,0.08275800943374634,0.28767691849320537,0.07366935908794403
15,390,2,0.01,1,0.9028528332710266,0.11188855022192001,0.3344974592159409,0.58636474609375
15,390,2,0.01,2,0.917881965637207,0.09457889199256897,0.30753681404438227,0.3277004063129425
15,390,2,0.01,3,0.9222447276115417,0.08955409377813339,0.29925590015592574,0.21443365514278412
15,390,2,0.01,4,0.9175897836685181,0.09491539001464844,0.30808341405315615,0.24454069137573242
15,390,2,0.01,5,0.9227584600448608,0.08896242082118988,0.29826568830690176,0.18208609521389008
15,390,2,0.01,6,0.9215152859687805,0.09039421379566193,0.3006563050987987,0.16556954383850098
15,390,2,0.01,7,0.9225063323974609,0.0892527848482132,0.29875204576406367,0.1670914888381958
15,390,2,0.01,8,0.9194443821907043,0.09277936816215515,0.3045970586892709,0.1513907015323639
15,390,2,0.01,9,0.9175361394882202,0.09497719258069992,0.3081836994078368,0.1865609735250473
15,390,2,0.01,10,0.9207666516304016,0.09125645458698273,0.30208683285933324,0.1370234340429306
15,390,2,0.01,11,0.9204628467559814,0.09160638600587845,0.3026654688032291,0.13491609692573547
15,390,2,0.01,12,0.9210609793663025,0.0909174382686615,0.30152518678986256,0.14598095417022705
15,390,2,0.01,13,0.924667477607727,0.08676367253065109,0.29455673906847063,0.17772580683231354
15,390,2,0.01,14,0.9236166477203369,0.08797397464513779,0.2966040705134334,0.14495600759983063
15,390,2,0.01,15,0.9250457882881165,0.08632797002792358,0.29381621811588887,0.17354167997837067
15,390,2,0.01,16,0.9211492538452148,0.09081581234931946,0.3013566198863391,0.13201668858528137
15,390,2,0.01,17,0.9230251908302307,0.08865520358085632,0.29775023691150326,0.1496102213859558
15,390,2,0.01,18,0.9228392839431763,0.08886934071779251,0.29810961191781876,0.11076989024877548
15,390,2,0.01,19,0.9205436706542969,0.0915132686495781,0.30251160085123696,0.09643294662237167
15,390,2,0.01,20,0.9201741814613342,0.0919388011097908,0.30321411759644507,0.16699343919754028
15,390,2,0.01,21,0.9231323003768921,0.08853182196617126,0.29754297499045623,0.18253464996814728
15,390,2,0.01,22,0.9233880639076233,0.08823724836111069,0.29704755235670716,0.12128394097089767
15,390,2,0.01,23,0.9242516160011292,0.08724267780780792,0.29536871501194556,0.119803786277771
15,390,2,0.01,24,0.9247484803199768,0.0866704136133194,0.29439839268127704,0.11012884974479675
15,390,2,0.01,25,0.9241096377372742,0.08740618079900742,0.2956453632293384,0.11097457259893417
15,390,2,0.01,26,0.9234882593154907,0.08812189102172852,0.2968533156657148,0.11850154399871826
15,390,2,0.01,27,0.9250160455703735,0.08636221289634705,0.2938744849359111,0.1356472373008728
15,390,2,0.01,28,0.920465350151062,0.09160344302654266,0.3026606069949353,0.19495384395122528
15,390,2,0.01,29,0.9246883392333984,0.08673970401287079,0.2945160505182541,0.1399783343076706
15,390,2,0.01,30,0.9225947260856628,0.08915097266435623,0.29858160134937356,0.12078826129436493
15,390,2,0.01,31,0.9255039691925049,0.08580025285482407,0.2929168019332863,0.1376112997531891
15,390,2,0.01,32,0.9247609376907349,0.08665604889392853,0.2943739949348932,0.1566668450832367
15,390,2,0.01,33,0.9270614385604858,0.08400649577379227,0.28983874098158835,0.15040583908557892
15,390,2,0.01,34,0.9260035753250122,0.08522486686706543,0.2919329835203029,0.1474180966615677
15,390,2,0.01,35,0.9261947870254517,0.08500463515520096,0.2915555438594865,0.1497899442911148
15,390,2,0.01,36,0.9252117872238159,0.08613678067922592,0.29349068244021975,0.1009947806596756
15,390,2,0.01,37,0.9272395372390747,0.08380135148763657,0.2894846308314771,0.14417792856693268
15,390,2,0.01,38,0.9264081716537476,0.08475884795188904,0.29113372864010284,0.17846612632274628
15,390,2,0.01,39,0.9214869737625122,0.09042684733867645,0.30071057071322993,0.23715192079544067
15,390,2,0.01,40,0.9247926473617554,0.08661952614784241,0.2943119537970594,0.10841058939695358
15,390,2,0.01,41,0.9259488582611084,0.0852879136800766,0.292040945211586,0.0990462526679039
15,390,2,0.01,42,0.9268926382064819,0.08420088142156601,0.2901738813566204,0.13976359367370605
15,390,2,0.01,43,0.9283734560012817,0.08249539136886597,0.2872201096178086,0.09638838469982147
15,390,2,0.01,44,0.9263930916786194,0.08477623015642166,0.2911635797218149,0.11399168521165848
15,390,2,0.01,45,0.927476704120636,0.08352820575237274,0.2890124664307281,0.12013004720211029
15,390,2,0.01,46,0.9244792461395264,0.08698046207427979,0.2949245023294602,0.12750864028930664
15,390,2,0.01,47,0.9257625341415405,0.08550246804952621,0.2924080505894566,0.13138706982135773
15,390,2,0.01,48,0.9281458258628845,0.08275751769542694,0.2876760638207964,0.1170581802725792
15,390,2,0.01,49,0.9282845854759216,0.08259771764278412,0.2873981865683639,0.10003514587879181
15,390,2,0.01,50,0.9294003844261169,0.08131260424852371,0.2851536502458345,0.10199201107025146
15,390,2,0.01,51,0.9266614317893982,0.08446719497442245,0.29063240523799555,0.10669855028390884
15,390,2,0.01,52,0.928027868270874,0.08289343118667603,0.28791219353593905,0.09204582870006561
15,390,2,0.01,53,0.926268458366394,0.08491978049278259,0.2914099869475694,0.11775881052017212
15,390,2,0.01,54,0.9250696897506714,0.08630044013261795,0.29376936554484023,0.09758283197879791
15,390,2,0.01,55,0.9290000796318054,0.08177368342876434,0.28596098235382456,0.08586020767688751
15,390,2,0.01,56,0.9269484281539917,0.08413662016391754,0.2900631313419848,0.12929487228393555
15,390,2,0.01,57,0.9286115169525146,0.0822211503982544,0.2867423066069156,0.11160200834274292
15,390,2,0.01,58,0.9279595017433167,0.08297216147184372,0.2880488872949238,0.09786038100719452
15,390,2,0.01,59,0.9293097853660583,0.08141697198152542,0.2853365941857536,0.11826374381780624
15,390,2,0.01,60,0.9258402585983276,0.08541298657655716,0.29225500265445786,0.12865087389945984
15,390,2,0.01,61,0.9291730523109436,0.0815744549036026,0.28561242077963384,0.1518949419260025
15,390,2,0.01,62,0.9293086528778076,0.08141827583312988,0.2853388789371856,0.13237208127975464
15,390,2,0.01,63,0.9297319650650024,0.08093073964118958,0.28448328534588735,0.10683386027812958
15,390,2,0.01,64,0.9294931292533875,0.08120576292276382,0.2849662487431868,0.08493141829967499
15,390,2,0.01,65,0.9290462732315063,0.08172047138214111,0.2858679264662986,0.14621299505233765
15,390,2,0.01,66,0.9306339621543884,0.07989181578159332,0.2826514032896234,0.10511229187250137
15,390,2,0.01,67,0.9301773905754089,0.08041767030954361,0.2835800950517219,0.1431572139263153
15,390,2,0.01,68,0.9306020140647888,0.07992862910032272,0.28271651720464214,0.09095244854688644
15,390,2,0.01,69,0.9306936264038086,0.07982311397790909,0.28252984617188515,0.08540207147598267
15,390,2,0.01,70,0.9306654930114746,0.07985550910234451,0.28258717080282414,0.07828717678785324
15,390,2,0.01,71,0.9300155639648438,0.08060411363840103,0.2839086360757648,0.07532180845737457
15,390,2,0.01,72,0.9302676916122437,0.08031367510557175,0.2833966744786744,0.11313553154468536
15,390,2,0.01,73,0.929565966129303,0.08112189173698425,0.2848190508673608,0.08554299175739288
15,390,2,0.01,74,0.9305319786071777,0.08000929653644562,0.28285914610711393,0.08515419811010361
15,390,2,0.01,75,0.9311827421188354,0.07925979793071747,0.28153116689048385,0.12746562063694
15,390,2,0.01,76,0.9325629472732544,0.0776701346039772,0.2786936213909052,0.07529962062835693
15,390,2,0.01,77,0.9306191802024841,0.07990887016057968,0.28268157025278406,0.110075443983078
15,390,2,0.01,78,0.9302971363067627,0.08027974516153336,0.28333680516574855,0.1091323271393776
15,390,2,0.01,79,0.9330395460128784,0.07712122797966003,0.2777070902581712,0.1159713938832283
15,390,2,0.01,80,0.933132529258728,0.07701413333415985,0.27751420384218145,0.08792563527822495
15,390,2,0.01,81,0.930673360824585,0.07984650135040283,0.28257123234753184,0.10443403571844101
15,390,2,0.01,82,0.932816207408905,0.07737848162651062,0.27816987907843405,0.0793788731098175
15,390,2,0.01,83,0.9324733018875122,0.07777338474988937,0.2788787993912219,0.10149196535348892
15,390,2,0.01,84,0.9320007562637329,0.07831764221191406,0.27985289387804096,0.08160818368196487
15,390,2,0.01,85,0.9331994652748108,0.07693707197904587,0.27737532691111133,0.08372882008552551
15,390,2,0.01,86,0.9331178069114685,0.07703110575675964,0.27754478153400697,0.08289166539907455
15,390,2,0.01,87,0.9340546131134033,0.07595209777355194,0.2755940815285262,0.21888907253742218
15,390,2,0.01,88,0.933447539806366,0.07665131241083145,0.27685973418110377,0.09858214855194092
15,390,2,0.01,89,0.9339200258255005,0.07610711455345154,0.2758751792993555,0.09926678985357285
15,390,2,0.01,90,0.9328989386558533,0.07728318870067596,0.2779985408247244,0.07355402410030365
15,390,2,0.01,91,0.931969404220581,0.07835375517606735,0.27991740777605695,0.10857177525758743
15,390,2,0.01,92,0.9336244463920593,0.07644759118556976,0.2764915752524293,0.08258884400129318
15,390,2,0.01,93,0.935027003288269,0.07483220100402832,0.27355474955487125,0.08045263588428497
15,390,2,0.01,94,0.9318333864212036,0.07851042598485947,0.2801971198725274,0.10356640815734863
15,390,2,0.01,95,0.9331472516059875,0.07699720561504364,0.27748370333236444,0.08709943294525146
15,390,2,0.01,96,0.9331248998641968,0.07702294737100601,0.27753008372247867,0.0770062804222107
15,390,2,0.01,97,0.934101939201355,0.07589760422706604,0.27549519819239326,0.11352943629026413
15,390,2,0.01,98,0.9334874153137207,0.0766054093837738,0.276776822338457,0.0819220319390297
15,390,2,0.01,99,0.932131826877594,0.07816669344902039,0.27958307074824895,0.1390557438135147
15,390,2,0.01,100,0.9337555766105652,0.07629656046628952,0.27621832029445387,0.07786896079778671
16,390,2,0.01,1,0.8999003767967224,0.11528906971216202,0.3395424416949404,0.42855125665664673
16,390,2,0.01,2,0.9087244272232056,0.10512597858905792,0.324231365831651,0.25695693492889404
16,390,2,0.01,3,0.9134537577629089,0.09967905282974243,0.31571989615756313,0.20574113726615906
16,390,2,0.01,4,0.9163435697555542,0.09635067731142044,0.31040405492103423,0.1852567493915558
16,390,2,0.01,5,0.9173288345336914,0.09521593153476715,0.30857078853120096,0.20460525155067444
16,390,2,0.01,6,0.9185536503791809,0.09380528330802917,0.30627648180692746,0.15064013004302979
16,390,2,0.01,7,0.9193289279937744,0.09291233122348785,0.30481524112728986,0.16990981996059418
16,390,2,0.01,8,0.9185625314712524,0.0937950536608696,0.3062597813309309,0.14841026067733765
16,390,2,0.01,9,0.9182199239730835,0.09418966621160507,0.30690334995174795,0.1576494723558426
16,390,2,0.01,10,0.9204809665679932,0.09158544987440109,0.302630880569715,0.15751874446868896
16,390,2,0.01,11,0.9202054738998413,0.09190279245376587,0.3031547335170043,0.12327095121145248
16,390,2,0.01,12,0.9200026988983154,0.09213633090257645,0.3035396694051314,0.14695404469966888
16,390,2,0.01,13,0.9187911152839661,0.0935317650437355,0.305829634018248,0.1431310623884201
16,390,2,0.01,14,0.918206512928009,0.0942050963640213,0.30692848737779505,0.12516258656978607
16,390,2,0.01,15,0.9207131862640381,0.0913180485367775,0.30218876308820203,0.15109533071517944
16,390,2,0.01,16,0.9123700261116028,0.10092717409133911,0.31769037456514027,0.18589159846305847
16,390,2,0.01,17,0.9162679314613342,0.09643780440092087,0.3105443678460791,0.13178221881389618
16,390,2,0.01,18,0.9197314977645874,0.0924486592411995,0.3040537111123617,0.10486876219511032
16,390,2,0.01,19,0.9181596636772156,0.09425904601812363,0.30701636115706216,0.10379437357187271
16,390,2,0.01,20,0.9168366193771362,0.0957828238606453,0.30948800277336325,0.14763060212135315
16,390,2,0.01,21,0.919609785079956,0.0925888791680336,0.30428420788472343,0.13367605209350586
16,390,2,0.01,22,0.9193472862243652,0.092891164124012,0.3047805179535136,0.11439000070095062
16,390,2,0.01,23,0.9214193820953369,0.09050463885068893,0.3008398890617548,0.11547157913446426
16,390,2,0.01,24,0.9199813604354858,0.09216093271970749,0.3035801915799308,0.12286678701639175
16,390,2,0.01,25,0.9193596243858337,0.09287697821855545,0.3047572447351424,0.1154642254114151
16,390,2,0.01,26,0.9173489212989807,0.0951928198337555,0.30853333666519,0.08729125559329987
16,390,2,0.01,27,0.916591227054596,0.0960654765367508,0.30994431199289785,0.12179135531187057
16,390,2,0.01,28,0.9175568222999573,0.09495336562395096,0.30814503991456843,0.11548570543527603
16,390,2,0.01,29,0.9212597012519836,0.09068857133388519,0.30114543219827394,0.10479099303483963
16,390,2,0.01,30,0.9199916124343872,0.09214910864830017,0.3035607165762727,0.11586941033601761
16,390,2,0.01,31,0.9181437492370605,0.09427737444639206,0.30704620897576973,0.11879099160432816
16,390,2,0.01,32,0.9138315916061401,0.0992438793182373,0.31502996574649417,0.16234028339385986
16,390,2,0.01,33,0.9208855628967285,0.09111946076154709,0.3018600019239831,0.09590835869312286
16,390,2,0.01,34,0.9195502996444702,0.09265738725662231,0.30439675960269735,0.10423167049884796
16,390,2,0.01,35,0.9213689565658569,0.09056272357702255,0.3009364111851913,0.08393851667642593
16,390,2,0.01,36,0.9193991422653198,0.09283147007226944,0.30468257264285636,0.12318890541791916
16,390,2,0.01,37,0.9227647185325623,0.08895517885684967,0.298253547936734,0.1352206915616989
16,390,2,0.01,38,0.9221771955490112,0.08963187038898468,0.29938582195719404,0.0868954062461853
16,390,2,0.01,39,0.9231268167495728,0.08853812515735626,0.29755356687049855,0.09105341136455536
16,390,2,0.01,40,0.9226189851760864,0.08912301808595657,0.29853478538682315,0.17751312255859375
16,390,2,0.01,41,0.9224672913551331,0.08929774910211563,0.29882728975466016,0.11340611428022385
16,390,2,0.01,42,0.9220861196517944,0.08973676711320877,0.2995609572577988,0.10727668553590775
16,390,2,0.01,43,0.9217394590377808,0.09013605862855911,0.3002266787421783,0.18204861879348755
16,390,2,0.01,44,0.9261334538459778,0.0850752666592598,0.29167664743558025,0.1264011114835739
16,390,2,0.01,45,0.9218541979789734,0.09000387042760849,0.3000064506433295,0.12110491842031479
16,390,2,0.01,46,0.9239677786827087,0.08756956458091736,0.2959215513965101,0.09049040824174881
16,390,2,0.01,47,0.9257082939147949,0.08556495606899261,0.2925148817906409,0.14765502512454987
16,390,2,0.01,48,0.9238922595977783,0.08765657246112823,0.29606852663045463,0.1339898407459259
16,390,2,0.01,49,0.9249841570854187,0.08639898151159286,0.2939370366449129,0.08373169600963593
16,390,2,0.01,50,0.9244124889373779,0.08705739676952362,0.295054904669493,0.15124639868736267
16,390,2,0.01,51,0.9260340332984924,0.08518975228071213,0.29187283580475953,0.10076549649238586
16,390,2,0.01,52,0.9254240989685059,0.08589223027229309,0.29307376251089606,0.10036271810531616
16,390,2,0.01,53,0.9259993433952332,0.08522971719503403,0.2919412906648082,0.08810892701148987
16,390,2,0.01,54,0.9254151582717896,0.08590255677700043,0.29309137956787545,0.0888732373714447
16,390,2,0.01,55,0.9252206683158875,0.08612656593322754,0.29347327976023224,0.11239888519048691
16,390,2,0.01,56,0.926846444606781,0.08425410836935043,0.29026558247465445,0.10272841900587082
16,390,2,0.01,57,0.9253965020179749,0.08592404425144196,0.293128033888678,0.11504200845956802
16,390,2,0.01,58,0.9258859753608704,0.08536031097173691,0.2921648695030546,0.11293280124664307
16,390,2,0.01,59,0.9252210259437561,0.0861261710524559,0.2934726069882092,0.08104393631219864
16,390,2,0.01,60,0.9257709980010986,0.08549272269010544,0.29239138614211163,0.08608944714069366
16,390,2,0.01,61,0.9258732199668884,0.08537502586841583,0.2921900509401643,0.1273946315050125
16,390,2,0.01,62,0.9254598021507263,0.08585113286972046,0.29300363968681425,0.11793642491102219
16,390,2,0.01,63,0.923736572265625,0.08783584088087082,0.2963711201869555,0.07810160517692566
16,390,2,0.01,64,0.924653172492981,0.08678018301725388,0.2945847637221821,0.12796883285045624
16,390,2,0.01,65,0.9251838326454163,0.08616898208856583,0.2935455366524346,0.10151555389165878
16,390,2,0.01,66,0.9259749054908752,0.08525785803794861,0.29198948275228787,0.10758545994758606
16,390,2,0.01,67,0.9278414249420166,0.08310814946889877,0.2882848408586528,0.07388828694820404
16,390,2,0.01,68,0.929124653339386,0.08163020014762878,0.2857099930832465,0.11039640009403229
16,390,2,0.01,69,0.9259707927703857,0.08526261895895004,0.2919976351941057,0.10483553260564804
16,390,2,0.01,70,0.9280415773391724,0.08287759125232697,0.28788468394884603,0.08329678326845169
16,390,2,0.01,71,0.9287171363830566,0.08209951967000961,0.28653013745504957,0.10932785272598267
16,390,2,0.01,72,0.9257920980453491,0.08546841889619827,0.29234982280856314,0.09112374484539032
16,390,2,0.01,73,0.9285982251167297,0.08223646879196167,0.28676901644348135,0.08314556628465652
16,390,2,0.01,74,0.9285720586776733,0.08226665109395981,0.2868216363769648,0.10558197647333145
16,390,2,0.01,75,0.9279950857162476,0.08293112367391586,0.2879776443995538,0.11081299930810928
16,390,2,0.01,76,0.9288961291313171,0.08189336955547333,0.2861701758665171,0.07439327985048294
16,390,2,0.01,77,0.9281886219978333,0.08270825445652008,0.28759042831172266,0.09743333607912064
16,390,2,0.01,78,0.9283497929573059,0.08252263814210892,0.28726753757100526,0.06794681400060654
16,390,2,0.01,79,0.9289148449897766,0.08187180757522583,0.28613250003315915,0.09418322145938873
16,390,2,0.01,80,0.9267151355743408,0.08440535515546799,0.2905259973831395,0.09731115400791168
16,390,2,0.01,81,0.9226678609848022,0.08906671404838562,0.2984404698568638,0.11267843842506409
16,390,2,0.01,82,0.9263847470283508,0.08478587120771408,0.291180135324706,0.09884461760520935
16,390,2,0.01,83,0.9218950867652893,0.08995679020881653,0.29992797503536833,0.14803114533424377
16,390,2,0.01,84,0.9250845909118652,0.08628332614898682,0.29374023583599645,0.06584499031305313
16,390,2,0.01,85,0.9264670610427856,0.08469104766845703,0.29101726352307183,0.15281812846660614
16,390,2,0.01,86,0.9260650277137756,0.08515410870313644,0.29181176930195335,0.1364041268825531
16,390,2,0.01,87,0.9258967041969299,0.08534792810678482,0.29214367716379697,0.09474165737628937
16,390,2,0.01,88,0.9251189231872559,0.08624378591775894,0.2936729233650235,0.08147905021905899
16,390,2,0.01,89,0.9262988567352295,0.08488480746746063,0.29134997420192205,0.14403338730335236
16,390,2,0.01,90,0.926835834980011,0.0842662826180458,0.29028655259595787,0.1014036014676094
16,390,2,0.01,91,0.9298698902130127,0.08077186346054077,0.28420391176150406,0.09087049216032028
16,390,2,0.01,92,0.9321423768997192,0.078154556453228,0.2795613643786065,0.11442591995000839
16,390,2,0.01,93,0.9290871620178223,0.08167339116334915,0.28578556850084147,0.0907849594950676
16,390,2,0.01,94,0.9271997809410095,0.08384715765714645,0.2895637367785311,0.13266342878341675
16,390,2,0.01,95,0.9292075634002686,0.08153469115495682,0.2855428009160042,0.13835586607456207
16,390,2,0.01,96,0.9293343424797058,0.0813886970281601,0.2852870432181597,0.09647991508245468
16,390,2,0.01,97,0.9261212348937988,0.085089311003685,0.2917007216372373,0.13221177458763123
16,390,2,0.01,98,0.9309665560722351,0.07950881123542786,0.28197306828033747,0.11017046868801117
16,390,2,0.01,99,0.9264603853225708,0.08469871431589127,0.2910304353772836,0.10474075376987457
16,390,2,0.01,100,0.9296079277992249,0.08107359707355499,0.2847342569371571,0.18715518712997437
17,390,2,0.01,1,0.898395299911499,0.11702246218919754,0.3420854603592464,0.40320974588394165
17,390,2,0.01,2,0.9104229211807251,0.1031697690486908,0.32120051221735435,0.23728932440280914
17,390,2,0.01,3,0.9138840436935425,0.09918345510959625,0.31493404882545845,0.2150314450263977
17,390,2,0.01,4,0.9141528606414795,0.09887383133172989,0.31444209535577433,0.17878355085849762
17,390,2,0.01,5,0.9156674742698669,0.09712939709424973,0.3116558953304906,0.17725935578346252
17,390,2,0.01,6,0.9196068048477173,0.0925922766327858,0.30428979054970906,0.14579084515571594
17,390,2,0.01,7,0.892738401889801,0.12353777140378952,0.351479403953901,0.2993711829185486
17,390,2,0.01,8,0.9185676574707031,0.09378910809755325,0.3062500744449759,0.16207832098007202
17,390,2,0.01,9,0.9204339385032654,0.09163962304592133,0.3027203710454936,0.15662464499473572
17,390,2,0.01,10,0.9223589897155762,0.08942247927188873,0.299035916357699,0.1411348432302475
17,390,2,0.01,11,0.9223541617393494,0.08942802250385284,0.2990451847193879,0.1225329115986824
17,390,2,0.01,12,0.9221104979515076,0.08970870077610016,0.29951410780813004,0.13832150399684906
17,390,2,0.01,13,0.9199619293212891,0.09218332171440125,0.303617064267477,0.09302140772342682
17,390,2,0.01,14,0.9186251759529114,0.09372289478778839,0.3061419520219148,0.12217599898576736
17,390,2,0.01,15,0.9135996103286743,0.09951101243495941,0.31545366131170427,0.15709349513053894
17,390,2,0.01,16,0.9214615821838379,0.0904560536146164,0.300759128896558,0.11572469025850296
17,390,2,0.01,17,0.9221768975257874,0.08963220566511154,0.2993863818965578,0.12643106281757355
17,390,2,0.01,18,0.9217619895935059,0.09011004120111465,0.30018334597561314,0.10850557684898376
17,390,2,0.01,19,0.9222623705863953,0.08953379839658737,0.2992219884911324,0.11422216147184372
17,390,2,0.01,20,0.9216901063919067,0.09019286185503006,0.30032126440701806,0.08925285190343857
17,390,2,0.01,21,0.9224128127098083,0.08936052024364471,0.29893230043547436,0.11088649183511734
17,390,2,0.01,22,0.9236798286437988,0.08790125697851181,0.29648146144154075,0.13018125295639038
17,390,2,0.01,23,0.9254946112632751,0.0858110710978508,0.292935267760389,0.11123070120811462
17,390,2,0.01,24,0.9241343140602112,0.08737779408693314,0.29559735128538134,0.10813405364751816
17,390,2,0.01,25,0.9227566123008728,0.08896452933549881,0.29826922291027413,0.12296181917190552
17,390,2,0.01,26,0.9242551326751709,0.08723858743906021,0.2953617907567941,0.09056888520717621
17,390,2,0.01,27,0.9256800413131714,0.08559750765562057,0.2925705174066939,0.14446762204170227
17,390,2,0.01,28,0.9260289669036865,0.08519559353590012,0.2918828421403014,0.1147744283080101
17,390,2,0.01,29,0.9250739216804504,0.08629559725522995,0.29376112277704475,0.11192919313907623
17,390,2,0.01,30,0.9224703311920166,0.08929428458213806,0.29882149283834664,0.10930518060922623
17,390,2,0.01,31,0.9270745515823364,0.08399137109518051,0.28981264826639386,0.13218039274215698
17,390,2,0.01,32,0.9256312847137451,0.0856536328792572,0.29266641911783664,0.12372160702943802
17,390,2,0.01,33,0.9253365993499756,0.08599304407835007,0.29324570598450383,0.1184767559170723
17,390,2,0.01,34,0.92680424451828,0.08430272340774536,0.2903493127385449,0.09615223854780197
17,390,2,0.01,35,0.9277772903442383,0.08318197727203369,0.2884128590615087,0.10344146192073822
17,390,2,0.01,36,0.9277507066726685,0.08321261405944824,0.28846596689982035,0.10101035982370377
17,390,2,0.01,37,0.9282957911491394,0.08258483558893204,0.2873757741858768,0.102363221347332
17,390,2,0.01,38,0.9256027340888977,0.08568649739027023,0.29272256043952305,0.08934348821640015
17,390,2,0.01,39,0.925696074962616,0.08557901531457901,0.29253891247931274,0.1152702271938324
17,390,2,0.01,40,0.9273585081100464,0.08366435766220093,0.28924791729967725,0.11974243819713593
17,390,2,0.01,41,0.9267785549163818,0.08433230221271515,0.2904002448565,0.08679444342851639
17,390,2,0.01,42,0.9268662333488464,0.08423128724098206,0.29022626904017845,0.08491550385951996
17,390,2,0.01,43,0.928210973739624,0.08268249779939651,0.2875456447234013,0.10128530859947205
17,390,2,0.01,44,0.9271498322486877,0.0839046835899353,0.2896630518204476,0.09810095280408859
17,390,2,0.01,45,0.9280620217323303,0.08285406976938248,0.28784382878460757,0.1738659292459488
17,390,2,0.01,46,0.9258283376693726,0.08542665839195251,0.2922783919347315,0.10686493664979935
17,390,2,0.01,47,0.9293999671936035,0.0813131183385849,0.28515455167081744,0.09573997557163239
17,390,2,0.01,48,0.9247841835021973,0.08662924915552139,0.2943284715339673,0.13860327005386353
17,390,2,0.01,49,0.9294174909591675,0.08129289746284485,0.2851190934729641,0.09068631380796432
17,390,2,0.01,50,0.9288798570632935,0.08191214501857758,0.28620297870318817,0.08156219124794006
17,390,2,0.01,51,0.9286802411079407,0.08214200288057327,0.2866042617976454,0.12314488738775253
17,390,2,0.01,52,0.9301217794418335,0.08048174530267715,0.2836930476812521,0.10565654933452606
17,390,2,0.01,53,0.9276174902915955,0.0833660364151001,0.28873177243784603,0.08109872043132782
17,390,2,0.01,54,0.9305039048194885,0.08004164695739746,0.2829163250104127,0.1488243192434311
17,390,2,0.01,55,0.9304715991020203,0.0800788477063179,0.2829820625168986,0.1399681270122528
17,390,2,0.01,56,0.9308274984359741,0.07966894656419754,0.2822568804550166,0.08814051747322083
17,390,2,0.01,57,0.9308187365531921,0.07967902719974518,0.282274737090915,0.08849175274372101
17,390,2,0.01,58,0.9323562383651733,0.07790820300579071,0.2791204095113625,0.08740409463644028
17,390,2,0.01,59,0.9288425445556641,0.08195508271455765,0.2862779815398971,0.10048381984233856
17,390,2,0.01,60,0.9292235970497131,0.08151622861623764,0.28551047023924997,0.1094939112663269
17,390,2,0.01,61,0.9296724796295166,0.08099924772977829,0.2846036678080209,0.10797905921936035
17,390,2,0.01,62,0.9311798810958862,0.0792631134390831,0.28153705517939037,0.12936407327651978
17,390,2,0.01,63,0.9350516200065613,0.07480385899543762,0.2735029414749275,0.08791642636060715
17,390,2,0.01,64,0.9367875456809998,0.0728045105934143,0.26982310982088675,0.06992755085229874
17,390,2,0.01,65,0.935571014881134,0.07420563697814941,0.27240711623992026,0.14445066452026367
17,390,2,0.01,66,0.9435762763023376,0.06498563289642334,0.25492279791423783,0.09785030782222748
17,390,2,0.01,67,0.9474791884422302,0.060490477830171585,0.24594812020052437,0.0673503428697586
17,390,2,0.01,68,0.9326639175415039,0.07755386084318161,0.2784849382698849,0.1053723394870758
17,390,2,0.01,69,0.9290512800216675,0.0817146748304367,0.28585778777293563,0.09127967804670334
17,390,2,0.01,70,0.9278685450553894,0.08307690173387527,0.28823063982490704,0.1145668774843216
17,390,2,0.01,71,0.9288491606712341,0.08194748312234879,0.2862647081327854,0.14894872903823853
17,390,2,0.01,72,0.930683970451355,0.07983425259590149,0.28254955776978574,0.1310066133737564
17,390,2,0.01,73,0.9298791885375977,0.0807611346244812,0.2841850358911975,0.13881425559520721
17,390,2,0.01,74,0.9299269318580627,0.0807061567902565,0.2840882904842375,0.10376753658056259
17,390,2,0.01,75,0.9285691380500793,0.08227000385522842,0.2868274809972511,0.07809095084667206
17,390,2,0.01,76,0.9385647177696228,0.07075763493776321,0.2660030731735316,0.11305570602416992
17,390,2,0.01,77,0.9279670119285583,0.0829634815454483,0.28803382014174705,0.09414924681186676
17,390,2,0.01,78,0.9291410446166992,0.0816112831234932,0.28567688587544704,0.1003623679280281
17,390,2,0.01,79,0.9332216382026672,0.07691153883934021,0.2773292967562933,0.11160099506378174
17,390,2,0.01,80,0.9296135306358337,0.08106715232133865,0.2847229395769485,0.12159138172864914
17,390,2,0.01,81,0.9301547408103943,0.08044379949569702,0.2836261615149368,0.11226807534694672
17,390,2,0.01,82,0.9335663914680481,0.07651445269584656,0.27661245940095786,0.07496925443410873
17,390,2,0.01,83,0.9337620139122009,0.0762891173362732,0.2762048466922208,0.06398514658212662
17,390,2,0.01,84,0.9322543144226074,0.07802564650774002,0.27933071171595153,0.11820057779550552
17,390,2,0.01,85,0.9301673769950867,0.08042921870946884,0.2836004561164683,0.10110651701688766
17,390,2,0.01,86,0.9325011372566223,0.0777413547039032,0.2788213670146232,0.09280101209878922
17,390,2,0.01,87,0.9310459494590759,0.07941735535860062,0.2818108503209211,0.15152814984321594
17,390,2,0.01,88,0.9302582740783691,0.08032456040382385,0.2834158788844123,0.09029723703861237
17,390,2,0.01,89,0.930977463722229,0.07949619740247726,0.2819507003049953,0.077928327023983
17,390,2,0.01,90,0.9289913177490234,0.081783726811409,0.28597854257165695,0.10201116651296616
17,390,2,0.01,91,0.9308039546012878,0.07969607412815094,0.2823049311084575,0.08930289000272751
17,390,2,0.01,92,0.9296221733093262,0.08105717599391937,0.28470541967781254,0.07616182416677475
17,390,2,0.01,93,0.9291620254516602,0.08158712834119797,0.2856346063438357,0.09127846360206604
17,390,2,0.01,94,0.9321621060371399,0.07813183963298798,0.27952073202713956,0.11015345901250839
17,390,2,0.01,95,0.9250311851501465,0.08634483814239502,0.2938449219271877,0.17050109803676605
17,390,2,0.01,96,0.9313374161720276,0.07908166944980621,0.2812146323536637,0.09248550981283188
17,390,2,0.01,97,0.9312517642974854,0.07918033748865128,0.28139000957505805,0.06103815138339996
17,390,2,0.01,98,0.9303411245346069,0.08022911101579666,0.28324743779211253,0.07305218279361725
17,390,2,0.01,99,0.9323582053184509,0.07790596783161163,0.2791164055221614,0.06601420044898987
17,390,2,0.01,100,0.932064414024353,0.07824429869651794,0.2797218237759041,0.12266664206981659
18,390,2,0.01,1,0.8986280560493469,0.11675442010164261,0.3416934592608448,0.4492381513118744
18,390,2,0.01,2,0.9072112441062927,0.10686881840229034,0.3269079662570038,0.18467938899993896
18,390,2,0.01,3,0.9110391736030579,0.10246001183986664,0.3200937547654853,0.17606985569000244
18,390,2,0.01,4,0.9111500978469849,0.10233224183320999,0.31989411034467324,0.17028029263019562
18,390,2,0.01,5,0.9117328524589539,0.1016610860824585,0.3188433566541077,0.1715327948331833
18,390,2,0.01,6,0.9143819808959961,0.09860995411872864,0.3140222191481498,0.14238859713077545
18,390,2,0.01,7,0.9164175987243652,0.09626541286706924,0.3102666802398692,0.11912531405687332
18,390,2,0.01,8,0.9162572622299194,0.09645009785890579,0.3105641606156541,0.13395532965660095
18,390,2,0.01,9,0.91872239112854,0.09361094236373901,0.3059590534103199,0.1434163898229599
18,390,2,0.01,10,0.9180176258087158,0.09442265331745148,0.3072826928374774,0.12592259049415588
18,390,2,0.01,11,0.917536735534668,0.09497647732496262,0.30818253896832415,0.10352100431919098
18,390,2,0.01,12,0.9160629510879517,0.09667392075061798,0.3109243006756114,0.1436387598514557
18,390,2,0.01,13,0.9162917137145996,0.09641046077013016,0.3105003394042109,0.14176467061042786
18,390,2,0.01,14,0.91959547996521,0.09260531514883041,0.3043112143001477,0.1447805017232895
18,390,2,0.01,15,0.9213465452194214,0.09058855473995209,0.30097932610056805,0.16603653132915497
18,390,2,0.01,16,0.9208149313926697,0.09120085835456848,0.30199479855548583,0.20016354322433472
18,390,2,0.01,17,0.9205087423324585,0.09155349433422089,0.30257807973186174,0.14271719753742218
18,390,2,0.01,18,0.9193742275238037,0.09286018460988998,0.30472969105403885,0.10783573985099792
18,390,2,0.01,19,0.9149552583694458,0.09794968366622925,0.3129691417156478,0.13513287901878357
18,390,2,0.01,20,0.9127297401428223,0.10051294416189194,0.3170377645673965,0.1363852620124817
18,390,2,0.01,21,0.9205821752548218,0.0914689376950264,0.3024383204804352,0.10024387389421463
18,390,2,0.01,22,0.9210720062255859,0.09090472757816315,0.30150410872517663,0.10473962128162384
18,390,2,0.01,23,0.9218528270721436,0.09000545740127563,0.3000090955309116,0.1422809362411499
18,390,2,0.01,24,0.9215519428253174,0.09035199880599976,0.3005860921699468,0.14124156534671783
18,390,2,0.01,25,0.9220359921455383,0.08979448676109314,0.29965728217597704,0.11200029402971268
18,390,2,0.01,26,0.9224753379821777,0.08928847312927246,0.2988117687261873,0.14559216797351837
18,390,2,0.01,27,0.922885537147522,0.08881601691246033,0.298020161922747,0.09085740894079208
18,390,2,0.01,28,0.921911895275116,0.08993744105100632,0.2998957169600898,0.11393015831708908
18,390,2,0.01,29,0.9241890907287598,0.0873146653175354,0.29549055030158816,0.10046098381280899
18,390,2,0.01,30,0.9232550263404846,0.08839051425457001,0.29730542251121156,0.17231424152851105
18,390,2,0.01,31,0.923121452331543,0.0885443240404129,0.29756398310348803,0.13247597217559814
18,390,2,0.01,32,0.9229997992515564,0.08868446946144104,0.29779937787282407,0.07908031344413757
18,390,2,0.01,33,0.9219002723693848,0.08995085209608078,0.29991807564080025,0.12136535346508026
18,390,2,0.01,34,0.9210635423660278,0.09091450273990631,0.301520318950326,0.12142647802829742
18,390,2,0.01,35,0.9252182245254517,0.08612937480211258,0.2934780652827611,0.09745188057422638
18,390,2,0.01,36,0.9176454544067383,0.09485123306512833,0.3079792737590118,0.17404843866825104
18,390,2,0.01,37,0.9236208200454712,0.08796916902065277,0.29659596932637633,0.12875381112098694
18,390,2,0.01,38,0.9217727780342102,0.09009766578674316,0.30016273217497064,0.1193041130900383
18,390,2,0.01,39,0.9242568016052246,0.08723670244216919,0.2953585997430398,0.1037265881896019
18,390,2,0.01,40,0.9217735528945923,0.09009678661823273,0.3001612676849442,0.08579494804143906
18,390,2,0.01,41,0.9214083552360535,0.09051737934350967,0.30086106318948896,0.1418619006872177
18,390,2,0.01,42,0.9258480072021484,0.08540403842926025,0.292239693452584,0.10247540473937988
18,390,2,0.01,43,0.9236651659011841,0.08791812509298325,0.296509907242546,0.10952145606279373
18,390,2,0.01,44,0.9253511428833008,0.08597629517316818,0.29321714679255745,0.09355387836694717
18,390,2,0.01,45,0.926405131816864,0.08476238697767258,0.29113980658383454,0.09429100155830383
18,390,2,0.01,46,0.9250611066818237,0.08631037175655365,0.29378626883595776,0.08869648724794388
18,390,2,0.01,47,0.9273217916488647,0.08370663970708847,0.28932099769475506,0.09929785877466202
18,390,2,0.01,48,0.9268578290939331,0.08424095809459686,0.2902429294480692,0.08967700600624084
18,390,2,0.01,49,0.9256903529167175,0.08558563888072968,0.2925502330895152,0.1250550001859665
18,390,2,0.01,50,0.9267053604125977,0.08441657572984695,0.2905453075336908,0.10115929692983627
18,390,2,0.01,51,0.9256237149238586,0.0856623649597168,0.2926813368831651,0.15323765575885773
18,390,2,0.01,52,0.9270119071006775,0.08406352996826172,0.28993711381653386,0.13090106844902039
18,390,2,0.01,53,0.9268050193786621,0.08430176973342896,0.2903476704460171,0.10157109797000885
18,390,2,0.01,54,0.925167977809906,0.08618726581335068,0.2935766779111561,0.1006319597363472
18,390,2,0.01,55,0.9239404201507568,0.08760105073451996,0.29597474678512686,0.10662282258272171
18,390,2,0.01,56,0.926634669303894,0.08449801802635193,0.29068542795666924,0.09859257936477661
18,390,2,0.01,57,0.9241912961006165,0.08731213212013245,0.29548626384340176,0.1744190752506256
18,390,2,0.01,58,0.9271992444992065,0.08384779095649719,0.2895648303169727,0.10697376728057861
18,390,2,0.01,59,0.9269726276397705,0.08410872519016266,0.29001504304115444,0.08267035335302353
18,390,2,0.01,60,0.9271496534347534,0.08390490710735321,0.28966343764333324,0.11027827113866806
18,390,2,0.01,61,0.9281890392303467,0.08270779252052307,0.28758962519625614,0.08365343511104584
18,390,2,0.01,62,0.9287799000740051,0.08202725648880005,0.2864040092051786,0.06386697292327881
18,390,2,0.01,63,0.9267227649688721,0.08439651876688004,0.29051078941560854,0.1452905386686325
18,390,2,0.01,64,0.9274438619613647,0.08356604725122452,0.28907792591483794,0.12571491301059723
18,390,2,0.01,65,0.9303322434425354,0.08023937046527863,0.28326554761438716,0.10036014020442963
18,390,2,0.01,66,0.929742157459259,0.08091896772384644,0.28446259459522344,0.07821653038263321
18,390,2,0.01,67,0.9213939309120178,0.09053397178649902,0.3008886368517413,0.13194166123867035
18,390,2,0.01,68,0.9289897084236145,0.08178559690713882,0.2859818121964032,0.07222498208284378
18,390,2,0.01,69,0.9281306266784668,0.08277507871389389,0.2877065844117821,0.09103710204362869
18,390,2,0.01,70,0.9287441968917847,0.08206834644079208,0.28647573447116265,0.06455584615468979
18,390,2,0.01,71,0.9309908151626587,0.07948080450296402,0.28192340183632153,0.07262095808982849
18,390,2,0.01,72,0.9303830862045288,0.0801808163523674,0.2831621732371176,0.06856285780668259
18,390,2,0.01,73,0.9317361116409302,0.0786224827170372,0.2803970091085802,0.084908127784729
18,390,2,0.01,74,0.9315459132194519,0.07884149998426437,0.2807872860089366,0.08738040924072266
18,390,2,0.01,75,0.9301119446754456,0.08049306273460388,0.2837129935949425,0.08723898231983185
18,390,2,0.01,76,0.9325659275054932,0.07766672968864441,0.278687512616989,0.0657426044344902
18,390,2,0.01,77,0.932009756565094,0.07830729335546494,0.2798344034522291,0.12890443205833435
18,390,2,0.01,78,0.9328269958496094,0.07736606895923615,0.27814756687635456,0.09710966050624847
18,390,2,0.01,79,0.9332833886146545,0.0768403634428978,0.2772009441594631,0.07000131160020828
18,390,2,0.01,80,0.932063639163971,0.07824521511793137,0.27972346186534186,0.06969894468784332
18,390,2,0.01,81,0.9331148862838745,0.07703447341918945,0.27755084834889165,0.07676882296800613
18,390,2,0.01,82,0.9318948984146118,0.07843956351280212,0.28007064021921707,0.08572494983673096
18,390,2,0.01,83,0.9324876070022583,0.07775692641735077,0.2788492897917274,0.07374339550733566
18,390,2,0.01,84,0.93069988489151,0.07981592416763306,0.28251712190172307,0.07227077335119247
18,390,2,0.01,85,0.9301646947860718,0.08043235540390015,0.2836059861919352,0.10657069087028503
18,390,2,0.01,86,0.9328795671463013,0.07730547338724136,0.27803861851771844,0.08600611239671707
18,390,2,0.01,87,0.9308938384056091,0.07959254086017609,0.28212150017355303,0.12592677772045135
18,390,2,0.01,88,0.9318735599517822,0.07846415042877197,0.2801145309132891,0.08118481934070587
18,390,2,0.01,89,0.9305949211120605,0.07993678748607635,0.28273094539875954,0.08356554061174393
18,390,2,0.01,90,0.9310545325279236,0.07940743118524551,0.28179324190839905,0.07862143963575363
18,390,2,0.01,91,0.9320177435874939,0.07829809188842773,0.2798179620546682,0.06948281824588776
18,390,2,0.01,92,0.9311173558235168,0.07933508604764938,0.2816648470215078,0.08948219567537308
18,390,2,0.01,93,0.9318031072616577,0.07854527980089188,0.28025930814317634,0.07161067426204681
18,390,2,0.01,94,0.9275797605514526,0.08340951055288315,0.28880704727011625,0.17435847222805023
18,390,2,0.01,95,0.9259608387947083,0.08527407050132751,0.29201724349998154,0.11573813110589981
18,390,2,0.01,96,0.9301962852478027,0.08039595186710358,0.2835417991533234,0.06350090354681015
18,390,2,0.01,97,0.9319547414779663,0.07837065309286118,0.27994758990364815,0.07101153582334518
18,390,2,0.01,98,0.929466962814331,0.08123595267534256,0.2850192145721803,0.06333360821008682
18,390,2,0.01,99,0.9303363561630249,0.0802345871925354,0.28325710439905194,0.08518068492412567
18,390,2,0.01,100,0.9322696924209595,0.07800793647766113,0.27929900908821914,0.07347950339317322
19,390,2,0.01,1,0.9023763537406921,0.11243732273578644,0.3353167498586768,0.5853645205497742
19,390,2,0.01,2,0.9145665168762207,0.0983973890542984,0.31368358110410943,0.28962913155555725
19,390,2,0.01,3,0.914555549621582,0.09841004759073257,0.31370375769303843,0.3071598410606384
19,390,2,0.01,4,0.915224552154541,0.09763949364423752,0.31247318868062507,0.2211858034133911
19,390,2,0.01,5,0.9165977835655212,0.09605789929628372,0.30993208820043744,0.19211381673812866
19,390,2,0.01,6,0.9155493974685669,0.09726538509130478,0.31187398912269804,0.15720367431640625
19,390,2,0.01,7,0.9175694584846497,0.09493879973888397,0.30812140422061557,0.1685873419046402
19,390,2,0.01,8,0.9176985025405884,0.09479016065597534,0.30788010760030493,0.14401012659072876
19,390,2,0.01,9,0.919009804725647,0.09327992796897888,0.30541762877898665,0.14487779140472412
19,390,2,0.01,10,0.9173953533172607,0.09513933956623077,0.3084466559491783,0.1811743527650833
19,390,2,0.01,11,0.9171080589294434,0.09547018259763718,0.30898249561688307,0.15027980506420135
19,390,2,0.01,12,0.9165917038917542,0.09606491029262543,0.30994339853048236,0.12766961753368378
19,390,2,0.01,13,0.9151161313056946,0.09776443243026733,0.3126730439776786,0.2129005789756775
19,390,2,0.01,14,0.9173242449760437,0.09522122889757156,0.3085793721193488,0.169419527053833
19,390,2,0.01,15,0.9144733548164368,0.09850473701953888,0.31385464313841027,0.15867407619953156
19,390,2,0.01,16,0.9144668579101562,0.09851215779781342,0.31386646491432213,0.1237591803073883
19,390,2,0.01,17,0.9160997867584229,0.0966314822435379,0.3108560474617438,0.10502859205007553
19,390,2,0.01,18,0.9157024621963501,0.09708912670612335,0.31159128149889453,0.11869592219591141
19,390,2,0.01,19,0.9159725308418274,0.0967780202627182,0.311091658941088,0.12271489202976227
19,390,2,0.01,20,0.9157085418701172,0.09708210080862045,0.3115800070746203,0.11891710013151169
19,390,2,0.01,21,0.9164646863937378,0.09621123224496841,0.3101793549625255,0.10810273885726929
19,390,2,0.01,22,0.9149633646011353,0.0979403480887413,0.3129542268267698,0.13967031240463257
19,390,2,0.01,23,0.9151182770729065,0.09776192903518677,0.3126690407366658,0.1481412649154663
19,390,2,0.01,24,0.9148141741752625,0.09811219573020935,0.31322866364719776,0.10954965651035309
19,390,2,0.01,25,0.9171437621116638,0.09542909264564514,0.30891599609868886,0.08260846138000488
19,390,2,0.01,26,0.915119469165802,0.09776058048009872,0.31266688420761596,0.15612618625164032
19,390,2,0.01,27,0.9160948395729065,0.09663718938827515,0.31086522704907854,0.13307234644889832
19,390,2,0.01,28,0.9155047535896301,0.09731683880090714,0.3119564694006315,0.10319935530424118
19,390,2,0.01,29,0.9172285199165344,0.09533149003982544,0.3087579797184608,0.11550913751125336
19,390,2,0.01,30,0.9191747307777405,0.09308993816375732,0.30510643743414745,0.13685008883476257
19,390,2,0.01,31,0.9160929918289185,0.09663932770490646,0.3108686663285743,0.11474195122718811
19,390,2,0.01,32,0.9173789620399475,0.0951581820845604,0.3084771986461242,0.06968194991350174
19,390,2,0.01,33,0.9154435992240906,0.09738726168870926,0.3120693219281723,0.1428263634443283
19,390,2,0.01,34,0.9161659479141235,0.09655526280403137,0.3107334272395414,0.10400820523500443
19,390,2,0.01,35,0.9182888865470886,0.09411019831895828,0.30677385533802953,0.1168738603591919
19,390,2,0.01,36,0.9180834889411926,0.094346784055233,0.30715921613266467,0.10209973901510239
19,390,2,0.01,37,0.9183439016342163,0.09404680877923965,0.30667052153612623,0.08621545135974884
19,390,2,0.01,38,0.9162936210632324,0.09640820324420929,0.31049670407946245,0.12319362163543701
19,390,2,0.01,39,0.9167061448097229,0.09593311697244644,0.3097307168694226,0.15054351091384888
19,390,2,0.01,40,0.9194539189338684,0.09276837110519409,0.30457900634350044,0.10265642404556274
19,390,2,0.01,41,0.9199766516685486,0.09216630458831787,0.303589038979206,0.12080171704292297
19,390,2,0.01,42,0.919671893119812,0.09251730889081955,0.30416658082507936,0.07961612194776535
19,390,2,0.01,43,0.9186421036720276,0.09370338916778564,0.30611009321449306,0.08926494419574738
19,390,2,0.01,44,0.9199821352958679,0.09216000884771347,0.3035786699485217,0.08559410274028778
19,390,2,0.01,45,0.9208253622055054,0.09118884801864624,0.3019749128961647,0.13943567872047424
19,390,2,0.01,46,0.9189108610153198,0.09339385479688644,0.3056040817739293,0.13242697715759277
19,390,2,0.01,47,0.9203593134880066,0.09172561019659042,0.3028623618025033,0.11911290884017944
19,390,2,0.01,48,0.91890949010849,0.09339543431997299,0.30560666602672953,0.0934242233633995
19,390,2,0.01,49,0.9187850952148438,0.09353871643543243,0.30584099861763536,0.09895436465740204
19,390,2,0.01,50,0.9185693860054016,0.09378714114427567,0.3062468630766292,0.08117759227752686
19,390,2,0.01,51,0.915707528591156,0.09708323329687119,0.3115818244007041,0.13829322159290314
19,390,2,0.01,52,0.9172239899635315,0.09533669054508209,0.3087664012568111,0.11897855252027512
19,390,2,0.01,53,0.9177235960960388,0.09476128220558167,0.30783320517056256,0.1079416424036026
19,390,2,0.01,54,0.9176480770111084,0.09484822303056717,0.30797438697165574,0.11753398925065994
19,390,2,0.01,55,0.9167670607566833,0.0958629623055458,0.30961744509240074,0.09291965514421463
19,390,2,0.01,56,0.9180219173431396,0.09441766887903214,0.3072745822209057,0.09521912783384323
19,390,2,0.01,57,0.91879802942276,0.09352381527423859,0.3058166366864932,0.09440401941537857
19,390,2,0.01,58,0.9166418313980103,0.09600716084241867,0.30985022324087275,0.16046305000782013
19,390,2,0.01,59,0.9167803525924683,0.09584762901067734,0.30959268242430626,0.1309913545846939
19,390,2,0.01,60,0.9173986315727234,0.09513551741838455,0.30844046008652065,0.12512794137001038
19,390,2,0.01,61,0.917099118232727,0.09548050910234451,0.30899920566620315,0.08286746591329575
19,390,2,0.01,62,0.9171740412712097,0.09539420902729034,0.30885952960413954,0.09771520644426346
19,390,2,0.01,63,0.9160636067390442,0.09667318314313889,0.3109231145205176,0.12981519103050232
19,390,2,0.01,64,0.9173942804336548,0.09514055401086807,0.308448624589036,0.1016349270939827
19,390,2,0.01,65,0.919859766960144,0.09230098128318787,0.3038107655814518,0.09390085190534592
19,390,2,0.01,66,0.9188628792762756,0.09344910085201263,0.3056944566916656,0.10121152549982071
19,390,2,0.01,67,0.9171224236488342,0.09545368701219559,0.30895580106577636,0.08236277848482132
19,390,2,0.01,68,0.9173524975776672,0.09518866240978241,0.3085265991932987,0.1241351068019867
19,390,2,0.01,69,0.9182097911834717,0.09420130401849747,0.30692230941803084,0.1169034093618393
19,390,2,0.01,70,0.9186000227928162,0.09375184774398804,0.3061892351863273,0.0640200674533844
19,390,2,0.01,71,0.9192906022071838,0.09295646101236343,0.304887620300273,0.09387574344873428
19,390,2,0.01,72,0.9155784249305725,0.09723194688558578,0.3118203759948759,0.09565768390893936
19,390,2,0.01,73,0.9187589883804321,0.09356879442930222,0.3058901672648243,0.0970645472407341
19,390,2,0.01,74,0.9181376099586487,0.09428443014621735,0.3070576983992053,0.10086113214492798
19,390,2,0.01,75,0.9187944531440735,0.09352794289588928,0.30582338513575,0.07883597165346146
19,390,2,0.01,76,0.9186394214630127,0.09370643645524979,0.30611507061111803,0.0892024114727974
19,390,2,0.01,77,0.9137519598007202,0.09933556616306305,0.3151754529830378,0.15085962414741516
19,390,2,0.01,78,0.9185965061187744,0.09375588595867157,0.30619582942729895,0.09633269160985947
19,390,2,0.01,79,0.9186504483222961,0.09369376301765442,0.30609436946414814,0.10364822298288345
19,390,2,0.01,80,0.9178256392478943,0.0946437269449234,0.30764220605262116,0.10399727523326874
19,390,2,0.01,81,0.9176074266433716,0.09489506483078003,0.30805042579223946,0.0847080796957016
19,390,2,0.01,82,0.9188371896743774,0.09347867220640182,0.30574282036771006,0.09610568732023239
19,390,2,0.01,83,0.9197574257850647,0.09241878986358643,0.30400458855679535,0.10144947469234467
19,390,2,0.01,84,0.918847918510437,0.09346631914377213,0.30572261797873596,0.10710709542036057
19,390,2,0.01,85,0.9198063015937805,0.09236254543066025,0.3039120685834313,0.09183770418167114
19,390,2,0.01,86,0.9195528626441956,0.09265445172786713,0.3043919376853913,0.07618582248687744
19,390,2,0.01,87,0.920433759689331,0.09163982421159744,0.30272070330850753,0.13808836042881012
19,390,2,0.01,88,0.9213188886642456,0.09062040597200394,0.3010322341079173,0.09137298911809921
19,390,2,0.01,89,0.919678807258606,0.09250940382480621,0.3041535859147582,0.14743748307228088
19,390,2,0.01,90,0.9185038208961487,0.0938626378774643,0.30637009951603356,0.11048806458711624
19,390,2,0.01,91,0.92026686668396,0.09183204174041748,0.30303802028857285,0.08116587996482849
19,390,2,0.01,92,0.916271448135376,0.09643375128507614,0.3105378419534021,0.12619735300540924
19,390,2,0.01,93,0.9182053208351135,0.09420641511678696,0.30693063567651074,0.09206823259592056
19,390,2,0.01,94,0.9349609613418579,0.07490824908018112,0.27369371399464243,0.09751410782337189
19,390,2,0.01,95,0.9166535139083862,0.09599371999502182,0.3098285332163935,0.08306658267974854
19,390,2,0.01,96,0.9172853231430054,0.09526606649160385,0.3086520152074239,0.12521038949489594
19,390,2,0.01,97,0.9178061485290527,0.09466615319252014,0.3076786524809938,0.07933276891708374
19,390,2,0.01,98,0.9184439778327942,0.09393157064914703,0.30648257805158685,0.07417532801628113
19,390,2,0.01,99,0.9165098667144775,0.0961592048406601,0.31009547697549555,0.12059351801872253
19,390,2,0.01,100,0.9185807108879089,0.09377406537532806,0.30622551391960806,0.10143084824085236
20,390,2,0.01,1,0.9001060724258423,0.11505214124917984,0.33919336852182097,0.37416011095046997
20,390,2,0.01,2,0.9127334356307983,0.10050863027572632,0.3170309610680419,0.21891652047634125
20,390,2,0.01,3,0.9160204529762268,0.09672287106513977,0.3110030081287636,0.19558219611644745
20,390,2,0.01,4,0.9185344576835632,0.09382734447717667,0.3063124948107352,0.20364966988563538
20,390,2,0.01,5,0.9212284684181213,0.09072456508874893,0.30120518768565213,0.17925836145877838
20,390,2,0.01,6,0.9227494597434998,0.08897275477647781,0.29828301120995443,0.17273308336734772
20,390,2,0.01,7,0.9180735945701599,0.09435815364122391,0.3071777232177228,0.1657828986644745
20,390,2,0.01,8,0.9220653772354126,0.0897606611251831,0.29960083632256956,0.16272717714309692
20,390,2,0.01,9,0.92165607213974,0.09023208916187286,0.30038656621405835,0.13521555066108704
20,390,2,0.01,10,0.921403169631958,0.090523362159729,0.3008710058475708,0.1410641074180603
20,390,2,0.01,11,0.9221879839897156,0.0896194726228714,0.2993651159084361,0.12378503382205963
20,390,2,0.01,12,0.9218212366104126,0.0900418609380722,0.30006976011932995,0.11477525532245636
20,390,2,0.01,13,0.9231909513473511,0.08846426755189896,0.2974294328944245,0.12053123116493225
20,390,2,0.01,14,0.9181045889854431,0.09432248026132584,0.3071196513760164,0.17235058546066284
20,390,2,0.01,15,0.9240626692771912,0.08746025711297989,0.2957368037850208,0.12444650381803513
20,390,2,0.01,16,0.9239261746406555,0.08761747926473618,0.29600249874745344,0.19342079758644104
20,390,2,0.01,17,0.9176914691925049,0.09479827433824539,0.3078932840096474,0.1925983428955078
20,390,2,0.01,18,0.9220564365386963,0.08977094292640686,0.29961799499764175,0.11885231733322144
20,390,2,0.01,19,0.9242690205574036,0.0872226431965828,0.29533479848568944,0.11270122975111008
20,390,2,0.01,20,0.9246698617935181,0.08676094561815262,0.2945521101913083,0.12210621684789658
20,390,2,0.01,21,0.9244120121002197,0.08705791085958481,0.29505577584515236,0.12436738610267639
20,390,2,0.01,22,0.923285961151123,0.08835487067699432,0.2972454720882966,0.12319004535675049
20,390,2,0.01,23,0.9212573766708374,0.0906912311911583,0.3011498483996934,0.12998633086681366
20,390,2,0.01,24,0.9248548746109009,0.0865478515625,0.2941901622462927,0.11898601055145264
20,390,2,0.01,25,0.9227504730224609,0.08897161483764648,0.29828110036951133,0.14928407967090607
20,390,2,0.01,26,0.9209738969802856,0.09101773053407669,0.301691449222673,0.12051613628864288
20,390,2,0.01,27,0.9212324619293213,0.09071993827819824,0.3011975070916063,0.13293594121932983
20,390,2,0.01,28,0.9217915534973145,0.09007605165243149,0.30012672598825896,0.23413024842739105
20,390,2,0.01,29,0.9186530113220215,0.09369084239006042,0.30608959863095714,0.13285860419273376
20,390,2,0.01,30,0.9241089820861816,0.0874069407582283,0.29564664848130495,0.10538861155509949
20,390,2,0.01,31,0.9216049313545227,0.09029098600149155,0.3004845852976348,0.14490178227424622
20,390,2,0.01,32,0.9238625168800354,0.0876908004283905,0.2961263251188427,0.09347257018089294
20,390,2,0.01,33,0.9205276370048523,0.09153173863887787,0.3025421270482474,0.15947070717811584
20,390,2,0.01,34,0.9210124611854553,0.09097334742546082,0.30161788313271615,0.1254543960094452
20,390,2,0.01,35,0.9236753582954407,0.08790639042854309,0.29649011860185676,0.09993387758731842
20,390,2,0.01,36,0.9232457876205444,0.08840110898017883,0.29732323989250964,0.114449143409729
20,390,2,0.01,37,0.9230441451072693,0.08863338083028793,0.29771358858857605,0.11787007749080658
20,390,2,0.01,38,0.922341525554657,0.08944259583950043,0.299069550171027,0.15816132724285126
20,390,2,0.01,39,0.9178181290626526,0.09465239197015762,0.30765628868943606,0.1697763353586197
20,390,2,0.01,40,0.9213376045227051,0.09059882164001465,0.3009963814400676,0.11338546872138977
20,390,2,0.01,41,0.9225665330886841,0.08918344229459763,0.29863596952577165,0.0876905620098114
20,390,2,0.01,42,0.9211516380310059,0.0908130556344986,0.30135204601014176,0.10192485898733139
20,390,2,0.01,43,0.9213038086891174,0.09063781052827835,0.3010611408473009,0.09954740852117538
20,390,2,0.01,44,0.9207561612129211,0.09126853197813034,0.302106822131064,0.12292440235614777
20,390,2,0.01,45,0.9195560216903687,0.09265080094337463,0.30438594077810927,0.13315817713737488
20,390,2,0.01,46,0.921309769153595,0.0906309187412262,0.3010496948034098,0.11711793392896652
20,390,2,0.01,47,0.9206156730651855,0.09143034368753433,0.30237450899097684,0.12731090188026428
20,390,2,0.01,48,0.9212425947189331,0.09070827811956406,0.30117815013636706,0.12146132439374924
20,390,2,0.01,49,0.9216599464416504,0.09022759646177292,0.3003790879235319,0.10197015106678009
20,390,2,0.01,50,0.921048104763031,0.09093231707811356,0.3015498583619524,0.11924166232347488
20,390,2,0.01,51,0.9206978678703308,0.09133568406105042,0.30221794132885366,0.08862178027629852
20,390,2,0.01,52,0.9219975471496582,0.08983878791332245,0.2997311927599836,0.1383015215396881
20,390,2,0.01,53,0.9206475615501404,0.0913935974240303,0.30231374005167266,0.12917876243591309
20,390,2,0.01,54,0.9196904897689819,0.09249593317508698,0.30413144062245023,0.09140418469905853
20,390,2,0.01,55,0.9224542379379272,0.08931276947259903,0.2988524208913139,0.09863343089818954
20,390,2,0.01,56,0.9229612946510315,0.08872881531715393,0.2978738244914345,0.13317863643169403
20,390,2,0.01,57,0.9216890931129456,0.09019406139850616,0.30032326150084704,0.13888642191886902
20,390,2,0.01,58,0.9206507802009583,0.09138990938663483,0.3023076403047644,0.09872538596391678
20,390,2,0.01,59,0.9207075834274292,0.09132445603609085,0.3021993647182119,0.11537062376737595
20,390,2,0.01,60,0.9202855825424194,0.09181047976016998,0.30300244183862607,0.13642780482769012
20,390,2,0.01,61,0.9183637499809265,0.09402395784854889,0.3066332627888711,0.18048639595508575
20,390,2,0.01,62,0.9196118712425232,0.09258648753166199,0.30428027792096873,0.11980874091386795
20,390,2,0.01,63,0.9226414561271667,0.08909718692302704,0.2984915190135677,0.09143438190221786
20,390,2,0.01,64,0.9232182502746582,0.08843284845352173,0.2973766104681431,0.09726332128047943
20,390,2,0.01,65,0.9222345948219299,0.08956577628850937,0.2992754187842853,0.10797135531902313
20,390,2,0.01,66,0.9226570129394531,0.08907921612262726,0.2984614147970006,0.0884707048535347
20,390,2,0.01,67,0.9215593934059143,0.09034339338541031,0.30057177742664115,0.09542956203222275
20,390,2,0.01,68,0.9209225177764893,0.09107697010040283,0.3017896123136163,0.10644576698541641
20,390,2,0.01,69,0.9201921224594116,0.09191814064979553,0.303180046589144,0.1008356511592865
20,390,2,0.01,70,0.9199180603027344,0.0922338142991066,0.30370020464119973,0.07026468962430954
20,390,2,0.01,71,0.9203139543533325,0.09177781641483307,0.30294853756840134,0.07813245058059692
20,390,2,0.01,72,0.9210277795791626,0.0909556970000267,0.3015886221329092,0.08462455868721008
20,390,2,0.01,73,0.9199714064598083,0.09217236936092377,0.30359902727269034,0.08460228145122528
20,390,2,0.01,74,0.9199709892272949,0.09217286109924316,0.303599837119922,0.09767182916402817
20,390,2,0.01,75,0.9138364791870117,0.09923820942640305,0.31502096664571877,0.16934892535209656
20,390,2,0.01,76,0.9167325496673584,0.09590268135070801,0.3096815805802922,0.11115559190511703
20,390,2,0.01,77,0.9168364405632019,0.09578306972980499,0.309488399992318,0.1195722296833992
20,390,2,0.01,78,0.9160980582237244,0.09663346409797668,0.31085923518206227,0.11672822386026382
20,390,2,0.01,79,0.9184229373931885,0.09395584464073181,0.30652217642567364,0.11067580431699753
20,390,2,0.01,80,0.9173840284347534,0.09515238553285599,0.3084678030732802,0.11070482432842255
20,390,2,0.01,81,0.9167378544807434,0.09589659422636032,0.3096717523868787,0.10674907267093658
20,390,2,0.01,82,0.9184576272964478,0.09391585737466812,0.3064569421218389,0.08923858404159546
20,390,2,0.01,83,0.9166740775108337,0.0959700495004654,0.309790331515471,0.10036569088697433
20,390,2,0.01,84,0.919354259967804,0.0928831696510315,0.3047674025400871,0.07767464965581894
20,390,2,0.01,85,0.9192276000976562,0.09302902966737747,0.3050066059405558,0.08993072062730789
20,390,2,0.01,86,0.9173244833946228,0.09522093832492828,0.30857890129580845,0.11917396634817123
20,390,2,0.01,87,0.9178429841995239,0.09462373703718185,0.30760971544667093,0.08091893792152405
20,390,2,0.01,88,0.9199504852294922,0.09219648689031601,0.3036387440533833,0.08466020971536636
20,390,2,0.01,89,0.9181433916091919,0.09427780658006668,0.30704691266981776,0.19341422617435455
20,390,2,0.01,90,0.921134352684021,0.09083293378353119,0.3013850258117201,0.14592382311820984
20,390,2,0.01,91,0.9193549156188965,0.0928824320435524,0.30476619242224423,0.09976238012313843
20,390,2,0.01,92,0.9216806292533875,0.09020377695560455,0.3003394362310826,0.09709804505109787
20,390,2,0.01,93,0.9227026104927063,0.08902671188116074,0.2983734436593859,0.08606337010860443
20,390,2,0.01,94,0.9222476482391357,0.0895506963133812,0.2992502235811716,0.07814427465200424
20,390,2,0.01,95,0.920342206954956,0.09174533933401108,0.30289493117913197,0.11342345923185349
20,390,2,0.01,96,0.9199349284172058,0.09221438318490982,0.3036682123385815,0.10500605404376984
20,390,2,0.01,97,0.9195226430892944,0.09268925338983536,0.3044490981918576,0.096980981528759
20,390,2,0.01,98,0.9215638041496277,0.0903383418917656,0.3005633741688524,0.09082352370023727
20,390,2,0.01,99,0.9213835000991821,0.09054597467184067,0.30090858191789854,0.08420749753713608
20,390,2,0.01,100,0.9210769534111023,0.09089906513690948,0.30149471825706914,0.07905002683401108
21,390,2,0.01,1,0.8992430567741394,0.11604610085487366,0.34065539898095504,0.3997051417827606
21,390,2,0.01,2,0.9105669856071472,0.10300386697053909,0.3209421551783734,0.23970560729503632
21,390,2,0.01,3,0.9160682559013367,0.0966678112745285,0.31091447582016585,0.1854822337627411
21,390,2,0.01,4,0.9170565605163574,0.09552955627441406,0.3090785600367875,0.1749434918165207
21,390,2,0.01,5,0.9179667830467224,0.09448118507862091,0.30737791898348993,0.13062839210033417
21,390,2,0.01,6,0.9163039326667786,0.09639638662338257,0.3104776749194418,0.1310269981622696
21,390,2,0.01,7,0.9203014969825745,0.09179220348596573,0.30297228171231394,0.14783892035484314
21,390,2,0.01,8,0.9190703630447388,0.0932101458311081,0.30530336688465803,0.1228320449590683
21,390,2,0.01,9,0.9214105010032654,0.0905149057507515,0.3008569523058284,0.15424515306949615
21,390,2,0.01,10,0.9218553304672241,0.09000258892774582,0.3000043148485465,0.13050492107868195
21,390,2,0.01,11,0.922600507736206,0.08914431929588318,0.2985704595164819,0.1159968376159668
21,390,2,0.01,12,0.9218730926513672,0.08998207747936249,0.29997012764500813,0.09812627732753754
21,390,2,0.01,13,0.9215354323387146,0.09037099033594131,0.3006176813428334,0.12957535684108734
21,390,2,0.01,14,0.9192111492156982,0.09304799884557724,0.3050377006954669,0.1250656545162201
21,390,2,0.01,15,0.9221654534339905,0.0896453931927681,0.29940840534755886,0.1320529580116272
21,390,2,0.01,16,0.9186193943023682,0.09372956305742264,0.3061528426414209,0.1579732596874237
21,390,2,0.01,17,0.9199350476264954,0.09221425652503967,0.3036680037887424,0.10587367415428162
21,390,2,0.01,18,0.9249719977378845,0.08641297370195389,0.2939608370207737,0.10935571789741516
21,390,2,0.01,19,0.9219928979873657,0.08984414488077164,0.29974012891298296,0.12957067787647247
21,390,2,0.01,20,0.9218205213546753,0.09004268795251846,0.3000711381531361,0.09545809030532837
21,390,2,0.01,21,0.9249057769775391,0.08648928254842758,0.2940906026183557,0.10923591256141663
21,390,2,0.01,22,0.925385057926178,0.08593723177909851,0.29315052750950066,0.12972863018512726
21,390,2,0.01,23,0.926224410533905,0.08497050404548645,0.29149700520843513,0.1470889449119568
21,390,2,0.01,24,0.9234851002693176,0.08812547475099564,0.296859351799797,0.11130551248788834
21,390,2,0.01,25,0.9248818755149841,0.08651677519083023,0.2941373406944964,0.11725683510303497
21,390,2,0.01,26,0.9237591028213501,0.08780988305807114,0.2963273241840366,0.16533152759075165
21,390,2,0.01,27,0.9244988560676575,0.08695793896913528,0.29488631533039183,0.13582386076450348
21,390,2,0.01,28,0.9253542423248291,0.08597271144390106,0.29321103567891343,0.129221111536026
21,390,2,0.01,29,0.9263383746147156,0.08483926206827164,0.2912718010180039,0.13003836572170258
21,390,2,0.01,30,0.9259510636329651,0.08528532832860947,0.29203651882702863,0.09991217404603958
21,390,2,0.01,31,0.9273312091827393,0.08369578421115875,0.28930223678906936,0.10211130976676941
21,390,2,0.01,32,0.926977813243866,0.0841028019785881,0.2900048309573275,0.1223212480545044
21,390,2,0.01,33,0.9236849546432495,0.08789533376693726,0.2964714720962833,0.14353571832180023
21,390,2,0.01,34,0.9288920164108276,0.08189811557531357,0.2861784680497706,0.12923544645309448
21,390,2,0.01,35,0.9212073683738708,0.0907488763332367,0.3012455415989367,0.18744266033172607
21,390,2,0.01,36,0.9267410039901733,0.0843755304813385,0.29047466409540523,0.11607686430215836
21,390,2,0.01,37,0.923926055431366,0.08761761337518692,0.29600272528337795,0.09766212850809097
21,390,2,0.01,38,0.9253048300743103,0.08602961897850037,0.2933080615641179,0.12125455588102341
21,390,2,0.01,39,0.9255270957946777,0.08577366918325424,0.29287142090558144,0.12982012331485748
21,390,2,0.01,40,0.922365128993988,0.08941540122032166,0.2990240813384796,0.10048537701368332
21,390,2,0.01,41,0.9269627928733826,0.08412008732557297,0.29003463125215406,0.10026411712169647
21,390,2,0.01,42,0.9271247982978821,0.08393348008394241,0.28971275443780936,0.09957817941904068
21,390,2,0.01,43,0.9283745288848877,0.08249416202306747,0.28721796953371054,0.11686990410089493
21,390,2,0.01,44,0.9269466400146484,0.08413868397474289,0.29006668884024395,0.08938542753458023
21,390,2,0.01,45,0.925775408744812,0.08548767864704132,0.29238276051614487,0.08941232413053513
21,390,2,0.01,46,0.9269152879714966,0.08417478948831558,0.29012891873840424,0.08022177219390869
21,390,2,0.01,47,0.9290948510169983,0.08166452497243881,0.28577005611581985,0.11063949018716812
21,390,2,0.01,48,0.9258830547332764,0.08536370098590851,0.29217067098856536,0.0838116779923439
21,390,2,0.01,49,0.926377534866333,0.08479412645101547,0.29119431047157407,0.10571826994419098
21,390,2,0.01,50,0.9259158968925476,0.08532581478357315,0.29210582805478763,0.15964077413082123
21,390,2,0.01,51,0.9257750511169434,0.08548810333013535,0.2923834867603424,0.16032826900482178
21,390,2,0.01,52,0.9276901483535767,0.08328237384557724,0.2885868566750351,0.07398518919944763
21,390,2,0.01,53,0.9245893955230713,0.08685366809368134,0.2947094638685384,0.0978163331747055
21,390,2,0.01,54,0.9288640022277832,0.08193041384220123,0.2862348927754987,0.08615011721849442
21,390,2,0.01,55,0.9279205799102783,0.08301692456007004,0.28812657732335284,0.0721973404288292
21,390,2,0.01,56,0.924788773059845,0.08662401884794235,0.2943195862458738,0.1284518539905548
21,390,2,0.01,57,0.9274564385414124,0.0835515633225441,0.2890528728840869,0.0979878157377243
21,390,2,0.01,58,0.9268021583557129,0.08430510014295578,0.29035340559903167,0.08611257374286652
21,390,2,0.01,59,0.9292173385620117,0.08152346312999725,0.28552313939503615,0.10138706117868423
21,390,2,0.01,60,0.9268991351127625,0.08419342339038849,0.29016103010292144,0.13461291790008545
21,390,2,0.01,61,0.9276112914085388,0.08337318897247314,0.2887441583348019,0.08499734848737717
21,390,2,0.01,62,0.9292407631874084,0.0814964771270752,0.2854758783629104,0.06913377344608307
21,390,2,0.01,63,0.9298149347305298,0.08083517849445343,0.2843152800931625,0.06320389360189438
21,390,2,0.01,64,0.9279062151908875,0.08303350955247879,0.2881553566263844,0.09168899059295654
21,390,2,0.01,65,0.9297376871109009,0.08092410862445831,0.284471630614475,0.12406567484140396
21,390,2,0.01,66,0.9294284582138062,0.08128024637699127,0.28509690699302803,0.09608122706413269
21,390,2,0.01,67,0.931630551815033,0.07874404639005661,0.28061369601296476,0.0823531299829483
21,390,2,0.01,68,0.928704023361206,0.08211461454629898,0.2865564770621997,0.10920991003513336
21,390,2,0.01,69,0.9264507293701172,0.08470988273620605,0.2910496224636034,0.10707561671733856
21,390,2,0.01,70,0.9295728802680969,0.08111391961574554,0.2848050554603017,0.07757114619016647
21,390,2,0.01,71,0.9302666187286377,0.08031496405601501,0.2833989485795863,0.07868688553571701
21,390,2,0.01,72,0.9288862347602844,0.08190478384494781,0.2861901183565705,0.07987754791975021
21,390,2,0.01,73,0.9303234815597534,0.08024945855140686,0.2832833538198227,0.07596155256032944
21,390,2,0.01,74,0.9302315711975098,0.08035533875226974,0.2834701725971707,0.1099412739276886
21,390,2,0.01,75,0.9316855669021606,0.07868068665266037,0.2805007783459083,0.09128682315349579
21,390,2,0.01,76,0.9315060973167419,0.07888734340667725,0.2808689078674912,0.07986116409301758
21,390,2,0.01,77,0.9312343597412109,0.07920035719871521,0.28142558021387326,0.07306578755378723
21,390,2,0.01,78,0.9309365749359131,0.079543337225914,0.28203428377754713,0.09812469780445099
21,390,2,0.01,79,0.9318113327026367,0.07853583991527557,0.28024246629530575,0.08320119976997375
21,390,2,0.01,80,0.9335348010063171,0.07655085623264313,0.2766782539930508,0.09529342502355576
21,390,2,0.01,81,0.9332555532455444,0.07687246799468994,0.2772588465580313,0.08470941334962845
21,390,2,0.01,82,0.9331061840057373,0.0770445168018341,0.2775689406288717,0.11343938112258911
21,390,2,0.01,83,0.9310896396636963,0.07936698198318481,0.28172146170142026,0.07531776279211044
21,390,2,0.01,84,0.9315980672836304,0.07878147065639496,0.2806803709852097,0.09681369364261627
21,390,2,0.01,85,0.9307912588119507,0.07971066981554031,0.28233078085030033,0.08071190118789673
21,390,2,0.01,86,0.9317182898521423,0.07864294946193695,0.2804335027451908,0.12032335251569748
21,390,2,0.01,87,0.9320199489593506,0.07829558104276657,0.27981347544885427,0.12669464945793152
21,390,2,0.01,88,0.932039737701416,0.0782727524638176,0.27977267998111893,0.08901985734701157
21,390,2,0.01,89,0.9323910474777222,0.07786809653043747,0.279048555865171,0.06914889812469482
21,390,2,0.01,90,0.9313551187515259,0.07906128466129303,0.28117838583591914,0.07412722706794739
21,390,2,0.01,91,0.9280462265014648,0.08287224173545837,0.28787539272306406,0.11263570934534073
21,390,2,0.01,92,0.9282443523406982,0.0826440379023552,0.28747876078478424,0.10493730008602142
21,390,2,0.01,93,0.9308562278747559,0.07963582873344421,0.28219820823925196,0.08076468110084534
21,390,2,0.01,94,0.9310279488563538,0.07943809032440186,0.2818476367195614,0.10492894798517227
21,390,2,0.01,95,0.9282277226448059,0.08266319334506989,0.28751207512914984,0.07172352075576782
21,390,2,0.01,96,0.931597113609314,0.07878250628709793,0.28068221583687475,0.13517722487449646
21,390,2,0.01,97,0.9302394986152649,0.08034616708755493,0.28345399465796023,0.07377444952726364
21,390,2,0.01,98,0.9307731986045837,0.07973149418830872,0.2823676578298384,0.08163278549909592
21,390,2,0.01,99,0.9308772087097168,0.07961166650056839,0.2821553942432581,0.09057864546775818
21,390,2,0.01,100,0.9305941462516785,0.07993772625923157,0.2827326055820792,0.0932498574256897
22,390,2,0.01,1,0.905696451663971,0.10861345380544662,0.3295655531232696,0.49581533670425415
22,390,2,0.01,2,0.9123497009277344,0.10095059871673584,0.31772723949440634,0.24328958988189697
22,390,2,0.01,3,0.9151393175125122,0.09773770719766617,0.3126303043495083,0.19464145600795746
22,390,2,0.01,4,0.9187809824943542,0.09354341775178909,0.305848684404215,0.14228685200214386
22,390,2,0.01,5,0.9176579713821411,0.09483688324689865,0.3079559761506483,0.16454781591892242
22,390,2,0.01,6,0.9198105335235596,0.09235762804746628,0.30390397833438487,0.13846638798713684
22,390,2,0.01,7,0.922287106513977,0.08950528502464294,0.29917433884717276,0.12357232719659805
22,390,2,0.01,8,0.9221515655517578,0.08966141194105148,0.299435154818287,0.1736869364976883
22,390,2,0.01,9,0.9231282472610474,0.08853653073310852,0.2975508876362303,0.13221296668052673
22,390,2,0.01,10,0.9252151846885681,0.08613287657499313,0.2934840312095245,0.11812040954828262
22,390,2,0.01,11,0.9267808198928833,0.08432964235544205,0.2903956651801849,0.1188850998878479
22,390,2,0.01,12,0.927817702293396,0.08313547074794769,0.2883322228748422,0.11211849004030228
22,390,2,0.01,13,0.9277480244636536,0.08321571350097656,0.28847133913263645,0.10781583189964294
22,390,2,0.01,14,0.9286108613014221,0.08222194015979767,0.28674368373130327,0.10189004987478256
22,390,2,0.01,15,0.9305779933929443,0.0799563080072403,0.28276546466504765,0.12179771810770035
22,390,2,0.01,16,0.9215244054794312,0.09038367867469788,0.30063878438201863,0.10411636531352997
22,390,2,0.01,17,0.929474413394928,0.08122731745243073,0.2850040656770193,0.11452626436948776
22,390,2,0.01,18,0.9300163984298706,0.08060309290885925,0.28390683843271414,0.18800035119056702
22,390,2,0.01,19,0.9298626184463501,0.08078023791313171,0.28421864455579215,0.12847553193569183
22,390,2,0.01,20,0.9283388257026672,0.08253524452447891,0.2872894786177853,0.08607197552919388
22,390,2,0.01,21,0.9302184581756592,0.08037041127681732,0.283496757083423,0.13544884324073792
22,390,2,0.01,22,0.9284048080444336,0.08245924860239029,0.2871571844868073,0.11137130856513977
22,390,2,0.01,23,0.9292165040969849,0.08152442425489426,0.2855248224846559,0.07856376469135284
22,390,2,0.01,24,0.9274803996086121,0.0835239589214325,0.2890051191958933,0.1637488752603531
22,390,2,0.01,25,0.9275501370429993,0.08344364166259766,0.28886613104100256,0.1576196402311325
22,390,2,0.01,26,0.9266675114631653,0.08446016907691956,0.2906203177290252,0.1235843375325203
22,390,2,0.01,27,0.9240165948867798,0.08751337230205536,0.29582659160740665,0.13015733659267426
22,390,2,0.01,28,0.9267008900642395,0.08442175388336182,0.2905542184917676,0.08894355595111847
22,390,2,0.01,29,0.932537317276001,0.0776997059583664,0.27874666986058577,0.12382639944553375
22,390,2,0.01,30,0.925575315952301,0.0857180804014206,0.2927765024748752,0.0958908200263977
22,390,2,0.01,31,0.9286630749702454,0.0821617916226387,0.28663878248178265,0.1388525515794754
22,390,2,0.01,32,0.9262661933898926,0.0849224254488945,0.2914145251165331,0.08843956887722015
22,390,2,0.01,33,0.9301737546920776,0.08042185753583908,0.2835874777486465,0.08467783033847809
22,390,2,0.01,34,0.9296228885650635,0.0810563713312149,0.28470400652469735,0.09657221287488937
22,390,2,0.01,35,0.9290438294410706,0.08172328770160675,0.2858728523340521,0.1410457342863083
22,390,2,0.01,36,0.9290837645530701,0.08167728781700134,0.2857923858625372,0.13495734333992004
22,390,2,0.01,37,0.9289789199829102,0.08179804682731628,0.2860035783470485,0.1472194939851761
22,390,2,0.01,38,0.9289912581443787,0.08178384602069855,0.28597875099506703,0.14957405626773834
22,390,2,0.01,39,0.928196370601654,0.08269933611154556,0.28757492260547607,0.08426640182733536
22,390,2,0.01,40,0.9312636852264404,0.07916656881570816,0.28136554304979877,0.0732983872294426
22,390,2,0.01,41,0.9287124276161194,0.08210494369268417,0.28653960231124104,0.10016235709190369
22,390,2,0.01,42,0.9256918430328369,0.08558391779661179,0.2925472915557616,0.1040777936577797
22,390,2,0.01,43,0.9265130758285522,0.08463801443576813,0.2909261322668834,0.12521472573280334
22,390,2,0.01,44,0.9292106032371521,0.08153119683265686,0.28553668211397437,0.12875187397003174
22,390,2,0.01,45,0.9250494837760925,0.08632374554872513,0.29380902904561174,0.126322939991951
22,390,2,0.01,46,0.9323115348815918,0.07795975357294083,0.2792127389159399,0.19205038249492645
22,390,2,0.01,47,0.9295133352279663,0.08118250966072083,0.2849254457936687,0.08930715918540955
22,390,2,0.01,48,0.9299777746200562,0.08064763993024826,0.2839852811859239,0.10814530402421951
22,390,2,0.01,49,0.9255803823471069,0.0857122614979744,0.29276656485666935,0.18771937489509583
22,390,2,0.01,50,0.9283475875854492,0.08252516388893127,0.2872719336951163,0.0865078940987587
22,390,2,0.01,51,0.9298399686813354,0.08080635219812393,0.2842645813289512,0.10770851373672485
22,390,2,0.01,52,0.9294778108596802,0.08122343569993973,0.2849972556007158,0.12856878340244293
22,390,2,0.01,53,0.9269977807998657,0.08407976478338242,0.2899651095966244,0.08513528108596802
22,390,2,0.01,54,0.9306671619415283,0.07985362410545349,0.2825838355346135,0.09274209290742874
22,390,2,0.01,55,0.9291455745697021,0.08160606026649475,0.2856677445328659,0.15738505125045776
22,390,2,0.01,56,0.9286987781524658,0.08212069422006607,0.2865670850255941,0.09519100934267044
22,390,2,0.01,57,0.9283791780471802,0.08248881250619888,0.28720865673965834,0.14485056698322296
22,390,2,0.01,58,0.9263018369674683,0.08488132059574127,0.2913439901486579,0.10647418349981308
22,390,2,0.01,59,0.9262847900390625,0.08490098267793655,0.2913777319527636,0.09389675408601761
22,390,2,0.01,60,0.928680956363678,0.08214122802019119,0.28660290999951693,0.0879124253988266
22,390,2,0.01,61,0.9276065826416016,0.08337858319282532,0.28875349901399516,0.07987743616104126
22,390,2,0.01,62,0.925606369972229,0.08568235486745834,0.29271548450237195,0.18255732953548431
22,390,2,0.01,63,0.9269521832466125,0.08413233608007431,0.2900557465041407,0.1075969934463501
22,390,2,0.01,64,0.9278026819229126,0.08315271884202957,0.2883621314285729,0.10623066872358322
22,390,2,0.01,65,0.9242122769355774,0.08728798478841782,0.29544540068922687,0.10080534219741821
22,390,2,0.01,66,0.9262231588363647,0.08497197926044464,0.29149953560931213,0.12306294590234756
22,390,2,0.01,67,0.9252970218658447,0.08603863418102264,0.2933234293080296,0.09870404005050659
22,390,2,0.01,68,0.9243760108947754,0.08709938824176788,0.29512605483380805,0.11386451125144958
22,390,2,0.01,69,0.924909234046936,0.08648525178432465,0.29408374960940065,0.07001721113920212
22,390,2,0.01,70,0.9245684146881104,0.08687779307365417,0.2947503911340139,0.10113543272018433
22,390,2,0.01,71,0.9263818860054016,0.08478916436433792,0.2911857901140403,0.07790607959032059
22,390,2,0.01,72,0.9233556389808655,0.08827459067106247,0.29711040148581547,0.11879951506853104
22,390,2,0.01,73,0.9256320595741272,0.08565273135900497,0.2926648789298179,0.10031510144472122
22,390,2,0.01,74,0.9256392121315002,0.08564451336860657,0.29265083866035063,0.09210676699876785
22,390,2,0.01,75,0.9258596897125244,0.085390605032444,0.2922167090233616,0.09196306020021439
22,390,2,0.01,76,0.9254302978515625,0.08588512241840363,0.29306163586932293,0.13687115907669067
22,390,2,0.01,77,0.9268320798873901,0.08427063375711441,0.2902940470576591,0.20769184827804565
22,390,2,0.01,78,0.92487633228302,0.08652316778898239,0.2941482071830158,0.11121947318315506
22,390,2,0.01,79,0.9253906607627869,0.08593076467514038,0.2931394969551875,0.11987128108739853
22,390,2,0.01,80,0.9300132989883423,0.08060666173696518,0.28391312357297815,0.16537542641162872
22,390,2,0.01,81,0.9266597628593445,0.08446910232305527,0.2906356865958743,0.11071620881557465
22,390,2,0.01,82,0.9262410402297974,0.08495138585567474,0.2914642102483163,0.08442172408103943
22,390,2,0.01,83,0.9274466037750244,0.08356283605098724,0.28907237164936267,0.08164562284946442
22,390,2,0.01,84,0.927014172077179,0.08406092971563339,0.2899326296152839,0.08272276073694229
22,390,2,0.01,85,0.9289368391036987,0.08184650540351868,0.2860882825344629,0.06106243282556534
22,390,2,0.01,86,0.9306344985961914,0.07989124953746796,0.28265040162269,0.10951147228479385
22,390,2,0.01,87,0.9263050556182861,0.0848776251077652,0.29133764794095046,0.09472143650054932
22,390,2,0.01,88,0.9262057542800903,0.08499202877283096,0.29153392387993365,0.0879475548863411
22,390,2,0.01,89,0.923328161239624,0.0883062481880188,0.2971636723895079,0.08520545810461044
22,390,2,0.01,90,0.9245045185089111,0.0869513750076294,0.294875185472819,0.08052501082420349
22,390,2,0.01,91,0.9278862476348877,0.0830565094947815,0.2881952627903198,0.08804097026586533
22,390,2,0.01,92,0.9285565614700317,0.08228444308042526,0.2868526504678408,0.09082433581352234
22,390,2,0.01,93,0.9250316619873047,0.08634425699710846,0.2938439330615973,0.08741124719381332
22,390,2,0.01,94,0.9229839444160461,0.08870270103216171,0.29782998679139366,0.08289476484060287
22,390,2,0.01,95,0.9249753355979919,0.08640910685062408,0.2939542597932952,0.09528326988220215
22,390,2,0.01,96,0.9237391948699951,0.08783284574747086,0.29636606713230657,0.0977557897567749
22,390,2,0.01,97,0.9228029847145081,0.08891114592552185,0.29817972084888983,0.1017794981598854
22,390,2,0.01,98,0.9209509491920471,0.09104418009519577,0.30173528148891665,0.07220199704170227
22,390,2,0.01,99,0.9206284284591675,0.091415636241436,0.3023501880955856,0.10683716833591461
22,390,2,0.01,100,0.9351164698600769,0.07472918182611465,0.27336638752069475,0.08797000348567963
23,390,2,0.01,1,0.9029781818389893,0.111744225025177,0.3342816552327947,0.552625834941864
23,390,2,0.01,2,0.9139643907546997,0.09909088909626007,0.31478705357155345,0.24499623477458954
23,390,2,0.01,3,0.9169380068778992,0.09566605091094971,0.309299290188241,0.18852201104164124
23,390,2,0.01,4,0.9193565845489502,0.09288047254085541,0.3047629776414048,0.1648797243833542
23,390,2,0.01,5,0.9204515218734741,0.09161937981843948,0.3026869336764299,0.15919752418994904
23,390,2,0.01,6,0.920627772808075,0.09141639620065689,0.3023514448463194,0.15699127316474915
23,390,2,0.01,7,0.9232712388038635,0.08837178349494934,0.29727391997104174,0.1513439416885376
23,390,2,0.01,8,0.9228060245513916,0.08890759199857712,0.29817376141870217,0.15840470790863037
23,390,2,0.01,9,0.9229487180709839,0.08874326944351196,0.2978980856660747,0.11335692554712296
23,390,2,0.01,10,0.9233413338661194,0.08829110860824585,0.29713819782762,0.11850439757108688
23,390,2,0.01,11,0.9222068190574646,0.08959776163101196,0.29932885198559117,0.11986374855041504
23,390,2,0.01,12,0.9229968786239624,0.08868780732154846,0.2978049820294289,0.13657400012016296
23,390,2,0.01,13,0.9235453009605408,0.08805618435144424,0.29674262307839133,0.1148739904165268
23,390,2,0.01,14,0.9229320287704468,0.08876249194145203,0.2979303474664037,0.11382400989532471
23,390,2,0.01,15,0.9238142967224121,0.08774634450674057,0.296220094704496,0.2083110511302948
23,390,2,0.01,16,0.9229972958564758,0.08868730068206787,0.2978041314053045,0.13307058811187744
23,390,2,0.01,17,0.9213871359825134,0.09054183959960938,0.3009017108618849,0.1554432362318039
23,390,2,0.01,18,0.9207609295845032,0.09126302599906921,0.3020977093575342,0.22365964949131012
23,390,2,0.01,19,0.9219464063644409,0.08989765495061874,0.2998293763970081,0.10854437202215195
23,390,2,0.01,20,0.9242660403251648,0.0872260257601738,0.29534052508955455,0.10992882400751114
23,390,2,0.01,21,0.9235368967056274,0.08806583285331726,0.29675887999067063,0.10183483362197876
23,390,2,0.01,22,0.9208384156227112,0.09117382019758224,0.3019500293054833,0.12333347648382187
23,390,2,0.01,23,0.9234697818756104,0.08814312517642975,0.29688907891067623,0.11442715674638748
23,390,2,0.01,24,0.9250839352607727,0.08628404140472412,0.2937414533305167,0.12660124897956848
23,390,2,0.01,25,0.9243462681770325,0.08713367581367493,0.2951841388246918,0.12234198302030563
23,390,2,0.01,26,0.9233341217041016,0.08829934895038605,0.2971520636818564,0.11493146419525146
23,390,2,0.01,27,0.923737645149231,0.08783464878797531,0.29636910903124725,0.15801474452018738
23,390,2,0.01,28,0.9241649508476257,0.08734250068664551,0.2955376468178724,0.10636138170957565
23,390,2,0.01,29,0.9248929023742676,0.08650410175323486,0.2941157965040893,0.16064076125621796
23,390,2,0.01,30,0.9258190989494324,0.0854373648762703,0.2922967069199896,0.0948958471417427
23,390,2,0.01,31,0.9194124341011047,0.09281615912914276,0.30465744555015023,0.23008371889591217
23,390,2,0.01,32,0.9220675826072693,0.08975808322429657,0.2995965340658943,0.10315752029418945
23,390,2,0.01,33,0.9203547835350037,0.09173079580068588,0.30287092267282095,0.08694864809513092
23,390,2,0.01,34,0.9251764416694641,0.0861775353550911,0.29356010518306314,0.13228847086429596
23,390,2,0.01,35,0.9221370816230774,0.08967806398868561,0.2994629592932749,0.1626155525445938
23,390,2,0.01,36,0.9229093790054321,0.08878861367702484,0.29797418290352745,0.08514997363090515
23,390,2,0.01,37,0.9242809414863586,0.08720888942480087,0.2953115125165304,0.09649047255516052
23,390,2,0.01,38,0.925963282585144,0.08527129888534546,0.2920124978238867,0.13371898233890533
23,390,2,0.01,39,0.9237536191940308,0.0878162607550621,0.29633808522540955,0.1350630521774292
23,390,2,0.01,40,0.9251188635826111,0.08624381572008133,0.2936729741056901,0.09152878820896149
23,390,2,0.01,41,0.9218538999557495,0.09000421315431595,0.3000070218416828,0.15359212458133698
23,390,2,0.01,42,0.9214397668838501,0.09048119187355042,0.3008009173416039,0.07969015836715698
23,390,2,0.01,43,0.9247865080833435,0.08662659674882889,0.2943239656379155,0.1104011982679367
23,390,2,0.01,44,0.9251903295516968,0.0861615240573883,0.2935328330142785,0.09367509186267853
23,390,2,0.01,45,0.9226192831993103,0.08912269026041031,0.29853423632878406,0.10103172808885574
23,390,2,0.01,46,0.9230436086654663,0.08863401412963867,0.2977146521917231,0.10315728187561035
23,390,2,0.01,47,0.9216169714927673,0.09027711302042007,0.30046150006351907,0.09464707225561142
23,390,2,0.01,48,0.9243987798690796,0.08707316219806671,0.2950816195530767,0.12473713606595993
23,390,2,0.01,49,0.9239897131919861,0.08754432201385498,0.29587889754738333,0.11337190866470337
23,390,2,0.01,50,0.9242697954177856,0.08722171932458878,0.2953332343719358,0.14549092948436737
23,390,2,0.01,51,0.924741804599762,0.08667812496423721,0.2944114891851832,0.13765661418437958
23,390,2,0.01,52,0.9261951446533203,0.08500421047210693,0.29155481555293666,0.09618692100048065
23,390,2,0.01,53,0.9252906441688538,0.0860459953546524,0.29333597691836644,0.10568401962518692
23,390,2,0.01,54,0.9266281723976135,0.08450551331043243,0.29069832010252905,0.0813983827829361
23,390,2,0.01,55,0.9241056442260742,0.08741079270839691,0.2956531628587743,0.10135319828987122
23,390,2,0.01,56,0.9254354238510132,0.08587922900915146,0.2930515807996119,0.08213991671800613
23,390,2,0.01,57,0.9268107414245605,0.08429519832134247,0.29033635377152217,0.07992435246706009
23,390,2,0.01,58,0.9271143674850464,0.08394555002450943,0.2897335845643536,0.0721510574221611
23,390,2,0.01,59,0.9255690574645996,0.0857253149151802,0.29278885722510034,0.07677481323480606
23,390,2,0.01,60,0.926201581954956,0.08499680459499359,0.2915421146163854,0.1037982627749443
23,390,2,0.01,61,0.9280291795730591,0.08289189636707306,0.2879095280935889,0.11141335219144821
23,390,2,0.01,62,0.9209714531898499,0.09102056920528412,0.30169615377940123,0.1281299591064453
23,390,2,0.01,63,0.9267690181732178,0.08434324711561203,0.29041908875900707,0.1111912950873375
23,390,2,0.01,64,0.9262492656707764,0.08494190871715546,0.2914479519865519,0.08664374053478241
23,390,2,0.01,65,0.9283713102340698,0.08249783515930176,0.28722436379823657,0.11759446561336517
23,390,2,0.01,66,0.9267948269844055,0.0843135342001915,0.2903679290145375,0.11067095398902893
23,390,2,0.01,67,0.9248809814453125,0.086517833173275,0.29413913913873313,0.0986500084400177
23,390,2,0.01,68,0.9260327219963074,0.0851912721991539,0.2918754395271276,0.08976853638887405
23,390,2,0.01,69,0.9249451160430908,0.08644390106201172,0.29401343687323495,0.08259417116641998
23,390,2,0.01,70,0.9274622797966003,0.08354481309652328,0.28904119619272833,0.08970515429973602
23,390,2,0.01,71,0.9274666905403137,0.08353970944881439,0.2890323674760569,0.06510943174362183
23,390,2,0.01,72,0.9263767600059509,0.0847950279712677,0.29119585843769774,0.14423680305480957
23,390,2,0.01,73,0.923946738243103,0.08759383857250214,0.2959625627887793,0.15888091921806335
23,390,2,0.01,74,0.92352694272995,0.08807727694511414,0.29677816116607053,0.09903734177350998
23,390,2,0.01,75,0.9226226806640625,0.08911876380443573,0.29852766003242603,0.12892863154411316
23,390,2,0.01,76,0.9265562891960144,0.08458829671144485,0.29084067238170946,0.07940710335969925
23,390,2,0.01,77,0.9260318875312805,0.08519227057695389,0.29187714980271046,0.08805602043867111
23,390,2,0.01,78,0.9252727031707764,0.08606663346290588,0.29337115308582384,0.08340030163526535
23,390,2,0.01,79,0.9283219575881958,0.08255471289157867,0.2873233594603451,0.11184614896774292
23,390,2,0.01,80,0.92906254529953,0.08170170336961746,0.28583509821156927,0.08908047527074814
23,390,2,0.01,81,0.9253719449043274,0.08595235645771027,0.29317632315333764,0.09345422685146332
23,390,2,0.01,82,0.9289247393608093,0.08186041563749313,0.2861125925881158,0.08220968395471573
23,390,2,0.01,83,0.9282305836677551,0.08265990018844604,0.28750634808373543,0.1592666357755661
23,390,2,0.01,84,0.9267538785934448,0.08436073362827301,0.29044919285181875,0.0868799090385437
23,390,2,0.01,85,0.9251660704612732,0.08618942648172379,0.293580357792758,0.15880607068538666
23,390,2,0.01,86,0.9282957315444946,0.08258488774299622,0.28737586492779144,0.06371248513460159
23,390,2,0.01,87,0.9287713766098022,0.082037054002285,0.2864211130525908,0.08777996152639389
23,390,2,0.01,88,0.9283846616744995,0.0824824720621109,0.2871976184826589,0.1195685938000679
23,390,2,0.01,89,0.9287798404693604,0.08202730119228363,0.2864040872478667,0.0633576288819313
23,390,2,0.01,90,0.930152416229248,0.08044645935297012,0.2836308504957987,0.11695857346057892
23,390,2,0.01,91,0.9319232702255249,0.07840686291456223,0.28001225493639065,0.08562742173671722
23,390,2,0.01,92,0.9294773936271667,0.08122390508651733,0.2849980790926797,0.09467021375894547
23,390,2,0.01,93,0.9262868165969849,0.08489863574504852,0.29137370462182843,0.14430367946624756
23,390,2,0.01,94,0.9323325157165527,0.0779355838894844,0.27916945371849766,0.1220872700214386
23,390,2,0.01,95,0.9284375905990601,0.08242151886224747,0.2870914816957262,0.0791470929980278
23,390,2,0.01,96,0.9318044185638428,0.07854380458593369,0.28025667625577394,0.11684928834438324
23,390,2,0.01,97,0.9296380281448364,0.08103891462087631,0.2846733472260379,0.12450479716062546
23,390,2,0.01,98,0.9288598299026489,0.08193515986204147,0.286243183083967,0.1007637083530426
23,390,2,0.01,99,0.9319690465927124,0.07835417985916138,0.2799181663614589,0.08373375982046127
23,390,2,0.01,100,0.9325812458992004,0.0776490643620491,0.2786558170253209,0.08665826171636581
24,390,2,0.01,1,0.8926092982292175,0.12368647754192352,0.35169088350698474,0.30264967679977417
24,390,2,0.01,2,0.901258111000061,0.11372531205415726,0.33723183724873496,0.2820096015930176
24,390,2,0.01,3,0.9049619436264038,0.10945942252874374,0.3308465241297598,0.23185525834560394
24,390,2,0.01,4,0.9024068117141724,0.1124022975564003,0.33526451878539176,0.2597120702266693
24,390,2,0.01,5,0.907018780708313,0.10709048062562943,0.3272468191222482,0.17944730818271637
24,390,2,0.01,6,0.9072404503822327,0.10683518648147583,0.3268565227763947,0.16974931955337524
24,390,2,0.01,7,0.9082021713256836,0.10572748631238937,0.3251576330218766,0.17994184792041779
24,390,2,0.01,8,0.910544753074646,0.10302946716547012,0.3209820355806071,0.14428365230560303
24,390,2,0.01,9,0.9098660945892334,0.1038111075758934,0.3221973115590715,0.164369136095047
24,390,2,0.01,10,0.9105266332626343,0.1030503511428833,0.3210145653126713,0.1858835071325302
24,390,2,0.01,11,0.9122422933578491,0.10107428580522537,0.3179218234176845,0.14953605830669403
24,390,2,0.01,12,0.912056565284729,0.10128820687532425,0.3182580821838218,0.13164766132831573
24,390,2,0.01,13,0.9142865538597107,0.09871986508369446,0.31419717548649995,0.19350691139698029
24,390,2,0.01,14,0.9138510227203369,0.09922147542238235,0.3149944053826708,0.12691965699195862
24,390,2,0.01,15,0.9132859706878662,0.09987226128578186,0.3160257288351407,0.1968902200460434
24,390,2,0.01,16,0.915732741355896,0.09705422073602676,0.31153526403286474,0.13906297087669373
24,390,2,0.01,17,0.9166239500045776,0.09602775424718857,0.30988345268372847,0.12471568584442139
24,390,2,0.01,18,0.9178891181945801,0.09457064419984818,0.3075234043123355,0.13471543788909912
24,390,2,0.01,19,0.9173777103424072,0.09515964239835739,0.3084795656090649,0.11534594744443893
24,390,2,0.01,20,0.917361319065094,0.09517849236726761,0.3085101171230331,0.21010766923427582
24,390,2,0.01,21,0.9185192584991455,0.09384490549564362,0.3063411586705966,0.11695300042629242
24,390,2,0.01,22,0.9175727963447571,0.09493497014045715,0.30811518972692203,0.14919546246528625
24,390,2,0.01,23,0.9190391898155212,0.09324604272842407,0.3053621501241175,0.13671743869781494
24,390,2,0.01,24,0.9204163551330566,0.09165991097688675,0.30275387854970043,0.08835170418024063
24,390,2,0.01,25,0.9199935793876648,0.0921468436717987,0.3035569858721731,0.13929525017738342
24,390,2,0.01,26,0.9217517375946045,0.09012187272310257,0.30020305248798285,0.22455692291259766
24,390,2,0.01,27,0.9200639724731445,0.09206577390432358,0.30342342346022594,0.09395933151245117
24,390,2,0.01,28,0.9188103675842285,0.09350957721471786,0.3057933570480527,0.1646871566772461
24,390,2,0.01,29,0.9215197563171387,0.09038905799388885,0.3006477307313143,0.11191386729478836
24,390,2,0.01,30,0.920685887336731,0.09134946763515472,0.30224074449874344,0.13980446755886078
24,390,2,0.01,31,0.9183628559112549,0.09402503818273544,0.3066350243901297,0.11175215244293213
24,390,2,0.01,32,0.9219425916671753,0.08990208804607391,0.29983676900285916,0.10689018666744232
24,390,2,0.01,33,0.921560525894165,0.09034211933612823,0.30056965804307034,0.1230444461107254
24,390,2,0.01,34,0.9217664003372192,0.09010498225688934,0.3001749194334686,0.1668933779001236
24,390,2,0.01,35,0.9213256239891052,0.09061263501644135,0.30101932664937203,0.09039190411567688
24,390,2,0.01,36,0.9214766025543213,0.09043874591588974,0.30073035416447363,0.0857216864824295
24,390,2,0.01,37,0.923437237739563,0.08818059414625168,0.29695217484681213,0.12619329988956451
24,390,2,0.01,38,0.9227449893951416,0.08897791057825089,0.2982916535511024,0.07902427017688751
24,390,2,0.01,39,0.9201716780662537,0.0919417142868042,0.30321892138651935,0.09916064143180847
24,390,2,0.01,40,0.916394829750061,0.09629165381193161,0.3103089650846904,0.2609797418117523
24,390,2,0.01,41,0.921891450881958,0.0899609848856926,0.2999349677608341,0.11224732547998428
24,390,2,0.01,42,0.919983983039856,0.09215788543224335,0.303575172621615,0.11732533574104309
24,390,2,0.01,43,0.9228867292404175,0.08881469815969467,0.29801794939180204,0.09142690896987915
24,390,2,0.01,44,0.9230424761772156,0.08863528817892075,0.29771679189948413,0.11867988854646683
24,390,2,0.01,45,0.9207201600074768,0.09130997955799103,0.30217541190174796,0.10953429341316223
24,390,2,0.01,46,0.9200301766395569,0.09210468828678131,0.30348754222666424,0.12926502525806427
24,390,2,0.01,47,0.9227956533432007,0.08891957253217697,0.298193850594168,0.08176109194755554
24,390,2,0.01,48,0.9235087037086487,0.08809833228588104,0.2968136322440077,0.07731181383132935
24,390,2,0.01,49,0.9246252775192261,0.08681231737136841,0.29463930045289005,0.10097045451402664
24,390,2,0.01,50,0.9226906299591064,0.08904051035642624,0.29839656559086974,0.1309722661972046
24,390,2,0.01,51,0.9213569164276123,0.0905766487121582,0.30095954663734825,0.08421435207128525
24,390,2,0.01,52,0.9236545562744141,0.08793032169342041,0.2965304734650731,0.1029774397611618
24,390,2,0.01,53,0.9249739050865173,0.0864107683300972,0.29395708586475205,0.13173101842403412
24,390,2,0.01,54,0.9240073561668396,0.08752399682998657,0.2958445484202583,0.09752053022384644
24,390,2,0.01,55,0.9224880933761597,0.08927382528781891,0.2987872575727066,0.08957967907190323
24,390,2,0.01,56,0.9242336750030518,0.08726333826780319,0.29540368695702357,0.0677957534790039
24,390,2,0.01,57,0.9242532849311829,0.08724072575569153,0.2953654105607011,0.13906432688236237
24,390,2,0.01,58,0.9239814281463623,0.08755385130643845,0.2958950004755715,0.11064308136701584
24,390,2,0.01,59,0.9246824979782104,0.08674638718366623,0.2945273963210659,0.10211575031280518
24,390,2,0.01,60,0.9269590377807617,0.08412441611289978,0.29004209369141537,0.13916324079036713
24,390,2,0.01,61,0.9256484508514404,0.08563388139009476,0.29263267314176444,0.07428236305713654
24,390,2,0.01,62,0.9253619313240051,0.0859638899564743,0.2931959923949751,0.1187698170542717
24,390,2,0.01,63,0.9236845970153809,0.0878957062959671,0.2964721003669099,0.1082092821598053
24,390,2,0.01,64,0.9257739782333374,0.08548927307128906,0.29238548710784035,0.09312742948532104
24,390,2,0.01,65,0.9250832796096802,0.0862848088145256,0.29374275959506746,0.09292709082365036
24,390,2,0.01,66,0.925691545009613,0.08558422327041626,0.292547813648327,0.07752460241317749
24,390,2,0.01,67,0.9228637218475342,0.08884115517139435,0.2980623343721819,0.1055251955986023
24,390,2,0.01,68,0.9254975318908691,0.08580770343542099,0.29292951956984636,0.09000404179096222
24,390,2,0.01,69,0.924720287322998,0.08670290559530258,0.2944535712048719,0.08398263901472092
24,390,2,0.01,70,0.9260650873184204,0.0851539894938469,0.29181156504471667,0.08416255563497543
24,390,2,0.01,71,0.9261237978935242,0.08508636802434921,0.2916956770751826,0.08391493558883667
24,390,2,0.01,72,0.9272800087928772,0.08375471085309982,0.2894040615698056,0.08130548894405365
24,390,2,0.01,73,0.9277403950691223,0.08322450518608093,0.2884865771332887,0.07515522092580795
24,390,2,0.01,74,0.9274407029151917,0.08356965333223343,0.2890841630602296,0.10728057473897934
24,390,2,0.01,75,0.9272725582122803,0.08376328647136688,0.28941887718558873,0.18370282649993896
24,390,2,0.01,76,0.9258440732955933,0.0854085385799408,0.2922473927684228,0.08152445405721664
24,390,2,0.01,77,0.9265344142913818,0.08461348712444305,0.29088397536551075,0.09426091611385345
24,390,2,0.01,78,0.926974356174469,0.08410678058862686,0.2900116904344148,0.06661737710237503
24,390,2,0.01,79,0.926343560218811,0.08483332395553589,0.2912616074176888,0.06556077301502228
24,390,2,0.01,80,0.9273105263710022,0.08371958136558533,0.2893433624011191,0.08648726344108582
24,390,2,0.01,81,0.9290894269943237,0.08167077600955963,0.28578099308659355,0.1154228001832962
24,390,2,0.01,82,0.9293720722198486,0.08134518563747406,0.28521077405573947,0.14545834064483643
24,390,2,0.01,83,0.9308547377586365,0.0796375498175621,0.28220125764702414,0.062189050018787384
24,390,2,0.01,84,0.9305619597434998,0.07997475564479828,0.282798082816695,0.07983051985502243
24,390,2,0.01,85,0.9277364611625671,0.08322900533676147,0.288494376612026,0.08291858434677124
24,390,2,0.01,86,0.9305171966552734,0.08002636581659317,0.28288931725428085,0.07483559846878052
24,390,2,0.01,87,0.9293711185455322,0.0813463106751442,0.2852127463405943,0.10217883437871933
24,390,2,0.01,88,0.9327248334884644,0.07748368382453918,0.27835891188273315,0.08208616077899933
24,390,2,0.01,89,0.9333042502403259,0.07681635767221451,0.2771576404723754,0.07419402152299881
24,390,2,0.01,90,0.9340189695358276,0.07599321752786636,0.2756686734612157,0.09323569387197495
24,390,2,0.01,91,0.9321582317352295,0.07813628762960434,0.2795286883838658,0.0811324268579483
24,390,2,0.01,92,0.9350064992904663,0.07485583424568176,0.273597942692707,0.0926959365606308
24,390,2,0.01,93,0.9331345558166504,0.07701177150011063,0.2775099484705199,0.10606317967176437
24,390,2,0.01,94,0.9352843165397644,0.0745358094573021,0.27301247124866307,0.11332132667303085
24,390,2,0.01,95,0.9390132427215576,0.0702410489320755,0.26503027927403977,0.10138429701328278
24,390,2,0.01,96,0.9317247867584229,0.07863551378250122,0.2804202449583504,0.10995202511548996
24,390,2,0.01,97,0.9341526031494141,0.07583923637866974,0.2753892452124261,0.07879067212343216
24,390,2,0.01,98,0.9362934231758118,0.07337361574172974,0.2708756462691501,0.07796761393547058
24,390,2,0.01,99,0.9333644509315491,0.07674703001976013,0.2770325432503556,0.07066638022661209
24,390,2,0.01,100,0.9383148550987244,0.07104545086622238,0.26654352527537106,0.07808878272771835
25,390,2,0.01,1,0.897668719291687,0.1178593561053276,0.3433065046067837,0.2633485496044159
25,390,2,0.01,2,0.9073905944824219,0.10666222870349884,0.32659183808463255,0.2747446596622467
25,390,2,0.01,3,0.9102627635002136,0.10335424542427063,0.32148755096312925,0.19316425919532776
25,390,2,0.01,4,0.9115930199623108,0.10182212293148041,0.31909578958594925,0.17162208259105682
25,390,2,0.01,5,0.9104660153388977,0.10312014818191528,0.3211232601072605,0.19627782702445984
25,390,2,0.01,6,0.911811113357544,0.10157093405723572,0.31870195176251387,0.14902076125144958
25,390,2,0.01,7,0.9106598496437073,0.10289687663316727,0.3207754302205318,0.1777711659669876
25,390,2,0.01,8,0.9103935360908508,0.10320363193750381,0.32125322089825625,0.19409364461898804
25,390,2,0.01,9,0.9105990529060364,0.10296694189310074,0.32088462395867573,0.17122606933116913
25,390,2,0.01,10,0.9117193818092346,0.1016765609383583,0.31886762290699616,0.11619802564382553
25,390,2,0.01,11,0.9106607437133789,0.10289587080478668,0.32077386240899786,0.13493284583091736
25,390,2,0.01,12,0.910487711429596,0.103095144033432,0.3210843254246959,0.1494140774011612
25,390,2,0.01,13,0.9100558757781982,0.10359248518943787,0.32185786488671964,0.12370956689119339
25,390,2,0.01,14,0.9106312990188599,0.10292980819940567,0.32082675729964555,0.1359679102897644
25,390,2,0.01,15,0.9091853499412537,0.1045951172709465,0.32341168388131325,0.14084991812705994
25,390,2,0.01,16,0.9102572798728943,0.10336054116487503,0.32149734239162076,0.1484651118516922
25,390,2,0.01,17,0.9110113978385925,0.10249198228120804,0.3201436900537133,0.1436370611190796
25,390,2,0.01,18,0.9117249250411987,0.10167020559310913,0.3188576572596448,0.09159433096647263
25,390,2,0.01,19,0.9113699793815613,0.10207901149988174,0.31949806180927254,0.15088093280792236
25,390,2,0.01,20,0.9092949032783508,0.104468934237957,0.3232165438803481,0.18361561000347137
25,390,2,0.01,21,0.9107406139373779,0.10280383378267288,0.3206303694017036,0.1491616666316986
25,390,2,0.01,22,0.9129291772842407,0.1002831906080246,0.3166752131254112,0.11302798986434937
25,390,2,0.01,23,0.9132280945777893,0.09993895888328552,0.316131236804093,0.10922180116176605
25,390,2,0.01,24,0.9133210182189941,0.09983190149068832,0.31596186714647756,0.13491448760032654
25,390,2,0.01,25,0.9138463735580444,0.09922682493925095,0.3150028967156508,0.1128208115696907
25,390,2,0.01,26,0.9140132069587708,0.09903470426797867,0.3146977983208314,0.17322702705860138
25,390,2,0.01,27,0.9137234687805176,0.0993683785200119,0.3152275027976016,0.16147148609161377
25,390,2,0.01,28,0.9161571264266968,0.09656547755002975,0.3107498633145794,0.1049773097038269
25,390,2,0.01,29,0.9161006212234497,0.0966305285692215,0.31085451350948967,0.10197022557258606
25,390,2,0.01,30,0.915264904499054,0.09759305417537689,0.3123988703170626,0.09263887256383896
25,390,2,0.01,31,0.9143174886703491,0.09868426620960236,0.3141405198467755,0.11909688264131546
25,390,2,0.01,32,0.9166606664657593,0.09598548710346222,0.30981524672530597,0.10325299948453903
25,390,2,0.01,33,0.9175349473953247,0.09497857093811035,0.3081859356591575,0.127903550863266
25,390,2,0.01,34,0.9113785028457642,0.10206920653581619,0.3194827171159908,0.14202359318733215
25,390,2,0.01,35,0.9145944118499756,0.09836531430482864,0.31363245097538717,0.09039408713579178
25,390,2,0.01,36,0.9182895421981812,0.09410948306322098,0.3067726895654517,0.12356247007846832
25,390,2,0.01,37,0.9168164730072021,0.0958060622215271,0.3095255437302826,0.10309576988220215
25,390,2,0.01,38,0.9188259840011597,0.09349159896373749,0.30576395955661206,0.10948246717453003
25,390,2,0.01,39,0.9199337959289551,0.09221567213535309,0.3036703346317402,0.09726151823997498
25,390,2,0.01,40,0.9183508157730103,0.09403888136148453,0.30665759628857153,0.12609262764453888
25,390,2,0.01,41,0.919365406036377,0.09287036210298538,0.30474638981124186,0.17921939492225647
25,390,2,0.01,42,0.9204810261726379,0.0915854349732399,0.3026308559503474,0.10159781575202942
25,390,2,0.01,43,0.9219590425491333,0.08988311141729355,0.29980512240002427,0.12852537631988525
25,390,2,0.01,44,0.9223845601081848,0.0893930196762085,0.2989866546791152,0.12166734784841537
25,390,2,0.01,45,0.9218570590019226,0.09000059962272644,0.30000099936954616,0.11319820582866669
25,390,2,0.01,46,0.9224715828895569,0.08929283171892166,0.2988190618399731,0.08205929398536682
25,390,2,0.01,47,0.9228183627128601,0.08889339119195938,0.298149947496154,0.09985802322626114
25,390,2,0.01,48,0.9196462035179138,0.09254691004753113,0.30421523638294506,0.1329609751701355
25,390,2,0.01,49,0.9224483966827393,0.08931948989629745,0.2988636643961548,0.10572466254234314
25,390,2,0.01,50,0.9230552911758423,0.08862049132585526,0.2976919403105419,0.10377801209688187
25,390,2,0.01,51,0.9248405694961548,0.08656433969736099,0.29421818383193277,0.09191228449344635
25,390,2,0.01,52,0.9253772497177124,0.08594620227813721,0.2931658272686931,0.09362709522247314
25,390,2,0.01,53,0.9250091910362244,0.08637012541294098,0.2938879470358405,0.0993104875087738
25,390,2,0.01,54,0.927753210067749,0.08320972323417664,0.288460956169421,0.1032496765255928
25,390,2,0.01,55,0.9271165132522583,0.08394307643175125,0.28972931579622946,0.09153561294078827
25,390,2,0.01,56,0.926110029220581,0.08510228991508484,0.29172296775380036,0.11411142349243164
25,390,2,0.01,57,0.9276737570762634,0.08330126106739044,0.2886195784547376,0.12277177721261978
25,390,2,0.01,58,0.9265119433403015,0.08463932573795319,0.2909283859267658,0.11289457231760025
25,390,2,0.01,59,0.9296635389328003,0.08100952953100204,0.28462173060221885,0.0983964279294014
25,390,2,0.01,60,0.9321234226226807,0.0781763419508934,0.2796003253769448,0.07520636171102524
25,390,2,0.01,61,0.9326222538948059,0.07760187238454819,0.2785711262578162,0.0921044573187828
25,390,2,0.01,62,0.9332382678985596,0.07689237594604492,0.2772947456156444,0.1078704223036766
25,390,2,0.01,63,0.9322590827941895,0.0780201405286789,0.2793208558784662,0.09707864373922348
25,390,2,0.01,64,0.9331386089324951,0.07700715214014053,0.27750162547297,0.07789020240306854
25,390,2,0.01,65,0.9352289438247681,0.07459957897663116,0.2731292349358288,0.16513051092624664
25,390,2,0.01,66,0.9355913400650024,0.07418224215507507,0.2723641719372705,0.09617556631565094
25,390,2,0.01,67,0.934553861618042,0.07537711411714554,0.27454892845747103,0.12282467633485794
25,390,2,0.01,68,0.9357343316078186,0.07401752471923828,0.2720616193424539,0.08770927786827087
25,390,2,0.01,69,0.9383286833763123,0.07102952152490616,0.26651364228666824,0.1005750447511673
25,390,2,0.01,70,0.9391266703605652,0.07011044770479202,0.2647837753805773,0.08902814239263535
25,390,2,0.01,71,0.9408668279647827,0.06810620427131653,0.26097165415293005,0.09446711838245392
25,390,2,0.01,72,0.9430263042449951,0.06561902165412903,0.2561621003468878,0.08638978004455566
25,390,2,0.01,73,0.9432376623153687,0.06537559628486633,0.255686519560313,0.08749472349882126
25,390,2,0.01,74,0.9455742835998535,0.06268446147441864,0.250368651141509,0.10019151121377945
25,390,2,0.01,75,0.9474254250526428,0.060552388429641724,0.24607394910807143,0.12279850244522095
25,390,2,0.01,76,0.9456081986427307,0.06264537572860718,0.2502905825807419,0.0945715382695198
25,390,2,0.01,77,0.9503723978996277,0.057158224284648895,0.23907786238932474,0.11501844972372055
25,390,2,0.01,78,0.9521431922912598,0.05511874333024025,0.2347738131271038,0.10462764650583267
25,390,2,0.01,79,0.9503457546234131,0.05718895047903061,0.23914211356227202,0.11040589213371277
25,390,2,0.01,80,0.9539110660552979,0.053082577884197235,0.23039656656338703,0.0971580445766449
25,390,2,0.01,81,0.9535448551177979,0.05350435897707939,0.2313100926831326,0.09060300886631012
25,390,2,0.01,82,0.9549766778945923,0.05185532942414284,0.2277176528601655,0.11426284164190292
25,390,2,0.01,83,0.956985354423523,0.04954179376363754,0.2225798592946755,0.113755002617836
25,390,2,0.01,84,0.9563693404197693,0.05025128647685051,0.22416798718115508,0.0816015750169754
25,390,2,0.01,85,0.9565058946609497,0.050094012171030045,0.2238169166328364,0.07958300411701202
25,390,2,0.01,86,0.9606623649597168,0.04530683532357216,0.21285402350806565,0.08323891460895538
25,390,2,0.01,87,0.9593808650970459,0.04678281769156456,0.2162933602576939,0.09725958108901978
25,390,2,0.01,88,0.9607868194580078,0.04516351968050003,0.21251710444220726,0.08749543130397797
25,390,2,0.01,89,0.9620044827461243,0.04376104101538658,0.20919139804348214,0.10493679344654083
25,390,2,0.01,90,0.9636027812957764,0.04192023724317551,0.20474432163841688,0.11949627101421356
25,390,2,0.01,91,0.9604763984680176,0.04552106559276581,0.21335666287408464,0.09058474004268646
25,390,2,0.01,92,0.959290623664856,0.04688676819205284,0.2165335267159634,0.09736008197069168
25,390,2,0.01,93,0.9624446630477905,0.04325409233570099,0.20797618213560173,0.11136894673109055
25,390,2,0.01,94,0.960138201713562,0.045910537242889404,0.21426744326399522,0.11415901780128479
25,390,2,0.01,95,0.9624573588371277,0.043239448219537735,0.20794097292149455,0.09012368321418762
25,390,2,0.01,96,0.9626322388648987,0.04303804785013199,0.2074561347613803,0.10404527932405472
25,390,2,0.01,97,0.9630764126777649,0.042526450008153915,0.20621942199548984,0.09928686171770096
25,390,2,0.01,98,0.9636407494544983,0.04187651351094246,0.20463751735921362,0.10134951770305634
25,390,2,0.01,99,0.9648358821868896,0.04050005227327347,0.20124624784893125,0.12053034454584122
25,390,2,0.01,100,0.9629496932029724,0.04267246276140213,0.20657314143276742,0.09683005511760712
26,390,2,0.01,1,0.904039204120636,0.11052217334508896,0.33244875296064647,0.4278251528739929
26,390,2,0.01,2,0.9137516617774963,0.0993359163403511,0.3151760085100881,0.263802707195282
26,390,2,0.01,3,0.9171446561813354,0.09542807191610336,0.30891434397920625,0.16835623979568481
26,390,2,0.01,4,0.9200791716575623,0.09204824268817902,0.3033945330558529,0.16022728383541107
26,390,2,0.01,5,0.9191072583198547,0.09316766262054443,0.3052337835504852,0.1513054370880127
26,390,2,0.01,6,0.9217634797096252,0.09010837972164154,0.3001805785217317,0.1583007574081421
26,390,2,0.01,7,0.9226295351982117,0.0891108587384224,0.2985144196490722,0.1553659439086914
26,390,2,0.01,8,0.9232693314552307,0.08837400376796722,0.2972776543367618,0.13628284633159637
26,390,2,0.01,9,0.9213006496429443,0.09064146131277084,0.30106720398072395,0.13888444006443024
26,390,2,0.01,10,0.9216344952583313,0.09025692939758301,0.3004279104836683,0.2137262374162674
26,390,2,0.01,11,0.9219254851341248,0.08992176502943039,0.29986958003343783,0.13683147728443146
26,390,2,0.01,12,0.9224711656570435,0.08929328620433807,0.29881982230825666,0.16673831641674042
26,390,2,0.01,13,0.9232926368713379,0.08834715187549591,0.2972324879206442,0.10765532404184341
26,390,2,0.01,14,0.9202073812484741,0.09190060943365097,0.30315113299087465,0.13407695293426514
26,390,2,0.01,15,0.922667920589447,0.08906670659780502,0.2984404573743396,0.12842991948127747
26,390,2,0.01,16,0.923477828502655,0.08813389390707016,0.29687353183985626,0.11821241676807404
26,390,2,0.01,17,0.9155573844909668,0.09725619852542877,0.3118592607658602,0.24524079263210297
26,390,2,0.01,18,0.9243756532669067,0.08709977567195892,0.2951267112139444,0.11607559770345688
26,390,2,0.01,19,0.9231123328208923,0.08855485171079636,0.29758167233685,0.1491032838821411
26,390,2,0.01,20,0.9242103099822998,0.08729026466608047,0.2954492590379615,0.09396135061979294
26,390,2,0.01,21,0.9251384735107422,0.08622122555971146,0.293634510164782,0.10711352527141571
26,390,2,0.01,22,0.9228518009185791,0.08885487914085388,0.29808535546191106,0.15763621032238007
26,390,2,0.01,23,0.9238992929458618,0.08764847368001938,0.29605484910742363,0.10007663071155548
26,390,2,0.01,24,0.9249470233917236,0.08644172549247742,0.29400973707086203,0.1254640519618988
26,390,2,0.01,25,0.9165332317352295,0.09613222628831863,0.310051973527534,0.1680513620376587
26,390,2,0.01,26,0.9260109066963196,0.08521639555692673,0.29191847416175415,0.08960700035095215
26,390,2,0.01,27,0.9220330715179443,0.08979784697294235,0.29966288888172715,0.12932442128658295
26,390,2,0.01,28,0.9258052706718445,0.08545325696468353,0.2923238905130464,0.11998756229877472
26,390,2,0.01,29,0.924132227897644,0.08738015592098236,0.29560134627735096,0.10465128719806671
26,390,2,0.01,30,0.9266942739486694,0.08442935347557068,0.29056729594978625,0.10740433633327484
26,390,2,0.01,31,0.9251149892807007,0.08624831587076187,0.29368063584574633,0.08774066716432571
26,390,2,0.01,32,0.9231672286987305,0.08849160373210907,0.2974753834052644,0.2301364690065384
26,390,2,0.01,33,0.9232202768325806,0.08843053877353668,0.29737272701701595,0.09537438303232193
26,390,2,0.01,34,0.9251410365104675,0.08621828258037567,0.29362949882526396,0.09532315284013748
26,390,2,0.01,35,0.9246240854263306,0.08681369572877884,0.29464163950259786,0.08189699053764343
26,390,2,0.01,36,0.9252108931541443,0.08613785356283188,0.29349251023293915,0.08905953168869019
26,390,2,0.01,37,0.9270959496498108,0.08396673202514648,0.2897701365309174,0.09794358909130096
26,390,2,0.01,38,0.9270663857460022,0.08400077372789383,0.28982886972814464,0.11065100133419037
26,390,2,0.01,39,0.9251573085784912,0.08619951456785202,0.29359753842267144,0.13717235624790192
26,390,2,0.01,40,0.9261865615844727,0.08501408994197845,0.29157175779210587,0.07835038006305695
26,390,2,0.01,41,0.9264002442359924,0.08476802706718445,0.2911494926445596,0.1073111742734909
26,390,2,0.01,42,0.9273747205734253,0.08364569395780563,0.28921565303040847,0.10997959226369858
26,390,2,0.01,43,0.9252668023109436,0.08607345074415207,0.2933827717234808,0.08931279182434082
26,390,2,0.01,44,0.9258034229278564,0.08545537292957306,0.2923275097037107,0.0997263714671135
26,390,2,0.01,45,0.9287766218185425,0.0820310190320015,0.2864105777236614,0.09549012780189514
26,390,2,0.01,46,0.9284035563468933,0.08246072381734848,0.2871597531294183,0.10269685089588165
26,390,2,0.01,47,0.9275643229484558,0.08342727273702621,0.2888377965866417,0.09307859092950821
26,390,2,0.01,48,0.9261505603790283,0.08505560457706451,0.2916429402146819,0.09967836737632751
26,390,2,0.01,49,0.9286282062530518,0.08220197260379791,0.28670886383890876,0.11811673641204834
26,390,2,0.01,50,0.9283992052078247,0.08246570080518723,0.2871684188854812,0.08940228819847107
26,390,2,0.01,51,0.9286227822303772,0.08220823109149933,0.28671977799150744,0.1326248049736023
26,390,2,0.01,52,0.9277801513671875,0.08317866921424866,0.2884071240698618,0.08634557574987411
26,390,2,0.01,53,0.929239809513092,0.08149753510951996,0.2854777313723786,0.07090621441602707
26,390,2,0.01,54,0.9278597235679626,0.08308707177639008,0.288248281480376,0.12992382049560547
26,390,2,0.01,55,0.9293689727783203,0.08134882152080536,0.28521714801323805,0.09783648699522018
26,390,2,0.01,56,0.9315540790557861,0.07883212715387344,0.28077059524436215,0.10062907636165619
26,390,2,0.01,57,0.9291185736656189,0.08163720369338989,0.285722249209595,0.14979498088359833
26,390,2,0.01,58,0.9320775270462036,0.07822923362255096,0.27969489380850515,0.08348606526851654
26,390,2,0.01,59,0.9288535714149475,0.0819423720240593,0.28625578076968033,0.10710754245519638
26,390,2,0.01,60,0.9285368323326111,0.08230721950531006,0.2868923482864436,0.1303362250328064
26,390,2,0.01,61,0.9318810701370239,0.07845547795295715,0.28009905025357934,0.12309501320123672
26,390,2,0.01,62,0.9333803653717041,0.0767286941409111,0.2769994479072316,0.09453025460243225
26,390,2,0.01,63,0.9383004307746887,0.07106205075979233,0.26657466263655355,0.10805501788854599
26,390,2,0.01,64,0.9410667419433594,0.06787597388029099,0.26053017844443854,0.09662716835737228
26,390,2,0.01,65,0.9374216198921204,0.07207419723272324,0.26846638007900214,0.0930071547627449
26,390,2,0.01,66,0.9405634999275208,0.06845559924840927,0.2616402095405239,0.08527310192584991
26,390,2,0.01,67,0.9420743584632874,0.06671542674303055,0.25829329596997,0.08965858817100525
26,390,2,0.01,68,0.9420864582061768,0.06670153886079788,0.2582664106321182,0.1070563867688179
26,390,2,0.01,69,0.9453712701797485,0.0629182755947113,0.250835156217607,0.0890248566865921
26,390,2,0.01,70,0.9419461488723755,0.06686308234930038,0.2585789673374468,0.07244547456502914
26,390,2,0.01,71,0.9501332640647888,0.05743369087576866,0.23965327219916832,0.12016239017248154
26,390,2,0.01,72,0.9291936159133911,0.0815507173538208,0.2855708622283107,0.0771714374423027
26,390,2,0.01,73,0.9263685345649719,0.08480454981327057,0.29121220752789634,0.0816192477941513
26,390,2,0.01,74,0.9312300682067871,0.07920529693365097,0.28143435634913333,0.10348093509674072
26,390,2,0.01,75,0.9291358590126038,0.08161725848913193,0.2856873439428704,0.10945947468280792
26,390,2,0.01,76,0.926878809928894,0.08421682566404343,0.2902013536564629,0.12709425389766693
26,390,2,0.01,77,0.930939793586731,0.07953962683677673,0.28202770579639286,0.0929800271987915
26,390,2,0.01,78,0.9320354461669922,0.07827766984701157,0.27978146801925885,0.11407174915075302
26,390,2,0.01,79,0.9301703572273254,0.08042580634355545,0.2835944399023991,0.08564604818820953
26,390,2,0.01,80,0.9319000244140625,0.07843364775180817,0.2800600788256123,0.07762904465198517
26,390,2,0.01,81,0.9319143295288086,0.07841718941926956,0.2800306937092246,0.07794396579265594
26,390,2,0.01,82,0.9308770895004272,0.07961181551218033,0.28215565830261197,0.07914584130048752
26,390,2,0.01,83,0.9317919611930847,0.07855812460184097,0.2802822231284763,0.08989297598600388
26,390,2,0.01,84,0.9316898584365845,0.0786757618188858,0.2804919995630638,0.08617593348026276
26,390,2,0.01,85,0.9335687756538391,0.07651171088218689,0.27660750330059175,0.1040925607085228
26,390,2,0.01,86,0.9309622049331665,0.0795137956738472,0.2819819066426908,0.07593448460102081
26,390,2,0.01,87,0.9344819784164429,0.07545990496873856,0.27469966321191325,0.09656288474798203
26,390,2,0.01,88,0.9331756234169006,0.07696451246738434,0.2774247870457583,0.09406956285238266
26,390,2,0.01,89,0.9335874915122986,0.0764901265501976,0.276568484376289,0.08407747745513916
26,390,2,0.01,90,0.932765543460846,0.07743682712316513,0.27827473317418727,0.08239681273698807
26,390,2,0.01,91,0.936181366443634,0.07350266724824905,0.27111375333658205,0.11486583948135376
26,390,2,0.01,92,0.9272962212562561,0.08373605459928513,0.289371827583967,0.0782412588596344
26,390,2,0.01,93,0.9323887228965759,0.07787082344293594,0.27905344191200354,0.0995391309261322
26,390,2,0.01,94,0.9332494735717773,0.07687941938638687,0.2772713821987168,0.0769621878862381
26,390,2,0.01,95,0.9297286868095398,0.08093451708555222,0.28448992440076365,0.08695705980062485
26,390,2,0.01,96,0.9279685020446777,0.08296175301074982,0.28803081955018256,0.1270470917224884
26,390,2,0.01,97,0.9304705262184143,0.0800800621509552,0.28298420830667426,0.08011727780103683
26,390,2,0.01,98,0.9308359622955322,0.07965923100709915,0.282239669442655,0.08464349061250687
26,390,2,0.01,99,0.9311084151268005,0.07934539020061493,0.28168313794157956,0.07554662227630615
26,390,2,0.01,100,0.9302489757537842,0.08033523708581924,0.28343471397452225,0.07718261331319809
27,390,2,0.01,1,0.9153258204460144,0.09752288460731506,0.31228654246911614,0.40674906969070435
27,390,2,0.01,2,0.9227312803268433,0.08899372816085815,0.2983181659920464,0.3229030966758728
27,390,2,0.01,3,0.9227737188339233,0.08894480764865875,0.2982361608669525,0.22102753818035126
27,390,2,0.01,4,0.919789731502533,0.09238161146640778,0.3039434346492909,0.22383369505405426
27,390,2,0.01,5,0.9185337424278259,0.09382820874452591,0.3063139055683335,0.21342910826206207
27,390,2,0.01,6,0.9217357635498047,0.09014028310775757,0.30023371414242866,0.1542295664548874
27,390,2,0.01,7,0.9222872257232666,0.0895051658153534,0.2991741396166343,0.1311699002981186
27,390,2,0.01,8,0.9243747591972351,0.08710084110498428,0.29512851625179204,0.1321045309305191
27,390,2,0.01,9,0.9252547025680542,0.08608733862638474,0.2934064393062714,0.16724759340286255
27,390,2,0.01,10,0.9259265065193176,0.08531361818313599,0.29208495028524833,0.11434713751077652
27,390,2,0.01,11,0.9181364178657532,0.09428581595420837,0.30705995498307553,0.22181153297424316
27,390,2,0.01,12,0.926204264163971,0.08499372005462646,0.2915368245258675,0.1024385616183281
27,390,2,0.01,13,0.9259495139122009,0.08528710156679153,0.2920395547983039,0.2317667156457901
27,390,2,0.01,14,0.9225686192512512,0.0891810730099678,0.29863200265538825,0.15130527317523956
27,390,2,0.01,15,0.9245865345001221,0.086856909096241,0.2947149624573564,0.11887480318546295
27,390,2,0.01,16,0.9219004511833191,0.0899505764245987,0.2999176160624759,0.11345759779214859
27,390,2,0.01,17,0.9247889518737793,0.08662383258342743,0.2943192698132887,0.15622307360172272
27,390,2,0.01,18,0.9287467002868652,0.08206550031900406,0.2864707669536354,0.11992296576499939
27,390,2,0.01,19,0.9261575937271118,0.08504744619131088,0.29162895293730845,0.14378172159194946
27,390,2,0.01,20,0.930162787437439,0.08043449372053146,0.28360975603905353,0.12273082137107849
27,390,2,0.01,21,0.9262611269950867,0.0849282294511795,0.2914244832734194,0.10692932456731796
27,390,2,0.01,22,0.9265123009681702,0.08463893830776215,0.29092772007452666,0.13242653012275696
27,390,2,0.01,23,0.9258050322532654,0.08545354008674622,0.2923243747735488,0.09535522013902664
27,390,2,0.01,24,0.9287739992141724,0.08203405141830444,0.28641587144972336,0.12248699367046356
27,390,2,0.01,25,0.9250016212463379,0.08637888729572296,0.2939028535004772,0.10578642040491104
27,390,2,0.01,26,0.9280510544776917,0.08286670595407486,0.28786577767090493,0.0796656608581543
27,390,2,0.01,27,0.9302196502685547,0.0803690254688263,0.2834943129391246,0.10516021400690079
27,390,2,0.01,28,0.9297619462013245,0.08089616149663925,0.2844225052569491,0.12545278668403625
27,390,2,0.01,29,0.927961528301239,0.0829697847366333,0.2880447616892786,0.10295961052179337
27,390,2,0.01,30,0.9254601001739502,0.0858507752418518,0.2930030294072944,0.1257363110780716
27,390,2,0.01,31,0.9287351369857788,0.08207884430885315,0.2864940563237799,0.1187584325671196
27,390,2,0.01,32,0.9271371364593506,0.08391933143138885,0.28968833499364255,0.09626810997724533
27,390,2,0.01,33,0.9289746284484863,0.08180297911167145,0.2860122009839291,0.09784834086894989
27,390,2,0.01,34,0.9306891560554504,0.07982830703258514,0.28253903629867705,0.0930970311164856
27,390,2,0.01,35,0.930532693862915,0.08000847697257996,0.2828576973896591,0.09360504895448685
27,390,2,0.01,36,0.9316083788871765,0.07876957207918167,0.2806591742294944,0.12049009650945663
27,390,2,0.01,37,0.9285244941711426,0.0823214203119278,0.2869170965835389,0.1049080342054367
27,390,2,0.01,38,0.9296296238899231,0.08104860782623291,0.28469037185376134,0.08222261816263199
27,390,2,0.01,39,0.92445969581604,0.08700301498174667,0.2949627349034903,0.11098270863294601
27,390,2,0.01,40,0.9222334623336792,0.08956704288721085,0.2992775348856156,0.17513622343540192
27,390,2,0.01,41,0.9306573867797852,0.07986488193273544,0.28260375427926543,0.1036999449133873
27,390,2,0.01,42,0.9303585290908813,0.08020903915166855,0.28321200389755474,0.10896235704421997
27,390,2,0.01,43,0.9323891401290894,0.07787033915519714,0.2790525741776935,0.12833131849765778
27,390,2,0.01,44,0.9307922720909119,0.07970952987670898,0.2823287620429576,0.1290254145860672
27,390,2,0.01,45,0.9300416707992554,0.08057405054569244,0.2838556861253486,0.07548283785581589
27,390,2,0.01,46,0.9315346479415894,0.07885448634624481,0.2808104099677304,0.07528460025787354
27,390,2,0.01,47,0.9306711554527283,0.07984903454780579,0.2825757147169689,0.1259862333536148
27,390,2,0.01,48,0.9288519024848938,0.08194432407617569,0.28625919037853736,0.10719950497150421
27,390,2,0.01,49,0.9294393062591553,0.08126775175333023,0.28507499320938384,0.09185204654932022
27,390,2,0.01,50,0.9287763833999634,0.08203130215406418,0.28641107198232435,0.09006324410438538
27,390,2,0.01,51,0.9280296564102173,0.08289135247468948,0.28790858353770815,0.09576287120580673
27,390,2,0.01,52,0.929492175579071,0.08120686560869217,0.2849681835024608,0.06474143266677856
27,390,2,0.01,53,0.9322415590286255,0.07804027944803238,0.27935690334772895,0.13077503442764282
27,390,2,0.01,54,0.931857168674469,0.07848300784826279,0.28014818908617417,0.07610968500375748
27,390,2,0.01,55,0.9323104619979858,0.07796096801757812,0.27921491367328166,0.0929703414440155
27,390,2,0.01,56,0.9350758194923401,0.07477594166994095,0.27345190010299975,0.12548749148845673
27,390,2,0.01,57,0.9291502237319946,0.08160070329904556,0.2856583681586198,0.11875937879085541
27,390,2,0.01,58,0.9353526830673218,0.07445711642503738,0.2728683133400384,0.1597205251455307
27,390,2,0.01,59,0.9337431192398071,0.0763108879327774,0.2762442541172167,0.09227386116981506
27,390,2,0.01,60,0.9342392683029175,0.07573943585157394,0.2752079865330473,0.09243528544902802
27,390,2,0.01,61,0.9393014907836914,0.06990906596183777,0.26440322608061684,0.08652018755674362
27,390,2,0.01,62,0.9332565665245056,0.07687126845121384,0.2772566833301117,0.13664405047893524
27,390,2,0.01,63,0.9337171316146851,0.07634086161851883,0.2762985009342592,0.08155802637338638
27,390,2,0.01,64,0.9369310736656189,0.07263916730880737,0.2695165436644055,0.10756666213274002
27,390,2,0.01,65,0.9318531155586243,0.07848770171403885,0.28015656643034237,0.07420013844966888
27,390,2,0.01,66,0.9331372976303101,0.07700861990451813,0.27750427006537776,0.09698902815580368
27,390,2,0.01,67,0.9401518702507019,0.06892968714237213,0.26254463838054687,0.0665290430188179
27,390,2,0.01,68,0.9383038878440857,0.07105803489685059,0.266567130188346,0.1259080171585083
27,390,2,0.01,69,0.936664879322052,0.07294575124979019,0.27008471124776795,0.09093865752220154
27,390,2,0.01,70,0.9306203722953796,0.07990750670433044,0.28267915859562487,0.0744154155254364
27,390,2,0.01,71,0.9353190660476685,0.07449577748775482,0.2729391461255692,0.07441845536231995
27,390,2,0.01,72,0.933237612247467,0.07689309865236282,0.2772960487500008,0.08455304801464081
27,390,2,0.01,73,0.9330037832260132,0.07716242223978043,0.277781248898806,0.09395463019609451
27,390,2,0.01,74,0.9336769580841064,0.07638709992170334,0.2763821628139257,0.10528303682804108
27,390,2,0.01,75,0.9328668713569641,0.07732009142637253,0.27806490506062165,0.10014704614877701
27,390,2,0.01,76,0.941362202167511,0.06753570586442947,0.2598763280185971,0.08822941035032272
27,390,2,0.01,77,0.9364473819732666,0.07319627702236176,0.27054810482123465,0.07516629248857498
27,390,2,0.01,78,0.9412093162536621,0.06771178543567657,0.26021488319401825,0.09115621447563171
27,390,2,0.01,79,0.9377783536911011,0.07166337966918945,0.26770016748069,0.08621510863304138
27,390,2,0.01,80,0.9338316917419434,0.07620885223150253,0.27605950849681404,0.0790887400507927
27,390,2,0.01,81,0.9375232458114624,0.07195715606212616,0.2682483104553059,0.09183187037706375
27,390,2,0.01,82,0.9322722554206848,0.07800497859716415,0.2792937138518591,0.0813601091504097
27,390,2,0.01,83,0.9371247887611389,0.07241608947515488,0.2691023773123435,0.07835454493761063
27,390,2,0.01,84,0.9334349632263184,0.07666578143835068,0.27688586355816486,0.07798729836940765
27,390,2,0.01,85,0.9345396161079407,0.07539354264736176,0.2745788459575168,0.1001400426030159
27,390,2,0.01,86,0.9355812072753906,0.07419389486312866,0.27238556287573074,0.06673350930213928
27,390,2,0.01,87,0.9291769862174988,0.08156993985176086,0.28560451651148805,0.0734301209449768
27,390,2,0.01,88,0.9334964752197266,0.07659497112035751,0.27675796487248117,0.09092218428850174
27,390,2,0.01,89,0.928774893283844,0.08203302323818207,0.2864140765363708,0.14851659536361694
27,390,2,0.01,90,0.9406872391700745,0.06831307709217072,0.261367704761263,0.11449454724788666
27,390,2,0.01,91,0.933018147945404,0.07714585959911346,0.2777514349181899,0.07941413670778275
27,390,2,0.01,92,0.9349566698074341,0.0749131590127945,0.2737026836053941,0.0864468440413475
27,390,2,0.01,93,0.9364273548126221,0.07321932911872864,0.2705907040508388,0.12653198838233948
27,390,2,0.01,94,0.9458332061767578,0.06238622963428497,0.2497723556246467,0.08145033568143845
27,390,2,0.01,95,0.9307229518890381,0.07978937029838562,0.28247012284201956,0.09569218754768372
27,390,2,0.01,96,0.9386337995529175,0.07067809253931046,0.26585351707154536,0.08215945959091187
27,390,2,0.01,97,0.9360060691833496,0.0737045407295227,0.2714858020772407,0.08903945237398148
27,390,2,0.01,98,0.9385786056518555,0.07074166089296341,0.26597304542559086,0.0928162932395935
27,390,2,0.01,99,0.9371289014816284,0.07241133600473404,0.2690935450818805,0.07160144299268723
27,390,2,0.01,100,0.9387103915214539,0.07058985531330109,0.2656875144098817,0.09193477034568787
28,390,2,0.01,1,0.9046187400817871,0.10985466837882996,0.33144331095804297,0.3210165798664093
28,390,2,0.01,2,0.9131215810775757,0.10006158798933029,0.3163251301893833,0.23135808110237122
28,390,2,0.01,3,0.9156643748283386,0.09713295847177505,0.3116616089154631,0.18370157480239868
28,390,2,0.01,4,0.9176582098007202,0.09483658522367477,0.30795549227717106,0.16764812171459198
28,390,2,0.01,5,0.9184797406196594,0.09389041364192963,0.30641542657302623,0.1944306641817093
28,390,2,0.01,6,0.9158245921134949,0.09694842994213104,0.31136542830271163,0.20805177092552185
28,390,2,0.01,7,0.9179615378379822,0.09448720514774323,0.3073877114455671,0.13684169948101044
28,390,2,0.01,8,0.9177584648132324,0.09472107887268066,0.3077678977292477,0.12226396799087524
28,390,2,0.01,9,0.9188839197158813,0.09342487901449203,0.3056548363996422,0.1363907754421234
28,390,2,0.01,10,0.9190506935119629,0.09323279559612274,0.3053404584985795,0.13634344935417175
28,390,2,0.01,11,0.9179647564888,0.09448353946208954,0.3073817487459032,0.13721299171447754
28,390,2,0.01,12,0.9186428785324097,0.09370248764753342,0.3061086206684376,0.1485842764377594
28,390,2,0.01,13,0.9176424145698547,0.09485474228858948,0.30798497088103094,0.12890639901161194
28,390,2,0.01,14,0.9157717823982239,0.09700924158096313,0.311463066158675,0.132393017411232
28,390,2,0.01,15,0.9166872501373291,0.09595488011837006,0.30976584724331707,0.12740617990493774
28,390,2,0.01,16,0.9185882210731506,0.09376546740531921,0.3062114749732923,0.19064456224441528
28,390,2,0.01,17,0.9158622622489929,0.09690507501363754,0.31129579986507616,0.12010905146598816
28,390,2,0.01,18,0.9166914820671082,0.09594999253749847,0.30975795798897315,0.11338338255882263
28,390,2,0.01,19,0.9135719537734985,0.09954287111759186,0.3155041538832601,0.11670960485935211
28,390,2,0.01,20,0.9147769212722778,0.09815511852502823,0.31329717286472314,0.16369745135307312
28,390,2,0.01,21,0.9140714406967163,0.09896765649318695,0.3145912530462138,0.1424165666103363
28,390,2,0.01,22,0.9177901744842529,0.09468459337949753,0.3077086176555631,0.126861572265625
28,390,2,0.01,23,0.9173456430435181,0.09519656002521515,0.30853939784931056,0.09813401848077774
28,390,2,0.01,24,0.9159690737724304,0.09678200632333755,0.31109806544454366,0.0937705785036087
28,390,2,0.01,25,0.9050113558769226,0.10940251499414444,0.3307605100282445,0.15624821186065674
28,390,2,0.01,26,0.910586416721344,0.10298146307468414,0.3209072499565632,0.14185646176338196
28,390,2,0.01,27,0.9170730710029602,0.09551052004098892,0.30904776336512924,0.11000619828701019
28,390,2,0.01,28,0.9146973490715027,0.098246730864048,0.3134433455411807,0.08812317997217178
28,390,2,0.01,29,0.9158990979194641,0.09686260670423508,0.31122758024351743,0.10179968923330307
28,390,2,0.01,30,0.9152254462242126,0.09763846546411514,0.31247154344694356,0.0947558805346489
28,390,2,0.01,31,0.9120393991470337,0.10130801051855087,0.31828919321672056,0.12872467935085297
28,390,2,0.01,32,0.9163119792938232,0.09638707339763641,0.31046267633587843,0.10832921415567398
28,390,2,0.01,33,0.9138524532318115,0.09921985119581223,0.3149918271889165,0.12955346703529358
28,390,2,0.01,34,0.9143701195716858,0.0986236184835434,0.3140439753976239,0.12918023765087128
28,390,2,0.01,35,0.9151387810707092,0.09773831814527512,0.31263128145672675,0.10836005210876465
28,390,2,0.01,36,0.9145117402076721,0.09846051782369614,0.31378418988804413,0.09382663667201996
28,390,2,0.01,37,0.9158497452735901,0.096919484436512,0.31131894326640647,0.09673669189214706
28,390,2,0.01,38,0.9161171317100525,0.09661149978637695,0.3108239047859366,0.09075623750686646
28,390,2,0.01,39,0.9145256876945496,0.09844443202018738,0.3137585568875969,0.14311285316944122
28,390,2,0.01,40,0.9142040610313416,0.09881489723920822,0.314348369232621,0.11403806507587433
28,390,2,0.01,41,0.914831817150116,0.09809186309576035,0.3131962054300153,0.10028814524412155
28,390,2,0.01,42,0.9169670343399048,0.0956326350569725,0.309245266830347,0.10035683214664459
28,390,2,0.01,43,0.9189889430999756,0.09330394864082336,0.3054569505524852,0.14108912646770477
28,390,2,0.01,44,0.9176454544067383,0.0948513075709343,0.3079793947181115,0.06838292628526688
28,390,2,0.01,45,0.9134847521781921,0.09964331984519958,0.3156633013912127,0.18545888364315033
28,390,2,0.01,46,0.9152753353118896,0.09758104383945465,0.3123796469673635,0.15486875176429749
28,390,2,0.01,47,0.9180102348327637,0.09443110227584839,0.3072964403891597,0.11467956006526947
28,390,2,0.01,48,0.9161878228187561,0.09653008729219437,0.31069291477630184,0.08990540355443954
28,390,2,0.01,49,0.9171321392059326,0.09544243663549423,0.30893759343190047,0.09731326997280121
28,390,2,0.01,50,0.9167346358299255,0.0959002897143364,0.3096777191118799,0.08452856540679932
28,390,2,0.01,51,0.9162808656692505,0.0964229553937912,0.3105204588973023,0.08798466622829437
28,390,2,0.01,52,0.9179610013961792,0.09448783844709396,0.30738874157505175,0.1326243281364441
28,390,2,0.01,53,0.9179966449737549,0.09444679319858551,0.3073219699250047,0.10978364944458008
28,390,2,0.01,54,0.9185540080070496,0.09380482882261276,0.30627573985317996,0.08166533708572388
28,390,2,0.01,55,0.9185538291931152,0.09380505979061127,0.3062761169118664,0.09657563269138336
28,390,2,0.01,56,0.9191253781318665,0.09314677119255066,0.30519955962050577,0.09072072803974152
28,390,2,0.01,57,0.9163825511932373,0.09630580246448517,0.3103317619330725,0.10841430723667145
28,390,2,0.01,58,0.9205129146575928,0.09154871851205826,0.30257018774502265,0.07362497597932816
28,390,2,0.01,59,0.9178887009620667,0.09457112103700638,0.3075241795973227,0.10256614536046982
28,390,2,0.01,60,0.9182573556900024,0.0941464826464653,0.30683298819792065,0.12772348523139954
28,390,2,0.01,61,0.9150530695915222,0.09783705323934555,0.31278915140929286,0.20046095550060272
28,390,2,0.01,62,0.9187082052230835,0.09362724423408508,0.30598569285848165,0.10588904470205307
28,390,2,0.01,63,0.9196892976760864,0.09249726682901382,0.3041336331762961,0.08195819705724716
28,390,2,0.01,64,0.9193980693817139,0.09283270686864853,0.3046846022834901,0.12254204601049423
28,390,2,0.01,65,0.9193959832191467,0.09283511340618134,0.3046885514852525,0.08184430748224258
28,390,2,0.01,66,0.9193207621574402,0.09292174130678177,0.3048306764529806,0.08347638696432114
28,390,2,0.01,67,0.9204899668693542,0.09157510846853256,0.30261379424694534,0.07692881673574448
28,390,2,0.01,68,0.9188615083694458,0.09345070272684097,0.305697076739116,0.0787728875875473
28,390,2,0.01,69,0.9196156859397888,0.09258206188678741,0.3042730055177216,0.10160520672798157
28,390,2,0.01,70,0.9210702776908875,0.09090673923492432,0.30150744474212293,0.0879809558391571
28,390,2,0.01,71,0.9184653162956238,0.09390696883201599,0.3064424396718183,0.06302035599946976
28,390,2,0.01,72,0.9212300181388855,0.09072279930114746,0.3012022564675561,0.08471857756376266
28,390,2,0.01,73,0.9209848046302795,0.09100522100925446,0.30167071619442026,0.06263042241334915
28,390,2,0.01,74,0.9211403727531433,0.09082601219415665,0.30137354262469135,0.07892122119665146
28,390,2,0.01,75,0.9217070937156677,0.09017332643270493,0.3002887384380322,0.07307562232017517
28,390,2,0.01,76,0.920934796333313,0.0910627692937851,0.3017660837367001,0.09218499064445496
28,390,2,0.01,77,0.9214659333229065,0.09045104682445526,0.30075080519336145,0.10841982811689377
28,390,2,0.01,78,0.9216681122779846,0.0902182087302208,0.3003634610438174,0.060853175818920135
28,390,2,0.01,79,0.9207708835601807,0.09125158190727234,0.3020787677200639,0.09842272847890854
28,390,2,0.01,80,0.9230600595474243,0.08861501514911652,0.2976827424442279,0.10254407674074173
28,390,2,0.01,81,0.9223574995994568,0.08942420780658722,0.29903880652281106,0.08180616050958633
28,390,2,0.01,82,0.923241376876831,0.08840621262788773,0.297331822427213,0.07105056941509247
28,390,2,0.01,83,0.9231592416763306,0.08850080519914627,0.2974908489334525,0.08511850982904434
28,390,2,0.01,84,0.9246385097503662,0.0867970660328865,0.29461341794440815,0.08654609322547913
28,390,2,0.01,85,0.9218873381614685,0.08996571600437164,0.2999428545646181,0.09179084002971649
28,390,2,0.01,86,0.9248083233833313,0.08660145848989487,0.2942812574560175,0.07670183479785919
28,390,2,0.01,87,0.9238617420196533,0.08769173920154572,0.2961279102035904,0.11441776901483536
28,390,2,0.01,88,0.9228110313415527,0.0889018252491951,0.298164091146461,0.13159947097301483
28,390,2,0.01,89,0.9227190017700195,0.08900782465934753,0.2983417916741594,0.11473272740840912
28,390,2,0.01,90,0.9225092530250549,0.08924940973520279,0.29874639702463823,0.12195457518100739
28,390,2,0.01,91,0.9241033792495728,0.08741340786218643,0.2956575854974576,0.14898353815078735
28,390,2,0.01,92,0.9218632578849792,0.08999346941709518,0.2999891154977047,0.10460925102233887
28,390,2,0.01,93,0.9231637120246887,0.08849567919969559,0.2974822334185616,0.0822867900133133
28,390,2,0.01,94,0.9223002791404724,0.08949010074138641,0.2991489607894141,0.08017004281282425
28,390,2,0.01,95,0.9261731505393982,0.08502958714962006,0.2915983318704345,0.09877226501703262
28,390,2,0.01,96,0.9250206351280212,0.08635695278644562,0.29386553521371916,0.07886438816785812
28,390,2,0.01,97,0.9247471690177917,0.08667192608118057,0.2944009614134787,0.07100138813257217
28,390,2,0.01,98,0.9290292263031006,0.08174008131027222,0.28590222333915527,0.06346847862005234
28,390,2,0.01,99,0.9262256622314453,0.08496908843517303,0.29149457702532483,0.11685383319854736
28,390,2,0.01,100,0.9347517490386963,0.07514920085668564,0.27413354566102566,0.12372977286577225
29,390,2,0.01,1,0.8887273073196411,0.1281575858592987,0.3579910415908458,0.5266254544258118
29,390,2,0.01,2,0.9090403318405151,0.10476212948560715,0.3236697846349071,0.26366743445396423
29,390,2,0.01,3,0.915466845035553,0.09736047685146332,0.3120264040934089,0.2108931541442871
29,390,2,0.01,4,0.9175499081611633,0.09496133029460907,0.3081579632179072,0.19283705949783325
29,390,2,0.01,5,0.9183887839317322,0.09399516135454178,0.30658630327289865,0.17014214396476746
29,390,2,0.01,6,0.9179397821426392,0.09451231360435486,0.3074285504053826,0.14523254334926605
29,390,2,0.01,7,0.9175008535385132,0.09501780569553375,0.30824958344746184,0.14469461143016815
29,390,2,0.01,8,0.9163938760757446,0.09629277884960175,0.31031077784956446,0.11343862116336823
29,390,2,0.01,9,0.9170663952827454,0.09551822394132614,0.30906022704535463,0.1284862905740738
29,390,2,0.01,10,0.9176865816116333,0.09480386972427368,0.30790237044276497,0.12239041924476624
29,390,2,0.01,11,0.9184421300888062,0.09393367171287537,0.30648600573741597,0.1273493766784668
29,390,2,0.01,12,0.9178494811058044,0.09461630135774612,0.30759762898589793,0.1210954412817955
29,390,2,0.01,13,0.9168094992637634,0.09581410139799118,0.30953852974709173,0.14271460473537445
29,390,2,0.01,14,0.9161543250083923,0.09656867384910583,0.3107550061529272,0.13321270048618317
29,390,2,0.01,15,0.9147182703018188,0.09822262078523636,0.3134048831547402,0.1435501128435135
29,390,2,0.01,16,0.9174889922142029,0.0950314849615097,0.3082717712692969,0.11127973347902298
29,390,2,0.01,17,0.919121503829956,0.09315121918916702,0.30520684656338726,0.12153604626655579
29,390,2,0.01,18,0.9193030595779419,0.09294209629297256,0.3048640619898852,0.08772348612546921
29,390,2,0.01,19,0.9174347519874573,0.09509395807981491,0.30837308261230406,0.09368433803319931
29,390,2,0.01,20,0.9183775782585144,0.09400803595781326,0.30660729925723107,0.11514756828546524
29,390,2,0.01,21,0.9182835221290588,0.09411635994911194,0.3067838977995943,0.12173917144536972
29,390,2,0.01,22,0.9135103225708008,0.09961386024951935,0.3156166349378932,0.1971275359392166
29,390,2,0.01,23,0.9174290299415588,0.0951005294919014,0.30838373739855574,0.08775963634252548
29,390,2,0.01,24,0.9150971174240112,0.09778629243373871,0.3127079986724655,0.10127661377191544
29,390,2,0.01,25,0.917724072933197,0.09476069360971451,0.3078322491385763,0.17445378005504608
29,390,2,0.01,26,0.9161525964736938,0.0965706929564476,0.3107582548484394,0.13840360939502716
29,390,2,0.01,27,0.9190353155136108,0.09325054287910461,0.30536951858216727,0.13414528965950012
29,390,2,0.01,28,0.9177232384681702,0.09476166218519211,0.30783382235419177,0.09360206872224808
29,390,2,0.01,29,0.916883647441864,0.09572869539260864,0.3094005420043873,0.10947411507368088
29,390,2,0.01,30,0.917879045009613,0.0945822149515152,0.3075422165354135,0.11132678389549255
29,390,2,0.01,31,0.9187319874763489,0.09359986335039139,0.30594094748887635,0.09058929979801178
29,390,2,0.01,32,0.9186817407608032,0.09365776181221008,0.30603555645089686,0.10929568111896515
29,390,2,0.01,33,0.9167037010192871,0.0959358885884285,0.3097351910720325,0.14591056108474731
29,390,2,0.01,34,0.9194278717041016,0.09279836714267731,0.3046282441643869,0.10108829289674759
29,390,2,0.01,35,0.9203233122825623,0.0917670801281929,0.30293081739597394,0.12857240438461304
29,390,2,0.01,36,0.920429527759552,0.09164472669363022,0.30272880056847945,0.10415111482143402
29,390,2,0.01,37,0.9195951223373413,0.09260572493076324,0.30431188759357275,0.11590011417865753
29,390,2,0.01,38,0.9184713959693909,0.09390001744031906,0.3064310973780551,0.09943827241659164
29,390,2,0.01,39,0.919300377368927,0.09294524043798447,0.3048692185806636,0.10428137332201004
29,390,2,0.01,40,0.9214900732040405,0.09042327851057053,0.30070463666290637,0.117475226521492
29,390,2,0.01,41,0.9210206866264343,0.09096386283636093,0.3016021598668699,0.09664207696914673
29,390,2,0.01,42,0.9180768132209778,0.09435443580150604,0.30717167154785946,0.17113688588142395
29,390,2,0.01,43,0.9198426008224487,0.09232068061828613,0.3038431842551123,0.12294512242078781
29,390,2,0.01,44,0.9198230504989624,0.09234326332807541,0.3038803437672062,0.11330803483724594
29,390,2,0.01,45,0.9203925728797913,0.09168730676174164,0.30279911948640414,0.09257405251264572
29,390,2,0.01,46,0.9232770800590515,0.08836506307125092,0.29726261633655,0.1257147639989853
29,390,2,0.01,47,0.9230096340179443,0.08867309987545013,0.2977802879229082,0.09966930747032166
29,390,2,0.01,48,0.9230396747589111,0.08863849937915802,0.2977221848958489,0.07552745938301086
29,390,2,0.01,49,0.9230429530143738,0.08863476663827896,0.2977159159975814,0.0829787403345108
29,390,2,0.01,50,0.9239001870155334,0.08764742314815521,0.29605307488380395,0.13460376858711243
29,390,2,0.01,51,0.9241436719894409,0.0873669907450676,0.2955790769744496,0.10565482079982758
29,390,2,0.01,52,0.9242493510246277,0.08724529296159744,0.2953731419096825,0.10889218747615814
29,390,2,0.01,53,0.9226400256156921,0.08909881860017776,0.29849425220626574,0.11911654472351074
29,390,2,0.01,54,0.9232717752456665,0.0883711650967598,0.2972728798541162,0.10103118419647217
29,390,2,0.01,55,0.9235579371452332,0.08804162591695786,0.29671809165765045,0.09656402468681335
29,390,2,0.01,56,0.9206377267837524,0.0914049819111824,0.302332568393123,0.1422182321548462
29,390,2,0.01,57,0.9239363074302673,0.08760581165552139,0.2959827894583085,0.104704350233078
29,390,2,0.01,58,0.9244998693466187,0.08695672452449799,0.29488425614891345,0.07707767188549042
29,390,2,0.01,59,0.9229978919029236,0.08868663758039474,0.2978030180847648,0.08327031135559082
29,390,2,0.01,60,0.9252402782440186,0.08610397577285767,0.2934347896430443,0.08704710751771927
29,390,2,0.01,61,0.9244132041931152,0.08705658465623856,0.2950535284592248,0.1105765774846077
29,390,2,0.01,62,0.9227824807167053,0.0889347493648529,0.2982192974387354,0.11870090663433075
29,390,2,0.01,63,0.9234579205513,0.0881567969918251,0.2969121031413592,0.07604733109474182
29,390,2,0.01,64,0.9264330863952637,0.08473018556833267,0.29108449901760947,0.09452829509973526
29,390,2,0.01,65,0.9277164340019226,0.08325205743312836,0.28853432626488024,0.12419693917036057
29,390,2,0.01,66,0.9270542860031128,0.08401467651128769,0.28985285320535953,0.07274483144283295
29,390,2,0.01,67,0.925937831401825,0.08530057221651077,0.29206261694457025,0.08390679210424423
29,390,2,0.01,68,0.9228326082229614,0.08887697756290436,0.29812242042976966,0.14370013773441315
29,390,2,0.01,69,0.9247399568557739,0.08668021112680435,0.29441503210061193,0.09352854639291763
29,390,2,0.01,70,0.9229028224945068,0.08879613876342773,0.29798680971383235,0.09046009182929993
29,390,2,0.01,71,0.9257823824882507,0.08547964692115784,0.29236902524234304,0.11345254629850388
29,390,2,0.01,72,0.9257547855377197,0.08551140874624252,0.2924233382379774,0.0920250192284584
29,390,2,0.01,73,0.926406741142273,0.08476053923368454,0.2911366332732529,0.1143358126282692
29,390,2,0.01,74,0.9259419441223145,0.08529585599899292,0.29205454284943577,0.13464327156543732
29,390,2,0.01,75,0.9273409247398376,0.08368454873561859,0.28928281790597,0.07918095588684082
29,390,2,0.01,76,0.9278046488761902,0.08315049856901169,0.2883582816029595,0.13564129173755646
29,390,2,0.01,77,0.9297013878822327,0.08096595853567123,0.284545178373613,0.08643896132707596
29,390,2,0.01,78,0.9253961443901062,0.08592446148395538,0.29312874557769897,0.15559642016887665
29,390,2,0.01,79,0.9325919151306152,0.07763679325580597,0.2786337977629526,0.10997553169727325
29,390,2,0.01,80,0.9291782379150391,0.08156844228506088,0.2856018947504741,0.09338697046041489
29,390,2,0.01,81,0.9310264587402344,0.07943975925445557,0.28185059739950097,0.10319136083126068
29,390,2,0.01,82,0.9373528957366943,0.07215334475040436,0.26861374639136465,0.07453207671642303
29,390,2,0.01,83,0.9363394975662231,0.07332056015729904,0.27077769508823846,0.11946170777082443
29,390,2,0.01,84,0.9342304468154907,0.07574962079524994,0.27522648999551247,0.10950028151273727
29,390,2,0.01,85,0.9386029243469238,0.07071362435817719,0.26592033460827547,0.11412236094474792
29,390,2,0.01,86,0.9331722855567932,0.07696836441755295,0.2774317292912852,0.08785852789878845
29,390,2,0.01,87,0.9349527359008789,0.0749177560210228,0.2737110812901494,0.07255646586418152
29,390,2,0.01,88,0.936481237411499,0.07315728068351746,0.27047602607905463,0.07621331512928009
29,390,2,0.01,89,0.9300621151924133,0.08055043965578079,0.28381409347631203,0.07021208107471466
29,390,2,0.01,90,0.9315881729125977,0.07879281044006348,0.2807005707868502,0.08759427070617676
29,390,2,0.01,91,0.938690185546875,0.07061313092708588,0.2657313134109074,0.10199833661317825
29,390,2,0.01,92,0.9253777265548706,0.08594569563865662,0.2931649631839668,0.12160564213991165
29,390,2,0.01,93,0.927384614944458,0.08363424241542816,0.28919585476875037,0.08420354127883911
29,390,2,0.01,94,0.9338001608848572,0.07624521851539612,0.27612536738843124,0.1074199303984642
29,390,2,0.01,95,0.940370500087738,0.0686778873205185,0.26206466247954624,0.09849385917186737
29,390,2,0.01,96,0.9320955276489258,0.07820851355791092,0.2796578508783741,0.07954820245504379
29,390,2,0.01,97,0.9415138959884644,0.06736098229885101,0.25953994355176047,0.08511538803577423
29,390,2,0.01,98,0.9302436709403992,0.08034134656190872,0.2834454913416488,0.07184095680713654
29,390,2,0.01,99,0.9395763278007507,0.06959252804517746,0.2638039575995354,0.08761053532361984
29,390,2,0.01,100,0.9356785416603088,0.07408177852630615,0.2721796805904257,0.11375901848077774
30,390,2,0.01,1,0.9044814109802246,0.11001284420490265,0.3316818418377808,0.41571253538131714
30,390,2,0.01,2,0.9134990572929382,0.09962687641382217,0.31563725447706925,0.21724063158035278
30,390,2,0.01,3,0.9160830974578857,0.09665070474147797,0.3108869645731033,0.1839805245399475
30,390,2,0.01,4,0.9137380123138428,0.09935163706541061,0.31520094712010405,0.18918552994728088
30,390,2,0.01,5,0.9124311208724976,0.10085684061050415,0.31757966025944445,0.19429776072502136
30,390,2,0.01,6,0.9186763763427734,0.09366394579410553,0.30604565965572117,0.16329512000083923
30,390,2,0.01,7,0.9201067090034485,0.09201652556657791,0.3033422581286325,0.14513376355171204
30,390,2,0.01,8,0.9209955930709839,0.09099277853965759,0.301650092888528,0.15363022685050964
30,390,2,0.01,9,0.9207168221473694,0.09131384640932083,0.302181810189364,0.14847420156002045
30,390,2,0.01,10,0.9194067716598511,0.09282265603542328,0.3046681080051263,0.14698314666748047
30,390,2,0.01,11,0.9218485951423645,0.09001033753156662,0.30001722872456277,0.15859369933605194
30,390,2,0.01,12,0.9188119769096375,0.09350770711898804,0.3057902992558594,0.15051189064979553
30,390,2,0.01,13,0.9125090837478638,0.10076701641082764,0.317438208807364,0.2281641662120819
30,390,2,0.01,14,0.9209885001182556,0.09100090712308884,0.30166356611809925,0.1716071516275406
30,390,2,0.01,15,0.9114347696304321,0.10200437903404236,0.3193812440235687,0.23801547288894653
30,390,2,0.01,16,0.924133837223053,0.08737833052873611,0.2955982586699998,0.15053308010101318
30,390,2,0.01,17,0.9234168529510498,0.08820412307977676,0.29699178958310746,0.12982863187789917
30,390,2,0.01,18,0.9220002293586731,0.08983568102121353,0.2997260099177473,0.12111670523881912
30,390,2,0.01,19,0.9229148626327515,0.08878228813409805,0.2979635684678549,0.2629832625389099
30,390,2,0.01,20,0.9155367612838745,0.09727991372346878,0.31189728072471035,0.15773214399814606
30,390,2,0.01,21,0.9221435785293579,0.08967061340808868,0.2994505191314396,0.12489728629589081
30,390,2,0.01,22,0.9254132509231567,0.08590476214885712,0.29309514180357393,0.1309579759836197
30,390,2,0.01,23,0.9233850240707397,0.08824072778224945,0.2970534089726113,0.13652344048023224
30,390,2,0.01,24,0.9245253205299377,0.08692741394042969,0.2948345535048931,0.11036127805709839
30,390,2,0.01,25,0.9241821765899658,0.08732261508703232,0.29550400181221287,0.18449382483959198
30,390,2,0.01,26,0.9226670265197754,0.08906768262386322,0.2984420925805595,0.1176934465765953
30,390,2,0.01,27,0.9251779317855835,0.08617579936981201,0.2935571483882006,0.10972607880830765
30,390,2,0.01,28,0.923225462436676,0.08842455595731735,0.2973626673900363,0.11077384650707245
30,390,2,0.01,29,0.9244447350502014,0.08702025562524796,0.2949919585772601,0.1006445661187172
30,390,2,0.01,30,0.9236392974853516,0.08794790506362915,0.2965601204876157,0.1554802507162094
30,390,2,0.01,31,0.9241914749145508,0.08731196820735931,0.29548598648220076,0.10350851714611053
30,390,2,0.01,32,0.92570960521698,0.08556341379880905,0.2925122455535991,0.10568281263113022
30,390,2,0.01,33,0.9251797795295715,0.08617369085550308,0.2935535570479484,0.09830418974161148
30,390,2,0.01,34,0.9234686493873596,0.0881444439291954,0.2968912998543329,0.12298812717199326
30,390,2,0.01,35,0.9248378872871399,0.08656743913888931,0.29422345103490527,0.10034821927547455
30,390,2,0.01,36,0.9245657324790955,0.0868808850646019,0.29475563618801576,0.13249652087688446
30,390,2,0.01,37,0.9265766143798828,0.08456485718488693,0.2908003734263196,0.09669768810272217
30,390,2,0.01,38,0.9254639148712158,0.0858464166522026,0.2929955915234948,0.143021360039711
30,390,2,0.01,39,0.9250824451446533,0.086285799741745,0.29374444631642826,0.08458266407251358
30,390,2,0.01,40,0.9273633360862732,0.08365876227617264,0.2892382448366271,0.09174419939517975
30,390,2,0.01,41,0.9266937971115112,0.08442991226911545,0.29056825750435206,0.07941427826881409
30,390,2,0.01,42,0.9271654486656189,0.08388667553663254,0.2896319656678671,0.08399392664432526
30,390,2,0.01,43,0.9257040619850159,0.085569828748703,0.29252321061533393,0.09789273142814636
30,390,2,0.01,44,0.9259850978851318,0.08524613827466965,0.29196941325191866,0.10152420401573181
30,390,2,0.01,45,0.926274836063385,0.08491241186857224,0.29139734361962233,0.14625288546085358
30,390,2,0.01,46,0.9252085089683533,0.08614057302474976,0.29349714312877007,0.0981830283999443
30,390,2,0.01,47,0.9282251596450806,0.08266620337963104,0.28751730970435685,0.0985260009765625
30,390,2,0.01,48,0.9287944436073303,0.08201051503419876,0.2863747807230915,0.10013911873102188
30,390,2,0.01,49,0.9293390512466431,0.08138325810432434,0.28527751068796914,0.06815370172262192
30,390,2,0.01,50,0.9284579157829285,0.08239807188510895,0.2870506434152499,0.1254691481590271
30,390,2,0.01,51,0.9294562935829163,0.08124823868274689,0.2850407667031979,0.10002867132425308
30,390,2,0.01,52,0.9280890226364136,0.0828230008482933,0.28778985536028423,0.09768696874380112
30,390,2,0.01,53,0.9276796579360962,0.08329444378614426,0.2886077680627191,0.11409364640712738
30,390,2,0.01,54,0.9301604628562927,0.08043721318244934,0.28361455037153743,0.09033508598804474
30,390,2,0.01,55,0.9300658106803894,0.08054619282484055,0.2838066116651276,0.09563443809747696
30,390,2,0.01,56,0.9281200766563416,0.08278719335794449,0.28772763745935925,0.08289476484060287
30,390,2,0.01,57,0.922161340713501,0.08965011686086655,0.29941629357946864,0.13929137587547302
30,390,2,0.01,58,0.9268300533294678,0.08427293598651886,0.2902980123709407,0.12078456580638885
30,390,2,0.01,59,0.9297007918357849,0.08096659928560257,0.2845463042908879,0.08124278485774994
30,390,2,0.01,60,0.9291050434112549,0.08165276050567627,0.2857494715754979,0.09734760969877243
30,390,2,0.01,61,0.9304532408714294,0.08009998500347137,0.2830194074678826,0.08350629359483719
30,390,2,0.01,62,0.9297876954078674,0.08086651563644409,0.28437038459805214,0.08480989933013916
30,390,2,0.01,63,0.9302660822868347,0.08031557500362396,0.2834000264707538,0.21201111376285553
30,390,2,0.01,64,0.9291746020317078,0.08157264441251755,0.2856092512726392,0.12440408766269684
30,390,2,0.01,65,0.9293195009231567,0.08140574395656586,0.2853169184548401,0.13624553382396698
30,390,2,0.01,66,0.9298288822174072,0.08081912249326706,0.2842870424294204,0.08590423315763474
30,390,2,0.01,67,0.9305915236473083,0.07994069904088974,0.28273786276494656,0.06889762729406357
30,390,2,0.01,68,0.9305257797241211,0.08001647144556046,0.28287182865312066,0.10921201854944229
30,390,2,0.01,69,0.9317578077316284,0.07859745621681213,0.2803523786537438,0.07797758281230927
30,390,2,0.01,70,0.9312145709991455,0.07922311127185822,0.28146600375863906,0.08497296273708344
30,390,2,0.01,71,0.9294458031654358,0.0812603160738945,0.28506195129110884,0.10315176099538803
30,390,2,0.01,72,0.9318670630455017,0.07847164571285248,0.2801279095571387,0.06464503705501556
30,390,2,0.01,73,0.9315156936645508,0.07887635380029678,0.28084934359954766,0.0768195316195488
30,390,2,0.01,74,0.9297009706497192,0.08096643537282944,0.2845460162659626,0.0902930200099945
30,390,2,0.01,75,0.9317725300788879,0.07858052849769592,0.28032218695225664,0.11704041063785553
30,390,2,0.01,76,0.9313666820526123,0.07904797792434692,0.28115472239382167,0.08396883308887482
30,390,2,0.01,77,0.9302104711532593,0.08037956058979034,0.2835128931632393,0.07496577501296997
30,390,2,0.01,78,0.9295868873596191,0.0810978040099144,0.28477676170978977,0.08684491366147995
30,390,2,0.01,79,0.9297069907188416,0.0809594914317131,0.28453381421495955,0.08804850280284882
30,390,2,0.01,80,0.9300269484519958,0.08059096336364746,0.2838854757884726,0.09973561763763428
30,390,2,0.01,81,0.932682454586029,0.07753250747919083,0.2784465971765337,0.10897275805473328
30,390,2,0.01,82,0.934491753578186,0.0754486471414566,0.27467917129163,0.10986653715372086
30,390,2,0.01,83,0.9334259629249573,0.0766761526465416,0.27690459123413175,0.0730677992105484
30,390,2,0.01,84,0.9301867485046387,0.08040693402290344,0.28356116451817487,0.08873126655817032
30,390,2,0.01,85,0.9289036393165588,0.08188474178314209,0.2861551009210601,0.10975182056427002
30,390,2,0.01,86,0.9322722554206848,0.07800493389368057,0.27929363382232786,0.07929477840662003
30,390,2,0.01,87,0.9339334964752197,0.07609159499406815,0.2758470500006628,0.11764122545719147
30,390,2,0.01,88,0.9343012571334839,0.07566803693771362,0.2750782378482777,0.07218611985445023
30,390,2,0.01,89,0.9347092509269714,0.07519815862178802,0.27422282658777336,0.0939728245139122
30,390,2,0.01,90,0.9346029758453369,0.0753205344080925,0.27444586790129033,0.07687124609947205
30,390,2,0.01,91,0.9350802898406982,0.07477078586816788,0.27344247268514793,0.07576426863670349
30,390,2,0.01,92,0.9359338283538818,0.07378774136304855,0.27163899087400645,0.11585139483213425
30,390,2,0.01,93,0.9345210790634155,0.07541486620903015,0.27461767279079136,0.07210834324359894
30,390,2,0.01,94,0.9350999593734741,0.07474814355373383,0.27340106721396285,0.07242957502603531
30,390,2,0.01,95,0.9336867928504944,0.07637578248977661,0.27636168781105785,0.08743354678153992
30,390,2,0.01,96,0.9347862601280212,0.07510945945978165,0.2740610506069435,0.12362530082464218
30,390,2,0.01,97,0.9410925507545471,0.06784624606370926,0.26047311965673015,0.08284008502960205
30,390,2,0.01,98,0.9333504438400269,0.07676314562559128,0.2770616278476528,0.10527364164590836
30,390,2,0.01,99,0.934953510761261,0.07491681724786758,0.27370936638680743,0.07019110023975372
30,390,2,0.01,100,0.934727668762207,0.07517698407173157,0.27418421557728584,0.1189044713973999
