,neurons,layers,learn_rate,epochs,hys_score,hys_mse,hys_mape,time
0,1,1,1,1,-0.4255683422088623,1.4533140659332275,3.4493517875671387,2025-12-05 01:55:24.834192
