seed,max_neurons,layers,learn_rate,epoch,Hys_score,Hys_mse,Hys_rmse,Hys_mape
0,350,5,0.01,1,0.991021454334259,0.009153276681900024,0.09567275830611358,0.22333469986915588
0,350,5,0.01,2,0.9955890774726868,0.004496750421822071,0.06705781402507892,0.13617122173309326
0,350,5,0.01,3,0.9956280589103699,0.004457057919353247,0.066761200703352,0.11662725359201431
0,350,5,0.01,4,0.9954731464385986,0.004614931531250477,0.06793328735789603,0.1476200520992279
0,350,5,0.01,5,0.9953997135162354,0.00468984991312027,0.06848247887686507,0.11402705311775208
0,350,5,0.01,6,0.9954649806022644,0.004623261746019125,0.06799457144521999,0.10223378241062164
0,350,5,0.01,7,0.9940061569213867,0.006110473535954952,0.07816951794628743,0.12277211248874664
0,350,5,0.01,8,0.9932321906089783,0.0068995151668787,0.08306332022546835,0.0964713990688324
0,350,5,0.01,9,0.993184506893158,0.00694816280156374,0.08335564049039357,0.09822124242782593
0,350,5,0.01,10,0.9932123422622681,0.006919792853295803,0.0831852922895376,0.12719832360744476
0,350,5,0.01,11,0.9928538203239441,0.007285241968929768,0.08535362891482569,0.0935092642903328
0,350,5,0.01,12,0.9939562678337097,0.0061613647267222404,0.0784943611141733,0.10943011194467545
0,350,5,0.01,13,0.99508136510849,0.005014381837099791,0.07081230004102247,0.10440484434366226
0,350,5,0.01,14,0.9917553663253784,0.00840508472174406,0.0916792491338365,0.15606187283992767
0,350,5,0.01,15,0.993768572807312,0.006352683994919062,0.0797037263552907,0.19007310271263123
0,350,5,0.01,16,0.9947349429130554,0.00536755146458745,0.07326357529214261,0.10282528400421143
0,350,5,0.01,17,0.9916791319847107,0.008482804521918297,0.09210214178789924,0.09161756932735443
0,350,5,0.01,18,0.9943999648094177,0.005709049291908741,0.07555825098497676,0.0898250862956047
0,350,5,0.01,19,0.9956866502761841,0.004397306591272354,0.06631219036702342,0.08258156478404999
0,350,5,0.01,20,0.9946700930595398,0.005433632526546717,0.07371317742810111,0.08214391767978668
0,350,5,0.01,21,0.9951146841049194,0.004980405326932669,0.07057198684274568,0.06971436738967896
0,350,5,0.01,22,0.9959676265716553,0.004110871348530054,0.0641160771455183,0.0868060365319252
0,350,5,0.01,23,0.9956908226013184,0.004393026698380709,0.06627991172580655,0.07392671704292297
0,350,5,0.01,24,0.9960329532623291,0.0040442803874611855,0.06359465690969003,0.12605880200862885
0,350,5,0.01,25,0.9947798848152161,0.005321708507835865,0.07295004117775304,0.11813414841890335
0,350,5,0.01,26,0.9957428574562073,0.004339969251304865,0.06587844299393289,0.07837919145822525
0,350,5,0.01,27,0.9961588978767395,0.00391588918864727,0.06257706599583644,0.07105574011802673
0,350,5,0.01,28,0.994989275932312,0.005108249839395285,0.07147202137476794,0.06600728631019592
0,350,5,0.01,29,0.9955094456672668,0.004577954765409231,0.06766058502118667,0.10798339545726776
0,350,5,0.01,30,0.9960241317749023,0.004053229466080666,0.06366497833252334,0.07124816626310349
0,350,5,0.01,31,0.9958314299583435,0.004249676130712032,0.06518954004065401,0.09943598508834839
0,350,5,0.01,32,0.9954196214675903,0.004669535905122757,0.06833400255453179,0.08470969647169113
0,350,5,0.01,33,0.994644820690155,0.005459378939121962,0.07388761018683689,0.0702393651008606
0,350,5,0.01,34,0.9948989152908325,0.005200347397476435,0.07211343423715469,0.07195478677749634
0,350,5,0.01,35,0.9946301579475403,0.00547434575855732,0.07398882184869089,0.12021376192569733
0,350,5,0.01,36,0.996513307094574,0.003554568625986576,0.0596202031696184,0.08325342833995819
0,350,5,0.01,37,0.9960818290710449,0.00399445416405797,0.06320169431319045,0.0670461654663086
0,350,5,0.01,38,0.9957916140556335,0.00429031066596508,0.06550046309733298,0.09321372210979462
0,350,5,0.01,39,0.9958213567733765,0.004259973298758268,0.06526847093933079,0.07454844564199448
0,350,5,0.01,40,0.9958346486091614,0.0042464169673621655,0.06516453765171794,0.07470885664224625
0,350,5,0.01,41,0.9930661916732788,0.007068732753396034,0.0840757560382066,0.16183367371559143
0,350,5,0.01,42,0.9962028861045837,0.0038709978107362986,0.06221734332753447,0.07101853936910629
0,350,5,0.01,43,0.9948872327804565,0.00521227577701211,0.07219609253285188,0.07324748486280441
0,350,5,0.01,44,0.9956666827201843,0.004417640157043934,0.06646533048924028,0.0759849026799202
0,350,5,0.01,45,0.9949584007263184,0.005139713175594807,0.07169179294448429,0.06466115266084671
0,350,5,0.01,46,0.9957948923110962,0.0042869276367127895,0.06547463353630006,0.0801052451133728
0,350,5,0.01,47,0.9955443739891052,0.004542352166026831,0.06739697445751427,0.08991730213165283
0,350,5,0.01,48,0.9950687289237976,0.005027253180742264,0.07090312532422152,0.105118028819561
0,350,5,0.01,49,0.9951629042625427,0.004931223578751087,0.07022267140141485,0.08066719770431519
0,350,5,0.01,50,0.9948570728302002,0.005243024788796902,0.07240873420242133,0.08242542296648026
0,350,5,0.01,51,0.9958032369613647,0.0042784204706549644,0.06540963591593339,0.06898719072341919
0,350,5,0.01,52,0.9952862858772278,0.004805454984307289,0.0693213890823553,0.07406420260667801
0,350,5,0.01,53,0.9956510066986084,0.004433629103004932,0.06658550219833843,0.06384992599487305
0,350,5,0.01,54,0.9958407282829285,0.004240240901708603,0.06511713216741508,0.0639411136507988
0,350,5,0.01,55,0.9964005351066589,0.0036694954615086317,0.06057636058322282,0.11050630360841751
0,350,5,0.01,56,0.9960995316505432,0.003976369276642799,0.06305845919972038,0.06381803005933762
0,350,5,0.01,57,0.9964299201965332,0.0036395685747265816,0.06032883700790677,0.06837277859449387
0,350,5,0.01,58,0.9970579743385315,0.0029992738272994757,0.05476562632983828,0.059020087122917175
0,350,5,0.01,59,0.9963524341583252,0.00371854892000556,0.060979905870750244,0.0630379170179367
0,350,5,0.01,60,0.997281014919281,0.0027718914207071066,0.05264875516768755,0.056093811988830566
0,350,5,0.01,61,0.997366189956665,0.0026850500144064426,0.051817468236169575,0.05780039355158806
0,350,5,0.01,62,0.9965212941169739,0.0035463853273540735,0.059551535054556515,0.10067030042409897
0,350,5,0.01,63,0.9963368773460388,0.0037344354204833508,0.06111002716807898,0.11546861380338669
0,350,5,0.01,64,0.9972439408302307,0.002809701254591346,0.053006615196514346,0.062413956969976425
0,350,5,0.01,65,0.9976391792297363,0.002406763145700097,0.04905877236234206,0.06506487727165222
0,350,5,0.01,66,0.9973129034042358,0.0027394054923206568,0.05233933026243894,0.08733070641756058
0,350,5,0.01,67,0.9975435733795166,0.0025042309425771236,0.05004229154002766,0.06616217643022537
0,350,5,0.01,68,0.9978466033935547,0.0021952795796096325,0.0468538107266595,0.049576908349990845
0,350,5,0.01,69,0.9954434037208557,0.004645306151360273,0.0681564828270963,0.11784844100475311
0,350,5,0.01,70,0.9973604083061218,0.002690976019948721,0.05187461826316143,0.05733354017138481
0,350,5,0.01,71,0.9975525140762329,0.0024951149243861437,0.049951125356553716,0.05733326077461243
0,350,5,0.01,72,0.9970347881317139,0.0030229196418076754,0.0549810844000705,0.09307579696178436
0,350,5,0.01,73,0.9980659484863281,0.001971667166799307,0.04440345895084421,0.06132221594452858
0,350,5,0.01,74,0.9974972605705261,0.002551468787714839,0.050512065763685006,0.061523135751485825
0,350,5,0.01,75,0.9962417483329773,0.0038314179982990026,0.061898449078300846,0.10810305178165436
0,350,5,0.01,76,0.995173990726471,0.004919923841953278,0.07014216878564047,0.10200590640306473
0,350,5,0.01,77,0.9973431825637817,0.0027085444889962673,0.05204367866510079,0.05553380027413368
0,350,5,0.01,78,0.9977297186851501,0.002314474433660507,0.04810898495770314,0.058234892785549164
0,350,5,0.01,79,0.9974537491798401,0.0025958027690649033,0.05094902127681064,0.06655208766460419
0,350,5,0.01,80,0.9975036978721619,0.0025448768865317106,0.05044677280591604,0.06491672247648239
0,350,5,0.01,81,0.996858537197113,0.0032026043627411127,0.05659155734507677,0.14651332795619965
0,350,5,0.01,82,0.9981335997581482,0.001902700518257916,0.04361995550499698,0.0662597119808197
0,350,5,0.01,83,0.99831223487854,0.0017205942422151566,0.041480046314043055,0.07120558619499207
0,350,5,0.01,84,0.997785210609436,0.0022579131182283163,0.04751750328277272,0.11747992783784866
0,350,5,0.01,85,0.9980652928352356,0.0019723575096577406,0.04441123179622178,0.06901625543832779
0,350,5,0.01,86,0.9981770515441895,0.0018584552453830838,0.0431098045157141,0.06263899058103561
0,350,5,0.01,87,0.9983341097831726,0.0016983149107545614,0.0412106164811273,0.0636231079697609
0,350,5,0.01,88,0.9988174438476562,0.0012055898550897837,0.03472160501891846,0.05753679573535919
0,350,5,0.01,89,0.9984176158905029,0.0016131885349750519,0.04016451835855936,0.07094058394432068
0,350,5,0.01,90,0.9983755946159363,0.0016560045769438148,0.040694036134841856,0.0661400631070137
0,350,5,0.01,91,0.9962952136993408,0.003776920260861516,0.061456653511735536,0.08937462419271469
0,350,5,0.01,92,0.9962430000305176,0.003830112051218748,0.06188789906935562,0.10118512064218521
0,350,5,0.01,93,0.9970892667770386,0.0029674055986106396,0.054473898323973834,0.050946906208992004
0,350,5,0.01,94,0.9970496296882629,0.0030078040435910225,0.05484345032536723,0.062935471534729
0,350,5,0.01,95,0.9968688488006592,0.003192095085978508,0.05649862906282336,0.06250648200511932
0,350,5,0.01,96,0.9963338375091553,0.003737529506906867,0.061135337628141606,0.06697355955839157
0,350,5,0.01,97,0.9971897602081299,0.0028649538289755583,0.053525263464793506,0.05822832137346268
0,350,5,0.01,98,0.9967936873435974,0.0032687124330550432,0.0571726545916406,0.056604839861392975
0,350,5,0.01,99,0.9978318810462952,0.002210316713899374,0.04701400550792683,0.06202065199613571
0,350,5,0.01,100,0.9950277805328369,0.005068985745310783,0.07119680993774077,0.16800524294376373
1,350,5,0.01,1,0.9673754572868347,0.03325953707098961,0.18237197446699316,0.6029279232025146
1,350,5,0.01,2,0.9773751497268677,0.023065177723765373,0.15187224145236475,0.4046552777290344
1,350,5,0.01,3,0.9793476462364197,0.021054329350590706,0.14510110044582952,0.3294495940208435
1,350,5,0.01,4,0.9876807928085327,0.0125589519739151,0.11206673000456067,0.23387019336223602
1,350,5,0.01,5,0.9914443492889404,0.008722168393433094,0.09339254998892092,0.23363251984119415
1,350,5,0.01,6,0.9937398433685303,0.006381999235600233,0.07988741600277376,0.22217832505702972
1,350,5,0.01,7,0.9942238926887512,0.005888544023036957,0.07673684918627398,0.20610302686691284
1,350,5,0.01,8,0.9942694306373596,0.005842085462063551,0.07643353623942536,0.16841734945774078
1,350,5,0.01,9,0.994033932685852,0.006082205101847649,0.07798849339388246,0.25654590129852295
1,350,5,0.01,10,0.991731584072113,0.00842931680381298,0.09181131087079075,0.27885615825653076
1,350,5,0.01,11,0.9934874176979065,0.0066393413580954075,0.08148215361719036,0.19178645312786102
1,350,5,0.01,12,0.9961034059524536,0.003972416277974844,0.06302710748538952,0.13528798520565033
1,350,5,0.01,13,0.996341347694397,0.0037298391107469797,0.061072408751800346,0.13439378142356873
1,350,5,0.01,14,0.9947397112846375,0.005362662021070719,0.07323019883265863,0.23593339323997498
1,350,5,0.01,15,0.9951843023300171,0.004909425973892212,0.07006729603668328,0.14826710522174835
1,350,5,0.01,16,0.9960610866546631,0.004015546292066574,0.06336833824605609,0.1307258903980255
1,350,5,0.01,17,0.9957362413406372,0.004346753470599651,0.06592991332164522,0.16726325452327728
1,350,5,0.01,18,0.9953224658966064,0.004768598359078169,0.06905503862194394,0.13032172620296478
1,350,5,0.01,19,0.9946565628051758,0.005447419360280037,0.07380663493399517,0.1998542994260788
1,350,5,0.01,20,0.9943652153015137,0.005744446534663439,0.07579212712850483,0.16901706159114838
1,350,5,0.01,21,0.9963736534118652,0.0036969466600567102,0.06080252182316709,0.11875196546316147
1,350,5,0.01,22,0.995998203754425,0.0040796841494739056,0.06387240522693588,0.1443285048007965
1,350,5,0.01,23,0.9959079027175903,0.004171712789684534,0.06458879771047402,0.12598538398742676
1,350,5,0.01,24,0.9952730536460876,0.004818975925445557,0.06941884416673585,0.14369212090969086
1,350,5,0.01,25,0.9963766932487488,0.0036938197445124388,0.06077680268418567,0.12013211846351624
1,350,5,0.01,26,0.9912307858467102,0.008939861319959164,0.09455083986913687,0.240431010723114
1,350,5,0.01,27,0.9966561198234558,0.003408984048292041,0.05838650570373295,0.1248401552438736
1,350,5,0.01,28,0.9969112277030945,0.003148911753669381,0.05611516509526976,0.14525270462036133
1,350,5,0.01,29,0.9957097172737122,0.004373790230602026,0.06613463714727727,0.20829887688159943
1,350,5,0.01,30,0.9967876076698303,0.0032749129459261894,0.057226855111269126,0.19622695446014404
1,350,5,0.01,31,0.995334804058075,0.004756014794111252,0.068963865858225,0.12361793220043182
1,350,5,0.01,32,0.9970820546150208,0.002974745584651828,0.05454122830164194,0.10216258466243744
1,350,5,0.01,33,0.9974075555801392,0.0026429002173244953,0.051409145269343814,0.10692329704761505
1,350,5,0.01,34,0.9978334307670593,0.0022087206598371267,0.046997028202186646,0.0942307859659195
1,350,5,0.01,35,0.9980049133300781,0.0020339456386864185,0.04509928645429347,0.09491535276174545
1,350,5,0.01,36,0.9978365302085876,0.0022055741865187883,0.04696354103470892,0.10850944370031357
1,350,5,0.01,37,0.9986404776573181,0.001386007759720087,0.03722912515383738,0.09806333482265472
1,350,5,0.01,38,0.9985369443893433,0.0014915440697222948,0.03862051358698244,0.09122246503829956
1,350,5,0.01,39,0.9987562894821167,0.0012678992934525013,0.03560757354064584,0.09722592681646347
1,350,5,0.01,40,0.9957665801048279,0.004315841011703014,0.06569506078620381,0.18042995035648346
1,350,5,0.01,41,0.9985920190811157,0.0014353991718962789,0.03788666218996177,0.09662115573883057
1,350,5,0.01,42,0.9985149502754211,0.0015139678725972772,0.0389097400736278,0.09664807468652725
1,350,5,0.01,43,0.9972097277641296,0.002844573464244604,0.05333454288024417,0.13006636500358582
1,350,5,0.01,44,0.9989323019981384,0.0010884755756706,0.0329920532199892,0.09291885793209076
1,350,5,0.01,45,0.9987576007843018,0.001266578445211053,0.035589021414068875,0.10118593275547028
1,350,5,0.01,46,0.9990679025650024,0.0009502690518274903,0.030826434302842914,0.09835787117481232
1,350,5,0.01,47,0.9987218976020813,0.0013029639376327395,0.036096591773084885,0.09228071570396423
1,350,5,0.01,48,0.9991738796234131,0.0008422129903919995,0.029020906091850398,0.09793578088283539
1,350,5,0.01,49,0.99755859375,0.0024888976477086544,0.049888852940397965,0.12337614595890045
1,350,5,0.01,50,0.9994524717330933,0.0005581696168519557,0.023625613576200633,0.08088187873363495
1,350,5,0.01,51,0.9992949962615967,0.0007187022711150348,0.026808623073836427,0.08176582306623459
1,350,5,0.01,52,0.9990145564079285,0.0010046049719676375,0.03169550397087318,0.09256010502576828
1,350,5,0.01,53,0.9906159043312073,0.0095667177811265,0.09780959963687869,0.2091701477766037
1,350,5,0.01,54,0.9977147579193115,0.0023297490552067757,0.04826747409184342,0.12277529388666153
1,350,5,0.01,55,0.9984578490257263,0.0015721921809017658,0.03965087869015976,0.10318660736083984
1,350,5,0.01,56,0.9992277026176453,0.0007873495924286544,0.028059750398545146,0.08267048001289368
1,350,5,0.01,57,0.9990901350975037,0.000927567423786968,0.030455991590932777,0.11767144501209259
1,350,5,0.01,58,0.9994931221008301,0.0005167446215637028,0.0227320175427458,0.081105537712574
1,350,5,0.01,59,0.9995179772377014,0.0004914313904009759,0.022168251857126127,0.07928390055894852
1,350,5,0.01,60,0.9994727969169617,0.0005374490865506232,0.023182948185048062,0.08549528568983078
1,350,5,0.01,61,0.9995043873786926,0.0005052862106822431,0.022478572256312078,0.08152194321155548
1,350,5,0.01,62,0.9993872046470642,0.0006247307173907757,0.024994613767585522,0.08945032209157944
1,350,5,0.01,63,0.9995111227035522,0.0004983915714547038,0.02232468524872644,0.08924032002687454
1,350,5,0.01,64,0.9990451335906982,0.0009734549093991518,0.031200238931763838,0.10045362263917923
1,350,5,0.01,65,0.998499870300293,0.0015293473843485117,0.03910687131884257,0.0881362184882164
1,350,5,0.01,66,0.9993649125099182,0.0006474367110058665,0.025444777676487302,0.07525715976953506
1,350,5,0.01,67,0.9993579983711243,0.0006545159267261624,0.025583508882210868,0.09942346066236496
1,350,5,0.01,68,0.9994335770606995,0.0005774743622168899,0.02403069624910793,0.07967175543308258
1,350,5,0.01,69,0.9993076920509338,0.0007057737675495446,0.026566402984776555,0.08789849281311035
1,350,5,0.01,70,0.9985551238059998,0.0014730169204995036,0.03837990255979689,0.11732825636863708
1,350,5,0.01,71,0.9962723851203918,0.003800185862928629,0.061645647558677075,0.12375481426715851
1,350,5,0.01,72,0.9993269443511963,0.0006861817091703415,0.026195070321920144,0.0856512114405632
1,350,5,0.01,73,0.9995936155319214,0.00041428126860409975,0.02035390057468346,0.0736464262008667
1,350,5,0.01,74,0.999488890171051,0.0005210696253925562,0.022826949541989973,0.07965221256017685
1,350,5,0.01,75,0.999285876750946,0.000728015264030546,0.026981757986286697,0.08685897290706635
1,350,5,0.01,76,0.9989267587661743,0.0010941140353679657,0.033077394627871855,0.10176030546426773
1,350,5,0.01,77,0.9996060132980347,0.000401661527575925,0.020041495143225344,0.07491080462932587
1,350,5,0.01,78,0.9995362162590027,0.0004727886407636106,0.02174370347396254,0.07512332499027252
1,350,5,0.01,79,0.9994035363197327,0.0006080791354179382,0.024659260642159127,0.08687052875757217
1,350,5,0.01,80,0.9996390342712402,0.0003680035297293216,0.01918341809296043,0.06684235483407974
1,350,5,0.01,81,0.9995748996734619,0.00043337809620425105,0.02081773513627866,0.06959949433803558
1,350,5,0.01,82,0.9983962774276733,0.0016349224606528878,0.04043417441537403,0.1041664183139801
1,350,5,0.01,83,0.9994505047798157,0.0005601621815003455,0.023667745593958574,0.08531395345926285
1,350,5,0.01,84,0.9995907545089722,0.00041722520836628973,0.0204260913629184,0.07428018003702164
1,350,5,0.01,85,0.9994485378265381,0.0005622109747491777,0.02371098848106459,0.08880043774843216
1,350,5,0.01,86,0.9995071291923523,0.0005024403217248619,0.022415180608794164,0.0708794817328453
1,350,5,0.01,87,0.9996337294578552,0.00037339827395044267,0.019323516086635028,0.07288040965795517
1,350,5,0.01,88,0.9994440078735352,0.0005668223020620644,0.023808030201217075,0.08648019284009933
1,350,5,0.01,89,0.9996209144592285,0.00038643678999505937,0.019657995574194724,0.06847094744443893
1,350,5,0.01,90,0.9969041347503662,0.0031561346258968115,0.0561794858101853,0.17544037103652954
1,350,5,0.01,91,0.9971375465393066,0.0029181616846472025,0.05402001189047632,0.06085390970110893
1,350,5,0.01,92,0.9982154369354248,0.001819281722418964,0.042653038841552235,0.07415146380662918
1,350,5,0.01,93,0.9985414147377014,0.0014869968872517347,0.03856159860861236,0.062068551778793335
1,350,5,0.01,94,0.9990180730819702,0.0010010517435148358,0.031639401756588824,0.0634315013885498
1,350,5,0.01,95,0.9991121888160706,0.0009051166707649827,0.03008515698421703,0.07059860974550247
1,350,5,0.01,96,0.9988685250282288,0.0011534941149875522,0.03396312875733848,0.06161624193191528
1,350,5,0.01,97,0.9992848038673401,0.0007291449583135545,0.02700268427978142,0.06227550655603409
1,350,5,0.01,98,0.9992846250534058,0.0007292736554518342,0.027005067218058062,0.06736752390861511
1,350,5,0.01,99,0.9984981417655945,0.0015311032766476274,0.03912931479910717,0.07344367355108261
1,350,5,0.01,100,0.9992877244949341,0.0007261599530465901,0.02694735521431723,0.06301750242710114
2,350,5,0.01,1,0.9365929365158081,0.06464115530252457,0.2542462493381654,0.8993979692459106
2,350,5,0.01,2,0.9874520897865295,0.012792125344276428,0.11310227824529631,0.3288361132144928
2,350,5,0.01,3,0.9913108944892883,0.00885822530835867,0.09411814547874744,0.24343402683734894
2,350,5,0.01,4,0.9950835108757019,0.005012199282646179,0.07079688752089444,0.21928037703037262
2,350,5,0.01,5,0.9933064579963684,0.006823844276368618,0.0826065631555303,0.19852221012115479
2,350,5,0.01,6,0.9951775074005127,0.0049163647927343845,0.07011679394221033,0.19531595706939697
2,350,5,0.01,7,0.9970831871032715,0.002973583759739995,0.05453057637454417,0.1617020070552826
2,350,5,0.01,8,0.9972289204597473,0.002824983559548855,0.05315057440469345,0.14603035151958466
2,350,5,0.01,9,0.9974142909049988,0.0026360200718045235,0.0513421860832252,0.14263147115707397
2,350,5,0.01,10,0.9977136850357056,0.0023308100644499063,0.048278463774750605,0.13311755657196045
2,350,5,0.01,11,0.9974615573883057,0.002587868133559823,0.050871093300221326,0.1412619799375534
2,350,5,0.01,12,0.997151255607605,0.0029041662346571684,0.05389031670585327,0.16991017758846283
2,350,5,0.01,13,0.9980288147926331,0.002009541029110551,0.04482790458085846,0.12386791408061981
2,350,5,0.01,14,0.9981695413589478,0.0018660909263417125,0.043198274575979446,0.11588763445615768
2,350,5,0.01,15,0.9972408413887024,0.00281283026561141,0.05303612227163115,0.13417622447013855
2,350,5,0.01,16,0.9983686804771423,0.001663042581640184,0.04078041909593603,0.11199222505092621
2,350,5,0.01,17,0.9980107545852661,0.002027951180934906,0.04503277896082925,0.11752107739448547
2,350,5,0.01,18,0.9983159899711609,0.0017167989863082767,0.04143427308772626,0.11682727932929993
2,350,5,0.01,19,0.9982861280441284,0.0017472249455749989,0.041799819922758025,0.10168521106243134
2,350,5,0.01,20,0.9978572130203247,0.0021844948641955853,0.04673858004042897,0.11867962032556534
2,350,5,0.01,21,0.9981414675712585,0.0018946845084428787,0.04352797386098828,0.12613622844219208
2,350,5,0.01,22,0.9984839558601379,0.0015455499524250627,0.03931348308691387,0.10377218574285507
2,350,5,0.01,23,0.9984663724899292,0.0015634546289220452,0.03954054411514901,0.11015798151493073
2,350,5,0.01,24,0.9982082843780518,0.0018265810795128345,0.04273851985636417,0.1276472508907318
2,350,5,0.01,25,0.9979249238967896,0.002115472685545683,0.04599426796401572,0.13589715957641602
2,350,5,0.01,26,0.9976568222045898,0.002388777444139123,0.04887512091175963,0.12750889360904694
2,350,5,0.01,27,0.9981725811958313,0.0018629691330716014,0.04316212614169512,0.10640119761228561
2,350,5,0.01,28,0.9985509514808655,0.0014772777212783694,0.038435370705619185,0.09832886606454849
2,350,5,0.01,29,0.9963678121566772,0.00370289059355855,0.06085138119680234,0.1955173909664154
2,350,5,0.01,30,0.9985997676849365,0.0014274641871452332,0.03778179703435549,0.09764759242534637
2,350,5,0.01,31,0.9974475502967834,0.002602138090878725,0.051011156533436144,0.17359767854213715
2,350,5,0.01,32,0.998376727104187,0.0016548761632293463,0.040680169164217427,0.10598712414503098
2,350,5,0.01,33,0.9982441067695618,0.0017900773091241717,0.04230930523093202,0.11236250400543213
2,350,5,0.01,34,0.9985926151275635,0.0014347940450534225,0.03787867533393192,0.09465590119361877
2,350,5,0.01,35,0.9986254572868347,0.0014013109030202031,0.037434087447408185,0.08946951478719711
2,350,5,0.01,36,0.9977646470069885,0.002278875559568405,0.047737569686447226,0.09735873341560364
2,350,5,0.01,37,0.9983572363853455,0.0016747071640565991,0.04092318614253537,0.10109981894493103
2,350,5,0.01,38,0.9986394643783569,0.001387043041177094,0.03724302674564856,0.09133432060480118
2,350,5,0.01,39,0.9983338713645935,0.0016985415713861585,0.041213366416566345,0.11697034537792206
2,350,5,0.01,40,0.9967799782752991,0.0032826911192387342,0.05729477392606357,0.15838754177093506
2,350,5,0.01,41,0.9986516833305359,0.00137454888317734,0.03707490907847705,0.1018306165933609
2,350,5,0.01,42,0.9986953139305115,0.0013300577411428094,0.03646995669236268,0.09876272082328796
2,350,5,0.01,43,0.9985681176185608,0.0014597224071621895,0.03820631370810575,0.10677140951156616
2,350,5,0.01,44,0.9955955147743225,0.004490220453590155,0.06700910724364378,0.13649949431419373
2,350,5,0.01,45,0.9975554347038269,0.002492171712219715,0.04992165574397263,0.08249153941869736
2,350,5,0.01,46,0.9978206753730774,0.002221758244559169,0.047135530595922744,0.09537149220705032
2,350,5,0.01,47,0.9979963302612305,0.0020426420960575342,0.04519559819338089,0.0819803848862648
2,350,5,0.01,48,0.99822998046875,0.001804473577067256,0.042479095765649906,0.07653089612722397
2,350,5,0.01,49,0.997792661190033,0.0022503018844872713,0.047437346937695316,0.0996224507689476
2,350,5,0.01,50,0.9983209371566772,0.0017117701936513186,0.041373544610672636,0.0802314430475235
2,350,5,0.01,51,0.9984105825424194,0.001620377996005118,0.04025391901424156,0.08607263118028641
2,350,5,0.01,52,0.9984219670295715,0.0016087237745523453,0.040108898944652485,0.08816193789243698
2,350,5,0.01,53,0.998609185218811,0.0014178595738485456,0.03765447614625047,0.09239358454942703
2,350,5,0.01,54,0.9984675049781799,0.0015623298240825534,0.03952631811948279,0.10653943568468094
2,350,5,0.01,55,0.9985828995704651,0.001444656285457313,0.038008634354016364,0.09667889028787613
2,350,5,0.01,56,0.9988980293273926,0.0011234342819079757,0.033517671188612964,0.08131008595228195
2,350,5,0.01,57,0.9985132813453674,0.0015156824374571443,0.03893176643124666,0.09855131059885025
2,350,5,0.01,58,0.998643696308136,0.0013827088987454772,0.037184793918287044,0.09594301879405975
2,350,5,0.01,59,0.9984337687492371,0.001596719492226839,0.039958972612253674,0.0968867614865303
2,350,5,0.01,60,0.9983078241348267,0.0017250817036256194,0.04153410289901083,0.09768401831388474
2,350,5,0.01,61,0.9966083765029907,0.0034576421603560448,0.05880171902551867,0.17657025158405304
2,350,5,0.01,62,0.9985753893852234,0.001452330150641501,0.03810944962396467,0.08136231452226639
2,350,5,0.01,63,0.9988296031951904,0.0011932005872949958,0.03454273566605569,0.08347640931606293
2,350,5,0.01,64,0.9984105825424194,0.0016203578561544418,0.04025366885334108,0.0925915315747261
2,350,5,0.01,65,0.9985927939414978,0.0014346204698085785,0.037876384064593316,0.07587410509586334
2,350,5,0.01,66,0.9980893135070801,0.0019478976028040051,0.04413499295121735,0.10458304733037949
2,350,5,0.01,67,0.997682511806488,0.002362573053687811,0.04860630672749999,0.10141047090291977
2,350,5,0.01,68,0.9982128739356995,0.0018218845361843705,0.04268353940554099,0.08242335170507431
2,350,5,0.01,69,0.9985544085502625,0.0014737347373738885,0.03838925288897778,0.08679389953613281
2,350,5,0.01,70,0.9986992478370667,0.0013260672567412257,0.03641520639432414,0.06896214932203293
2,350,5,0.01,71,0.998497486114502,0.001531740534119308,0.039137456919418105,0.09132365882396698
2,350,5,0.01,72,0.997279942035675,0.002772998996078968,0.052659272650493076,0.13373719155788422
2,350,5,0.01,73,0.9979766607284546,0.002062712563201785,0.04541709549499819,0.08948203921318054
2,350,5,0.01,74,0.9983441829681396,0.0016880154144018888,0.04108546475825592,0.0862245112657547
2,350,5,0.01,75,0.9984734058380127,0.001556316507048905,0.039450177528737494,0.0717151090502739
2,350,5,0.01,76,0.9982414245605469,0.0017928279703482985,0.04234179932818513,0.07660134881734848
2,350,5,0.01,77,0.968900740146637,0.03170454502105713,0.1780577013809207,0.288400262594223
2,350,5,0.01,78,0.9978280663490295,0.002214226173236966,0.04705556474251442,0.08711657673120499
2,350,5,0.01,79,0.9975354671478271,0.0025124922394752502,0.050124766727389865,0.08824295550584793
2,350,5,0.01,80,0.9979943633079529,0.002044669585302472,0.045218022792935915,0.0776294693350792
2,350,5,0.01,81,0.9981387853622437,0.0018974547274410725,0.04355978337229276,0.07327467948198318
2,350,5,0.01,82,0.9982581734657288,0.0017757524037733674,0.04213967730979163,0.07133079320192337
2,350,5,0.01,83,0.9980309009552002,0.002007413189858198,0.04480416487178617,0.07028117775917053
2,350,5,0.01,84,0.9982972145080566,0.0017359304474666715,0.04166449864652966,0.0751073807477951
2,350,5,0.01,85,0.9983526468276978,0.0016793898539617658,0.04098035936838238,0.06879803538322449
2,350,5,0.01,86,0.9975907802581787,0.0024561132304370403,0.04955918916242517,0.08250314742326736
2,350,5,0.01,87,0.9984268546104431,0.001603736076503992,0.04004667372584135,0.0671435073018074
2,350,5,0.01,88,0.9981625080108643,0.001873247092589736,0.04328102462499861,0.06583096832036972
2,350,5,0.01,89,0.9981150031089783,0.0019217059016227722,0.04383726612852097,0.0768609493970871
2,350,5,0.01,90,0.9978707432746887,0.0021707131527364254,0.046590912769942865,0.0873102992773056
2,350,5,0.01,91,0.9982201457023621,0.0018144705099985003,0.04259660209451571,0.07466048747301102
2,350,5,0.01,92,0.9979807138442993,0.0020585886668413877,0.045371672515363455,0.07736732810735703
2,350,5,0.01,93,0.9980639219284058,0.0019737379625439644,0.04442677078681236,0.0780784860253334
2,350,5,0.01,94,0.9979844689369202,0.0020547849126160145,0.045329735413037815,0.07138672471046448
2,350,5,0.01,95,0.9859101176261902,0.014364123344421387,0.11985042071023942,0.37409403920173645
2,350,5,0.01,96,0.9973118901252747,0.002740433206781745,0.052349147144741,0.0755087286233902
2,350,5,0.01,97,0.9971678256988525,0.0028872669208794832,0.053733294342330096,0.06217097118496895
2,350,5,0.01,98,0.9975994229316711,0.0024473066441714764,0.049470260199148706,0.06196866184473038
2,350,5,0.01,99,0.9975388050079346,0.0025090856943279505,0.05009077454310275,0.0633549839258194
2,350,5,0.01,100,0.9976067543029785,0.002439814852550626,0.049394482005084596,0.061450790613889694
3,350,5,0.01,1,0.9889891147613525,0.011225192807614803,0.10594901041357019,0.27881187200546265
3,350,5,0.01,2,0.9929084777832031,0.007229574024677277,0.08502690177042367,0.1773628294467926
3,350,5,0.01,3,0.992496132850647,0.0076499152928590775,0.08746379418284504,0.17560192942619324
3,350,5,0.01,4,0.9936485886573792,0.0064750234596431255,0.08046753046815297,0.13668283820152283
3,350,5,0.01,5,0.994488000869751,0.0056193056516349316,0.07496202806511396,0.11048080772161484
3,350,5,0.01,6,0.9938428401947021,0.006277015432715416,0.07922761786596524,0.10284148156642914
3,350,5,0.01,7,0.9937803149223328,0.006340719293802977,0.07962863363013946,0.11390609294176102
3,350,5,0.01,8,0.9900446534156799,0.010149081237614155,0.10074264855369922,0.18894994258880615
3,350,5,0.01,9,0.9941011071205139,0.006013686303049326,0.07754796130814352,0.09899602085351944
3,350,5,0.01,10,0.9899638295173645,0.010231487452983856,0.1011508153846713,0.2618211507797241
3,350,5,0.01,11,0.9938127994537354,0.006307634525001049,0.07942061775761411,0.11465362459421158
3,350,5,0.01,12,0.9950394630432129,0.005057071801275015,0.07111309163069073,0.09627953171730042
3,350,5,0.01,13,0.9948673248291016,0.005232573952525854,0.0723365326271992,0.08612722903490067
3,350,5,0.01,14,0.9898160099983215,0.010382215492427349,0.10189315724045138,0.1927204132080078
3,350,5,0.01,15,0.9949250817298889,0.005173664540052414,0.07192819016249759,0.09096544981002808
3,350,5,0.01,16,0.9941516518592834,0.00596215482801199,0.07721499095390733,0.1418149322271347
3,350,5,0.01,17,0.9948188662528992,0.005281998310238123,0.07267735761733583,0.09386064857244492
3,350,5,0.01,18,0.9944614171981812,0.005646402016282082,0.07514254464870139,0.08343939483165741
3,350,5,0.01,19,0.9931889176368713,0.006943655665963888,0.08332860052805333,0.10448037832975388
3,350,5,0.01,20,0.9933373928070068,0.006792291533201933,0.08241535981358046,0.13724473118782043
3,350,5,0.01,21,0.9943339228630066,0.005776350852102041,0.07600230820246212,0.09787601232528687
3,350,5,0.01,22,0.9947074055671692,0.005395605694502592,0.07345478673648567,0.12800630927085876
3,350,5,0.01,23,0.9951732754707336,0.004920672159641981,0.07014750287531255,0.08038807660341263
3,350,5,0.01,24,0.9954217672348022,0.004667345900088549,0.06831797640510548,0.11066968739032745
3,350,5,0.01,25,0.9948549270629883,0.005245231091976166,0.07242396766248149,0.09754639118909836
3,350,5,0.01,26,0.9952227473258972,0.004870229866355658,0.06978703222200854,0.13310828804969788
3,350,5,0.01,27,0.9938045144081116,0.006316065788269043,0.07947367984602854,0.2051572948694229
3,350,5,0.01,28,0.9948223829269409,0.005278382916003466,0.07265248045320591,0.0781799852848053
3,350,5,0.01,29,0.9933092594146729,0.00682096229866147,0.0825891173137325,0.13367313146591187
3,350,5,0.01,30,0.9948515295982361,0.005248702596873045,0.07244793024561189,0.10293204337358475
3,350,5,0.01,31,0.9950984716415405,0.004996934439986944,0.07068899801232822,0.09293118864297867
3,350,5,0.01,32,0.9943498969078064,0.005760072264820337,0.07589513992885405,0.07402385026216507
3,350,5,0.01,33,0.994945228099823,0.005153127480298281,0.0717852873526204,0.07953739911317825
3,350,5,0.01,34,0.9945904016494751,0.005514865275472403,0.07426213890989407,0.07781808078289032
3,350,5,0.01,35,0.9948890805244446,0.005210367497056723,0.0721828753726029,0.07250096648931503
3,350,5,0.01,36,0.9946983456611633,0.005404820665717125,0.07351748544201661,0.0676577016711235
3,350,5,0.01,37,0.995165228843689,0.004928891081362963,0.07020606157136977,0.06728407740592957
3,350,5,0.01,38,0.994124710559845,0.0059896656312048435,0.0773929301112501,0.1264534294605255
3,350,5,0.01,39,0.9942948222160339,0.005816210992634296,0.07626408717498884,0.08758990466594696
3,350,5,0.01,40,0.9932695627212524,0.006861405447125435,0.08283360095471785,0.10374637693166733
3,350,5,0.01,41,0.9950136542320251,0.005083407275378704,0.0712980173313305,0.06006137281656265
3,350,5,0.01,42,0.9940360188484192,0.0060800728388130665,0.07797482182610657,0.06391072273254395
3,350,5,0.01,43,0.9943611025810242,0.005748667288571596,0.07581996629234014,0.07990971207618713
3,350,5,0.01,44,0.820137083530426,0.18336355686187744,0.4282097113119662,1.0594613552093506
3,350,5,0.01,45,0.9939665794372559,0.00615082960575819,0.07842722490154927,0.148163303732872
3,350,5,0.01,46,0.9940410256385803,0.006074978969991207,0.07794215143291341,0.09026606380939484
3,350,5,0.01,47,0.9940018653869629,0.0061148605309426785,0.07819757368961443,0.08309953659772873
3,350,5,0.01,48,0.9944995045661926,0.005607550032436848,0.07488357652006779,0.08472613245248795
3,350,5,0.01,49,0.9942566752433777,0.005855092313140631,0.07651857495497828,0.06777842342853546
3,350,5,0.01,50,0.9944310784339905,0.005677336361259222,0.07534810124521535,0.07220456004142761
3,350,5,0.01,51,0.9947903156280518,0.005311097018420696,0.07287727367582227,0.06266000121831894
3,350,5,0.01,52,0.9943448901176453,0.005765173584222794,0.07592874017276194,0.06841189414262772
3,350,5,0.01,53,0.9946553707122803,0.0054486775770783424,0.07381515817959305,0.07011730223894119
3,350,5,0.01,54,0.9943435192108154,0.00576657522469759,0.07593796958503427,0.058880966156721115
3,350,5,0.01,55,0.9938104748725891,0.006309961900115013,0.0794352686161192,0.06135013699531555
3,350,5,0.01,56,0.9941862225532532,0.005926928948611021,0.07698655043974253,0.06189175322651863
3,350,5,0.01,57,0.9946914911270142,0.0054118395783007145,0.07356520630230513,0.06548692286014557
3,350,5,0.01,58,0.9939973950386047,0.0061194440349936485,0.07822687540093654,0.055535171180963516
3,350,5,0.01,59,0.9945709109306335,0.005534744821488857,0.07439586562093929,0.0677235946059227
3,350,5,0.01,60,0.994670569896698,0.005433145444840193,0.07370987345559747,0.07847103476524353
3,350,5,0.01,61,0.9942976832389832,0.005813291762024164,0.0762449458129794,0.05823395028710365
3,350,5,0.01,62,0.9948952794075012,0.005204062443226576,0.07213918798563355,0.09004348516464233
3,350,5,0.01,63,0.9945690631866455,0.005536656826734543,0.07440871472303862,0.0719403550028801
3,350,5,0.01,64,0.9941192269325256,0.0059952205047011375,0.07742880926826357,0.06742744892835617
3,350,5,0.01,65,0.9944357872009277,0.0056725176982581615,0.07531611844922813,0.08510276675224304
3,350,5,0.01,66,0.99410080909729,0.006013985723257065,0.0775498918326587,0.1061813086271286
3,350,5,0.01,67,0.9912349581718445,0.008935663849115372,0.09452864036425877,0.10477259755134583
3,350,5,0.01,68,0.994418203830719,0.005690435878932476,0.0754349778215151,0.08467214554548264
3,350,5,0.01,69,0.9903581738471985,0.009829455986618996,0.09914361293910463,0.10344929248094559
3,350,5,0.01,70,0.9896928668022156,0.010507716797292233,0.10250715485902549,0.11609532684087753
3,350,5,0.01,71,0.9934071898460388,0.006721121724694967,0.08198244766225858,0.09808140993118286
3,350,5,0.01,72,0.9931740164756775,0.006958847399801016,0.08341970630373267,0.08667024970054626
3,350,5,0.01,73,0.9943562746047974,0.00575353903695941,0.07585208656958231,0.08610862493515015
3,350,5,0.01,74,0.9941735863685608,0.005939784459769726,0.07706999714395821,0.06624110788106918
3,350,5,0.01,75,0.9942046999931335,0.005908083636313677,0.07686405945767942,0.08555737882852554
3,350,5,0.01,76,0.9939833879470825,0.006133684888482094,0.0783178452747654,0.12292224168777466
3,350,5,0.01,77,0.9945903420448303,0.005514968652278185,0.07426283493294734,0.08417713642120361
3,350,5,0.01,78,0.994138777256012,0.005975281819701195,0.07729994708731174,0.09765256196260452
3,350,5,0.01,79,0.9939785599708557,0.00613862369209528,0.07834936944286967,0.10644689202308655
3,350,5,0.01,80,0.9940785765647888,0.006036692764610052,0.07769615669137085,0.06323827058076859
3,350,5,0.01,81,0.9940758347511292,0.006039484869688749,0.07771412271710175,0.06906210631132126
3,350,5,0.01,82,0.9934449195861816,0.006682639010250568,0.0817474098075931,0.09015513956546783
3,350,5,0.01,83,0.9933114647865295,0.006818718276917934,0.08257553073954738,0.0713832899928093
3,350,5,0.01,84,0.9942536354064941,0.005858177784830332,0.0765387338857283,0.0703863874077797
3,350,5,0.01,85,0.9935577511787415,0.006567612290382385,0.08104080632855515,0.07669644802808762
3,350,5,0.01,86,0.992885172367096,0.007253314834088087,0.08516639498116664,0.06508155912160873
3,350,5,0.01,87,0.9943692088127136,0.005740354303270578,0.07576512590414258,0.06456495076417923
3,350,5,0.01,88,0.9936505556106567,0.0064729955047369,0.08045492840551721,0.10954005271196365
3,350,5,0.01,89,0.9939544200897217,0.006163240876048803,0.07850631105872191,0.07585819810628891
3,350,5,0.01,90,0.9892063736915588,0.011003675870597363,0.10489840737874605,0.12423576414585114
3,350,5,0.01,91,0.9929004907608032,0.00723769748583436,0.08507465830571616,0.09441385418176651
3,350,5,0.01,92,0.9950903654098511,0.005005181767046452,0.07074730925658199,0.05655074492096901
3,350,5,0.01,93,0.9945152997970581,0.005591444205492735,0.07477596007737203,0.06666282564401627
3,350,5,0.01,94,0.9941259026527405,0.005988448392599821,0.07738506569487306,0.07644003629684448
3,350,5,0.01,95,0.9953818917274475,0.004708010237663984,0.06861494179596733,0.055750276893377304
3,350,5,0.01,96,0.9949772357940674,0.005120532587170601,0.07155789674921001,0.0662151649594307
3,350,5,0.01,97,0.9944404363632202,0.005667783785611391,0.0752846849339983,0.1280801147222519
3,350,5,0.01,98,0.9940198063850403,0.006096613593399525,0.07808081450266464,0.06445605307817459
3,350,5,0.01,99,0.9935230612754822,0.00660299276933074,0.0812588011807382,0.051222287118434906
3,350,5,0.01,100,0.9930580854415894,0.00707701500505209,0.08412499631531695,0.07061919569969177
4,350,5,0.01,1,0.97962486743927,0.020771710202097893,0.1441239404196884,0.3015322685241699
4,350,5,0.01,2,0.9818621277809143,0.018490895628929138,0.13598123263498216,0.30364465713500977
4,350,5,0.01,3,0.9815270900726318,0.018832437694072723,0.13723132912739977,0.24325072765350342
4,350,5,0.01,4,0.9833478927612305,0.01697622612118721,0.13029284754424247,0.27797457575798035
4,350,5,0.01,5,0.9861247539520264,0.014145328663289547,0.11893413582016539,0.1717555969953537
4,350,5,0.01,6,0.9869754910469055,0.013278000056743622,0.11523020461989826,0.13904160261154175
4,350,5,0.01,7,0.9875981211662292,0.01264325063675642,0.11244221020931784,0.13675148785114288
4,350,5,0.01,8,0.9878655076026917,0.012370686046779156,0.11122358583852238,0.1047157570719719
4,350,5,0.01,9,0.9842485189437866,0.016058044508099556,0.1267203397568818,0.2542363405227661
4,350,5,0.01,10,0.988072395324707,0.012159764766693115,0.1102713234104548,0.09857980906963348
4,350,5,0.01,11,0.9875982999801636,0.0126430569216609,0.112441348807549,0.15640665590763092
4,350,5,0.01,12,0.9867998361587524,0.013457056134939194,0.11600455221645051,0.19691252708435059
4,350,5,0.01,13,0.9813224673271179,0.01904105395078659,0.13798932549580273,0.243232861161232
4,350,5,0.01,14,0.9867539405822754,0.013503837399184704,0.11620601274970545,0.09753009676933289
4,350,5,0.01,15,0.9852097034454346,0.015078144147992134,0.12279309487097446,0.08082440495491028
4,350,5,0.01,16,0.9841837882995605,0.016124052926898003,0.12698052184054845,0.08770334720611572
4,350,5,0.01,17,0.982062816619873,0.018286261707544327,0.13522670486092725,0.1713041365146637
4,350,5,0.01,18,0.9829021692276001,0.017430584877729416,0.1320249403625293,0.11815361678600311
4,350,5,0.01,19,0.9823471307754517,0.017996447160840034,0.13415083734677183,0.0820309966802597
4,350,5,0.01,20,0.9804900288581848,0.019889703020453453,0.14103085839791749,0.1501062512397766
4,350,5,0.01,21,0.9764624834060669,0.02399563416838646,0.1549052425464886,0.22362275421619415
4,350,5,0.01,22,0.9795005321502686,0.020898446440696716,0.14456294975095355,0.0853564590215683
4,350,5,0.01,23,0.9788543581962585,0.021557198837399483,0.1468236998491711,0.08452761173248291
4,350,5,0.01,24,0.9791011214256287,0.02130565606057644,0.14596457125130208,0.08229567855596542
4,350,5,0.01,25,0.9784336686134338,0.02198607288300991,0.14827701400759968,0.12233962118625641
4,350,5,0.01,26,0.9759993553161621,0.02446775883436203,0.15642173389386152,0.19168715178966522
4,350,5,0.01,27,0.9782508611679077,0.022172413766384125,0.14890404214252925,0.12484738975763321
4,350,5,0.01,28,0.9766585826873779,0.023795703426003456,0.1542585603005663,0.1722751259803772
4,350,5,0.01,29,0.9783547520637512,0.022066552191972733,0.1485481477231296,0.11123206466436386
4,350,5,0.01,30,0.9772191047668457,0.02322428487241268,0.1523951602657141,0.11040182411670685
4,350,5,0.01,31,0.9765329957008362,0.023923752829432487,0.15467305140014692,0.16911865770816803
4,350,5,0.01,32,0.9772643446922302,0.02317815087735653,0.15224372196368732,0.12212508171796799
4,350,5,0.01,33,0.9773383736610413,0.023102685809135437,0.15199567694225857,0.07924503833055496
4,350,5,0.01,34,0.9769206047058105,0.0235285721719265,0.15339026100742673,0.13280846178531647
4,350,5,0.01,35,0.9726494550704956,0.027882857248187065,0.16698160751468127,0.21584472060203552
4,350,5,0.01,36,0.9772772192955017,0.023165058344602585,0.15220071729332482,0.10545330494642258
4,350,5,0.01,37,0.9761463403701782,0.024317892268300056,0.15594195159834334,0.11485999077558517
4,350,5,0.01,38,0.9768012166023254,0.023650318384170532,0.15378660014504036,0.1132194921374321
4,350,5,0.01,39,0.9771955013275146,0.023248352110385895,0.15247410308109996,0.08544175326824188
4,350,5,0.01,40,0.9737277626991272,0.02678355947136879,0.16365683447802842,0.17273741960525513
4,350,5,0.01,41,0.9768160581588745,0.02363518625497818,0.15373739380833207,0.08788330852985382
4,350,5,0.01,42,0.9766795039176941,0.02377438172698021,0.15418943455042636,0.06118203327059746
4,350,5,0.01,43,0.976832926273346,0.023617995902895927,0.15368147547084499,0.09329691529273987
4,350,5,0.01,44,0.9763427376747131,0.024117719382047653,0.15529880676311603,0.1565438210964203
4,350,5,0.01,45,0.9764986634254456,0.02395872212946415,0.15478605276142987,0.09681463986635208
4,350,5,0.01,46,0.9768074750900269,0.02364393323659897,0.15376583897796992,0.06072652339935303
4,350,5,0.01,47,0.9768960475921631,0.023553594946861267,0.15347180505506955,0.07739732414484024
4,350,5,0.01,48,0.9768939018249512,0.023555804044008255,0.153479001964465,0.08001194149255753
4,350,5,0.01,49,0.9772583246231079,0.023184264078736305,0.15226379766292547,0.08198746293783188
4,350,5,0.01,50,0.9770249724388123,0.023422211408615112,0.1530431684480399,0.08613283932209015
4,350,5,0.01,51,0.9776177406311035,0.022817859426140785,0.1510558155985422,0.08685394376516342
4,350,5,0.01,52,0.9800286889076233,0.020360035821795464,0.14268859737833106,0.05433458089828491
4,350,5,0.01,53,0.978930652141571,0.02147943526506424,0.1465586410453653,0.10236760228872299
4,350,5,0.01,54,0.9781929850578308,0.022231416776776314,0.14910203478415818,0.11123694479465485
4,350,5,0.01,55,0.9779778122901917,0.022450821474194527,0.1498359819075329,0.06886971741914749
4,350,5,0.01,56,0.9776683449745178,0.022766316309571266,0.15088510963501756,0.08702864497900009
4,350,5,0.01,57,0.9777757525444031,0.022656826302409172,0.1505218465951344,0.11459413170814514
4,350,5,0.01,58,0.9771537780761719,0.0232908446341753,0.1526133828803205,0.12319890409708023
4,350,5,0.01,59,0.9781676530838013,0.022257285192608833,0.14918875692426972,0.06486468017101288
4,350,5,0.01,60,0.9782560467720032,0.022167153656482697,0.14888637834430218,0.0849471241235733
4,350,5,0.01,61,0.9782174825668335,0.02220645360648632,0.1490182995691681,0.07233839482069016
4,350,5,0.01,62,0.9779915809631348,0.022436736151576042,0.14978897206261896,0.08216534554958344
4,350,5,0.01,63,0.9720183610916138,0.02852623164653778,0.16889710372453928,0.23257946968078613
4,350,5,0.01,64,0.9769410490989685,0.02350771613419056,0.15332226235674504,0.11108478158712387
4,350,5,0.01,65,0.9777292013168335,0.02270422875881195,0.1506792247086902,0.06870368868112564
4,350,5,0.01,66,0.9776321053504944,0.022803256288170815,0.1510074709680644,0.09088977426290512
4,350,5,0.01,67,0.977711021900177,0.02272278070449829,0.1507407731985553,0.08151739090681076
4,350,5,0.01,68,0.9776082634925842,0.022827526554465294,0.1510878107408579,0.06036662310361862
4,350,5,0.01,69,0.9767287373542786,0.023724207654595375,0.15402664592399387,0.11965964734554291
4,350,5,0.01,70,0.9776255488395691,0.02280990406870842,0.1510294807933485,0.06370577216148376
4,350,5,0.01,71,0.9770698547363281,0.023376422002911568,0.15289349889027842,0.0760413110256195
4,350,5,0.01,72,0.9768846035003662,0.023565299808979034,0.1535099339097605,0.06813342869281769
4,350,5,0.01,73,0.9771406650543213,0.023304231464862823,0.1526572352195035,0.07573486119508743
4,350,5,0.01,74,0.9773530960083008,0.02308766171336174,0.15194624613119517,0.07564283907413483
4,350,5,0.01,75,0.9759377241134644,0.024530617520213127,0.1566225319684659,0.17699086666107178
4,350,5,0.01,76,0.977271556854248,0.02317083440721035,0.1522196912597393,0.07352882623672485
4,350,5,0.01,77,0.9770077466964722,0.023439757525920868,0.15310048179519511,0.06790578365325928
4,350,5,0.01,78,0.9762974381446838,0.02416389063000679,0.15544738862395466,0.09969404339790344
4,350,5,0.01,79,0.9764362573623657,0.024022335186600685,0.15499140358936261,0.0949467346072197
4,350,5,0.01,80,0.9766178131103516,0.023837286978960037,0.1543932867030171,0.08457980304956436
4,350,5,0.01,81,0.9769271016120911,0.02352198399603367,0.15336878429469822,0.07273192703723907
4,350,5,0.01,82,0.9769911766052246,0.023456638678908348,0.1531556028322449,0.08728832006454468
4,350,5,0.01,83,0.9770547151565552,0.023391854017972946,0.15294395711492803,0.06718519330024719
4,350,5,0.01,84,0.9766281843185425,0.02382669784128666,0.1543589901537538,0.14916174113750458
4,350,5,0.01,85,0.9768918752670288,0.023557906970381737,0.15348585267177473,0.08760526031255722
4,350,5,0.01,86,0.9768914580345154,0.02355831488966942,0.1534871815158172,0.05831765756011009
4,350,5,0.01,87,0.9772234559059143,0.023219823837280273,0.15238052315594758,0.05258417874574661
4,350,5,0.01,88,0.9769691824913025,0.023479046300053596,0.15322873849266527,0.07768760621547699
4,350,5,0.01,89,0.9761477708816528,0.02431648038327694,0.15593742457561924,0.1212812140583992
4,350,5,0.01,90,0.9769415259361267,0.023507263511419296,0.15332078629924678,0.08223633468151093
4,350,5,0.01,91,0.9770916700363159,0.0233541838824749,0.15282075736782258,0.04843730106949806
4,350,5,0.01,92,0.9767432808876038,0.023709388449788094,0.1539785324315961,0.1478731483221054
4,350,5,0.01,93,0.9772393703460693,0.023203594610095024,0.1523272615459722,0.058581799268722534
4,350,5,0.01,94,0.9768663644790649,0.02358386479318142,0.15357039035302808,0.09353219717741013
4,350,5,0.01,95,0.9779068827629089,0.022523116320371628,0.15007703462012975,0.08004200458526611
4,350,5,0.01,96,0.9781612753868103,0.022263789549469948,0.14921055441713882,0.08968640118837357
4,350,5,0.01,97,0.978015661239624,0.022412246093153954,0.1497072012067354,0.05668041110038757
4,350,5,0.01,98,0.9780029058456421,0.022425198927521706,0.14975045551690888,0.062274008989334106
4,350,5,0.01,99,0.9780844449996948,0.022342117503285408,0.1494727985396855,0.055323436856269836
4,350,5,0.01,100,0.9775505661964417,0.02288636565208435,0.15128240364326695,0.058985672891139984
5,350,5,0.01,1,0.9868204593658447,0.013436063192784786,0.11591403363175999,0.27897775173187256
5,350,5,0.01,2,0.9918085336685181,0.00835089385509491,0.09138322523907169,0.19581682980060577
5,350,5,0.01,3,0.9925444722175598,0.007600640878081322,0.08718165448121136,0.14496783912181854
5,350,5,0.01,4,0.9898155331611633,0.010382681153714657,0.10189544226173541,0.15896204113960266
5,350,5,0.01,5,0.9935289025306702,0.006597032304853201,0.08122211709167153,0.10581830888986588
5,350,5,0.01,6,0.9928781390190125,0.007260461803525686,0.08520834350887058,0.11245995759963989
5,350,5,0.01,7,0.99425208568573,0.005859773606061935,0.07654915810158813,0.10196097940206528
5,350,5,0.01,8,0.9929048418998718,0.007233231328427792,0.08504840579592184,0.1050001010298729
5,350,5,0.01,9,0.9909439086914062,0.00923231989145279,0.0960849618382231,0.12962542474269867
5,350,5,0.01,10,0.9928393959999084,0.007299965247511864,0.0854398340793793,0.11996772885322571
5,350,5,0.01,11,0.9933515787124634,0.006777842994779348,0.08232765631778514,0.08284278959035873
5,350,5,0.01,12,0.9940617084503174,0.00605385284870863,0.07780650903818156,0.10174935311079025
5,350,5,0.01,13,0.9905789494514465,0.00960438884794712,0.09800198389801668,0.1864272952079773
5,350,5,0.01,14,0.9929108023643494,0.007227182853966951,0.08501283934775353,0.1672278195619583
5,350,5,0.01,15,0.9941035509109497,0.006011190824210644,0.07753186973245675,0.08312656730413437
5,350,5,0.01,16,0.9946433901786804,0.005460862535983324,0.07389764905586188,0.06541880965232849
5,350,5,0.01,17,0.9949447512626648,0.005153615027666092,0.07178868314481114,0.0650283694267273
5,350,5,0.01,18,0.9953111410140991,0.004780099261552095,0.06913826192168918,0.08399169147014618
5,350,5,0.01,19,0.9949578046798706,0.005140357650816441,0.0716962875664873,0.07137878984212875
5,350,5,0.01,20,0.9963206052780151,0.0037509931717067957,0.06124535224575654,0.07932703197002411
5,350,5,0.01,21,0.9971361756324768,0.0029195689130574465,0.05403303538630276,0.07727032154798508
5,350,5,0.01,22,0.9912234544754028,0.008947346359491348,0.09459041367649973,0.1666271686553955
5,350,5,0.01,23,0.9955648183822632,0.004521519411355257,0.06724224424686655,0.08549640327692032
5,350,5,0.01,24,0.9957036972045898,0.00437991414219141,0.06618091977444412,0.08027047663927078
5,350,5,0.01,25,0.9964847564697266,0.0035836894530802965,0.0598639244710894,0.10907507687807083
5,350,5,0.01,26,0.9968762993812561,0.0031844705808907747,0.05643111358896592,0.06762713938951492
5,350,5,0.01,27,0.9957494735717773,0.004333246499300003,0.0658273993053045,0.06913817673921585
5,350,5,0.01,28,0.9969415664672852,0.0031179890502244234,0.05583895638552375,0.07726491242647171
5,350,5,0.01,29,0.9971145391464233,0.002941604470834136,0.054236560278414926,0.08538457751274109
5,350,5,0.01,30,0.994530975818634,0.005575495306402445,0.07466923935867062,0.12819816172122955
5,350,5,0.01,31,0.9967641830444336,0.003298784838989377,0.05743504887252537,0.09724152088165283
5,350,5,0.01,32,0.997559666633606,0.002487853867933154,0.04987839079133522,0.06387745589017868
5,350,5,0.01,33,0.9971405863761902,0.0029150438494980335,0.0539911460287521,0.065957210958004
5,350,5,0.01,34,0.9959504008293152,0.004128425382077694,0.06425282392298173,0.11377979069948196
5,350,5,0.01,35,0.9970126748085022,0.003045496763661504,0.05518601963959263,0.0894337072968483
5,350,5,0.01,36,0.9964844584465027,0.003583992598578334,0.05986645637231532,0.08443116396665573
5,350,5,0.01,37,0.997189462184906,0.00286521902307868,0.05352774068722385,0.05318986624479294
5,350,5,0.01,38,0.997553825378418,0.0024938140995800495,0.049938102683022005,0.06866362690925598
5,350,5,0.01,39,0.9960750937461853,0.004001312423497438,0.06325592797119839,0.09292924404144287
5,350,5,0.01,40,0.9966999888420105,0.0033642230555415154,0.05800192286072519,0.08517914265394211
5,350,5,0.01,41,0.9970710873603821,0.002985891653224826,0.05464331297812044,0.06113253906369209
5,350,5,0.01,42,0.9974664449691772,0.0025828639045357704,0.05082188411044764,0.057180844247341156
5,350,5,0.01,43,0.9979244470596313,0.0021159362513571978,0.04599930707475057,0.060438353568315506
5,350,5,0.01,44,0.9945953488349915,0.0055098338052630424,0.07422825476368848,0.14995735883712769
5,350,5,0.01,45,0.9971976280212402,0.002856898820027709,0.05344996557555214,0.06208571791648865
5,350,5,0.01,46,0.9972957968711853,0.002756829373538494,0.05250551755328667,0.05789364501833916
5,350,5,0.01,47,0.9973745346069336,0.002676586853340268,0.05173574057979907,0.05541276931762695
5,350,5,0.01,48,0.9971481561660767,0.002907375805079937,0.05392008721320782,0.06193283200263977
5,350,5,0.01,49,0.9976376295089722,0.0024083449970930815,0.04907489171758896,0.06255413591861725
5,350,5,0.01,50,0.9970893859863281,0.002967280801385641,0.05447275283465708,0.06206289306282997
5,350,5,0.01,51,0.9974743723869324,0.002574808429926634,0.050742570194331246,0.054219119250774384
5,350,5,0.01,52,0.9960481524467468,0.004028734751045704,0.06347231483919351,0.06836064159870148
5,350,5,0.01,53,0.9969797730445862,0.003079014830291271,0.05548887122920479,0.0612773522734642
5,350,5,0.01,54,0.9969708323478699,0.0030881515704095364,0.05557113972566638,0.053681664168834686
5,350,5,0.01,55,0.9969830513000488,0.0030756534542888403,0.05545857421795876,0.07272975146770477
5,350,5,0.01,56,0.9970237016677856,0.0030342487152665854,0.05508401506123701,0.07067738473415375
5,350,5,0.01,57,0.9968376755714417,0.003223883453756571,0.05677925196545452,0.09054869413375854
5,350,5,0.01,58,0.9965206980705261,0.003547039581462741,0.05955702797708043,0.11842899769544601
5,350,5,0.01,59,0.9963057637214661,0.0037661418318748474,0.061368899549159646,0.16150541603565216
5,350,5,0.01,60,0.9963399767875671,0.0037312693893909454,0.06108411732513572,0.07685401290655136
5,350,5,0.01,61,0.9973289966583252,0.002722964622080326,0.052182033518063727,0.05003204196691513
5,350,5,0.01,62,0.9974203109741211,0.002629873575642705,0.05128229300297233,0.0539957731962204
5,350,5,0.01,63,0.9971568584442139,0.0028984565287828445,0.053837315393533924,0.04973657429218292
5,350,5,0.01,64,0.9973632097244263,0.0026881005614995956,0.051846895389209134,0.12239257991313934
5,350,5,0.01,65,0.9952436685562134,0.004848927725106478,0.06963424247528278,0.11257579177618027
5,350,5,0.01,66,0.9966371059417725,0.00342835346236825,0.058552143106535816,0.06882333755493164
5,350,5,0.01,67,0.995876133441925,0.004204117227345705,0.06483916430172204,0.07330961525440216
5,350,5,0.01,68,0.9948676824569702,0.0052322279661893845,0.07233414108282053,0.08968797326087952
5,350,5,0.01,69,0.9967527985572815,0.003310402389615774,0.0575360964057849,0.059988126158714294
5,350,5,0.01,70,0.996902585029602,0.003157681552693248,0.056193251843021576,0.06363248080015182
5,350,5,0.01,71,0.9923989176750183,0.00774901220574975,0.08802847383517307,0.20503763854503632
5,350,5,0.01,72,0.9970762729644775,0.0029806066304445267,0.0545949322780469,0.08253364264965057
5,350,5,0.01,73,0.9968677163124084,0.003193263430148363,0.05650896769671485,0.06888362765312195
5,350,5,0.01,74,0.9973142147064209,0.0027380879037082195,0.05232674176468682,0.05225036293268204
5,350,5,0.01,75,0.9965613484382629,0.0035055996850132942,0.05920810489293923,0.06571821868419647
5,350,5,0.01,76,0.9976176023483276,0.002428762149065733,0.04928247304129261,0.04976708069443703
5,350,5,0.01,77,0.997337818145752,0.0027140204329043627,0.052096261218098586,0.04562947899103165
5,350,5,0.01,78,0.9974785447120667,0.0025705257430672646,0.05070035249450702,0.09473458677530289
5,350,5,0.01,79,0.9969657063484192,0.003093327395617962,0.05561768959259241,0.067962147295475
5,350,5,0.01,80,0.996836245059967,0.003225305350497365,0.056791771855589826,0.06981556862592697
5,350,5,0.01,81,0.996526300907135,0.0035412954166531563,0.05950878436544605,0.06664880365133286
5,350,5,0.01,82,0.9972427487373352,0.0028108907863497734,0.05301783460638291,0.1038762554526329
5,350,5,0.01,83,0.9981604218482971,0.0018753547919914126,0.043305366780474364,0.07545889914035797
5,350,5,0.01,84,0.9982179403305054,0.0018167602829635143,0.04262347103373345,0.06301736831665039
5,350,5,0.01,85,0.9986060857772827,0.0014210180379450321,0.03769639290363246,0.05501198023557663
5,350,5,0.01,86,0.9983090758323669,0.0017238431610167027,0.04151919027409738,0.06772711873054504
5,350,5,0.01,87,0.9983946084976196,0.0016366333002224565,0.040455324744988225,0.06057817116379738
5,350,5,0.01,88,0.997926652431488,0.002113675232976675,0.04597472384883541,0.05997658520936966
5,350,5,0.01,89,0.9982605576515198,0.0017732795095071197,0.042110325450026145,0.06185915693640709
5,350,5,0.01,90,0.9979881644248962,0.0020510083995759487,0.045288060231985526,0.043388452380895615
5,350,5,0.01,91,0.9969295859336853,0.003130147000774741,0.05594771667168144,0.1178293451666832
5,350,5,0.01,92,0.9981105327606201,0.0019262316636741161,0.04388885580274469,0.07087649405002594
5,350,5,0.01,93,0.9987273812294006,0.0012974118581041694,0.03601960380270956,0.05673046410083771
5,350,5,0.01,94,0.9985240697860718,0.001504685846157372,0.038790280305217854,0.08167168498039246
5,350,5,0.01,95,0.9988967180252075,0.0011247772490605712,0.03353769892316065,0.08847256749868393
5,350,5,0.01,96,0.9974360466003418,0.002613858552649617,0.05112590881979133,0.10957378149032593
5,350,5,0.01,97,0.9992539286613464,0.0007605892024002969,0.0275787817424972,0.04595561325550079
5,350,5,0.01,98,0.9990062117576599,0.0010131121380254626,0.03182942252108044,0.07285997271537781
5,350,5,0.01,99,0.9990004897117615,0.0010189804015681148,0.03192147242168059,0.05302150920033455
5,350,5,0.01,100,0.9989474415779114,0.0010730520589277148,0.0327574733294208,0.049145929515361786
6,350,5,0.01,1,0.9724867343902588,0.028048736974596977,0.16747757155690124,0.44640782475471497
6,350,5,0.01,2,0.9828401207923889,0.017493873834609985,0.13226440879771847,0.34616726636886597
6,350,5,0.01,3,0.9863561987876892,0.013909324072301388,0.11793779747096088,0.278818815946579
6,350,5,0.01,4,0.9878912568092346,0.012344390153884888,0.11110531109665679,0.29348933696746826
6,350,5,0.01,5,0.9915367960929871,0.008627939969301224,0.09288670501907807,0.21213500201702118
6,350,5,0.01,6,0.9911221265792847,0.009050635620951653,0.09513482864309818,0.22469912469387054
6,350,5,0.01,7,0.9922857880592346,0.00786436814814806,0.08868127281533604,0.20516976714134216
6,350,5,0.01,8,0.9930562376976013,0.007078901398926973,0.08413620741943965,0.18370598554611206
6,350,5,0.01,9,0.9936423897743225,0.006481373682618141,0.08050697909261123,0.17607592046260834
6,350,5,0.01,10,0.9947174787521362,0.005385334603488445,0.07338483905745413,0.1573886126279831
6,350,5,0.01,11,0.9941155910491943,0.0059989625588059425,0.07745296998053686,0.1926833540201187
6,350,5,0.01,12,0.9936969876289368,0.006425662897527218,0.080160232643919,0.19812582433223724
6,350,5,0.01,13,0.9957349896430969,0.004348042421042919,0.06593968775360495,0.13956177234649658
6,350,5,0.01,14,0.9955779910087585,0.004508084151893854,0.06714226799784064,0.14192987978458405
6,350,5,0.01,15,0.9924808144569397,0.007665533572435379,0.0875530329139738,0.3344220817089081
6,350,5,0.01,16,0.9961667060852051,0.003907882142812014,0.06251305577886922,0.13498257100582123
6,350,5,0.01,17,0.9965491890907288,0.0035179811529815197,0.05931257162677673,0.13426263630390167
6,350,5,0.01,18,0.9942156672477722,0.005896932911127806,0.07679148983531837,0.17211413383483887
6,350,5,0.01,19,0.9969490766525269,0.003110311459749937,0.05577016639521472,0.11621344089508057
6,350,5,0.01,20,0.9968464970588684,0.003214853582903743,0.0566996788606756,0.12158951163291931
6,350,5,0.01,21,0.9854956269264221,0.014786658808588982,0.12160040628463781,0.5249351263046265
6,350,5,0.01,22,0.9968430995941162,0.003218339988961816,0.05673041502546774,0.11136539280414581
6,350,5,0.01,23,0.9970577359199524,0.002999549265950918,0.05476814097585309,0.1118745505809784
6,350,5,0.01,24,0.9966545104980469,0.0034105980303138494,0.05840032560109446,0.15854838490486145
6,350,5,0.01,25,0.9973512291908264,0.0027003248687833548,0.05196465018436432,0.09942108392715454
6,350,5,0.01,26,0.9972748160362244,0.002778230467811227,0.05270892208925569,0.10586564242839813
6,350,5,0.01,27,0.9971169233322144,0.0029391704592853785,0.05421411678968291,0.13362976908683777
6,350,5,0.01,28,0.9971939921379089,0.00286063808016479,0.05348493320707048,0.13784433901309967
6,350,5,0.01,29,0.9970812201499939,0.0029756040312349796,0.05454909743740019,0.11007276922464371
6,350,5,0.01,30,0.9961453080177307,0.003929704427719116,0.06268735460776054,0.14092542231082916
6,350,5,0.01,31,0.9974286556243896,0.0026214022655040026,0.05119963149773641,0.09186141192913055
6,350,5,0.01,32,0.9971815943717957,0.0028732751961797476,0.053602940182230184,0.10716710984706879
6,350,5,0.01,33,0.9953457713127136,0.004744783975183964,0.06888239234509762,0.1308380514383316
6,350,5,0.01,34,0.9975317120552063,0.0025163216050714254,0.05016295052198809,0.13020986318588257
6,350,5,0.01,35,0.996255099773407,0.0038177664391696453,0.06178807683663285,0.16633746027946472
6,350,5,0.01,36,0.9978357553482056,0.002206389093771577,0.0469722161896964,0.10519353300333023
6,350,5,0.01,37,0.9969452023506165,0.003114251187071204,0.05580547631793142,0.10092636942863464
6,350,5,0.01,38,0.9965187311172485,0.003549044020473957,0.05957385349693234,0.11164939403533936
6,350,5,0.01,39,0.9977774024009705,0.002265844028443098,0.04760088264352982,0.09723839163780212
6,350,5,0.01,40,0.9971610903739929,0.0028941684868186712,0.05379747658411751,0.13468478620052338
6,350,5,0.01,41,0.9971421360969543,0.002913499716669321,0.053976844263714796,0.10298094153404236
6,350,5,0.01,42,0.9963345527648926,0.0037367853801697493,0.06112925142818084,0.10090915113687515
6,350,5,0.01,43,0.9957721829414368,0.004310097079724073,0.06565132961124301,0.17521727085113525
6,350,5,0.01,44,0.9968427419662476,0.0032186817843466997,0.056733427398198845,0.12065662443637848
6,350,5,0.01,45,0.9978869557380676,0.0021541835740208626,0.0464131831920723,0.10455164313316345
6,350,5,0.01,46,0.997972846031189,0.0020666231866925955,0.04546012743814733,0.09666719287633896
6,350,5,0.01,47,0.9980610013008118,0.0019767587073147297,0.04446075468674289,0.08690641820430756
6,350,5,0.01,48,0.9120761752128601,0.08963505923748016,0.29939114756031143,1.1431020498275757
6,350,5,0.01,49,0.9963322281837463,0.0037391630467027426,0.061148696197897326,0.13258019089698792
6,350,5,0.01,50,0.9962221384048462,0.0038513774052262306,0.062059466684996824,0.1206350326538086
6,350,5,0.01,51,0.9966073632240295,0.0034586871042847633,0.05881060367216752,0.11772414296865463
6,350,5,0.01,52,0.9969719648361206,0.003086986020207405,0.05556065172590585,0.10717825591564178
6,350,5,0.01,53,0.9972199201583862,0.0028341650031507015,0.05323687634667065,0.09403067827224731
6,350,5,0.01,54,0.9968082308769226,0.0032538818195462227,0.05704280690451884,0.12243585288524628
6,350,5,0.01,55,0.9976205229759216,0.002425777493044734,0.04925218262214106,0.08648115396499634
6,350,5,0.01,56,0.9975537657737732,0.0024938415735960007,0.04993837776295903,0.09452521800994873
6,350,5,0.01,57,0.9977810382843018,0.0022621359676122665,0.047561917198660805,0.08326033502817154
6,350,5,0.01,58,0.9981095194816589,0.001927280449308455,0.04390080237659051,0.08137152343988419
6,350,5,0.01,59,0.997809648513794,0.002232966711744666,0.04725427717936934,0.09139469265937805
6,350,5,0.01,60,0.9978211522102356,0.002221250906586647,0.04713014859499858,0.10190155357122421
6,350,5,0.01,61,0.9974941611289978,0.0025545931421220303,0.050542983114592974,0.10118748247623444
6,350,5,0.01,62,0.9983166456222534,0.0017160933930426836,0.04142575760372626,0.07875791192054749
6,350,5,0.01,63,0.997189462184906,0.0028652106411755085,0.05352766239222023,0.13056252896785736
6,350,5,0.01,64,0.9983825087547302,0.0016489829868078232,0.04060767152654561,0.09867877513170242
6,350,5,0.01,65,0.9987945556640625,0.0012289255391806364,0.0350560342762931,0.0837622806429863
6,350,5,0.01,66,0.9987207651138306,0.0013041032943874598,0.03611237037896377,0.08293461054563522
6,350,5,0.01,67,0.9987887740135193,0.0012347991578280926,0.03513970913123916,0.08947636187076569
6,350,5,0.01,68,0.9973730444908142,0.0026780979242175817,0.051750342261839985,0.07332922518253326
6,350,5,0.01,69,0.9974865317344666,0.0025623845867812634,0.0506200018449354,0.07258136570453644
6,350,5,0.01,70,0.9974965453147888,0.0025521707721054554,0.050519013966084644,0.06845218688249588
6,350,5,0.01,71,0.9975009560585022,0.0025476813316345215,0.05047456123270931,0.07708045095205307
6,350,5,0.01,72,0.9973660707473755,0.0026851946022361517,0.05181886338232586,0.09972886741161346
6,350,5,0.01,73,0.9979374408721924,0.002102717524394393,0.04585539798534512,0.07860539853572845
6,350,5,0.01,74,0.9978010654449463,0.002241735579445958,0.04734697011896282,0.07558447867631912
6,350,5,0.01,75,0.9978746771812439,0.002166715217754245,0.04654798833198106,0.0933169275522232
6,350,5,0.01,76,0.9981730580329895,0.0018624893855303526,0.0431565682779615,0.08439358323812485
6,350,5,0.01,77,0.9978142380714417,0.002228302415460348,0.0472048982147017,0.09781772643327713
6,350,5,0.01,78,0.9962480664253235,0.0038249632343649864,0.0618462871510084,0.08805277198553085
6,350,5,0.01,79,0.9979301691055298,0.002110115485265851,0.04593599335233593,0.08227093517780304
6,350,5,0.01,80,0.9980575442314148,0.0019802660681307316,0.0445001805404285,0.07834981381893158
6,350,5,0.01,81,0.9980626702308655,0.0019750483334064484,0.04444151587655903,0.07880370318889618
6,350,5,0.01,82,0.9985848069190979,0.0014427278656512499,0.03798325770193033,0.06888492405414581
6,350,5,0.01,83,0.9986695647239685,0.0013563091633841395,0.03682810290232365,0.06883224099874496
6,350,5,0.01,84,0.9981191158294678,0.0019174942281097174,0.04378920218626639,0.10061859339475632
6,350,5,0.01,85,0.9984831809997559,0.001546351471915841,0.03932367571725513,0.0735291913151741
6,350,5,0.01,86,0.9988279938697815,0.0011948160827159882,0.03456611176739421,0.06494142860174179
6,350,5,0.01,87,0.9986713528633118,0.001354522886686027,0.036803843368404164,0.08227773010730743
6,350,5,0.01,88,0.9981957077980042,0.001839400501921773,0.042888232674263616,0.10495731979608536
6,350,5,0.01,89,0.9983288645744324,0.001703683054074645,0.04127569568250358,0.06886592507362366
6,350,5,0.01,90,0.9981489777565002,0.001887044869363308,0.04344012971163079,0.08759315311908722
6,350,5,0.01,91,0.998799741268158,0.0012236235197633505,0.03498033046961321,0.06677927076816559
6,350,5,0.01,92,0.9986172318458557,0.0014096811646595597,0.037545720990008434,0.08376246690750122
6,350,5,0.01,93,0.9986585974693298,0.001367485849186778,0.036979532841651445,0.10584944486618042
6,350,5,0.01,94,0.9986340999603271,0.0013924879021942616,0.03731605421523371,0.06896582245826721
6,350,5,0.01,95,0.9988749027252197,0.001146990223787725,0.03386724411267803,0.06459144502878189
6,350,5,0.01,96,0.9981898665428162,0.001845362945459783,0.04295768785048589,0.10625430941581726
6,350,5,0.01,97,0.9973557591438293,0.00269567733630538,0.051919912714731904,0.12308263033628464
6,350,5,0.01,98,0.9986559748649597,0.0013701901771128178,0.03701607998036553,0.07189783453941345
6,350,5,0.01,99,0.9989092350006104,0.0011119808768853545,0.0333463772677836,0.07715024054050446
6,350,5,0.01,100,0.9991163611412048,0.0009008311899378896,0.03001384996860432,0.053784292191267014
7,350,5,0.01,1,0.9777659773826599,0.022666746750473976,0.1505547965043757,0.37648269534111023
7,350,5,0.01,2,0.9832766652107239,0.017048828303813934,0.13057116183833983,0.28942131996154785
7,350,5,0.01,3,0.9861029982566833,0.01416749507188797,0.11902728708950722,0.19830411672592163
7,350,5,0.01,4,0.9828526973724365,0.017481043934822083,0.13221589894873492,0.25131410360336304
7,350,5,0.01,5,0.985525369644165,0.014756356365978718,0.12147574394083256,0.21492473781108856
7,350,5,0.01,6,0.9870749115943909,0.013176667504012585,0.11478966636423588,0.15643540024757385
7,350,5,0.01,7,0.9874714612960815,0.012772400863468647,0.11301504706661254,0.15774784982204437
7,350,5,0.01,8,0.9845128059387207,0.015788627788424492,0.1256528065282447,0.17820024490356445
7,350,5,0.01,9,0.9883150458335876,0.011912393383681774,0.10914391134498422,0.09954875707626343
7,350,5,0.01,10,0.9876561164855957,0.012584133073687553,0.11217902243150256,0.11190447956323624
7,350,5,0.01,11,0.9884470701217651,0.011777790263295174,0.10852552816409222,0.11160177737474442
7,350,5,0.01,12,0.9861266613006592,0.014143381267786026,0.11892594867305464,0.16856004297733307
7,350,5,0.01,13,0.9879652857780457,0.01226896233856678,0.11076534809482061,0.10366728901863098
7,350,5,0.01,14,0.9859013557434082,0.014373046346008778,0.11988764050563669,0.15238170325756073
7,350,5,0.01,15,0.9886905550956726,0.011529569514095783,0.10737583300769211,0.0935710147023201
7,350,5,0.01,16,0.9880691766738892,0.012163005769252777,0.11028601801340357,0.11382772028446198
7,350,5,0.01,17,0.988887369632721,0.01132891047745943,0.10643735470904672,0.0995815321803093
7,350,5,0.01,18,0.988089919090271,0.012141885235905647,0.11019022295968753,0.1074095219373703
7,350,5,0.01,19,0.9883309602737427,0.011896183714270592,0.10906962782677215,0.1085042729973793
7,350,5,0.01,20,0.9864915013313293,0.0137714222073555,0.11735170304412075,0.23336248099803925
7,350,5,0.01,21,0.9881830215454102,0.012046965770423412,0.10975867059336776,0.12391769140958786
7,350,5,0.01,22,0.9885488748550415,0.011673989705741405,0.1080462387394462,0.12244929373264313
7,350,5,0.01,23,0.942950963973999,0.05815937742590904,0.24116255394631447,1.0199967622756958
7,350,5,0.01,24,0.9885476231575012,0.011675280518829823,0.10805221200340982,0.07891394197940826
7,350,5,0.01,25,0.9885560870170593,0.01166665367782116,0.10801228484677639,0.10490576177835464
7,350,5,0.01,26,0.9884037375450134,0.011821959167718887,0.10872883319395499,0.0948963314294815
7,350,5,0.01,27,0.9889441132545471,0.011271074414253235,0.1061653164373998,0.07665679603815079
7,350,5,0.01,28,0.9885762333869934,0.011646087281405926,0.10791703888360692,0.10284142196178436
7,350,5,0.01,29,0.9881497025489807,0.0120809655636549,0.10991344578191924,0.08981911092996597
7,350,5,0.01,30,0.9885741472244263,0.011648256331682205,0.10792708803484974,0.08396314829587936
7,350,5,0.01,31,0.9884824156761169,0.011741732247173786,0.1083592739324779,0.09259288758039474
7,350,5,0.01,32,0.987557590007782,0.0126845957711339,0.11262591074496978,0.11813845485448837
7,350,5,0.01,33,0.9870090484619141,0.013243818655610085,0.11508179115572578,0.13864193856716156
7,350,5,0.01,34,0.9887146353721619,0.01150503009557724,0.10726150332517832,0.07945938408374786
7,350,5,0.01,35,0.9889168739318848,0.011298824101686478,0.10629592702303545,0.07807100564241409
7,350,5,0.01,36,0.9875671863555908,0.012674793601036072,0.11258238583826545,0.1441473811864853
7,350,5,0.01,37,0.9883913993835449,0.011834553442895412,0.10878673376333813,0.08984880149364471
7,350,5,0.01,38,0.9881868362426758,0.012043093331158161,0.10974102847685618,0.07586415857076645
7,350,5,0.01,39,0.9885724782943726,0.011649958789348602,0.10793497481978954,0.08341211825609207
7,350,5,0.01,40,0.9864324331283569,0.013831643387675285,0.11760800732805264,0.178177610039711
7,350,5,0.01,41,0.9866881370544434,0.013570974580943584,0.11649452596986515,0.09349117428064346
7,350,5,0.01,42,0.9852805137634277,0.015005975030362606,0.12249887766980809,0.2634925842285156
7,350,5,0.01,43,0.9888641238212585,0.01135262567549944,0.10654870095641447,0.0935671254992485
7,350,5,0.01,44,0.9881577491760254,0.012072741985321045,0.10987603007626844,0.10866188257932663
7,350,5,0.01,45,0.9868668913841248,0.013388742692768574,0.11570973464997909,0.21240825951099396
7,350,5,0.01,46,0.9888024926185608,0.01141542661935091,0.10684299986124926,0.10666898638010025
7,350,5,0.01,47,0.9881730675697327,0.01205711904913187,0.1098049135928437,0.10975637286901474
7,350,5,0.01,48,0.9890417456626892,0.011171506717801094,0.10569534861005518,0.08379632979631424
7,350,5,0.01,49,0.9882063269615173,0.012023234739899635,0.10965051180865339,0.15948764979839325
7,350,5,0.01,50,0.9869983792304993,0.013254653662443161,0.11512885677554156,0.1152142584323883
7,350,5,0.01,51,0.9889747500419617,0.011239849962294102,0.10601815864414031,0.06741254031658173
7,350,5,0.01,52,0.9890062212944031,0.011207723058760166,0.10586653417752073,0.08352012932300568
7,350,5,0.01,53,0.9869477152824402,0.013306311331689358,0.11535298579442735,0.07150846719741821
7,350,5,0.01,54,0.9876185059547424,0.01262249518185854,0.11234987842387076,0.0727967619895935
7,350,5,0.01,55,0.9844606518745422,0.015841767191886902,0.12586408221524878,0.188990980386734
7,350,5,0.01,56,0.985593318939209,0.014687085524201393,0.12119028642676521,0.10508169233798981
7,350,5,0.01,57,0.9862682819366455,0.013999005779623985,0.11831739423949458,0.15209339559078217
7,350,5,0.01,58,0.9891096949577332,0.011102289892733097,0.10536740431809591,0.08246894180774689
7,350,5,0.01,59,0.9892107248306274,0.010999282822012901,0.1048774657493825,0.07210416346788406
7,350,5,0.01,60,0.989296019077301,0.010912340134382248,0.10446214689724813,0.08201050013303757
7,350,5,0.01,61,0.9892722964286804,0.01093649584800005,0.10457770244177317,0.06729429960250854
7,350,5,0.01,62,0.9892305135726929,0.010979085229337215,0.10478113012053848,0.0689789205789566
7,350,5,0.01,63,0.9893463850021362,0.010860934853553772,0.10421580903852243,0.06447993218898773
7,350,5,0.01,64,0.9893702864646912,0.010836618021130562,0.10409907790720609,0.06636861711740494
7,350,5,0.01,65,0.9893223643302917,0.010885477066040039,0.10433348966674143,0.0579315721988678
7,350,5,0.01,66,0.9889050722122192,0.011310847476124763,0.10635246812427422,0.09589757770299911
7,350,5,0.01,67,0.9890555143356323,0.011157495900988579,0.10562904856614291,0.06328156590461731
7,350,5,0.01,68,0.9877690672874451,0.012468956410884857,0.11166448142039105,0.14156807959079742
7,350,5,0.01,69,0.9890219569206238,0.011191712692379951,0.10579089134882999,0.08075577765703201
7,350,5,0.01,70,0.9891124963760376,0.011099418625235558,0.10535377840986794,0.0626826137304306
7,350,5,0.01,71,0.9890403747558594,0.01117295678704977,0.10570220805191238,0.06429095566272736
7,350,5,0.01,72,0.9890518188476562,0.011161292903125286,0.10564702032298538,0.07151258736848831
7,350,5,0.01,73,0.9866583943367004,0.013601250946521759,0.116624401162543,0.1421928107738495
7,350,5,0.01,74,0.9893489480018616,0.010858380235731602,0.10420355193433477,0.07867633551359177
7,350,5,0.01,75,0.9888429045677185,0.011374271474778652,0.10665022960490358,0.0871935561299324
7,350,5,0.01,76,0.9877922534942627,0.01244533434510231,0.1115586587634609,0.12325765937566757
7,350,5,0.01,77,0.9892730116844177,0.010935749858617783,0.10457413570581295,0.08060938864946365
7,350,5,0.01,78,0.9891939163208008,0.011016377247869968,0.10495893124393926,0.06988128274679184
7,350,5,0.01,79,0.9892765879631042,0.010932140983641148,0.10455687917894808,0.0726231187582016
7,350,5,0.01,80,0.9873781800270081,0.012867498211562634,0.11343499553295991,0.08684669435024261
7,350,5,0.01,81,0.9893122911453247,0.010895751416683197,0.10438271608213305,0.06219133734703064
7,350,5,0.01,82,0.9814317226409912,0.018929651007056236,0.13758506825617464,0.197305828332901
7,350,5,0.01,83,0.9892533421516418,0.010955791920423508,0.10466991888992513,0.05264059454202652
7,350,5,0.01,84,0.9894442558288574,0.010761218145489693,0.10373629136174906,0.05673481151461601
7,350,5,0.01,85,0.9893779754638672,0.010828742757439613,0.10406124522337609,0.055283285677433014
7,350,5,0.01,86,0.9892463088035583,0.010963001288473606,0.10470435181248966,0.06852509826421738
7,350,5,0.01,87,0.989266574382782,0.01094235572963953,0.10460571556869888,0.06257583945989609
7,350,5,0.01,88,0.9880983829498291,0.01213323138654232,0.11015094818721408,0.059248749166727066
7,350,5,0.01,89,0.9888661503791809,0.01135056558996439,0.10653903317547231,0.06873133778572083
7,350,5,0.01,90,0.9867495894432068,0.013508282601833344,0.11622513756426939,0.08186372369527817
7,350,5,0.01,91,0.98909592628479,0.011116323992609978,0.10543397930747932,0.06989169865846634
7,350,5,0.01,92,0.9893683791160583,0.01083853654563427,0.1041082923961116,0.06781923770904541
7,350,5,0.01,93,0.9838095903396606,0.016505545005202293,0.1284739078770561,0.24059146642684937
7,350,5,0.01,94,0.9896111488342285,0.010591062717139721,0.10291288897480101,0.07561073452234268
7,350,5,0.01,95,0.9892833828926086,0.010925180278718472,0.1045235871883398,0.07868682593107224
7,350,5,0.01,96,0.9891922473907471,0.011018133722245693,0.10496729834689322,0.05833616852760315
7,350,5,0.01,97,0.9893955588340759,0.010810847394168377,0.1039752249055917,0.04963086172938347
7,350,5,0.01,98,0.9886398315429688,0.011581295169889927,0.10761642611557924,0.08440621942281723
7,350,5,0.01,99,0.9889369606971741,0.01127837784588337,0.10619970737192909,0.1092032641172409
7,350,5,0.01,100,0.9892691373825073,0.010939687490463257,0.1045929609986411,0.048428975045681
8,350,5,0.01,1,0.9879752397537231,0.012258768081665039,0.11071932117595844,0.3203215003013611
8,350,5,0.01,2,0.9941350817680359,0.0059790825471282005,0.0773245274613961,0.24491186439990997
8,350,5,0.01,3,0.9940864443778992,0.00602863309904933,0.07764427280263066,0.16163761913776398
8,350,5,0.01,4,0.9945265650749207,0.005579974502325058,0.0746992269191928,0.12729300558567047
8,350,5,0.01,5,0.9942076802253723,0.005905051250010729,0.07684433128091316,0.15444734692573547
8,350,5,0.01,6,0.9958255290985107,0.004255701322108507,0.06523573654147324,0.1339363306760788
8,350,5,0.01,7,0.9953948259353638,0.004694801289588213,0.06851862002104402,0.10808643698692322
8,350,5,0.01,8,0.9955213069915771,0.004565867595374584,0.0675712038917066,0.10256067663431168
8,350,5,0.01,9,0.9968129992485046,0.003249021014198661,0.05700018433477791,0.10719560831785202
8,350,5,0.01,10,0.9973084330558777,0.002743940567597747,0.05238263612684786,0.09046125411987305
8,350,5,0.01,11,0.9952057003974915,0.00488760881125927,0.06991143548275396,0.11592593789100647
8,350,5,0.01,12,0.9899086356163025,0.010287758894264698,0.1014285901226311,0.21130740642547607
8,350,5,0.01,13,0.9963674545288086,0.0037032749969512224,0.060854539657705264,0.08963631093502045
8,350,5,0.01,14,0.9971319437026978,0.0029238960705697536,0.05407306233763493,0.08581918478012085
8,350,5,0.01,15,0.9956576824188232,0.00442684767767787,0.06653456002468093,0.10218233615159988
8,350,5,0.01,16,0.9970040321350098,0.0030543021857738495,0.055265741520166445,0.10573463886976242
8,350,5,0.01,17,0.9926677942276001,0.00747490581125021,0.08645753761963273,0.24822531640529633
8,350,5,0.01,18,0.9953591227531433,0.004731222987174988,0.06878388610114282,0.09734257310628891
8,350,5,0.01,19,0.9959466457366943,0.004132261499762535,0.06428266873553505,0.08364949375391006
8,350,5,0.01,20,0.9967657923698425,0.0032971538603305817,0.057420848655610986,0.0754326581954956
8,350,5,0.01,21,0.9964366555213928,0.003632721258327365,0.06027206034579675,0.10190429538488388
8,350,5,0.01,22,0.9975304007530212,0.0025176918134093285,0.0501766062364657,0.06709015369415283
8,350,5,0.01,23,0.9966082572937012,0.003457781858742237,0.058802906890240016,0.08073290437459946
8,350,5,0.01,24,0.9971587061882019,0.0028965778183192015,0.0538198645327095,0.07361368089914322
8,350,5,0.01,25,0.9967682361602783,0.0032946844585239887,0.057399341969433665,0.1098933145403862
8,350,5,0.01,26,0.9973343014717102,0.002717610914260149,0.05213070989599268,0.0800304263830185
8,350,5,0.01,27,0.9952703714370728,0.004821667913347483,0.06943823092034734,0.1091189980506897
8,350,5,0.01,28,0.19281262159347534,0.8228976130485535,0.9071370420441188,1.4308780431747437
8,350,5,0.01,29,0.9762837886810303,0.024177774786949158,0.15549204091190377,0.4690670669078827
8,350,5,0.01,30,0.9912985563278198,0.008870790712535381,0.09418487517927378,0.33652618527412415
8,350,5,0.01,31,0.9942032694816589,0.005909543018788099,0.0768735521410849,0.2093518227338791
8,350,5,0.01,32,0.9950584769248962,0.0050376905128359795,0.07097668992589032,0.19072353839874268
8,350,5,0.01,33,0.994644284248352,0.005459923762828112,0.07389129693562099,0.18853698670864105
8,350,5,0.01,34,0.9955481886863708,0.004538453184068203,0.06736804275075982,0.15953359007835388
8,350,5,0.01,35,0.9954886436462402,0.004599189851433039,0.06781732707378726,0.1590956151485443
8,350,5,0.01,36,0.9938057065010071,0.006314875558018684,0.07946619128924379,0.14963296055793762
8,350,5,0.01,37,0.9956016540527344,0.0044839573092758656,0.06696235740530546,0.15267367660999298
8,350,5,0.01,38,0.9949743747711182,0.005123422481119633,0.07157808659862062,0.22522594034671783
8,350,5,0.01,39,0.9957840442657471,0.004298022016882896,0.06555930152833309,0.1317979097366333
8,350,5,0.01,40,0.9957864284515381,0.00429559824988246,0.06554081361932014,0.1267177313566208
8,350,5,0.01,41,0.9960101842880249,0.004067455418407917,0.0637766055729522,0.10720217227935791
8,350,5,0.01,42,0.9956510066986084,0.004433653317391872,0.06658568402736337,0.1739794760942459
8,350,5,0.01,43,0.9957649111747742,0.004317526705563068,0.06570788921859436,0.11874564737081528
8,350,5,0.01,44,0.9960398077964783,0.004037265200167894,0.06353947749366448,0.12885746359825134
8,350,5,0.01,45,0.9957036375999451,0.004379989113658667,0.06618148618502509,0.09250551462173462
8,350,5,0.01,46,0.99552983045578,0.004557192325592041,0.06750697982869654,0.09800746291875839
8,350,5,0.01,47,0.9958556294441223,0.004225060343742371,0.0650004641809762,0.1352366954088211
8,350,5,0.01,48,0.9956676959991455,0.004416598938405514,0.06645749723248322,0.09594131261110306
8,350,5,0.01,49,0.9957022070884705,0.004381455946713686,0.06619256715609152,0.1604844480752945
8,350,5,0.01,50,0.995957612991333,0.004121075384318829,0.06419560253100541,0.09835916012525558
8,350,5,0.01,51,0.9964396357536316,0.0036296690814197063,0.06024673502705111,0.10440565645694733
8,350,5,0.01,52,0.9966554641723633,0.0034096469171345234,0.05839218198641427,0.0808093398809433
8,350,5,0.01,53,0.9930135607719421,0.007122417911887169,0.08439441872474251,0.26337987184524536
8,350,5,0.01,54,0.9965651631355286,0.003501676954329014,0.059174968984605426,0.09219661355018616
8,350,5,0.01,55,0.9968871474266052,0.003173411125317216,0.0563330376006586,0.08405174314975739
8,350,5,0.01,56,0.9958868622779846,0.0041931988671422005,0.06475491384553145,0.09395384788513184
8,350,5,0.01,57,0.996777355670929,0.00328536587767303,0.05731811125353861,0.14839895069599152
8,350,5,0.01,58,0.9972679018974304,0.0027852910570800304,0.052775856763107414,0.08093663305044174
8,350,5,0.01,59,0.9971086382865906,0.0029476378113031387,0.054292152391511785,0.0841665044426918
8,350,5,0.01,60,0.9974648356437683,0.0025845139753073454,0.050838115379185186,0.08299172669649124
8,350,5,0.01,61,0.9973711371421814,0.002680055797100067,0.05176925532688361,0.07457005977630615
8,350,5,0.01,62,0.9968384504318237,0.003223082749173045,0.056772200496132304,0.09614749997854233
8,350,5,0.01,63,0.9956949353218079,0.004388862289488316,0.0662484889600383,0.1270696073770523
8,350,5,0.01,64,0.9972529411315918,0.002800500951707363,0.0529197595582913,0.10996644198894501
8,350,5,0.01,65,0.9973041415214539,0.002748349914327264,0.05242470709815424,0.0727870911359787
8,350,5,0.01,66,0.9965797066688538,0.003486848436295986,0.05904954221919071,0.0893409326672554
8,350,5,0.01,67,0.9968731999397278,0.003187684342265129,0.05645958149211814,0.11981385946273804
8,350,5,0.01,68,0.997205913066864,0.0028484712820500135,0.05337107158423947,0.08725911378860474
8,350,5,0.01,69,0.9977725148200989,0.002270834520459175,0.04765327397418959,0.08119771629571915
8,350,5,0.01,70,0.9977554678916931,0.002288218354806304,0.04783532538622795,0.07067988812923431
8,350,5,0.01,71,0.9971498250961304,0.0029056542553007603,0.05390412094915156,0.10779627412557602
8,350,5,0.01,72,0.9975777864456177,0.002469331957399845,0.049692373231712786,0.09872496873140335
8,350,5,0.01,73,0.9978746175765991,0.0021667289547622204,0.046548135889229986,0.10443129390478134
8,350,5,0.01,74,0.9977852702140808,0.00225784070789814,0.04751674134342695,0.08423969894647598
8,350,5,0.01,75,0.9975573420524597,0.0024901977740228176,0.049901881467764496,0.09126858413219452
8,350,5,0.01,76,0.997990071773529,0.002049022587016225,0.04526613068306396,0.07486371695995331
8,350,5,0.01,77,0.9979040622711182,0.002136737108230591,0.04622485379350151,0.06389018893241882
8,350,5,0.01,78,0.9972488284111023,0.0028047095984220505,0.05295950904627091,0.10528784990310669
8,350,5,0.01,79,0.9979450106620789,0.0020950015168637037,0.045771186535458135,0.08881128579378128
8,350,5,0.01,80,0.9978842735290527,0.0021569044329226017,0.04644248521475355,0.06166866049170494
8,350,5,0.01,81,0.9978439807891846,0.0021980111487209797,0.046882951578596024,0.08720460534095764
8,350,5,0.01,82,0.997601330280304,0.00244533340446651,0.049450312480979426,0.08186598122119904
8,350,5,0.01,83,0.9975144267082214,0.0025339785497635603,0.05033863873570242,0.07803551852703094
8,350,5,0.01,84,0.9978845119476318,0.002156658563762903,0.0464398381108602,0.06622113287448883
8,350,5,0.01,85,0.9975388050079346,0.0025090996641665697,0.05009091398813331,0.07271727919578552
8,350,5,0.01,86,0.9973827600479126,0.0026681958697736263,0.05165458227276285,0.06904369592666626
8,350,5,0.01,87,0.9972440004348755,0.0028096428140997887,0.05300606393706091,0.11695508658885956
8,350,5,0.01,88,0.9978172183036804,0.002225286792963743,0.0471729455616643,0.09564946591854095
8,350,5,0.01,89,0.9980860352516174,0.0019512103172019124,0.04417250634955993,0.06749406456947327
8,350,5,0.01,90,0.9971085786819458,0.0029476715717464685,0.054292463305199816,0.1116933524608612
8,350,5,0.01,91,0.9979277849197388,0.0021125597413629293,0.045962590672882324,0.06593325734138489
8,350,5,0.01,92,0.9966708421707153,0.0033939494751393795,0.05825761302301511,0.15511299669742584
8,350,5,0.01,93,0.9977129697799683,0.0023315581493079662,0.04828621075739912,0.07159696519374847
8,350,5,0.01,94,0.9979819059371948,0.002057364908978343,0.045358184586448594,0.07464514672756195
8,350,5,0.01,95,0.9982892274856567,0.0017440903466194868,0.0417623077262199,0.05529198795557022
8,350,5,0.01,96,0.9980824589729309,0.0019548600539565086,0.044213799361245906,0.06694748252630234
8,350,5,0.01,97,0.9978430271148682,0.0021989569067955017,0.04689303686897983,0.06472959369421005
8,350,5,0.01,98,0.9979739189147949,0.002065540524199605,0.04544821805307228,0.08785522729158401
8,350,5,0.01,99,0.9981465935707092,0.0018894552486017346,0.04346786455074294,0.0732354000210762
8,350,5,0.01,100,0.9978005886077881,0.0022422184702008963,0.047352069333883355,0.08978056907653809
9,350,5,0.01,1,0.9886118173599243,0.011609852313995361,0.1077490246544968,0.3390327990055084
9,350,5,0.01,2,0.9929020404815674,0.007236084900796413,0.08506518030778759,0.1706179529428482
9,350,5,0.01,3,0.9942152500152588,0.005897351074963808,0.07679421250956225,0.13707610964775085
9,350,5,0.01,4,0.994322657585144,0.005787834525108337,0.07607781887717562,0.12660880386829376
9,350,5,0.01,5,0.9937686324119568,0.006352618336677551,0.07970331446481728,0.11749756336212158
9,350,5,0.01,6,0.9933397173881531,0.0067899273708462715,0.08240101559353666,0.1133832037448883
9,350,5,0.01,7,0.9951987266540527,0.004894745536148548,0.06996245804821717,0.10583387315273285
9,350,5,0.01,8,0.9910570383071899,0.009117044508457184,0.09548321584685543,0.22185297310352325
9,350,5,0.01,9,0.9948829412460327,0.005216680467128754,0.07222659113601274,0.11381667107343674
9,350,5,0.01,10,0.9961153864860535,0.003960196860134602,0.06293009502721732,0.09446858614683151
9,350,5,0.01,11,0.9959716796875,0.0041067530401051044,0.06408395306240951,0.0840749517083168
9,350,5,0.01,12,0.9963682293891907,0.003702468005940318,0.0608479088049895,0.08781998604536057
9,350,5,0.01,13,0.9969707727432251,0.003088210476562381,0.055571669729839686,0.08618921786546707
9,350,5,0.01,14,0.996344268321991,0.0037268807645887136,0.06104818395815484,0.09543456882238388
9,350,5,0.01,15,0.9971770644187927,0.002877884777262807,0.05364592041584156,0.07344915717840195
9,350,5,0.01,16,0.9957131147384644,0.0043703122064471245,0.06610833689064582,0.09267152100801468
9,350,5,0.01,17,0.9971628189086914,0.0028924173675477505,0.05378119901552726,0.07127539813518524
9,350,5,0.01,18,0.947288990020752,0.05373693257570267,0.2318122787423105,0.4069176912307739
9,350,5,0.01,19,0.9929412603378296,0.007196140941232443,0.08483007097269483,0.09694178402423859
9,350,5,0.01,20,0.9935909509658813,0.006533787585794926,0.08083184759607395,0.07705752551555634
9,350,5,0.01,21,0.9943293929100037,0.005780957639217377,0.07603260905175736,0.07216488569974899
9,350,5,0.01,22,0.9948089122772217,0.005292097106575966,0.07274680134944743,0.06608409434556961
9,350,5,0.01,23,0.9952009916305542,0.004892429336905479,0.069945902931519,0.07886805385351181
9,350,5,0.01,24,0.9956777095794678,0.004406399559229612,0.06638071677249058,0.06723026931285858
9,350,5,0.01,25,0.9966338276863098,0.0034316862002015114,0.05858059576516367,0.06704380363225937
9,350,5,0.01,26,0.996271550655365,0.0038009921554476023,0.06165218694780909,0.07646774500608444
9,350,5,0.01,27,0.9962742924690247,0.0037982389330863953,0.06162985423547905,0.08274250477552414
9,350,5,0.01,28,0.9965201020240784,0.0035476037301123142,0.05956176399429683,0.08189164847135544
9,350,5,0.01,29,0.9976198673248291,0.002426429418846965,0.049258800420300175,0.06562023609876633
9,350,5,0.01,30,0.9957442879676819,0.004338516388088465,0.06586741522246387,0.10806336998939514
9,350,5,0.01,31,0.9976257681846619,0.002420411678031087,0.04919767960006942,0.06374530494213104
9,350,5,0.01,32,0.9975443482398987,0.0025034495629370213,0.05003448373808829,0.06681601703166962
9,350,5,0.01,33,0.9950916767120361,0.005003852304071188,0.07073791277717478,0.08336278051137924
9,350,5,0.01,34,0.9934771656990051,0.0066497609950602055,0.08154606670502389,0.14293205738067627
9,350,5,0.01,35,0.9961363673210144,0.003938800655305386,0.06275986500388114,0.07953206449747086
9,350,5,0.01,36,0.9961127638816833,0.003962863702327013,0.06295128038671663,0.08892520517110825
9,350,5,0.01,37,0.9964786767959595,0.003589884378015995,0.059915643850466924,0.08534735441207886
9,350,5,0.01,38,0.9965051412582397,0.0035628750920295715,0.05968982402411295,0.06140485405921936
9,350,5,0.01,39,0.9968457221984863,0.003215647302567959,0.05670667775992488,0.05794687196612358
9,350,5,0.01,40,0.9965885281562805,0.0034778444096446037,0.05897325164550962,0.06453539431095123
9,350,5,0.01,41,0.9974274635314941,0.002622633008286357,0.05121164914632565,0.0726628452539444
9,350,5,0.01,42,0.9977866411209106,0.0022564379032701254,0.047501977887979836,0.0661822110414505
9,350,5,0.01,43,0.9981492161750793,0.00188680668361485,0.04343738808463108,0.0658797025680542
9,350,5,0.01,44,0.7789026498794556,0.22540056705474854,0.4747636960159744,1.7744317054748535
9,350,5,0.01,45,0.9944864511489868,0.0056208278983831406,0.07497218082984608,0.10835525393486023
9,350,5,0.01,46,0.9961696863174438,0.0039048909675329924,0.06248912679445115,0.08012231439352036
9,350,5,0.01,47,0.9968350529670715,0.0032265251502394676,0.05680251006988571,0.0699792206287384
9,350,5,0.01,48,0.9975778460502625,0.0024692947044968605,0.04969199839508229,0.06293628364801407
9,350,5,0.01,49,0.9978728890419006,0.002168514532968402,0.04656731185035703,0.06225196644663811
9,350,5,0.01,50,0.9980130195617676,0.0020256489515304565,0.04500720999496032,0.061456773430109024
9,350,5,0.01,51,0.9983906149864197,0.0016406914219260216,0.04050544928680611,0.056157276034355164
9,350,5,0.01,52,0.9983735084533691,0.0016581369563937187,0.04072022785291996,0.05746197700500488
9,350,5,0.01,53,0.998443067073822,0.001587258419021964,0.039840411883186704,0.07481301575899124
9,350,5,0.01,54,0.9987294673919678,0.0012952347751706839,0.03598937030806018,0.05082934722304344
9,350,5,0.01,55,0.9983848929405212,0.0016465403605252504,0.04057758445897501,0.06422635912895203
9,350,5,0.01,56,0.9985459446907043,0.0014823444653302431,0.03850122680292464,0.05554531514644623
9,350,5,0.01,57,0.9990464448928833,0.000972084526438266,0.03117827010015575,0.05530847609043121
9,350,5,0.01,58,0.998964786529541,0.0010553343454375863,0.032485909952433015,0.06327517330646515
9,350,5,0.01,59,0.9990604519844055,0.000957831391133368,0.030948851208621106,0.04649558663368225
9,350,5,0.01,60,0.998936653137207,0.0010840160539373755,0.03292439906721724,0.05248759314417839
9,350,5,0.01,61,0.9992399215698242,0.000774842337705195,0.02783598997171099,0.05264347046613693
9,350,5,0.01,62,0.9993011951446533,0.000712395238224417,0.026690733190087097,0.054715558886528015
9,350,5,0.01,63,0.9990158081054688,0.001003373065032065,0.031676064544574736,0.046292994171381
9,350,5,0.01,64,0.9982447028160095,0.0017894398188218474,0.042301770870991295,0.13228349387645721
9,350,5,0.01,65,0.998826801776886,0.0011960160918533802,0.034583465584775916,0.08170109242200851
9,350,5,0.01,66,0.9991125464439392,0.0009047401254065335,0.03007889834097209,0.054382916539907455
9,350,5,0.01,67,0.9993243217468262,0.0006888218340463936,0.02624541548625957,0.0638519823551178
9,350,5,0.01,68,0.9986633062362671,0.0013626994332298636,0.036914759016277804,0.06734097003936768
9,350,5,0.01,69,0.9988138675689697,0.001209196518175304,0.03477350310473916,0.11068237572908401
9,350,5,0.01,70,0.9988012909889221,0.0012220279313623905,0.03495751609257143,0.08974727988243103
9,350,5,0.01,71,0.9994045495986938,0.0006070443196222186,0.024638269412079628,0.06611210852861404
9,350,5,0.01,72,0.9992785453796387,0.0007355099660344422,0.027120286982892386,0.06548741459846497
9,350,5,0.01,73,0.9976071119308472,0.0024394846986979246,0.049391139880528415,0.10969241708517075
9,350,5,0.01,74,0.9992889761924744,0.0007248839247040451,0.026923668485257447,0.06900682300329208
9,350,5,0.01,75,0.9975310564041138,0.002517005195841193,0.050169763761066216,0.11951985955238342
9,350,5,0.01,76,0.9991655349731445,0.0008507309830747545,0.029167293036460453,0.07326379418373108
9,350,5,0.01,77,0.9991010427474976,0.000916445511393249,0.030272851061524567,0.05936403572559357
9,350,5,0.01,78,0.9991598725318909,0.0008564508752897382,0.029265181962354826,0.06128528714179993
9,350,5,0.01,79,0.9981819987297058,0.001853406080044806,0.043051203003456315,0.09742680937051773
9,350,5,0.01,80,0.9984604120254517,0.0015695594483986497,0.03961766586257512,0.08141809701919556
9,350,5,0.01,81,0.9992690086364746,0.0007452298887073994,0.027298899038375145,0.07149872928857803
9,350,5,0.01,82,0.9989792108535767,0.001040682545863092,0.03225961168183975,0.09382976591587067
9,350,5,0.01,83,0.9993186593055725,0.0006946101202629507,0.026355457124909647,0.08416736871004105
9,350,5,0.01,84,0.999476969242096,0.0005332056316547096,0.02309124577961764,0.05195500701665878
9,350,5,0.01,85,0.9983059167861938,0.0017270647222176194,0.04155796821570587,0.12491881102323532
9,350,5,0.01,86,0.9995014071464539,0.0005082770367152989,0.022545000259820334,0.07142004370689392
9,350,5,0.01,87,0.9996903538703918,0.0003156563325319439,0.017766719802257927,0.06764102727174759
9,350,5,0.01,88,0.9995183944702148,0.0004909855779260397,0.02215819437422733,0.07047778367996216
9,350,5,0.01,89,0.9988489747047424,0.001173424650914967,0.03425528646668959,0.10306400060653687
9,350,5,0.01,90,0.9998226761817932,0.00018074987747240812,0.013444325102897807,0.04604038596153259
9,350,5,0.01,91,0.999717652797699,0.00028783114976249635,0.016965587221269306,0.06104964017868042
9,350,5,0.01,92,0.9996569156646729,0.00034975624294020236,0.01870177111773648,0.06625023484230042
9,350,5,0.01,93,0.9994581341743469,0.0005524020525626838,0.023503234938252304,0.08425410091876984
9,350,5,0.01,94,0.9992480278015137,0.0007666117162443697,0.027687753903926006,0.09143911302089691
9,350,5,0.01,95,0.9996204972267151,0.00038686892366968095,0.01966898379860233,0.06678009778261185
9,350,5,0.01,96,0.9996023774147034,0.0004053884476888925,0.020134260544874563,0.06898009777069092
9,350,5,0.01,97,0.9996382594108582,0.0003687893913593143,0.019203890005915842,0.04566962271928787
9,350,5,0.01,98,0.9995615482330322,0.00044695803080685437,0.021141381951207787,0.0670590028166771
9,350,5,0.01,99,0.99973064661026,0.0002745782257989049,0.016570402101304147,0.0583096481859684
9,350,5,0.01,100,0.9992996454238892,0.0007139769732020795,0.02672034755017381,0.10071703046560287
10,350,5,0.01,1,0.9806697368621826,0.019706502556800842,0.14037985096444874,0.3343360126018524
10,350,5,0.01,2,0.9860860109329224,0.014184780418872833,0.11909987581384303,0.22994090616703033
10,350,5,0.01,3,0.9905775785446167,0.00960579328238964,0.09800914897288743,0.2201874554157257
10,350,5,0.01,4,0.9925060868263245,0.007639752235263586,0.0874056762187879,0.16451889276504517
10,350,5,0.01,5,0.993643581867218,0.006480127107352018,0.08049923668800853,0.16014470160007477
10,350,5,0.01,6,0.9943588972091675,0.005750896409153938,0.07583466495708897,0.14181075990200043
10,350,5,0.01,7,0.9948385953903198,0.005261873826384544,0.07253877464077088,0.1340348869562149
10,350,5,0.01,8,0.9942155480384827,0.005897041875869036,0.07679219931652587,0.15666313469409943
10,350,5,0.01,9,0.9926819205284119,0.00746051874011755,0.08637429444063523,0.18391618132591248
10,350,5,0.01,10,0.996141254901886,0.003933865111321211,0.06272053181631364,0.11134742945432663
10,350,5,0.01,11,0.9956979155540466,0.004385801963508129,0.06622538760557109,0.13332483172416687
10,350,5,0.01,12,0.99620521068573,0.00386865739710629,0.06219853211375884,0.11716775596141815
10,350,5,0.01,13,0.9944843053817749,0.005623053293675184,0.07498702083477636,0.18216963112354279
10,350,5,0.01,14,0.9965969920158386,0.0034692566841840744,0.05890039629904093,0.12006953358650208
10,350,5,0.01,15,0.9973598122596741,0.002691547852009535,0.0518801296452653,0.09698597341775894
10,350,5,0.01,16,0.9974076151847839,0.00264281895942986,0.05140835495743722,0.13087023794651031
10,350,5,0.01,17,0.9974885582923889,0.002560308435931802,0.05059949047106899,0.10484801232814789
10,350,5,0.01,18,0.9973244667053223,0.002727590734139085,0.05222634138190311,0.10608118772506714
10,350,5,0.01,19,0.9975918531417847,0.002455002861097455,0.0495479854393441,0.09826641529798508
10,350,5,0.01,20,0.9836918711662292,0.016625532880425453,0.12894003598737458,0.25308239459991455
10,350,5,0.01,21,0.9976961016654968,0.0023487110156565905,0.048463501892213594,0.12212956696748734
10,350,5,0.01,22,0.9980192184448242,0.002019345760345459,0.0449371311984361,0.09886151552200317
10,350,5,0.01,23,0.998062789440155,0.0019748888444155455,0.044439721470949226,0.09751327335834503
10,350,5,0.01,24,0.9979222416877747,0.0021182154305279255,0.04602407446682579,0.09737838804721832
10,350,5,0.01,25,0.9974838495254517,0.0025651168543845415,0.050646982677989234,0.10385572910308838
10,350,5,0.01,26,0.9960485100746155,0.004028397612273693,0.0634696589897385,0.15783336758613586
10,350,5,0.01,27,0.997597336769104,0.0024494503159075975,0.04949192172372778,0.09145072847604752
10,350,5,0.01,28,0.9975765347480774,0.002470641164109111,0.04970554460127271,0.09589233249425888
10,350,5,0.01,29,0.9980641007423401,0.0019736052490770817,0.044425277141252384,0.10142190754413605
10,350,5,0.01,30,0.9984058141708374,0.0016252233181148767,0.04031405856664492,0.10365422070026398
10,350,5,0.01,31,0.006087362766265869,1.0132570266723633,1.006606689165318,1.0044063329696655
10,350,5,0.01,32,0.9373190402984619,0.06390092521905899,0.25278632324368144,0.959076464176178
10,350,5,0.01,33,0.9813141226768494,0.019049551337957382,0.13802011207775983,0.4819779694080353
10,350,5,0.01,34,0.9909319877624512,0.009244476445019245,0.09614820042527705,0.28646209836006165
10,350,5,0.01,35,0.9942428469657898,0.005869206506758928,0.07661074667929381,0.1985272914171219
10,350,5,0.01,36,0.9955353736877441,0.004551491234451532,0.06746474067578954,0.21034099161624908
10,350,5,0.01,37,0.9959272742271423,0.004151965957134962,0.06443575061357602,0.1660541146993637
10,350,5,0.01,38,0.9961921572685242,0.003881976706907153,0.06230551104763649,0.17139315605163574
10,350,5,0.01,39,0.9958505034446716,0.0042302850633859634,0.06504064162803104,0.15871644020080566
10,350,5,0.01,40,0.9961308240890503,0.0039444598369300365,0.06280493481351634,0.14588728547096252
10,350,5,0.01,41,0.9961525201797485,0.0039223539642989635,0.06262869920650567,0.13882479071617126
10,350,5,0.01,42,0.9958183169364929,0.004263075068593025,0.06529222824037349,0.1241784542798996
10,350,5,0.01,43,0.9956665635108948,0.004417752381414175,0.06646617471627335,0.14190085232257843
10,350,5,0.01,44,0.9961080551147461,0.003967680502682924,0.06298952692855317,0.12218942493200302
10,350,5,0.01,45,0.9954546689987183,0.004633809439837933,0.06807209002107936,0.11915522813796997
10,350,5,0.01,46,0.9959589242935181,0.0041197421960532665,0.06418521789363393,0.11311598122119904
10,350,5,0.01,47,0.9960711598396301,0.004005280788987875,0.06328728773606809,0.10472474247217178
10,350,5,0.01,48,0.9955891370773315,0.004496686160564423,0.06705733487519783,0.10122648626565933
10,350,5,0.01,49,0.9962965250015259,0.0037755328230559826,0.061445364536765364,0.10181604325771332
10,350,5,0.01,50,0.9962362051010132,0.0038370320107787848,0.061943781050068175,0.09943940490484238
10,350,5,0.01,51,0.9963813424110413,0.0036890904884785414,0.060737883470520615,0.09665252268314362
10,350,5,0.01,52,0.9966545701026917,0.0034105288796126842,0.05839973355771997,0.08623743057250977
10,350,5,0.01,53,0.9958638548851013,0.0042166742496192455,0.06493592418391568,0.0986165776848793
10,350,5,0.01,54,0.9965860247612,0.0034804032184183598,0.05899494231218774,0.07936073839664459
10,350,5,0.01,55,0.9962557554244995,0.003817129647359252,0.06178292359025471,0.07799285650253296
10,350,5,0.01,56,0.9966667890548706,0.0033980661537498236,0.05829293399503772,0.08381922543048859
10,350,5,0.01,57,0.9965834021568298,0.00348307634703815,0.05901759353818275,0.09935326874256134
10,350,5,0.01,58,0.9949928522109985,0.005104588344693184,0.0714464019016576,0.11758303642272949
10,350,5,0.01,59,0.9963797926902771,0.0036906579043716192,0.06075078521609099,0.0835212841629982
10,350,5,0.01,60,0.9965776801109314,0.0034888999070972204,0.05906691042451112,0.06877539306879044
10,350,5,0.01,61,0.9963452816009521,0.003725831164047122,0.06103958686006256,0.12364573031663895
10,350,5,0.01,62,0.9963599443435669,0.003710875753313303,0.06091695784683689,0.08718784898519516
10,350,5,0.01,63,0.9962906241416931,0.003781552892178297,0.061494332195563335,0.0780881717801094
10,350,5,0.01,64,0.9958009719848633,0.004280740395188332,0.06542736732582423,0.07725828886032104
10,350,5,0.01,65,0.9961003065109253,0.0039755720645189285,0.06305213766811502,0.08900605887174606
10,350,5,0.01,66,0.9958416223526001,0.004239299800246954,0.06510990554629115,0.06783147901296616
10,350,5,0.01,67,0.995956301689148,0.004122396931052208,0.06420589483102161,0.09317035973072052
10,350,5,0.01,68,0.9957684874534607,0.004313889425247908,0.06568020573390364,0.07488229125738144
10,350,5,0.01,69,0.9949827194213867,0.005114923231303692,0.07151869148204329,0.08078635483980179
10,350,5,0.01,70,0.9954237341880798,0.0046653300523757935,0.06830322139091094,0.07581859827041626
10,350,5,0.01,71,0.9952505826950073,0.004841863643378019,0.06958350122965946,0.0905776098370552
10,350,5,0.01,72,0.9955414533615112,0.004545327741652727,0.06741904583760236,0.08793226629495621
10,350,5,0.01,73,0.9948990345001221,0.005200250074267387,0.0721127594414982,0.07412337511777878
10,350,5,0.01,74,0.9944859743118286,0.0056213559582829475,0.07497570245274764,0.08115254342556
10,350,5,0.01,75,0.9952881336212158,0.004803575575351715,0.06930783199142587,0.08076002448797226
10,350,5,0.01,76,0.9955252408981323,0.004561854992061853,0.06754150569880607,0.08040610700845718
10,350,5,0.01,77,0.992877185344696,0.007261451333761215,0.08521414984473656,0.14436562359333038
10,350,5,0.01,78,0.9951248168945312,0.00497009139508009,0.07049887513343805,0.07628995180130005
10,350,5,0.01,79,0.9953711032867432,0.004718961659818888,0.06869469892079656,0.0675138384103775
10,350,5,0.01,80,0.995098352432251,0.004997033625841141,0.0706896995738498,0.06803921610116959
10,350,5,0.01,81,0.9949163198471069,0.005182634573429823,0.07199051724657785,0.1530979722738266
10,350,5,0.01,82,0.9950408935546875,0.00505563709884882,0.07110300344464233,0.06593675911426544
10,350,5,0.01,83,0.9951199293136597,0.004975072108209133,0.07053419105801904,0.07456435263156891
10,350,5,0.01,84,0.9947618246078491,0.005340100731700659,0.07307599285470337,0.0777529627084732
10,350,5,0.01,85,0.9946030378341675,0.005501995328813791,0.07417543615519757,0.06450920552015305
10,350,5,0.01,86,0.9954656362533569,0.004622630774974823,0.06798993142351904,0.06335748732089996
10,350,5,0.01,87,0.9951942563056946,0.004899248946458101,0.0699946351262588,0.06510451436042786
10,350,5,0.01,88,0.995760977268219,0.004321500193327665,0.0657381182673163,0.09870371222496033
10,350,5,0.01,89,0.995141327381134,0.004953258670866489,0.07037939095265382,0.09425515681505203
10,350,5,0.01,90,0.9954532384872437,0.004635264631360769,0.06808277778822461,0.0652633085846901
10,350,5,0.01,91,0.9956774711608887,0.004406645894050598,0.0663825722162873,0.06926434487104416
10,350,5,0.01,92,0.9956548810005188,0.004429688677191734,0.06655590640350212,0.08740583807229996
10,350,5,0.01,93,0.9956762194633484,0.004407923202961683,0.06639219233435271,0.07458078861236572
10,350,5,0.01,94,0.9952396154403687,0.004853035788983107,0.06966373367099345,0.08235016465187073
10,350,5,0.01,95,0.9950170516967773,0.005079959519207478,0.0712738347446486,0.08090467751026154
10,350,5,0.01,96,0.9956146478652954,0.0044707003980875015,0.06686329634476229,0.05680607259273529
10,350,5,0.01,97,0.9939396381378174,0.006178288720548153,0.0786020910698192,0.15431620180606842
10,350,5,0.01,98,0.9956099390983582,0.004475476685911417,0.06689900362420517,0.08570445328950882
10,350,5,0.01,99,0.9960526823997498,0.004024161491543055,0.06343627898563294,0.05955507606267929
10,350,5,0.01,100,0.9963380694389343,0.003733219811692834,0.06110008029203263,0.05252553150057793
11,350,5,0.01,1,0.9837843179702759,0.016531269997358322,0.12857398647221888,0.4029447138309479
11,350,5,0.01,2,0.9842987656593323,0.016006842255592346,0.1265181499058232,0.31841981410980225
11,350,5,0.01,3,0.986912190914154,0.0133425397798419,0.11550991204152958,0.30970126390457153
11,350,5,0.01,4,0.9919073581695557,0.008250156417489052,0.09083037166878187,0.23548674583435059
11,350,5,0.01,5,0.9926713109016418,0.007471324875950813,0.08643682592478054,0.20741939544677734
11,350,5,0.01,6,0.9862739443778992,0.013993184082210064,0.11829278964590388,0.38235336542129517
11,350,5,0.01,7,0.9943389892578125,0.005771181546151638,0.07596829303170921,0.19258452951908112
11,350,5,0.01,8,0.9939314126968384,0.006186673883348703,0.07865541229533225,0.19000409543514252
11,350,5,0.01,9,0.9944683313369751,0.005639307200908661,0.0750953207657352,0.18580032885074615
11,350,5,0.01,10,0.9952411651611328,0.0048514739610254765,0.06965252300545527,0.18230988085269928
11,350,5,0.01,11,0.9956523776054382,0.004432243760675192,0.06657509865313901,0.18389175832271576
11,350,5,0.01,12,0.9953898191452026,0.00469988165423274,0.06855568287336025,0.17977412045001984
11,350,5,0.01,13,0.9962571859359741,0.0038156432565301657,0.061770893279360674,0.15416856110095978
11,350,5,0.01,14,0.9952322840690613,0.00486050546169281,0.06971732540547443,0.22212976217269897
11,350,5,0.01,15,0.9923796057701111,0.007768718991428614,0.08814033691465341,0.24511319398880005
11,350,5,0.01,16,0.9697245955467224,0.030864626169204712,0.17568331215344477,0.4610210955142975
11,350,5,0.01,17,0.9965552091598511,0.0035118453670293093,0.05926082489325735,0.1334133893251419
11,350,5,0.01,18,0.9969301819801331,0.003129578661173582,0.05594263723827812,0.13926729559898376
11,350,5,0.01,19,0.9976767897605896,0.002368415705859661,0.04866637140633829,0.13666550815105438
11,350,5,0.01,20,0.9962686896324158,0.003803935833275318,0.06167605559109076,0.1470356583595276
11,350,5,0.01,21,0.9978863000869751,0.0021548490040004253,0.04642035118351029,0.12606586515903473
11,350,5,0.01,22,0.997414767742157,0.002635551616549492,0.05133762379142116,0.12118827551603317
11,350,5,0.01,23,0.9967080354690552,0.003356009256094694,0.05793107332075502,0.1617567539215088
11,350,5,0.01,24,0.9954679012298584,0.004620327148586512,0.06797298837469566,0.19690783321857452
11,350,5,0.01,25,0.9959543943405151,0.0041243708692491055,0.06422126493031032,0.13452616333961487
11,350,5,0.01,26,0.9973815083503723,0.0026694752741605043,0.051666965017896145,0.11972775310277939
11,350,5,0.01,27,0.9974184632301331,0.002631766488775611,0.05130074549921873,0.13106124103069305
11,350,5,0.01,28,0.9964597821235657,0.0036091457586735487,0.060076166311387985,0.15972301363945007
11,350,5,0.01,29,0.9978048801422119,0.0022378615103662014,0.047306040950033025,0.12852612137794495
11,350,5,0.01,30,0.9978421926498413,0.002199816284701228,0.04690219914568216,0.16687797009944916
11,350,5,0.01,31,0.998150646686554,0.0018853507936000824,0.043420626361213195,0.10389917343854904
11,350,5,0.01,32,0.9977230429649353,0.0023212607484310865,0.04817946396994353,0.11022797971963882
11,350,5,0.01,33,0.9984723329544067,0.0015574012650176883,0.039463923588737196,0.11596574634313583
11,350,5,0.01,34,0.9974461197853088,0.002603609347715974,0.05102557542758312,0.12098708003759384
11,350,5,0.01,35,0.9983187913894653,0.0017139562405645847,0.04139995459616574,0.09744729846715927
11,350,5,0.01,36,0.9976248741149902,0.0024213590659201145,0.049207307037879185,0.12167809158563614
11,350,5,0.01,37,0.9940503835678101,0.006065442692488432,0.07788095205175931,0.189972922205925
11,350,5,0.01,38,0.9978035688400269,0.0022391716483980417,0.04731988639460202,0.10077933967113495
11,350,5,0.01,39,0.997967004776001,0.0020725366193801165,0.045525120750857066,0.1272110939025879
11,350,5,0.01,40,0.9980827569961548,0.0019545743707567453,0.044210568541433,0.11135438084602356
11,350,5,0.01,41,0.9978625178337097,0.0021790622267872095,0.046680426591744095,0.08760008215904236
11,350,5,0.01,42,0.9958582520484924,0.004222332965582609,0.06497948111198341,0.16194207966327667
11,350,5,0.01,43,0.9977699518203735,0.0022734676022082567,0.047680893471161556,0.09711256623268127
11,350,5,0.01,44,0.9958643913269043,0.0042160917073488235,0.06493143851285618,0.16577568650245667
11,350,5,0.01,45,0.997096836566925,0.0029596551321446896,0.05440271254399628,0.10295587033033371
11,350,5,0.01,46,0.9972657561302185,0.00278743589296937,0.052796173090190635,0.09300999343395233
11,350,5,0.01,47,0.9962056875228882,0.0038681519217789173,0.06219446857863581,0.15164364874362946
11,350,5,0.01,48,0.9964101314544678,0.0036597084254026413,0.06049552401130716,0.08785995841026306
11,350,5,0.01,49,0.9969310164451599,0.003128735115751624,0.05593509735176675,0.10351838916540146
11,350,5,0.01,50,0.9957388043403625,0.004344133194535971,0.06591003864765951,0.15063057839870453
11,350,5,0.01,51,0.9969555735588074,0.0031037090811878443,0.05571094220337549,0.11250820755958557
11,350,5,0.01,52,0.9974337816238403,0.0026161621790379286,0.051148432811161756,0.08827128261327744
11,350,5,0.01,53,0.9974536895751953,0.002595889614894986,0.050949873551314986,0.11182820796966553
11,350,5,0.01,54,0.9976727962493896,0.0023724897764623165,0.048708210565184144,0.09109039604663849
11,350,5,0.01,55,0.9973194599151611,0.002732717664912343,0.05227540210187142,0.07977213710546494
11,350,5,0.01,56,0.9953332543373108,0.004757593851536512,0.06897531334859243,0.17922092974185944
11,350,5,0.01,57,0.9961642622947693,0.003910365514457226,0.06253291544824394,0.08980444818735123
11,350,5,0.01,58,0.9972308874130249,0.0028230082243680954,0.05313198871083309,0.10922826826572418
11,350,5,0.01,59,0.9964525103569031,0.0036165497731417418,0.06013775663542615,0.10561199486255646
11,350,5,0.01,60,0.9949174523353577,0.005181469954550266,0.07198242809568364,0.12021755427122116
11,350,5,0.01,61,0.9972319006919861,0.0028219460509717464,0.05312199215929073,0.09010692685842514
11,350,5,0.01,62,0.9974943399429321,0.0025543998926877975,0.050541071344875524,0.0770244225859642
11,350,5,0.01,63,0.9972471594810486,0.0028063980862498283,0.05297544795704731,0.08143670111894608
11,350,5,0.01,64,0.996172308921814,0.0039021747652441263,0.06246738961445505,0.12229961901903152
11,350,5,0.01,65,0.9957894086837769,0.0042925565503537655,0.06551760488871496,0.10690292716026306
11,350,5,0.01,66,0.9969003796577454,0.003159923944622278,0.05621320080392397,0.12442435324192047
11,350,5,0.01,67,0.9932059049606323,0.006926297675818205,0.0832243814985621,0.3107004165649414
11,350,5,0.01,68,0.9974789023399353,0.0025701927952468395,0.050697068901928044,0.11529511958360672
11,350,5,0.01,69,0.9983358979225159,0.001696484163403511,0.04118839840784673,0.08259127289056778
11,350,5,0.01,70,0.9963266849517822,0.003744794987142086,0.06119473006021095,0.1062314435839653
11,350,5,0.01,71,0.997650682926178,0.0023950624745339155,0.04893937550208335,0.08607033640146255
11,350,5,0.01,72,0.9978075623512268,0.0022351050283759832,0.04727689740640753,0.08978623896837234
11,350,5,0.01,73,0.9957743287086487,0.0043079121969640255,0.06563468745232223,0.12534773349761963
11,350,5,0.01,74,0.9976074695587158,0.0024391261395066977,0.04938750995450872,0.0632370114326477
11,350,5,0.01,75,0.9973273277282715,0.0027247194666415453,0.052198845453147194,0.08434753865003586
11,350,5,0.01,76,0.99773770570755,0.002306329319253564,0.04802425761272697,0.06971240788698196
11,350,5,0.01,77,0.9965816140174866,0.003484921297058463,0.05903322197761582,0.08738496899604797
11,350,5,0.01,78,0.9978545904159546,0.0021871677599847317,0.046767165404637594,0.06936702877283096
11,350,5,0.01,79,0.9971548318862915,0.00290057179518044,0.053856956794646686,0.11329398304224014
11,350,5,0.01,80,0.9979467391967773,0.0020932103507220745,0.04575161582635169,0.08257192373275757
11,350,5,0.01,81,0.9977343678474426,0.00230970187112689,0.0480593577893722,0.09702841937541962
11,350,5,0.01,82,0.9818677306175232,0.01848517172038555,0.1359601843202103,0.3361954987049103
11,350,5,0.01,83,0.9973086714744568,0.0027437154203653336,0.05238048701916902,0.09974847733974457
11,350,5,0.01,84,0.9977292418479919,0.0023149566259235144,0.0481139961541703,0.09539000689983368
11,350,5,0.01,85,0.9986472725868225,0.0013790460070595145,0.03713550870877514,0.07697776705026627
11,350,5,0.01,86,0.9986476898193359,0.0013785997871309519,0.037129500227325335,0.06929495185613632
11,350,5,0.01,87,0.9987331032752991,0.0012915304396301508,0.03593786915817562,0.08543416112661362
11,350,5,0.01,88,0.998760998249054,0.0012631032150238752,0.035540163407388484,0.07860790938138962
11,350,5,0.01,89,0.9990056753158569,0.0010136649943888187,0.03183810601133206,0.06898555904626846
11,350,5,0.01,90,0.9986950159072876,0.0013303817249834538,0.03647439821276636,0.080523282289505
11,350,5,0.01,91,0.9991207718849182,0.0008963162545114756,0.029938541288971905,0.06873365491628647
11,350,5,0.01,92,0.9989440441131592,0.0010764817707240582,0.032809781631764304,0.09152798354625702
11,350,5,0.01,93,0.9993802905082703,0.0006317467777989805,0.025134573356215547,0.07095538079738617
11,350,5,0.01,94,0.9989763498306274,0.0010435483418405056,0.032303998852162334,0.06349790096282959
11,350,5,0.01,95,0.9989741444587708,0.0010458006290718913,0.03233884087396905,0.07641242444515228
11,350,5,0.01,96,0.9992018938064575,0.0008136514225043356,0.02852457576379245,0.05855053663253784
11,350,5,0.01,97,0.9991469383239746,0.0008696950972080231,0.029490593368191542,0.0699724555015564
11,350,5,0.01,98,0.9990338683128357,0.0009849428897723556,0.031383799798181795,0.08366980403661728
11,350,5,0.01,99,0.9989911913871765,0.0010284235468134284,0.03206904343464938,0.0778365284204483
11,350,5,0.01,100,0.9993263483047485,0.0006867509218864143,0.026205932952032336,0.07032595574855804
12,350,5,0.01,1,0.9852937459945679,0.01499250903725624,0.12244390159275488,0.3032885789871216
12,350,5,0.01,2,0.9922081828117371,0.007943447679281235,0.08912602133653917,0.21143178641796112
12,350,5,0.01,3,0.9945953488349915,0.005509829148650169,0.07422822339683316,0.14991232752799988
12,350,5,0.01,4,0.9950551986694336,0.005041036289185286,0.07100025555718294,0.1635836511850357
12,350,5,0.01,5,0.9954626560211182,0.004625681787729263,0.0680123649620366,0.13277193903923035
12,350,5,0.01,6,0.9956719875335693,0.004412238951772451,0.0664246863129398,0.12804025411605835
12,350,5,0.01,7,0.9964507818222046,0.0036182955373078585,0.060152269593988374,0.11401282250881195
12,350,5,0.01,8,0.9964958429336548,0.003572339192032814,0.059769048779722216,0.10210920125246048
12,350,5,0.01,9,0.9938433170318604,0.006276517175137997,0.0792244733345574,0.14144988358020782
12,350,5,0.01,10,0.9962174892425537,0.0038561259862035513,0.06209771321235228,0.14054805040359497
12,350,5,0.01,11,0.9965205788612366,0.0035471622832119465,0.05955805808798627,0.11225574463605881
12,350,5,0.01,12,0.9970256686210632,0.003032221458852291,0.05506561049196033,0.1090780645608902
12,350,5,0.01,13,0.9971012473106384,0.0029551817569881678,0.05436158346652687,0.0973602682352066
12,350,5,0.01,14,0.9963840842247009,0.003686285112053156,0.06071478495435157,0.14041627943515778
12,350,5,0.01,15,0.9914951324462891,0.0086703822016716,0.09311488711087824,0.2029801309108734
12,350,5,0.01,16,0.9948475956916809,0.005252691451460123,0.07247545413076156,0.1725037395954132
12,350,5,0.01,17,0.9975891709327698,0.0024577456060796976,0.04957565537720805,0.1184702143073082
12,350,5,0.01,18,0.9976979494094849,0.002346850000321865,0.04844429791339601,0.0757523700594902
12,350,5,0.01,19,0.9977417588233948,0.002302167471498251,0.047980907364265746,0.08736191689968109
12,350,5,0.01,20,0.9976856708526611,0.0023593497462570667,0.048573138114157983,0.10877837985754013
12,350,5,0.01,21,0.9829425811767578,0.01738942600786686,0.13186897287787927,0.35973602533340454
12,350,5,0.01,22,0.9981048703193665,0.0019319996936246753,0.043954518466531686,0.08027324825525284
12,350,5,0.01,23,0.997838020324707,0.002204071031883359,0.04694753488611898,0.09271477907896042
12,350,5,0.01,24,0.9984702467918396,0.0015594996511936188,0.039490500771623784,0.06163235008716583
12,350,5,0.01,25,0.9982612729072571,0.0017725934740155935,0.042102178969924985,0.06587760150432587
12,350,5,0.01,26,0.9977671504020691,0.0022763083688914776,0.047710673532150825,0.10690301656723022
12,350,5,0.01,27,0.9984522461891174,0.0015778908273205161,0.03972267396991945,0.06405430287122726
12,350,5,0.01,28,0.9983472228050232,0.0016849747626110911,0.04104844409488734,0.05679897218942642
12,350,5,0.01,29,0.9976231455802917,0.002423084806650877,0.04922483932580052,0.08787188678979874
12,350,5,0.01,30,0.9954569339752197,0.004631494637578726,0.06805508531754792,0.122731052339077
12,350,5,0.01,31,0.9977197051048279,0.0023246663622558117,0.048214794018597774,0.14940914511680603
12,350,5,0.01,32,0.9986164569854736,0.0014104755828157067,0.037556298843412494,0.07289789617061615
12,350,5,0.01,33,0.9986935257911682,0.0013319135177880526,0.036495390363552115,0.06323129683732986
12,350,5,0.01,34,0.9984109401702881,0.0016199919627979398,0.04024912375192707,0.09198088198900223
12,350,5,0.01,35,0.9986189603805542,0.0014079365646466613,0.03752248079014314,0.057186175137758255
12,350,5,0.01,36,0.9987640976905823,0.0012599804904311895,0.035496203887615776,0.07924827188253403
12,350,5,0.01,37,0.9971582293510437,0.0028970909770578146,0.05382463169458584,0.11889564990997314
12,350,5,0.01,38,0.8873188495635986,0.11487426608800888,0.33893106391714656,1.3944501876831055
12,350,5,0.01,39,0.9955360293388367,0.004550834186375141,0.06745987093357904,0.15336813032627106
12,350,5,0.01,40,0.9964587092399597,0.003610217245295644,0.06008508338427803,0.12174753844738007
12,350,5,0.01,41,0.9967560768127441,0.0033070885110646486,0.057507290938320584,0.10908666253089905
12,350,5,0.01,42,0.9970942735671997,0.0029622558504343033,0.05442660976428996,0.09436049312353134
12,350,5,0.01,43,0.997238039970398,0.0028157252818346024,0.053063408124946164,0.08658282458782196
12,350,5,0.01,44,0.9974298477172852,0.0026201624423265457,0.05118752233041316,0.08254408091306686
12,350,5,0.01,45,0.9974687695503235,0.0025805258192121983,0.05079887616091717,0.08284508436918259
12,350,5,0.01,46,0.997564971446991,0.0024824445135891438,0.04982413585391265,0.07525405287742615
12,350,5,0.01,47,0.9973614811897278,0.002689849119633436,0.05186375535606187,0.09804385155439377
12,350,5,0.01,48,0.9979278445243835,0.0021125106140971184,0.045962056243135145,0.07132045924663544
12,350,5,0.01,49,0.998005211353302,0.0020336410962045193,0.04509590997201985,0.06901919841766357
12,350,5,0.01,50,0.9980108141899109,0.002027875976637006,0.045031943958006145,0.06594308465719223
12,350,5,0.01,51,0.9979766011238098,0.002062796615064144,0.04541802081843884,0.06252659112215042
12,350,5,0.01,52,0.9983359575271606,0.0016964271198958158,0.0411877059314526,0.07074383646249771
12,350,5,0.01,53,0.9983184933662415,0.0017142214346677065,0.04140315730312975,0.06440120190382004
12,350,5,0.01,54,0.9980318546295166,0.002006423193961382,0.044793115475052436,0.05568531155586243
12,350,5,0.01,55,0.9979456067085266,0.002094350988045335,0.04576407967003526,0.0629768818616867
12,350,5,0.01,56,0.9982579946517944,0.0017759239999577403,0.04214171330116682,0.06570494920015335
12,350,5,0.01,57,0.9980736970901489,0.0019637951627373695,0.04431472850799573,0.07128977030515671
12,350,5,0.01,58,0.9982600808143616,0.001773794530890882,0.04211644014979046,0.07414240390062332
12,350,5,0.01,59,0.99813312292099,0.0019031910924240947,0.043625578419364194,0.07795443385839462
12,350,5,0.01,60,0.9981029033660889,0.0019339998252689838,0.043977264867985866,0.07210353016853333
12,350,5,0.01,61,0.9984986186027527,0.001530612469650805,0.03912304269418222,0.07028059661388397
12,350,5,0.01,62,0.9979292154312134,0.002111088717356324,0.04594658548092909,0.07438676059246063
12,350,5,0.01,63,0.9942511916160583,0.005860678851604462,0.07655507071124983,0.19870036840438843
12,350,5,0.01,64,0.9950466752052307,0.005049701780080795,0.07106125371875165,0.07755868881940842
12,350,5,0.01,65,0.9954768419265747,0.00461116898804903,0.06790558878361214,0.07458826154470444
12,350,5,0.01,66,0.9958322048187256,0.0042489273473620415,0.06518379666268329,0.07317250967025757
12,350,5,0.01,67,0.9963476657867432,0.003723438596352935,0.061019985220851496,0.060646455734968185
12,350,5,0.01,68,0.9962104558944702,0.0038633064832538366,0.06215550243746596,0.06178987771272659
12,350,5,0.01,69,0.9966187477111816,0.003447046736255288,0.05871155538950819,0.06581728905439377
12,350,5,0.01,70,0.9967178702354431,0.003346038283780217,0.0578449503740838,0.058256130665540695
12,350,5,0.01,71,0.9969531297683716,0.003106163116171956,0.05573296256410524,0.062342897057533264
12,350,5,0.01,72,0.9971101880073547,0.0029460268560796976,0.05427731437792126,0.06383181363344193
12,350,5,0.01,73,0.9970864057540894,0.0029702717438340187,0.054500199484350684,0.05550016090273857
12,350,5,0.01,74,0.9972774982452393,0.0027754607144743204,0.05268264149104827,0.0552394762635231
12,350,5,0.01,75,0.9977957606315613,0.0022471158299595118,0.04740375333198324,0.06351827830076218
12,350,5,0.01,76,0.998045802116394,0.0019922100473195314,0.04463418025817805,0.05505608767271042
12,350,5,0.01,77,0.9979565143585205,0.0020832279697060585,0.0456423922434622,0.06799034774303436
12,350,5,0.01,78,0.9974269270896912,0.002623174572363496,0.05121693638205526,0.08833775669336319
12,350,5,0.01,79,0.9982060790061951,0.0018288352293893695,0.04276488313311951,0.0738649070262909
12,350,5,0.01,80,0.997482419013977,0.0025665597058832645,0.0506612248754732,0.10852528363466263
12,350,5,0.01,81,0.9978480339050293,0.002193848369643092,0.04683853509283881,0.06717152148485184
12,350,5,0.01,82,0.9977447390556335,0.0022991271689534187,0.047949214476917336,0.08426474779844284
12,350,5,0.01,83,0.9983542561531067,0.0016777809942141175,0.04096072502061111,0.06011132895946503
12,350,5,0.01,84,0.9981101155281067,0.0019266880117356777,0.04389405440074633,0.055438265204429626
12,350,5,0.01,85,0.9981793165206909,0.0018561447504907846,0.04308299839253049,0.0769742801785469
12,350,5,0.01,86,0.9974035024642944,0.0026470168959349394,0.051449168078161765,0.08821456134319305
12,350,5,0.01,87,0.9985247850418091,0.0015039461432024837,0.03878074449004923,0.07952164858579636
12,350,5,0.01,88,0.9986600875854492,0.0013660071417689323,0.03695953384133697,0.04807816818356514
12,350,5,0.01,89,0.998174786567688,0.0018607506062835455,0.0431364185611595,0.0646631270647049
12,350,5,0.01,90,0.9978878498077393,0.0021532801911234856,0.04640345020710729,0.090281642973423
12,350,5,0.01,91,0.997444748878479,0.0026049925945699215,0.05103912807415426,0.10870595276355743
12,350,5,0.01,92,0.9988284111022949,0.0011943861609324813,0.03455989237443429,0.06104658916592598
12,350,5,0.01,93,0.9980886578559875,0.0019485665252432227,0.044142570442184524,0.10551725327968597
12,350,5,0.01,94,0.9985734224319458,0.0014543173601850867,0.03813551311028982,0.05415880307555199
12,350,5,0.01,95,0.998623788356781,0.0014029678422957659,0.037456212332479186,0.05593588575720787
12,350,5,0.01,96,0.998396635055542,0.0016345472540706396,0.04042953442807176,0.055798981338739395
12,350,5,0.01,97,0.9987406730651855,0.0012838278198614717,0.03583054311424084,0.06317323446273804
12,350,5,0.01,98,0.9985020160675049,0.0015271117445081472,0.039078277143550576,0.0626721978187561
12,350,5,0.01,99,0.9987114667892456,0.0013136062771081924,0.036243706724177545,0.07775427401065826
12,350,5,0.01,100,0.9985125660896301,0.0015163723146542907,0.03894062550414786,0.05844198912382126
13,350,5,0.01,1,0.987493097782135,0.012750309891998768,0.11291727012285928,0.4004632234573364
13,350,5,0.01,2,0.9905501008033752,0.009633800014853477,0.09815192313374954,0.21777500212192535
13,350,5,0.01,3,0.9911544919013977,0.00901769194751978,0.09496152877623537,0.15236201882362366
13,350,5,0.01,4,0.9897373914718628,0.010462326928973198,0.10228551671166938,0.14396129548549652
13,350,5,0.01,5,0.9905893802642822,0.009593762457370758,0.09794775371273584,0.13877125084400177
13,350,5,0.01,6,0.9913701415061951,0.008797844871878624,0.09379682762161322,0.12277698516845703
13,350,5,0.01,7,0.9927620887756348,0.0073787616565823555,0.0858997186059556,0.09727837890386581
13,350,5,0.01,8,0.9923883676528931,0.007759770844131708,0.08808956149358281,0.11581253260374069
13,350,5,0.01,9,0.9896886944770813,0.010512003675103188,0.10252806286623768,0.16517511010169983
13,350,5,0.01,10,0.9940202236175537,0.006096170749515295,0.07807797864644868,0.10798682272434235
13,350,5,0.01,11,0.9946063756942749,0.0054986122995615005,0.07415262840629118,0.10407821834087372
13,350,5,0.01,12,0.9946707487106323,0.005433001555502415,0.07370889739714205,0.10995184630155563
13,350,5,0.01,13,0.9941742420196533,0.005939160473644733,0.07706594885969247,0.121592216193676
13,350,5,0.01,14,0.9720720052719116,0.028471551835536957,0.1687351529336343,0.5791618824005127
13,350,5,0.01,15,0.9939813017845154,0.006135834846645594,0.07833156992327929,0.1747075319290161
13,350,5,0.01,16,0.9946935772895813,0.005409678909927607,0.0735505194402297,0.13608676195144653
13,350,5,0.01,17,0.9945697784423828,0.005535892676562071,0.07440357972948661,0.098603755235672
13,350,5,0.01,18,0.9956411719322205,0.004443686455488205,0.06666098150708707,0.11155931651592255
13,350,5,0.01,19,0.9952378273010254,0.004854829516261816,0.06967660666437349,0.10532503575086594
13,350,5,0.01,20,0.9952573776245117,0.004834907595068216,0.0695334998045418,0.07972631603479385
13,350,5,0.01,21,0.9953820109367371,0.004707892891019583,0.06861408668064876,0.08880943059921265
13,350,5,0.01,22,0.9954209923744202,0.004668127279728651,0.06832369486297306,0.10218611359596252
13,350,5,0.01,23,0.9945068359375,0.005600056145340204,0.07483352287137232,0.09797987341880798
13,350,5,0.01,24,0.9918729662895203,0.008285179734230042,0.09102296267552513,0.10992900282144547
13,350,5,0.01,25,0.9951292872428894,0.004965494852513075,0.07046626747964642,0.10065293312072754
13,350,5,0.01,26,0.9944074153900146,0.005701457150280476,0.0755079939495182,0.10630729794502258
13,350,5,0.01,27,0.9953946471214294,0.004694983828812838,0.06851995204911368,0.08146470040082932
13,350,5,0.01,28,0.9956127405166626,0.0044726417399942875,0.06687781201560265,0.09244614094495773
13,350,5,0.01,29,0.9936707019805908,0.006452478468418121,0.08032732080941155,0.1658235341310501
13,350,5,0.01,30,0.9929132461547852,0.007224666886031628,0.0849980404834819,0.14310705661773682
13,350,5,0.01,31,0.9937633275985718,0.006358056329190731,0.07973742113456349,0.09703964740037918
13,350,5,0.01,32,0.9949532151222229,0.005145001225173473,0.07172866390205156,0.06663919240236282
13,350,5,0.01,33,0.9839781522750854,0.01633370667695999,0.12780339070994945,0.3588674068450928
13,350,5,0.01,34,0.9936554431915283,0.0064680385403335094,0.08042411665870822,0.10077742487192154
13,350,5,0.01,35,0.9946316480636597,0.005472834687680006,0.07397860966306413,0.06344833970069885
13,350,5,0.01,36,0.9935622215270996,0.006563100963830948,0.08101296787447641,0.0682317316532135
13,350,5,0.01,37,0.9951635003089905,0.0049306489527225494,0.07021857982558853,0.07718147337436676
13,350,5,0.01,38,0.9946838617324829,0.005419630091637373,0.07361813697477934,0.09124946594238281
13,350,5,0.01,39,0.9950447678565979,0.005051662679761648,0.07107504962897773,0.0903770700097084
13,350,5,0.01,40,0.9956042170524597,0.004481343552470207,0.06694283794753705,0.06768755614757538
13,350,5,0.01,41,0.9955790638923645,0.0045070042833685875,0.0671342258715224,0.10073661059141159
13,350,5,0.01,42,0.995647668838501,0.004437053110450506,0.06661120859472906,0.09971994906663895
13,350,5,0.01,43,0.9953986406326294,0.004690924193710089,0.06849032189813455,0.09811694920063019
13,350,5,0.01,44,0.9950482249259949,0.0050481571815907955,0.07105038480958985,0.08137186616659164
13,350,5,0.01,45,0.9951931834220886,0.004900368396192789,0.07000263135191984,0.08959666639566422
13,350,5,0.01,46,0.995569109916687,0.00451714126393199,0.067209681325922,0.09435199946165085
13,350,5,0.01,47,0.9954853653907776,0.0046025170013308525,0.06784185287365649,0.07323677092790604
13,350,5,0.01,48,0.9950888156890869,0.00500678364187479,0.07075862945164209,0.07442039996385574
13,350,5,0.01,49,0.9950453639030457,0.005051057320088148,0.07107079090658938,0.14391447603702545
13,350,5,0.01,50,0.9949966669082642,0.005100739188492298,0.07141945945253506,0.10075870901346207
13,350,5,0.01,51,0.9955323338508606,0.004554596729576588,0.0674877524412881,0.07969201356172562
13,350,5,0.01,52,0.9935793280601501,0.006545642390847206,0.08090514440285738,0.09824458509683609
13,350,5,0.01,53,0.9955171346664429,0.004570124205201864,0.06760269377178593,0.06959720700979233
13,350,5,0.01,54,0.9952913522720337,0.004800261463969946,0.06928391923072731,0.056358229368925095
13,350,5,0.01,55,0.9954817295074463,0.004606231115758419,0.06786922068035273,0.06814081966876984
13,350,5,0.01,56,0.9954987168312073,0.0045888666063547134,0.06774117364169825,0.09907864779233932
13,350,5,0.01,57,0.9964089393615723,0.0036609629169106483,0.06050589158842838,0.06366155296564102
13,350,5,0.01,58,0.996512770652771,0.003555119736120105,0.05962482483093854,0.0631190612912178
13,350,5,0.01,59,0.9950917363166809,0.005003789439797401,0.07073746842937907,0.07552503794431686
13,350,5,0.01,60,0.9964185953140259,0.0036511162761598825,0.06042446752897275,0.06094971299171448
13,350,5,0.01,61,0.9959353804588318,0.004143720027059317,0.06437173313698581,0.06528408080339432
13,350,5,0.01,62,0.9947294592857361,0.005373110994696617,0.07330150745173401,0.16517303884029388
13,350,5,0.01,63,0.994896411895752,0.005202900618314743,0.07213113487471788,0.10325394570827484
13,350,5,0.01,64,0.9950286746025085,0.00506807304918766,0.07119039997912402,0.0632772147655487
13,350,5,0.01,65,0.9955061078071594,0.0045813387259840965,0.06768558728403039,0.07128200680017471
13,350,5,0.01,66,0.9961923360824585,0.0038817774038761854,0.06230391162580553,0.05614292994141579
13,350,5,0.01,67,0.9956682920455933,0.004416016861796379,0.06645311777333235,0.06695928424596786
13,350,5,0.01,68,0.9961909055709839,0.0038832221180200577,0.06231550463584531,0.07820982486009598
13,350,5,0.01,69,0.9955323338508606,0.0045546176843345165,0.06748790768970776,0.1432841718196869
13,350,5,0.01,70,0.9957224726676941,0.004360755439847708,0.06603601623241448,0.11491212993860245
13,350,5,0.01,71,0.9952899217605591,0.0048017664812505245,0.06929477961037558,0.08764412254095078
13,350,5,0.01,72,0.9954274296760559,0.004661556798964739,0.06827559446072029,0.060593899339437485
13,350,5,0.01,73,0.9960739016532898,0.004002525471150875,0.063265515655457,0.07803409546613693
13,350,5,0.01,74,0.9950056076049805,0.005091602448374033,0.07135546544150653,0.1358603984117508
13,350,5,0.01,75,0.9952030181884766,0.004890347830951214,0.0699310219498558,0.10080572962760925
13,350,5,0.01,76,0.9955695271492004,0.004516724497079849,0.06720658075724317,0.08430963009595871
13,350,5,0.01,77,0.9961442351341248,0.003930837847292423,0.06269639421284467,0.057562924921512604
13,350,5,0.01,78,0.9965471625328064,0.0035200619604438543,0.059330110066001515,0.07762426137924194
13,350,5,0.01,79,0.9951693415641785,0.004924669861793518,0.07017599206134188,0.07516016811132431
13,350,5,0.01,80,0.9958187341690063,0.004262618254870176,0.06528872992232408,0.07374590635299683
13,350,5,0.01,81,0.9960293173789978,0.004047960974276066,0.06362358819082799,0.06625454872846603
13,350,5,0.01,82,0.996071994304657,0.0040044826455414295,0.06328098170494378,0.0791439414024353
13,350,5,0.01,83,0.9951946139335632,0.0048989406786859035,0.06999243301018977,0.05247794836759567
13,350,5,0.01,84,0.9962353110313416,0.0038379656616598368,0.06195131686784258,0.06922297179698944
13,350,5,0.01,85,0.9951910376548767,0.004902588203549385,0.07001848472760165,0.06170690804719925
13,350,5,0.01,86,0.9966669678688049,0.003397915745154023,0.05829164387074723,0.08033984154462814
13,350,5,0.01,87,0.9964258670806885,0.003643703879788518,0.06036310031624053,0.05741312354803085
13,350,5,0.01,88,0.9968303442001343,0.003231345908716321,0.056844928610354686,0.05433003231883049
13,350,5,0.01,89,0.9964786171913147,0.0035899337381124496,0.05991605576231174,0.07861869037151337
13,350,5,0.01,90,0.9957340955734253,0.004348930437117815,0.06594642095760629,0.06201299652457237
13,350,5,0.01,91,0.9960709810256958,0.004005480092018843,0.06328886230624503,0.04706282913684845
13,350,5,0.01,92,0.9960954189300537,0.003980604466050863,0.06309203171598504,0.06564179062843323
13,350,5,0.01,93,0.9962641596794128,0.003808562643826008,0.06171355316157066,0.12989747524261475
13,350,5,0.01,94,0.9956294894218445,0.004455565940588713,0.06675002577219512,0.05299345403909683
13,350,5,0.01,95,0.9966195821762085,0.0034461813047528267,0.05870418472947927,0.10065872967243195
13,350,5,0.01,96,0.996048092842102,0.004028812050819397,0.06347292376139134,0.08245334774255753
13,350,5,0.01,97,0.9966925382614136,0.0033718531485646963,0.058067660092040015,0.05704212188720703
13,350,5,0.01,98,0.9967604875564575,0.0033025508746504784,0.0574678246904342,0.07772121578454971
13,350,5,0.01,99,0.9965200424194336,0.0035476689226925373,0.05956231126049876,0.05057802051305771
13,350,5,0.01,100,0.9967880845069885,0.003274410031735897,0.05722246090248039,0.05527590587735176
14,350,5,0.01,1,0.9818289279937744,0.018524710088968277,0.13610551086920866,0.33901432156562805
14,350,5,0.01,2,0.9877431392669678,0.012495405040681362,0.1117828477033993,0.25730055570602417
14,350,5,0.01,3,0.9915665984153748,0.008597553707659245,0.0927229944925165,0.2485443502664566
14,350,5,0.01,4,0.9909129738807678,0.009263912215828896,0.09624921929984105,0.2228929102420807
14,350,5,0.01,5,0.9947955012321472,0.005305811762809753,0.07284100330727024,0.19848893582820892
14,350,5,0.01,6,0.9940340518951416,0.006082048639655113,0.07798749027667908,0.18938156962394714
14,350,5,0.01,7,0.9948940873146057,0.005205295514315367,0.07214773395135406,0.20751093327999115
14,350,5,0.01,8,0.9950224161148071,0.005074482876807451,0.07123540465812946,0.17214521765708923
14,350,5,0.01,9,0.993908166885376,0.00621037045493722,0.0788059036807346,0.19154131412506104
14,350,5,0.01,10,0.9940482974052429,0.006067520938813686,0.07789429336487806,0.16688032448291779
14,350,5,0.01,11,0.9922196865081787,0.00793174933642149,0.08906036905617161,0.23011110723018646
14,350,5,0.01,12,0.9926297068595886,0.007513727527111769,0.08668176006007128,0.17098179459571838
14,350,5,0.01,13,0.992522120475769,0.0076233986765146255,0.08731207634980756,0.15732955932617188
14,350,5,0.01,14,0.9933765530586243,0.006752332206815481,0.08217257575867681,0.135033518075943
14,350,5,0.01,15,0.9884392023086548,0.011785787530243397,0.10856236700737229,0.19783984124660492
14,350,5,0.01,16,0.9920021891593933,0.008153451606631279,0.09029646508380756,0.17555584013462067
14,350,5,0.01,17,0.9942465424537659,0.005865444429218769,0.07658618954628027,0.1155700609087944
14,350,5,0.01,18,0.9885790944099426,0.011643174104392529,0.1079035407407585,0.18722477555274963
14,350,5,0.01,19,0.9933262467384338,0.006803673226386309,0.08248438171185081,0.10532645136117935
14,350,5,0.01,20,0.9934389591217041,0.0066887508146464825,0.0817847835153122,0.11508127301931381
14,350,5,0.01,21,0.9928749799728394,0.007263717241585255,0.08522744418076407,0.11989160627126694
14,350,5,0.01,22,0.9885410070419312,0.011681991629302502,0.10808326248454245,0.14156067371368408
14,350,5,0.01,23,0.9904671311378479,0.00971843209117651,0.09858210837254654,0.16709725558757782
14,350,5,0.01,24,0.9926604628562927,0.007482361514121294,0.0865006445878948,0.19398178160190582
14,350,5,0.01,25,0.9930331110954285,0.0071024964563548565,0.08427631017287632,0.10848340392112732
14,350,5,0.01,26,0.9939255118370056,0.0061927177011966705,0.07869382250975403,0.12700623273849487
14,350,5,0.01,27,0.9930045008659363,0.007131658494472504,0.08444914738748109,0.11274348199367523
14,350,5,0.01,28,0.9935882091522217,0.006536602508276701,0.08084925793275224,0.15458878874778748
14,350,5,0.01,29,0.9944496750831604,0.005658366251736879,0.07522211278431948,0.1317465454339981
14,350,5,0.01,30,0.9929115772247314,0.007226404268294573,0.08500826000039392,0.11723780632019043
14,350,5,0.01,31,0.9938958287239075,0.006222971249371767,0.07888581145790266,0.14163440465927124
14,350,5,0.01,32,0.9957009553909302,0.00438271788880229,0.06620209882475245,0.09623045474290848
14,350,5,0.01,33,0.9941092729568481,0.006005408242344856,0.07749456911516352,0.09836302697658539
14,350,5,0.01,34,0.996023416519165,0.004053969867527485,0.06367079289224759,0.12580633163452148
14,350,5,0.01,35,0.9972821474075317,0.0027707333210855722,0.05263775566155506,0.09152829647064209
14,350,5,0.01,36,0.9971644878387451,0.0028907216619700193,0.053765431849563144,0.07682845741510391
14,350,5,0.01,37,0.9968480467796326,0.0032133078202605247,0.05668604608067602,0.09751424193382263
14,350,5,0.01,38,0.9922594428062439,0.007891222834587097,0.0888325550380439,0.16009247303009033
14,350,5,0.01,39,0.9959277510643005,0.004151484463363886,0.06443201427368142,0.11689993739128113
14,350,5,0.01,40,0.9970071911811829,0.0030510667711496353,0.05523646233376677,0.08261454105377197
14,350,5,0.01,41,0.9976189136505127,0.0024274378083646297,0.049269034985116464,0.0853409543633461
14,350,5,0.01,42,0.9945560097694397,0.00554993562400341,0.07449789006410457,0.11662761121988297
14,350,5,0.01,43,0.9977799654006958,0.0022632544860243797,0.04757367429602616,0.07833363860845566
14,350,5,0.01,44,0.9977370500564575,0.0023069765884429216,0.048030996121701676,0.11463554203510284
14,350,5,0.01,45,0.9970628619194031,0.0029942826367914677,0.054720038713358635,0.11054473370313644
14,350,5,0.01,46,0.9982507228851318,0.0017833386082202196,0.0422295939859741,0.07941997051239014
14,350,5,0.01,47,0.9977839589118958,0.002259192056953907,0.047530958931562776,0.08443964272737503
14,350,5,0.01,48,0.9982323050498962,0.0018020860152319074,0.04245098367802456,0.0862017422914505
14,350,5,0.01,49,0.9986634850502014,0.0013625576393678784,0.03691283840844373,0.0817500501871109
14,350,5,0.01,50,0.9986704587936401,0.0013554004253819585,0.036815763273113845,0.10650496929883957
14,350,5,0.01,51,0.998168408870697,0.001867214567027986,0.043211278238765236,0.08497965335845947
14,350,5,0.01,52,0.9972835779190063,0.002769273240119219,0.05262388469240197,0.11702363938093185
14,350,5,0.01,53,0.9964900612831116,0.003578226314857602,0.05981827743138047,0.1217198595404625
14,350,5,0.01,54,0.9985777735710144,0.001449895789846778,0.038077497158384474,0.07068976759910583
14,350,5,0.01,55,0.9978295564651489,0.002212709980085492,0.04703945131573595,0.09808098524808884
14,350,5,0.01,56,0.998495876789093,0.0015333900228142738,0.03915852426757518,0.10029688477516174
14,350,5,0.01,57,0.9984293580055237,0.0016012229025363922,0.0400152833619405,0.08987949043512344
14,350,5,0.01,58,0.9987264275550842,0.0012983795022591949,0.03603303348677703,0.06826156377792358
14,350,5,0.01,59,0.9983378648757935,0.001694495091214776,0.04116424530116854,0.08857173472642899
14,350,5,0.01,60,0.9984183311462402,0.0016124354442581534,0.04015514218948992,0.08297395706176758
14,350,5,0.01,61,0.9985560178756714,0.0014720881590619683,0.038367801071497024,0.1178186759352684
14,350,5,0.01,62,0.997838020324707,0.002204085234552622,0.04694768614695107,0.09672754257917404
14,350,5,0.01,63,0.9985681176185608,0.0014597581466659904,0.03820678142249083,0.0891294926404953
14,350,5,0.01,64,0.9965469837188721,0.0035202493891119957,0.05933168958585282,0.1260063648223877
14,350,5,0.01,65,0.995853841304779,0.004226880148053169,0.06501446106869739,0.10716184228658676
14,350,5,0.01,66,0.9972022175788879,0.0028522079810500145,0.05340606689365932,0.08438872545957565
14,350,5,0.01,67,0.9962788820266724,0.003793515497818589,0.061591521314370776,0.07083958387374878
14,350,5,0.01,68,0.9963542819023132,0.003716651815921068,0.0609643487287535,0.0744616687297821
14,350,5,0.01,69,0.9961132407188416,0.003962401300668716,0.0629476075849489,0.07325302064418793
14,350,5,0.01,70,0.9953063130378723,0.004785019438713789,0.0691738349284886,0.11383383721113205
14,350,5,0.01,71,0.9957902431488037,0.0042916941456496716,0.06551102308504785,0.09717530012130737
14,350,5,0.01,72,0.993068277835846,0.007066662423312664,0.08406344284712984,0.1875242292881012
14,350,5,0.01,73,0.9966492056846619,0.0034160232171416283,0.0584467554030301,0.10298669338226318
14,350,5,0.01,74,0.9971061944961548,0.0029501428361982107,0.05431521735387065,0.06479085981845856
14,350,5,0.01,75,0.9963655471801758,0.003705176990479231,0.06087016502753406,0.08864026516675949
14,350,5,0.01,76,0.9967520236968994,0.003311202162876725,0.05754304617307573,0.09091632813215256
14,350,5,0.01,77,0.9944031238555908,0.005705786403268576,0.07553665602387079,0.12110978364944458
14,350,5,0.01,78,0.9973747730255127,0.002676305826753378,0.05173302452740781,0.0934455469250679
14,350,5,0.01,79,0.997164249420166,0.0028909356333315372,0.05376742167271495,0.06706767529249191
14,350,5,0.01,80,0.9947471618652344,0.005355087574571371,0.07317846387135611,0.10587895661592484
14,350,5,0.01,81,0.9986048936843872,0.0014222708996385336,0.03771300703521974,0.13337484002113342
14,350,5,0.01,82,0.9986817836761475,0.0013438690220937133,0.036658819158474173,0.09355038404464722
14,350,5,0.01,83,0.9985028505325317,0.001526296604424715,0.03906784617079261,0.09516261518001556
14,350,5,0.01,84,0.9985338449478149,0.0014947070740163326,0.03866144169604042,0.06281279027462006
14,350,5,0.01,85,0.99796462059021,0.0020750039257109165,0.045552210985976484,0.07643584907054901
14,350,5,0.01,86,0.9984554052352905,0.0015746726421639323,0.03968214513057393,0.07891171425580978
14,350,5,0.01,87,0.9978253245353699,0.002217024564743042,0.04708529032238245,0.08312668651342392
14,350,5,0.01,88,0.9985716938972473,0.0014560995623469353,0.038158872655608356,0.06775501370429993
14,350,5,0.01,89,0.9972921013832092,0.002760626608505845,0.05254166545234215,0.08262278139591217
14,350,5,0.01,90,0.9965570569038391,0.0035099515225738287,0.05924484384799937,0.0770547017455101
14,350,5,0.01,91,0.9973176121711731,0.002734576817601919,0.05229318136814703,0.0670534148812294
14,350,5,0.01,92,0.9956759214401245,0.0044082654640078545,0.066394769854318,0.0883023664355278
14,350,5,0.01,93,0.9976162314414978,0.0024301675148308277,0.04929672925084207,0.09569547325372696
14,350,5,0.01,94,0.9983819723129272,0.00164950976613909,0.04061415721320695,0.07219817489385605
14,350,5,0.01,95,0.9894804358482361,0.010724329389631748,0.10355833809805827,0.22630959749221802
14,350,5,0.01,96,0.9982308745384216,0.0018035292159765959,0.04246797871310331,0.07808952033519745
14,350,5,0.01,97,0.9969350695610046,0.0031245797872543335,0.05589794081407949,0.06516803056001663
14,350,5,0.01,98,0.9983305335044861,0.0017019381048157811,0.04125455253442681,0.07811367511749268
14,350,5,0.01,99,0.9971218705177307,0.0029341322369873524,0.054167630896942064,0.06207027658820152
14,350,5,0.01,100,0.9979543685913086,0.0020854175090789795,0.04566637175295383,0.07126636058092117
15,350,5,0.01,1,0.9898248910903931,0.010373150929808617,0.1018486668042769,0.2799667418003082
15,350,5,0.01,2,0.9932097792625427,0.006922370288521051,0.08320078298021631,0.2217879295349121
15,350,5,0.01,3,0.9951028227806091,0.004992462228983641,0.07065735792529777,0.14365968108177185
15,350,5,0.01,4,0.9951021075248718,0.004993247799575329,0.07066291672139871,0.1590818166732788
15,350,5,0.01,5,0.9922744035720825,0.00787593424320221,0.08874646045450044,0.24878329038619995
15,350,5,0.01,6,0.9554423093795776,0.04542491212487221,0.21313120870691887,0.35283541679382324
15,350,5,0.01,7,0.9942176342010498,0.005894900299608707,0.0767782540802323,0.12427210062742233
15,350,5,0.01,8,0.9964392781257629,0.0036300045903772116,0.06024951942030087,0.11348821967840195
15,350,5,0.01,9,0.9957149028778076,0.004368507768958807,0.06609468790272639,0.10114126652479172
15,350,5,0.01,10,0.996477484703064,0.0035910748410969973,0.05992557751992881,0.10703670978546143
15,350,5,0.01,11,0.994451642036438,0.005656335968524218,0.07520861631837285,0.11524488776922226
15,350,5,0.01,12,0.9962989091873169,0.003773150499910116,0.06142597577499373,0.11553774774074554
15,350,5,0.01,13,0.9965288639068604,0.0035386872477829456,0.05948686617887133,0.14227870106697083
15,350,5,0.01,14,0.9970948100090027,0.0029617538675665855,0.05442199801152642,0.10298684984445572
15,350,5,0.01,15,0.9973345398902893,0.0027173245325684547,0.05212796305792559,0.11903542280197144
15,350,5,0.01,16,0.9959995746612549,0.00407830998301506,0.06386164719935636,0.14468413591384888
15,350,5,0.01,17,0.9965576529502869,0.003509319620206952,0.059239510634431745,0.14902907609939575
15,350,5,0.01,18,0.9965001940727234,0.0035679019056260586,0.05973191697598578,0.16955024003982544
15,350,5,0.01,19,0.9954627156257629,0.004625617526471615,0.06801189253705277,0.15234410762786865
15,350,5,0.01,20,0.9974133968353271,0.002636973513290286,0.05135147041020623,0.08291155099868774
15,350,5,0.01,21,0.9947174787521362,0.005385365337133408,0.07338504845766206,0.1286836415529251
15,350,5,0.01,22,0.9980140924453735,0.002024546731263399,0.04499496339884498,0.07364793121814728
15,350,5,0.01,23,0.9982907176017761,0.0017425346886739135,0.041743678427684276,0.07874570041894913
15,350,5,0.01,24,0.9976850152015686,0.002360066631808877,0.04858051699816375,0.10546785593032837
15,350,5,0.01,25,0.9980253577232361,0.0020130511838942766,0.044867038947252545,0.060570746660232544
15,350,5,0.01,26,0.9931033849716187,0.007030855864286423,0.08385019895197877,0.23892326653003693
15,350,5,0.01,27,0.9963711500167847,0.0036994849797338247,0.06082339171514381,0.09061796218156815
15,350,5,0.01,28,0.9966694116592407,0.0033954051323235035,0.05827010496235187,0.09147994965314865
15,350,5,0.01,29,0.9965792894363403,0.0034873075783252716,0.059053429860807166,0.06755895167589188
15,350,5,0.01,30,0.9972205758094788,0.0028335333336144686,0.05323094338459979,0.07651616632938385
15,350,5,0.01,31,0.9968874454498291,0.0031731068156659603,0.05633033654848833,0.06493104994297028
15,350,5,0.01,32,0.9969890117645264,0.003069609170779586,0.05540405373959189,0.08827736973762512
15,350,5,0.01,33,0.9974446892738342,0.002605042653158307,0.05103961846603389,0.06655751913785934
15,350,5,0.01,34,0.9978991150856018,0.002141777891665697,0.04627934627526298,0.0707559585571289
15,350,5,0.01,35,0.9975448250770569,0.002502953168004751,0.05002952296399348,0.07154469937086105
15,350,5,0.01,36,0.998085618019104,0.0019516668980941176,0.04417767420421901,0.07002439349889755
15,350,5,0.01,37,0.9978037476539612,0.00223899120464921,0.047317979718593334,0.07420811057090759
15,350,5,0.01,38,0.9984113574028015,0.0016195446951314807,0.040243567127324596,0.056819163262844086
15,350,5,0.01,39,0.9986343383789062,0.0013922647340223193,0.03731306385198513,0.06254827976226807
15,350,5,0.01,40,0.9987393021583557,0.0012852541403844953,0.035850441285770744,0.0609116330742836
15,350,5,0.01,41,0.9983835220336914,0.0016479649348184466,0.04059513437369615,0.07614423334598541
15,350,5,0.01,42,0.9983841180801392,0.001647324999794364,0.04058725169057846,0.07060924172401428
15,350,5,0.01,43,0.9965629577636719,0.0035039356444031,0.05919405075176981,0.14413943886756897
15,350,5,0.01,44,0.9982078075408936,0.0018270856235176325,0.04274442213339224,0.09661447256803513
15,350,5,0.01,45,0.9988481402397156,0.001174264238215983,0.03426753913277087,0.06403419375419617
15,350,5,0.01,46,0.9962437152862549,0.0038293986581265926,0.0618821352098212,0.12638573348522186
15,350,5,0.01,47,0.9984090924263,0.0016219005919992924,0.040272826968059894,0.06448877602815628
15,350,5,0.01,48,0.9988818764686584,0.0011398765491321683,0.03376205783319743,0.06141319125890732
15,350,5,0.01,49,0.9983643889427185,0.0016674355138093233,0.04083424437661757,0.06368836760520935
15,350,5,0.01,50,0.9925081729888916,0.007637655828148127,0.08739368299910541,0.2090662717819214
15,350,5,0.01,51,0.9972929358482361,0.002759752096608281,0.052533342713064445,0.13536007702350616
15,350,5,0.01,52,0.9987861514091492,0.001237492891959846,0.03517801716924713,0.06472039967775345
15,350,5,0.01,53,0.9986208081245422,0.001406037830747664,0.037497170969923374,0.07122086733579636
15,350,5,0.01,54,0.9989227056503296,0.0010982791427522898,0.03314029485011094,0.08885250240564346
15,350,5,0.01,55,0.9988309741020203,0.0011917689116671681,0.03452200619412447,0.07239241153001785
15,350,5,0.01,56,0.9991015791893005,0.0009158953907899559,0.03026376365870504,0.06966367363929749
15,350,5,0.01,57,0.9989379048347473,0.0010827735532075167,0.03290552466087597,0.08700894564390182
15,350,5,0.01,58,0.9990758299827576,0.0009421827271580696,0.030694995148363675,0.07093629986047745
15,350,5,0.01,59,0.9987544417381287,0.0012697975616902113,0.03563421897123903,0.08458708226680756
15,350,5,0.01,60,0.999222457408905,0.0007926856633275747,0.02815467391620039,0.0708799883723259
15,350,5,0.01,61,0.9820854067802429,0.01826326921582222,0.13514166350841705,0.3327023684978485
15,350,5,0.01,62,0.9975882768630981,0.0024586415383964777,0.049584690564694237,0.09532935917377472
15,350,5,0.01,63,0.9978961944580078,0.002144733676686883,0.04631126943506173,0.09767384827136993
15,350,5,0.01,64,0.9983265995979309,0.0017059772508218884,0.041303477466454186,0.08336251229047775
15,350,5,0.01,65,0.9983268976211548,0.0017056389478966594,0.0412993819311701,0.07548472285270691
15,350,5,0.01,66,0.9983583092689514,0.0016736697871237993,0.04091050949479607,0.07852073758840561
15,350,5,0.01,67,0.9983606934547424,0.0016711883945390582,0.04088017116572604,0.06153378635644913
15,350,5,0.01,68,0.998835563659668,0.0011870823800563812,0.034454061880370236,0.06568849831819534
15,350,5,0.01,69,0.998909592628479,0.0011116022942587733,0.033340700266472706,0.05767083168029785
15,350,5,0.01,70,0.9990474581718445,0.000971052679233253,0.031161718168824598,0.059007514268159866
15,350,5,0.01,71,0.9989455342292786,0.0010749677894636989,0.03278670141175685,0.06955867260694504
15,350,5,0.01,72,0.9984465837478638,0.001583628123626113,0.03979482533729873,0.0785081759095192
15,350,5,0.01,73,0.9991215467453003,0.0008955372031778097,0.029925527617367245,0.06465571373701096
15,350,5,0.01,74,0.9986050128936768,0.001422127359546721,0.03771110392903821,0.06316705793142319
15,350,5,0.01,75,0.9981536269187927,0.0018823331920430064,0.0433858639656168,0.12294819951057434
15,350,5,0.01,76,0.9991035461425781,0.0009138990426436067,0.03023076318328081,0.0683283805847168
15,350,5,0.01,77,0.9991273283958435,0.0008896532817743719,0.029827056203627803,0.08990971744060516
15,350,5,0.01,78,0.9992691874504089,0.0007450517732650042,0.027295636524268932,0.053210046142339706
15,350,5,0.01,79,0.9993411898612976,0.0006716425996273756,0.02591606836746993,0.06716091930866241
15,350,5,0.01,80,0.9991376399993896,0.0008791709551587701,0.0296508171077758,0.07064466178417206
15,350,5,0.01,81,0.9990578293800354,0.0009604925871826708,0.030991814841707332,0.07943183183670044
15,350,5,0.01,82,0.9986653923988342,0.0013605724088847637,0.03688593782032339,0.06401755660772324
15,350,5,0.01,83,0.9980648159980774,0.001972877886146307,0.04441709002339423,0.11332640051841736
15,350,5,0.01,84,0.9983951449394226,0.0016360623994842172,0.04044826818893755,0.06538258492946625
15,350,5,0.01,85,0.9987850189208984,0.0012386079179123044,0.035193861935177054,0.06291300803422928
15,350,5,0.01,86,0.9990721940994263,0.0009458513814024627,0.030754696899863324,0.06592899560928345
15,350,5,0.01,87,0.999029278755188,0.000989602878689766,0.03145795414024513,0.04841083660721779
15,350,5,0.01,88,0.9990636110305786,0.0009546173387207091,0.0308968823462936,0.06366162747144699
15,350,5,0.01,89,0.996691882610321,0.0033724901732057333,0.05807314502595613,0.11155357956886292
15,350,5,0.01,90,0.9982746839523315,0.001758911064825952,0.04193937368185119,0.09860675781965256
15,350,5,0.01,91,0.9987364411354065,0.0012881389120593667,0.035890652154277815,0.08407017588615417
15,350,5,0.01,92,0.9988792538642883,0.0011425719130784273,0.0338019513205736,0.085254967212677
15,350,5,0.01,93,0.9985987544059753,0.001428488059900701,0.037795344420982604,0.05799778178334236
15,350,5,0.01,94,0.9985380172729492,0.001490465714596212,0.038606550151447254,0.0858919769525528
15,350,5,0.01,95,0.9984350204467773,0.0015954184345901012,0.03994268937603102,0.08444350957870483
15,350,5,0.01,96,0.9985443949699402,0.0014839584473520517,0.038522181238243136,0.060355622321367264
15,350,5,0.01,97,0.9984216690063477,0.001609046827070415,0.04011292593504512,0.08196506649255753
15,350,5,0.01,98,0.9987699389457703,0.0012539942981675267,0.035411781911780814,0.06617143005132675
15,350,5,0.01,99,0.9982777833938599,0.0017557523678988218,0.04190169886649969,0.06803914159536362
15,350,5,0.01,100,0.9986844062805176,0.0013411720283329487,0.03662201562356923,0.05730414018034935
16,350,5,0.01,1,0.9874598383903503,0.012784249149262905,0.11306745397886567,0.3781525492668152
16,350,5,0.01,2,0.9931150674819946,0.007018920499831438,0.08377899796387779,0.23446154594421387
16,350,5,0.01,3,0.9943728446960449,0.005736690945923328,0.07574094629672466,0.1798567771911621
16,350,5,0.01,4,0.9954333901405334,0.004655460361391306,0.06823093405040932,0.17114578187465668
16,350,5,0.01,5,0.9949954748153687,0.0051019019447267056,0.07142759932075769,0.18228702247142792
16,350,5,0.01,6,0.9954224228858948,0.0046666646376252174,0.06831299025533297,0.1416548639535904
16,350,5,0.01,7,0.9969292283058167,0.003130529308691621,0.055951133220799205,0.13487698137760162
16,350,5,0.01,8,0.9971993565559387,0.002855182159692049,0.05343390458961472,0.14176881313323975
16,350,5,0.01,9,0.9976018071174622,0.002444889396429062,0.04944582284105566,0.141692653298378
16,350,5,0.01,10,0.9975825548171997,0.002464496297761798,0.049643693433927716,0.1099041998386383
16,350,5,0.01,11,0.997633159160614,0.0024128849618136883,0.049121125412735486,0.1399182230234146
16,350,5,0.01,12,0.9974034428596497,0.0026471188757568598,0.051450159142191774,0.1350381225347519
16,350,5,0.01,13,0.9983741044998169,0.0016575141344219446,0.0407125795599093,0.10227102041244507
16,350,5,0.01,14,0.99867844581604,0.0013472640421241522,0.036705095587999115,0.10788324475288391
16,350,5,0.01,15,0.9988821148872375,0.0011396623449400067,0.03375888542206343,0.08787408471107483
16,350,5,0.01,16,0.9979377388954163,0.002102402737364173,0.04585196546893244,0.12201449275016785
16,350,5,0.01,17,0.9983693957328796,0.0016623378032818437,0.04077177704346284,0.11027862876653671
16,350,5,0.01,18,0.9981460571289062,0.0018900363938882947,0.04347454880603472,0.12577193975448608
16,350,5,0.01,19,0.9988798499107361,0.0011419663205742836,0.0337929921814314,0.08670798689126968
16,350,5,0.01,20,0.9982321858406067,0.001802239567041397,0.04245279221725465,0.21666663885116577
16,350,5,0.01,21,0.9988076686859131,0.0012155643198639154,0.0348649439962825,0.09570720791816711
16,350,5,0.01,22,0.9990088939666748,0.0010103784734383225,0.031786451098515585,0.08855414390563965
16,350,5,0.01,23,0.9988864660263062,0.001135181519202888,0.03369245492989325,0.0880013257265091
16,350,5,0.01,24,0.998954176902771,0.0010661830892786384,0.03265245916127357,0.08655700087547302
16,350,5,0.01,25,0.9989030361175537,0.0011182846501469612,0.03344076330090211,0.08695857226848602
16,350,5,0.01,26,0.9989334940910339,0.00108725402969867,0.03297353529269602,0.09801646322011948
16,350,5,0.01,27,0.999008297920227,0.001011020503938198,0.03179654861676339,0.09308228641748428
16,350,5,0.01,28,0.9992250204086304,0.0007900713826529682,0.02810820845683638,0.07392609119415283
16,350,5,0.01,29,0.9990940093994141,0.0009236453333869576,0.03039153390974134,0.08917970955371857
16,350,5,0.01,30,0.9983612895011902,0.0016706101596355438,0.040873098238762666,0.10953487455844879
16,350,5,0.01,31,0.999092698097229,0.0009249707218259573,0.030413331317465986,0.09366900473833084
16,350,5,0.01,32,0.9991397261619568,0.0008770463755354285,0.029614968774851487,0.09243050217628479
16,350,5,0.01,33,0.9986783266067505,0.0013473982689902186,0.03670692399248701,0.1058599054813385
16,350,5,0.01,34,0.9979338645935059,0.002106322906911373,0.045894693668346594,0.1277702897787094
16,350,5,0.01,35,0.9991868138313293,0.0008290112600661814,0.02879255563624357,0.0738869309425354
16,350,5,0.01,36,0.9991851449012756,0.0008306855452246964,0.028821615937082646,0.07739455252885818
16,350,5,0.01,37,0.9989239573478699,0.0010969728464260697,0.03312058040593597,0.08162391185760498
16,350,5,0.01,38,0.9969865083694458,0.003072137013077736,0.05542686183681822,0.12051946669816971
16,350,5,0.01,39,0.9992495775222778,0.0007650337065570056,0.02765924269673712,0.08102436363697052
16,350,5,0.01,40,0.9989091157913208,0.0011121175484731793,0.0333484264767197,0.10289602726697922
16,350,5,0.01,41,0.9960179924964905,0.004059508442878723,0.06371427189318515,0.21924743056297302
16,350,5,0.01,42,0.9988905787467957,0.0011310186237096786,0.03363062032894545,0.0885235071182251
16,350,5,0.01,43,0.998008131980896,0.0020306154619902372,0.045062350826274446,0.15748131275177002
16,350,5,0.01,44,0.9978815913200378,0.0021596497390419245,0.046472031793778124,0.11539078503847122
16,350,5,0.01,45,0.9990684390068054,0.0009497222490608692,0.030817563970256787,0.08162172883749008
16,350,5,0.01,46,0.9985080361366272,0.001520998659543693,0.03899998281465895,0.14212453365325928
16,350,5,0.01,47,0.999060869216919,0.0009573829011060297,0.03094160469507084,0.07214800268411636
16,350,5,0.01,48,0.9977411031723022,0.002302831970155239,0.04798783148002459,0.12742088735103607
16,350,5,0.01,49,0.9987668395042419,0.001257175114005804,0.03545666529731475,0.07130805402994156
16,350,5,0.01,50,0.9989144802093506,0.0011066290317103267,0.033266034204730906,0.07458152621984482
16,350,5,0.01,51,0.9985479116439819,0.0014803475933149457,0.038475285487114264,0.08187888562679291
16,350,5,0.01,52,0.9988107681274414,0.0012123942142352462,0.034819451664769886,0.06826973706483841
16,350,5,0.01,53,0.9981403350830078,0.0018958705477416515,0.04354159560399287,0.08422236144542694
16,350,5,0.01,54,0.9987074732780457,0.0013176582287997007,0.03629956237752324,0.06636163592338562
16,350,5,0.01,55,0.9986059665679932,0.0014211505185812712,0.03769815006842207,0.0881357491016388
16,350,5,0.01,56,0.9981643557548523,0.0018713708268478513,0.04325934380972336,0.09281802177429199
16,350,5,0.01,57,0.9950879812240601,0.005007633939385414,0.07076463763339295,0.12426343560218811
16,350,5,0.01,58,0.9975018501281738,0.0025467530358582735,0.05046536471539935,0.12187229841947556
16,350,5,0.01,59,0.998214602470398,0.00182017358019948,0.04266349235821512,0.0738157331943512
16,350,5,0.01,60,0.9973347187042236,0.002717176917940378,0.0521265471515271,0.108525849878788
16,350,5,0.01,61,0.9979165196418762,0.002124055288732052,0.0460874743149595,0.05691766366362572
16,350,5,0.01,62,0.9948994517326355,0.005199790466576815,0.0721095726417569,0.10825047641992569
16,350,5,0.01,63,0.9946005940437317,0.00550451735034585,0.07419243458969284,0.08071888983249664
16,350,5,0.01,64,0.9941415786743164,0.005972445476800203,0.0772815985652484,0.0700954720377922
16,350,5,0.01,65,0.9945011138916016,0.005605930462479591,0.0748727618195001,0.07497059553861618
16,350,5,0.01,66,0.994583010673523,0.005522390827536583,0.07431279047066247,0.06944852322340012
16,350,5,0.01,67,0.9949021935462952,0.005197013262659311,0.07209031323735049,0.07630627602338791
16,350,5,0.01,68,0.9949076175689697,0.005191524978727102,0.07205223784676713,0.06079636141657829
16,350,5,0.01,69,0.9946534037590027,0.005450668279081583,0.07382864131948781,0.062048640102148056
16,350,5,0.01,70,0.9950618743896484,0.005034237634390593,0.07095236172524909,0.06068114936351776
16,350,5,0.01,71,0.9948124289512634,0.0052885315380990505,0.07272229051741323,0.0635375827550888
16,350,5,0.01,72,0.9949800372123718,0.005117691587656736,0.07153804293980047,0.06302870064973831
16,350,5,0.01,73,0.9940328598022461,0.006083279382437468,0.07799538051985815,0.059522099792957306
16,350,5,0.01,74,0.9942410588264465,0.005871052388101816,0.07662279287589181,0.07562302052974701
16,350,5,0.01,75,0.9936147928237915,0.006509501487016678,0.0806814816858037,0.06665679812431335
16,350,5,0.01,76,0.9946158528327942,0.005488936323672533,0.07408735603105657,0.06020009517669678
16,350,5,0.01,77,0.9941837787628174,0.005929449573159218,0.07700291925089085,0.07269657403230667
16,350,5,0.01,78,0.9930844902992249,0.007050115615129471,0.08396496659398771,0.07167685031890869
16,350,5,0.01,79,0.9935621023178101,0.006563170813024044,0.0810133989721703,0.06367949396371841
16,350,5,0.01,80,0.9929624795913696,0.00717447604984045,0.08470227889402061,0.07127095758914948
16,350,5,0.01,81,0.9938113689422607,0.006309083662927151,0.07942974041835432,0.07957721501588821
16,350,5,0.01,82,0.9902099967002869,0.009980525821447372,0.0999025816555677,0.11052477359771729
16,350,5,0.01,83,0.9936382174491882,0.006485580932348967,0.0805331045741375,0.06434193253517151
16,350,5,0.01,84,0.9928889274597168,0.007249470800161362,0.08514382420446806,0.07166696339845657
16,350,5,0.01,85,0.985529363155365,0.014752303250133991,0.12145905997550777,0.1981412172317505
16,350,5,0.01,86,0.9942058324813843,0.00590696232393384,0.07685676498483292,0.08815421164035797
16,350,5,0.01,87,0.9937102794647217,0.006412130780518055,0.08007578148552816,0.07683060318231583
16,350,5,0.01,88,0.9942730665206909,0.005838368088006973,0.07640921467995188,0.05943578481674194
16,350,5,0.01,89,0.9946908354759216,0.005412503611296415,0.07356971939117625,0.08987873047590256
16,350,5,0.01,90,0.9943954944610596,0.005713597871363163,0.07558834481163854,0.09230178594589233
16,350,5,0.01,91,0.9940257668495178,0.00609047943726182,0.07804152380151108,0.05156518518924713
16,350,5,0.01,92,0.9936788082122803,0.006444242782890797,0.08027604115108565,0.07589594274759293
16,350,5,0.01,93,0.9925965070724487,0.0075475675985217094,0.08687673795971917,0.08565286546945572
16,350,5,0.01,94,0.9935114979743958,0.006614784710109234,0.08133132674504477,0.062290970236063004
16,350,5,0.01,95,0.9942320585250854,0.005880182608962059,0.07668234874442788,0.060014691203832626
16,350,5,0.01,96,0.9835940599441528,0.01672523096203804,0.1293260645115208,0.17301039397716522
16,350,5,0.01,97,0.9937835335731506,0.006337466649711132,0.07960820717558668,0.09075836092233658
16,350,5,0.01,98,0.993310809135437,0.006819385103881359,0.08257956831978089,0.0501818023622036
16,350,5,0.01,99,0.9934605360031128,0.006666724570095539,0.0816500126766404,0.06645451486110687
16,350,5,0.01,100,0.9934088587760925,0.006719433236867189,0.08197214915364358,0.05386791750788689
17,350,5,0.01,1,0.9860574007034302,0.01421394757926464,0.11922226125713536,0.36074158549308777
17,350,5,0.01,2,0.9908252954483032,0.009353253990411758,0.09671222254922983,0.2724047303199768
17,350,5,0.01,3,0.9930968880653381,0.007037443574517965,0.0838894723700058,0.2541697323322296
17,350,5,0.01,4,0.9945339560508728,0.005572421010583639,0.07464865042707497,0.1946944147348404
17,350,5,0.01,5,0.9954842329025269,0.004603681620210409,0.06785043566706414,0.16468538343906403
17,350,5,0.01,6,0.9966621398925781,0.003402796806767583,0.05833349643873221,0.14903053641319275
17,350,5,0.01,7,0.9969053864479065,0.003154849400743842,0.05616804608266022,0.14014844596385956
17,350,5,0.01,8,0.996859610080719,0.003201521933078766,0.05658199301084017,0.1392686516046524
17,350,5,0.01,9,0.9962759613990784,0.0037964987568557262,0.06161573465321765,0.1660740226507187
17,350,5,0.01,10,0.9957677721977234,0.004314623773097992,0.06568579582450068,0.15287725627422333
17,350,5,0.01,11,0.9974634647369385,0.002585906768217683,0.05085181184793402,0.10498696565628052
17,350,5,0.01,12,0.9967765212059021,0.0032862001098692417,0.05732538800452416,0.11470600217580795
17,350,5,0.01,13,0.9966405034065247,0.003424898022785783,0.05852262829697401,0.1244029626250267
17,350,5,0.01,14,0.9968323707580566,0.0032293014228343964,0.056826942754598334,0.11738723516464233
17,350,5,0.01,15,0.9970546364784241,0.0030027080792933702,0.05479697144271178,0.11117267608642578
17,350,5,0.01,16,0.9960117936134338,0.004065857734531164,0.06376407871624246,0.11535204946994781
17,350,5,0.01,17,0.9953648447990417,0.004725383594632149,0.06874142560808692,0.14679178595542908
17,350,5,0.01,18,0.996845006942749,0.0032163846772164106,0.056713179043467586,0.11985043436288834
17,350,5,0.01,19,0.9970798492431641,0.0029769728425890207,0.054561642594308145,0.10999423265457153
17,350,5,0.01,20,0.997256338596344,0.00279706297442317,0.05288726665675936,0.10567250102758408
17,350,5,0.01,21,0.990486741065979,0.009698422625660896,0.09848056978745044,0.237687885761261
17,350,5,0.01,22,0.9960662126541138,0.004010334145277739,0.06332719909547349,0.09484175592660904
17,350,5,0.01,23,0.99615877866745,0.003915987443178892,0.06257785105913187,0.08085979521274567
17,350,5,0.01,24,0.9959374666213989,0.004141572397202253,0.06435504950819519,0.09109986573457718
17,350,5,0.01,25,0.9963245987892151,0.0037469067610800266,0.06121198216918013,0.08017905801534653
17,350,5,0.01,26,0.9963129162788391,0.0037588432896882296,0.06130940620890264,0.08985904604196548
17,350,5,0.01,27,0.996554970741272,0.003512091003358364,0.059262897358789035,0.08533691614866257
17,350,5,0.01,28,0.9955276846885681,0.004559366963803768,0.06752308467334536,0.10724282264709473
17,350,5,0.01,29,0.996120274066925,0.0039552669040858746,0.06289091273058353,0.08925686031579971
17,350,5,0.01,30,0.9963141083717346,0.0037576318718492985,0.061299525869694116,0.08210604637861252
17,350,5,0.01,31,0.995507538318634,0.004579893313348293,0.06767490903834518,0.1389462798833847
17,350,5,0.01,32,0.9953437447547913,0.004746875260025263,0.06889757078464569,0.13517963886260986
17,350,5,0.01,33,0.9953997731208801,0.004689773079007864,0.06848191789814202,0.10328654944896698
17,350,5,0.01,34,0.9956057071685791,0.0044797915033996105,0.06693124459771842,0.0759962871670723
17,350,5,0.01,35,0.99547278881073,0.004615348763763905,0.06793635818737935,0.08123594522476196
17,350,5,0.01,36,0.9950931072235107,0.00500241806730628,0.07072777436980666,0.07707417756319046
17,350,5,0.01,37,0.9957590103149414,0.004323524888604879,0.06575351616913638,0.0902010127902031
17,350,5,0.01,38,0.9952749013900757,0.0048170615918934345,0.06940505451257448,0.07029484957456589
17,350,5,0.01,39,0.9952859878540039,0.0048057567328214645,0.06932356549414827,0.08620750159025192
17,350,5,0.01,40,0.9724172949790955,0.028119519352912903,0.16768875738377007,0.7078797817230225
17,350,5,0.01,41,0.9939215183258057,0.006196803878992796,0.07871978073516717,0.12499073892831802
17,350,5,0.01,42,0.9929248094558716,0.007212905678898096,0.08492882713718644,0.10885573923587799
17,350,5,0.01,43,0.993741512298584,0.006380274426192045,0.07987662002233223,0.1012730747461319
17,350,5,0.01,44,0.9930039048194885,0.007132267113775015,0.0844527507768398,0.08509209007024765
17,350,5,0.01,45,0.9931430220603943,0.006990410387516022,0.08360867411648161,0.08802272379398346
17,350,5,0.01,46,0.9933006167411804,0.006829775404185057,0.08264245521634178,0.08248106390237808
17,350,5,0.01,47,0.9934866428375244,0.006640109699219465,0.08148686826243517,0.07616505026817322
17,350,5,0.01,48,0.9937240481376648,0.006398099474608898,0.07998812083433951,0.09226303547620773
17,350,5,0.01,49,0.9939591884613037,0.006158356089144945,0.07847519410071532,0.08178643882274628
17,350,5,0.01,50,0.993798553943634,0.006322135217487812,0.07951185582973028,0.08038008958101273
17,350,5,0.01,51,0.9943574666976929,0.00575236976146698,0.07584437857525751,0.07817795127630234
17,350,5,0.01,52,0.9943466186523438,0.005763404071331024,0.07591708682062967,0.0733896866440773
17,350,5,0.01,53,0.9949679374694824,0.0051299817860126495,0.07162389116777061,0.06784244626760483
17,350,5,0.01,54,0.9942391514778137,0.00587298721075058,0.07663541746966986,0.0717395469546318
17,350,5,0.01,55,0.9948128461837769,0.005288129672408104,0.0727195274490154,0.07406775653362274
17,350,5,0.01,56,0.9936872720718384,0.0064356024377048016,0.08022220663697055,0.07260449230670929
17,350,5,0.01,57,0.9950388073921204,0.005057734902948141,0.07111775378165526,0.07797770947217941
17,350,5,0.01,58,0.9948254227638245,0.005275301169604063,0.07263126853913583,0.0797811970114708
17,350,5,0.01,59,0.9941434860229492,0.0059705073945224285,0.07726905845500143,0.0792609378695488
17,350,5,0.01,60,0.9938613176345825,0.006258165929466486,0.07910857051841151,0.09005681425333023
17,350,5,0.01,61,0.9941903352737427,0.005922710057348013,0.07695914537823308,0.0816483348608017
17,350,5,0.01,62,0.994542121887207,0.005564107093960047,0.0745929426551872,0.06705187261104584
17,350,5,0.01,63,0.9941750168800354,0.0059383525513112545,0.07706070692195377,0.06541131436824799
17,350,5,0.01,64,0.9946736097335815,0.005430069752037525,0.073689006995871,0.0717323049902916
17,350,5,0.01,65,0.9947585463523865,0.005343466531485319,0.07309901867662329,0.0679793581366539
17,350,5,0.01,66,0.994684100151062,0.005419367458671331,0.07361635320138679,0.10697311162948608
17,350,5,0.01,67,0.994327187538147,0.005783249624073505,0.07604767993879567,0.06836336851119995
17,350,5,0.01,68,0.9956160187721252,0.004469331819564104,0.06685306140756835,0.09006442874670029
17,350,5,0.01,69,0.9942384958267212,0.005873652640730143,0.0766397588770355,0.07258863747119904
17,350,5,0.01,70,0.9953804612159729,0.004709448199719191,0.06862541948665371,0.06785545498132706
17,350,5,0.01,71,0.9956689476966858,0.004415351431816816,0.06644811082203027,0.073780357837677
17,350,5,0.01,72,0.9955710172653198,0.004515203647315502,0.06719526506618977,0.06757397949695587
17,350,5,0.01,73,0.9947309494018555,0.005371585488319397,0.07329110101724082,0.06890200823545456
17,350,5,0.01,74,0.9813438653945923,0.01901925541460514,0.13791031656335628,0.41737374663352966
17,350,5,0.01,75,0.9940829277038574,0.00603222893550992,0.07766742518913525,0.1275893598794937
17,350,5,0.01,76,0.9951468706130981,0.004947608802467585,0.0703392408436968,0.07182377576828003
17,350,5,0.01,77,0.9953078627586365,0.004783486947417259,0.06916275693910169,0.07390346378087997
17,350,5,0.01,78,0.9954493641853333,0.004639221355319023,0.0681118297751501,0.06858932971954346
17,350,5,0.01,79,0.9955150485038757,0.004572269041091204,0.06761855544960424,0.06023506447672844
17,350,5,0.01,80,0.9957354664802551,0.004347539506852627,0.0659358742025358,0.06216265633702278
17,350,5,0.01,81,0.9959399104118347,0.004139102064073086,0.06433585364377382,0.0629667341709137
17,350,5,0.01,82,0.99567711353302,0.0044070277363061905,0.06638544822704891,0.06127123162150383
17,350,5,0.01,83,0.9955810308456421,0.004504954908043146,0.06711896086832056,0.06800151616334915
17,350,5,0.01,84,0.9958435297012329,0.004237361252307892,0.06509501710813119,0.060744963586330414
17,350,5,0.01,85,0.994961678981781,0.005136377178132534,0.07166852292417177,0.09020823985338211
17,350,5,0.01,86,0.9952373504638672,0.004855368752032518,0.06968047611800969,0.06056347116827965
17,350,5,0.01,87,0.9955900311470032,0.004495787899941206,0.06705063683471774,0.06376192718744278
17,350,5,0.01,88,0.9959750175476074,0.004103327635675669,0.0640572215731815,0.05902877077460289
17,350,5,0.01,89,0.9921275973320007,0.00802563689649105,0.08958591907488057,0.08825934678316116
17,350,5,0.01,90,0.9950124621391296,0.0050846291705966,0.07130658574491279,0.07687359303236008
17,350,5,0.01,91,0.9955939650535583,0.004491790197789669,0.06702081913696421,0.056626614183187485
17,350,5,0.01,92,0.9953183531761169,0.004772776272147894,0.06908528260163589,0.06357121467590332
17,350,5,0.01,93,0.9950829744338989,0.005012708716094494,0.07080048528149008,0.06454773247241974
17,350,5,0.01,94,0.9956439137458801,0.0044408636167645454,0.06663980504746803,0.06894034892320633
17,350,5,0.01,95,0.9963729381561279,0.003697638399899006,0.060808209971179104,0.0630822628736496
17,350,5,0.01,96,0.9962840676307678,0.0037882430478930473,0.0615487046808708,0.04694129526615143
17,350,5,0.01,97,0.9963840246200562,0.003686329582706094,0.06071515117914221,0.06536992639303207
17,350,5,0.01,98,0.9963700175285339,0.0037006258498877287,0.060832769539843644,0.09279606491327286
17,350,5,0.01,99,0.9962015748023987,0.0038723440375179052,0.062228161129169686,0.07061992585659027
17,350,5,0.01,100,0.9941185116767883,0.005995973013341427,0.07743366847400054,0.13103005290031433
18,350,5,0.01,1,0.9835355877876282,0.01678484119474888,0.12955632441046203,0.376103013753891
18,350,5,0.01,2,0.9937758445739746,0.0063452753238379955,0.07965723648130153,0.2724355161190033
18,350,5,0.01,3,0.995977520942688,0.00410079350695014,0.06403743832282908,0.1783570796251297
18,350,5,0.01,4,0.9967882037162781,0.0032743168994784355,0.057221647123081275,0.15161190927028656
18,350,5,0.01,5,0.9970965385437012,0.0029600001871585846,0.054405883754963344,0.16624529659748077
18,350,5,0.01,6,0.9969528913497925,0.003106385935097933,0.055734961515174056,0.16433140635490417
18,350,5,0.01,7,0.9980031251907349,0.0020357633475214243,0.04511943425533419,0.1632341593503952
18,350,5,0.01,8,0.9968994855880737,0.003160880645737052,0.05622170973687168,0.1655844748020172
18,350,5,0.01,9,0.9980234503746033,0.00201503187417984,0.04488910640879188,0.14261585474014282
18,350,5,0.01,10,0.997334361076355,0.0027175224386155605,0.05212986129480454,0.1474612057209015
18,350,5,0.01,11,0.9975072741508484,0.0025412687100470066,0.05041099790766898,0.13351167738437653
18,350,5,0.01,12,0.9959341287612915,0.004144998732954264,0.06438166457116702,0.13253682851791382
18,350,5,0.01,13,0.9972427487373352,0.002810922684147954,0.053018135426926835,0.15154050290584564
18,350,5,0.01,14,0.9975312948226929,0.0025167374406009912,0.0501670951979581,0.11934901028871536
18,350,5,0.01,15,0.9982163906097412,0.0018183209467679262,0.04264177466719609,0.1023988127708435
18,350,5,0.01,16,0.9819788336753845,0.01837191917002201,0.13554305282832466,0.22067509591579437
18,350,5,0.01,17,0.9973148107528687,0.002737444592639804,0.052320594345246156,0.20364084839820862
18,350,5,0.01,18,0.9978065490722656,0.002236116211861372,0.0472875904636869,0.10398797690868378
18,350,5,0.01,19,0.997943103313446,0.0020969414617866278,0.04579237340198287,0.12419657409191132
18,350,5,0.01,20,0.9982108473777771,0.001823951373808086,0.04270774372181333,0.11157327890396118
18,350,5,0.01,21,0.9982709884643555,0.0017626784974709153,0.04198426487948688,0.11540288478136063
18,350,5,0.01,22,0.995397686958313,0.004691915586590767,0.0684975589827168,0.16406285762786865
18,350,5,0.01,23,0.9980992078781128,0.0019377992721274495,0.04402044152581218,0.11510299146175385
18,350,5,0.01,24,0.9985049962997437,0.0015241042710840702,0.039039778061408986,0.10112252831459045
18,350,5,0.01,25,0.9968715310096741,0.0031893530394881964,0.05647435736233035,0.12188971787691116
18,350,5,0.01,26,0.9981123805046082,0.001924349693581462,0.04386741038152881,0.11440133303403854
18,350,5,0.01,27,0.9983419179916382,0.0016903646755963564,0.04111404474867872,0.0898650512099266
18,350,5,0.01,28,0.9986944794654846,0.0013309274800121784,0.036481878789505595,0.08858511596918106
18,350,5,0.01,29,0.8897882103919983,0.11235684156417847,0.33519672069424916,0.4658803641796112
18,350,5,0.01,30,0.9969171285629272,0.003142861183732748,0.05606122709799303,0.1251719444990158
18,350,5,0.01,31,0.9973368644714355,0.0027149675879627466,0.05210535085730396,0.14375892281532288
18,350,5,0.01,32,0.9975264072418213,0.0025217337533831596,0.05021686721992084,0.09742220491170883
18,350,5,0.01,33,0.9976018071174622,0.0024448444601148367,0.049445368439469,0.1008954718708992
18,350,5,0.01,34,0.9978331327438354,0.0022090261336416006,0.04700027801664157,0.09250365942716599
18,350,5,0.01,35,0.9982981085777283,0.0017350128619000316,0.041653485591244724,0.08686156570911407
18,350,5,0.01,36,0.9981447458267212,0.0018913515377789736,0.04348967162188022,0.08699613064527512
18,350,5,0.01,37,0.9982227087020874,0.0018119127489626408,0.042566568442413126,0.09689856320619583
18,350,5,0.01,38,0.9986623525619507,0.0013637029333040118,0.03692834864036045,0.0904151052236557
18,350,5,0.01,39,0.9986938834190369,0.0013315364485606551,0.03649022401357184,0.07915299385786057
18,350,5,0.01,40,0.9981579780578613,0.001877875765785575,0.043334463949443,0.08536137640476227
18,350,5,0.01,41,0.9986735582351685,0.0013522625667974353,0.03677312288611664,0.09804083406925201
18,350,5,0.01,42,0.9984904527664185,0.001538903103210032,0.03922885549197213,0.0878109559416771
18,350,5,0.01,43,0.9983290433883667,0.0017034533666446805,0.04127291323186044,0.10074630379676819
18,350,5,0.01,44,0.9983392953872681,0.0016930460697039962,0.04114664105007839,0.09053748846054077
18,350,5,0.01,45,0.9985113739967346,0.0015176114393398166,0.038956532691447485,0.0981568992137909
18,350,5,0.01,46,0.9986602663993835,0.0013657808303833008,0.03695647210412949,0.08148747682571411
18,350,5,0.01,47,0.9985042810440063,0.0015248249983415008,0.03904900764861382,0.09094220399856567
18,350,5,0.01,48,0.9984734058380127,0.001556289498694241,0.039449835217580324,0.07509198039770126
18,350,5,0.01,49,0.9988176226615906,0.0012054065009579062,0.03471896457208806,0.06532254815101624
18,350,5,0.01,50,0.9984386563301086,0.0015917146811261773,0.03989629909059457,0.07994246482849121
18,350,5,0.01,51,0.9928994178771973,0.007238754071295261,0.08508086783346337,0.1481984704732895
18,350,5,0.01,52,0.9983301758766174,0.0017023339169099927,0.04125934944845826,0.07202727347612381
18,350,5,0.01,53,0.9980682730674744,0.0019693204667419195,0.04437702633955907,0.06469740718603134
18,350,5,0.01,54,0.9988318681716919,0.0011908827582374215,0.03450916919077336,0.07763557136058807
18,350,5,0.01,55,0.9987486600875854,0.0012757213553413749,0.03571724170959139,0.06692943722009659
18,350,5,0.01,56,0.9982734322547913,0.0017601933795958757,0.04195465861612838,0.12372691929340363
18,350,5,0.01,57,0.9967880845069885,0.003274402813985944,0.05722239783499066,0.1498335897922516
18,350,5,0.01,58,0.9983262419700623,0.0017063075210899115,0.0413074753657242,0.09784407168626785
18,350,5,0.01,59,0.9963635802268982,0.0037072051782160997,0.06088682269765848,0.10059841722249985
18,350,5,0.01,60,0.9988704323768616,0.0011515556834638119,0.033934579464961874,0.09887059032917023
18,350,5,0.01,61,0.9989758729934692,0.0010440810583531857,0.032312243164986015,0.0663936659693718
18,350,5,0.01,62,0.9991745948791504,0.0008414703188464046,0.029008107812237678,0.072825588285923
18,350,5,0.01,63,0.9992990493774414,0.0007146188290789723,0.026732355471955186,0.05897879973053932
18,350,5,0.01,64,0.9990469217300415,0.0009716580389067531,0.03117142985021305,0.07832296937704086
18,350,5,0.01,65,0.9986361861228943,0.0013903474900871515,0.03728736367842531,0.0761018916964531
18,350,5,0.01,66,0.9988704323768616,0.0011515776859596372,0.03393490365331302,0.060488488525152206
18,350,5,0.01,67,0.9979252219200134,0.0021151690743863583,0.04599096731301004,0.09570524096488953
18,350,5,0.01,68,0.9988626837730408,0.0011594259412959218,0.03405034421699613,0.0686149150133133
18,350,5,0.01,69,0.9988768100738525,0.0011450685560703278,0.0338388616249177,0.06446589529514313
18,350,5,0.01,70,0.9986358284950256,0.0013907062821090221,0.03729217454250988,0.0785696804523468
18,350,5,0.01,71,0.9986295104026794,0.0013971376465633512,0.03737830449021666,0.09266099333763123
18,350,5,0.01,72,0.9989205598831177,0.0011004193220287561,0.03317256881866034,0.07744227349758148
18,350,5,0.01,73,0.9989281296730042,0.0010927310213446617,0.03305648228932809,0.08375073224306107
18,350,5,0.01,74,0.9961931109428406,0.003881006734445691,0.06229772655920673,0.1582469344139099
18,350,5,0.01,75,0.9983523488044739,0.001679726061411202,0.04098446121899374,0.07201939821243286
18,350,5,0.01,76,0.9984045028686523,0.0016265501035377383,0.04033051082664015,0.08341918885707855
18,350,5,0.01,77,0.9986405372619629,0.0013858973979949951,0.037227642928273005,0.0652143806219101
18,350,5,0.01,78,0.9992486834526062,0.0007659407565370202,0.027675634708837667,0.06410948187112808
18,350,5,0.01,79,0.9989009499549866,0.001120429951697588,0.03347282407711647,0.0680440291762352
18,350,5,0.01,80,0.9989532232284546,0.0010671514319255948,0.0326672838161607,0.07970237731933594
18,350,5,0.01,81,0.9977412223815918,0.0023027576971799135,0.047987057600773084,0.08218827843666077
18,350,5,0.01,82,0.99884432554245,0.001178153557702899,0.03432424154592347,0.07726035267114639
18,350,5,0.01,83,0.9991163611412048,0.0009008243796415627,0.03001373651582826,0.08053653687238693
18,350,5,0.01,84,0.9992678165435791,0.0007464298396371305,0.027320868207967523,0.052578020840883255
18,350,5,0.01,85,0.9986338019371033,0.0013927697436884046,0.0373198304348828,0.06768748164176941
18,350,5,0.01,86,0.9983111619949341,0.001721732784062624,0.04149376801475884,0.10678870975971222
18,350,5,0.01,87,0.9986621141433716,0.0013639539247378707,0.036931746841137515,0.07198864966630936
18,350,5,0.01,88,0.9991307854652405,0.0008861338137649,0.029767999828085527,0.06348991394042969
18,350,5,0.01,89,0.9991708397865295,0.0008452818728983402,0.029073731664482634,0.06177639588713646
18,350,5,0.01,90,0.9991024732589722,0.0009149815305136144,0.03024866163177496,0.0775596871972084
18,350,5,0.01,91,0.9991781115531921,0.0008379083010368049,0.02894664576486894,0.0582190565764904
18,350,5,0.01,92,0.99930340051651,0.0007101721130311489,0.0266490546367249,0.05298415198922157
18,350,5,0.01,93,0.9991717338562012,0.0008443580009043217,0.029057838889090182,0.09264907985925674
18,350,5,0.01,94,0.9992165565490723,0.0007986703421920538,0.028260756221163894,0.06764490157365799
18,350,5,0.01,95,0.9935857653617859,0.006539069581776857,0.08086451373610588,0.1857967972755432
18,350,5,0.01,96,0.9991029500961304,0.0009145287331193686,0.030241176119975368,0.062456779181957245
18,350,5,0.01,97,0.9992133975028992,0.0008019012166187167,0.02831786038207542,0.061398740857839584
18,350,5,0.01,98,0.9988397359848022,0.0011828362476080656,0.03439238647735957,0.06177297234535217
18,350,5,0.01,99,0.999492883682251,0.0005170079530216753,0.022737808887878255,0.05006472021341324
18,350,5,0.01,100,0.9991647601127625,0.0008514692890457809,0.029179946693676136,0.0633573904633522
19,350,5,0.01,1,0.988463819026947,0.011760683730244637,0.1084466861192385,0.2511187195777893
19,350,5,0.01,2,0.9940302968025208,0.006085882894694805,0.07801206890407923,0.16704432666301727
19,350,5,0.01,3,0.9949144721031189,0.005184504669159651,0.07200350456165068,0.15983954071998596
19,350,5,0.01,4,0.9956286549568176,0.004456451628357172,0.06675665980527465,0.13898466527462006
19,350,5,0.01,5,0.9965443015098572,0.0035229527857154608,0.05935446727682307,0.1332436203956604
19,350,5,0.01,6,0.9934384226799011,0.006689257454127073,0.08178788085118158,0.1694357991218567
19,350,5,0.01,7,0.9957523345947266,0.0043303268030285835,0.06580521866104985,0.14038681983947754
19,350,5,0.01,8,0.9963805079460144,0.0036899216938763857,0.060744725646564454,0.11679577082395554
19,350,5,0.01,9,0.9958083629608154,0.004273218102753162,0.06536985622405149,0.11225594580173492
19,350,5,0.01,10,0.9895625710487366,0.010640587657690048,0.10315322417496241,0.2765766978263855
19,350,5,0.01,11,0.9925278425216675,0.007617614232003689,0.08727894495239782,0.11831124871969223
19,350,5,0.01,12,0.9922952651977539,0.007854712195694447,0.08862681420255636,0.13624270260334015
19,350,5,0.01,13,0.9922174215316772,0.007934019900858402,0.08907311547744584,0.10916098207235336
19,350,5,0.01,14,0.9936315417289734,0.006492381915450096,0.08057531827706357,0.11254814267158508
19,350,5,0.01,15,0.9931734800338745,0.006959393620491028,0.08342298017028059,0.12695664167404175
19,350,5,0.01,16,0.9928617477416992,0.007277179043740034,0.08530638337041394,0.10563171654939651
19,350,5,0.01,17,0.9942922592163086,0.005818846169859171,0.07628136187732341,0.08794037997722626
19,350,5,0.01,18,0.9930776357650757,0.0070570833049714565,0.08400644799639762,0.10595005750656128
19,350,5,0.01,19,0.9942191243171692,0.005893405061215162,0.07676851608058581,0.10677910596132278
19,350,5,0.01,20,0.9941166043281555,0.005997929722070694,0.07744630218461494,0.0891522765159607
19,350,5,0.01,21,0.9947867393493652,0.005314716603606939,0.0729021028750676,0.08776159584522247
19,350,5,0.01,22,0.9936911463737488,0.006431653629988432,0.08019759117322933,0.11599306017160416
19,350,5,0.01,23,0.9943222999572754,0.005788201000541449,0.07608022739543731,0.10286237299442291
19,350,5,0.01,24,0.9950740933418274,0.005021804478019476,0.07086469133510338,0.1014094278216362
19,350,5,0.01,25,0.9940029382705688,0.006113801151514053,0.07819079966028007,0.114555723965168
19,350,5,0.01,26,0.9945926070213318,0.005512607283890247,0.07424693450837043,0.10356684774160385
19,350,5,0.01,27,0.9877573251724243,0.012480929493904114,0.11171808042525665,0.17365549504756927
19,350,5,0.01,28,0.9924733638763428,0.007673096377402544,0.08759621211789094,0.12154567241668701
19,350,5,0.01,29,0.9935181140899658,0.006608060095459223,0.08128997536879454,0.2000409960746765
19,350,5,0.01,30,0.9951627254486084,0.004931411240249872,0.07022400757753627,0.07772299647331238
19,350,5,0.01,31,0.9936017394065857,0.006522767711430788,0.0807636534056675,0.1037721037864685
19,350,5,0.01,32,0.992225706577301,0.007925600744783878,0.0890258431287448,0.17300377786159515
19,350,5,0.01,33,0.9948536157608032,0.005246520973742008,0.07243287219033916,0.11081305891275406
19,350,5,0.01,34,0.9954949021339417,0.004592785146087408,0.06777009035029692,0.09108399599790573
19,350,5,0.01,35,0.9957465529441833,0.004336210899055004,0.06584991191379837,0.07441750168800354
19,350,5,0.01,36,0.9948409199714661,0.005259485449641943,0.0725223100131397,0.06509740650653839
19,350,5,0.01,37,0.9964512586593628,0.003617794718593359,0.06014810652542072,0.08238875865936279
19,350,5,0.01,38,0.9961049556732178,0.003970844205468893,0.06301463485150804,0.08142997324466705
19,350,5,0.01,39,0.9931599497795105,0.006973151117563248,0.08350539573921704,0.16621901094913483
19,350,5,0.01,40,0.9959357380867004,0.00414336659014225,0.06436898779802468,0.06617485731840134
19,350,5,0.01,41,0.9958897829055786,0.004190212581306696,0.0647318513662841,0.06826514005661011
19,350,5,0.01,42,0.9965224266052246,0.0035452672746032476,0.05954214704394903,0.06953124701976776
19,350,5,0.01,43,0.9968439340591431,0.0032175136730074883,0.05672313172778358,0.09512849897146225
19,350,5,0.01,44,0.9966467618942261,0.003418512409552932,0.05846804605554158,0.0865163803100586
19,350,5,0.01,45,0.9966550469398499,0.0034100578632205725,0.058395700725486395,0.08161307871341705
19,350,5,0.01,46,0.9967892169952393,0.003273298731073737,0.057212749724809914,0.08713974803686142
19,350,5,0.01,47,0.9974179267883301,0.0026323157362639904,0.051306098431511925,0.06173064932227135
19,350,5,0.01,48,0.9967538714408875,0.0033093036618083715,0.057526547452531614,0.0882675051689148
19,350,5,0.01,49,0.9969223141670227,0.0031375885009765625,0.05601418124882807,0.08033756911754608
19,350,5,0.01,50,0.9962692856788635,0.0038033206947147846,0.06167106853877906,0.09107567369937897
19,350,5,0.01,51,0.9952887892723083,0.004802906885743141,0.06930300776837281,0.11765026301145554
19,350,5,0.01,52,0.9919710755348206,0.008185172453522682,0.0904719429078578,0.2040521651506424
19,350,5,0.01,53,0.9927939772605896,0.007346250116825104,0.08571026844448164,0.08547946810722351
19,350,5,0.01,54,0.9946713447570801,0.0054323733784258366,0.07370463607145643,0.058495812118053436
19,350,5,0.01,55,0.9950125217437744,0.005084556993097067,0.07130607963629094,0.08441608399152756
19,350,5,0.01,56,0.995673418045044,0.004410785157233477,0.0664137422318113,0.06962735950946808
19,350,5,0.01,57,0.9947184920310974,0.005384291056543589,0.07337772861395744,0.130815789103508
19,350,5,0.01,58,0.9949842691421509,0.0051133413799107075,0.07150763162006352,0.07139238715171814
19,350,5,0.01,59,0.9962927103042603,0.0037794308736920357,0.06147707600148234,0.08375639468431473
19,350,5,0.01,60,0.996860682964325,0.00320042809471488,0.05657232622683002,0.05312933027744293
19,350,5,0.01,61,0.996886134147644,0.003174486570060253,0.05634258220973062,0.07800879329442978
19,350,5,0.01,62,0.9966086745262146,0.003457312472164631,0.05879891556963131,0.07789213210344315
19,350,5,0.01,63,0.9956091046333313,0.0044763642363250256,0.06690563680531728,0.07267541438341141
19,350,5,0.01,64,0.9966789484024048,0.0033856781665235758,0.058186580639556194,0.0700446292757988
19,350,5,0.01,65,0.9957469701766968,0.004335819743573666,0.06584694179362977,0.07416839152574539
19,350,5,0.01,66,0.9855269193649292,0.01475479919463396,0.12146933437964481,0.3529644310474396
19,350,5,0.01,67,0.9959686994552612,0.004109751433134079,0.0641073430515887,0.06481138616800308
19,350,5,0.01,68,0.9964444637298584,0.003624713746830821,0.060205595643850425,0.0720592811703682
19,350,5,0.01,69,0.9970032572746277,0.0030550574883818626,0.05527257446855414,0.056268349289894104
19,350,5,0.01,70,0.99733966588974,0.002712113317102194,0.05207795423307442,0.06171270087361336
19,350,5,0.01,71,0.9973400235176086,0.002711724489927292,0.05207422097283158,0.06216781213879585
19,350,5,0.01,72,0.9976254105567932,0.002420795848593116,0.04920158380167366,0.05433385819196701
19,350,5,0.01,73,0.99736487865448,0.002686417894437909,0.051830665579730976,0.061183251440525055
19,350,5,0.01,74,0.9974409341812134,0.00260889227502048,0.0510773166388024,0.07406259328126907
19,350,5,0.01,75,0.9965084195137024,0.0035595556255429983,0.05966201157808039,0.08997342735528946
19,350,5,0.01,76,0.9978765845298767,0.0021647519897669554,0.046526895337717894,0.0673002153635025
19,350,5,0.01,77,0.9979115128517151,0.002129141939803958,0.046142626060985716,0.07940860837697983
19,350,5,0.01,78,0.9974972605705261,0.002551450626924634,0.05051188599651209,0.06225728616118431
19,350,5,0.01,79,0.995974063873291,0.004104306921362877,0.06406486495235027,0.10763290524482727
19,350,5,0.01,80,0.9977012276649475,0.002343508880585432,0.048409801492935625,0.06993960589170456
19,350,5,0.01,81,0.9975985884666443,0.002448159968480468,0.04947888406664471,0.055586762726306915
19,350,5,0.01,82,0.9976540803909302,0.0023916056379675865,0.04890404521067339,0.0847267434000969
19,350,5,0.01,83,0.9979608654975891,0.002078799530863762,0.045593854090916264,0.09301118552684784
19,350,5,0.01,84,0.9983108639717102,0.001722040120512247,0.041497471254430034,0.06633255630731583
19,350,5,0.01,85,0.9973651170730591,0.0026861499063670635,0.051828080288267124,0.07724643498659134
19,350,5,0.01,86,0.997617244720459,0.0024291023146361113,0.04928592410248702,0.08264888823032379
19,350,5,0.01,87,0.9978989362716675,0.0021419720724225044,0.04628144414797905,0.06585349887609482
19,350,5,0.01,88,0.9978337287902832,0.0022084068041294813,0.04699368898192056,0.054684750735759735
19,350,5,0.01,89,0.9981997609138489,0.0018352867336943746,0.042840246657720994,0.050416670739650726
19,350,5,0.01,90,0.9975550174713135,0.0024925563484430313,0.0499255079938405,0.10285486280918121
19,350,5,0.01,91,0.9984889030456543,0.0015404924051836133,0.03924910706224555,0.06445244699716568
19,350,5,0.01,92,0.9978531002998352,0.0021886867471039295,0.04678340247463762,0.06158490106463432
19,350,5,0.01,93,0.9983463287353516,0.0016858694143593311,0.041059340159814196,0.06561929732561111
19,350,5,0.01,94,0.9978729486465454,0.002168446546420455,0.04656658186318226,0.08094877749681473
19,350,5,0.01,95,0.9970530867576599,0.003004256170243025,0.05481109532059202,0.10357820242643356
19,350,5,0.01,96,0.9979814291000366,0.00205785920843482,0.04536363310444634,0.07864499092102051
19,350,5,0.01,97,0.9984557032585144,0.0015743273543193936,0.03967779422194981,0.06094947084784508
19,350,5,0.01,98,0.9987188577651978,0.0013060749042779207,0.03613965833095162,0.05893533676862717
19,350,5,0.01,99,0.9989830851554871,0.0010366943897679448,0.0321977388921636,0.06687969714403152
19,350,5,0.01,100,0.9989458918571472,0.0010746510233730078,0.032781870345863544,0.05507950857281685
20,350,5,0.01,1,0.9895190000534058,0.010684974491596222,0.10336815027655386,0.31674832105636597
20,350,5,0.01,2,0.9903780221939087,0.009809260256588459,0.09904170968126741,0.206230029463768
20,350,5,0.01,3,0.9950734972953796,0.005022385623306036,0.07086879160325817,0.20927521586418152
20,350,5,0.01,4,0.996563732624054,0.003503118408843875,0.05918714732814782,0.18784742057323456
20,350,5,0.01,5,0.9975243806838989,0.0025238278321921825,0.05023771324604836,0.1582345813512802
20,350,5,0.01,6,0.9965572953224182,0.0035096826031804085,0.05924257424505124,0.15510696172714233
20,350,5,0.01,7,0.9959983229637146,0.004079531878232956,0.06387121322029946,0.15448550879955292
20,350,5,0.01,8,0.9959824681282043,0.004095705691725016,0.06399770067529782,0.21888746321201324
20,350,5,0.01,9,0.9986838102340698,0.0013417811132967472,0.03663033051034002,0.10482732206583023
20,350,5,0.01,10,0.9988149404525757,0.0012081345776095986,0.03475823035785336,0.11704286187887192
20,350,5,0.01,11,0.9942665696144104,0.005845032632350922,0.0764528131094659,0.26149582862854004
20,350,5,0.01,12,0.9973311424255371,0.002720819553360343,0.052161475759034494,0.11729536950588226
20,350,5,0.01,13,0.9981362223625183,0.0019000457832589746,0.04358951460224092,0.13475541770458221
20,350,5,0.01,14,0.998430609703064,0.0015999226598069072,0.03999903323590343,0.1022157371044159
20,350,5,0.01,15,0.9977113604545593,0.0023331858683377504,0.04830306272212716,0.09444564580917358
20,350,5,0.01,16,0.993545651435852,0.006579974200576544,0.08111704013693143,0.20992039144039154
20,350,5,0.01,17,0.9959560036659241,0.0041227154433727264,0.06420837518091177,0.09109735488891602
20,350,5,0.01,18,0.996421754360199,0.0036479071713984013,0.060397907011736765,0.09957069903612137
20,350,5,0.01,19,0.9905787110328674,0.009604661725461483,0.09800337609216063,0.16413111984729767
20,350,5,0.01,20,0.9947547912597656,0.005347321275621653,0.0731253805160811,0.10465043038129807
20,350,5,0.01,21,0.9951245188713074,0.00497038196772337,0.07050093593508791,0.11766895651817322
20,350,5,0.01,22,0.9929263591766357,0.007211312651634216,0.0849194480177198,0.12724505364894867
20,350,5,0.01,23,0.9930785298347473,0.007056194357573986,0.08400115688235482,0.08703133463859558
20,350,5,0.01,24,0.9928914308547974,0.0072469450533390045,0.08512899067496926,0.10075610131025314
20,350,5,0.01,25,0.9776291847229004,0.022806191816926003,0.15101719046825762,0.08259765803813934
20,350,5,0.01,26,0.9900243282318115,0.010169804096221924,0.10084544658149878,0.07493168860673904
20,350,5,0.01,27,0.9926142692565918,0.007529472466558218,0.0867725329038989,0.24538877606391907
20,350,5,0.01,28,0.9967963099479675,0.0032660674769431353,0.057149518606398914,0.12197273969650269
20,350,5,0.01,29,0.9970898032188416,0.002966846339404583,0.054468764805203566,0.07188060134649277
20,350,5,0.01,30,0.99675452709198,0.0033086237963289022,0.05752063800349316,0.08379281312227249
20,350,5,0.01,31,0.9935299754142761,0.006595955230295658,0.08121548639450273,0.10779748857021332
20,350,5,0.01,32,0.9970725774765015,0.00298442249186337,0.054629868129653855,0.08618178218603134
20,350,5,0.01,33,0.9953125715255737,0.004778670612722635,0.06912792932471387,0.1021139919757843
20,350,5,0.01,34,0.9961462020874023,0.003928782884031534,0.0626800038611321,0.07693791389465332
20,350,5,0.01,35,0.9948523640632629,0.005247853696346283,0.07244207131457715,0.16761711239814758
20,350,5,0.01,36,0.9936500787734985,0.006473522633314133,0.08045820426354378,0.07953841984272003
20,350,5,0.01,37,0.996879518032074,0.0031811886001378298,0.05640202656055746,0.08590897172689438
20,350,5,0.01,38,0.9955615401268005,0.004524834454059601,0.06726688973082968,0.09676876664161682
20,350,5,0.01,39,0.9959049224853516,0.004174751229584217,0.0646123148446503,0.06859689205884933
20,350,5,0.01,40,0.9951775074005127,0.004916343837976456,0.07011664451452633,0.07125154882669449
20,350,5,0.01,41,0.9947900176048279,0.005311382934451103,0.07287923527625069,0.14206340909004211
20,350,5,0.01,42,0.9940886497497559,0.006026429124176502,0.07763007873354569,0.0699395164847374
20,350,5,0.01,43,0.9939432740211487,0.006174633279442787,0.07857883480583551,0.06752227246761322
20,350,5,0.01,44,0.9938119649887085,0.006308443378657103,0.07942570980895985,0.08543333411216736
20,350,5,0.01,45,0.9891032576560974,0.011108821257948875,0.10539839305202368,0.07402731478214264
20,350,5,0.01,46,0.9963403940200806,0.0037308584433048964,0.061080753460520575,0.06780514121055603
20,350,5,0.01,47,0.9861558675765991,0.014113598503172398,0.11880066709902094,0.08734390884637833
20,350,5,0.01,48,0.9949003458023071,0.0051989005878567696,0.0721034020546657,0.1365189552307129
20,350,5,0.01,49,0.9932518005371094,0.006879520136862993,0.08294287273095256,0.0879085436463356
20,350,5,0.01,50,0.9943453669548035,0.005764661356806755,0.07592536701792593,0.07130980491638184
20,350,5,0.01,51,0.9936944842338562,0.006428241729736328,0.08017631651389535,0.07733745127916336
20,350,5,0.01,52,0.9941864013671875,0.005926735699176788,0.07698529534383036,0.08703789860010147
20,350,5,0.01,53,0.9952801465988159,0.004811705555766821,0.06936645843465573,0.17165033519268036
20,350,5,0.01,54,0.9908003211021423,0.00937875546514988,0.09684397485207781,0.08205832540988922
20,350,5,0.01,55,0.989291787147522,0.010916617698967457,0.10448261912379234,0.07518181949853897
20,350,5,0.01,56,0.9896677732467651,0.010533344000577927,0.10263208075732425,0.09086661785840988
20,350,5,0.01,57,0.9908230900764465,0.009355529211461544,0.09672398467526834,0.07475175708532333
20,350,5,0.01,58,0.9900484681129456,0.010145217180252075,0.10072346886526533,0.10195140540599823
20,350,5,0.01,59,0.9893950819969177,0.010811342857778072,0.10397760748246745,0.0971045047044754
20,350,5,0.01,60,0.9891979694366455,0.011012263596057892,0.1049393329312603,0.07426294684410095
20,350,5,0.01,61,0.9909231066703796,0.009253562428057194,0.09619543870712995,0.0760086327791214
20,350,5,0.01,62,0.9865601658821106,0.013701383024454117,0.11705290694576584,0.06570827960968018
20,350,5,0.01,63,0.9925740957260132,0.007570440880954266,0.08700828053096019,0.11491675674915314
20,350,5,0.01,64,0.9931034445762634,0.007030770648270845,0.08384969080605394,0.09244514256715775
20,350,5,0.01,65,0.9900974035263062,0.010095342062413692,0.1004755794330826,0.06443160027265549
20,350,5,0.01,66,0.9890391230583191,0.011174214072525501,0.10570815518457174,0.09994177520275116
20,350,5,0.01,67,0.9963755011558533,0.0036950460635125637,0.06078689055637378,0.07149242609739304
20,350,5,0.01,68,0.99494469165802,0.005153683479875326,0.07178915990506733,0.11757374554872513
20,350,5,0.01,69,0.9942392706871033,0.005872831679880619,0.07663440271758253,0.06230846792459488
20,350,5,0.01,70,0.9930684566497803,0.007066435646265745,0.08406209399167823,0.07592659443616867
20,350,5,0.01,71,0.9944406151771545,0.005667585879564285,0.07528337053801647,0.08884020894765854
20,350,5,0.01,72,0.9914063811302185,0.00876084715127945,0.09359939717369685,0.07735598832368851
20,350,5,0.01,73,0.9922094345092773,0.007942192256450653,0.08911897809361737,0.07736293226480484
20,350,5,0.01,74,0.9921854734420776,0.007966623641550541,0.0892559445726196,0.0708809420466423
20,350,5,0.01,75,0.990899920463562,0.009277163073420525,0.09631803088425617,0.08802229911088943
20,350,5,0.01,76,0.9911320209503174,0.00904060248285532,0.09508208286977794,0.09214223176240921
20,350,5,0.01,77,0.9891772270202637,0.011033413000404835,0.10504005426695492,0.17500725388526917
20,350,5,0.01,78,0.9880430102348328,0.012189691886305809,0.11040693767289178,0.09850917011499405
20,350,5,0.01,79,0.9898154735565186,0.010382741689682007,0.10189573931073863,0.0741732195019722
20,350,5,0.01,80,0.9902944564819336,0.009894437156617641,0.09947078544285072,0.07316023856401443
20,350,5,0.01,81,0.9880114793777466,0.01222188025712967,0.11055261307237232,0.060238856822252274
20,350,5,0.01,82,0.9885943531990051,0.01162763312458992,0.10783150339576056,0.09161566942930222
20,350,5,0.01,83,0.9876923561096191,0.012547165155410767,0.11201412926685082,0.06415591388940811
20,350,5,0.01,84,0.989349901676178,0.010857402347028255,0.10419885962441362,0.06718548387289047
20,350,5,0.01,85,0.9874869585037231,0.012756598182022572,0.11294511136841015,0.09468844532966614
20,350,5,0.01,86,0.9846339225769043,0.015665173530578613,0.12516059096448295,0.22117865085601807
20,350,5,0.01,87,0.9872552752494812,0.012992753647267818,0.11398576072153846,0.09394028037786484
20,350,5,0.01,88,0.9775842428207397,0.022852040827274323,0.15116891488422585,0.056802358478307724
20,350,5,0.01,89,0.986204981803894,0.01406351663172245,0.11858969867455794,0.0659632533788681
20,350,5,0.01,90,0.9832804799079895,0.01704494096338749,0.1305562750823854,0.05798037722706795
20,350,5,0.01,91,0.9836426377296448,0.01667570322751999,0.1291344385805738,0.060660574585199356
20,350,5,0.01,92,0.9799883365631104,0.020401153713464737,0.14283260731872374,0.0861518383026123
20,350,5,0.01,93,0.9765943288803101,0.023861201480031013,0.15447071398822176,0.11990121752023697
20,350,5,0.01,94,0.981734037399292,0.018621478229761124,0.1364605372617341,0.05165481939911842
20,350,5,0.01,95,0.9808090329170227,0.019564468413591385,0.13987304391336947,0.07316070795059204
20,350,5,0.01,96,0.9802007079124451,0.02018466219305992,0.14207273557252256,0.0620160773396492
20,350,5,0.01,97,0.980331301689148,0.020051511004567146,0.1416033580271568,0.06325217336416245
20,350,5,0.01,98,0.9735336303710938,0.026981499046087265,0.16426046099438313,0.05909402668476105
20,350,5,0.01,99,0.9900283217430115,0.010165730491280556,0.1008252472909467,0.08846590667963028
20,350,5,0.01,100,0.9768369793891907,0.023613862693309784,0.15366802755716552,0.07294496148824692
21,350,5,0.01,1,0.975622296333313,0.02485218085348606,0.15764574479980759,0.3364352583885193
21,350,5,0.01,2,0.9871057271957397,0.013145256787538528,0.11465276615737856,0.26540854573249817
21,350,5,0.01,3,0.9946752786636353,0.005428341683000326,0.0736772806433593,0.20324191451072693
21,350,5,0.01,4,0.9967387914657593,0.0033246891107410192,0.057660117158578675,0.13401281833648682
21,350,5,0.01,5,0.9950841069221497,0.005011578556150198,0.07079250353074257,0.17216290533542633
21,350,5,0.01,6,0.997090220451355,0.0029664416797459126,0.05446505007567617,0.13049092888832092
21,350,5,0.01,7,0.9930206537246704,0.0071151708252727985,0.08435147198047464,0.13597720861434937
21,350,5,0.01,8,0.9970680475234985,0.002988988533616066,0.05467164286553008,0.11458556354045868
21,350,5,0.01,9,0.9966947436332703,0.0033695888705551624,0.0580481599239387,0.10613133013248444
21,350,5,0.01,10,0.9961191415786743,0.003956396132707596,0.0628998897670544,0.1254918873310089
21,350,5,0.01,11,0.9977689385414124,0.0022744659800082445,0.04769136169169679,0.11257272958755493
21,350,5,0.01,12,0.9982234835624695,0.0018110644305124879,0.042556602666478066,0.10748399794101715
21,350,5,0.01,13,0.9981822371482849,0.0018531595123931766,0.043048339252440115,0.11207164078950882
21,350,5,0.01,14,0.9973607063293457,0.0026906337589025497,0.05187131923233252,0.12150441110134125
21,350,5,0.01,15,0.9982829093933105,0.0017505371943116188,0.04183942153414192,0.10686242580413818
21,350,5,0.01,16,0.9986490607261658,0.00137725577224046,0.03711139679721662,0.09305186569690704
21,350,5,0.01,17,0.9308778643608093,0.07046746462583542,0.2654570862226801,1.0595145225524902
21,350,5,0.01,18,0.992249608039856,0.007901259697973728,0.08888903024543426,0.2303384244441986
21,350,5,0.01,19,0.9945157170295715,0.005591037217527628,0.07477323864543803,0.18244053423404694
21,350,5,0.01,20,0.9953787326812744,0.004711217246949673,0.06863830743068824,0.12205813080072403
21,350,5,0.01,21,0.9959996938705444,0.0040781376883387566,0.063860298216801,0.10164406895637512
21,350,5,0.01,22,0.9955722689628601,0.004513881169259548,0.0671854237856661,0.1198875904083252
21,350,5,0.01,23,0.995573878288269,0.004512239713221788,0.067173206810616,0.09503477066755295
21,350,5,0.01,24,0.9955816268920898,0.004504374694079161,0.06711463844854683,0.08952729403972626
21,350,5,0.01,25,0.9953566193580627,0.0047337571159005165,0.06880230458277191,0.09349828958511353
21,350,5,0.01,26,0.9953007698059082,0.0047907098196446896,0.06921495372854547,0.0865606889128685
21,350,5,0.01,27,0.9955710172653198,0.004515199456363916,0.06719523388130974,0.08715903759002686
21,350,5,0.01,28,0.9956095218658447,0.004475918132811785,0.06690230289617678,0.07932519912719727
21,350,5,0.01,29,0.9947495460510254,0.005352667532861233,0.07316192679844642,0.09319128841161728
21,350,5,0.01,30,0.9951602220535278,0.004933987744152546,0.07024235007566693,0.08238516002893448
21,350,5,0.01,31,0.9958778023719788,0.0042024096474051476,0.06482599515167621,0.09026035666465759
21,350,5,0.01,32,0.9947402477264404,0.0053621213883161545,0.0732265074157996,0.07138349860906601
21,350,5,0.01,33,0.9951367378234863,0.004957898519933224,0.0704123463600896,0.08566255122423172
21,350,5,0.01,34,0.9958227872848511,0.004258499946445227,0.06525718310228558,0.07050201296806335
21,350,5,0.01,35,0.9950204491615295,0.005076488479971886,0.07124948055931275,0.09537773579359055
21,350,5,0.01,36,0.9951847791671753,0.004908950533717871,0.07006390321497848,0.07770927250385284
21,350,5,0.01,37,0.9952889084815979,0.004802767653018236,0.06930200323957625,0.08122173696756363
21,350,5,0.01,38,0.9958015084266663,0.004280187655240297,0.06542314311648667,0.07367753237485886
21,350,5,0.01,39,0.9947249889373779,0.005377701949328184,0.0733328163193545,0.09338442981243134
21,350,5,0.01,40,0.9957277774810791,0.004355402197688818,0.06599547103922221,0.065641850233078
21,350,5,0.01,41,0.995735228061676,0.004347790032625198,0.06593777394350828,0.0777551606297493
21,350,5,0.01,42,0.9952322840690613,0.004860480781644583,0.06971714840442474,0.07063580304384232
21,350,5,0.01,43,0.9934329986572266,0.006694803945720196,0.0818217816093013,0.07594369351863861
21,350,5,0.01,44,0.995568037033081,0.004518209490925074,0.06721762782875541,0.07538419961929321
21,350,5,0.01,45,0.9953964352607727,0.0046931663528084755,0.06850668838010253,0.0760551393032074
21,350,5,0.01,46,0.9955866932868958,0.004499224945902824,0.06707626216406833,0.06359979510307312
21,350,5,0.01,47,0.9949238896369934,0.005174932535737753,0.07193700393912547,0.07143852859735489
21,350,5,0.01,48,0.9950372576713562,0.005059323739260435,0.07112892336638053,0.0737638771533966
21,350,5,0.01,49,0.9955399036407471,0.0045468732714653015,0.06743050697915078,0.06604674458503723
21,350,5,0.01,50,0.9956457018852234,0.004439065232872963,0.06662631036514752,0.060752518475055695
21,350,5,0.01,51,0.9954468011856079,0.004641788545995951,0.0681306725784793,0.07728562504053116
21,350,5,0.01,52,0.9951732754707336,0.004920661449432373,0.07014742653463756,0.08378677815198898
21,350,5,0.01,53,0.9950540661811829,0.005042216274887323,0.07100856479951784,0.06214622035622597
21,350,5,0.01,54,0.9951124787330627,0.004982639104127884,0.07058781130002462,0.07223232090473175
21,350,5,0.01,55,0.9950395226478577,0.005057044327259064,0.07111289845913372,0.0946776270866394
21,350,5,0.01,56,0.9953727722167969,0.004717309959232807,0.06868267583046549,0.08842991292476654
21,350,5,0.01,57,0.9942757487297058,0.005835631862282753,0.0763913075047335,0.09233182668685913
21,350,5,0.01,58,0.995410144329071,0.004679187200963497,0.06840458464871706,0.05645595118403435
21,350,5,0.01,59,0.9951390027999878,0.00495558325201273,0.07039590365932331,0.080921471118927
21,350,5,0.01,60,0.9956780076026917,0.0044061169028282166,0.06637858768328998,0.07550854980945587
21,350,5,0.01,61,0.9918944239616394,0.00826333463191986,0.09090288571833054,0.11767047643661499
21,350,5,0.01,62,0.9949576258659363,0.005140489432960749,0.07169720659105729,0.07128576189279556
21,350,5,0.01,63,0.9954094886779785,0.00467983353883028,0.0684093088609312,0.08331809937953949
21,350,5,0.01,64,0.9951215982437134,0.00497334823012352,0.07052196984006842,0.08642912656068802
21,350,5,0.01,65,0.9949089288711548,0.005190184805542231,0.07204293723566683,0.07710255682468414
21,350,5,0.01,66,0.9960935711860657,0.003982472699135542,0.06310683559754475,0.06934714317321777
21,350,5,0.01,67,0.9954972267150879,0.0045903874561190605,0.06775239815769668,0.07033834606409073
21,350,5,0.01,68,0.9949847459793091,0.0051128920167684555,0.07150448948680395,0.0874672681093216
21,350,5,0.01,69,0.9957025647163391,0.004381090402603149,0.06618980588129224,0.07865194231271744
21,350,5,0.01,70,0.995586097240448,0.004499803762882948,0.06708057664393582,0.10709507018327713
21,350,5,0.01,71,0.995511531829834,0.004575847182422876,0.06764500855512456,0.08100549131631851
21,350,5,0.01,72,0.9956006407737732,0.00448499945923686,0.06697013856366776,0.10445629060268402
21,350,5,0.01,73,0.9956650137901306,0.004419366829097271,0.06647831848879206,0.07154379040002823
21,350,5,0.01,74,0.9956361651420593,0.00444878451526165,0.06669920925514522,0.06338601559400558
21,350,5,0.01,75,0.996275782585144,0.0037967143580317497,0.06161748419102933,0.06820458918809891
21,350,5,0.01,76,0.9953927993774414,0.0046968706883490086,0.06853371935295069,0.07331691682338715
21,350,5,0.01,77,0.9949119687080383,0.0051870327442884445,0.07202105764488914,0.08937150239944458
21,350,5,0.01,78,0.9962834715843201,0.0037888656370341778,0.06155376216799569,0.06042630970478058
21,350,5,0.01,79,0.9952492117881775,0.004843246191740036,0.06959343497586562,0.06707783043384552
21,350,5,0.01,80,0.9961792826652527,0.003895103232935071,0.06241076215633864,0.06435994803905487
21,350,5,0.01,81,0.9957332015037537,0.00434982031583786,0.06595316759517969,0.060943230986595154
21,350,5,0.01,82,0.995657742023468,0.004426781088113785,0.06653405960944954,0.06011016666889191
21,350,5,0.01,83,0.995530366897583,0.004556652158498764,0.06750297888611112,0.08537190407514572
21,350,5,0.01,84,0.9951022863388062,0.004993067122995853,0.07066163826996834,0.076954185962677
21,350,5,0.01,85,0.9956396222114563,0.004445222206413746,0.06667249962626079,0.0602978952229023
21,350,5,0.01,86,0.9948304891586304,0.005270138382911682,0.07259571876434369,0.10210233926773071
21,350,5,0.01,87,0.995537281036377,0.004549605771899223,0.06745076553975665,0.0817389264702797
21,350,5,0.01,88,0.9953039884567261,0.004787385929375887,0.06919093820274362,0.08848007768392563
21,350,5,0.01,89,0.9956377744674683,0.004447145387530327,0.066686920663128,0.05957692116498947
21,350,5,0.01,90,0.9954479932785034,0.004640598781406879,0.06812194052878176,0.06725642085075378
21,350,5,0.01,91,0.9945535063743591,0.005552520975470543,0.07451523988735823,0.06477632373571396
21,350,5,0.01,92,0.9950265288352966,0.005070254672318697,0.071205720783647,0.05896969512104988
21,350,5,0.01,93,0.9956616759300232,0.0044227405451238155,0.0665036882069244,0.07579697668552399
21,350,5,0.01,94,0.9955378174781799,0.004549004603177309,0.06744630904043089,0.05713971331715584
21,350,5,0.01,95,0.9948277473449707,0.005272948183119297,0.07261506856788952,0.062458667904138565
21,350,5,0.01,96,0.9946765899658203,0.005427033640444279,0.07366840327063075,0.0665896087884903
21,350,5,0.01,97,0.9942846298217773,0.005826632492244244,0.07633238167543473,0.07770650833845139
21,350,5,0.01,98,0.9948626756668091,0.00523729482665658,0.07236915659765962,0.076746366918087
21,350,5,0.01,99,0.9949697256088257,0.005128203891217709,0.07161147876714814,0.0739050805568695
21,350,5,0.01,100,0.992889404296875,0.007248962298035622,0.08514083801581719,0.10704687237739563
22,350,5,0.01,1,0.993256151676178,0.00687510147690773,0.08291623168540482,0.29139766097068787
22,350,5,0.01,2,0.9931584000587463,0.006974781863391399,0.08351515948252389,0.19339437782764435
22,350,5,0.01,3,0.9976764917373657,0.00236871768720448,0.048669473874334006,0.13325269520282745
22,350,5,0.01,4,0.997701108455658,0.002343607135117054,0.04841081630294054,0.11483968794345856
22,350,5,0.01,5,0.991371214389801,0.008796708658337593,0.09379077064582417,0.34903356432914734
22,350,5,0.01,6,0.995059609413147,0.005036529153585434,0.07096850818204814,0.12122709304094315
22,350,5,0.01,7,0.995943009853363,0.0041359420865774155,0.06431129050623549,0.10190007835626602
22,350,5,0.01,8,0.9963987469673157,0.003671351121738553,0.06059167535015477,0.0915653333067894
22,350,5,0.01,9,0.9958320260047913,0.00424910057336092,0.06518512539959496,0.08995454758405685
22,350,5,0.01,10,0.997043251991272,0.0030143146868795156,0.05490277485591703,0.08788179606199265
22,350,5,0.01,11,0.9973858594894409,0.002664996311068535,0.05162360226745645,0.08678736537694931
22,350,5,0.01,12,0.9948556423187256,0.0052444529719650745,0.07241859548462035,0.1143198311328888
22,350,5,0.01,13,0.9965760707855225,0.003490574425086379,0.05908108347928615,0.10980962216854095
22,350,5,0.01,14,0.9974234104156494,0.002626751782372594,0.051251846624025106,0.07736720889806747
22,350,5,0.01,15,0.996614396572113,0.0034514889121055603,0.058749373716709186,0.1034088134765625
22,350,5,0.01,16,0.99724942445755,0.0028041354380548,0.05295408802023504,0.09316892176866531
22,350,5,0.01,17,0.9846656918525696,0.01563277468085289,0.12503109485585132,0.23574021458625793
22,350,5,0.01,18,0.9968384504318237,0.0032230678480118513,0.056772069259556246,0.1107553243637085
22,350,5,0.01,19,0.9966244101524353,0.0034413165412843227,0.058662735542116706,0.08504582941532135
22,350,5,0.01,20,0.9966461062431335,0.0034191615413874388,0.0584735969595461,0.09206940233707428
22,350,5,0.01,21,0.9958096146583557,0.004271937999874353,0.06536006425849315,0.08152271807193756
22,350,5,0.01,22,0.9569274187088013,0.04391090199351311,0.20954928297064895,0.29570743441581726
22,350,5,0.01,23,0.968884289264679,0.031721312552690506,0.1781047797019791,0.4842238426208496
22,350,5,0.01,24,0.994227409362793,0.005884944926947355,0.07671339470358064,0.15407130122184753
22,350,5,0.01,25,0.9955397844314575,0.004547004587948322,0.06743148068927689,0.12441810965538025
22,350,5,0.01,26,0.9971357583999634,0.0029200022108852863,0.054037044801555224,0.10400452464818954
22,350,5,0.01,27,0.9972003698348999,0.0028541379142552614,0.05342413232103317,0.0962141901254654
22,350,5,0.01,28,0.9974982738494873,0.0025504210498183966,0.05050169353416177,0.08882679790258408
22,350,5,0.01,29,0.9979259967803955,0.002114339731633663,0.045981950063407086,0.08697053790092468
22,350,5,0.01,30,0.9973005056381226,0.0027520214207470417,0.052459712358599926,0.08526495099067688
22,350,5,0.01,31,0.9975088834762573,0.0025396135170012712,0.05039457825005852,0.09862008690834045
22,350,5,0.01,32,0.9976202845573425,0.0024260340724140406,0.04925478730452544,0.10680221021175385
22,350,5,0.01,33,0.9971382021903992,0.0029175044037401676,0.054013927868098686,0.08601269870996475
22,350,5,0.01,34,0.9975815415382385,0.00246551469899714,0.0496539494803499,0.09055430442094803
22,350,5,0.01,35,0.9977495670318604,0.0022942419163882732,0.04789824544164716,0.07754410058259964
22,350,5,0.01,36,0.997383177280426,0.002667760942131281,0.05165037213933004,0.10284868627786636
22,350,5,0.01,37,0.9976935386657715,0.002351344795897603,0.04849066710097524,0.0856645405292511
22,350,5,0.01,38,0.997221827507019,0.002832257654517889,0.05321895953997869,0.10241779685020447
22,350,5,0.01,39,0.9972643256187439,0.0027889146003872156,0.05281017515959605,0.10099748522043228
22,350,5,0.01,40,0.9976019859313965,0.002444704296067357,0.04944395105639675,0.08489730954170227
22,350,5,0.01,41,0.9974530339241028,0.0025965289678424597,0.05095614749804443,0.10246414691209793
22,350,5,0.01,42,0.9973793625831604,0.002671646187081933,0.0516879694617803,0.08673686534166336
22,350,5,0.01,43,0.9974338412284851,0.002616079756990075,0.05114762709051198,0.08170246332883835
22,350,5,0.01,44,0.9976233839988708,0.002422892954200506,0.049222890551048566,0.07792173326015472
22,350,5,0.01,45,0.9974239468574524,0.002626192755997181,0.05124639261447757,0.09756974130868912
22,350,5,0.01,46,0.9975888133049011,0.0024581432808190584,0.04957966600148753,0.1010272428393364
22,350,5,0.01,47,0.9973843693733215,0.002666515065357089,0.051638310055201156,0.0880201905965805
22,350,5,0.01,48,0.9978060126304626,0.0022366875782608986,0.047293631476773894,0.07018601894378662
22,350,5,0.01,49,0.9960784912109375,0.003997846972197294,0.0632285297330034,0.09908969700336456
22,350,5,0.01,50,0.9968626499176025,0.003198441583663225,0.056554766232946495,0.0899844840168953
22,350,5,0.01,51,0.9955766201019287,0.004509450867772102,0.06715244498729814,0.12217694520950317
22,350,5,0.01,52,0.9965711236000061,0.0034956398885697126,0.059123936680245785,0.07434337586164474
22,350,5,0.01,53,0.9964953660964966,0.003572828834876418,0.05977314476314943,0.06428398936986923
22,350,5,0.01,54,0.9962519407272339,0.003821007674559951,0.061814299919678385,0.07459976524114609
22,350,5,0.01,55,0.9964460134506226,0.003623147029429674,0.060192582843982316,0.05653678625822067
22,350,5,0.01,56,0.9961861371994019,0.0038881150539964437,0.06235475165531849,0.061206549406051636
22,350,5,0.01,57,0.9961658120155334,0.003908813465386629,0.06252050435966292,0.06835746020078659
22,350,5,0.01,58,0.9965990781784058,0.0034671437460929155,0.05888245703172478,0.06533773243427277
22,350,5,0.01,59,0.9964327812194824,0.0036366216372698545,0.06030440810811308,0.08288931846618652
22,350,5,0.01,60,0.9961742758750916,0.0039001964032649994,0.062451552448798256,0.05859311670064926
22,350,5,0.01,61,0.9963613152503967,0.003709508338943124,0.06090573321899281,0.05826899781823158
22,350,5,0.01,62,0.996556282043457,0.003510763868689537,0.059251699289467955,0.06292323768138885
22,350,5,0.01,63,0.9965010285377502,0.0035670732613652945,0.05972498021234745,0.07192476838827133
22,350,5,0.01,64,0.9961109757423401,0.003964713774621487,0.06296597314916594,0.10970258712768555
22,350,5,0.01,65,0.9970868229866028,0.0029699034057557583,0.05449682014352542,0.054713550955057144
22,350,5,0.01,66,0.9452168345451355,0.055849410593509674,0.2363247989388961,0.5438340306282043
22,350,5,0.01,67,0.9961979985237122,0.003876016242429614,0.06225766011046042,0.09640106558799744
22,350,5,0.01,68,0.9959515929222107,0.004127215128391981,0.06424340532997905,0.08172750473022461
22,350,5,0.01,69,0.9967015981674194,0.0033626023214310408,0.057987949795031045,0.08687067776918411
22,350,5,0.01,70,0.9969555735588074,0.0031037095468491316,0.05571094638263769,0.059099290519952774
22,350,5,0.01,71,0.9970434308052063,0.003014097223058343,0.05490079437547642,0.05421685054898262
22,350,5,0.01,72,0.9972803592681885,0.00277255242690444,0.05265503230370712,0.05513985455036163
22,350,5,0.01,73,0.997212290763855,0.00284196762368083,0.053310108081684,0.05100136995315552
22,350,5,0.01,74,0.9972937107086182,0.0027589406818151474,0.052525619290163035,0.057062361389398575
22,350,5,0.01,75,0.997312605381012,0.002739711431786418,0.052342252834458876,0.0589916855096817
22,350,5,0.01,76,0.9974284172058105,0.0026216330006718636,0.051201884737496366,0.07096709311008453
22,350,5,0.01,77,0.9973587989807129,0.0026926184073090553,0.05189044620456694,0.05985899269580841
22,350,5,0.01,78,0.9969115257263184,0.003148596966639161,0.05611236019487294,0.13040845096111298
22,350,5,0.01,79,0.9966515898704529,0.003413562662899494,0.05842570207451079,0.07632583379745483
22,350,5,0.01,80,0.9974391460418701,0.0026106976438313723,0.051094986484305605,0.06201617792248726
22,350,5,0.01,81,0.9963638186454773,0.003706963500007987,0.06088483801413934,0.09352830052375793
22,350,5,0.01,82,0.9970453381538391,0.0030121845193207264,0.05488337197476779,0.09696362912654877
22,350,5,0.01,83,0.9975855350494385,0.0024614876601845026,0.04961338186602988,0.05341941863298416
22,350,5,0.01,84,0.996936023235321,0.0031236123759299517,0.055889286772421345,0.0744752436876297
22,350,5,0.01,85,0.9971783757209778,0.0028765711467713118,0.05363367549190818,0.05818215757608414
22,350,5,0.01,86,0.9976803064346313,0.002364860149100423,0.048629827771650834,0.088680699467659
22,350,5,0.01,87,0.997462809085846,0.0025865468196570873,0.05085810475880012,0.06812217831611633
22,350,5,0.01,88,0.9969573020935059,0.0031019370071589947,0.05569503574968773,0.050715912133455276
22,350,5,0.01,89,0.9976686835289001,0.002376668620854616,0.04875108840687166,0.08096972107887268
22,350,5,0.01,90,0.9977045059204102,0.002340171718969941,0.048375321383634665,0.05271526053547859
22,350,5,0.01,91,0.9976102709770203,0.0024362425319850445,0.049358307628858636,0.06970171630382538
22,350,5,0.01,92,0.9962924718856812,0.0037796630058437586,0.061478963929491835,0.12789484858512878
22,350,5,0.01,93,0.9965658187866211,0.0035009898710995913,0.059169163177280035,0.09353860467672348
22,350,5,0.01,94,0.9973891377449036,0.0026616600807756186,0.05159127911552124,0.05174824222922325
22,350,5,0.01,95,0.9974064230918884,0.0026440739165991545,0.05142055927933062,0.05912254378199577
22,350,5,0.01,96,0.9977738261222839,0.0022695190273225307,0.04763946921747272,0.05267850309610367
22,350,5,0.01,97,0.9975680112838745,0.002479344140738249,0.04979301297108108,0.05219634249806404
22,350,5,0.01,98,0.9981654286384583,0.0018702534725889564,0.04324642728120967,0.05408016964793205
22,350,5,0.01,99,0.9978940486907959,0.002146943937987089,0.04633512639442229,0.05192362517118454
22,350,5,0.01,100,0.9982926249504089,0.0017406141851097345,0.04172066856019609,0.04365960508584976
23,350,5,0.01,1,0.9895751476287842,0.010627759620547295,0.10309102589724915,0.3112344741821289
23,350,5,0.01,2,0.996656596660614,0.003408486023545265,0.058382240651976225,0.1878068745136261
23,350,5,0.01,3,0.9977680444717407,0.002275376580655575,0.047700907545408136,0.1487664431333542
23,350,5,0.01,4,0.9975113868713379,0.0025370579678565264,0.050369216470544056,0.15285754203796387
23,350,5,0.01,5,0.9975879192352295,0.002459051785990596,0.049588827229433405,0.13698343932628632
23,350,5,0.01,6,0.9979654550552368,0.0020741266198456287,0.045542580294111894,0.10824041068553925
23,350,5,0.01,7,0.9975759983062744,0.002471181331202388,0.04971097797471287,0.12873102724552155
23,350,5,0.01,8,0.997790515422821,0.0022524697706103325,0.047460191430401255,0.10868065804243088
23,350,5,0.01,9,0.9978745579719543,0.002166838152334094,0.0465493088276732,0.11496046930551529
23,350,5,0.01,10,0.9974840879440308,0.002564883092418313,0.05064467486733737,0.11661335825920105
23,350,5,0.01,11,0.997001588344574,0.00305679882876575,0.0552883245248556,0.1308731585741043
23,350,5,0.01,12,0.9914165735244751,0.008750504814088345,0.09354413297523445,0.1681613177061081
23,350,5,0.01,13,0.9963117241859436,0.0037600465584546328,0.06131921850818577,0.10911282896995544
23,350,5,0.01,14,0.9977144598960876,0.002330007730051875,0.04827015361537474,0.09279543161392212
23,350,5,0.01,15,0.9977715611457825,0.0022718068212270737,0.047663474707862766,0.09189940989017487
23,350,5,0.01,16,0.9980443716049194,0.0019936787430197,0.04465062981660729,0.08673786371946335
23,350,5,0.01,17,0.9976283311843872,0.002417834009975195,0.04917147557248201,0.08380341529846191
23,350,5,0.01,18,0.9984220266342163,0.001608693739399314,0.0401085245228407,0.07732419669628143
23,350,5,0.01,19,0.9981884360313416,0.0018468281487002969,0.042974738494844816,0.0733497217297554
23,350,5,0.01,20,0.9986822009086609,0.001343419193290174,0.03665268330272934,0.07688155770301819
23,350,5,0.01,21,0.9916055798530579,0.008557770401239395,0.09250821802001914,0.2437317818403244
23,350,5,0.01,22,0.9971175193786621,0.002938600955531001,0.05420886417857324,0.07972655445337296
23,350,5,0.01,23,0.9974717497825623,0.002577438484877348,0.05076847924526938,0.08387371152639389
23,350,5,0.01,24,0.9978699684143066,0.0021714954636991024,0.046599307545274776,0.07608108967542648
23,350,5,0.01,25,0.9982817769050598,0.0017516511725261807,0.04185273196012634,0.07568269968032837
23,350,5,0.01,26,0.9982868432998657,0.0017464718548581004,0.041790810650884726,0.06835595518350601
23,350,5,0.01,27,0.9980558156967163,0.0019820111338049173,0.04451978362262015,0.08065202832221985
23,350,5,0.01,28,0.9984167814254761,0.0016140618827193975,0.040175389017648576,0.06240476295351982
23,350,5,0.01,29,0.9985325336456299,0.0014960322296246886,0.03867857584793795,0.06356563419103622
23,350,5,0.01,30,0.997880756855011,0.0021604665089398623,0.04648081872062779,0.08932116627693176
23,350,5,0.01,31,0.9914262890815735,0.008740585297346115,0.09349109742294244,0.2605671286582947
23,350,5,0.01,32,0.9976046681404114,0.00244192685931921,0.04941585635521467,0.11778039485216141
23,350,5,0.01,33,0.9970510601997375,0.003006323939189315,0.05482995476187551,0.09160859882831573
23,350,5,0.01,34,0.9969224333763123,0.0031374620739370584,0.056013052710391156,0.06628437340259552
23,350,5,0.01,35,0.9963483214378357,0.0037227647844702005,0.06101446373172676,0.07285726815462112
23,350,5,0.01,36,0.9962691068649292,0.003803510684520006,0.061672608867470544,0.0776250958442688
23,350,5,0.01,37,0.9970865845680237,0.002970139030367136,0.05449898192046468,0.06588594615459442
23,350,5,0.01,38,0.9975066781044006,0.002541871042922139,0.05041697177461315,0.0741550475358963
23,350,5,0.01,39,0.9963414669036865,0.0037297415547072887,0.06107161005497799,0.05769621953368187
23,350,5,0.01,40,0.9967449903488159,0.0033183377236127853,0.05760501474362094,0.07185383141040802
23,350,5,0.01,41,0.9975752830505371,0.0024719128850847483,0.049718335501952884,0.05532054230570793
23,350,5,0.01,42,0.9971182942390442,0.0029377962928265333,0.05420144179656602,0.06416816264390945
23,350,5,0.01,43,0.9971680045127869,0.0028871221002191305,0.05373194673766372,0.0605957955121994
23,350,5,0.01,44,0.9950995445251465,0.004995816852897406,0.07068109261250427,0.10369377583265305
23,350,5,0.01,45,0.9985266923904419,0.0015020010760053992,0.03875565863206816,0.0531923845410347
23,350,5,0.01,46,0.9975206255912781,0.002527600387111306,0.05027524626604336,0.07900971174240112
23,350,5,0.01,47,0.9978278279304504,0.002214467618614435,0.04705813020737687,0.07450821250677109
23,350,5,0.01,48,0.9974517822265625,0.0025977916084229946,0.05096853547457485,0.07939136028289795
23,350,5,0.01,49,0.9960925579071045,0.00398347619920969,0.06311478590005427,0.05434504896402359
23,350,5,0.01,50,0.9974963068962097,0.002552434802055359,0.05052162707252567,0.059476882219314575
23,350,5,0.01,51,0.996198832988739,0.0038751375395804644,0.06225060272463604,0.08143729716539383
23,350,5,0.01,52,0.9961215853691101,0.003953906241804361,0.06288009416185986,0.05961602181196213
23,350,5,0.01,53,0.9967556595802307,0.003307508770376444,0.05751094478772231,0.11945822089910507
23,350,5,0.01,54,0.9976317882537842,0.0024143040645867586,0.049135568222894895,0.08192569017410278
23,350,5,0.01,55,0.9968995451927185,0.00316081615164876,0.0562211361646913,0.10920507460832596
23,350,5,0.01,56,0.9985743165016174,0.0014534051297232509,0.03812355085407511,0.08317126333713531
23,350,5,0.01,57,0.9985884428024292,0.001439003855921328,0.03793420430062199,0.05047988146543503
23,350,5,0.01,58,0.998478353023529,0.0015512772370129824,0.03938625695611329,0.07018934935331345
23,350,5,0.01,59,0.9981622695922852,0.001873520901426673,0.04328418766046872,0.059504762291908264
23,350,5,0.01,60,0.9981857538223267,0.0018495845142751932,0.04300679614055426,0.06370357424020767
23,350,5,0.01,61,0.9978043437004089,0.0022383753675967455,0.04731147183925634,0.12877659499645233
23,350,5,0.01,62,0.9980738162994385,0.0019636736251413822,0.044313357186534424,0.06898108124732971
23,350,5,0.01,63,0.9980090260505676,0.0020297090522944927,0.04505229241997007,0.06559564918279648
23,350,5,0.01,64,0.9962109923362732,0.003862735815346241,0.062150911621200226,0.1363951563835144
23,350,5,0.01,65,0.9942073225975037,0.005905396305024624,0.07684657640405736,0.16871404647827148
23,350,5,0.01,66,0.998073935508728,0.0019635658245533705,0.04431214082566278,0.11071822792291641
23,350,5,0.01,67,0.998116135597229,0.0019205400021746755,0.043823966070800524,0.06259705126285553
23,350,5,0.01,68,0.9986239075660706,0.0014028787845745683,0.03745502348917389,0.06359994411468506
23,350,5,0.01,69,0.9986124634742737,0.0014145132154226303,0.03761001482880099,0.06899791210889816
23,350,5,0.01,70,0.9984574317932129,0.001572578912600875,0.039655755100626626,0.06054125353693962
23,350,5,0.01,71,0.9983773231506348,0.0016542378580197692,0.04067232299758362,0.08213828504085541
23,350,5,0.01,72,0.9986727237701416,0.0013531367294490337,0.03678500685672131,0.0682288110256195
23,350,5,0.01,73,0.99892258644104,0.0010983567917719483,0.033141466349151605,0.06122221797704697
23,350,5,0.01,74,0.9986921548843384,0.0013332722010090947,0.03651400006859143,0.07219260931015015
23,350,5,0.01,75,0.9987363815307617,0.0012882151640951633,0.03589171442123047,0.06998123973608017
23,350,5,0.01,76,0.9966839551925659,0.0033805568236857653,0.058142556047062165,0.07914073765277863
23,350,5,0.01,77,0.9980483651161194,0.0019895893055945635,0.04460481258333638,0.10360568016767502
23,350,5,0.01,78,0.998728334903717,0.0012963899644091725,0.03600541576498142,0.0577755942940712
23,350,5,0.01,79,0.9982720613479614,0.0017615559045225382,0.04197089353972033,0.09156844764947891
23,350,5,0.01,80,0.9987822771072388,0.0012414173688739538,0.03523375326124019,0.08919563889503479
23,350,5,0.01,81,0.9984050393104553,0.0016260251868516207,0.04032400261446798,0.07464955002069473
23,350,5,0.01,82,0.9978809952735901,0.002160236006602645,0.04647833911192013,0.08245236426591873
23,350,5,0.01,83,0.9986977577209473,0.0013276082463562489,0.036436358851513265,0.05857057124376297
23,350,5,0.01,84,0.9971889853477478,0.0028657352086156607,0.05353256213386074,0.11431176215410233
23,350,5,0.01,85,0.9985116124153137,0.0015173329738900065,0.038952958474164794,0.052590593695640564
23,350,5,0.01,86,0.9983212351799011,0.0017114452784880996,0.04136961781897555,0.06553734093904495
23,350,5,0.01,87,0.996827244758606,0.0032345340587198734,0.056872964216047976,0.08677927404642105
23,350,5,0.01,88,0.9975677132606506,0.0024796088691800833,0.049795671189171484,0.04645124077796936
23,350,5,0.01,89,0.9979918003082275,0.0020472698379307985,0.045246766049418366,0.05468224361538887
23,350,5,0.01,90,0.9985661506652832,0.0014617755077779293,0.038233172870923614,0.04660797491669655
23,350,5,0.01,91,0.9981507062911987,0.0018852654611691833,0.04341964372457682,0.06562906503677368
23,350,5,0.01,92,0.9980829954147339,0.001954316860064864,0.044207656124984326,0.05180840566754341
23,350,5,0.01,93,0.9981788396835327,0.0018565936479717493,0.04308820776003278,0.05133844539523125
23,350,5,0.01,94,0.9974166750907898,0.002633580006659031,0.05131841781133778,0.06107182055711746
23,350,5,0.01,95,0.9982762336730957,0.0017573084915056825,0.04192026349518431,0.04481486231088638
23,350,5,0.01,96,0.9977463483810425,0.0022975122556090355,0.04793237168771263,0.08492688089609146
23,350,5,0.01,97,0.9981966018676758,0.001838491763919592,0.042877637107466546,0.0598289892077446
23,350,5,0.01,98,0.9982746839523315,0.0017589150229468942,0.041939420870428026,0.05864043906331062
23,350,5,0.01,99,0.9988024234771729,0.0012209125561639667,0.034941559154736734,0.07232707738876343
23,350,5,0.01,100,0.9979271292686462,0.0021132121328264475,0.04596968710820694,0.0861392468214035
24,350,5,0.01,1,0.9880173802375793,0.012215817347168922,0.11052518874523093,0.33745118975639343
24,350,5,0.01,2,0.9940211772918701,0.006095193326473236,0.07807171912077533,0.2597106397151947
24,350,5,0.01,3,0.9950758814811707,0.005019961856305599,0.07085168915633275,0.2093513160943985
24,350,5,0.01,4,0.9956481456756592,0.004436565563082695,0.06660754884457688,0.14736299216747284
24,350,5,0.01,5,0.9965261816978455,0.0035414390731602907,0.059509991372544244,0.15343976020812988
24,350,5,0.01,6,0.9869790077209473,0.013274437747895718,0.11521474622588776,0.3407227694988251
24,350,5,0.01,7,0.995824933052063,0.004256338346749544,0.06524061884094559,0.14418144524097443
24,350,5,0.01,8,0.9969618320465088,0.003097297390922904,0.05565336819028031,0.10615459084510803
24,350,5,0.01,9,0.9970175623893738,0.003040506737306714,0.05514079014039166,0.09874442219734192
24,350,5,0.01,10,0.9948962926864624,0.00520306546241045,0.07213227753516764,0.12590202689170837
24,350,5,0.01,11,0.9975342154502869,0.002513796091079712,0.05013777110203157,0.08904686570167542
24,350,5,0.01,12,0.9918293356895447,0.008329683914780617,0.09126710204000463,0.2847411334514618
24,350,5,0.01,13,0.9970178008079529,0.0030402119737118483,0.05513811724852281,0.09283703565597534
24,350,5,0.01,14,0.9975012540817261,0.002547356067225337,0.050471339067091704,0.09565472602844238
24,350,5,0.01,15,0.9961955547332764,0.0038784677162766457,0.062277345128679384,0.10769272595643997
24,350,5,0.01,16,0.9977335333824158,0.0023105822037905455,0.04806851572277373,0.09151868522167206
24,350,5,0.01,17,0.9975679516792297,0.0024793772026896477,0.049793344963856845,0.08998450636863708
24,350,5,0.01,18,0.9978767037391663,0.002164633246138692,0.046525619245085734,0.10149557143449783
24,350,5,0.01,19,0.993000864982605,0.007135374937206507,0.08447114854911414,0.17265820503234863
24,350,5,0.01,20,0.9964902997016907,0.0035780020989477634,0.059816403259873155,0.09263068437576294
24,350,5,0.01,21,0.9973053336143494,0.002747094724327326,0.05241273437178531,0.08253005892038345
24,350,5,0.01,22,0.9980776906013489,0.0019597436767071486,0.044268992271195295,0.07822778075933456
24,350,5,0.01,23,0.9982771873474121,0.001756350276991725,0.04190883292328391,0.09501494467258453
24,350,5,0.01,24,0.998622715473175,0.001404072972945869,0.037470961729663,0.1074613407254219
24,350,5,0.01,25,0.9861027598381042,0.014167740009725094,0.11902831599970275,0.22808700799942017
24,350,5,0.01,26,0.9966884255409241,0.003376033855602145,0.05810364752407671,0.10008517652750015
24,350,5,0.01,27,0.997022271156311,0.0030357055366039276,0.055097237104994,0.0916462168097496
24,350,5,0.01,28,0.9979585409164429,0.002081173937767744,0.04561988533268956,0.0733092874288559
24,350,5,0.01,29,0.9982146620750427,0.0018200669437646866,0.042662242601212215,0.08043879270553589
24,350,5,0.01,30,0.9986514449119568,0.0013747906778007746,0.03707816982809123,0.08315721154212952
24,350,5,0.01,31,0.9985920786857605,0.0014353065053001046,0.03788543922538189,0.06197508051991463
24,350,5,0.01,32,0.998426079750061,0.0016045288648456335,0.04005657080736734,0.07502143085002899
24,350,5,0.01,33,0.9979250431060791,0.0021153248380869627,0.045992660698060975,0.12393643707036972
24,350,5,0.01,34,0.9989697337150574,0.0010503299999982119,0.032408795102536775,0.07295197993516922
24,350,5,0.01,35,0.9491938352584839,0.051795005798339844,0.22758516163919792,1.0720053911209106
24,350,5,0.01,36,0.996857762336731,0.003203398548066616,0.0565985737282011,0.13271546363830566
24,350,5,0.01,37,0.9981032609939575,0.0019336278783157468,0.04397303580963847,0.10266205668449402
24,350,5,0.01,38,0.9985876679420471,0.0014398141065612435,0.037944882481847846,0.10973668843507767
24,350,5,0.01,39,0.998773992061615,0.0012498745927587152,0.03535356548862809,0.0911017581820488
24,350,5,0.01,40,0.998725950717926,0.0012988231610506773,0.0360391892396413,0.0868978351354599
24,350,5,0.01,41,0.9988999366760254,0.0011214702390134335,0.03348835975400159,0.0906190276145935
24,350,5,0.01,42,0.998802900314331,0.0012204216327518225,0.03493453352703915,0.09491785615682602
24,350,5,0.01,43,0.9990277886390686,0.0009911498054862022,0.031482531751531706,0.08150768280029297
24,350,5,0.01,44,0.9992372393608093,0.0007776272250339389,0.027885968246305147,0.0767836794257164
24,350,5,0.01,45,0.9990904331207275,0.0009272675379179418,0.030451067927380508,0.07538959383964539
24,350,5,0.01,46,0.9992267489433289,0.0007882969221100211,0.0280766259032317,0.09492070972919464
24,350,5,0.01,47,0.9992769360542297,0.0007371348910965025,0.027150228196030003,0.0719551295042038
24,350,5,0.01,48,0.9993425607681274,0.0006702059181407094,0.025888335561420502,0.06935509294271469
24,350,5,0.01,49,0.9994434714317322,0.0005673753330484033,0.02381964174895171,0.0647207722067833
24,350,5,0.01,50,0.9991373419761658,0.0008794621098786592,0.029655726426419893,0.08142425864934921
24,350,5,0.01,51,0.9989655017852783,0.0010546232806518674,0.032474963905320474,0.07136581093072891
24,350,5,0.01,52,0.9976595640182495,0.0023859592620283365,0.048846281967293445,0.10776516795158386
24,350,5,0.01,53,0.998784065246582,0.0012396012898534536,0.03520797196450619,0.07456319034099579
24,350,5,0.01,54,0.9989637732505798,0.0010564109543338418,0.032502476126194474,0.0629262924194336
24,350,5,0.01,55,0.9990744590759277,0.0009435276733711362,0.03071689556858141,0.06959159672260284
24,350,5,0.01,56,0.9990228414535522,0.0009961524046957493,0.03156188214754863,0.08185363560914993
24,350,5,0.01,57,0.9984490275382996,0.001581139862537384,0.039763549420762025,0.06980649381875992
24,350,5,0.01,58,0.9988006353378296,0.001222681486979127,0.034966862698548276,0.08348269015550613
24,350,5,0.01,59,0.99843829870224,0.0015920825535431504,0.03990090918191151,0.08159949630498886
24,350,5,0.01,60,0.9977225065231323,0.002321824664250016,0.04818531585711581,0.09019646048545837
24,350,5,0.01,61,0.9988114237785339,0.001211733091622591,0.0348099567885769,0.0627899169921875
24,350,5,0.01,62,0.9984468817710876,0.0015833241632208228,0.0397910060594203,0.07477861642837524
24,350,5,0.01,63,0.9988066554069519,0.0012165912194177508,0.03487966770796062,0.05365373194217682
24,350,5,0.01,64,0.9986501336097717,0.0013761329464614391,0.03709626593690313,0.07099661231040955
24,350,5,0.01,65,0.998417854309082,0.0016129242721945047,0.04016122846968834,0.07522676885128021
24,350,5,0.01,66,0.998674750328064,0.0013510475400835276,0.0367565985924096,0.05655607208609581
24,350,5,0.01,67,0.9986865520477295,0.0013389920350164175,0.036592240092899714,0.059995777904987335
24,350,5,0.01,68,0.9981151223182678,0.0019215475767850876,0.043835460266604794,0.09074919670820236
24,350,5,0.01,69,0.9983581900596619,0.0016737395199015737,0.04091136174587169,0.09265213459730148
24,350,5,0.01,70,0.9982656836509705,0.0017680582823231816,0.042048285129398344,0.08242679387331009
24,350,5,0.01,71,0.9985198378562927,0.001508980873040855,0.03884560300781615,0.07540152221918106
24,350,5,0.01,72,0.9981282353401184,0.00190818402916193,0.043682765814013313,0.06676406413316727
24,350,5,0.01,73,0.9980996251106262,0.0019373631803318858,0.04401548795971579,0.11231458932161331
24,350,5,0.01,74,0.9973390698432922,0.0027127182111144066,0.0520837614916051,0.09430555999279022
24,350,5,0.01,75,0.9976524114608765,0.0023932578042149544,0.048920934212410075,0.06280231475830078
24,350,5,0.01,76,0.9982248544692993,0.0018096803687512875,0.042540338136306435,0.06547439843416214
24,350,5,0.01,77,0.9973978996276855,0.002652735449373722,0.0515047128850722,0.06962302327156067
24,350,5,0.01,78,0.9980831146240234,0.001954201143234968,0.044206347318399515,0.058143824338912964
24,350,5,0.01,79,0.9967829585075378,0.0032796552404761314,0.057268274292806585,0.10547655820846558
24,350,5,0.01,80,0.9973853230476379,0.002665536478161812,0.05162883378657523,0.061992622911930084
24,350,5,0.01,81,0.9979224801063538,0.0021179388277232647,0.04602106938917505,0.0823955163359642
24,350,5,0.01,82,0.9946123361587524,0.005492512136697769,0.0741114845128457,0.19029228389263153
24,350,5,0.01,83,0.9974295496940613,0.002620475133880973,0.05119057661211654,0.07357171922922134
24,350,5,0.01,84,0.9976971745491028,0.0023476253263652325,0.048452299495124404,0.10157822072505951
24,350,5,0.01,85,0.997520387172699,0.0025278667453676462,0.05027789519627533,0.07826710492372513
24,350,5,0.01,86,0.9977582693099976,0.002285332651808858,0.04780515298384535,0.06342658400535583
24,350,5,0.01,87,0.997696042060852,0.002348782029002905,0.048464234534374984,0.05901075527071953
24,350,5,0.01,88,0.9977139830589294,0.0023305024951696396,0.04827527830235306,0.055201586335897446
24,350,5,0.01,89,0.9959515333175659,0.004127288702875376,0.06424397795027466,0.0793345719575882
24,350,5,0.01,90,0.9958696961402893,0.004210700746625662,0.06488991251824633,0.14108185470104218
24,350,5,0.01,91,0.9971609711647034,0.0028942865319550037,0.05379857369814746,0.10194094479084015
24,350,5,0.01,92,0.9981135725975037,0.0019231605110689998,0.04385385400473942,0.07173457741737366
24,350,5,0.01,93,0.9976404905319214,0.002405439270660281,0.04904527776106769,0.06498748064041138
24,350,5,0.01,94,0.9980314373970032,0.0020068560261279345,0.044797946673122584,0.06894348561763763
24,350,5,0.01,95,0.9975994825363159,0.0024472277145832777,0.04946946244485862,0.06775636225938797
24,350,5,0.01,96,0.9969875812530518,0.0030710690189152956,0.0554172267342502,0.09186191111803055
24,350,5,0.01,97,0.9966568946838379,0.0034081977792084217,0.058379772003737916,0.06959636509418488
24,350,5,0.01,98,0.9974320530891418,0.0026179212145507336,0.0511656253216037,0.0612143836915493
24,350,5,0.01,99,0.997522234916687,0.0025260010734200478,0.050259338171329396,0.0728684589266777
24,350,5,0.01,100,0.9970923066139221,0.0029642791487276554,0.054445193991092135,0.08782526105642319
25,350,5,0.01,1,0.9889429807662964,0.011272230185568333,0.1061707595600989,0.28250330686569214
25,350,5,0.01,2,0.9907539486885071,0.009425992146134377,0.09708754887283115,0.1692228764295578
25,350,5,0.01,3,0.9923843741416931,0.007763857487589121,0.08811275439792539,0.17666283249855042
25,350,5,0.01,4,0.9947047233581543,0.005398321431130171,0.07347327018127185,0.14607229828834534
25,350,5,0.01,5,0.9956974387168884,0.004386271815747023,0.06622893488307828,0.12580186128616333
25,350,5,0.01,6,0.9961336851119995,0.003941552713513374,0.06278178647914835,0.12192704528570175
25,350,5,0.01,7,0.9965091943740845,0.0035587185993790627,0.05965499643264647,0.13072332739830017
25,350,5,0.01,8,0.9958701133728027,0.004210293758660555,0.06488677645453313,0.12661981582641602
25,350,5,0.01,9,0.9960190653800964,0.004058415070176125,0.06370569103444468,0.11468823999166489
25,350,5,0.01,10,0.9955880045890808,0.004497874528169632,0.06706619512220469,0.12477903068065643
25,350,5,0.01,11,0.99715656042099,0.0028987627010792494,0.05384015881365182,0.10587345063686371
25,350,5,0.01,12,0.9964994788169861,0.003568661632016301,0.059738276105159756,0.14248409867286682
25,350,5,0.01,13,0.9971196055412292,0.00293645984493196,0.05418911186697896,0.10670388489961624
25,350,5,0.01,14,0.996130645275116,0.003944640047848225,0.06280636948469658,0.12358968704938889
25,350,5,0.01,15,0.9972842335700989,0.0027686008252203465,0.052617495428995346,0.09531012177467346
25,350,5,0.01,16,0.9977623820304871,0.002281182911247015,0.04776173061402837,0.1113893985748291
25,350,5,0.01,17,0.9966321587562561,0.003433364210650325,0.058594916252609534,0.11215290427207947
25,350,5,0.01,18,0.9975173473358154,0.002530984580516815,0.05030889166456378,0.08010283857584
25,350,5,0.01,19,0.9975934028625488,0.002453424734994769,0.049532057649513905,0.08684732019901276
25,350,5,0.01,20,0.9921022653579712,0.008051441982388496,0.0897298277184822,0.20517763495445251
25,350,5,0.01,21,0.9969679117202759,0.003091118298470974,0.05559782638261116,0.10860548168420792
25,350,5,0.01,22,0.997595489025116,0.002451281063258648,0.04951041368498801,0.08568108826875687
25,350,5,0.01,23,0.9974437355995178,0.002606033580377698,0.05104932497475063,0.07735754549503326
25,350,5,0.01,24,0.9978584051132202,0.0021832569036632776,0.04672533470894861,0.10528209060430527
25,350,5,0.01,25,0.9959424734115601,0.004136528354138136,0.0643158483900985,0.12808488309383392
25,350,5,0.01,26,0.9964489340782166,0.003620205679908395,0.06016814505956117,0.10335976630449295
25,350,5,0.01,27,0.9975991249084473,0.0024475855752825737,0.04947307929856978,0.10121380537748337
25,350,5,0.01,28,0.9982311129570007,0.0018033430678769946,0.04246578702764137,0.10024868696928024
25,350,5,0.01,29,0.9983500242233276,0.0016821109456941485,0.04101354588052768,0.07158415764570236
25,350,5,0.01,30,0.998256504535675,0.0017774520674720407,0.04215983950956219,0.08715486526489258
25,350,5,0.01,31,0.9960267543792725,0.004050590097904205,0.06364424638491845,0.18229830265045166
25,350,5,0.01,32,0.9976126551628113,0.0024338052608072758,0.04933361187676487,0.08152434974908829
25,350,5,0.01,33,0.9968128800392151,0.003249123692512512,0.057001085011712825,0.07480175793170929
25,350,5,0.01,34,0.9975088834762573,0.0025395818520337343,0.05039426407869981,0.0753321647644043
25,350,5,0.01,35,0.9967645406723022,0.0032984265126287937,0.05743192938278144,0.08667647838592529
25,350,5,0.01,36,0.9972670078277588,0.002786202123388648,0.052784487526058715,0.11370422691106796
25,350,5,0.01,37,0.9960324764251709,0.004044744186103344,0.06359830332723777,0.10079590976238251
25,350,5,0.01,38,0.9974882006645203,0.0025606730487197638,0.05060309327224734,0.07291945815086365
25,350,5,0.01,39,0.9974601864814758,0.002589243231341243,0.05088460701765557,0.11476583778858185
25,350,5,0.01,40,0.9981068968772888,0.001929959049448371,0.04393129920055143,0.06274229288101196
25,350,5,0.01,41,0.9986074566841125,0.0014196448028087616,0.03767817409069555,0.07134006917476654
25,350,5,0.01,42,0.9983254671096802,0.0017071281326934695,0.04131740713904334,0.06270703673362732
25,350,5,0.01,43,0.9984925389289856,0.0015367731684818864,0.03920169854077609,0.08021236211061478
25,350,5,0.01,44,0.9985414743423462,0.0014869350707158446,0.0385607970705462,0.05742853507399559
25,350,5,0.01,45,0.9981184601783752,0.0019181605894118547,0.04379681026526766,0.06921825557947159
25,350,5,0.01,46,0.998508632183075,0.0015204154187813401,0.038992504648731406,0.05761132016777992
25,350,5,0.01,47,0.9986268281936646,0.0013998813228681684,0.03741498794424727,0.06734801828861237
25,350,5,0.01,48,0.9984921813011169,0.001537158852443099,0.03920661745730048,0.07233795523643494
25,350,5,0.01,49,0.9981580376625061,0.001877794973552227,0.0433335317456612,0.06418750435113907
25,350,5,0.01,50,0.9969162940979004,0.0031437226571142673,0.05606890989768097,0.09835438430309296
25,350,5,0.01,51,0.9974676966667175,0.0025816112756729126,0.05080955890059382,0.09286465495824814
25,350,5,0.01,52,0.9985623955726624,0.0014655933482572436,0.038283068689137806,0.07357151806354523
25,350,5,0.01,53,0.9985999464988708,0.0014273162232711911,0.03777983884654871,0.07456466555595398
25,350,5,0.01,54,0.9978142976760864,0.002228239318355918,0.04720422987779716,0.14382362365722656
25,350,5,0.01,55,0.9983227252960205,0.0017099299002438784,0.04135129865244716,0.060924045741558075
25,350,5,0.01,56,0.9985705614089966,0.0014572597574442625,0.038174071795451195,0.06735056638717651
25,350,5,0.01,57,0.9899401068687439,0.010255664587020874,0.10127025519381727,0.14806361496448517
25,350,5,0.01,58,0.9961913228034973,0.003882835153490305,0.06231239967687254,0.07845833897590637
25,350,5,0.01,59,0.9969338178634644,0.0031258652452379465,0.055909437890556066,0.08223925530910492
25,350,5,0.01,60,0.9964839816093445,0.003584427759051323,0.05987009068851761,0.06575200706720352
25,350,5,0.01,61,0.996716320514679,0.003347584279254079,0.057858312101668495,0.07613752782344818
25,350,5,0.01,62,0.9958484172821045,0.004232412204146385,0.06505699196970595,0.06758473813533783
25,350,5,0.01,63,0.9964799880981445,0.003588508116081357,0.05990415775287519,0.10999980568885803
25,350,5,0.01,64,0.9974796175956726,0.0025694062933325768,0.050689311430838914,0.07032452523708344
25,350,5,0.01,65,0.9977993369102478,0.0022434936836361885,0.0473655326544122,0.05710389092564583
25,350,5,0.01,66,0.9972610473632812,0.0027922578155994415,0.0528418188142634,0.11432235687971115
25,350,5,0.01,67,0.9967329502105713,0.003330652369186282,0.057711804418041565,0.0987333133816719
25,350,5,0.01,68,0.9974725842475891,0.0025766068138182163,0.05076028776335115,0.07127897441387177
25,350,5,0.01,69,0.9966663718223572,0.003398514585569501,0.058296780233298484,0.10902144759893417
25,350,5,0.01,70,0.9973978400230408,0.00265278248116374,0.05150516946058658,0.08082626014947891
25,350,5,0.01,71,0.9972109794616699,0.002843298716470599,0.05332259105173528,0.06618299335241318
25,350,5,0.01,72,0.9973011612892151,0.002751390915364027,0.052453702589655454,0.06211848184466362
25,350,5,0.01,73,0.9978010058403015,0.002241767942905426,0.04734731188679486,0.0765121728181839
25,350,5,0.01,74,0.9978751540184021,0.002166175516322255,0.04654219071253796,0.08237651735544205
25,350,5,0.01,75,0.9919888973236084,0.008167047053575516,0.09037171600437559,0.12755128741264343
25,350,5,0.01,76,0.9978551268577576,0.00218661455437541,0.04676125056470806,0.07115858048200607
25,350,5,0.01,77,0.997698962688446,0.0023457943461835384,0.04843340114201705,0.0567069910466671
25,350,5,0.01,78,0.9981546998023987,0.001881241099908948,0.043373276333578355,0.05318590998649597
25,350,5,0.01,79,0.9970816373825073,0.002975191455334425,0.054545315613115895,0.060747239738702774
25,350,5,0.01,80,0.9983900785446167,0.0016412282129749656,0.040512074903354005,0.091009721159935
25,350,5,0.01,81,0.9978050589561462,0.0022376321721822023,0.04730361690380771,0.0772571936249733
25,350,5,0.01,82,0.9979234337806702,0.002117012394592166,0.04601100297311683,0.09469430893659592
25,350,5,0.01,83,0.9981203079223633,0.0019162927055731416,0.043775480643542246,0.0699368566274643
25,350,5,0.01,84,0.9979328513145447,0.002107384614646435,0.04590625899206376,0.08803140372037888
25,350,5,0.01,85,0.9987691044807434,0.001254881382919848,0.035424304974407725,0.05809599161148071
25,350,5,0.01,86,0.9987033605575562,0.0013219058746472,0.03635802352503777,0.06656797975301743
25,350,5,0.01,87,0.9986884593963623,0.0013370809610933065,0.03656611766503667,0.07658198475837708
25,350,5,0.01,88,0.997604489326477,0.002442140830680728,0.049418021314908266,0.08778484910726547
25,350,5,0.01,89,0.9983482360839844,0.0016839042073115706,0.04103540187827543,0.06488945335149765
25,350,5,0.01,90,0.9985947012901306,0.0014326644595712423,0.03785055428354045,0.06353671103715897
25,350,5,0.01,91,0.9986398816108704,0.001386580872349441,0.037236821458731424,0.05807409808039665
25,350,5,0.01,92,0.9988197088241577,0.0012032752856612206,0.0346882586138483,0.04355093464255333
25,350,5,0.01,93,0.998264491558075,0.0017692673718556762,0.04206266006633052,0.06134574115276337
25,350,5,0.01,94,0.998680830001831,0.0013448218815028667,0.03667181317446503,0.07419408857822418
25,350,5,0.01,95,0.9989323019981384,0.0010884505463764071,0.032991673894733,0.05795691907405853
25,350,5,0.01,96,0.9981290698051453,0.0019073650473728776,0.043673390609991314,0.1586970090866089
25,350,5,0.01,97,0.9987886548042297,0.001234905794262886,0.035141226419447655,0.05321915075182915
25,350,5,0.01,98,0.9988507628440857,0.0011715890141204,0.03422848249806584,0.055142175406217575
25,350,5,0.01,99,0.9988695979118347,0.0011523859575390816,0.03394681071233469,0.09961733222007751
25,350,5,0.01,100,0.9991373419761658,0.000879476428963244,0.02965596784735315,0.058082979172468185
26,350,5,0.01,1,0.9782497882843018,0.0221735630184412,0.14890790112831892,0.5121416449546814
26,350,5,0.01,2,0.9858879446983337,0.014386732131242752,0.11994470447353127,0.3561939001083374
26,350,5,0.01,3,0.986561119556427,0.013700469397008419,0.11704900425466429,0.3479755222797394
26,350,5,0.01,4,0.9888550639152527,0.011361862532794476,0.10659203784896167,0.2962366044521332
26,350,5,0.01,5,0.9914211630821228,0.008745819330215454,0.09351908537948526,0.25137436389923096
26,350,5,0.01,6,0.9920608401298523,0.00809365976601839,0.0899647695824226,0.2310980260372162
26,350,5,0.01,7,0.9917588829994202,0.008401493541896343,0.09165966147600778,0.29633811116218567
26,350,5,0.01,8,0.9937800168991089,0.006341054104268551,0.07963073592695569,0.21426092088222504
26,350,5,0.01,9,0.9941224455833435,0.005991970654577017,0.07740782037092259,0.19744841754436493
26,350,5,0.01,10,0.9937823414802551,0.006338680163025856,0.07961582859598873,0.20023003220558167
26,350,5,0.01,11,0.9937103986740112,0.006411996204406023,0.08007494117641313,0.18430748581886292
26,350,5,0.01,12,0.9936137795448303,0.006510506384074688,0.08068770900251591,0.23499338328838348
26,350,5,0.01,13,0.9940082430839539,0.006108365952968597,0.07815603593433201,0.22759424149990082
26,350,5,0.01,14,0.9946927428245544,0.005410543642938137,0.07355639770229465,0.1760367900133133
26,350,5,0.01,15,0.9940186738967896,0.00609775073826313,0.07808809600869476,0.19159537553787231
26,350,5,0.01,16,0.9951200485229492,0.004974942188709974,0.0705332700837695,0.17904780805110931
26,350,5,0.01,17,0.9945067167282104,0.005600183270871639,0.07483437225547923,0.16026215255260468
26,350,5,0.01,18,0.995105504989624,0.0049897595308721066,0.07063822995285277,0.15299749374389648
26,350,5,0.01,19,0.9947178363800049,0.005384995136409998,0.0733825260972256,0.14955495297908783
26,350,5,0.01,20,0.9937889575958252,0.006331942044198513,0.07957350089193332,0.16904665529727936
26,350,5,0.01,21,0.9945773482322693,0.005528182722628117,0.07435174996345491,0.14718548953533173
26,350,5,0.01,22,0.9948064684867859,0.005294619593769312,0.07276413672798786,0.1743663102388382
26,350,5,0.01,23,0.993373453617096,0.00675549078732729,0.0821917927005324,0.21940964460372925
26,350,5,0.01,24,0.9939795732498169,0.006137607619166374,0.07834288493007119,0.14759835600852966
26,350,5,0.01,25,0.9954208135604858,0.004668319132179022,0.06832509884500002,0.1406526416540146
26,350,5,0.01,26,0.9952517151832581,0.004840686451643705,0.06957504187310062,0.12269170582294464
26,350,5,0.01,27,0.9953201413154602,0.004770956467837095,0.06907211063690681,0.126083642244339
26,350,5,0.01,28,0.996221125125885,0.003852409077808261,0.0620677780962736,0.13357676565647125
26,350,5,0.01,29,0.9908890128135681,0.009288325905799866,0.09637596124449221,0.2183179408311844
26,350,5,0.01,30,0.9958536624908447,0.004227062687277794,0.06501586488910067,0.12680743634700775
26,350,5,0.01,31,0.9943305253982544,0.005779810715466738,0.07602506636279076,0.18187883496284485
26,350,5,0.01,32,0.9965637922286987,0.0035030748695135117,0.059186779516320294,0.12547585368156433
26,350,5,0.01,33,0.9961678385734558,0.003906733822077513,0.06250387045677662,0.11547037959098816
26,350,5,0.01,34,0.9952884316444397,0.004803286399692297,0.06930574579132885,0.14260578155517578
26,350,5,0.01,35,0.9962726831436157,0.00379988388158381,0.061643198177769865,0.12231661379337311
26,350,5,0.01,36,0.9956580996513367,0.004426421131938696,0.06653135450251028,0.1021629199385643
26,350,5,0.01,37,0.992637038230896,0.007506248075515032,0.08663860614942412,0.1613316684961319
26,350,5,0.01,38,0.994162380695343,0.005951265804469585,0.07714444765807572,0.12402207404375076
26,350,5,0.01,39,0.9954786896705627,0.004609336145222187,0.06789209191962041,0.10341403633356094
26,350,5,0.01,40,0.9945919513702393,0.005513295065611601,0.0742515660818787,0.11138424277305603
26,350,5,0.01,41,0.9957950115203857,0.0042868428863584995,0.06547398633318809,0.10107933729887009
26,350,5,0.01,42,0.9951924085617065,0.004901183303445578,0.07000845165725048,0.10198158770799637
26,350,5,0.01,43,0.9954959154129028,0.004591768141835928,0.06776258659345825,0.0912371501326561
26,350,5,0.01,44,0.9942254424095154,0.005886933300644159,0.07672635336469576,0.12407012283802032
26,350,5,0.01,45,0.9959806799888611,0.004097544588148594,0.06401206595750987,0.10503175109624863
26,350,5,0.01,46,0.993959903717041,0.006157636176794767,0.07847060708822615,0.11703922599554062
26,350,5,0.01,47,0.9942939877510071,0.005817073862999678,0.07626974408636546,0.12383857369422913
26,350,5,0.01,48,0.9944189786911011,0.005689647514373064,0.07542975218289573,0.09588135033845901
26,350,5,0.01,49,0.9950001239776611,0.00509721040725708,0.07139475055812633,0.09304854273796082
26,350,5,0.01,50,0.9943159222602844,0.005794720258563757,0.07612305996584581,0.09879449754953384
26,350,5,0.01,51,0.9939569234848022,0.006160677410662174,0.07848998286827545,0.09348001331090927
26,350,5,0.01,52,0.9934598803520203,0.0066673848778009415,0.081654056101341,0.12539327144622803
26,350,5,0.01,53,0.9858722686767578,0.01440269872546196,0.12001124416262819,0.2666109502315521
26,350,5,0.01,54,0.9952144622802734,0.004878707695752382,0.06984774653310143,0.10463985800743103
26,350,5,0.01,55,0.9954140782356262,0.0046751671470701694,0.06837519394539346,0.07461387664079666
26,350,5,0.01,56,0.9960468411445618,0.004030109848827124,0.06348314617933742,0.1187957152724266
26,350,5,0.01,57,0.9952415823936462,0.004851050209254026,0.0696494810408091,0.08650904148817062
26,350,5,0.01,58,0.9949516654014587,0.005146567709743977,0.07173958258690928,0.09752155840396881
26,350,5,0.01,59,0.994367241859436,0.005742371082305908,0.075778434150528,0.16734150052070618
26,350,5,0.01,60,0.9944289326667786,0.005679477006196976,0.07536230494217236,0.07364317774772644
26,350,5,0.01,61,0.9948619604110718,0.0052380687557160854,0.07237450349201772,0.10756198316812515
26,350,5,0.01,62,0.9914824962615967,0.008683286607265472,0.0931841542713431,0.1364142745733261
26,350,5,0.01,63,0.995106041431427,0.004989210516214371,0.07063434374448715,0.0791880264878273
26,350,5,0.01,64,0.9937183260917664,0.006403949111700058,0.0800246781418086,0.08196734637022018
26,350,5,0.01,65,0.9942604899406433,0.005851216148585081,0.07649324250275367,0.10023421794176102
26,350,5,0.01,66,0.994010329246521,0.006106269080191851,0.07814262012622722,0.1002369225025177
26,350,5,0.01,67,0.9951340556144714,0.004960665479302406,0.07043199187373879,0.08197212964296341
26,350,5,0.01,68,0.9952859878540039,0.0048057385720312595,0.0693234345083339,0.0852762758731842
26,350,5,0.01,69,0.9931687712669373,0.006964180152863264,0.08345166357157456,0.11376070976257324
26,350,5,0.01,70,0.9944798946380615,0.005627518054097891,0.07501678514904442,0.08509523421525955
26,350,5,0.01,71,0.994536280632019,0.005570061504840851,0.07463284467873947,0.09085595607757568
26,350,5,0.01,72,0.9934819340705872,0.006644902750849724,0.08151627292050173,0.08386380970478058
26,350,5,0.01,73,0.9925923347473145,0.007551846094429493,0.08690135841532912,0.17549391090869904
26,350,5,0.01,74,0.9952252507209778,0.004867653828114271,0.06976857335587615,0.0819878801703453
26,350,5,0.01,75,0.9950422644615173,0.00505422055721283,0.07109304155269226,0.06552424281835556
26,350,5,0.01,76,0.9938958287239075,0.006223002448678017,0.07888600920745083,0.06286248564720154
26,350,5,0.01,77,0.9938132762908936,0.006307130679488182,0.07941744568725553,0.0722803846001625
26,350,5,0.01,78,0.9952685832977295,0.004823489114642143,0.069451343504947,0.08581742644309998
26,350,5,0.01,79,0.9951865673065186,0.00490712933242321,0.07005090529338796,0.07839415967464447
26,350,5,0.01,80,0.9953919649124146,0.004697705153375864,0.06853980707133529,0.08545557409524918
26,350,5,0.01,81,0.9955268502235413,0.004560230765491724,0.06752948071392023,0.05660691857337952
26,350,5,0.01,82,0.9946818351745605,0.005421679932624102,0.07363205777800931,0.0888032615184784
26,350,5,0.01,83,0.9949380159378052,0.005160520784556866,0.07183676485308109,0.16383816301822662
26,350,5,0.01,84,0.994194746017456,0.005918269976973534,0.07693029297340244,0.1585489958524704
26,350,5,0.01,85,0.9937433004379272,0.006378480698913336,0.07986539112101897,0.08349258452653885
26,350,5,0.01,86,0.994938850402832,0.0051596504636108875,0.07183070696861397,0.06804271787405014
26,350,5,0.01,87,0.9948294162750244,0.005271205212920904,0.07260306613994277,0.06268026679754257
26,350,5,0.01,88,0.9954829812049866,0.004604946356266737,0.0678597550560473,0.09469656646251678
26,350,5,0.01,89,0.9965601563453674,0.003506781067699194,0.05921808058101169,0.07558637857437134
26,350,5,0.01,90,0.9947654008865356,0.005336456932127476,0.07305105702265693,0.0909825935959816
26,350,5,0.01,91,0.994350254535675,0.00575972069054842,0.07589282370915197,0.0933118388056755
26,350,5,0.01,92,0.9952477812767029,0.004844700917601585,0.06960388579383758,0.09450197219848633
26,350,5,0.01,93,0.9918320178985596,0.008326933719217777,0.09125203405523505,0.20516130328178406
26,350,5,0.01,94,0.9952841997146606,0.004807581193745136,0.06933672326945611,0.11148305982351303
26,350,5,0.01,95,0.9932931661605835,0.0068373484537005424,0.08268826067647415,0.07989837974309921
26,350,5,0.01,96,0.9968927502632141,0.003167744493111968,0.056282719311632125,0.07434672862291336
26,350,5,0.01,97,0.9964383840560913,0.0036309550050646067,0.06025740622582926,0.07628103345632553
26,350,5,0.01,98,0.9956384897232056,0.004446417558938265,0.06668146338329915,0.06111723929643631
26,350,5,0.01,99,0.9894251823425293,0.010780608281493187,0.10382970808729641,0.1924801617860794
26,350,5,0.01,100,0.9948447346687317,0.005255588795989752,0.07249543982892821,0.057685486972332
27,350,5,0.01,1,0.9877396821975708,0.012498963624238968,0.11179876396561354,0.35760658979415894
27,350,5,0.01,2,0.9931779503822327,0.006954820826649666,0.08339556838735297,0.22711019217967987
27,350,5,0.01,3,0.9915254712104797,0.008639462292194366,0.09294870785650743,0.19059690833091736
27,350,5,0.01,4,0.9926224946975708,0.0075210630893707275,0.08672406292010729,0.13880440592765808
27,350,5,0.01,5,0.9935488104820251,0.006576769519597292,0.08109728429236883,0.1522044688463211
27,350,5,0.01,6,0.9834269881248474,0.016895592212677002,0.12998304586628598,0.20111742615699768
27,350,5,0.01,7,0.9934304356575012,0.006697417702525854,0.08183775230616891,0.19020776450634003
27,350,5,0.01,8,0.994753897190094,0.0053481897339224815,0.07313131842051313,0.11158353835344315
27,350,5,0.01,9,0.9894059896469116,0.010800221934914589,0.10392411623350274,0.16124150156974792
27,350,5,0.01,10,0.9950579404830933,0.005038234405219555,0.07098052130845162,0.10733409225940704
27,350,5,0.01,11,0.9951690435409546,0.004924975335597992,0.07017816851128271,0.09018871188163757
27,350,5,0.01,12,0.9956306219100952,0.004454389680176973,0.06674121425458915,0.08219684660434723
27,350,5,0.01,13,0.9958021640777588,0.0042795478366315365,0.06541825308452937,0.1324155479669571
27,350,5,0.01,14,0.9957020878791809,0.004381575156003237,0.06619346762334813,0.10441260039806366
27,350,5,0.01,15,0.9945141673088074,0.005592586938291788,0.07478360073098772,0.10535688698291779
27,350,5,0.01,16,0.9958059787750244,0.004275642801076174,0.06538839959102971,0.10484256595373154
27,350,5,0.01,17,0.9927572011947632,0.0073837945237755775,0.08592900862791085,0.1615738868713379
27,350,5,0.01,18,0.9939409494400024,0.006177001632750034,0.07859390327977123,0.1005701944231987
27,350,5,0.01,19,0.9900999665260315,0.010092688724398613,0.10046237467031432,0.2615785598754883
27,350,5,0.01,20,0.9952267408370972,0.004866143222898245,0.06975774668736258,0.08084341138601303
27,350,5,0.01,21,0.9942910075187683,0.005820116493850946,0.07628968799156899,0.08398096263408661
27,350,5,0.01,22,0.9961395859718323,0.003935527987778187,0.06273378665263389,0.06603013724088669
27,350,5,0.01,23,0.9954380393028259,0.004650727845728397,0.06819624509992026,0.07842403650283813
27,350,5,0.01,24,0.9948779940605164,0.005221689585596323,0.07226125923063009,0.08054018765687943
27,350,5,0.01,25,0.9871355295181274,0.01311484258621931,0.11452005320562557,0.16023731231689453
27,350,5,0.01,26,0.9950395822525024,0.005056967493146658,0.07111235823080723,0.08154762536287308
27,350,5,0.01,27,0.9951939582824707,0.0048996079713106155,0.06999719973906539,0.08094523847103119
27,350,5,0.01,28,0.9960193634033203,0.004058127291500568,0.06370343233688879,0.08829978853464127
27,350,5,0.01,29,0.9962757229804993,0.0037967911921441555,0.061618107664420815,0.07529107481241226
27,350,5,0.01,30,0.9953946471214294,0.004694974981248379,0.0685198874871258,0.1133083626627922
27,350,5,0.01,31,0.9944086074829102,0.005700229201465845,0.07549986226123757,0.12698222696781158
27,350,5,0.01,32,0.9921603798866272,0.007992174476385117,0.08939896238986847,0.2109202742576599
27,350,5,0.01,33,0.9922969937324524,0.007852930575609207,0.08861676238505449,0.08032141625881195
27,350,5,0.01,34,0.994200587272644,0.005912309978157282,0.0768915468576181,0.06672237813472748
27,350,5,0.01,35,0.9949953556060791,0.005102028138935566,0.07142848268677955,0.07157773524522781
27,350,5,0.01,36,0.9955723285675049,0.0045138453133404255,0.06718515694214329,0.06174921989440918
27,350,5,0.01,37,0.9951674938201904,0.00492653576657176,0.07018928526899074,0.05699968338012695
27,350,5,0.01,38,0.9960021376609802,0.004075655713677406,0.06384086241332745,0.05763426795601845
27,350,5,0.01,39,0.9949237108230591,0.005175111815333366,0.07193825001578344,0.07507474720478058
27,350,5,0.01,40,0.9952316284179688,0.004861149471253157,0.06972194397213231,0.08516077697277069
27,350,5,0.01,41,0.9954718351364136,0.004616290330886841,0.06794328760728936,0.11636015772819519
27,350,5,0.01,42,0.9967992305755615,0.003263053484261036,0.05712314315810218,0.07033342868089676
27,350,5,0.01,43,0.9965705275535583,0.00349623360671103,0.05912895742959646,0.05753137171268463
27,350,5,0.01,44,0.9963467121124268,0.0037243941333144903,0.061027814423543714,0.07286296784877777
27,350,5,0.01,45,0.9914417862892151,0.008724761195480824,0.09340643016131611,0.22049537301063538
27,350,5,0.01,46,0.995897114276886,0.004182752687484026,0.06467420418902753,0.06838057190179825
27,350,5,0.01,47,0.9966772794723511,0.0033874022774398327,0.05820139411938371,0.06451265513896942
27,350,5,0.01,48,0.9963104128837585,0.003761405125260353,0.061330295329961954,0.059389032423496246
27,350,5,0.01,49,0.9964388608932495,0.0036304444074630737,0.06025316927318491,0.05819441378116608
27,350,5,0.01,50,0.9964314103126526,0.0036380442325025797,0.06031620207293045,0.06329432874917984
27,350,5,0.01,51,0.9972890615463257,0.002763718366622925,0.052571079184499575,0.11049008369445801
27,350,5,0.01,52,0.9980689287185669,0.001968648750334978,0.04436945740410827,0.06504228711128235
27,350,5,0.01,53,0.997557520866394,0.002490035491064191,0.04990025542083117,0.07914116978645325
27,350,5,0.01,54,0.997614324092865,0.0024321009404957294,0.04931633543254942,0.0833098515868187
27,350,5,0.01,55,0.9976931810379028,0.0023517271038144827,0.048494609018059756,0.0846809446811676
27,350,5,0.01,56,0.9972660541534424,0.0027871436905115843,0.05279340574836581,0.08341395854949951
27,350,5,0.01,57,0.9961338639259338,0.003941376227885485,0.06278038091542201,0.15805932879447937
27,350,5,0.01,58,0.997596025466919,0.0024507774505764246,0.049505327496911125,0.11771416664123535
27,350,5,0.01,59,0.9973950982093811,0.002655603690072894,0.0515325498114822,0.069617360830307
27,350,5,0.01,60,0.9980922341346741,0.0019448958337306976,0.04410097316081242,0.0649411529302597
27,350,5,0.01,61,0.9976579546928406,0.002387614455074072,0.04886322190639983,0.06600560992956161
27,350,5,0.01,62,0.9985268115997314,0.0015018723206594586,0.03875399747973696,0.06055755168199539
27,350,5,0.01,63,0.9986082911491394,0.0014188075438141823,0.03766706178897131,0.07531687617301941
27,350,5,0.01,64,0.9972301721572876,0.002823718125000596,0.053138668829775894,0.10167087614536285
27,350,5,0.01,65,0.9985504746437073,0.0014777369797229767,0.03844134466590596,0.09453050047159195
27,350,5,0.01,66,0.9983696937561035,0.0016620636451989412,0.04076841479870098,0.0863068476319313
27,350,5,0.01,67,0.9981072545051575,0.0019295557867735624,0.043926709264109035,0.06673245877027512
27,350,5,0.01,68,0.9970417618751526,0.003015798982232809,0.054916290681662115,0.06430728733539581
27,350,5,0.01,69,0.99781334400177,0.0022292283829301596,0.04721470515559913,0.061946261674165726
27,350,5,0.01,70,0.9964489936828613,0.003620136994868517,0.060167574281073666,0.08135046064853668
27,350,5,0.01,71,0.997473955154419,0.0025752251967787743,0.05074667670674381,0.0706738531589508
27,350,5,0.01,72,0.997261106967926,0.002792211016640067,0.05284137599116877,0.06187298521399498
27,350,5,0.01,73,0.9981915354728699,0.0018436862155795097,0.04293816735236274,0.07281369715929031
27,350,5,0.01,74,0.9977099299430847,0.002334612887352705,0.04831783198108856,0.06112464517354965
27,350,5,0.01,75,0.9956166744232178,0.004468636121600866,0.06684785801804621,0.07154370844364166
27,350,5,0.01,76,0.9980985522270203,0.0019384777406230569,0.04402814714047205,0.10441039502620697
27,350,5,0.01,77,0.99862140417099,0.0014054413186386228,0.03748921603126188,0.06449355185031891
27,350,5,0.01,78,0.9980108141899109,0.002027883194386959,0.045032024098267655,0.09810204058885574
27,350,5,0.01,79,0.9978798031806946,0.0021614900324493647,0.046491827587753144,0.07006774097681046
27,350,5,0.01,80,0.9990894794464111,0.0009282222017645836,0.030466739270302353,0.050486475229263306
27,350,5,0.01,81,0.9987874627113342,0.0012361289700493217,0.03515862582709002,0.06070389598608017
27,350,5,0.01,82,0.9989367127418518,0.0010839973110705614,0.03292411443107561,0.07698771357536316
27,350,5,0.01,83,0.9989863634109497,0.0010333642130717635,0.03214598284501134,0.05675728619098663
27,350,5,0.01,84,0.9988685250282288,0.0011535162338986993,0.0339634543870128,0.06024441495537758
27,350,5,0.01,85,0.9990571737289429,0.0009611902059987187,0.03100306768690348,0.06342754513025284
27,350,5,0.01,86,0.9992897510528564,0.0007240567356348038,0.026908302355124595,0.07089005410671234
27,350,5,0.01,87,0.9968118071556091,0.003250237787142396,0.05701085674801244,0.16473077237606049
27,350,5,0.01,88,0.9992878437042236,0.0007260139100253582,0.026944645294109146,0.05542270094156265
27,350,5,0.01,89,0.9993689060211182,0.000643368752207607,0.025364714707790566,0.05930253863334656
27,350,5,0.01,90,0.9994370341300964,0.0005739284679293633,0.023956804209438354,0.05482909083366394
27,350,5,0.01,91,0.9993318319320679,0.0006811662460677326,0.026099161788604105,0.06644666194915771
27,350,5,0.01,92,0.9997385740280151,0.00026652668020688,0.016325644863431275,0.052079129964113235
27,350,5,0.01,93,0.999441921710968,0.0005689557874575257,0.023852794122649987,0.06587851792573929
27,350,5,0.01,94,0.9995311498641968,0.00047800116590224206,0.021863237772622838,0.0988893061876297
27,350,5,0.01,95,0.9994686841964722,0.0005416812491603196,0.023274046686391252,0.05201444402337074
27,350,5,0.01,96,0.999159574508667,0.0008567544864490628,0.02927036874467185,0.06923671066761017
27,350,5,0.01,97,0.9995906949043274,0.0004172541666775942,0.020426800206532453,0.05479390546679497
27,350,5,0.01,98,0.9983907341957092,0.0016405782662332058,0.040504052466798994,0.09236163645982742
27,350,5,0.01,99,0.9971303939819336,0.002925430191680789,0.05408724610923345,0.07474754005670547
27,350,5,0.01,100,0.9981284141540527,0.001908014644868672,0.04368082697097975,0.08742731809616089
28,350,5,0.01,1,0.994221031665802,0.00589143019169569,0.07675565250648117,0.26506170630455017
28,350,5,0.01,2,0.9956762194633484,0.004407935310155153,0.06639228351363699,0.219791978597641
28,350,5,0.01,3,0.992221474647522,0.007929911836981773,0.08905005242548582,0.3516121804714203
28,350,5,0.01,4,0.9969068765640259,0.0031533471774309874,0.056154671910990515,0.12528257071971893
28,350,5,0.01,5,0.9960508942604065,0.004025942180305719,0.06345031268879389,0.12624573707580566
28,350,5,0.01,6,0.9967129826545715,0.0033509901259094477,0.05788773726714016,0.10127770155668259
28,350,5,0.01,7,0.9959565997123718,0.004122108221054077,0.06420364647786041,0.09746477752923965
28,350,5,0.01,8,0.9972527623176575,0.0028006865177303553,0.052921512806517114,0.10958961397409439
28,350,5,0.01,9,0.9949544072151184,0.005143818445503712,0.0717204186093731,0.14733758568763733
28,350,5,0.01,10,0.996695876121521,0.003368420759215951,0.0580380974810163,0.10580021142959595
28,350,5,0.01,11,0.9969120025634766,0.00314809731207788,0.05610790774995874,0.10120783746242523
28,350,5,0.01,12,0.9971088767051697,0.0029473660979419947,0.05428965000754743,0.10591387003660202
28,350,5,0.01,13,0.9961990714073181,0.003874929854646325,0.06224893456635483,0.09897338598966599
28,350,5,0.01,14,0.9973743557929993,0.002676722826436162,0.051737054674924836,0.10617431253194809
28,350,5,0.01,15,0.992209255695343,0.007942373864352703,0.08911999699479743,0.11846467852592468
28,350,5,0.01,16,0.9934723973274231,0.006654664874076843,0.08157612931536311,0.1876484453678131
28,350,5,0.01,17,0.9946427941322327,0.005461486987769604,0.07390187404775067,0.10434091091156006
28,350,5,0.01,18,0.9952382445335388,0.004854457452893257,0.06967393668290359,0.08226191252470016
28,350,5,0.01,19,0.9955149292945862,0.0045723821967840195,0.06761939216514756,0.07385822385549545
28,350,5,0.01,20,0.9960459470748901,0.004030989482998848,0.06349007389347447,0.08748268336057663
28,350,5,0.01,21,0.9964686632156372,0.0036000446416437626,0.060000372012544746,0.07877732068300247
28,350,5,0.01,22,0.9966371059417725,0.0034283476416021585,0.058552093400681744,0.07853566855192184
28,350,5,0.01,23,0.9973470568656921,0.0027045821771025658,0.052005597555480176,0.06703750044107437
28,350,5,0.01,24,0.9972783327102661,0.002774653024971485,0.05267497532008425,0.0713774636387825
28,350,5,0.01,25,0.9975975155830383,0.002449246123433113,0.04948985879382879,0.062462225556373596
28,350,5,0.01,26,0.9966562390327454,0.003408858086913824,0.058385427008062755,0.10170385986566544
28,350,5,0.01,27,0.9973069429397583,0.002745484933257103,0.05239737525160113,0.07229892909526825
28,350,5,0.01,28,0.9976381659507751,0.0024078008718788624,0.049069347579511,0.07869314402341843
28,350,5,0.01,29,0.9977615475654602,0.0022820380982011557,0.04777068241297329,0.06561916321516037
28,350,5,0.01,30,0.9979811906814575,0.0020580897107720375,0.045366173640412275,0.08182225376367569
28,350,5,0.01,31,0.9982142448425293,0.0018205163069069386,0.04266750879658828,0.06095121428370476
28,350,5,0.01,32,0.9975048899650574,0.0025436824653297663,0.050434932986272184,0.11098844558000565
28,350,5,0.01,33,0.9958504438400269,0.004230290185660124,0.06504068100550704,0.21498006582260132
28,350,5,0.01,34,0.9971129298210144,0.002943232422694564,0.05425156608517918,0.07049890607595444
28,350,5,0.01,35,0.9978221654891968,0.002220201538875699,0.04711901462123013,0.08274143934249878
28,350,5,0.01,36,0.9981299042701721,0.0019064662046730518,0.04366309888994426,0.08776139467954636
28,350,5,0.01,37,0.9980361461639404,0.002002067631110549,0.04474447039702838,0.05979086086153984
28,350,5,0.01,38,0.9982209801673889,0.0018136317376047373,0.042586755424717876,0.067876435816288
28,350,5,0.01,39,0.9981135725975037,0.0019231690093874931,0.04385395089826563,0.09108833223581314
28,350,5,0.01,40,0.9979536533355713,0.002086198888719082,0.045674926258496375,0.07158083468675613
28,350,5,0.01,41,0.9981779456138611,0.0018575257854536176,0.04309902302203169,0.05995591729879379
28,350,5,0.01,42,0.9955439567565918,0.004542785696685314,0.06740019062795975,0.0903838649392128
28,350,5,0.01,43,0.991370439529419,0.008797535672783852,0.0937951793685787,0.20631326735019684
28,350,5,0.01,44,0.9969950318336487,0.0030634503345936537,0.05534844473509309,0.07321978360414505
28,350,5,0.01,45,0.9974958300590515,0.0025529114063829184,0.050526343687060105,0.06801911443471909
28,350,5,0.01,46,0.9981934428215027,0.0018417054088786244,0.04291509534975571,0.07091273367404938
28,350,5,0.01,47,0.9979729652404785,0.002066481625661254,0.0454585704313417,0.0660390555858612
28,350,5,0.01,48,0.9969795942306519,0.0030791866593062878,0.055490419527214674,0.17166809737682343
28,350,5,0.01,49,0.9982364773750305,0.0017978420946747065,0.042400968086527296,0.07415878772735596
28,350,5,0.01,50,0.9982625246047974,0.001771262614056468,0.042086370882465834,0.0585528165102005
28,350,5,0.01,51,0.9982437491416931,0.0017904620617628098,0.04231385188992855,0.057401519268751144
28,350,5,0.01,52,0.9976793527603149,0.0023658399004489183,0.048639900292341456,0.09963895380496979
28,350,5,0.01,53,0.9981975555419922,0.0018375309882685542,0.042866431951686323,0.06301338225603104
28,350,5,0.01,54,0.9971377849578857,0.0029179102275520563,0.05401768439642759,0.1285877823829651
28,350,5,0.01,55,0.9978922605514526,0.0021487362682819366,0.0463544633048635,0.07209955155849457
28,350,5,0.01,56,0.9961900115013123,0.0038841317873448133,0.062322803108852645,0.0951637253165245
28,350,5,0.01,57,0.9973875284194946,0.0026633013039827347,0.05160718267821578,0.12190202623605728
28,350,5,0.01,58,0.9976779818534851,0.0023672005627304316,0.048653885381646875,0.06878399103879929
28,350,5,0.01,59,0.9979174137115479,0.00212310254573822,0.04607713690908128,0.06383959949016571
28,350,5,0.01,60,0.9986810684204102,0.0013446209486573935,0.036669073463306834,0.08634494245052338
28,350,5,0.01,61,0.9986031651496887,0.0014240421587601304,0.037736483126546524,0.056711167097091675
28,350,5,0.01,62,0.9980644583702087,0.0019731882493942976,0.04442058362284649,0.061744317412376404
28,350,5,0.01,63,0.9985792636871338,0.0014483724953606725,0.038057489346522484,0.056736838072538376
28,350,5,0.01,64,0.9985705018043518,0.001457315869629383,0.03817480673990876,0.07469026744365692
28,350,5,0.01,65,0.998514711856842,0.001514216186478734,0.038912930838973486,0.062263768166303635
28,350,5,0.01,66,0.9968863725662231,0.003174220211803913,0.05634021842169156,0.10029918700456619
28,350,5,0.01,67,0.9985364079475403,0.0014921021647751331,0.038627738281902205,0.06711508333683014
28,350,5,0.01,68,0.997877299785614,0.002164039993658662,0.04651924326188746,0.06966761499643326
28,350,5,0.01,69,0.9983933568000793,0.0016378998989239335,0.04047097600656467,0.08370155096054077
28,350,5,0.01,70,0.9977100491523743,0.0023345479276031256,0.04831715976341248,0.16322574019432068
28,350,5,0.01,71,0.995960533618927,0.004118061624467373,0.06417212498014518,0.07980331778526306
28,350,5,0.01,72,0.9980918169021606,0.0019452993292361498,0.04410554760159032,0.0560377798974514
28,350,5,0.01,73,0.9974290728569031,0.0026209806092083454,0.0511955135652368,0.07420200109481812
28,350,5,0.01,74,0.9983407258987427,0.0016915492014959455,0.04112844759404305,0.05615973472595215
28,350,5,0.01,75,0.9982370138168335,0.0017972830682992935,0.04239437543235298,0.06030106544494629
28,350,5,0.01,76,0.9976111650466919,0.002435334026813507,0.04934910360699075,0.07143451273441315
28,350,5,0.01,77,0.9985870122909546,0.0014404651010408998,0.03795345967156222,0.05059325695037842
28,350,5,0.01,78,0.9984639286994934,0.0015659397467970848,0.03957195657024157,0.053142037242650986
28,350,5,0.01,79,0.9985038042068481,0.0015253147576004267,0.0390552782297147,0.0834944024682045
28,350,5,0.01,80,0.9985708594322205,0.001456929836422205,0.03816975027979886,0.06325241178274155
28,350,5,0.01,81,0.9985151886940002,0.001513714320026338,0.038906481722539986,0.05851589888334274
28,350,5,0.01,82,0.9968529343605042,0.0032083450350910425,0.056642254855284874,0.1186031699180603
28,350,5,0.01,83,0.9985208511352539,0.0015079423319548368,0.03883223315693854,0.06194762513041496
28,350,5,0.01,84,0.9980260729789734,0.0020123401191085577,0.044859114114174814,0.09754645824432373
28,350,5,0.01,85,0.998633861541748,0.0013927535619586706,0.0373196136362459,0.09375680983066559
28,350,5,0.01,86,0.998722493648529,0.001302341348491609,0.03608796681016553,0.08169279247522354
28,350,5,0.01,87,0.9989638924598694,0.0010562925599515438,0.0325006547618897,0.06081860885024071
28,350,5,0.01,88,0.9987407922744751,0.0012837264221161604,0.03582912812386258,0.056750454008579254
28,350,5,0.01,89,0.9983733296394348,0.0016583192627876997,0.04072246631513985,0.06038835644721985
28,350,5,0.01,90,0.9983395338058472,0.0016927790129557252,0.04114339573924016,0.084024578332901
28,350,5,0.01,91,0.9984450340270996,0.001585200778208673,0.03981457997026558,0.08070943504571915
28,350,5,0.01,92,0.9608645439147949,0.0398971289396286,0.19974265678524605,0.2936844825744629
28,350,5,0.01,93,0.9954196214675903,0.0046695321798324585,0.0683339752965716,0.07778879255056381
28,350,5,0.01,94,0.9972452521324158,0.002808375284075737,0.05299410612583004,0.07474403828382492
28,350,5,0.01,95,0.997729480266571,0.002314722863957286,0.0481115668416368,0.05160358548164368
28,350,5,0.01,96,0.9983046650886536,0.0017283089691773057,0.04157293553716535,0.05965244024991989
28,350,5,0.01,97,0.9981434345245361,0.0018926990451291203,0.04350516113209007,0.055640846490859985
28,350,5,0.01,98,0.9977091550827026,0.0023354494478553534,0.04832648805629634,0.06732888519763947
28,350,5,0.01,99,0.9984024167060852,0.0016286489553749561,0.04035652308332516,0.05088791623711586
28,350,5,0.01,100,0.998317301273346,0.0017154575325548649,0.04141808219310576,0.04729054868221283
29,350,5,0.01,1,0.9823869466781616,0.017955860123038292,0.13399947807002194,0.39294448494911194
29,350,5,0.01,2,0.990771472454071,0.009408161975443363,0.09699568018960104,0.3081309497356415
29,350,5,0.01,3,0.9911998510360718,0.008971442468464375,0.0947176988131805,0.2580886483192444
29,350,5,0.01,4,0.9937102198600769,0.006412222050130367,0.08007635137873333,0.23493999242782593
29,350,5,0.01,5,0.9957555532455444,0.004327051807194948,0.06578032994136582,0.11728058755397797
29,350,5,0.01,6,0.9949076771736145,0.005191447678953409,0.07205170142996908,0.14185616374015808
29,350,5,0.01,7,0.9947001338005066,0.005402993410825729,0.07350505704253095,0.116819366812706
29,350,5,0.01,8,0.9938610792160034,0.006258409935981035,0.07911011272891118,0.1313749998807907
29,350,5,0.01,9,0.9940928220748901,0.006022131536155939,0.07760239388160613,0.1152811199426651
29,350,5,0.01,10,0.9928686022758484,0.007270198781043291,0.08526546065695823,0.14334994554519653
29,350,5,0.01,11,0.9936043620109558,0.006520144175738096,0.08074740971534689,0.12506410479545593
29,350,5,0.01,12,0.9959736466407776,0.004104709252715111,0.06406800490662333,0.10800333321094513
29,350,5,0.01,13,0.996332585811615,0.003738768631592393,0.06114547106362329,0.09806215763092041
29,350,5,0.01,14,0.9959098100662231,0.00416977982968092,0.06457383239115454,0.09532080590724945
29,350,5,0.01,15,0.9956022500991821,0.0044833458960056305,0.06695779189911828,0.09625622630119324
29,350,5,0.01,16,0.996038556098938,0.004038525279611349,0.06354939244093014,0.09001424908638
29,350,5,0.01,17,0.9950668215751648,0.005029184278100729,0.07091674187454419,0.10367045551538467
29,350,5,0.01,18,0.993872880935669,0.006246342323720455,0.07903380494269813,0.12247417122125626
29,350,5,0.01,19,0.9948761463165283,0.005223579239100218,0.07227433319720229,0.08866045624017715
29,350,5,0.01,20,0.992337167263031,0.007811945863068104,0.08838521292087327,0.11035570502281189
29,350,5,0.01,21,0.9960944056510925,0.003981618210673332,0.06310006506076941,0.1115482971072197
29,350,5,0.01,22,0.9970559477806091,0.0030013318173587322,0.0547844121749858,0.09696174412965775
29,350,5,0.01,23,0.9979409575462341,0.0020991237834095955,0.045816195645312974,0.10120764374732971
29,350,5,0.01,24,0.9979180097579956,0.0021225272212177515,0.046070893427605154,0.08541280776262283
29,350,5,0.01,25,0.9981073141098022,0.0019294957164674997,0.043926025502741536,0.09218975901603699
29,350,5,0.01,26,0.9983413815498352,0.0016909000696614385,0.041120555318009004,0.08248406648635864
29,350,5,0.01,27,0.9876643419265747,0.012575767002999783,0.1121417273052265,0.29241129755973816
29,350,5,0.01,28,0.9940761923789978,0.006039116997271776,0.07771175584988269,0.08572231978178024
29,350,5,0.01,29,0.9954078793525696,0.004681506659835577,0.06842153652056915,0.07609977573156357
29,350,5,0.01,30,0.9960237741470337,0.0040536075830459595,0.06366794784698153,0.0801098644733429
29,350,5,0.01,31,0.9955856800079346,0.004500221461057663,0.06708368997794965,0.11196667701005936
29,350,5,0.01,32,0.9968379735946655,0.003223597537726164,0.05677673412346085,0.07653798162937164
29,350,5,0.01,33,0.9969449639320374,0.0031145168468356133,0.05580785649741095,0.07126367837190628
29,350,5,0.01,34,0.9970818161964417,0.0029749807436019182,0.054543384049781124,0.06548907607793808
29,350,5,0.01,35,0.9975208640098572,0.00252735847607255,0.05027284034220217,0.06799808144569397
29,350,5,0.01,36,0.997718870639801,0.0023255411069840193,0.048223864496574925,0.06999477744102478
29,350,5,0.01,37,0.9974682331085205,0.0025810410734266043,0.05080394741972915,0.07678311318159103
29,350,5,0.01,38,0.9975199699401855,0.002528277225792408,0.05028197714681085,0.07678966969251633
29,350,5,0.01,39,0.9909924864768982,0.009182820096611977,0.09582703218096643,0.19108784198760986
29,350,5,0.01,40,0.9969483613967896,0.003111031837761402,0.055776624474428375,0.0683322474360466
29,350,5,0.01,41,0.9973587989807129,0.002692610491067171,0.0518903699260968,0.08791564404964447
29,350,5,0.01,42,0.9972224831581116,0.0028316013049334288,0.053212792681209924,0.09740152209997177
29,350,5,0.01,43,0.9970780611038208,0.002978787524625659,0.054578269710807606,0.06751368939876556
29,350,5,0.01,44,0.9964432716369629,0.0036259565968066454,0.060215916474024085,0.0962904542684555
29,350,5,0.01,45,0.9961602687835693,0.0039144763723015785,0.06256577636616986,0.07082825154066086
29,350,5,0.01,46,0.9967789053916931,0.0032837940379977226,0.05730439806854028,0.07919647544622421
29,350,5,0.01,47,0.9963361024856567,0.0037351781502366066,0.06111610385353934,0.0843430906534195
29,350,5,0.01,48,0.9931496381759644,0.0069836946204304695,0.08356850256185323,0.1377561092376709
29,350,5,0.01,49,0.9950975179672241,0.004997899290174246,0.07069582229647128,0.07865194231271744
29,350,5,0.01,50,0.9958357214927673,0.00424531614407897,0.06515609061384031,0.07444563508033752
29,350,5,0.01,51,0.9866524338722229,0.013607339933514595,0.11665050335731345,0.11304084956645966
29,350,5,0.01,52,0.9939809441566467,0.006136186420917511,0.07833381403275032,0.10996207594871521
29,350,5,0.01,53,0.9913306832313538,0.00883803516626358,0.09401082472919584,0.19126226007938385
29,350,5,0.01,54,0.99468994140625,0.005413430742919445,0.07357602016227464,0.07729850709438324
29,350,5,0.01,55,0.9952554106712341,0.0048369294963777065,0.06954803732944378,0.06540577113628387
29,350,5,0.01,56,0.9939303398132324,0.006187795661389828,0.07866254293747328,0.10448069870471954
29,350,5,0.01,57,0.9934704303741455,0.00665663555264473,0.08158820719101952,0.07429666072130203
29,350,5,0.01,58,0.9921519756317139,0.008000772446393967,0.08944703710237677,0.17632009088993073
29,350,5,0.01,59,0.99418705701828,0.005926074925810099,0.07698100366850318,0.11251410841941833
29,350,5,0.01,60,0.993660032749176,0.006463345140218735,0.0803949323043358,0.09328841418027878
29,350,5,0.01,61,0.991378128528595,0.008789677172899246,0.09375327819814754,0.07714677602052689
29,350,5,0.01,62,0.993279218673706,0.006851589307188988,0.0827743275852422,0.08650564402341843
29,350,5,0.01,63,0.9945932030677795,0.0055120461620390415,0.0742431556578722,0.058706775307655334
29,350,5,0.01,64,0.9932993054389954,0.00683108763769269,0.08265039405648765,0.1412891149520874
29,350,5,0.01,65,0.993043839931488,0.007091545965522528,0.08421131732446968,0.06711676716804504
29,350,5,0.01,66,0.9920017123222351,0.008153950795531273,0.09029922920784691,0.07677198201417923
29,350,5,0.01,67,0.9932820200920105,0.006848726887255907,0.08275703527347936,0.0751441940665245
29,350,5,0.01,68,0.9931344985961914,0.0069990986958146095,0.08366061615727324,0.06026460602879524
29,350,5,0.01,69,0.993024468421936,0.007111315615475178,0.08432861682415511,0.08018133044242859
29,350,5,0.01,70,0.9927982091903687,0.007341950666159391,0.0856851834692521,0.098958820104599
29,350,5,0.01,71,0.9915521144866943,0.008612281642854214,0.09280237951073353,0.06317318230867386
29,350,5,0.01,72,0.9907156229019165,0.009465101175010204,0.09728875153382432,0.06194286420941353
29,350,5,0.01,73,0.992965579032898,0.007171346805989742,0.0846838048624986,0.11891841888427734
29,350,5,0.01,74,0.9940364360809326,0.006079628597944975,0.07797197315667326,0.09442628920078278
29,350,5,0.01,75,0.992694616317749,0.007447545416653156,0.08629916231721578,0.05841661989688873
29,350,5,0.01,76,0.990123450756073,0.010068774223327637,0.10034328190430905,0.16125088930130005
29,350,5,0.01,77,0.9943732023239136,0.005736304447054863,0.07573839480114998,0.053614236414432526
29,350,5,0.01,78,0.993780255317688,0.006340774241834879,0.07962897865623343,0.05706574767827988
29,350,5,0.01,79,0.9929922819137573,0.0071440935134887695,0.0845227396236585,0.06404715776443481
29,350,5,0.01,80,0.9906497001647949,0.00953229982405901,0.09763349744866774,0.06277883052825928
29,350,5,0.01,81,0.9907702803611755,0.009409349411725998,0.09700180107465015,0.07544544339179993
29,350,5,0.01,82,0.9892719388008118,0.010936864651739597,0.10457946572697528,0.14889061450958252
29,350,5,0.01,83,0.9873173832893372,0.012929468415677547,0.1137078203804714,0.0704025849699974
29,350,5,0.01,84,0.9977134466171265,0.002331083407625556,0.04828129459351267,0.052965182811021805
29,350,5,0.01,85,0.9978659152984619,0.002175634726881981,0.04664369975550804,0.04880731180310249
29,350,5,0.01,86,0.9968439936637878,0.003217429853975773,0.05672239287949489,0.09707440435886383
29,350,5,0.01,87,0.9973521828651428,0.0026993390638381243,0.05195516397662627,0.07684095948934555
29,350,5,0.01,88,0.9977463483810425,0.002297506434842944,0.04793231096914632,0.06276118755340576
29,350,5,0.01,89,0.9972596168518066,0.0027936995029449463,0.05285545859175707,0.0506792776286602
29,350,5,0.01,90,0.9972794651985168,0.0027734844479709864,0.05266388181639278,0.1016182228922844
29,350,5,0.01,91,0.996580958366394,0.003485556924715638,0.0590386053757678,0.06998541951179504
29,350,5,0.01,92,0.9977203607559204,0.002323999535292387,0.04820787835294545,0.05666637420654297
29,350,5,0.01,93,0.9970746040344238,0.0029823221266269684,0.05461064114828692,0.05729382485151291
29,350,5,0.01,94,0.9968506097793579,0.0032106684520840645,0.05666276071710647,0.05932149663567543
29,350,5,0.01,95,0.9971386194229126,0.002917042002081871,0.05400964730566078,0.05786928907036781
29,350,5,0.01,96,0.9946647882461548,0.005439056549221277,0.07374995965572644,0.16736842691898346
29,350,5,0.01,97,0.9974923133850098,0.002556463470682502,0.050561482085501624,0.059984318912029266
29,350,5,0.01,98,0.9979490041732788,0.0020909197628498077,0.045726576111161085,0.0454728901386261
29,350,5,0.01,99,0.9976675510406494,0.002377843949943781,0.04876314130512698,0.05947842448949814
29,350,5,0.01,100,0.9978781342506409,0.0021631817799061537,0.04651001805961973,0.05064643174409866
