seed,max_neurons,layers,learn_rate,epoch,Jou_score,Jou_mse,Jou_rmse,Jou_mape
0,400,2,0.01,1,0.9087258577346802,0.10512437671422958,0.3242288955571813,0.5350733399391174
0,400,2,0.01,2,0.9217235445976257,0.09015435725450516,0.30025715187902713,0.35221993923187256
0,400,2,0.01,3,0.9285513162612915,0.08229051530361176,0.28686323449269646,0.2730619013309479
0,400,2,0.01,4,0.9286596775054932,0.08216571807861328,0.2866456315358971,0.3199695646762848
0,400,2,0.01,5,0.9283697605133057,0.082499660551548,0.2872275414223852,0.2060234397649765
0,400,2,0.01,6,0.927230954170227,0.0838112086057663,0.289501655618351,0.20816023647785187
0,400,2,0.01,7,0.9276643991470337,0.0833120197057724,0.2886382159482219,0.2471502125263214
0,400,2,0.01,8,0.9262731671333313,0.08491437137126923,0.29140070585238675,0.17849354445934296
0,400,2,0.01,9,0.9247989058494568,0.08661230653524399,0.29429968830300174,0.14828458428382874
0,400,2,0.01,10,0.9287528395652771,0.08205844461917877,0.2864584518201178,0.17458349466323853
0,400,2,0.01,11,0.9235311150550842,0.08807248622179031,0.2967700898368808,0.20230069756507874
0,400,2,0.01,12,0.9241958260536194,0.0873069316148758,0.29547746380202294,0.16711211204528809
0,400,2,0.01,13,0.9275810718536377,0.08340796828269958,0.2888043771875689,0.14175498485565186
0,400,2,0.01,14,0.9255406260490417,0.08575806766748428,0.29284478425863125,0.2004525363445282
0,400,2,0.01,15,0.9264026880264282,0.08476517349481583,0.2911445920755112,0.17587080597877502
0,400,2,0.01,16,0.9261422157287598,0.08506520092487335,0.2916593919709656,0.14617317914962769
0,400,2,0.01,17,0.9276502728462219,0.08332830667495728,0.2886664280358166,0.13411274552345276
0,400,2,0.01,18,0.9236964583396912,0.08788208663463593,0.29644912992727085,0.20614704489707947
0,400,2,0.01,19,0.9243184924125671,0.08716563880443573,0.29523827462650526,0.16147616505622864
0,400,2,0.01,20,0.9257603287696838,0.08550501614809036,0.2924124076507192,0.1530284732580185
0,400,2,0.01,21,0.9259756803512573,0.08525700122117996,0.29198801554375475,0.1321331411600113
0,400,2,0.01,22,0.9280376434326172,0.08288215100765228,0.2878926032527621,0.1504945307970047
0,400,2,0.01,23,0.926519513130188,0.08463060110807419,0.29091339107726577,0.1378791183233261
0,400,2,0.01,24,0.924376904964447,0.08709835261106491,0.2951243002720462,0.15337832272052765
0,400,2,0.01,25,0.9280950427055359,0.08281600475311279,0.2877777002359856,0.14818726480007172
0,400,2,0.01,26,0.9245687127113342,0.08687747269868851,0.2947498476652507,0.2183728963136673
0,400,2,0.01,27,0.9257945418357849,0.08546563237905502,0.29234505704570246,0.16921916604042053
0,400,2,0.01,28,0.9260892868041992,0.0851261243224144,0.2917638159923441,0.12429873645305634
0,400,2,0.01,29,0.9215028285980225,0.09040860086679459,0.30068023025598906,0.14518503844738007
0,400,2,0.01,30,0.9255139827728271,0.08578872680664062,0.2928971266616329,0.14203529059886932
0,400,2,0.01,31,0.9252973794937134,0.08603817969560623,0.2933226545897985,0.1552286595106125
0,400,2,0.01,32,0.9212408065795898,0.09071031212806702,0.30118152687053534,0.18577031791210175
0,400,2,0.01,33,0.9247193932533264,0.08670392632484436,0.2944553044603618,0.14500437676906586
0,400,2,0.01,34,0.9246427416801453,0.08679218590259552,0.2946051355672462,0.13814929127693176
0,400,2,0.01,35,0.9235968589782715,0.08799676597118378,0.29664248847928676,0.1265396773815155
0,400,2,0.01,36,0.9241084456443787,0.08740753680467606,0.2956476565181535,0.10814014822244644
0,400,2,0.01,37,0.9241030812263489,0.0874137133359909,0.29565810209766097,0.12133365869522095
0,400,2,0.01,38,0.9255992770195007,0.08569052070379257,0.29272943258885425,0.10902605950832367
0,400,2,0.01,39,0.9247481226921082,0.08667081594467163,0.2943990759915385,0.12219271063804626
0,400,2,0.01,40,0.9253634810447693,0.08596210926771164,0.2931929556925126,0.11016502231359482
0,400,2,0.01,41,0.9237335920333862,0.08783929795026779,0.29637695246133394,0.13611459732055664
0,400,2,0.01,42,0.924881100654602,0.08651764690876007,0.29413882251202417,0.10974191874265671
0,400,2,0.01,43,0.9250010251998901,0.0863795131444931,0.2939039182190212,0.1446705460548401
0,400,2,0.01,44,0.9227662682533264,0.0889534205198288,0.2982506002002826,0.13700976967811584
0,400,2,0.01,45,0.9237654805183411,0.08780259639024734,0.2963150289645251,0.11079736799001694
0,400,2,0.01,46,0.9230862855911255,0.08858481794595718,0.2976320176761183,0.11935995519161224
0,400,2,0.01,47,0.9254782795906067,0.08582987636327744,0.2929673639900483,0.08383537828922272
0,400,2,0.01,48,0.9258191585540771,0.08543726801872253,0.29229654123633164,0.13376088440418243
0,400,2,0.01,49,0.9248543977737427,0.08654844760894775,0.29419117527374566,0.1301654428243637
0,400,2,0.01,50,0.9244911074638367,0.0869668573141098,0.2949014366090979,0.09828987717628479
0,400,2,0.01,51,0.9238554835319519,0.08769889175891876,0.29613998676119163,0.09785071015357971
0,400,2,0.01,52,0.9237549304962158,0.08781469613313675,0.29633544528648065,0.16818763315677643
0,400,2,0.01,53,0.9241945147514343,0.08730842173099518,0.2954799853306399,0.13809774816036224
0,400,2,0.01,54,0.9231242537498474,0.08854107558727264,0.29755852464225024,0.09951510280370712
0,400,2,0.01,55,0.9242503643035889,0.08724412322044373,0.29537116179553435,0.07630467414855957
0,400,2,0.01,56,0.9257749319076538,0.08548818528652191,0.2923836269125238,0.11749792098999023
0,400,2,0.01,57,0.9255253672599792,0.08577565103769302,0.29287480437499747,0.09566689282655716
0,400,2,0.01,58,0.9239616394042969,0.08757663518190384,0.29593349790434986,0.11056476086378098
0,400,2,0.01,59,0.9238874912261963,0.08766207844018936,0.29607782497206603,0.08192411810159683
0,400,2,0.01,60,0.9263480305671692,0.08482811599969864,0.2912526669400619,0.1436481475830078
0,400,2,0.01,61,0.9270046949386597,0.0840718224644661,0.28995141397217933,0.08300662785768509
0,400,2,0.01,62,0.9266473650932312,0.08448337763547897,0.29066024433258664,0.1056848019361496
0,400,2,0.01,63,0.9268226027488708,0.0842815712094307,0.29031288502136915,0.1004597395658493
0,400,2,0.01,64,0.926405668258667,0.08476174622774124,0.29113870616553417,0.15740960836410522
0,400,2,0.01,65,0.9247317314147949,0.08668970316648483,0.294431151827528,0.11867295950651169
0,400,2,0.01,66,0.9259988069534302,0.08523035794496536,0.2919423880579272,0.09522926062345505
0,400,2,0.01,67,0.9245956540107727,0.08684640377759933,0.2946971390726407,0.12115026265382767
0,400,2,0.01,68,0.9266077280044556,0.08452906459569931,0.29073882540125134,0.11539578437805176
0,400,2,0.01,69,0.9271736145019531,0.08387729525566101,0.28961577176607806,0.08460848778486252
0,400,2,0.01,70,0.9260801672935486,0.08513662219047546,0.2917818057906892,0.0910930335521698
0,400,2,0.01,71,0.9273678660392761,0.0836535394191742,0.28922921605393564,0.0991271361708641
0,400,2,0.01,72,0.926945686340332,0.08413981646299362,0.29006864095071294,0.10167352110147476
0,400,2,0.01,73,0.9263268709182739,0.08485253155231476,0.29129457865246094,0.11661484837532043
0,400,2,0.01,74,0.9276694059371948,0.08330628275871277,0.28862827782237965,0.10303446650505066
0,400,2,0.01,75,0.9297653436660767,0.08089230209589005,0.2844157205498494,0.09569840133190155
0,400,2,0.01,76,0.9219415187835693,0.08990327268838882,0.2998387444750742,0.20234055817127228
0,400,2,0.01,77,0.9288493394851685,0.08194730430841446,0.28626439580991286,0.13782751560211182
0,400,2,0.01,78,0.9273681044578552,0.0836532786488533,0.28922876525140667,0.09163181483745575
0,400,2,0.01,79,0.9278008937835693,0.0831548199057579,0.2883657745048082,0.09241517633199692
0,400,2,0.01,80,0.9280871152877808,0.08282512426376343,0.28779354451370764,0.08525638282299042
0,400,2,0.01,81,0.9287858009338379,0.08202043175697327,0.2863920944386791,0.09045758843421936
0,400,2,0.01,82,0.9280010461807251,0.08292432129383087,0.28796583355292493,0.0786934494972229
0,400,2,0.01,83,0.9282670617103577,0.08261791616678238,0.2874333247325062,0.12250320613384247
0,400,2,0.01,84,0.9296539425849915,0.08102060854434967,0.2846411926344282,0.11014951765537262
0,400,2,0.01,85,0.9256495237350464,0.08563259989023209,0.2926304835286852,0.12407829612493515
0,400,2,0.01,86,0.9295339584350586,0.08115874975919724,0.28488374779758363,0.08815620839595795
0,400,2,0.01,87,0.9293050169944763,0.08142245560884476,0.28534620307416875,0.15131938457489014
0,400,2,0.01,88,0.9270343780517578,0.08403762429952621,0.2898924357404419,0.12735415995121002
0,400,2,0.01,89,0.9286026954650879,0.08223133534193039,0.2867600658075151,0.10368848592042923
0,400,2,0.01,90,0.9277101755142212,0.08325931429862976,0.28854690138455785,0.09384828060865402
0,400,2,0.01,91,0.9303718209266663,0.08019373565912247,0.28318498487582716,0.07427960634231567
0,400,2,0.01,92,0.9278644323348999,0.08308161050081253,0.28823880811024133,0.10496656596660614
0,400,2,0.01,93,0.9302307963371277,0.0803561732172966,0.2834716444678314,0.08083443343639374
0,400,2,0.01,94,0.9309124946594238,0.07957106828689575,0.282083442064393,0.07677406817674637
0,400,2,0.01,95,0.9311815500259399,0.07926114648580551,0.28153356191723483,0.12927383184432983
0,400,2,0.01,96,0.9297241568565369,0.08093968033790588,0.28449899883462837,0.07134607434272766
0,400,2,0.01,97,0.930382251739502,0.08018175512552261,0.2831638308921579,0.1593470275402069
0,400,2,0.01,98,0.9301694631576538,0.08042681962251663,0.28359622638976817,0.08762333542108536
0,400,2,0.01,99,0.9317687153816223,0.07858487963676453,0.28032994780573217,0.17932133376598358
0,400,2,0.01,100,0.9308301210403442,0.0796658918261528,0.2822514691301939,0.10343588888645172
1,400,2,0.01,1,0.8397011160850525,0.1846230924129486,0.4296778937913244,0.5881706476211548
1,400,2,0.01,2,0.8503853678703308,0.17231759428977966,0.41511154439473213,0.420430988073349
1,400,2,0.01,3,0.8504014611244202,0.1722990721464157,0.4150892339562853,0.3989095985889435
1,400,2,0.01,4,0.8574822545051575,0.16414380073547363,0.40514664102701586,0.35020115971565247
1,400,2,0.01,5,0.8587414622306824,0.16269351541996002,0.40335284233529334,0.2622816860675812
1,400,2,0.01,6,0.8613123297691345,0.15973256528377533,0.3996655667977607,0.22686465084552765
1,400,2,0.01,7,0.8601662516593933,0.16105252504348755,0.4013134997025238,0.2783765494823456
1,400,2,0.01,8,0.8602103590965271,0.1610017567873001,0.4012502421024816,0.2582533061504364
1,400,2,0.01,9,0.8623118996620178,0.15858128666877747,0.39822265966262826,0.305478036403656
1,400,2,0.01,10,0.8633713722229004,0.15736109018325806,0.3966876481354796,0.20516909658908844
1,400,2,0.01,11,0.8634671568870544,0.1572507619857788,0.39654856195147,0.2048683762550354
1,400,2,0.01,12,0.8615966439247131,0.15940511226654053,0.3992556978510645,0.27329233288764954
1,400,2,0.01,13,0.8648247122764587,0.15568716824054718,0.3945721331271979,0.24494391679763794
1,400,2,0.01,14,0.8633010387420654,0.15744206309318542,0.39678969630420774,0.22643251717090607
1,400,2,0.01,15,0.8658804893493652,0.15447120368480682,0.3930282479476594,0.17094101011753082
1,400,2,0.01,16,0.8654437065124512,0.15497428178787231,0.39366773018355505,0.13239577412605286
1,400,2,0.01,17,0.8661943674087524,0.1541096717119217,0.39256804723757344,0.18542058765888214
1,400,2,0.01,18,0.86603844165802,0.15428929030895233,0.3927967544531807,0.25439876317977905
1,400,2,0.01,19,0.8641117811203003,0.15650829672813416,0.3956112949956487,0.2693310081958771
1,400,2,0.01,20,0.8642323017120361,0.15636952221393585,0.3954358635909695,0.18455997109413147
1,400,2,0.01,21,0.8654059767723083,0.1550177037715912,0.3937228768710185,0.2088855355978012
1,400,2,0.01,22,0.8663719296455383,0.15390519797801971,0.39230752985128864,0.19172708690166473
1,400,2,0.01,23,0.865486741065979,0.1549246907234192,0.3936047392034542,0.20034968852996826
1,400,2,0.01,24,0.8640961647033691,0.15652626752853394,0.39563400704253665,0.18307828903198242
1,400,2,0.01,25,0.8642880320549011,0.15630532801151276,0.39535468634064874,0.2686804234981537
1,400,2,0.01,26,0.8653355836868286,0.1550988107919693,0.3938258635386575,0.1903734803199768
1,400,2,0.01,27,0.8662402033805847,0.15405692160129547,0.3925008555421191,0.15938463807106018
1,400,2,0.01,28,0.865967333316803,0.15437115728855133,0.3929009509896245,0.16123072803020477
1,400,2,0.01,29,0.8657705187797546,0.15459786355495453,0.3931893482216355,0.1560634970664978
1,400,2,0.01,30,0.86665940284729,0.15357406437397003,0.3918852694016069,0.1704433560371399
1,400,2,0.01,31,0.8675637245178223,0.15253257751464844,0.39055419280126596,0.12468888610601425
1,400,2,0.01,32,0.8656794428825378,0.15470276772975922,0.3933227271970935,0.16825135052204132
1,400,2,0.01,33,0.8630266785621643,0.15775807201862335,0.3971877037606066,0.42701858282089233
1,400,2,0.01,34,0.8665183186531067,0.15373656153678894,0.3920925420570875,0.10655016452074051
1,400,2,0.01,35,0.8672209978103638,0.15292727947235107,0.3910591764328656,0.12923815846443176
1,400,2,0.01,36,0.8665621280670166,0.15368613600730896,0.3920282336864387,0.1403673142194748
1,400,2,0.01,37,0.8674241304397583,0.15269331634044647,0.3907599216148535,0.1275808960199356
1,400,2,0.01,38,0.8639907240867615,0.156647726893425,0.3957874769284963,0.16908107697963715
1,400,2,0.01,39,0.8659079074859619,0.15443959832191467,0.392988038395464,0.18520717322826385
1,400,2,0.01,40,0.8670381307601929,0.15313786268234253,0.3913283310499542,0.15706858038902283
1,400,2,0.01,41,0.8671292066574097,0.15303295850753784,0.3911942720791523,0.1066913828253746
1,400,2,0.01,42,0.8661754727363586,0.1541314423084259,0.3925957746950748,0.38937005400657654
1,400,2,0.01,43,0.866858959197998,0.15334421396255493,0.3915918972125891,0.16515004634857178
1,400,2,0.01,44,0.8669676184654236,0.1532191038131714,0.39143211903620195,0.12908831238746643
1,400,2,0.01,45,0.8682025074958801,0.1517968624830246,0.38961116832429815,0.1681692898273468
1,400,2,0.01,46,0.8676825761795044,0.15239569544792175,0.39037891265784547,0.20013712346553802
1,400,2,0.01,47,0.8673821091651917,0.15274173021316528,0.3908218650653585,0.11454720795154572
1,400,2,0.01,48,0.8677147626876831,0.15235856175422668,0.39033134866959723,0.11140397936105728
1,400,2,0.01,49,0.866552472114563,0.15369728207588196,0.39204244932900056,0.3396449387073517
1,400,2,0.01,50,0.8674117922782898,0.1527075171470642,0.3907780919486969,0.2698768675327301
1,400,2,0.01,51,0.8665344715118408,0.15371796488761902,0.39206882672257815,0.1507367044687271
1,400,2,0.01,52,0.8684009313583374,0.15156829357147217,0.38931772830359546,0.1101730465888977
1,400,2,0.01,53,0.8684600591659546,0.1515001803636551,0.3892302408133971,0.10115405172109604
1,400,2,0.01,54,0.8684177994728088,0.1515488475561142,0.38929275302285576,0.2912161648273468
1,400,2,0.01,55,0.8685988783836365,0.1513403058052063,0.38902481386822396,0.14453788101673126
1,400,2,0.01,56,0.8685876131057739,0.15135328471660614,0.3890414948519067,0.14540214836597443
1,400,2,0.01,57,0.8680937886238098,0.1519220769405365,0.3897718267660408,0.2458982765674591
1,400,2,0.01,58,0.8674662113189697,0.15264490246772766,0.3906979683434861,0.14893148839473724
1,400,2,0.01,59,0.8682515621185303,0.15174034237861633,0.38953862758219027,0.10084117203950882
1,400,2,0.01,60,0.868834376335144,0.15106910467147827,0.38867609223037924,0.11377779394388199
1,400,2,0.01,61,0.8693010210990906,0.150531604886055,0.38798402658621783,0.1406155377626419
1,400,2,0.01,62,0.8687740564346313,0.15113858878612518,0.38876546758441033,0.11221519112586975
1,400,2,0.01,63,0.8694255948066711,0.15038813650608063,0.387799092967068,0.125788614153862
1,400,2,0.01,64,0.8693955540657043,0.15042276680469513,0.3878437401901636,0.11116085201501846
1,400,2,0.01,65,0.8650417923927307,0.1554371863603592,0.39425522997210727,0.15709081292152405
1,400,2,0.01,66,0.8690618276596069,0.15080714225769043,0.388338952794708,0.12421254068613052
1,400,2,0.01,67,0.8690589070320129,0.15081046521663666,0.3883432311971417,0.11311012506484985
1,400,2,0.01,68,0.8689709901809692,0.15091171860694885,0.3884735751720429,0.07558394968509674
1,400,2,0.01,69,0.8694941401481628,0.15030920505523682,0.38769731112716893,0.10532351583242416
1,400,2,0.01,70,0.8695590496063232,0.15023446083068848,0.3876009040633013,0.10628718137741089
1,400,2,0.01,71,0.8689404129981995,0.1509469747543335,0.3885189503155972,0.10185590386390686
1,400,2,0.01,72,0.8697356581687927,0.15003101527690887,0.3873383731014897,0.12156497687101364
1,400,2,0.01,73,0.8691356778144836,0.15072208642959595,0.3882294249919704,0.14141616225242615
1,400,2,0.01,74,0.8689897656440735,0.15089012682437897,0.38844578363573334,0.10632458329200745
1,400,2,0.01,75,0.867842435836792,0.15221157670021057,0.3901430208272481,0.16618458926677704
1,400,2,0.01,76,0.8689461946487427,0.15094026923179626,0.38851032062455726,0.1364879459142685
1,400,2,0.01,77,0.8685404062271118,0.15140767395496368,0.38911139016348995,0.11889421939849854
1,400,2,0.01,78,0.8694222569465637,0.15039199590682983,0.38780406896631425,0.1149914488196373
1,400,2,0.01,79,0.8688642382621765,0.15103469789028168,0.38863182820026676,0.1464090794324875
1,400,2,0.01,80,0.8696099519729614,0.1501757800579071,0.38752519925536083,0.1737193763256073
1,400,2,0.01,81,0.8690459728240967,0.1508253514766693,0.38836239709409215,0.14647234976291656
1,400,2,0.01,82,0.8689430952072144,0.15094389021396637,0.3885149806815258,0.09056256711483002
1,400,2,0.01,83,0.8692697882652283,0.15056762099266052,0.3880304382296066,0.13155698776245117
1,400,2,0.01,84,0.8696244359016418,0.15015913546085358,0.3875037231574086,0.12197639048099518
1,400,2,0.01,85,0.869613528251648,0.15017169713974,0.38751993128062456,0.11656903475522995
1,400,2,0.01,86,0.8695167303085327,0.15028317272663116,0.387663736667013,0.1455664038658142
1,400,2,0.01,87,0.8692518472671509,0.1505882441997528,0.3880570115327808,0.12735296785831451
1,400,2,0.01,88,0.8692931532859802,0.15054069459438324,0.3879957404332981,0.24847355484962463
1,400,2,0.01,89,0.869440495967865,0.1503710150718689,0.38777701720430635,0.15393054485321045
1,400,2,0.01,90,0.8698022365570068,0.14995431900024414,0.3872393562129812,0.0984102413058281
1,400,2,0.01,91,0.8680236339569092,0.15200284123420715,0.3898754175813181,0.10324341058731079
1,400,2,0.01,92,0.8623611330986023,0.15852461755275726,0.39815150075411904,0.19229227304458618
1,400,2,0.01,93,0.8562225699424744,0.1655946671962738,0.4069332466096544,0.09234125167131424
1,400,2,0.01,94,0.8532270789146423,0.16904470324516296,0.4111504630243811,0.09954973310232162
1,400,2,0.01,95,0.8485351800918579,0.17444850504398346,0.4176703305766205,0.1017581894993782
1,400,2,0.01,96,0.8481705188751221,0.17486850917339325,0.41817282213624696,0.1366978883743286
1,400,2,0.01,97,0.8480530977249146,0.1750037968158722,0.4183345513053783,0.11488913744688034
1,400,2,0.01,98,0.8457059860229492,0.17770704627037048,0.42155313576152,0.11968804895877838
1,400,2,0.01,99,0.8446812629699707,0.1788872927427292,0.42295069776834415,0.12145151942968369
1,400,2,0.01,100,0.8449771404266357,0.1785464733839035,0.4225475989565004,0.1242247223854065
2,400,2,0.01,1,0.908477246761322,0.10541068017482758,0.32467010976501604,0.3870045244693756
2,400,2,0.01,2,0.9143325090408325,0.09866692870855331,0.3141129234981479,0.2944463789463043
2,400,2,0.01,3,0.9111073017120361,0.10238151997327805,0.31997112365536684,0.2513359785079956
2,400,2,0.01,4,0.9161994457244873,0.09651672095060349,0.31067140349669053,0.1955811232328415
2,400,2,0.01,5,0.918428361415863,0.0939495638012886,0.3065119309281265,0.18384945392608643
2,400,2,0.01,6,0.91848224401474,0.09388752281665802,0.30641070937005127,0.16498035192489624
2,400,2,0.01,7,0.9174497127532959,0.09507673233747482,0.3083451513117643,0.18801568448543549
2,400,2,0.01,8,0.9191388487815857,0.09313128888607025,0.3051741943318115,0.17368246614933014
2,400,2,0.01,9,0.9215339422225952,0.09037274867296219,0.30062060586886286,0.12908229231834412
2,400,2,0.01,10,0.9211928844451904,0.09076552838087082,0.3012731789935354,0.19020402431488037
2,400,2,0.01,11,0.9221421480178833,0.08967223018407822,0.29945321869046293,0.13579638302326202
2,400,2,0.01,12,0.9216265082359314,0.09026611596345901,0.30044319922983614,0.1359502226114273
2,400,2,0.01,13,0.9230287075042725,0.0886511579155922,0.29774344311099815,0.1376388669013977
2,400,2,0.01,14,0.9223471879959106,0.08943609893321991,0.2990586881085716,0.13276629149913788
2,400,2,0.01,15,0.9223759770393372,0.0894029289484024,0.2990032256488254,0.12091830372810364
2,400,2,0.01,16,0.922394335269928,0.08938176929950714,0.2989678399084208,0.1757396012544632
2,400,2,0.01,17,0.9233120679855347,0.08832477033138275,0.2971948356404982,0.17877168953418732
2,400,2,0.01,18,0.9160685539245605,0.09666744619607925,0.31091388871531495,0.156548872590065
2,400,2,0.01,19,0.9212113618850708,0.0907442718744278,0.3012378991336047,0.12234427034854889
2,400,2,0.01,20,0.9218923449516296,0.08995994180440903,0.299933228910051,0.17080111801624298
2,400,2,0.01,21,0.9213578701019287,0.09057548642158508,0.3009576156563995,0.13163207471370697
2,400,2,0.01,22,0.9216468334197998,0.09024272114038467,0.300404262853217,0.18717065453529358
2,400,2,0.01,23,0.922866940498352,0.08883748203516006,0.2980561726171093,0.13152632117271423
2,400,2,0.01,24,0.9218571186065674,0.09000051021575928,0.30000085035839363,0.128452867269516
2,400,2,0.01,25,0.9223143458366394,0.0894739180803299,0.29912191173554953,0.0958573967218399
2,400,2,0.01,26,0.9215682148933411,0.09033327549695969,0.3005549458867042,0.15133678913116455
2,400,2,0.01,27,0.9239677786827087,0.08756960928440094,0.29592162692915996,0.11405465751886368
2,400,2,0.01,28,0.9202553033828735,0.09184541553258896,0.30306008568036297,0.11770197004079819
2,400,2,0.01,29,0.9225164651870728,0.08924112468957901,0.2987325303504441,0.11945531517267227
2,400,2,0.01,30,0.926535964012146,0.08461169898509979,0.2908809017194147,0.11038067191839218
2,400,2,0.01,31,0.9253066778182983,0.08602754026651382,0.2933045179783527,0.10585550218820572
2,400,2,0.01,32,0.9182634353637695,0.09413950890302658,0.3068216239169374,0.20119766891002655
2,400,2,0.01,33,0.9222698211669922,0.08952520042657852,0.2992076209366642,0.14632533490657806
2,400,2,0.01,34,0.9245349168777466,0.08691636472940445,0.29481581492417336,0.1232905238866806
2,400,2,0.01,35,0.9249997138977051,0.08638101816177368,0.29390647859782487,0.09755422919988632
2,400,2,0.01,36,0.9250199198722839,0.08635778725147247,0.29386695501786597,0.08532556891441345
2,400,2,0.01,37,0.9235024452209473,0.08810552954673767,0.2968257562051138,0.08519014716148376
2,400,2,0.01,38,0.9241114854812622,0.0874040424823761,0.29564174685314,0.16240864992141724
2,400,2,0.01,39,0.9270510673522949,0.08401838690042496,0.2898592536049608,0.1690334975719452
2,400,2,0.01,40,0.9214511513710022,0.09046807885169983,0.3007791197069701,0.20018982887268066
2,400,2,0.01,41,0.9238473176956177,0.08770830184221268,0.2961558742321561,0.09111901372671127
2,400,2,0.01,42,0.9251658916473389,0.08618969470262527,0.29358081460242813,0.09876470267772675
2,400,2,0.01,43,0.9263949990272522,0.08477405458688736,0.29115984370597425,0.09081633388996124
2,400,2,0.01,44,0.9250093102455139,0.08636997640132904,0.29388769351799854,0.09730105847120285
2,400,2,0.01,45,0.9261807799339294,0.0850207731127739,0.2915832181603974,0.12949980795383453
2,400,2,0.01,46,0.9263889789581299,0.08478093892335892,0.29117166572892855,0.1270035356283188
2,400,2,0.01,47,0.9261032938957214,0.08511002361774445,0.2917362226699736,0.07598777115345001
2,400,2,0.01,48,0.9235864877700806,0.08800874650478363,0.2966626813483348,0.0865069106221199
2,400,2,0.01,49,0.9238738417625427,0.08767776936292648,0.29610432175658374,0.10067393630743027
2,400,2,0.01,50,0.9233317375183105,0.08830210566520691,0.2971567022047575,0.16713911294937134
2,400,2,0.01,51,0.9282828569412231,0.08259972929954529,0.2874016863199402,0.09920234978199005
2,400,2,0.01,52,0.92786705493927,0.08307862281799316,0.28823362541173636,0.12380317598581314
2,400,2,0.01,53,0.9265084266662598,0.08464338630437851,0.2909353644787421,0.0680823102593422
2,400,2,0.01,54,0.9275283217430115,0.0834687277674675,0.28890954945703595,0.0964685007929802
2,400,2,0.01,55,0.928051233291626,0.08286651223897934,0.28786544120296786,0.11477260291576385
2,400,2,0.01,56,0.9287095665931702,0.0821082815527916,0.28654542668273664,0.08562096953392029
2,400,2,0.01,57,0.9244083762168884,0.08706213533878326,0.29506293453902893,0.10731722414493561
2,400,2,0.01,58,0.9221635460853577,0.08964761346578598,0.2994121130912809,0.11957763880491257
2,400,2,0.01,59,0.9260212182998657,0.08520452678203583,0.29189814453338997,0.08440330624580383
2,400,2,0.01,60,0.9260541200637817,0.08516664057970047,0.291833241046493,0.07799722254276276
2,400,2,0.01,61,0.9286701679229736,0.08215359598398209,0.2866244860160801,0.08284763991832733
2,400,2,0.01,62,0.9282377362251282,0.08265171200037003,0.28749210771840333,0.0962875634431839
2,400,2,0.01,63,0.9268599152565002,0.08423858135938644,0.2902388350296811,0.19034717977046967
2,400,2,0.01,64,0.9268472194671631,0.0842532068490982,0.29026402954740743,0.1245616003870964
2,400,2,0.01,65,0.9279773235321045,0.08295158296823502,0.2880131645745295,0.10440589487552643
2,400,2,0.01,66,0.9280350804328918,0.08288508653640747,0.2878977015128941,0.15132883191108704
2,400,2,0.01,67,0.9254554510116577,0.08585615456104279,0.2930122088941735,0.13022562861442566
2,400,2,0.01,68,0.9279605150222778,0.08297095447778702,0.28804679216715295,0.1196947768330574
2,400,2,0.01,69,0.9290232062339783,0.08174700289964676,0.2859143279019902,0.06942620873451233
2,400,2,0.01,70,0.9290223121643066,0.08174806088209152,0.28591617806988734,0.07705330103635788
2,400,2,0.01,71,0.9303165674209595,0.08025743067264557,0.28329742440171524,0.09926988184452057
2,400,2,0.01,72,0.9305797815322876,0.07995423674583435,0.282761802133588,0.10610837489366531
2,400,2,0.01,73,0.9299912452697754,0.08063208311796188,0.2839578896913447,0.07819364219903946
2,400,2,0.01,74,0.9302377700805664,0.08034814894199371,0.2834574905378119,0.10200522840023041
2,400,2,0.01,75,0.9278254508972168,0.08312652260065079,0.2883167053790862,0.09748600423336029
2,400,2,0.01,76,0.9297290444374084,0.08093410730361938,0.2844892041952021,0.07532734423875809
2,400,2,0.01,77,0.929351270198822,0.08136916160583496,0.28525280297629846,0.06479652225971222
2,400,2,0.01,78,0.9313198924064636,0.0791018009185791,0.2812504238549324,0.08904632925987244
2,400,2,0.01,79,0.9308540225028992,0.07963836193084717,0.28220269653362134,0.081951804459095
2,400,2,0.01,80,0.9308383464813232,0.07965646684169769,0.28223477255947343,0.09760580211877823
2,400,2,0.01,81,0.9309518337249756,0.07952576130628586,0.2820031228661943,0.09753702580928802
2,400,2,0.01,82,0.9302135705947876,0.08037601411342621,0.28350663857029207,0.1437230259180069
2,400,2,0.01,83,0.927611768245697,0.08337261527776718,0.2887431649022487,0.14717110991477966
2,400,2,0.01,84,0.9293918013572693,0.08132249861955643,0.2851709989104019,0.08441780507564545
2,400,2,0.01,85,0.9290629029273987,0.08170131593942642,0.28583442049449964,0.06685038655996323
2,400,2,0.01,86,0.9278698563575745,0.08307540416717529,0.2882280419514647,0.08413881063461304
2,400,2,0.01,87,0.9300459623336792,0.08056911081075668,0.28384698485408766,0.1122320145368576
2,400,2,0.01,88,0.9298033118247986,0.08084852248430252,0.2843387460131006,0.08903537690639496
2,400,2,0.01,89,0.9333577156066895,0.07675480097532272,0.2770465682431795,0.1010744571685791
2,400,2,0.01,90,0.9294559359550476,0.08124861121177673,0.28504142016867784,0.07815263420343399
2,400,2,0.01,91,0.9317308664321899,0.0786285325884819,0.2804077969466646,0.11097811162471771
2,400,2,0.01,92,0.931108832359314,0.07934489101171494,0.2816822518578601,0.06489059329032898
2,400,2,0.01,93,0.9324521422386169,0.0777978003025055,0.27892257044295554,0.08434504270553589
2,400,2,0.01,94,0.9324988126754761,0.0777440294623375,0.2788261635183067,0.10684319585561752
2,400,2,0.01,95,0.9335405230522156,0.07654425501823425,0.27666632432993044,0.06585057824850082
2,400,2,0.01,96,0.907463014125824,0.10657881945371628,0.32646411664027686,0.39571863412857056
2,400,2,0.01,97,0.925839900970459,0.0854133665561676,0.29225565273603793,0.11115317046642303
2,400,2,0.01,98,0.9261906147003174,0.08500943332910538,0.29156377231937675,0.11125506460666656
2,400,2,0.01,99,0.9266946911811829,0.08442884683609009,0.2905664241375629,0.08068713545799255
2,400,2,0.01,100,0.9248228073120117,0.08658478409051895,0.29425292537291614,0.08534614741802216
3,400,2,0.01,1,0.9052647948265076,0.10911057889461517,0.3303189048398762,0.3013491630554199
3,400,2,0.01,2,0.9131202101707458,0.10006318986415863,0.3163276621861557,0.2381889522075653
3,400,2,0.01,3,0.9145886898040771,0.09837191551923752,0.3136429746052628,0.2350272238254547
3,400,2,0.01,4,0.9160101413726807,0.09673476219177246,0.311022124923248,0.26636141538619995
3,400,2,0.01,5,0.9189023971557617,0.09340356290340424,0.30561996483116777,0.20104274153709412
3,400,2,0.01,6,0.9176739454269409,0.09481848031282425,0.307926095537264,0.1684521734714508
3,400,2,0.01,7,0.9214061498641968,0.09051988273859024,0.3008652235446799,0.14862410724163055
3,400,2,0.01,8,0.9179065823554993,0.09455052018165588,0.30749068308105837,0.18992114067077637
3,400,2,0.01,9,0.9202001690864563,0.09190891683101654,0.3031648344234808,0.2560071051120758
3,400,2,0.01,10,0.9209743142127991,0.09101727604866028,0.30169069599286663,0.15747201442718506
3,400,2,0.01,11,0.916212260723114,0.09650195389986038,0.310647636237362,0.2279590219259262
3,400,2,0.01,12,0.9214586019515991,0.09045951068401337,0.3007648760809902,0.14344528317451477
3,400,2,0.01,13,0.9215073585510254,0.09040338546037674,0.3006715574516099,0.120213583111763
3,400,2,0.01,14,0.9225900173187256,0.08915639668703079,0.298590684193313,0.16998128592967987
3,400,2,0.01,15,0.9213131666183472,0.0906270295381546,0.30104323533033356,0.15409968793392181
3,400,2,0.01,16,0.9237222671508789,0.0878523662686348,0.2963989984271789,0.19460716843605042
3,400,2,0.01,17,0.9228378534317017,0.08887093514204025,0.29811228613064616,0.15003371238708496
3,400,2,0.01,18,0.9231153726577759,0.08855129778385162,0.29757570092978297,0.23688189685344696
3,400,2,0.01,19,0.9233238697052002,0.08831120282411575,0.29717200881663763,0.12499071657657623
3,400,2,0.01,20,0.9213507771492004,0.0905836895108223,0.30097124366095557,0.1408199965953827
3,400,2,0.01,21,0.9261109828948975,0.08510113507509232,0.29172098840346117,0.1660478115081787
3,400,2,0.01,22,0.925855815410614,0.08539503067731857,0.2922242814642866,0.1437174379825592
3,400,2,0.01,23,0.9247822761535645,0.08663149923086166,0.2943322938973256,0.1070825457572937
3,400,2,0.01,24,0.9250699281692505,0.08630019426345825,0.29376894707143275,0.1272238940000534
3,400,2,0.01,25,0.9229561686515808,0.0887347087264061,0.2978837167862757,0.12400228530168533
3,400,2,0.01,26,0.9212465286254883,0.09070376306772232,0.30117065439335605,0.14985109865665436
3,400,2,0.01,27,0.9255346059799194,0.08576496690511703,0.29285656370502783,0.140369713306427
3,400,2,0.01,28,0.9247369766235352,0.08668363094329834,0.294420839859033,0.1114615648984909
3,400,2,0.01,29,0.9260206818580627,0.08520517498254776,0.2918992548509635,0.12111561000347137
3,400,2,0.01,30,0.9240915775299072,0.08742696791887283,0.295680516637253,0.1277194619178772
3,400,2,0.01,31,0.923613429069519,0.08797772228717804,0.29661038802978235,0.18691226840019226
3,400,2,0.01,32,0.9238091707229614,0.08775228261947632,0.29623011767792334,0.12743622064590454
3,400,2,0.01,33,0.9241067171096802,0.08740953356027603,0.2956510334165535,0.086062490940094
3,400,2,0.01,34,0.9244333505630493,0.08703333884477615,0.2950141332966544,0.09603358060121536
3,400,2,0.01,35,0.9163007140159607,0.09640006721019745,0.3104836021599167,0.22259832918643951
3,400,2,0.01,36,0.924320638179779,0.08716317266225815,0.2952340980683941,0.10572581738233566
3,400,2,0.01,37,0.924044668674469,0.08748103678226471,0.29577193372979915,0.10591955482959747
3,400,2,0.01,38,0.9265754222869873,0.08456623554229736,0.2908027433541461,0.11385123431682587
3,400,2,0.01,39,0.9246758222579956,0.08675406128168106,0.2945404238499039,0.14277322590351105
3,400,2,0.01,40,0.9255936145782471,0.0856970027089119,0.2927405040456682,0.09931380301713943
3,400,2,0.01,41,0.9265344142913818,0.08461349457502365,0.29088398817230154,0.17557501792907715
3,400,2,0.01,42,0.9269888401031494,0.08409006893634796,0.289982876970948,0.12683674693107605
3,400,2,0.01,43,0.9270989894866943,0.08396323770284653,0.28976410699540844,0.12630751729011536
3,400,2,0.01,44,0.9270972013473511,0.08396529406309128,0.28976765530868226,0.1564289778470993
3,400,2,0.01,45,0.9256226420402527,0.0856635794043541,0.29268341156333766,0.14776431024074554
3,400,2,0.01,46,0.9257330894470215,0.08553637564182281,0.2924660247649679,0.1212412416934967
3,400,2,0.01,47,0.9265636205673218,0.08457984030246735,0.29082613414627534,0.08643609285354614
3,400,2,0.01,48,0.92828768491745,0.08259417116641998,0.2873920165321577,0.14250315725803375
3,400,2,0.01,49,0.9244462251663208,0.08701856434345245,0.29498909190587447,0.0958966612815857
3,400,2,0.01,50,0.9283276796340942,0.08254807442426682,0.28731180696982644,0.10566412657499313
3,400,2,0.01,51,0.9292010068893433,0.08154226839542389,0.2855560687420666,0.11451233923435211
3,400,2,0.01,52,0.9269014596939087,0.0841907486319542,0.29015642097316097,0.12048083543777466
3,400,2,0.01,53,0.9263561367988586,0.0848187729716301,0.2912366271120961,0.08545242249965668
3,400,2,0.01,54,0.9273537993431091,0.0836697593331337,0.28925725459032775,0.07823453098535538
3,400,2,0.01,55,0.9293781518936157,0.08133824914693832,0.2851986135080925,0.12665288150310516
3,400,2,0.01,56,0.9308857321739197,0.07960189133882523,0.2821380714097713,0.09613287448883057
3,400,2,0.01,57,0.9270557165145874,0.08401307463645935,0.2898500899369523,0.09745758026838303
3,400,2,0.01,58,0.9278283715248108,0.08312314003705978,0.2883108392639094,0.10983636975288391
3,400,2,0.01,59,0.9294905066490173,0.08120883256196976,0.28497163466206554,0.2167542427778244
3,400,2,0.01,60,0.927821934223175,0.08313056826591492,0.28832372130283507,0.12354260683059692
3,400,2,0.01,61,0.9307442903518677,0.07976479083299637,0.28242661141081654,0.09832614660263062
3,400,2,0.01,62,0.9301413893699646,0.08045917004346848,0.28365325671225505,0.09694813191890717
3,400,2,0.01,63,0.9305806159973145,0.07995331287384033,0.28276016847116275,0.08638463914394379
3,400,2,0.01,64,0.9258750677108765,0.08537288010120392,0.2921863790480383,0.1203342154622078
3,400,2,0.01,65,0.9317834377288818,0.07856795191764832,0.2802997536881692,0.1287068873643875
3,400,2,0.01,66,0.9310024976730347,0.07946742326021194,0.2818996687834378,0.11182525008916855
3,400,2,0.01,67,0.9324002265930176,0.0778575912117958,0.2790297317702825,0.08015304803848267
3,400,2,0.01,68,0.9342900514602661,0.07568100839853287,0.2751018146042168,0.07987465709447861
3,400,2,0.01,69,0.9329223036766052,0.07725625485181808,0.27795009417486816,0.12230118364095688
3,400,2,0.01,70,0.9341893196105957,0.07579696923494339,0.27531249378650324,0.07742999494075775
3,400,2,0.01,71,0.9332206845283508,0.07691261917352676,0.2773312444956874,0.12199658155441284
3,400,2,0.01,72,0.9347513914108276,0.07514962553977966,0.27413432025155055,0.11980507522821426
3,400,2,0.01,73,0.9339085221290588,0.07612036913633347,0.27589920104330395,0.06736066192388535
3,400,2,0.01,74,0.9360153675079346,0.07369383424520493,0.2714660830475972,0.08344093710184097
3,400,2,0.01,75,0.9309753179550171,0.07949873059988022,0.2819551925393115,0.08933184295892715
3,400,2,0.01,76,0.9326525330543518,0.0775669515132904,0.27850844064999253,0.09461554884910583
3,400,2,0.01,77,0.9321704506874084,0.07812219858169556,0.27950348581313894,0.07415647804737091
3,400,2,0.01,78,0.9315395355224609,0.07884889096021652,0.2808004468661268,0.0922803208231926
3,400,2,0.01,79,0.9337987303733826,0.07624686509370804,0.2761283489497376,0.09403788298368454
3,400,2,0.01,80,0.9329706430435181,0.07720059156417847,0.2778499443299899,0.20778104662895203
3,400,2,0.01,81,0.9347214102745056,0.07518413662910461,0.2741972586097545,0.1467796117067337
3,400,2,0.01,82,0.927655816078186,0.08332189917564392,0.2886553293733617,0.17697976529598236
3,400,2,0.01,83,0.9293531775474548,0.08136700093746185,0.28524901566431715,0.0972938984632492
3,400,2,0.01,84,0.9284223914146423,0.08243900537490845,0.28712193468090946,0.0937436893582344
3,400,2,0.01,85,0.9310119152069092,0.07945652306079865,0.2818803346471666,0.11111890524625778
3,400,2,0.01,86,0.9295903444290161,0.08109380304813385,0.284769736889533,0.07607533782720566
3,400,2,0.01,87,0.9281741380691528,0.08272495120763779,0.28761945554436646,0.09909550100564957
3,400,2,0.01,88,0.9325588941574097,0.07767485082149506,0.27870208255679585,0.07932794839143753
3,400,2,0.01,89,0.9336943030357361,0.07636713981628418,0.2763460508425698,0.08429913222789764
3,400,2,0.01,90,0.9332648515701294,0.07686174660921097,0.2772395112699685,0.16199587285518646
3,400,2,0.01,91,0.9268433451652527,0.08425767719745636,0.29027172993155287,0.11239129304885864
3,400,2,0.01,92,0.9305923581123352,0.07993979007005692,0.28273625531589847,0.11248277872800827
3,400,2,0.01,93,0.933431088924408,0.07667025178670883,0.2768939359876067,0.07477851212024689
3,400,2,0.01,94,0.9311138391494751,0.07933912426233292,0.2816720154050326,0.09889495372772217
3,400,2,0.01,95,0.9308676719665527,0.07962270826101303,0.2821749603721298,0.06575595587491989
3,400,2,0.01,96,0.9330277442932129,0.07713481038808823,0.2777315437397924,0.06676118820905685
3,400,2,0.01,97,0.935647189617157,0.07411789149045944,0.2722460128091125,0.06377970427274704
3,400,2,0.01,98,0.9319524168968201,0.07837331295013428,0.27995234049768947,0.08434750139713287
3,400,2,0.01,99,0.929933488368988,0.08069859445095062,0.28407498033257106,0.15577666461467743
3,400,2,0.01,100,0.9311177730560303,0.07933458685874939,0.28166396088024714,0.10330246388912201
4,400,2,0.01,1,0.9016662240028381,0.11325524747371674,0.3365341698456737,0.30652594566345215
4,400,2,0.01,2,0.9098907709121704,0.10378266125917435,0.3221531642855217,0.22893846035003662
4,400,2,0.01,3,0.9101100564002991,0.10353013128042221,0.32176098470824926,0.20939889550209045
4,400,2,0.01,4,0.9113184809684753,0.10213832557201385,0.31959087216629617,0.1892324984073639
4,400,2,0.01,5,0.911988377571106,0.10136674344539642,0.3183814433119437,0.2033034712076187
4,400,2,0.01,6,0.9118430614471436,0.1015341654419899,0.31864426158647496,0.17712078988552094
4,400,2,0.01,7,0.9146860241889954,0.09825975447893143,0.31346411992272966,0.1854097694158554
4,400,2,0.01,8,0.916066586971283,0.09666969627141953,0.3109175071806339,0.1646588146686554
4,400,2,0.01,9,0.9145166277885437,0.09845485538244247,0.3137751669307858,0.191154345870018
4,400,2,0.01,10,0.9165323376655579,0.09613330662250519,0.31005371570504553,0.13458150625228882
4,400,2,0.01,11,0.9127442240715027,0.10049621760845184,0.3170113840360498,0.13062122464179993
4,400,2,0.01,12,0.9175173044204712,0.09499886631965637,0.30821886107059765,0.12037578225135803
4,400,2,0.01,13,0.9180805683135986,0.09435015916824341,0.3071647101609223,0.10950411856174469
4,400,2,0.01,14,0.919958770275116,0.09218694269657135,0.30362302728312845,0.11646424978971481
4,400,2,0.01,15,0.919522762298584,0.09268912672996521,0.30444889017693133,0.21140383183956146
4,400,2,0.01,16,0.9210246801376343,0.09095927327871323,0.3015945511422798,0.13770456612110138
4,400,2,0.01,17,0.9205048084259033,0.09155798703432083,0.3025855036751114,0.13914825022220612
4,400,2,0.01,18,0.9209286570549011,0.09106983989477158,0.30177779887654355,0.15920916199684143
4,400,2,0.01,19,0.9157289266586304,0.09705860912799835,0.31154230712376507,0.15770630538463593
4,400,2,0.01,20,0.922549843788147,0.08920267969369888,0.29866817656673583,0.12848813831806183
4,400,2,0.01,21,0.9217255711555481,0.09015201777219772,0.30025325605594644,0.1393488496541977
4,400,2,0.01,22,0.9186039566993713,0.09374731779098511,0.3061818377875884,0.18187132477760315
4,400,2,0.01,23,0.9176136255264282,0.09488794952630997,0.3080388766475913,0.10887520015239716
4,400,2,0.01,24,0.9224370121955872,0.08933264017105103,0.29888566404404715,0.08214781433343887
4,400,2,0.01,25,0.9222010970115662,0.08960431814193726,0.29933980380486863,0.10485011339187622
4,400,2,0.01,26,0.9214076399803162,0.09051819145679474,0.30086241283482845,0.12457587569952011
4,400,2,0.01,27,0.9212175011634827,0.09073721617460251,0.3012261877304205,0.19534413516521454
4,400,2,0.01,28,0.9219434261322021,0.08990111202001572,0.2998351414027644,0.10142750293016434
4,400,2,0.01,29,0.9236457943916321,0.08794042468070984,0.2965475083029865,0.12033163756132126
4,400,2,0.01,30,0.9208585619926453,0.09115058928728104,0.3019115587175838,0.1410941332578659
4,400,2,0.01,31,0.9238588809967041,0.08769502490758896,0.2961334579333935,0.11089824140071869
4,400,2,0.01,32,0.9224674701690674,0.08929755538702011,0.29882696562897415,0.10929834842681885
4,400,2,0.01,33,0.9234316945075989,0.08818702399730682,0.29696300105788737,0.1499280482530594
4,400,2,0.01,34,0.9256895780563354,0.08558650314807892,0.29255171021219295,0.13187144696712494
4,400,2,0.01,35,0.9241037964820862,0.08741291612386703,0.2956567538952341,0.1433347463607788
4,400,2,0.01,36,0.9238802194595337,0.08767043799161911,0.29609194178771414,0.11511388421058655
4,400,2,0.01,37,0.9238746762275696,0.08767679333686829,0.296102673640189,0.08394013345241547
4,400,2,0.01,38,0.9258133172988892,0.08544402569532394,0.29230810063240453,0.1293269693851471
4,400,2,0.01,39,0.9250531792640686,0.0863194540143013,0.2938017256829873,0.11173795163631439
4,400,2,0.01,40,0.9259111285209656,0.08533132821321487,0.29211526528617926,0.16378331184387207
4,400,2,0.01,41,0.9255439639091492,0.08575420826673508,0.2928381946856234,0.09577922523021698
4,400,2,0.01,42,0.9256500005722046,0.0856320858001709,0.2926296051327871,0.16458100080490112
4,400,2,0.01,43,0.921772301197052,0.09009820967912674,0.3001636381694604,0.1635553389787674
4,400,2,0.01,44,0.9258976578712463,0.08534686267375946,0.292141853683719,0.1063690036535263
4,400,2,0.01,45,0.9215123653411865,0.09039758890867233,0.3006619179554876,0.11967599391937256
4,400,2,0.01,46,0.9260591268539429,0.08516085892915726,0.2918233351347305,0.10649926960468292
4,400,2,0.01,47,0.9240598678588867,0.08746348321437836,0.2957422580802046,0.10928741842508316
4,400,2,0.01,48,0.926063060760498,0.08515635877847672,0.29181562463047916,0.1064339131116867
4,400,2,0.01,49,0.925261914730072,0.08607903867959976,0.29339229485383517,0.1158260777592659
4,400,2,0.01,50,0.9264519810676575,0.08470839262008667,0.291047062551895,0.13187651336193085
4,400,2,0.01,51,0.9249002933502197,0.0864955484867096,0.2941012555000566,0.08293014019727707
4,400,2,0.01,52,0.9235891103744507,0.0880056843161583,0.2966575202420432,0.0949912965297699
4,400,2,0.01,53,0.9250525832176208,0.08632014691829681,0.29380290488403416,0.08644384890794754
4,400,2,0.01,54,0.9252025485038757,0.08614744246006012,0.2935088456248979,0.08805541694164276
4,400,2,0.01,55,0.9268250465393066,0.08427876979112625,0.2903080601552879,0.17034293711185455
4,400,2,0.01,56,0.9261153936386108,0.08509606868028641,0.2917123046432673,0.09694001823663712
4,400,2,0.01,57,0.9245897531509399,0.08685322850942612,0.29470871807502763,0.12701161205768585
4,400,2,0.01,58,0.9236209392547607,0.08796904236078262,0.2965957558037246,0.1468179076910019
4,400,2,0.01,59,0.9254401922225952,0.08587371557950974,0.2930421737216501,0.15562307834625244
4,400,2,0.01,60,0.9243834614753723,0.08709079772233963,0.2951115004914916,0.09562785178422928
4,400,2,0.01,61,0.9249488711357117,0.08643960952758789,0.29400613858827485,0.09993509203195572
4,400,2,0.01,62,0.9238903522491455,0.08765878528356552,0.296072263617458,0.08406677842140198
4,400,2,0.01,63,0.9262816905975342,0.08490456640720367,0.29138388151578265,0.0847301185131073
4,400,2,0.01,64,0.9270026087760925,0.0840742364525795,0.2899555766881877,0.13231511414051056
4,400,2,0.01,65,0.9256536960601807,0.08562786132097244,0.292622386910114,0.11389296501874924
4,400,2,0.01,66,0.9258830547332764,0.08536366373300552,0.2921706072366033,0.1060682088136673
4,400,2,0.01,67,0.9269158244132996,0.08417417109012604,0.2901278530064393,0.09681373834609985
4,400,2,0.01,68,0.9280261993408203,0.08289531618356705,0.2879154670794312,0.13203461468219757
4,400,2,0.01,69,0.92375648021698,0.08781293779611588,0.29633247846990357,0.19100019335746765
4,400,2,0.01,70,0.9235276579856873,0.08807650208473206,0.29677685570935625,0.11509823054075241
4,400,2,0.01,71,0.9242393970489502,0.08725675195455551,0.2953925387591154,0.11799810081720352
4,400,2,0.01,72,0.9241930246353149,0.08731014281511307,0.29548289766941344,0.10564831644296646
4,400,2,0.01,73,0.9253855347633362,0.08593671023845673,0.29314963796405535,0.09689248353242874
4,400,2,0.01,74,0.9225460290908813,0.08920706808567047,0.29867552307758743,0.10072363913059235
4,400,2,0.01,75,0.9250028133392334,0.08637745678424835,0.2939004198436068,0.08284617215394974
4,400,2,0.01,76,0.9260957837104797,0.08511864393949509,0.2917509964670131,0.08749838918447495
4,400,2,0.01,77,0.9258406758308411,0.08541249483823776,0.2922541613702665,0.0682440921664238
4,400,2,0.01,78,0.9267546534538269,0.0843597948551178,0.290447576776116,0.08110298961400986
4,400,2,0.01,79,0.9295278787612915,0.08116579055786133,0.28489610484852423,0.09765659272670746
4,400,2,0.01,80,0.9246074557304382,0.08683283627033234,0.29467411876568383,0.07962989062070847
4,400,2,0.01,81,0.9228318333625793,0.08887787908315659,0.29812393242266977,0.24784933030605316
4,400,2,0.01,82,0.9258100986480713,0.08544771373271942,0.2923144090405388,0.1561194211244583
4,400,2,0.01,83,0.9271990060806274,0.0838480219244957,0.2895652291358472,0.10435813665390015
4,400,2,0.01,84,0.9273704886436462,0.08365051448345184,0.2892239867014004,0.09123659133911133
4,400,2,0.01,85,0.9277470111846924,0.08321685343980789,0.2884733149527143,0.07310979813337326
4,400,2,0.01,86,0.9263153672218323,0.0848657488822937,0.2913172649917847,0.0833021029829979
4,400,2,0.01,87,0.9264944791793823,0.08465948700904846,0.29096303375007704,0.07563422620296478
4,400,2,0.01,88,0.9285574555397034,0.08228342980146408,0.28685088426125527,0.08825768530368805
4,400,2,0.01,89,0.9265439510345459,0.0846024602651596,0.2908650206971605,0.10806740075349808
4,400,2,0.01,90,0.9304300546646118,0.08012665808200836,0.2830665258945472,0.10236454755067825
4,400,2,0.01,91,0.9299014210700989,0.08073554933071136,0.2841400171230926,0.06594713032245636
4,400,2,0.01,92,0.930820882320404,0.079676553606987,0.2822703555228338,0.07879547774791718
4,400,2,0.01,93,0.9310805797576904,0.07937746495008469,0.28174006628466014,0.06887306272983551
4,400,2,0.01,94,0.9313074946403503,0.07911611348390579,0.2812758672262976,0.06232861801981926
4,400,2,0.01,95,0.9316613078117371,0.07870863378047943,0.28055059041192454,0.10210122168064117
4,400,2,0.01,96,0.9320186376571655,0.07829704880714417,0.2798160981915518,0.07649771869182587
4,400,2,0.01,97,0.9327429533004761,0.07746285945177078,0.2783215037537897,0.0734693855047226
4,400,2,0.01,98,0.9330880641937256,0.07706533372402191,0.2776064367481812,0.09103821218013763
4,400,2,0.01,99,0.9338359832763672,0.07620395720005035,0.2760506424554204,0.07454297691583633
4,400,2,0.01,100,0.9346324801445007,0.07528658956289291,0.2743840184174233,0.0920194461941719
5,400,2,0.01,1,0.9009833931922913,0.11404165625572205,0.33770054227928337,0.6558327674865723
5,400,2,0.01,2,0.9131206274032593,0.10006274282932281,0.316326955584444,0.3014219105243683
5,400,2,0.01,3,0.9157150387763977,0.09707462042570114,0.31156800289134495,0.29884499311447144
5,400,2,0.01,4,0.9180526733398438,0.09438223391771317,0.3072169167179977,0.2550603449344635
5,400,2,0.01,5,0.9191589951515198,0.09310806542634964,0.3051361424452201,0.2544337511062622
5,400,2,0.01,6,0.9201204180717468,0.09200076013803482,0.30331627080991685,0.22462494671344757
5,400,2,0.01,7,0.9206005334854126,0.09144779294729233,0.3024033613359685,0.28800109028816223
5,400,2,0.01,8,0.9217982888221741,0.0900682583451271,0.3001137423463429,0.1959015280008316
5,400,2,0.01,9,0.920894205570221,0.09110952168703079,0.3018435384218632,0.19613277912139893
5,400,2,0.01,10,0.9194364547729492,0.09278853237628937,0.304612101493505,0.22942663729190826
5,400,2,0.01,11,0.9225893616676331,0.08915714919567108,0.2985919442913206,0.17402388155460358
5,400,2,0.01,12,0.9215676784515381,0.09033387899398804,0.3005559498562423,0.1748153269290924
5,400,2,0.01,13,0.9226514101028442,0.08908569067716599,0.2984722611519636,0.1723184734582901
5,400,2,0.01,14,0.9221688508987427,0.0896415188908577,0.29940193534921866,0.1854087859392166
5,400,2,0.01,15,0.9230441451072693,0.08863337337970734,0.29771357607557525,0.15468087792396545
5,400,2,0.01,16,0.9238356351852417,0.0877217948436737,0.2961786535921752,0.16106991469860077
5,400,2,0.01,17,0.9225581288337708,0.08919315785169601,0.2986522356382018,0.15147462487220764
5,400,2,0.01,18,0.9236558079719543,0.0879288837313652,0.29652804881050493,0.20896631479263306
5,400,2,0.01,19,0.9236504435539246,0.08793503791093826,0.29653842569039557,0.18023467063903809
5,400,2,0.01,20,0.9231566190719604,0.08850385248661041,0.29749597053844345,0.15876668691635132
5,400,2,0.01,21,0.9248576164245605,0.08654467761516571,0.2941847678163601,0.1380201280117035
5,400,2,0.01,22,0.9242390990257263,0.08725711703300476,0.29539315671322647,0.19029895961284637
5,400,2,0.01,23,0.9241597056388855,0.08734851330518723,0.29554781898228794,0.12321367114782333
5,400,2,0.01,24,0.921877384185791,0.08997713774442673,0.29996189382057636,0.20943619310855865
5,400,2,0.01,25,0.9205282926559448,0.09153100848197937,0.3025409203429833,0.18831004202365875
5,400,2,0.01,26,0.9220697283744812,0.08975563943386078,0.2995924555689959,0.14893318712711334
5,400,2,0.01,27,0.9247336387634277,0.08668746799230576,0.2944273560529078,0.16143564879894257
5,400,2,0.01,28,0.9243595600128174,0.08711834996938705,0.2951581778799074,0.12660616636276245
5,400,2,0.01,29,0.922629714012146,0.08911070227622986,0.2985141575808924,0.12663482129573822
5,400,2,0.01,30,0.9241238832473755,0.08738978207111359,0.2956176281467558,0.17836317420005798
5,400,2,0.01,31,0.9225192070007324,0.08923794329166412,0.2987272054762742,0.21312691271305084
5,400,2,0.01,32,0.9229390025138855,0.08875446021556854,0.297916867960793,0.13572023808956146
5,400,2,0.01,33,0.9233425855636597,0.08828961849212646,0.2971356903707908,0.1057882308959961
5,400,2,0.01,34,0.9229695200920105,0.08871933072805405,0.29785790358500486,0.11029138416051865
5,400,2,0.01,35,0.9228271245956421,0.08888334780931473,0.29813310418220035,0.10958343744277954
5,400,2,0.01,36,0.9236153364181519,0.08797550201416016,0.2966066452629815,0.10524004697799683
5,400,2,0.01,37,0.9200201034545898,0.09211628884077072,0.3035066537009868,0.19001470506191254
5,400,2,0.01,38,0.9232515096664429,0.08839454501867294,0.2973122012610195,0.14590005576610565
5,400,2,0.01,39,0.9240588545799255,0.08746465295553207,0.2957442357097296,0.1231723204255104
5,400,2,0.01,40,0.923173189163208,0.0884847417473793,0.2974638494798642,0.14908063411712646
5,400,2,0.01,41,0.9202359914779663,0.09186761826276779,0.3030967143714491,0.14814506471157074
5,400,2,0.01,42,0.9212868809700012,0.09065726399421692,0.30109344727877574,0.1607109010219574
5,400,2,0.01,43,0.9229952096939087,0.08868974447250366,0.29780823439338217,0.12004148215055466
5,400,2,0.01,44,0.9229068160057068,0.08879150450229645,0.29797903366226364,0.10626307874917984
5,400,2,0.01,45,0.9239376783370972,0.08760427683591843,0.2959801966955195,0.12085486203432083
5,400,2,0.01,46,0.9227525591850281,0.08896917849779129,0.2982770163753676,0.12072107195854187
5,400,2,0.01,47,0.9211537837982178,0.09081060439348221,0.3013479789105648,0.15539367496967316
5,400,2,0.01,48,0.9225395917892456,0.08921448886394501,0.29868794562878664,0.14871129393577576
5,400,2,0.01,49,0.9232644438743591,0.08837961405515671,0.29728709029346817,0.1038261353969574
5,400,2,0.01,50,0.9211660623550415,0.09079644829034805,0.3013244900275251,0.16566607356071472
5,400,2,0.01,51,0.9241710305213928,0.08733547478914261,0.29552575994173946,0.14213494956493378
5,400,2,0.01,52,0.9227262139320374,0.08899954706430435,0.2983279186806095,0.13220036029815674
5,400,2,0.01,53,0.9238491058349609,0.08770626038312912,0.29615242761647104,0.13897745311260223
5,400,2,0.01,54,0.9214958548545837,0.09041658788919449,0.3006935115515373,0.11349570006132126
5,400,2,0.01,55,0.9222698211669922,0.08952517062425613,0.2992075711345823,0.10996873676776886
5,400,2,0.01,56,0.9225499629974365,0.08920256793498993,0.29866798947157014,0.11593302339315414
5,400,2,0.01,57,0.9236997365951538,0.0878782868385315,0.296442721007839,0.11010321229696274
5,400,2,0.01,58,0.9242063164710999,0.08729482442140579,0.2954569755842732,0.13568159937858582
5,400,2,0.01,59,0.9209031462669373,0.09109922498464584,0.3018264815827893,0.12292551249265671
5,400,2,0.01,60,0.9244498610496521,0.08701436966657639,0.2949819819354674,0.11367228627204895
5,400,2,0.01,61,0.9242684841156006,0.08722326159477234,0.2953358454281707,0.09806869924068451
5,400,2,0.01,62,0.926525354385376,0.08462388068437576,0.29090184029045907,0.11015681177377701
5,400,2,0.01,63,0.9235741496086121,0.08802293986082077,0.296686602091872,0.14678414165973663
5,400,2,0.01,64,0.9264141321182251,0.08475198596715927,0.29112194346555065,0.08827979117631912
5,400,2,0.01,65,0.9262932538986206,0.08489125221967697,0.29136103414780257,0.10361499339342117
5,400,2,0.01,66,0.9275586009025574,0.08343388885259628,0.288849249354393,0.15139058232307434
5,400,2,0.01,67,0.9256263971328735,0.08565925061702728,0.29267601647047764,0.10615893453359604
5,400,2,0.01,68,0.9271462559700012,0.08390876650810242,0.2896700994374504,0.111095130443573
5,400,2,0.01,69,0.9274744391441345,0.08353078365325928,0.2890169262400721,0.10927653312683105
5,400,2,0.01,70,0.9268460273742676,0.08425460010766983,0.29026642952237836,0.10352903604507446
5,400,2,0.01,71,0.9274264574050903,0.08358610421419144,0.2891126151073167,0.12353724241256714
5,400,2,0.01,72,0.9284792542457581,0.0823734849691391,0.2870078134287272,0.11363063007593155
5,400,2,0.01,73,0.9286981821060181,0.08212140202522278,0.28656831999581317,0.10913968086242676
5,400,2,0.01,74,0.9278429746627808,0.0831063762307167,0.2882817653454979,0.10192005336284637
5,400,2,0.01,75,0.9283877611160278,0.08247891813516617,0.28719143116598406,0.0864352285861969
5,400,2,0.01,76,0.9303104281425476,0.08026444911956787,0.2833098111953906,0.15504586696624756
5,400,2,0.01,77,0.9305171370506287,0.08002638816833496,0.282889356760439,0.12661416828632355
5,400,2,0.01,78,0.9267975091934204,0.08431042730808258,0.290362579042277,0.14498810470104218
5,400,2,0.01,79,0.9301004409790039,0.0805063471198082,0.283736404290687,0.09170128405094147
5,400,2,0.01,80,0.9292131066322327,0.08152829110622406,0.2855315938845018,0.12609466910362244
5,400,2,0.01,81,0.9320029616355896,0.0783151239156723,0.27984839452044796,0.09953577071428299
5,400,2,0.01,82,0.9282393455505371,0.08264981955289841,0.2874888163962181,0.103884257376194
5,400,2,0.01,83,0.9315831065177917,0.07879865914583206,0.2807109886446059,0.08898210525512695
5,400,2,0.01,84,0.9292411208152771,0.08149604499340057,0.28547512149642845,0.09629473835229874
5,400,2,0.01,85,0.9318719506263733,0.0784660056233406,0.2801178423866295,0.08361085504293442
5,400,2,0.01,86,0.9341487288475037,0.07584374397993088,0.275397429145464,0.10433274507522583
5,400,2,0.01,87,0.9347166419029236,0.07518962025642395,0.2742072578478257,0.09801428020000458
5,400,2,0.01,88,0.937126636505127,0.07241398841142654,0.2690984734468528,0.08279561996459961
5,400,2,0.01,89,0.934207022190094,0.07577662169933319,0.2752755377786649,0.1192811131477356
5,400,2,0.01,90,0.9371042847633362,0.07243967056274414,0.2691461880888231,0.11809218674898148
5,400,2,0.01,91,0.9357488751411438,0.074000783264637,0.27203084983993453,0.12003512680530548
5,400,2,0.01,92,0.9390420913696289,0.07020782679319382,0.2649675957418073,0.10472007840871811
5,400,2,0.01,93,0.9397375583648682,0.06940682232379913,0.26345174572167696,0.09017966687679291
5,400,2,0.01,94,0.942284882068634,0.06647297739982605,0.25782353926634793,0.08466082811355591
5,400,2,0.01,95,0.9408049583435059,0.06817745417356491,0.26110812736022776,0.07967443764209747
5,400,2,0.01,96,0.9443123936653137,0.06413780152797699,0.253254420549725,0.12161288410425186
5,400,2,0.01,97,0.9461599588394165,0.06200985610485077,0.24901778270808447,0.0994136780500412
5,400,2,0.01,98,0.9448955059051514,0.06346620619297028,0.25192500112726063,0.08947443217039108
5,400,2,0.01,99,0.9488174319267273,0.05894918367266655,0.2427945297420569,0.09026821702718735
5,400,2,0.01,100,0.9485936164855957,0.05920697748661041,0.2433248394361135,0.10886450856924057
6,400,2,0.01,1,0.9164302945137024,0.09625083953142166,0.3102431941742182,0.5117476582527161
6,400,2,0.01,2,0.9193429946899414,0.09289613366127014,0.30478867049362274,0.37401556968688965
6,400,2,0.01,3,0.9200641512870789,0.09206555783748627,0.3034230674116361,0.28451424837112427
6,400,2,0.01,4,0.9218361377716064,0.0900246649980545,0.3000411055139854,0.28678691387176514
6,400,2,0.01,5,0.9227476119995117,0.08897491544485092,0.2982866330307996,0.28312206268310547
6,400,2,0.01,6,0.9180024266242981,0.09444013983011246,0.30731114498194245,0.2923401892185211
6,400,2,0.01,7,0.9229269027709961,0.08876843005418777,0.29794031290543377,0.2020985335111618
6,400,2,0.01,8,0.917548656463623,0.09496277570724487,0.3081603084552663,0.48199132084846497
6,400,2,0.01,9,0.9222121238708496,0.0895916223526001,0.29931859673698874,0.15205514430999756
6,400,2,0.01,10,0.9179754257202148,0.09447120130062103,0.30736167832151917,0.33989983797073364
6,400,2,0.01,11,0.9208752512931824,0.09113134443759918,0.30187968536753046,0.21120260655879974
6,400,2,0.01,12,0.9204461574554443,0.09162560850381851,0.3026972224910868,0.17264650762081146
6,400,2,0.01,13,0.9202356338500977,0.09186803549528122,0.30309740265347246,0.20943504571914673
6,400,2,0.01,14,0.9213494062423706,0.09058528393507004,0.3009738924476175,0.15312571823596954
6,400,2,0.01,15,0.922673225402832,0.08906055986881256,0.2984301591140087,0.18278978765010834
6,400,2,0.01,16,0.9232710599899292,0.08837198466062546,0.2972742583215463,0.14525067806243896
6,400,2,0.01,17,0.9226041436195374,0.0891401469707489,0.298563472264691,0.13465067744255066
6,400,2,0.01,18,0.9170230627059937,0.09556813538074493,0.309140963608424,0.20374508202075958
6,400,2,0.01,19,0.9225813150405884,0.08916643261909485,0.2986074892213771,0.16535142064094543
6,400,2,0.01,20,0.9215344190597534,0.09037221223115921,0.3006197136435986,0.16183596849441528
6,400,2,0.01,21,0.9228411912918091,0.08886709064245224,0.29810583798787343,0.1173524484038353
6,400,2,0.01,22,0.9231195449829102,0.0885465145111084,0.297567663752479,0.17844589054584503
6,400,2,0.01,23,0.9238638281822205,0.08768927305936813,0.29612374619298626,0.1147618517279625
6,400,2,0.01,24,0.9216157793998718,0.09027847647666931,0.30046376899165284,0.13432994484901428
6,400,2,0.01,25,0.9222126007080078,0.08959107846021652,0.29931768818467197,0.150053471326828
6,400,2,0.01,26,0.9238085746765137,0.08775293827056885,0.29623122433425014,0.10679646581411362
6,400,2,0.01,27,0.922889232635498,0.08881179988384247,0.2980130867660722,0.11657947301864624
6,400,2,0.01,28,0.9206076860427856,0.09143957495689392,0.3023897732346349,0.12346883863210678
6,400,2,0.01,29,0.9242875576019287,0.08720127493143082,0.29529861992808365,0.15070447325706482
6,400,2,0.01,30,0.9227482676506042,0.08897411823272705,0.2982852967089177,0.11227872222661972
6,400,2,0.01,31,0.9239539504051208,0.08758550137281418,0.2959484775646163,0.103975810110569
6,400,2,0.01,32,0.9206669330596924,0.09137129038572311,0.3022768439456174,0.1730782389640808
6,400,2,0.01,33,0.9246401190757751,0.08679519593715668,0.2946102441144175,0.0949329286813736
6,400,2,0.01,34,0.9259618520736694,0.08527295291423798,0.2920153299301904,0.14021891355514526
6,400,2,0.01,35,0.9205063581466675,0.09155623614788055,0.30258261045189055,0.1513965129852295
6,400,2,0.01,36,0.9234539270401001,0.08816143125295639,0.2969199071348305,0.12629534304141998
6,400,2,0.01,37,0.9241754412651062,0.08733037114143372,0.29551712495460175,0.10892689228057861
6,400,2,0.01,38,0.9253382682800293,0.08599115163087845,0.29324247924009655,0.13669070601463318
6,400,2,0.01,39,0.9247126579284668,0.08671168982982635,0.29446848698939987,0.11312313377857208
6,400,2,0.01,40,0.9255832433700562,0.08570896089076996,0.29276092787592056,0.08783457428216934
6,400,2,0.01,41,0.9265259504318237,0.08462319523096085,0.29090066213565213,0.1368584930896759
6,400,2,0.01,42,0.9269466996192932,0.0841386467218399,0.2900666246258606,0.19035466015338898
6,400,2,0.01,43,0.9237905144691467,0.08777372539043427,0.2962663082269637,0.12274687737226486
6,400,2,0.01,44,0.923214316368103,0.08843740075826645,0.29738426447656313,0.204660564661026
6,400,2,0.01,45,0.9260706305503845,0.08514762669801712,0.2918006626072277,0.1343727856874466
6,400,2,0.01,46,0.9254615306854248,0.08584915846586227,0.2930002704194354,0.11438373476266861
6,400,2,0.01,47,0.9260204434394836,0.08520543575286865,0.2918997015292559,0.12273908406496048
6,400,2,0.01,48,0.9202224612236023,0.09188324213027954,0.3031224870086011,0.18632850050926208
6,400,2,0.01,49,0.9249063730239868,0.08648856729269028,0.2940893865692713,0.1028984785079956
6,400,2,0.01,50,0.922010064125061,0.08982435613870621,0.2997071172640153,0.19422200322151184
6,400,2,0.01,51,0.925093948841095,0.08627250790596008,0.29372182061597,0.11000064015388489
6,400,2,0.01,52,0.9233844876289368,0.08824139088392258,0.29705452510258545,0.14834678173065186
6,400,2,0.01,53,0.9251337051391602,0.08622674643993378,0.2936439109532731,0.10939516127109528
6,400,2,0.01,54,0.926580548286438,0.0845603421330452,0.2907926101761274,0.10504046082496643
6,400,2,0.01,55,0.9259672164916992,0.08526670932769775,0.29200463922290304,0.12121523916721344
6,400,2,0.01,56,0.9275866746902466,0.08340156078338623,0.28879328382666075,0.12331582605838776
6,400,2,0.01,57,0.9269670844078064,0.08411514759063721,0.29002611535969863,0.15525197982788086
6,400,2,0.01,58,0.9240192174911499,0.08751031011343002,0.295821415914112,0.1504141241312027
6,400,2,0.01,59,0.9249187707901001,0.08647430688142776,0.2940651405410505,0.09318817406892776
6,400,2,0.01,60,0.9266808032989502,0.08444483578205109,0.2905939362444631,0.09952842444181442
6,400,2,0.01,61,0.9233353137969971,0.0882980227470398,0.29714983215044866,0.11252950876951218
6,400,2,0.01,62,0.9246317148208618,0.08680491894483566,0.2946267451281972,0.12722013890743256
6,400,2,0.01,63,0.9222608804702759,0.08953546732664108,0.2992247772605756,0.105314239859581
6,400,2,0.01,64,0.9243596196174622,0.08711827546358109,0.2951580516665285,0.086558036506176
6,400,2,0.01,65,0.9256750345230103,0.08560323715209961,0.29258030889330133,0.0991201251745224
6,400,2,0.01,66,0.9245102405548096,0.08694478869438171,0.29486401729336476,0.10398993641138077
6,400,2,0.01,67,0.9260328412055969,0.08519117534160614,0.29187527360433624,0.10529642552137375
6,400,2,0.01,68,0.9256327152252197,0.08565197139978409,0.29266358058320835,0.12318107485771179
6,400,2,0.01,69,0.92531818151474,0.0860142707824707,0.29328189644516195,0.10336719453334808
6,400,2,0.01,70,0.9220154285430908,0.08981814980506897,0.29969676308740634,0.1250874251127243
6,400,2,0.01,71,0.9245840311050415,0.0868598073720932,0.29471987949931916,0.17839820683002472
6,400,2,0.01,72,0.9221203327178955,0.08969733119010925,0.2994951271558675,0.10030265897512436
6,400,2,0.01,73,0.9238387942314148,0.08771813660860062,0.2961724778040671,0.07810049504041672
6,400,2,0.01,74,0.9246608018875122,0.0867713987827301,0.29456985382542134,0.09793690592050552
6,400,2,0.01,75,0.9228419661521912,0.08886624872684479,0.2981044258759752,0.12328416854143143
6,400,2,0.01,76,0.9256339073181152,0.08565063029527664,0.2926612893692581,0.13731257617473602
6,400,2,0.01,77,0.9251382350921631,0.08622152358293533,0.29363501763743255,0.13969366252422333
6,400,2,0.01,78,0.9173792600631714,0.09515783190727234,0.3084766310553724,0.1874374896287918
6,400,2,0.01,79,0.9222405552864075,0.08955889940261841,0.2992639293376641,0.09230278432369232
6,400,2,0.01,80,0.9250187277793884,0.08635914325714111,0.2938692621849742,0.10151403397321701
6,400,2,0.01,81,0.9241764545440674,0.08732921630144119,0.29551517101739666,0.08257303386926651
6,400,2,0.01,82,0.9244114756584167,0.08705853670835495,0.2950568364033529,0.08461762219667435
6,400,2,0.01,83,0.9207093119621277,0.09132246673107147,0.30219607332172843,0.15869754552841187
6,400,2,0.01,84,0.9212589859962463,0.09068942070007324,0.30114684242089146,0.1604607254266739
6,400,2,0.01,85,0.9186998009681702,0.09363695979118347,0.3060015682822287,0.1506180316209793
6,400,2,0.01,86,0.9219310879707336,0.08991533517837524,0.29985885876254387,0.2061355710029602
6,400,2,0.01,87,0.9227871298789978,0.08892937004566193,0.29821027823611634,0.09742911159992218
6,400,2,0.01,88,0.9229509830474854,0.08874069899320602,0.297893771323279,0.12469549477100372
6,400,2,0.01,89,0.9215287566184998,0.09037873148918152,0.30063055647951276,0.11210858076810837
6,400,2,0.01,90,0.9260076284408569,0.08522022515535355,0.29192503345097615,0.10259963572025299
6,400,2,0.01,91,0.9258816242218018,0.08536530286073685,0.2921734123097734,0.07857950776815414
6,400,2,0.01,92,0.9231150150299072,0.08855173736810684,0.2975764395379897,0.10122083127498627
6,400,2,0.01,93,0.9233283400535583,0.08830606192350388,0.29716335898543056,0.09222280979156494
6,400,2,0.01,94,0.9263211488723755,0.08485911786556244,0.29130588367824367,0.08546970039606094
6,400,2,0.01,95,0.9244720339775085,0.08698879182338715,0.2949386238243258,0.08137200027704239
6,400,2,0.01,96,0.922725260257721,0.08900061249732971,0.2983297043496167,0.09182249754667282
6,400,2,0.01,97,0.9232093095779419,0.0884431004524231,0.29739384736813756,0.13818255066871643
6,400,2,0.01,98,0.9242756366729736,0.08721501380205154,0.2953218816851395,0.0969458520412445
6,400,2,0.01,99,0.9249603152275085,0.08642639964818954,0.2939836724176864,0.10361779481172562
6,400,2,0.01,100,0.9224464297294617,0.08932176232337952,0.2988674661507664,0.05939127504825592
7,400,2,0.01,1,0.9068318605422974,0.10730578005313873,0.3275756096737648,0.520870566368103
7,400,2,0.01,2,0.913480818271637,0.09964784979820251,0.3156704766021088,0.22635126113891602
7,400,2,0.01,3,0.9152007699012756,0.0976669192314148,0.3125170703040312,0.22663336992263794
7,400,2,0.01,4,0.9124928712844849,0.1007857397198677,0.31746769870314007,0.2309475839138031
7,400,2,0.01,5,0.9172108173370361,0.09535183012485504,0.30879091651934165,0.21411673724651337
7,400,2,0.01,6,0.9180301427841187,0.09440818428993225,0.3072591484234965,0.16331304609775543
7,400,2,0.01,7,0.9177857637405396,0.09468968212604523,0.3077168863193004,0.23448446393013
7,400,2,0.01,8,0.9199360609054565,0.09221310913562775,0.3036661145660275,0.20113949477672577
7,400,2,0.01,9,0.9209730625152588,0.09101875871419907,0.30169315324382,0.2187415063381195
7,400,2,0.01,10,0.9201525449752808,0.0919637605547905,0.30325527292166,0.16751989722251892
7,400,2,0.01,11,0.9205558896064758,0.0914992243051529,0.3024883870583347,0.1930006742477417
7,400,2,0.01,12,0.9216979742050171,0.09018383175134659,0.3003062299575994,0.2259112447500229
7,400,2,0.01,13,0.9217042922973633,0.09017651528120041,0.3002940480282625,0.138130784034729
7,400,2,0.01,14,0.9201826453208923,0.09192907065153122,0.3031980716487676,0.14002780616283417
7,400,2,0.01,15,0.9226437211036682,0.08909455686807632,0.29848711340370515,0.1431048959493637
7,400,2,0.01,16,0.9214737415313721,0.09044208377599716,0.3007359037028954,0.1226678267121315
7,400,2,0.01,17,0.9233559370040894,0.08827424049377441,0.2971098121802348,0.1517292559146881
7,400,2,0.01,18,0.918291449546814,0.09410728514194489,0.3067691072157444,0.13801175355911255
7,400,2,0.01,19,0.9188115000724792,0.0935082882642746,0.3057912494893773,0.10312818735837936
7,400,2,0.01,20,0.9219800233840942,0.08985895663499832,0.2997648355544698,0.13238342106342316
7,400,2,0.01,21,0.9222373962402344,0.0895625650882721,0.29927005377797505,0.240565687417984
7,400,2,0.01,22,0.923461377620697,0.08815282583236694,0.2969054156332736,0.16550932824611664
7,400,2,0.01,23,0.9169382452964783,0.09566577523946762,0.3092988445491959,0.1907816082239151
7,400,2,0.01,24,0.9224786162376404,0.08928468823432922,0.29880543541630766,0.13234539330005646
7,400,2,0.01,25,0.9233061075210571,0.08833162486553192,0.29720636747137824,0.19406606256961823
7,400,2,0.01,26,0.9227522611618042,0.08896952867507935,0.2982776033749087,0.12723574042320251
7,400,2,0.01,27,0.9231897592544556,0.08846567571163177,0.29743180010152204,0.12934398651123047
7,400,2,0.01,28,0.9252170920372009,0.08613070845603943,0.2934803374266144,0.1459771990776062
7,400,2,0.01,29,0.9207643866539001,0.09125905483961105,0.3020911366452367,0.12660540640354156
7,400,2,0.01,30,0.9227864742279053,0.0889301598072052,0.29821160240206146,0.11597456783056259
7,400,2,0.01,31,0.925262451171875,0.0860784500837326,0.2933912917653361,0.13459081947803497
7,400,2,0.01,32,0.9183930158615112,0.0939902514219284,0.30657829574503215,0.44666779041290283
7,400,2,0.01,33,0.9220921397209167,0.08972980082035065,0.2995493295274597,0.11940911412239075
7,400,2,0.01,34,0.9228308796882629,0.08887900412082672,0.2981258192790868,0.11372929066419601
7,400,2,0.01,35,0.9253411293029785,0.08598784357309341,0.293236838703962,0.09647373855113983
7,400,2,0.01,36,0.9243197441101074,0.08716417849063873,0.29523580150557405,0.09275618940591812
7,400,2,0.01,37,0.9246174693107605,0.0868212878704071,0.2946545229084514,0.17117609083652496
7,400,2,0.01,38,0.9249255657196045,0.086466483771801,0.29405183857918826,0.12525314092636108
7,400,2,0.01,39,0.9264339208602905,0.08472918719053268,0.291082784084756,0.15649907290935516
7,400,2,0.01,40,0.923807680606842,0.08775399625301361,0.2962330100664232,0.1429019421339035
7,400,2,0.01,41,0.9238148331642151,0.08774572610855103,0.2962190508872632,0.1515798419713974
7,400,2,0.01,42,0.9255040884017944,0.0858001708984375,0.2929166620362138,0.09655573219060898
7,400,2,0.01,43,0.9257410764694214,0.085527203977108,0.2924503444639927,0.1259753257036209
7,400,2,0.01,44,0.9260410666465759,0.08518170565366745,0.29185905100521975,0.14990177750587463
7,400,2,0.01,45,0.9270051121711731,0.0840713381767273,0.2899505788522025,0.1043233796954155
7,400,2,0.01,46,0.9251747131347656,0.0861794725060463,0.2935634045756492,0.10394614934921265
7,400,2,0.01,47,0.9279799461364746,0.08294856548309326,0.2880079260768586,0.09720700979232788
7,400,2,0.01,48,0.9276813268661499,0.08329251408576965,0.2886044249240986,0.11631765961647034
7,400,2,0.01,49,0.9257510900497437,0.08551566302776337,0.2924306123301105,0.10487259179353714
7,400,2,0.01,50,0.9276081323623657,0.08337682485580444,0.2887504542954079,0.1418876200914383
7,400,2,0.01,51,0.9270820617675781,0.0839826911687851,0.28979767281464686,0.17817504703998566
7,400,2,0.01,52,0.9242709875106812,0.08722037076950073,0.2953309512555376,0.13712917268276215
7,400,2,0.01,53,0.9281548857688904,0.08274712413549423,0.2876579985599118,0.1406450867652893
7,400,2,0.01,54,0.9271669387817383,0.08388496190309525,0.28962900735785296,0.07730301469564438
7,400,2,0.01,55,0.9288468956947327,0.08195006847381592,0.28626922376290453,0.10945702344179153
7,400,2,0.01,56,0.9299078583717346,0.08072810620069504,0.2841269191764396,0.09951639175415039
7,400,2,0.01,57,0.9310420751571655,0.07942181080579758,0.2818187552413742,0.10404566675424576
7,400,2,0.01,58,0.9303296208381653,0.08024236559867859,0.283270834359414,0.11616411805152893
7,400,2,0.01,59,0.9326289296150208,0.07759416848421097,0.27855729838618654,0.0953625962138176
7,400,2,0.01,60,0.932044267654419,0.07826755940914154,0.27976339898053415,0.11450722068548203
7,400,2,0.01,61,0.9352415204048157,0.07458510249853134,0.2731027324992032,0.1019565686583519
7,400,2,0.01,62,0.9274632334709167,0.08354369550943375,0.2890392629201676,0.13848641514778137
7,400,2,0.01,63,0.9344979524612427,0.07544154673814774,0.27466624608449386,0.09487943351268768
7,400,2,0.01,64,0.9243359565734863,0.08714552223682404,0.29520420430072475,0.10518667101860046
7,400,2,0.01,65,0.9263415932655334,0.08483552932739258,0.29126539328830775,0.11001557111740112
7,400,2,0.01,66,0.9282688498497009,0.08261585235595703,0.2874297346412807,0.151850625872612
7,400,2,0.01,67,0.9281883239746094,0.08270863443613052,0.28759108893728,0.0971778929233551
7,400,2,0.01,68,0.9234935641288757,0.08811576664447784,0.2968429999923829,0.15521539747714996
7,400,2,0.01,69,0.9232733249664307,0.08836937695741653,0.29726987226662666,0.10624232143163681
7,400,2,0.01,70,0.9280752539634705,0.08283881843090057,0.28781733518136215,0.11506732553243637
7,400,2,0.01,71,0.9262288808822632,0.08496534824371338,0.29148816141262646,0.08906040340662003
7,400,2,0.01,72,0.9266758561134338,0.08445056527853012,0.2906037943292037,0.1130407452583313
7,400,2,0.01,73,0.9340885877609253,0.07591301947832108,0.2755231741221073,0.09897828847169876
7,400,2,0.01,74,0.925162672996521,0.08619334548711777,0.29358703221892785,0.15775233507156372
7,400,2,0.01,75,0.9219982624053955,0.089837945997715,0.299729788305592,0.12040078639984131
7,400,2,0.01,76,0.9236603379249573,0.08792367577552795,0.2965192671236187,0.086527980864048
7,400,2,0.01,77,0.9226160645484924,0.08912642300128937,0.298540488043564,0.09372012317180634
7,400,2,0.01,78,0.9268757104873657,0.08422038704156876,0.29020748963727444,0.09061286598443985
7,400,2,0.01,79,0.9256097674369812,0.08567842096090317,0.2927087647490303,0.12007494270801544
7,400,2,0.01,80,0.9273021221160889,0.08372925221920013,0.28936007364389466,0.0828709751367569
7,400,2,0.01,81,0.9297007322311401,0.08096671104431152,0.2845465006713516,0.10059971362352371
7,400,2,0.01,82,0.9287697672843933,0.08203890174627304,0.2864243386066782,0.11329835653305054
7,400,2,0.01,83,0.9281137585639954,0.08279445767402649,0.28774026078049364,0.08921979367733002
7,400,2,0.01,84,0.922934889793396,0.08875921368598938,0.2979248457010415,0.09944552928209305
7,400,2,0.01,85,0.9285643100738525,0.08227554708719254,0.28683714384157527,0.07114405184984207
7,400,2,0.01,86,0.9312570691108704,0.07917416095733643,0.2813790343244081,0.07704535871744156
7,400,2,0.01,87,0.9246209263801575,0.08681733906269073,0.2946478220905268,0.11965803802013397
7,400,2,0.01,88,0.9268131852149963,0.08429242670536041,0.290331580620091,0.1332390308380127
7,400,2,0.01,89,0.9491693377494812,0.05854382738471031,0.24195831745304874,0.1104467362165451
7,400,2,0.01,90,0.9251392483711243,0.08622036874294281,0.29363305117602617,0.09218405932188034
7,400,2,0.01,91,0.9257217645645142,0.08554942905902863,0.29248834003944263,0.10226944833993912
7,400,2,0.01,92,0.9261500835418701,0.08505614846944809,0.29164387267598835,0.08269241452217102
7,400,2,0.01,93,0.9285795092582703,0.08225803822278976,0.2868066216508778,0.09206339716911316
7,400,2,0.01,94,0.9302772283554077,0.08030268549919128,0.28337728472690127,0.08230891823768616
7,400,2,0.01,95,0.933124303817749,0.07702360302209854,0.27753126494522834,0.1002640351653099
7,400,2,0.01,96,0.9360969066619873,0.0735999047756195,0.2712930238240923,0.08073790371417999
7,400,2,0.01,97,0.9313336610794067,0.07908595353364944,0.2812222493574245,0.12943479418754578
7,400,2,0.01,98,0.9353746771812439,0.07443178445100784,0.2728218914438646,0.08021927624940872
7,400,2,0.01,99,0.9357749819755554,0.07397070527076721,0.27197556006150114,0.14464856684207916
7,400,2,0.01,100,0.9361090660095215,0.07358592748641968,0.2712672620985062,0.08226045966148376
8,400,2,0.01,1,0.9083301424980164,0.10558012872934341,0.32493095994279064,0.37256115674972534
8,400,2,0.01,2,0.9179466366767883,0.09450437128543854,0.3074156327928665,0.3399403393268585
8,400,2,0.01,3,0.9193483591079712,0.09289000183343887,0.30477861118103233,0.3457282781600952
8,400,2,0.01,4,0.9202004671096802,0.09190857410430908,0.3031642691748305,0.28776007890701294
8,400,2,0.01,5,0.9241575002670288,0.08735109865665436,0.2955521927793031,0.21182040870189667
8,400,2,0.01,6,0.9202706813812256,0.09182766824960709,0.3030308041265889,0.35720938444137573
8,400,2,0.01,7,0.922247052192688,0.08955138176679611,0.29925136886369647,0.19002529978752136
8,400,2,0.01,8,0.9242239594459534,0.08727455139160156,0.2954226656700558,0.21028099954128265
8,400,2,0.01,9,0.9228350520133972,0.08887416124343872,0.29811769696453566,0.21045252680778503
8,400,2,0.01,10,0.923009991645813,0.0886726826429367,0.2977795873510082,0.20011883974075317
8,400,2,0.01,11,0.9241750240325928,0.08733086287975311,0.29551795694974803,0.1411038637161255
8,400,2,0.01,12,0.9245795011520386,0.08686502277851105,0.2947287274401853,0.16467618942260742
8,400,2,0.01,13,0.9223411083221436,0.08944310992956161,0.29907040965224496,0.15202616155147552
8,400,2,0.01,14,0.9235913753509521,0.08800312131643295,0.2966532004149508,0.1690557599067688
8,400,2,0.01,15,0.9247086644172668,0.08671627938747406,0.2944762798384176,0.1607569009065628
8,400,2,0.01,16,0.9208640456199646,0.09114426374435425,0.3019010827147764,0.14492103457450867
8,400,2,0.01,17,0.9215455055236816,0.09035944938659668,0.3005984853364978,0.12606753408908844
8,400,2,0.01,18,0.9249211549758911,0.08647153526544571,0.29406042791481773,0.17535032331943512
8,400,2,0.01,19,0.9243147373199463,0.08716997504234314,0.2952456181594286,0.11425848305225372
8,400,2,0.01,20,0.9230417013168335,0.08863618969917297,0.2977183059524103,0.14181014895439148
8,400,2,0.01,21,0.9241145253181458,0.08740054070949554,0.295635824469051,0.14213813841342926
8,400,2,0.01,22,0.9246636033058167,0.08676818013191223,0.29456439046821703,0.1101033017039299
8,400,2,0.01,23,0.9189246892929077,0.09337791055440903,0.30557799422472987,0.18837298452854156
8,400,2,0.01,24,0.9250644445419312,0.08630651235580444,0.293779700380752,0.11734229326248169
8,400,2,0.01,25,0.9231167435646057,0.08854974806308746,0.29757309700826023,0.12922143936157227
8,400,2,0.01,26,0.924363374710083,0.08711396157741547,0.295150743819858,0.13353268802165985
8,400,2,0.01,27,0.922719419002533,0.08900738507509232,0.2983410549607484,0.13387629389762878
8,400,2,0.01,28,0.9251158833503723,0.08624725043773651,0.2936788219087929,0.11492297053337097
8,400,2,0.01,29,0.927395224571228,0.0836220234632492,0.2891747282582785,0.1151047870516777
8,400,2,0.01,30,0.9267962574958801,0.08431188762187958,0.2903650936698135,0.11257793754339218
8,400,2,0.01,31,0.9252200722694397,0.08612725883722305,0.29347446028099794,0.16971124708652496
8,400,2,0.01,32,0.9243919849395752,0.08708099275827408,0.2950948877196521,0.1262170672416687
8,400,2,0.01,33,0.925331175327301,0.08599928021430969,0.2932563387453197,0.16462501883506775
8,400,2,0.01,34,0.9210265278816223,0.09095713496208191,0.3015910061027714,0.13769640028476715
8,400,2,0.01,35,0.9255949258804321,0.0856955274939537,0.29273798437161125,0.13315968215465546
8,400,2,0.01,36,0.926173746585846,0.08502888679504395,0.2915971309787597,0.1005372703075409
8,400,2,0.01,37,0.9234910011291504,0.08811870962381363,0.29684795708209555,0.17624105513095856
8,400,2,0.01,38,0.925952672958374,0.08528347313404083,0.2920333425039696,0.08648567646741867
8,400,2,0.01,39,0.9271873831748962,0.08386141061782837,0.2895883468267126,0.1093357726931572
8,400,2,0.01,40,0.9274132251739502,0.08360128104686737,0.28913886118415033,0.07879240810871124
8,400,2,0.01,41,0.929151713848114,0.08159899711608887,0.2856553817383612,0.11996201425790787
8,400,2,0.01,42,0.9263671636581421,0.08480612933635712,0.29121491949479017,0.12423630803823471
8,400,2,0.01,43,0.9273454546928406,0.08367934077978134,0.28927381627064236,0.15385697782039642
8,400,2,0.01,44,0.925193727016449,0.08615759760141373,0.2935261446641742,0.1250775158405304
8,400,2,0.01,45,0.9291244745254517,0.08163038641214371,0.2857103190508591,0.13090384006500244
8,400,2,0.01,46,0.9300064444541931,0.0806146040558815,0.2839271104630227,0.11050080507993698
8,400,2,0.01,47,0.9283755421638489,0.08249298483133316,0.2872159202261134,0.16606806218624115
8,400,2,0.01,48,0.9257906675338745,0.08547008037567139,0.2923526643895543,0.1021282970905304
8,400,2,0.01,49,0.9264766573905945,0.08468000590801239,0.29099829193315274,0.1263289749622345
8,400,2,0.01,50,0.9265462160110474,0.08459989726543427,0.29086061484056974,0.22697538137435913
8,400,2,0.01,51,0.9239987134933472,0.08753392845392227,0.2958613331510596,0.13341020047664642
8,400,2,0.01,52,0.9279022812843323,0.08303802460432053,0.2881631909254208,0.10288798063993454
8,400,2,0.01,53,0.9280094504356384,0.08291458338499069,0.2879489249589078,0.09775541722774506
8,400,2,0.01,54,0.9269964694976807,0.08408127725124359,0.28996771760187995,0.09799262881278992
8,400,2,0.01,55,0.9280332326889038,0.0828871876001358,0.2879013504659813,0.09634392708539963
8,400,2,0.01,56,0.9276224374771118,0.08336034417152405,0.28872191494849164,0.10809500515460968
8,400,2,0.01,57,0.9244720935821533,0.08698870241641998,0.2949384722555197,0.18098518252372742
8,400,2,0.01,58,0.9271246790885925,0.08393365889787674,0.28971306304320615,0.10683409124612808
8,400,2,0.01,59,0.9308063387870789,0.07969330996274948,0.2823000353573295,0.09202804416418076
8,400,2,0.01,60,0.9272480607032776,0.08379154652357101,0.28946769512947557,0.10885533690452576
8,400,2,0.01,61,0.9197453856468201,0.09243270009756088,0.3040274660249644,0.16179360449314117
8,400,2,0.01,62,0.9281242489814758,0.08278236538171768,0.287719247499568,0.12173323333263397
8,400,2,0.01,63,0.9282214641571045,0.0826704204082489,0.28752464313211296,0.10725687444210052
8,400,2,0.01,64,0.9295893907546997,0.0810948982834816,0.284771659902248,0.1193016842007637
8,400,2,0.01,65,0.931083619594574,0.07937395572662354,0.2817338384479641,0.11271797120571136
8,400,2,0.01,66,0.9291441440582275,0.08160771429538727,0.2856706395403407,0.12059048563241959
8,400,2,0.01,67,0.9290502071380615,0.08171591907739639,0.28585996410374853,0.08924911171197891
8,400,2,0.01,68,0.9294896721839905,0.08120979368686676,0.2849733210089442,0.092056505382061
8,400,2,0.01,69,0.9263377785682678,0.08483994752168655,0.2912729776716106,0.13530030846595764
8,400,2,0.01,70,0.9294993877410889,0.081198550760746,0.28495359404777826,0.10840539634227753
8,400,2,0.01,71,0.9290783405303955,0.08168355375528336,0.28580334804771507,0.10511116683483124
8,400,2,0.01,72,0.9303943514823914,0.08016778528690338,0.28313916240411424,0.10291250795125961
8,400,2,0.01,73,0.9287463426589966,0.08206591010093689,0.28647148217743573,0.1072971299290657
8,400,2,0.01,74,0.9277323484420776,0.08323372900485992,0.288502563255268,0.1292184442281723
8,400,2,0.01,75,0.9230124950408936,0.08866985887289047,0.29777484593714504,0.25940439105033875
8,400,2,0.01,76,0.9275936484336853,0.08339348435401917,0.28877930042511557,0.1165471076965332
8,400,2,0.01,77,0.929706871509552,0.08095962554216385,0.2845340498818443,0.09264466911554337
8,400,2,0.01,78,0.9293454885482788,0.0813758373260498,0.28526450414667753,0.10029914230108261
8,400,2,0.01,79,0.9281032085418701,0.08280660957098007,0.28776137609307484,0.11778517067432404
8,400,2,0.01,80,0.9303956031799316,0.08016641438007355,0.2831367414873484,0.08587818592786789
8,400,2,0.01,81,0.9299302101135254,0.08070235699415207,0.2840816027027306,0.07837161421775818
8,400,2,0.01,82,0.9298555254936218,0.08078840374946594,0.28423300960561554,0.10263519734144211
8,400,2,0.01,83,0.9300533533096313,0.0805605798959732,0.28383195714361203,0.11982652544975281
8,400,2,0.01,84,0.9313182234764099,0.07910376787185669,0.2812539206337517,0.08656720817089081
8,400,2,0.01,85,0.9302860498428345,0.08029256761074066,0.28335943183656453,0.19009579718112946
8,400,2,0.01,86,0.9307697415351868,0.07973545044660568,0.2823746632518677,0.09594405442476273
8,400,2,0.01,87,0.9280588030815125,0.08285773545503616,0.2878501962046164,0.10156380385160446
8,400,2,0.01,88,0.9295554757118225,0.08113397657871246,0.2848402650235961,0.08216093480587006
8,400,2,0.01,89,0.9289911389350891,0.0817839503288269,0.28597893336542624,0.175001859664917
8,400,2,0.01,90,0.9301867485046387,0.08040691167116165,0.283561125105614,0.08068085461854935
8,400,2,0.01,91,0.9278537631034851,0.08309394866228104,0.28826020998792223,0.0883137509226799
8,400,2,0.01,92,0.9284679889678955,0.08238647878170013,0.2870304492239458,0.09400834143161774
8,400,2,0.01,93,0.93144690990448,0.07895553112030029,0.2809902687288304,0.09214146435260773
8,400,2,0.01,94,0.929189920425415,0.08155503869056702,0.28557842826545393,0.09035047143697739
8,400,2,0.01,95,0.9319112300872803,0.0784207284450531,0.2800370126341393,0.09201064705848694
8,400,2,0.01,96,0.9270299077033997,0.08404280990362167,0.28990137961662354,0.10859347879886627
8,400,2,0.01,97,0.9309825301170349,0.07949040830135345,0.2819404339596459,0.11274377256631851
8,400,2,0.01,98,0.9327864646911621,0.0774126872420311,0.27823135560542256,0.09270316362380981
8,400,2,0.01,99,0.9307923913002014,0.07970938086509705,0.2823284981455061,0.159061461687088
8,400,2,0.01,100,0.9271888732910156,0.08385971188545227,0.2895854137995425,0.08906713128089905
9,400,2,0.01,1,0.9183287024497986,0.0940643697977066,0.30669915193509517,0.33415570855140686
9,400,2,0.01,2,0.9236311912536621,0.08795724809169769,0.2965758724031638,0.2533242106437683
9,400,2,0.01,3,0.9223741292953491,0.08940502256155014,0.29900672661589095,0.26107901334762573
9,400,2,0.01,4,0.924283504486084,0.0872059315443039,0.2953065044056834,0.21918052434921265
9,400,2,0.01,5,0.9238641262054443,0.08768893033266068,0.296123167504099,0.24195843935012817
9,400,2,0.01,6,0.9218272566795349,0.09003488719463348,0.30005813969068307,0.22968114912509918
9,400,2,0.01,7,0.923458993434906,0.0881555899977684,0.29691007055633595,0.1950094848871231
9,400,2,0.01,8,0.9207320809364319,0.0912962481379509,0.3021526901054348,0.3080644905567169
9,400,2,0.01,9,0.9259952306747437,0.08523447811603546,0.29194944445234944,0.22507920861244202
9,400,2,0.01,10,0.9239153265953064,0.08762996643781662,0.2960235910156767,0.16576538980007172
9,400,2,0.01,11,0.9262916445732117,0.08489307761192322,0.2913641666573349,0.18283525109291077
9,400,2,0.01,12,0.9265089631080627,0.08464281260967255,0.2909343785283419,0.14264141023159027
9,400,2,0.01,13,0.9226115942001343,0.08913156390190125,0.2985490979753602,0.22437074780464172
9,400,2,0.01,14,0.9285413026809692,0.08230208605527878,0.28688340149837666,0.17249217629432678
9,400,2,0.01,15,0.9276706576347351,0.08330481499433517,0.2886257351559891,0.16957636177539825
9,400,2,0.01,16,0.9249476194381714,0.08644101768732071,0.2940085333579975,0.1807779222726822
9,400,2,0.01,17,0.9282662868499756,0.08261881023645401,0.2874348799927629,0.1497332900762558
9,400,2,0.01,18,0.9217272400856018,0.09015009552240372,0.30025005499150825,0.20102009177207947
9,400,2,0.01,19,0.9274688959121704,0.08353718370199203,0.28902799812819524,0.132544606924057
9,400,2,0.01,20,0.9255139827728271,0.08578874915838242,0.2928971648179313,0.13820302486419678
9,400,2,0.01,21,0.9279135465621948,0.08302503824234009,0.2881406570450274,0.15562039613723755
9,400,2,0.01,22,0.9261814951896667,0.08501993119716644,0.2915817744598699,0.14870858192443848
9,400,2,0.01,23,0.9262135028839111,0.08498308807611465,0.2915185895892656,0.14535929262638092
9,400,2,0.01,24,0.9244035482406616,0.08706765621900558,0.2950722898189621,0.1625615805387497
9,400,2,0.01,25,0.9269425272941589,0.08414345234632492,0.29007490816395154,0.13449224829673767
9,400,2,0.01,26,0.928691565990448,0.08212900161743164,0.28658157934073786,0.12935489416122437
9,400,2,0.01,27,0.9289819598197937,0.08179453760385513,0.28599744335195576,0.12079518288373947
9,400,2,0.01,28,0.9280262589454651,0.08289525657892227,0.2879153635687444,0.15225091576576233
9,400,2,0.01,29,0.925300657749176,0.08603443950414658,0.29331627896205587,0.17197421193122864
9,400,2,0.01,30,0.9257050156593323,0.08556875586509705,0.29252137676603573,0.20987145602703094
9,400,2,0.01,31,0.9236630797386169,0.08792053908109665,0.2965139778848489,0.14049607515335083
9,400,2,0.01,32,0.9253580570220947,0.08596830815076828,0.29320352683889783,0.16501830518245697
9,400,2,0.01,33,0.926443338394165,0.08471833914518356,0.2910641495361178,0.16791872680187225
9,400,2,0.01,34,0.9257161617279053,0.08555591851472855,0.29249943335796147,0.24873541295528412
9,400,2,0.01,35,0.9286370277404785,0.0821918323636055,0.286691179431118,0.11221735179424286
9,400,2,0.01,36,0.9292808771133423,0.08145024627447128,0.2853948953195752,0.11741279065608978
9,400,2,0.01,37,0.9283182621002197,0.08255895227193832,0.28733073673371307,0.09332024306058884
9,400,2,0.01,38,0.929265022277832,0.08146853744983673,0.28542693890002174,0.15525516867637634
9,400,2,0.01,39,0.928837776184082,0.08196061104536057,0.28628763690624254,0.10501623898744583
9,400,2,0.01,40,0.9305159449577332,0.08002778142690659,0.2828918193000755,0.18998517096042633
9,400,2,0.01,41,0.9246686100959778,0.08676240593194962,0.294554589052606,0.16760742664337158
9,400,2,0.01,42,0.9253520369529724,0.08597524464130402,0.29321535539821925,0.16528640687465668
9,400,2,0.01,43,0.9303847551345825,0.0801788717508316,0.28315873949223536,0.12226191908121109
9,400,2,0.01,44,0.92950040102005,0.08119738847017288,0.2849515546021339,0.10958004742860794
9,400,2,0.01,45,0.9281702041625977,0.08272943645715714,0.2876272526329123,0.1052868440747261
9,400,2,0.01,46,0.9278799891471863,0.08306369185447693,0.2882077234469558,0.13041344285011292
9,400,2,0.01,47,0.9258496761322021,0.08540212363004684,0.292236417357671,0.15544342994689941
9,400,2,0.01,48,0.9283053278923035,0.08257381618022919,0.28735660107300337,0.09806407988071442
9,400,2,0.01,49,0.925955057144165,0.08528075367212296,0.29202868638564083,0.1446460485458374
9,400,2,0.01,50,0.9271674752235413,0.0838843435049057,0.28962793978638474,0.10797275602817535
9,400,2,0.01,51,0.9270749092102051,0.08399099856615067,0.2898120055590359,0.10920200496912003
9,400,2,0.01,52,0.9258090257644653,0.0854489654302597,0.29231655004508333,0.15099124610424042
9,400,2,0.01,53,0.9276092052459717,0.08337555825710297,0.28874826104602425,0.10768193751573563
9,400,2,0.01,54,0.9262459874153137,0.08494565635919571,0.29145438126608375,0.10251250863075256
9,400,2,0.01,55,0.9277687072753906,0.08319184929132462,0.28842997294200307,0.0984707698225975
9,400,2,0.01,56,0.9247545599937439,0.08666341751813889,0.2943865104214846,0.17223133146762848
9,400,2,0.01,57,0.9273415803909302,0.08368381857872009,0.289281555891004,0.10002556443214417
9,400,2,0.01,58,0.9272704124450684,0.08376578986644745,0.28942320201816485,0.10602859407663345
9,400,2,0.01,59,0.9269206523895264,0.08416860550642014,0.2901182612425839,0.12185214459896088
9,400,2,0.01,60,0.9251421689987183,0.0862169861793518,0.29362729127135273,0.13443954288959503
9,400,2,0.01,61,0.9227732419967651,0.08894534409046173,0.2982370602230074,0.13775838911533356
9,400,2,0.01,62,0.9258701801300049,0.08537852764129639,0.2921960431650237,0.09847371280193329
9,400,2,0.01,63,0.9249750375747681,0.08640944212675095,0.29395483007896117,0.11233682930469513
9,400,2,0.01,64,0.9251346588134766,0.08622564375400543,0.2936420333569522,0.09944307059049606
9,400,2,0.01,65,0.9240920543670654,0.08742644637823105,0.2956796347032224,0.11074737459421158
9,400,2,0.01,66,0.9245177507400513,0.08693617582321167,0.29484941211271165,0.11606062948703766
9,400,2,0.01,67,0.9261235594749451,0.08508665859699249,0.29169617514974805,0.11747884005308151
9,400,2,0.01,68,0.9248450398445129,0.08655920624732971,0.29420945981958113,0.15966632962226868
9,400,2,0.01,69,0.9263434410095215,0.08483345061540604,0.2912618248507793,0.11287890374660492
9,400,2,0.01,70,0.9267480373382568,0.08436746150255203,0.2904607744645601,0.09826727956533432
9,400,2,0.01,71,0.9219385385513306,0.08990676701068878,0.29984457142107607,0.09077353030443192
9,400,2,0.01,72,0.9246272444725037,0.08681003749370575,0.29463543149747917,0.11971127986907959
9,400,2,0.01,73,0.9228992462158203,0.08880022168159485,0.2979936604721564,0.1529059112071991
9,400,2,0.01,74,0.925201416015625,0.08614877611398697,0.2935111175304727,0.09601738303899765
9,400,2,0.01,75,0.9263918399810791,0.08477765321731567,0.2911660234596675,0.11760593950748444
9,400,2,0.01,76,0.9240407943725586,0.08748546242713928,0.29577941515112116,0.16363053023815155
9,400,2,0.01,77,0.9197080135345459,0.0924757644534111,0.30409828091163404,0.225517138838768
9,400,2,0.01,78,0.9243159294128418,0.08716856688261032,0.29524323342391834,0.1592104136943817
9,400,2,0.01,79,0.9222245216369629,0.0895773246884346,0.2992947120956777,0.12923046946525574
9,400,2,0.01,80,0.9229307174682617,0.08876402676105499,0.2979329232579961,0.10599741339683533
9,400,2,0.01,81,0.9255697727203369,0.08572446554899216,0.29278740674590525,0.11267952620983124
9,400,2,0.01,82,0.925265908241272,0.08607448637485504,0.2933845367003091,0.1266137957572937
9,400,2,0.01,83,0.9248549938201904,0.08654776215553284,0.29419001029187386,0.09471405297517776
9,400,2,0.01,84,0.9254526495933533,0.08585938066244125,0.2930177139055611,0.17367830872535706
9,400,2,0.01,85,0.9256927967071533,0.08558277040719986,0.2925453305168275,0.08877021074295044
9,400,2,0.01,86,0.9251037836074829,0.08626120537519455,0.29370257978981823,0.10646826773881912
9,400,2,0.01,87,0.925609827041626,0.08567836880683899,0.29270867566035513,0.09884855151176453
9,400,2,0.01,88,0.9253748059272766,0.08594903349876404,0.2931706559305758,0.08611192554235458
9,400,2,0.01,89,0.9256463050842285,0.08563636243343353,0.292636912287964,0.1265622079372406
9,400,2,0.01,90,0.9241587519645691,0.08734960108995438,0.29554965926211857,0.08899044245481491
9,400,2,0.01,91,0.9231941103935242,0.08846066892147064,0.2974233832795778,0.10276586562395096
9,400,2,0.01,92,0.9234331250190735,0.0881853774189949,0.2969602286822175,0.09328995645046234
9,400,2,0.01,93,0.9237671494483948,0.08780062943696976,0.2963117099221186,0.10449125617742538
9,400,2,0.01,94,0.9241462349891663,0.08736403286457062,0.29557407339712766,0.08766493201255798
9,400,2,0.01,95,0.9218413829803467,0.09001863747835159,0.30003106085595804,0.09475788474082947
9,400,2,0.01,96,0.9233000874519348,0.08833856135606766,0.29721803672736224,0.1034381091594696
9,400,2,0.01,97,0.9234030246734619,0.0882200226187706,0.29701855601758387,0.08252908289432526
9,400,2,0.01,98,0.9157010316848755,0.09709078073501587,0.31159393565186067,0.13511434197425842
9,400,2,0.01,99,0.9224358797073364,0.0893338993191719,0.29888777044096654,0.10817932337522507
9,400,2,0.01,100,0.9242023229598999,0.0872994139790535,0.2954647423620177,0.07499478757381439
10,400,2,0.01,1,0.9118860960006714,0.10148453712463379,0.31856637789420555,0.4217701852321625
10,400,2,0.01,2,0.9167220592498779,0.09591478109359741,0.3097011157448378,0.2822415828704834
10,400,2,0.01,3,0.9159414172172546,0.0968138799071312,0.31114928877812204,0.22207260131835938
10,400,2,0.01,4,0.9118214845657349,0.10155897587537766,0.3186831904499791,0.33114323019981384
10,400,2,0.01,5,0.9176483154296875,0.09484793990850449,0.30797392731935036,0.17751052975654602
10,400,2,0.01,6,0.91764235496521,0.09485486894845963,0.3079851765076683,0.1984223574399948
10,400,2,0.01,7,0.916922926902771,0.09568342566490173,0.30932737619696987,0.15266092121601105
10,400,2,0.01,8,0.916568398475647,0.09609179943799973,0.30998677300491345,0.21256153285503387
10,400,2,0.01,9,0.9193781614303589,0.09285566210746765,0.3047222704487935,0.17253875732421875
10,400,2,0.01,10,0.9183506965637207,0.09403903037309647,0.30665783924937656,0.17513184249401093
10,400,2,0.01,11,0.9199544191360474,0.09219197183847427,0.30363130905503516,0.18855613470077515
10,400,2,0.01,12,0.9198729991912842,0.09228572994470596,0.30378566448189415,0.15355555713176727
10,400,2,0.01,13,0.9203018546104431,0.09179175645112991,0.3029715439626796,0.173288494348526
10,400,2,0.01,14,0.9200387597084045,0.09209480881690979,0.3034712652244192,0.15195529162883759
10,400,2,0.01,15,0.9182937145233154,0.09410466253757477,0.30676483262847254,0.19089633226394653
10,400,2,0.01,16,0.9188856482505798,0.09342286735773087,0.3056515456491769,0.14570942521095276
10,400,2,0.01,17,0.9212948083877563,0.09064815193414688,0.3010783152838259,0.11210471391677856
10,400,2,0.01,18,0.9119340181350708,0.10142936557531357,0.3184797726313456,0.3271084129810333
10,400,2,0.01,19,0.921013593673706,0.09097206592559814,0.30161575874877317,0.12709183990955353
10,400,2,0.01,20,0.9215794801712036,0.09032025933265686,0.3005332915546244,0.16348083317279816
10,400,2,0.01,21,0.9223641157150269,0.08941654860973358,0.2990259998891962,0.14371314644813538
10,400,2,0.01,22,0.9212456345558167,0.0907047912478447,0.30117236136113934,0.12314683198928833
10,400,2,0.01,23,0.9232594966888428,0.08838532119989395,0.29729668884784766,0.1461416333913803
10,400,2,0.01,24,0.9226634502410889,0.08907178789377213,0.29844897033458184,0.12179362773895264
10,400,2,0.01,25,0.9223747849464417,0.08940428495407104,0.29900549318377256,0.18813450634479523
10,400,2,0.01,26,0.9212615489959717,0.09068647772073746,0.30114195609502414,0.1528967171907425
10,400,2,0.01,27,0.9224949479103088,0.08926592767238617,0.29877404116219025,0.16491833329200745
10,400,2,0.01,28,0.9245110750198364,0.08694380521774292,0.2948623496103613,0.20007365942001343
10,400,2,0.01,29,0.925108790397644,0.08625544607639313,0.2936927749816007,0.10198546946048737
10,400,2,0.01,30,0.92220139503479,0.08960399031639099,0.29933925622342117,0.11253548413515091
10,400,2,0.01,31,0.9223568439483643,0.0894249975681305,0.2990401270199879,0.135773167014122
10,400,2,0.01,32,0.9255973100662231,0.08569280058145523,0.29273332673519636,0.10666658729314804
10,400,2,0.01,33,0.9242393374443054,0.0872567892074585,0.2953926018157166,0.18334923684597015
10,400,2,0.01,34,0.9212985038757324,0.09064387530088425,0.30107121300596684,0.1552683264017105
10,400,2,0.01,35,0.9261982440948486,0.0850006565451622,0.29154872070575477,0.14792205393314362
10,400,2,0.01,36,0.9259967803955078,0.08523266017436981,0.2919463309828877,0.163267582654953
10,400,2,0.01,37,0.9256898760795593,0.08558617532253265,0.2925511499251586,0.1610710322856903
10,400,2,0.01,38,0.9244277477264404,0.08703981339931488,0.29502510638810875,0.19893679022789001
10,400,2,0.01,39,0.9275385141372681,0.08345699310302734,0.2888892401994705,0.1359873265028
10,400,2,0.01,40,0.9278889894485474,0.08305332064628601,0.28818973029288536,0.13729704916477203
10,400,2,0.01,41,0.927169680595398,0.08388178050518036,0.2896235151108769,0.13374677300453186
10,400,2,0.01,42,0.9238495230674744,0.08770578354597092,0.29615162256177313,0.23473337292671204
10,400,2,0.01,43,0.9255913496017456,0.08569962531328201,0.29274498341266586,0.1321481317281723
10,400,2,0.01,44,0.9273979663848877,0.0836188793182373,0.2891692917967558,0.09409628063440323
10,400,2,0.01,45,0.9292100667953491,0.08153180032968521,0.28553773888872414,0.14541469514369965
10,400,2,0.01,46,0.9279356002807617,0.08299963176250458,0.28809656673154677,0.11677028238773346
10,400,2,0.01,47,0.926353394985199,0.08482197672128677,0.29124212731211596,0.12476181238889694
10,400,2,0.01,48,0.9259271621704102,0.08531289547681808,0.2920837131317289,0.13839951157569885
10,400,2,0.01,49,0.9272556900978088,0.08378276973962784,0.28945253451926767,0.11463499069213867
10,400,2,0.01,50,0.9225060939788818,0.08925306797027588,0.2987525196048995,0.15659819543361664
10,400,2,0.01,51,0.9277887344360352,0.08316884934902191,0.28839009925623643,0.11142139136791229
10,400,2,0.01,52,0.9268833994865417,0.0842115581035614,0.2901922778151779,0.12326432019472122
10,400,2,0.01,53,0.9271984696388245,0.08384867757558823,0.289566361263853,0.13158798217773438
10,400,2,0.01,54,0.9264402985572815,0.08472186326980591,0.2910702033355629,0.12348859012126923
10,400,2,0.01,55,0.9222243428230286,0.0895775780081749,0.29929513528985885,0.2045411914587021
10,400,2,0.01,56,0.9280533194541931,0.08286405354738235,0.28786117061420835,0.13491298258304596
10,400,2,0.01,57,0.9251600503921509,0.08619638532400131,0.29359220923587415,0.1404268890619278
10,400,2,0.01,58,0.9276643991470337,0.0833120048046112,0.2886381901353513,0.08963616192340851
10,400,2,0.01,59,0.9270315170288086,0.08404092490673065,0.28989812849815133,0.18718987703323364
10,400,2,0.01,60,0.9255928993225098,0.08569785952568054,0.29274196748276554,0.14673972129821777
10,400,2,0.01,61,0.926008403301239,0.08521930128335953,0.29192345106784334,0.12834200263023376
10,400,2,0.01,62,0.9271734356880188,0.08387747406959534,0.2896160804748164,0.11951326578855515
10,400,2,0.01,63,0.926997184753418,0.08408048748970032,0.2899663557892541,0.16932488977909088
10,400,2,0.01,64,0.9276163578033447,0.08336735516786575,0.2887340561275475,0.11477471888065338
10,400,2,0.01,65,0.9267247915267944,0.08439420163631439,0.2905068013598208,0.1046655923128128
10,400,2,0.01,66,0.928086519241333,0.08282585442066193,0.287794813053783,0.1031143069267273
10,400,2,0.01,67,0.9279178380966187,0.08302009850740433,0.2881320851751924,0.11154156178236008
10,400,2,0.01,68,0.9287729859352112,0.08203518390655518,0.28641784844271695,0.11241241544485092
10,400,2,0.01,69,0.9297722578048706,0.08088433742523193,0.2844017183935989,0.10755271464586258
10,400,2,0.01,70,0.9285286664962769,0.08231659233570099,0.2869086829214149,0.09257415682077408
10,400,2,0.01,71,0.9268187880516052,0.08428593724966049,0.2903204044666177,0.14292331039905548
10,400,2,0.01,72,0.928010880947113,0.08291298896074295,0.2879461563569532,0.17080546915531158
10,400,2,0.01,73,0.9298781752586365,0.08076232671737671,0.2841871332720338,0.17472542822360992
10,400,2,0.01,74,0.9292517304420471,0.08148381859064102,0.2854537065631501,0.09650315344333649
10,400,2,0.01,75,0.9293480515480042,0.08137290179729462,0.285259358825078,0.08366107940673828
10,400,2,0.01,76,0.9307586550712585,0.07974823564291,0.28239730105457805,0.1229037418961525
10,400,2,0.01,77,0.9311702251434326,0.07927422970533371,0.2815567965887766,0.09415420144796371
10,400,2,0.01,78,0.9312959313392639,0.0791294053196907,0.2812994939911743,0.10836457461118698
10,400,2,0.01,79,0.9317446351051331,0.07861264050006866,0.2803794580565214,0.09691255539655685
10,400,2,0.01,80,0.9327113628387451,0.07749920338392258,0.27838678737311257,0.17086872458457947
10,400,2,0.01,81,0.9295867681503296,0.08109793812036514,0.2847769971756236,0.08416229486465454
10,400,2,0.01,82,0.9353115558624268,0.07450443506240845,0.2729550055639362,0.0849556177854538
10,400,2,0.01,83,0.9285501837730408,0.08229184150695801,0.28686554604371367,0.1346013844013214
10,400,2,0.01,84,0.9325808882713318,0.07764950394630432,0.27865660578264484,0.1262316256761551
10,400,2,0.01,85,0.9263448715209961,0.08483176678419113,0.2912589342564295,0.16045944392681122
10,400,2,0.01,86,0.9327142834663391,0.07749585807323456,0.27838077892202717,0.1087181568145752
10,400,2,0.01,87,0.92812579870224,0.0827806293964386,0.2877162306795336,0.106319859623909
10,400,2,0.01,88,0.9296687841415405,0.08100350201129913,0.2846111417553767,0.10220188647508621
10,400,2,0.01,89,0.9291379451751709,0.0816148892045021,0.28568319727366204,0.0940428301692009
10,400,2,0.01,90,0.9296294450759888,0.08104880899190903,0.2846907251596178,0.08572456240653992
10,400,2,0.01,91,0.9284496903419495,0.08240757137537003,0.2870671896531717,0.10182572156190872
10,400,2,0.01,92,0.9294325113296509,0.08127564191818237,0.2850888316265342,0.13864991068840027
10,400,2,0.01,93,0.9272716641426086,0.08376438170671463,0.2894207693077928,0.13326771557331085
10,400,2,0.01,94,0.9294361472129822,0.0812714472413063,0.2850814747424082,0.08929221332073212
10,400,2,0.01,95,0.9265044331550598,0.0846480205655098,0.29094332878674123,0.13124613463878632
10,400,2,0.01,96,0.9288010001182556,0.08200293034315109,0.2863615378209006,0.11039703339338303
10,400,2,0.01,97,0.925990879535675,0.0852394700050354,0.29195799356249075,0.10772999376058578
10,400,2,0.01,98,0.92975914478302,0.08089938759803772,0.28442817651920094,0.1000015139579773
10,400,2,0.01,99,0.927333652973175,0.08369296789169312,0.28929736931346806,0.09480270743370056
10,400,2,0.01,100,0.9278370141983032,0.08311319351196289,0.2882935890927214,0.09721562266349792
11,400,2,0.01,1,0.9081475734710693,0.1057904064655304,0.3252543719391492,0.45501479506492615
11,400,2,0.01,2,0.9210324287414551,0.0909503623843193,0.30157977781064715,0.25039684772491455
11,400,2,0.01,3,0.9226880073547363,0.0890435129404068,0.2984015967457393,0.2195708155632019
11,400,2,0.01,4,0.9223867654800415,0.08939049392938614,0.298982430803862,0.3207820951938629
11,400,2,0.01,5,0.9181653261184692,0.09425249695777893,0.30700569531814703,0.4352027177810669
11,400,2,0.01,6,0.9215517044067383,0.09035228937864304,0.3005865755130176,0.19634327292442322
11,400,2,0.01,7,0.9194700121879578,0.09274983406066895,0.3045485742220261,0.20347021520137787
11,400,2,0.01,8,0.9184859395027161,0.09388323128223419,0.30640370637809555,0.17870064079761505
11,400,2,0.01,9,0.9198813438415527,0.09227611869573593,0.3037698449414226,0.1857842206954956
11,400,2,0.01,10,0.9191797971725464,0.09308406710624695,0.3050968159556028,0.15545228123664856
11,400,2,0.01,11,0.9179275035858154,0.09452643990516663,0.30745152448014734,0.2050887942314148
11,400,2,0.01,12,0.9202307462692261,0.09187367558479309,0.30310670659817657,0.15490740537643433
11,400,2,0.01,13,0.9183711409568787,0.0940154641866684,0.30661941260570635,0.19223779439926147
11,400,2,0.01,14,0.9165215492248535,0.09614573419094086,0.31007375604997733,0.1616763472557068
11,400,2,0.01,15,0.9156051278114319,0.09720120579004288,0.31177107914308355,0.19911542534828186
11,400,2,0.01,16,0.9196333885192871,0.09256164729595184,0.3042394571648323,0.14912231266498566
11,400,2,0.01,17,0.9184330701828003,0.09394410252571106,0.306503022049883,0.1552262306213379
11,400,2,0.01,18,0.9182021617889404,0.09421005100011826,0.30693655859170355,0.1369350701570511
11,400,2,0.01,19,0.9150959849357605,0.09778761863708496,0.31271011917922475,0.14759093523025513
11,400,2,0.01,20,0.9189845323562622,0.0933089628815651,0.3054651582121357,0.1264730989933014
11,400,2,0.01,21,0.9197676181793213,0.09240707010030746,0.30398531231016324,0.15995965898036957
11,400,2,0.01,22,0.9203197956085205,0.09177109599113464,0.3029374456734173,0.11348119378089905
11,400,2,0.01,23,0.9227429032325745,0.0889802947640419,0.2982956499247716,0.12870554625988007
11,400,2,0.01,24,0.9213789701461792,0.0905512273311615,0.3009173097898516,0.1253945678472519
11,400,2,0.01,25,0.9225042462348938,0.0892552062869072,0.29875609832588723,0.13054311275482178
11,400,2,0.01,26,0.9222396612167358,0.08955992013216019,0.29926563473302475,0.12276189774274826
11,400,2,0.01,27,0.9206870198249817,0.09134817123413086,0.3022385998414677,0.11850322037935257
11,400,2,0.01,28,0.9214315414428711,0.0904906839132309,0.3008166948711971,0.13264448940753937
11,400,2,0.01,29,0.9234328269958496,0.08818571269512177,0.296960793195199,0.09395565837621689
11,400,2,0.01,30,0.9246663451194763,0.08676502853631973,0.29455904083276707,0.13890010118484497
11,400,2,0.01,31,0.9261459112167358,0.08506091684103012,0.2916520475515818,0.0900249257683754
11,400,2,0.01,32,0.9244799017906189,0.08697976171970367,0.2949233149815451,0.13750344514846802
11,400,2,0.01,33,0.9261711835861206,0.08503179252147675,0.29160211336935943,0.18148405849933624
11,400,2,0.01,34,0.9239908456802368,0.08754297345876694,0.29587661864156645,0.13184374570846558
11,400,2,0.01,35,0.9246505498886108,0.08678318560123444,0.29458985997694226,0.10694592446088791
11,400,2,0.01,36,0.9255161285400391,0.08578627556562424,0.2928929421574105,0.12793396413326263
11,400,2,0.01,37,0.9270777702331543,0.08398766070604324,0.2898062468375091,0.1328766644001007
11,400,2,0.01,38,0.925301730632782,0.08603323251008987,0.29331422145898395,0.10020449757575989
11,400,2,0.01,39,0.9271760582923889,0.08387445658445358,0.28961087097077964,0.10394647717475891
11,400,2,0.01,40,0.9279013276100159,0.08303914219141006,0.2881651300754657,0.08119607716798782
11,400,2,0.01,41,0.9281530380249023,0.08274920284748077,0.28766161170284915,0.10858054459095001
11,400,2,0.01,42,0.9282619953155518,0.08262373507022858,0.28744344673383765,0.13378271460533142
11,400,2,0.01,43,0.9295859932899475,0.08109884709119797,0.28477859310558784,0.09655676782131195
11,400,2,0.01,44,0.9274289608001709,0.08358314633369446,0.28910749961509896,0.18378952145576477
11,400,2,0.01,45,0.92692631483078,0.08416210114955902,0.2901070511889689,0.11428191512823105
11,400,2,0.01,46,0.9278793931007385,0.08306437730789185,0.28820891261009235,0.1067291870713234
11,400,2,0.01,47,0.9273547530174255,0.08366866409778595,0.28925536139851576,0.13378490507602692
11,400,2,0.01,48,0.9260473251342773,0.08517444133758545,0.2918466058353008,0.10997048020362854
11,400,2,0.01,49,0.9282111525535583,0.08268232643604279,0.28754534674733095,0.09917272627353668
11,400,2,0.01,50,0.9283514022827148,0.0825207531452179,0.2872642566439791,0.0692732185125351
11,400,2,0.01,51,0.9299912452697754,0.08063209801912308,0.28395791592967273,0.09878413379192352
11,400,2,0.01,52,0.9281156659126282,0.08279228210449219,0.2877364803157434,0.09623908996582031
11,400,2,0.01,53,0.9276991486549377,0.08327198028564453,0.28856884843247466,0.2860265374183655
11,400,2,0.01,54,0.9294795393943787,0.08122143149375916,0.2849937393939719,0.10780713707208633
11,400,2,0.01,55,0.9295387268066406,0.08115329593420029,0.2848741756182899,0.11415441334247589
11,400,2,0.01,56,0.9282354712486267,0.08265428245067596,0.2874965781547251,0.08322009444236755
11,400,2,0.01,57,0.9253572821617126,0.08596924692392349,0.2932051277244712,0.1256469190120697
11,400,2,0.01,58,0.9267070293426514,0.08441465348005295,0.2905419995113494,0.10179901123046875
11,400,2,0.01,59,0.9283353686332703,0.08253926038742065,0.28729646776008344,0.09481727331876755
11,400,2,0.01,60,0.921584963798523,0.09031399339437485,0.30052286667469225,0.14577451348304749
11,400,2,0.01,61,0.9276199340820312,0.08336324989795685,0.28872694695500256,0.12510253489017487
11,400,2,0.01,62,0.9319864511489868,0.07833410799503326,0.27988231097201066,0.09022311866283417
11,400,2,0.01,63,0.9298099279403687,0.08084094524383545,0.2843254213816194,0.13825911283493042
11,400,2,0.01,64,0.9288570284843445,0.08193844556808472,0.28624892238763927,0.09890948235988617
11,400,2,0.01,65,0.9338555335998535,0.07618144154548645,0.2760098576962179,0.12303537875413895
11,400,2,0.01,66,0.9287570714950562,0.0820535197854042,0.2864498556211963,0.10321906208992004
11,400,2,0.01,67,0.9320672750473022,0.0782410129904747,0.2797159505471125,0.11024674773216248
11,400,2,0.01,68,0.9266971945762634,0.08442597091197968,0.2905614752715502,0.11474378407001495
11,400,2,0.01,69,0.934114933013916,0.07588263601064682,0.2754680308323396,0.11571133881807327
11,400,2,0.01,70,0.928727388381958,0.08208776265382767,0.2865096205257821,0.1139148622751236
11,400,2,0.01,71,0.9255638718605042,0.08573126047849655,0.2927990103782739,0.08669324219226837
11,400,2,0.01,72,0.9273050427436829,0.08372589200735092,0.28935426730454644,0.09728702902793884
11,400,2,0.01,73,0.9346054196357727,0.07531776279211044,0.27444081837822604,0.10813094675540924
11,400,2,0.01,74,0.9272295832633972,0.08381279557943344,0.2895043964768643,0.09803896397352219
11,400,2,0.01,75,0.9241054654121399,0.08741102367639542,0.2956535534648542,0.11047743260860443
11,400,2,0.01,76,0.9217620491981506,0.09011004120111465,0.30018334597561314,0.09908806532621384
11,400,2,0.01,77,0.9286455512046814,0.08218196034431458,0.2866739617480363,0.07674545794725418
11,400,2,0.01,78,0.9279455542564392,0.0829882025718689,0.2880767303547249,0.08226945251226425
11,400,2,0.01,79,0.9262832403182983,0.08490275591611862,0.29138077478810887,0.12731923162937164
11,400,2,0.01,80,0.9283956289291382,0.08246981352567673,0.2871755796123283,0.08795881271362305
11,400,2,0.01,81,0.9252457618713379,0.08609770983457565,0.2934241125650304,0.19968140125274658
11,400,2,0.01,82,0.9266975522041321,0.08442556858062744,0.29056078293642357,0.13800035417079926
11,400,2,0.01,83,0.9269192814826965,0.08417021483182907,0.2901210347972533,0.0828651562333107
11,400,2,0.01,84,0.9274280071258545,0.0835842490196228,0.289109406660563,0.07756129652261734
11,400,2,0.01,85,0.9283311367034912,0.08254409581422806,0.2873048830323426,0.10481318086385727
11,400,2,0.01,86,0.9269278049468994,0.08416038006544113,0.29010408488237655,0.10962874442338943
11,400,2,0.01,87,0.927165687084198,0.08388637751340866,0.28963145118133954,0.09145660698413849
11,400,2,0.01,88,0.9266664385795593,0.08446139842271805,0.29062243275892874,0.10862354934215546
11,400,2,0.01,89,0.9284505844116211,0.08240650594234467,0.2870653339265204,0.1500793695449829
11,400,2,0.01,90,0.925600528717041,0.08568905293941498,0.29272692554566104,0.08522893488407135
11,400,2,0.01,91,0.9255829453468323,0.0857093334197998,0.29276156410942983,0.09038714319467545
11,400,2,0.01,92,0.9290841817855835,0.08167680352926254,0.2857915385893406,0.09399663656949997
11,400,2,0.01,93,0.9250082969665527,0.08637113869190216,0.293889670951366,0.09601666033267975
11,400,2,0.01,94,0.9260684251785278,0.08515015989542007,0.29180500320491437,0.07869750261306763
11,400,2,0.01,95,0.9252223968505859,0.08612453937530518,0.2934698270270816,0.08443300426006317
11,400,2,0.01,96,0.926639199256897,0.0844927728176117,0.2906764056775364,0.09511606395244598
11,400,2,0.01,97,0.9241853952407837,0.08731890469789505,0.29549772367633403,0.08109965175390244
11,400,2,0.01,98,0.9249315857887268,0.08645953238010406,0.29404001833101573,0.13135722279548645
11,400,2,0.01,99,0.9243170022964478,0.08716735988855362,0.29524118934957844,0.10436344891786575
11,400,2,0.01,100,0.9257285594940186,0.08554158359766006,0.29247492815224363,0.10188740491867065
12,400,2,0.01,1,0.9166474342346191,0.09600070863962173,0.3098398112567553,0.344264417886734
12,400,2,0.01,2,0.9243922829627991,0.08708067983388901,0.2950943575094058,0.26488634943962097
12,400,2,0.01,3,0.9259289503097534,0.08531084656715393,0.29208020570924337,0.23786033689975739
12,400,2,0.01,4,0.9257637858390808,0.08550103008747101,0.29240559175137365,0.1902429610490799
12,400,2,0.01,5,0.924485981464386,0.08697275072336197,0.29491142860757696,0.19713938236236572
12,400,2,0.01,6,0.9243926405906677,0.08708024770021439,0.29509362531273764,0.16431589424610138
12,400,2,0.01,7,0.9253867864608765,0.08593523502349854,0.29314712180660846,0.21892237663269043
12,400,2,0.01,8,0.9241083860397339,0.0874076634645462,0.295647870725541,0.18867897987365723
12,400,2,0.01,9,0.9219204783439636,0.0899275615811348,0.29987924499894086,0.1893388032913208
12,400,2,0.01,10,0.9253146052360535,0.0860183984041214,0.29328893331341604,0.16193442046642303
12,400,2,0.01,11,0.9261007308959961,0.08511300384998322,0.2917413303767281,0.1484910249710083
12,400,2,0.01,12,0.9247471690177917,0.08667190372943878,0.29440092345208224,0.14654721319675446
12,400,2,0.01,13,0.925847053527832,0.08540510386228561,0.29224151632217765,0.12589409947395325
12,400,2,0.01,14,0.9268189668655396,0.08428573608398438,0.29032005801181626,0.14199313521385193
12,400,2,0.01,15,0.9266544580459595,0.08447523415088654,0.29064623539775386,0.1323208510875702
12,400,2,0.01,16,0.9277588129043579,0.0832032710313797,0.2884497721118526,0.12155131995677948
12,400,2,0.01,17,0.9255817532539368,0.08571068942546844,0.2927638799877274,0.13073892891407013
12,400,2,0.01,18,0.9251251220703125,0.0862366333603859,0.2936607453514785,0.13585764169692993
12,400,2,0.01,19,0.9254329204559326,0.08588208258152008,0.29305644947948184,0.10573922097682953
12,400,2,0.01,20,0.923468828201294,0.0881442129611969,0.29689091087670044,0.12912064790725708
12,400,2,0.01,21,0.9267669916152954,0.08434561640024185,0.290423167809047,0.10834570229053497
12,400,2,0.01,22,0.9231756925582886,0.08848182111978531,0.29745894022500874,0.1383185088634491
12,400,2,0.01,23,0.9261906743049622,0.08500940352678299,0.291563721211647,0.1765870451927185
12,400,2,0.01,24,0.9243656396865845,0.08711130917072296,0.29514625047715404,0.11645250022411346
12,400,2,0.01,25,0.9265785217285156,0.08456265181303024,0.2907965815016233,0.09129644185304642
12,400,2,0.01,26,0.9279569387435913,0.08297509700059891,0.2880539827889885,0.20753704011440277
12,400,2,0.01,27,0.9269071221351624,0.0841841921210289,0.2901451225180752,0.10343287885189056
12,400,2,0.01,28,0.9274097681045532,0.08360526710748672,0.2891457540886373,0.0956323891878128
12,400,2,0.01,29,0.9250612854957581,0.08631013333797455,0.2937858630669191,0.12802521884441376
12,400,2,0.01,30,0.9250849485397339,0.086282879114151,0.29373947489935875,0.16180475056171417
12,400,2,0.01,31,0.9258104562759399,0.08544730395078659,0.2923137081130247,0.11672393232584
12,400,2,0.01,32,0.9281436204910278,0.08276008069515228,0.2876805184491162,0.11081603169441223
12,400,2,0.01,33,0.9254839420318604,0.08582331240177155,0.2929561612285557,0.22160276770591736
12,400,2,0.01,34,0.925220787525177,0.0861264243721962,0.29347303857798623,0.12372072786092758
12,400,2,0.01,35,0.923778772354126,0.08778730034828186,0.29628921740131187,0.11944091320037842
12,400,2,0.01,36,0.9258949756622314,0.0853499248623848,0.29214709456433896,0.10183713585138321
12,400,2,0.01,37,0.9249077439308167,0.08648699522018433,0.29408671377704965,0.14588205516338348
12,400,2,0.01,38,0.9261196851730347,0.08509115129709244,0.29170387604057035,0.12088877707719803
12,400,2,0.01,39,0.9264911413192749,0.08466330170631409,0.290969588971621,0.09938326478004456
12,400,2,0.01,40,0.9249604940414429,0.0864262580871582,0.29398343165416346,0.10895433276891708
12,400,2,0.01,41,0.9264697432518005,0.0846879631280899,0.2910119638916756,0.13166868686676025
12,400,2,0.01,42,0.927535355091095,0.08346065878868103,0.2888955845780289,0.16064321994781494
12,400,2,0.01,43,0.9282086491584778,0.0826852098107338,0.2875503604774889,0.09703144431114197
12,400,2,0.01,44,0.9276915788650513,0.08328074961900711,0.2885840425578086,0.11830642074346542
12,400,2,0.01,45,0.9260363578796387,0.08518712967634201,0.291868343052723,0.14567644894123077
12,400,2,0.01,46,0.9272291660308838,0.08381330221891403,0.2895052714872633,0.14537760615348816
12,400,2,0.01,47,0.927152156829834,0.08390197902917862,0.2896583833228008,0.11437396705150604
12,400,2,0.01,48,0.9281964302062988,0.08269928395748138,0.2875748319263725,0.11222391575574875
12,400,2,0.01,49,0.9274121522903442,0.08360255509614944,0.2891410643546666,0.07858642190694809
12,400,2,0.01,50,0.9278226494789124,0.08312975615262985,0.28832231296351285,0.09805475175380707
12,400,2,0.01,51,0.9284646511077881,0.08239030838012695,0.28703712021292116,0.10050959140062332
12,400,2,0.01,52,0.9283899664878845,0.08247634768486023,0.2871869559796549,0.13520608842372894
12,400,2,0.01,53,0.9285792708396912,0.08225832879543304,0.28680712821586746,0.11255770921707153
12,400,2,0.01,54,0.9286645650863647,0.0821601077914238,0.28663584526612124,0.12105241417884827
12,400,2,0.01,55,0.9298476576805115,0.08079748600721359,0.28424898593876036,0.09028185904026031
12,400,2,0.01,56,0.9288582801818848,0.08193699270486832,0.2862463846144931,0.08739148825407028
12,400,2,0.01,57,0.9290823936462402,0.0816788300871849,0.28579508408505716,0.10196733474731445
12,400,2,0.01,58,0.930319607257843,0.08025390654802322,0.2832912045016986,0.11642293632030487
12,400,2,0.01,59,0.9288873672485352,0.08190350979566574,0.28618789246868176,0.1027882918715477
12,400,2,0.01,60,0.929783284664154,0.08087160438299179,0.2843793318491901,0.11116642504930496
12,400,2,0.01,61,0.9279316067695618,0.08300425112247467,0.28810458365405206,0.11195783317089081
12,400,2,0.01,62,0.9280623197555542,0.08285371214151382,0.2878432075653581,0.10649453848600388
12,400,2,0.01,63,0.9274272918701172,0.08358512818813324,0.28911092713374437,0.12203844636678696
12,400,2,0.01,64,0.928754448890686,0.08205652236938477,0.28645509660221574,0.19072271883487701
12,400,2,0.01,65,0.9276061654090881,0.0833791121840477,0.2887544150035592,0.11558965593576431
12,400,2,0.01,66,0.9291447997093201,0.08160699903964996,0.2856693876488168,0.09720231592655182
12,400,2,0.01,67,0.9284847378730774,0.0823671743273735,0.2869968193680437,0.123626209795475
12,400,2,0.01,68,0.9290640950202942,0.08169993758201599,0.2858320093726663,0.1355866938829422
12,400,2,0.01,69,0.9281059503555298,0.08280348777770996,0.28775595176765667,0.09175312519073486
12,400,2,0.01,70,0.9292641878128052,0.08146947622299194,0.2854285834022093,0.08972162753343582
12,400,2,0.01,71,0.9306160807609558,0.0799124464392662,0.28268789581314974,0.12600642442703247
12,400,2,0.01,72,0.9276367425918579,0.08334387838840485,0.2886933985881992,0.13244488835334778
12,400,2,0.01,73,0.9290639162063599,0.0817001685500145,0.2858324133999055,0.09001324325799942
12,400,2,0.01,74,0.9345100522041321,0.0754275992512703,0.2746408550293825,0.13448497653007507
12,400,2,0.01,75,0.9310571551322937,0.07940442860126495,0.28178791422143173,0.09394167363643646
12,400,2,0.01,76,0.9292662143707275,0.08146711438894272,0.28542444602546346,0.1128164678812027
12,400,2,0.01,77,0.9381629824638367,0.07122033089399338,0.2668713751866119,0.118041031062603
12,400,2,0.01,78,0.9289855360984802,0.08179039508104324,0.285990201022768,0.09471312910318375
12,400,2,0.01,79,0.9290100336074829,0.08176221698522568,0.28594093268580084,0.13142196834087372
12,400,2,0.01,80,0.9271347522735596,0.08392204344272614,0.28969301586804974,0.08168427646160126
12,400,2,0.01,81,0.9275302886962891,0.08346645534038544,0.2889056166646565,0.08897038549184799
12,400,2,0.01,82,0.9270272850990295,0.08404584228992462,0.28990660960027215,0.08032379299402237
12,400,2,0.01,83,0.9289838671684265,0.08179233968257904,0.2859936007720785,0.07308301329612732
12,400,2,0.01,84,0.929581880569458,0.0811036005616188,0.2847869388887398,0.12315527349710464
12,400,2,0.01,85,0.9263460636138916,0.08483041077852249,0.2912566064118074,0.15151919424533844
12,400,2,0.01,86,0.9267719984054565,0.08433986455202103,0.2904132651102925,0.0937231257557869
12,400,2,0.01,87,0.9278645515441895,0.08308150619268417,0.2882386271697188,0.08304145932197571
12,400,2,0.01,88,0.9291597008705139,0.08158981055021286,0.2856393014804035,0.17988631129264832
12,400,2,0.01,89,0.9270431399345398,0.08402757346630096,0.28987509976936787,0.0870174914598465
12,400,2,0.01,90,0.9242076277732849,0.08729333430528641,0.2954544538592817,0.10427616536617279
12,400,2,0.01,91,0.9280583262443542,0.08285831660032272,0.28785120566070715,0.11101701110601425
12,400,2,0.01,92,0.9258996248245239,0.08534456789493561,0.2921379261495084,0.08218918740749359
12,400,2,0.01,93,0.9290428161621094,0.08172439783811569,0.28587479398875953,0.09097758680582047
12,400,2,0.01,94,0.9283959865570068,0.08246944844722748,0.2871749439753188,0.062044408172369
12,400,2,0.01,95,0.927782416343689,0.08317609131336212,0.2884026548306415,0.09598218649625778
12,400,2,0.01,96,0.9265211820602417,0.08462871611118317,0.290910151268709,0.07920287549495697
12,400,2,0.01,97,0.9258610606193542,0.08538897335529327,0.2922139171143176,0.07318389415740967
12,400,2,0.01,98,0.928134560585022,0.08277048915624619,0.28769860819309884,0.06962514668703079
12,400,2,0.01,99,0.9272409677505493,0.08379969000816345,0.2894817610975922,0.09076070040464401
12,400,2,0.01,100,0.92668616771698,0.08443870395421982,0.2905833855440118,0.10106644034385681
13,400,2,0.01,1,0.9067620635032654,0.10738613456487656,0.32769823704877715,0.3925093710422516
13,400,2,0.01,2,0.9117797613143921,0.10160700976848602,0.3187585446203537,0.3177827298641205
13,400,2,0.01,3,0.9120216369628906,0.10132844001054764,0.31832128425624895,0.31142568588256836
13,400,2,0.01,4,0.914925217628479,0.09798426181077957,0.31302437894001095,0.20911012589931488
13,400,2,0.01,5,0.916414201259613,0.09626936167478561,0.31027304374499826,0.19857974350452423
13,400,2,0.01,6,0.9164854288101196,0.09618731588125229,0.3101408000912687,0.18124401569366455
13,400,2,0.01,7,0.9155393242835999,0.09727698564529419,0.31189258671102493,0.1840052455663681
13,400,2,0.01,8,0.9156251549720764,0.0971781387925148,0.311734083462997,0.19643940031528473
13,400,2,0.01,9,0.9188252687454224,0.09349241107702255,0.30576528756061006,0.19462692737579346
13,400,2,0.01,10,0.9189642071723938,0.09333240985870361,0.3055035349365104,0.17412133514881134
13,400,2,0.01,11,0.9173295497894287,0.09521513432264328,0.3085694967469132,0.16915586590766907
13,400,2,0.01,12,0.917640209197998,0.09485732018947601,0.30798915596084875,0.13197435438632965
13,400,2,0.01,13,0.9181874394416809,0.09422704577445984,0.3069642418498608,0.13504260778427124
13,400,2,0.01,14,0.9204432964324951,0.09162890166044235,0.3027026621297579,0.16811707615852356
13,400,2,0.01,15,0.9217475652694702,0.09012673050165176,0.30021114320033454,0.13010716438293457
13,400,2,0.01,16,0.9219921231269836,0.08984499424695969,0.29974154574726486,0.14830844104290009
13,400,2,0.01,17,0.9222774505615234,0.08951636403799057,0.2991928542562315,0.13619570434093475
13,400,2,0.01,18,0.920159637928009,0.09195555746555328,0.30324174756380967,0.12269533425569534
13,400,2,0.01,19,0.9183111786842346,0.09408450871706009,0.3067319818947155,0.14885485172271729
13,400,2,0.01,20,0.9207687377929688,0.09125407040119171,0.3020828866407227,0.15989485383033752
13,400,2,0.01,21,0.9216271638870239,0.09026537090539932,0.3004419592956339,0.12515683472156525
13,400,2,0.01,22,0.9213403463363647,0.09059570729732513,0.30099120800668766,0.12398926168680191
13,400,2,0.01,23,0.9213616847991943,0.09057115018367767,0.3009504115027552,0.12998048961162567
13,400,2,0.01,24,0.9209662079811096,0.09102663397789001,0.30170620473879883,0.15080469846725464
13,400,2,0.01,25,0.9218122363090515,0.09005222469568253,0.300087028536194,0.1253935694694519
13,400,2,0.01,26,0.9194873571395874,0.09272986650466919,0.3045157902386495,0.1431838423013687
13,400,2,0.01,27,0.9234225749969482,0.08819747716188431,0.2969806006490732,0.09950544685125351
13,400,2,0.01,28,0.9242610931396484,0.08723175525665283,0.2953502247445443,0.13849860429763794
13,400,2,0.01,29,0.9233580827713013,0.08827180415391922,0.29710571208564673,0.12354312837123871
13,400,2,0.01,30,0.9230508208274841,0.0886256992816925,0.2977006874054753,0.13275112211704254
13,400,2,0.01,31,0.9210278391838074,0.09095564484596252,0.3015885356673269,0.1413494348526001
13,400,2,0.01,32,0.9209619760513306,0.09103148430585861,0.3017142427958259,0.12204094976186752
13,400,2,0.01,33,0.9230072498321533,0.08867582678794861,0.2977848666200964,0.13376475870609283
13,400,2,0.01,34,0.9250156879425049,0.08636268973350525,0.2938752962286984,0.15412133932113647
13,400,2,0.01,35,0.925749659538269,0.0855172872543335,0.29243338943139424,0.1288037747144699
13,400,2,0.01,36,0.925423800945282,0.08589259535074234,0.2930743853542004,0.10576184839010239
13,400,2,0.01,37,0.9266941547393799,0.08442948013544083,0.2905675139024334,0.11302811652421951
13,400,2,0.01,38,0.9228224754333496,0.08888871222734451,0.29814210072940805,0.146834596991539
13,400,2,0.01,39,0.9257283806800842,0.08554183691740036,0.29247536121424034,0.11769303679466248
13,400,2,0.01,40,0.9267476797103882,0.08436784893274307,0.2904614413872228,0.12769001722335815
13,400,2,0.01,41,0.9271625280380249,0.08389005810022354,0.2896378050259039,0.13954932987689972
13,400,2,0.01,42,0.9270986914634705,0.08396357297897339,0.28976468552771123,0.13509969413280487
13,400,2,0.01,43,0.9288802146911621,0.08191171288490295,0.286202223759535,0.14712516963481903
13,400,2,0.01,44,0.9253268241882324,0.08600427955389023,0.29326486246035377,0.17170999944210052
13,400,2,0.01,45,0.927289605140686,0.08374369889497757,0.28938503571362767,0.1338893324136734
13,400,2,0.01,46,0.9295812845230103,0.08110428601503372,0.28478814233572597,0.13698866963386536
13,400,2,0.01,47,0.928833544254303,0.08196549117565155,0.2862961599037814,0.10990290343761444
13,400,2,0.01,48,0.9285751581192017,0.08226308226585388,0.28681541497251134,0.11477705091238022
13,400,2,0.01,49,0.9288742542266846,0.08191858977079391,0.28621423754033254,0.17868299782276154
13,400,2,0.01,50,0.9300479292869568,0.08056681603193283,0.2838429425438174,0.10128701478242874
13,400,2,0.01,51,0.9274837970733643,0.08352001756429672,0.28899830027925205,0.13147598505020142
13,400,2,0.01,52,0.9285053610801697,0.08234342187643051,0.28695543534916795,0.10069970041513443
13,400,2,0.01,53,0.9250844717025757,0.08628339320421219,0.2937403499763221,0.16122372448444366
13,400,2,0.01,54,0.930397093296051,0.08016464859247208,0.2831336232107944,0.09811288863420486
13,400,2,0.01,55,0.930926501750946,0.07955489307641983,0.2820547696395504,0.09186795353889465
13,400,2,0.01,56,0.9297779202461243,0.08087778836488724,0.28439020441092416,0.10617446154356003
13,400,2,0.01,57,0.9280070066452026,0.0829174593091011,0.28795391872502984,0.1211104765534401
13,400,2,0.01,58,0.9311662912368774,0.07927875220775604,0.28156482771780295,0.12137793004512787
13,400,2,0.01,59,0.9306226968765259,0.07990483939647675,0.28267444064944525,0.08898720145225525
13,400,2,0.01,60,0.9312975406646729,0.07912757992744446,0.2812962494016663,0.1011398509144783
13,400,2,0.01,61,0.9234892725944519,0.0881207063794136,0.2968513203262091,0.1954469531774521
13,400,2,0.01,62,0.9295819997787476,0.08110346645116806,0.2847867034311259,0.09197189658880234
13,400,2,0.01,63,0.9291000366210938,0.08165857195854187,0.28575964018479216,0.11502166837453842
13,400,2,0.01,64,0.9316456317901611,0.07872667163610458,0.28058273581263793,0.2202002853155136
13,400,2,0.01,65,0.9313863515853882,0.07902529835700989,0.28111438660625304,0.13135790824890137
13,400,2,0.01,66,0.9312758445739746,0.07915253192186356,0.28134059771363173,0.17085397243499756
13,400,2,0.01,67,0.9309284090995789,0.07955271750688553,0.28205091296942386,0.1017855703830719
13,400,2,0.01,68,0.9294774532318115,0.08122386038303375,0.28499800066497616,0.10748019069433212
13,400,2,0.01,69,0.9336461424827576,0.07642257958650589,0.27644634124275524,0.10239939391613007
13,400,2,0.01,70,0.9325261116027832,0.0777125433087349,0.2787696958220798,0.1190052404999733
13,400,2,0.01,71,0.9346222877502441,0.07529834657907486,0.2744054419633016,0.0900086909532547
13,400,2,0.01,72,0.9379189610481262,0.07150139659643173,0.26739745061692666,0.14705267548561096
13,400,2,0.01,73,0.9341313242912292,0.07586377114057541,0.2754337872167745,0.10081900656223297
13,400,2,0.01,74,0.9362108111381531,0.07346874475479126,0.2710511847507612,0.10714201629161835
13,400,2,0.01,75,0.9352120161056519,0.0746191143989563,0.2731649948272221,0.1521664708852768
13,400,2,0.01,76,0.9337688684463501,0.07628125697374344,0.27619061709939285,0.13173508644104004
13,400,2,0.01,77,0.9353634119033813,0.0744447261095047,0.2728456085582187,0.1465018391609192
13,400,2,0.01,78,0.9344580173492432,0.07548750936985016,0.2747499033118122,0.16925442218780518
13,400,2,0.01,79,0.9379794001579285,0.07143177837133408,0.26726724148562253,0.09932543337345123
13,400,2,0.01,80,0.9336894154548645,0.07637275010347366,0.27635620149269974,0.09125351905822754
13,400,2,0.01,81,0.9366607069969177,0.0729505643248558,0.27009362140719984,0.08168649673461914
13,400,2,0.01,82,0.9342477917671204,0.0757296159863472,0.2751901451475819,0.09130813926458359
13,400,2,0.01,83,0.9419975280761719,0.0668039545416832,0.25846460984375247,0.11693117767572403
13,400,2,0.01,84,0.9376174211502075,0.07184868305921555,0.26804604652785974,0.08625336736440659
13,400,2,0.01,85,0.9309958815574646,0.079475037753582,0.28191317413980854,0.11065132170915604
13,400,2,0.01,86,0.9252947568893433,0.08604127913713455,0.293327937873525,0.11432578414678574
13,400,2,0.01,87,0.9286829233169556,0.08213892579078674,0.2865988935616932,0.12560133635997772
13,400,2,0.01,88,0.9285470247268677,0.08229543268680573,0.28687180531869233,0.11778099834918976
13,400,2,0.01,89,0.9261552691459656,0.08505017310380936,0.2916336282115102,0.08216699957847595
13,400,2,0.01,90,0.9337301254272461,0.07632589340209961,0.2762714125676046,0.12800519168376923
13,400,2,0.01,91,0.9375414252281189,0.07193619757890701,0.26820924215788505,0.13626611232757568
13,400,2,0.01,92,0.934943675994873,0.0749281495809555,0.2737300670020659,0.09120438992977142
13,400,2,0.01,93,0.9348960518836975,0.07498301565647125,0.27383026796990734,0.08657430857419968
13,400,2,0.01,94,0.9360212087631226,0.0736871287226677,0.2714537321951343,0.11070961505174637
13,400,2,0.01,95,0.9307574033737183,0.0797496810555458,0.2823998602257901,0.0808984637260437
13,400,2,0.01,96,0.9249414205551147,0.08644818514585495,0.2940207223068724,0.09273169189691544
13,400,2,0.01,97,0.9294050931930542,0.08130718022584915,0.28514413938541533,0.0723748430609703
13,400,2,0.01,98,0.9270989298820496,0.08396327495574951,0.28976417127683246,0.07508803904056549
13,400,2,0.01,99,0.9251308441162109,0.08623003214597702,0.29364950561166797,0.1689663678407669
13,400,2,0.01,100,0.9290592074394226,0.08170554786920547,0.28584182316310097,0.11099875718355179
14,400,2,0.01,1,0.9150383472442627,0.09785398840904236,0.3128162214608481,0.35663241147994995
14,400,2,0.01,2,0.9188540577888489,0.09345927834510803,0.30571110275079644,0.3077360987663269
14,400,2,0.01,3,0.9160453081130981,0.0966942310333252,0.31095696009789714,0.2889687120914459
14,400,2,0.01,4,0.9171472787857056,0.09542503952980042,0.30890943580570734,0.2331555038690567
14,400,2,0.01,5,0.9151238203048706,0.0977555513381958,0.31265884177197967,0.22748301923274994
14,400,2,0.01,6,0.9122573733329773,0.10105693340301514,0.3178945318859938,0.31728336215019226
14,400,2,0.01,7,0.9158825874328613,0.09688161313533783,0.3112581133646765,0.19985246658325195
14,400,2,0.01,8,0.9157594442367554,0.09702349454164505,0.311485945977736,0.17399191856384277
14,400,2,0.01,9,0.9120292663574219,0.10131965577602386,0.31830748620794935,0.27685222029685974
14,400,2,0.01,10,0.9151824712753296,0.09768801927566528,0.3125508267076977,0.17674759030342102
14,400,2,0.01,11,0.9134597182273865,0.09967216849327087,0.31570899336773867,0.19837675988674164
14,400,2,0.01,12,0.9152834415435791,0.0975717082619667,0.3123647039311047,0.18783777952194214
14,400,2,0.01,13,0.9135791063308716,0.09953468292951584,0.3154911772609748,0.15246817469596863
14,400,2,0.01,14,0.9148455858230591,0.0980759859085083,0.3131708573742268,0.12936486303806305
14,400,2,0.01,15,0.9147385358810425,0.0981992706656456,0.313367628617963,0.10565154999494553
14,400,2,0.01,16,0.9134050607681274,0.09973514825105667,0.31580872098638546,0.13506802916526794
14,400,2,0.01,17,0.9142614006996155,0.09874884784221649,0.31424329402903173,0.18163518607616425
14,400,2,0.01,18,0.9131261706352234,0.10005630552768707,0.31631678034477884,0.15828721225261688
14,400,2,0.01,19,0.91670823097229,0.09593071788549423,0.3097268439859455,0.14291834831237793
14,400,2,0.01,20,0.9146334528923035,0.09832034260034561,0.3135607478629071,0.1230946034193039
14,400,2,0.01,21,0.9156225323677063,0.09718118607997894,0.31173897106389975,0.13955862820148468
14,400,2,0.01,22,0.9174494743347168,0.09507696330547333,0.308345525839882,0.11119475960731506
14,400,2,0.01,23,0.9077489972114563,0.10624947398900986,0.3259593133951074,0.2150571644306183
14,400,2,0.01,24,0.9182705879211426,0.09413126111030579,0.3068081829259216,0.11651625484228134
14,400,2,0.01,25,0.916897714138031,0.09571246057748795,0.30937430497293716,0.13100378215312958
14,400,2,0.01,26,0.9179294109344482,0.09452424198389053,0.30744795004014996,0.15150924026966095
14,400,2,0.01,27,0.9181340336799622,0.09428854286670685,0.3070643953093664,0.13715574145317078
14,400,2,0.01,28,0.9176117777824402,0.0948900580406189,0.3080422991094225,0.1648602932691574
14,400,2,0.01,29,0.9173900485038757,0.09514540433883667,0.3084564869456252,0.19550229609012604
14,400,2,0.01,30,0.9190293550491333,0.09325738251209259,0.30538071732198907,0.13261158764362335
14,400,2,0.01,31,0.9183857440948486,0.09399866312742233,0.3065920141285848,0.15391962230205536
14,400,2,0.01,32,0.9209660291671753,0.09102682024240494,0.3017065134238983,0.1560017466545105
14,400,2,0.01,33,0.9196702241897583,0.09251925349235535,0.30416977741444884,0.11528607457876205
14,400,2,0.01,34,0.9199363589286804,0.0922127217054367,0.30366547664401483,0.08627267926931381
14,400,2,0.01,35,0.9207189679145813,0.09131139516830444,0.3021777542578283,0.10050583630800247
14,400,2,0.01,36,0.9187876582145691,0.09353573620319366,0.3058361263866544,0.12605595588684082
14,400,2,0.01,37,0.9196906089782715,0.09249581396579742,0.304131244639214,0.10342475771903992
14,400,2,0.01,38,0.9229089617729187,0.08878903090953827,0.29797488301791186,0.12503518164157867
14,400,2,0.01,39,0.9215270280838013,0.0903807133436203,0.3006338526241187,0.0935005247592926
14,400,2,0.01,40,0.9202237725257874,0.09188168495893478,0.3031199184463713,0.15370744466781616
14,400,2,0.01,41,0.9220141768455505,0.08981963247060776,0.2996992366867286,0.1180896982550621
14,400,2,0.01,42,0.9237387180328369,0.08783341944217682,0.2963670350126289,0.10418663173913956
14,400,2,0.01,43,0.9207600951194763,0.0912640318274498,0.3020993740931116,0.1394614726305008
14,400,2,0.01,44,0.9207155704498291,0.09131529927253723,0.3021842141352477,0.12436778098344803
14,400,2,0.01,45,0.9230323433876038,0.08864693343639374,0.2977363488665664,0.1488250195980072
14,400,2,0.01,46,0.9211657047271729,0.0907968208193779,0.30132510817948427,0.11784815788269043
14,400,2,0.01,47,0.9229038953781128,0.08879488706588745,0.2979847094498096,0.1068170964717865
14,400,2,0.01,48,0.9211593270301819,0.09080418199300766,0.30133732260210927,0.1492479294538498
14,400,2,0.01,49,0.9217236042022705,0.0901542529463768,0.3002569781809855,0.10725712776184082
14,400,2,0.01,50,0.9221970438957214,0.08960898220539093,0.2993475942869609,0.0973765179514885
14,400,2,0.01,51,0.9179231524467468,0.09453141689300537,0.3074596183127231,0.29387202858924866
14,400,2,0.01,52,0.9234716892242432,0.08814094215631485,0.2968854023968084,0.10220856219530106
14,400,2,0.01,53,0.9191335439682007,0.09313735365867615,0.3051841307451555,0.1316281408071518
14,400,2,0.01,54,0.9226510524749756,0.08908609300851822,0.2984729351356974,0.09412258118391037
14,400,2,0.01,55,0.9215770959854126,0.09032304584980011,0.3005379274730564,0.14574873447418213
14,400,2,0.01,56,0.9244779944419861,0.08698195964097977,0.2949270412169419,0.10042436420917511
14,400,2,0.01,57,0.9243472218513489,0.08713256567716599,0.2951822584051521,0.1125800609588623
14,400,2,0.01,58,0.9209784865379333,0.09101249277591705,0.30168276844380265,0.1063910648226738
14,400,2,0.01,59,0.9224796891212463,0.08928348124027252,0.29880341571051783,0.15267272293567657
14,400,2,0.01,60,0.9222631454467773,0.08953287452459335,0.2992204446968712,0.11417053639888763
14,400,2,0.01,61,0.9194091558456421,0.09281990677118301,0.3046635960714424,0.13470099866390228
14,400,2,0.01,62,0.9226532578468323,0.08908353745937347,0.2984686540650014,0.14864712953567505
14,400,2,0.01,63,0.9227204322814941,0.08900616317987442,0.2983390071376427,0.12797968089580536
14,400,2,0.01,64,0.9241297841072083,0.087382972240448,0.2956061099511443,0.15202029049396515
14,400,2,0.01,65,0.9237774014472961,0.08778886497020721,0.2962918577521279,0.10763190686702728
14,400,2,0.01,66,0.9246006011962891,0.08684071153402328,0.29468748112877696,0.1834900975227356
14,400,2,0.01,67,0.9250169992446899,0.0863611176609993,0.29387262148931004,0.11311277747154236
14,400,2,0.01,68,0.9261326789855957,0.08507615327835083,0.29167816729805274,0.10502386838197708
14,400,2,0.01,69,0.9255860447883606,0.08570574969053268,0.2927554434857406,0.131138414144516
14,400,2,0.01,70,0.9245585203170776,0.08688921481370926,0.29476976577272856,0.1286536604166031
14,400,2,0.01,71,0.9248709082603455,0.08652939647436142,0.2941587946575139,0.1331021934747696
14,400,2,0.01,72,0.9257856011390686,0.08547589927911758,0.29236261607653874,0.09903770685195923
14,400,2,0.01,73,0.9245615601539612,0.08688568323850632,0.2947637753159406,0.11137379705905914
14,400,2,0.01,74,0.9237974882125854,0.08776573836803436,0.2962528284557539,0.0913345217704773
14,400,2,0.01,75,0.9254282712936401,0.08588749915361404,0.29306569085038603,0.10484298318624496
14,400,2,0.01,76,0.9259483218193054,0.08528852462768555,0.2920419912062057,0.093342125415802
14,400,2,0.01,77,0.924672544002533,0.08675789088010788,0.29454692475072264,0.10413522273302078
14,400,2,0.01,78,0.9271072745323181,0.08395367860794067,0.28974761191067766,0.1275278478860855
14,400,2,0.01,79,0.9269329309463501,0.08415447920560837,0.29009391445807403,0.2111307978630066
14,400,2,0.01,80,0.9220893383026123,0.08973302692174911,0.2995547144041454,0.1839020699262619
14,400,2,0.01,81,0.9267481565475464,0.08436727523803711,0.29046045382811947,0.1472230851650238
14,400,2,0.01,82,0.9261347055435181,0.08507386595010757,0.29167424629217364,0.08137350529432297
14,400,2,0.01,83,0.9264935255050659,0.08466057479381561,0.2909649030275226,0.11334455013275146
14,400,2,0.01,84,0.9285123348236084,0.08233542740345001,0.28694150519478706,0.0835217833518982
14,400,2,0.01,85,0.9289244413375854,0.08186078071594238,0.2861132305852744,0.13735629618167877
14,400,2,0.01,86,0.926328718662262,0.08485035598278046,0.2912908443167764,0.07832499593496323
14,400,2,0.01,87,0.9304775595664978,0.08007197082042694,0.28296991151079465,0.11468105018138885
14,400,2,0.01,88,0.9301819801330566,0.0804123803973198,0.28357076788223395,0.07967142015695572
14,400,2,0.01,89,0.9308596253395081,0.07963195443153381,0.2821913436509593,0.1696597784757614
14,400,2,0.01,90,0.9283098578453064,0.08256859332323074,0.2873475131669504,0.1031508669257164
14,400,2,0.01,91,0.9274963140487671,0.08350560814142227,0.2889733692599065,0.21108649671077728
14,400,2,0.01,92,0.9314805865287781,0.0789167657494545,0.2809212803428293,0.07522673159837723
14,400,2,0.01,93,0.9315099120140076,0.07888300716876984,0.2808611884343756,0.07427099347114563
14,400,2,0.01,94,0.9333682060241699,0.07674267888069153,0.27702469002002605,0.08121135085821152
14,400,2,0.01,95,0.9337320923805237,0.07632360607385635,0.2762672728968387,0.07324758172035217
14,400,2,0.01,96,0.9332275986671448,0.07690462470054626,0.2773168309002291,0.07922426611185074
14,400,2,0.01,97,0.9312599301338196,0.07917086780071259,0.2813731824476394,0.08133810758590698
14,400,2,0.01,98,0.9314475059509277,0.07895481586456299,0.2809889959848303,0.0700804814696312
14,400,2,0.01,99,0.9340564012527466,0.07595007121562958,0.27559040479601166,0.1029788926243782
14,400,2,0.01,100,0.9329190850257874,0.07725997269153595,0.27795678205709595,0.10045047104358673
15,400,2,0.01,1,0.9221360087394714,0.0896793082356453,0.29946503674994396,0.3881171643733978
15,400,2,0.01,2,0.9292941689491272,0.0814349502325058,0.2853680960312589,0.3145514726638794
15,400,2,0.01,3,0.9286355972290039,0.08219348639249802,0.28669406410405157,0.3658657670021057
15,400,2,0.01,4,0.9301358461380005,0.08046558499336243,0.28366456421866026,0.2471601665019989
15,400,2,0.01,5,0.9301950931549072,0.08039727807044983,0.2835441377818449,0.21426495909690857
15,400,2,0.01,6,0.9295417666435242,0.08114979416131973,0.28486802937732364,0.23344074189662933
15,400,2,0.01,7,0.9258859753608704,0.0853603184223175,0.29216488225369847,0.19930624961853027
15,400,2,0.01,8,0.9276343584060669,0.08334661275148392,0.28869813430551283,0.24299906194210052
15,400,2,0.01,9,0.9263659119606018,0.08480753004550934,0.29121732442543546,0.17466755211353302
15,400,2,0.01,10,0.9243037104606628,0.0871826708316803,0.29526711776234127,0.15139128267765045
15,400,2,0.01,11,0.9224545359611511,0.08931244909763336,0.2988518848821827,0.15854677557945251
15,400,2,0.01,12,0.9237791299819946,0.08778683841228485,0.29628843786466735,0.16126929223537445
15,400,2,0.01,13,0.9246214628219604,0.0868167132139206,0.2946467600601109,0.1476600021123886
15,400,2,0.01,14,0.9243057370185852,0.08718035370111465,0.29526319394925377,0.1541946977376938
15,400,2,0.01,15,0.921220064163208,0.09073422849178314,0.301221228487939,0.15775234997272491
15,400,2,0.01,16,0.921647846698761,0.09024156630039215,0.30040234070391686,0.1932142972946167
15,400,2,0.01,17,0.922021746635437,0.08981090039014816,0.29968466826006995,0.20509116351604462
15,400,2,0.01,18,0.9236648082733154,0.08791850507259369,0.29651054799550336,0.12420414388179779
15,400,2,0.01,19,0.9238162636756897,0.0877440795302391,0.29621627154874375,0.1256425976753235
15,400,2,0.01,20,0.9265005588531494,0.08465249091386795,0.29095101119237915,0.15661120414733887
15,400,2,0.01,21,0.9259859323501587,0.08524519205093384,0.2919677928315619,0.11824732273817062
15,400,2,0.01,22,0.9262368083000183,0.08495622128248215,0.2914725051912824,0.1325550228357315
15,400,2,0.01,23,0.9262338876724243,0.08495963364839554,0.2914783587994065,0.1953943520784378
15,400,2,0.01,24,0.9241523146629333,0.0873570367693901,0.29556223840232043,0.17019742727279663
15,400,2,0.01,25,0.9271737337112427,0.08387712389230728,0.289615475919895,0.12827858328819275
15,400,2,0.01,26,0.9268497228622437,0.08425029367208481,0.290259011353799,0.1094641238451004
15,400,2,0.01,27,0.9282426238059998,0.08264607936143875,0.2874823113887857,0.12899631261825562
15,400,2,0.01,28,0.9272871613502502,0.0837465152144432,0.2893899017146991,0.12149934470653534
15,400,2,0.01,29,0.9268341064453125,0.08426828682422638,0.29029000469224975,0.23826192319393158
15,400,2,0.01,30,0.927192747592926,0.08385526388883591,0.28957773375871965,0.1412031650543213
15,400,2,0.01,31,0.9296841621398926,0.08098576217889786,0.2845799750138752,0.11174267530441284
15,400,2,0.01,32,0.9291596412658691,0.08158992230892181,0.28563949710941905,0.11678270250558853
15,400,2,0.01,33,0.9291114807128906,0.08164534717798233,0.2857364995550662,0.16042914986610413
15,400,2,0.01,34,0.9293724894523621,0.08134473115205765,0.2852099773010363,0.12339618057012558
15,400,2,0.01,35,0.9292290806770325,0.08150991052389145,0.2854994054702942,0.12585484981536865
15,400,2,0.01,36,0.9283176064491272,0.08255968987941742,0.2873320202821423,0.18392761051654816
15,400,2,0.01,37,0.9303413033485413,0.08022890985012054,0.2832470826859838,0.11450914293527603
15,400,2,0.01,38,0.929171621799469,0.08157605677843094,0.28561522504661924,0.10750573873519897
15,400,2,0.01,39,0.9307339191436768,0.07977673411369324,0.2824477546621556,0.18741267919540405
15,400,2,0.01,40,0.9319145083427429,0.07841699570417404,0.2800303478271133,0.09126181155443192
15,400,2,0.01,41,0.9304391145706177,0.08011622726917267,0.2830481006280958,0.13606126606464386
15,400,2,0.01,42,0.9316828846931458,0.0786837562918663,0.28050625000499774,0.09261242300271988
15,400,2,0.01,43,0.9313689470291138,0.07904533296823502,0.28115001861681427,0.14245358109474182
15,400,2,0.01,44,0.9331976175308228,0.0769391804933548,0.2773791277175606,0.1383807361125946
15,400,2,0.01,45,0.9284676909446716,0.08238685876131058,0.28703111113834084,0.15020623803138733
15,400,2,0.01,46,0.9325825572013855,0.07764758169651031,0.27865315662398354,0.11211773008108139
15,400,2,0.01,47,0.9346640706062317,0.07525018602609634,0.27431767355767717,0.12015274167060852
15,400,2,0.01,48,0.9348484873771667,0.07503777742385864,0.2739302418935497,0.12912042438983917
15,400,2,0.01,49,0.9358171820640564,0.07392210513353348,0.271886198865506,0.11034107953310013
15,400,2,0.01,50,0.9324886202812195,0.07775574177503586,0.2788471656213056,0.10367252677679062
15,400,2,0.01,51,0.935607373714447,0.0741637572646141,0.2723302356783288,0.08008749037981033
15,400,2,0.01,52,0.9337454438209534,0.0763082280755043,0.2762394397538199,0.11807706207036972
15,400,2,0.01,53,0.9325449466705322,0.07769084721803665,0.27873077910061644,0.14883458614349365
15,400,2,0.01,54,0.9314552545547485,0.07894594967365265,0.2809732187836639,0.16982874274253845
15,400,2,0.01,55,0.9356284737586975,0.07413943111896515,0.27228556906116996,0.11801913380622864
15,400,2,0.01,56,0.9376366138458252,0.07182660698890686,0.2680048637411397,0.08967550098896027
15,400,2,0.01,57,0.9383049607276917,0.07105684280395508,0.26656489417017215,0.08468596637248993
15,400,2,0.01,58,0.939861536026001,0.06926402449607849,0.26318059293207485,0.10014131665229797
15,400,2,0.01,59,0.9399847984313965,0.06912205368280411,0.262910733297072,0.0950491800904274
15,400,2,0.01,60,0.9423521757125854,0.06639550626277924,0.25767325484570425,0.09529462456703186
15,400,2,0.01,61,0.9461292028427124,0.06204529479146004,0.24908892948394964,0.09817376732826233
15,400,2,0.01,62,0.9408553838729858,0.06811937689781189,0.26099689059031317,0.12219559401273727
15,400,2,0.01,63,0.9227644801139832,0.08895546197891235,0.29825402256954114,0.21362192928791046
15,400,2,0.01,64,0.9306491613388062,0.07987437397241592,0.2826205476826056,0.15762710571289062
15,400,2,0.01,65,0.943729817867279,0.06480876356363297,0.2545756539098603,0.15506143867969513
15,400,2,0.01,66,0.9410103559494019,0.06794092804193497,0.26065480628972676,0.09238941222429276
15,400,2,0.01,67,0.9422471523284912,0.0665164589881897,0.25790784979947723,0.16932761669158936
15,400,2,0.01,68,0.9512235522270203,0.05617790296673775,0.2370187818860306,0.07596970349550247
15,400,2,0.01,69,0.9333935379981995,0.07671354711055756,0.2769721052932182,0.11491446942090988
15,400,2,0.01,70,0.934952437877655,0.07491806894540787,0.2737116529222091,0.07734548300504684
15,400,2,0.01,71,0.935244619846344,0.0745815560221672,0.2730962394874144,0.0877479538321495
15,400,2,0.01,72,0.9340454339981079,0.07596272230148315,0.27561335653680347,0.1172761395573616
15,400,2,0.01,73,0.9330092072486877,0.07715614885091782,0.2777699567104366,0.09575015306472778
15,400,2,0.01,74,0.9308177828788757,0.07968011498451233,0.28227666390354045,0.13547207415103912
15,400,2,0.01,75,0.9321980476379395,0.07809039205312729,0.2794465817524474,0.09462390840053558
15,400,2,0.01,76,0.9272791743278503,0.08375567942857742,0.28940573496145067,0.11494399607181549
15,400,2,0.01,77,0.9324938058853149,0.0777498111128807,0.2788365311663461,0.08539179712533951
15,400,2,0.01,78,0.9307889938354492,0.07971325516700745,0.2823353593990796,0.07722005248069763
15,400,2,0.01,79,0.936679482460022,0.07292895764112473,0.27005361993708715,0.08318263292312622
15,400,2,0.01,80,0.932345986366272,0.07792002707719803,0.27914158965872143,0.12542614340782166
15,400,2,0.01,81,0.9310761094093323,0.07938260585069656,0.2817491896185268,0.10456079989671707
15,400,2,0.01,82,0.9296766519546509,0.08099444955587387,0.28459523811173276,0.09693855792284012
15,400,2,0.01,83,0.9320420026779175,0.07827012240886688,0.27976797959892924,0.06648407876491547
15,400,2,0.01,84,0.9312133193016052,0.07922457158565521,0.28146859786778206,0.08326200395822525
15,400,2,0.01,85,0.9300349950790405,0.08058168739080429,0.28386913779205425,0.12485602498054504
15,400,2,0.01,86,0.9272956252098083,0.08373676985502243,0.2893730634579218,0.18194480240345
15,400,2,0.01,87,0.9288016557693481,0.0820021703839302,0.28636021089517694,0.09829466044902802
15,400,2,0.01,88,0.9324162006378174,0.0778391882777214,0.2789967531669883,0.09317546337842941
15,400,2,0.01,89,0.9329332113265991,0.07724373042583466,0.27792756327114204,0.10644316673278809
15,400,2,0.01,90,0.9312522411346436,0.0791797786951065,0.28138901665684557,0.08592073619365692
15,400,2,0.01,91,0.9337727427482605,0.07627680152654648,0.2761825510899385,0.08730614930391312
15,400,2,0.01,92,0.9452158808708191,0.06309725344181061,0.251191666744362,0.09453853219747543
15,400,2,0.01,93,0.9378563165664673,0.07157354801893234,0.26753233079187333,0.1010979488492012
15,400,2,0.01,94,0.9282454252243042,0.08264279365539551,0.28747659670901127,0.11972353607416153
15,400,2,0.01,95,0.9398763179779053,0.06924700736999512,0.26314826119508206,0.1747702956199646
15,400,2,0.01,96,0.9438698887825012,0.06464747339487076,0.2542586741782289,0.07502429932355881
15,400,2,0.01,97,0.9375705122947693,0.07190272212028503,0.26814682940561696,0.08822978287935257
15,400,2,0.01,98,0.9488935470581055,0.05886149778962135,0.24261388622587404,0.11546388268470764
15,400,2,0.01,99,0.9366869330406189,0.07292035967111588,0.2700377004625759,0.08946991711854935
15,400,2,0.01,100,0.9338496327400208,0.07618819922208786,0.27602209915528114,0.09496558457612991
16,400,2,0.01,1,0.9110478162765503,0.10245006531476974,0.32007821749498944,0.3371044099330902
16,400,2,0.01,2,0.9189667105674744,0.09332950413227081,0.3054987792647801,0.27450352907180786
16,400,2,0.01,3,0.9199588298797607,0.09218687564134598,0.30362291685797693,0.2687421143054962
16,400,2,0.01,4,0.9210492372512817,0.0909310132265091,0.30154769643707957,0.19292469322681427
16,400,2,0.01,5,0.9228519201278687,0.08885475248098373,0.29808514300612793,0.20662863552570343
16,400,2,0.01,6,0.9229161739349365,0.0887807235121727,0.29796094293073494,0.19983869791030884
16,400,2,0.01,7,0.9194809198379517,0.09273728728294373,0.3045279745490449,0.1972995400428772
16,400,2,0.01,8,0.9240478277206421,0.08747736364603043,0.2957657242582893,0.1667805165052414
16,400,2,0.01,9,0.9215553998947144,0.0903480127453804,0.3005794616160266,0.18054543435573578
16,400,2,0.01,10,0.921889066696167,0.08996371924877167,0.29993952598610885,0.18479131162166595
16,400,2,0.01,11,0.9203396439552307,0.09174825996160507,0.30289975233004907,0.16246545314788818
16,400,2,0.01,12,0.9236084222793579,0.08798348158597946,0.296620096396012,0.12596864998340607
16,400,2,0.01,13,0.921453058719635,0.09046587347984314,0.30077545358596525,0.18763983249664307
16,400,2,0.01,14,0.9211711287498474,0.09079060703516006,0.3013147972389674,0.1351296454668045
16,400,2,0.01,15,0.9190908074378967,0.09318660944700241,0.3052648185543208,0.1366690993309021
16,400,2,0.01,16,0.9226963520050049,0.08903392404317856,0.2983855292120892,0.292742520570755
16,400,2,0.01,17,0.9241516590118408,0.08735775947570801,0.29556346099561764,0.14682912826538086
16,400,2,0.01,18,0.9216967225074768,0.0901852399110794,0.3003085744881078,0.13079696893692017
16,400,2,0.01,19,0.9246960282325745,0.08673080056905746,0.29450093475073635,0.13943687081336975
16,400,2,0.01,20,0.9260212182998657,0.08520451933145523,0.29189813177109447,0.11015881597995758
16,400,2,0.01,21,0.9227505326271057,0.08897151798009872,0.2982809380099552,0.14408648014068604
16,400,2,0.01,22,0.9256590604782104,0.085621677339077,0.29261182023130405,0.1483115553855896
16,400,2,0.01,23,0.9208531975746155,0.09115678071975708,0.3019218122623092,0.12374361604452133
16,400,2,0.01,24,0.917414128780365,0.0951177105307579,0.3084115927308147,0.22243723273277283
16,400,2,0.01,25,0.923770010471344,0.08779732882976532,0.2963061403848481,0.16710814833641052
16,400,2,0.01,26,0.9247835874557495,0.0866299569606781,0.2943296739383885,0.1091979444026947
16,400,2,0.01,27,0.923162579536438,0.08849698305130005,0.2974844248885982,0.11034006625413895
16,400,2,0.01,28,0.9239785671234131,0.0875571221113205,0.2959005273927718,0.13992804288864136
16,400,2,0.01,29,0.9249788522720337,0.08640509843826294,0.2939474416256466,0.11825896799564362
16,400,2,0.01,30,0.9241305589675903,0.08738209307193756,0.2956046228866145,0.13922828435897827
16,400,2,0.01,31,0.9193360209465027,0.09290414303541183,0.30480180943592156,0.18612821400165558
16,400,2,0.01,32,0.9211453199386597,0.09082029014825821,0.3013640491967451,0.12149001657962799
16,400,2,0.01,33,0.9249303340911865,0.08646099269390106,0.29404250150939243,0.10991769284009933
16,400,2,0.01,34,0.9253680109977722,0.08595689386129379,0.2931840614039136,0.08541266620159149
16,400,2,0.01,35,0.9265828728675842,0.08455763757228851,0.2907879598131403,0.09248026460409164
16,400,2,0.01,36,0.9266927242279053,0.08443114161491394,0.29057037291319626,0.09949851036071777
16,400,2,0.01,37,0.9224008917808533,0.08937423676252365,0.29895524207232704,0.16768251359462738
16,400,2,0.01,38,0.9255834817886353,0.08570869266986847,0.2927604697869377,0.13700653612613678
16,400,2,0.01,39,0.9252367615699768,0.08610804378986359,0.29344172128356866,0.09267742186784744
16,400,2,0.01,40,0.9264105558395386,0.08475613594055176,0.2911290709299773,0.13269565999507904
16,400,2,0.01,41,0.9242289662361145,0.08726874738931656,0.29541284228908626,0.09709188342094421
16,400,2,0.01,42,0.9216238856315613,0.09026912599802017,0.30044820851191667,0.11715459823608398
16,400,2,0.01,43,0.9120898842811584,0.10124987363815308,0.3181978529753981,0.24815768003463745
16,400,2,0.01,44,0.9216205477714539,0.09027297049760818,0.30045460638440574,0.12610989809036255
16,400,2,0.01,45,0.9209224581718445,0.09107698500156403,0.3017896370016108,0.09776574373245239
16,400,2,0.01,46,0.9224674105644226,0.0892975851893425,0.2988270154944872,0.10650216788053513
16,400,2,0.01,47,0.9253968000411987,0.0859236791729927,0.2931274111593672,0.08149167150259018
16,400,2,0.01,48,0.9256525039672852,0.08562920987606049,0.292624691159274,0.07907966524362564
16,400,2,0.01,49,0.925400972366333,0.08591893315315247,0.2931193155579353,0.08688180893659592
16,400,2,0.01,50,0.9284693002700806,0.08238495886325836,0.28702780155110125,0.12717363238334656
16,400,2,0.01,51,0.9249452352523804,0.08644379675388336,0.2940132594865125,0.13987384736537933
16,400,2,0.01,52,0.9249883890151978,0.0863940641283989,0.2939286718379119,0.10130459815263748
16,400,2,0.01,53,0.9236631989479065,0.08792039752006531,0.2965137391758859,0.08847396820783615
16,400,2,0.01,54,0.9250108003616333,0.08636824786663055,0.29388475269504977,0.09850860387086868
16,400,2,0.01,55,0.9241272211074829,0.08738590776920319,0.2956110751802158,0.12624762952327728
16,400,2,0.01,56,0.924133837223053,0.08737830817699432,0.295598220862363,0.08410833030939102
16,400,2,0.01,57,0.9254605770111084,0.08585023880004883,0.2930021139856312,0.1001867800951004
16,400,2,0.01,58,0.9254728555679321,0.08583608269691467,0.29297795599142723,0.08986356109380722
16,400,2,0.01,59,0.9252848625183105,0.08605261147022247,0.2933472540696819,0.11827914416790009
16,400,2,0.01,60,0.9264066815376282,0.08476056158542633,0.2911366716602811,0.10231997817754745
16,400,2,0.01,61,0.9242385625839233,0.08725772053003311,0.29539417822637115,0.08683213591575623
16,400,2,0.01,62,0.9228571057319641,0.0888487696647644,0.298075107422214,0.15214340388774872
16,400,2,0.01,63,0.921406090259552,0.0905199721455574,0.3008653721277299,0.12301807105541229
16,400,2,0.01,64,0.9235133528709412,0.08809297531843185,0.2968046079804555,0.08300686627626419
16,400,2,0.01,65,0.9245135188102722,0.08694103360176086,0.2948576497256954,0.08980092406272888
16,400,2,0.01,66,0.9239204525947571,0.08762406557798386,0.2960136239736,0.07436394691467285
16,400,2,0.01,67,0.9256341457366943,0.08565036207437515,0.29266083112431557,0.17656826972961426
16,400,2,0.01,68,0.9229722619056702,0.08871618658304214,0.29785262561045545,0.1208934485912323
16,400,2,0.01,69,0.9234880805015564,0.08812204003334045,0.29685356665086654,0.10814839601516724
16,400,2,0.01,70,0.9232650399208069,0.08837897330522537,0.29728601262963145,0.07575325667858124
16,400,2,0.01,71,0.9223788380622864,0.08939960598945618,0.298997668869602,0.07571782171726227
16,400,2,0.01,72,0.9242667555809021,0.08722521364688873,0.29533915021020957,0.07564987242221832
16,400,2,0.01,73,0.9231798052787781,0.08847711980342865,0.2974510376573406,0.0796237662434578
16,400,2,0.01,74,0.9244765043258667,0.08698362857103348,0.2949298705981364,0.1014118492603302
16,400,2,0.01,75,0.9248039722442627,0.0866064801812172,0.2942897894613695,0.17925257980823517
16,400,2,0.01,76,0.925246000289917,0.08609739691019058,0.29342357933572855,0.06919601559638977
16,400,2,0.01,77,0.9247519969940186,0.08666635304689407,0.29439149622041405,0.06810914725065231
16,400,2,0.01,78,0.926243782043457,0.08494824171066284,0.2914588164915634,0.071579709649086
16,400,2,0.01,79,0.9252027869224548,0.08614715933799744,0.29350836331865815,0.0755753293633461
16,400,2,0.01,80,0.9238035678863525,0.08775868266820908,0.29624091997597,0.07014375925064087
16,400,2,0.01,81,0.9245150089263916,0.08693931251764297,0.2948547312112237,0.060809168964624405
16,400,2,0.01,82,0.9261713027954102,0.085031658411026,0.2916018834147441,0.06374285370111465
16,400,2,0.01,83,0.9244327545166016,0.08703404664993286,0.2950153329064997,0.11879616975784302
16,400,2,0.01,84,0.922296404838562,0.08949455618858337,0.29915640756731815,0.08263202756643295
16,400,2,0.01,85,0.9247443079948425,0.08667521178722382,0.29440654168551317,0.08606003224849701
16,400,2,0.01,86,0.9249827861785889,0.0864005759358406,0.2939397488191085,0.10644377022981644
16,400,2,0.01,87,0.9246193170547485,0.08681917935609818,0.2946509449435012,0.07305724173784256
16,400,2,0.01,88,0.9234314560890198,0.08818729221820831,0.29696345266414237,0.07582135498523712
16,400,2,0.01,89,0.9256135821342468,0.08567404001951218,0.2927012812057921,0.0724109411239624
16,400,2,0.01,90,0.9250985980033875,0.08626718074083328,0.29371275209093883,0.2110375463962555
16,400,2,0.01,91,0.9249503016471863,0.08643797039985657,0.29400335100106695,0.10145995020866394
16,400,2,0.01,92,0.9210760593414307,0.09090010821819305,0.3014964481021179,0.08446823060512543
16,400,2,0.01,93,0.9216869473457336,0.09019649028778076,0.3003273052650737,0.0871715098619461
16,400,2,0.01,94,0.9227951765060425,0.08892014622688293,0.29819481254187324,0.1026175320148468
16,400,2,0.01,95,0.9216854572296143,0.09019824117422104,0.30033022021471806,0.08956053853034973
16,400,2,0.01,96,0.9210824966430664,0.09089267998933792,0.301484128917822,0.06823083758354187
16,400,2,0.01,97,0.9232103228569031,0.08844198286533356,0.2973919683941272,0.07415497303009033
16,400,2,0.01,98,0.923504650592804,0.08810300379991531,0.2968215015795104,0.09343448281288147
16,400,2,0.01,99,0.9212803244590759,0.09066484868526459,0.30110604225964077,0.0725102424621582
16,400,2,0.01,100,0.9235032200813293,0.08810464292764664,0.2968242627004178,0.08025389909744263
17,400,2,0.01,1,0.9110748171806335,0.10241898149251938,0.3200296572077647,0.3029884397983551
17,400,2,0.01,2,0.9181767702102661,0.09423930943012238,0.30698421690719274,0.21413028240203857
17,400,2,0.01,3,0.917914092540741,0.09454189240932465,0.3074766534378255,0.2161055952310562
17,400,2,0.01,4,0.9192630052566528,0.0929882749915123,0.3049397891248571,0.1700306236743927
17,400,2,0.01,5,0.9181925654411316,0.09422114491462708,0.30695463005895035,0.2322339564561844
17,400,2,0.01,6,0.920390784740448,0.09168935567140579,0.30280250274957404,0.19960476458072662
17,400,2,0.01,7,0.9200703501701355,0.09205839782953262,0.3034112684616915,0.12675851583480835
17,400,2,0.01,8,0.9204503893852234,0.09162072092294693,0.30268914900099564,0.21862921118736267
17,400,2,0.01,9,0.9188858270645142,0.09342267364263535,0.30565122876022494,0.203565776348114
17,400,2,0.01,10,0.9203457832336426,0.0917411670088768,0.3028880436875592,0.1497446894645691
17,400,2,0.01,11,0.9159736633300781,0.09677675366401672,0.31108962320208744,0.16472405195236206
17,400,2,0.01,12,0.9181818962097168,0.094233438372612,0.3069746542837242,0.14539769291877747
17,400,2,0.01,13,0.9209234118461609,0.09107588231563568,0.301787810084562,0.16424870491027832
17,400,2,0.01,14,0.920657753944397,0.09138190746307373,0.3022944052791479,0.1307125985622406
17,400,2,0.01,15,0.912571907043457,0.10069473087787628,0.31732433073730143,0.24133075773715973
17,400,2,0.01,16,0.9205614924430847,0.09149274975061417,0.3024776847151111,0.1708841323852539
17,400,2,0.01,17,0.9182536602020264,0.09415078163146973,0.3068399935332253,0.16771288216114044
17,400,2,0.01,18,0.9201788306236267,0.0919334888458252,0.3032053575480242,0.14998671412467957
17,400,2,0.01,19,0.9200872778892517,0.09203891456127167,0.30337915973459956,0.10793882608413696
17,400,2,0.01,20,0.9211909770965576,0.0907677486538887,0.3012768637879263,0.1541014015674591
17,400,2,0.01,21,0.9213276505470276,0.09061029553413391,0.3010154406905631,0.09462349116802216
17,400,2,0.01,22,0.9215509295463562,0.09035316854715347,0.3005880379309088,0.1259857416152954
17,400,2,0.01,23,0.9205272197723389,0.09153219312429428,0.3025428781582774,0.09135793894529343
17,400,2,0.01,24,0.9216806888580322,0.09020375460386276,0.3003393990202797,0.30813759565353394
17,400,2,0.01,25,0.921765148639679,0.09010642766952515,0.3001773270410761,0.09594670683145523
17,400,2,0.01,26,0.9227805733680725,0.0889369323849678,0.2982229575082505,0.17506858706474304
17,400,2,0.01,27,0.9177842736244202,0.09469141811132431,0.3077197070571274,0.14546790719032288
17,400,2,0.01,28,0.9222328662872314,0.08956775814294815,0.2992787298538741,0.0924123227596283
17,400,2,0.01,29,0.9229328632354736,0.08876152336597443,0.29792872195539394,0.2557293474674225
17,400,2,0.01,30,0.9208061695098877,0.09121091663837433,0.3020114511709355,0.11759894341230392
17,400,2,0.01,31,0.9222758412361145,0.0895182266831398,0.2991959670235209,0.09915736317634583
17,400,2,0.01,32,0.9233564734458923,0.08827361464500427,0.2971087589503283,0.14776769280433655
17,400,2,0.01,33,0.9242910742759705,0.08719723671674728,0.295291782338668,0.12542280554771423
17,400,2,0.01,34,0.9202429056167603,0.09185967594385147,0.30308361213343665,0.2017693966627121
17,400,2,0.01,35,0.9199187755584717,0.09223299473524094,0.30369885534068275,0.09746968001127243
17,400,2,0.01,36,0.9214583039283752,0.09045985341072083,0.3007654458389807,0.11260181665420532
17,400,2,0.01,37,0.9232543706893921,0.0883912444114685,0.2973066504662627,0.15792199969291687
17,400,2,0.01,38,0.9227674603462219,0.08895203471183777,0.2982482769637367,0.10351526737213135
17,400,2,0.01,39,0.9216763973236084,0.09020869433879852,0.30034762249566505,0.110137440264225
17,400,2,0.01,40,0.9242090582847595,0.08729171007871628,0.29545170515452485,0.09577496349811554
17,400,2,0.01,41,0.9209204912185669,0.09107929468154907,0.3017934636163432,0.10783042013645172
17,400,2,0.01,42,0.92319256067276,0.08846243470907211,0.2974263517395056,0.12131918221712112
17,400,2,0.01,43,0.9238103628158569,0.08775085210800171,0.2962277031406781,0.0952543094754219
17,400,2,0.01,44,0.9232337474822998,0.0884149894118309,0.2973465813017377,0.09332534670829773
17,400,2,0.01,45,0.9223152995109558,0.08947282284498215,0.29912008097916487,0.1000593826174736
17,400,2,0.01,46,0.9241514801979065,0.0873580053448677,0.2955638769282669,0.16740448772907257
17,400,2,0.01,47,0.9238032102584839,0.0877590924501419,0.2962416116114377,0.15835878252983093
17,400,2,0.01,48,0.9209280610084534,0.09107052534818649,0.3017789345666567,0.1286836415529251
17,400,2,0.01,49,0.9234073758125305,0.08821502327919006,0.29701014002755877,0.1381756067276001
17,400,2,0.01,50,0.9240715503692627,0.0874500423669815,0.2957195332861553,0.0969105213880539
17,400,2,0.01,51,0.9236315488815308,0.08795683085918427,0.29657516898618513,0.12303049862384796
17,400,2,0.01,52,0.9229379296302795,0.08875568211078644,0.297918918685582,0.14918403327465057
17,400,2,0.01,53,0.9207198023796082,0.09131043404340744,0.30217616392331054,0.1501389592885971
17,400,2,0.01,54,0.9228062033653259,0.08890742808580399,0.2981734865574134,0.10847717523574829
17,400,2,0.01,55,0.9210192561149597,0.09096552431583405,0.30160491427666436,0.13221421837806702
17,400,2,0.01,56,0.9245162010192871,0.08693789690732956,0.29485233067983296,0.09841683506965637
17,400,2,0.01,57,0.9242439270019531,0.08725154399871826,0.29538372331379104,0.10713715106248856
17,400,2,0.01,58,0.9261427521705627,0.08506456762552261,0.29165830628583617,0.11959327757358551
17,400,2,0.01,59,0.9236545562744141,0.0879303365945816,0.29653049859092334,0.11619962006807327
17,400,2,0.01,60,0.9250377416610718,0.08633724600076675,0.2938320030234398,0.11518663167953491
17,400,2,0.01,61,0.9202205538749695,0.09188543260097504,0.30312610016456026,0.21245050430297852
17,400,2,0.01,62,0.9254297614097595,0.08588574081659317,0.2930626909324917,0.1767847239971161
17,400,2,0.01,63,0.9246245622634888,0.08681310713291168,0.29464064066742673,0.0926772803068161
17,400,2,0.01,64,0.92278653383255,0.08893004804849625,0.29821141502044524,0.11185198277235031
17,400,2,0.01,65,0.9267305731773376,0.08438753336668015,0.29049532417352286,0.09826961159706116
17,400,2,0.01,66,0.9316761493682861,0.07869153469800949,0.28052011460501275,0.12129516154527664
17,400,2,0.01,67,0.9281551837921143,0.08274675905704498,0.2876573639889043,0.10565696656703949
17,400,2,0.01,68,0.9368504881858826,0.07273200899362564,0.2696887261151746,0.16567561030387878
17,400,2,0.01,69,0.9271475672721863,0.08390729129314423,0.2896675530554712,0.13344649970531464
17,400,2,0.01,70,0.9269587397575378,0.08412473648786545,0.2900426459813547,0.12477568536996841
17,400,2,0.01,71,0.9236989617347717,0.08787920325994492,0.29644426670108653,0.09802576899528503
17,400,2,0.01,72,0.9254083633422852,0.0859103873372078,0.29310473782797813,0.09165234863758087
17,400,2,0.01,73,0.9269267916679382,0.08416154980659485,0.29010610094686884,0.08690159022808075
17,400,2,0.01,74,0.9279796481132507,0.0829489603638649,0.2880086116140712,0.10344462096691132
17,400,2,0.01,75,0.9264851212501526,0.08467026799917221,0.29098155955175614,0.06677545607089996
17,400,2,0.01,76,0.9260021448135376,0.08522653579711914,0.2919358419192805,0.08811557292938232
17,400,2,0.01,77,0.9250609278678894,0.08631052821874619,0.2937865351215848,0.1442241221666336
17,400,2,0.01,78,0.9247375726699829,0.08668298274278641,0.2944197390508768,0.18481895327568054
17,400,2,0.01,79,0.9231693744659424,0.08848915994167328,0.2974712758262103,0.12623712420463562
17,400,2,0.01,80,0.9260233640670776,0.08520206809043884,0.29189393294558014,0.09064686298370361
17,400,2,0.01,81,0.9277318120002747,0.08323437720537186,0.2885036866408675,0.07863181829452515
17,400,2,0.01,82,0.9257423877716064,0.08552567660808563,0.2924477331218104,0.07400298118591309
17,400,2,0.01,83,0.9278357028961182,0.08311469852924347,0.28829619929725653,0.09419947862625122
17,400,2,0.01,84,0.9290388822555542,0.08172895014286041,0.28588275593826995,0.08133941143751144
17,400,2,0.01,85,0.9244699478149414,0.08699121326208115,0.2949427287832015,0.12908098101615906
17,400,2,0.01,86,0.9269828200340271,0.0840969979763031,0.2899948240508839,0.12228479981422424
17,400,2,0.01,87,0.9276635646820068,0.0833129733800888,0.28863986796714136,0.10263226181268692
17,400,2,0.01,88,0.9281044006347656,0.08280525356531143,0.28775901995473824,0.16767366230487823
17,400,2,0.01,89,0.9249846339225769,0.0863984078168869,0.2939360607630287,0.18201275169849396
17,400,2,0.01,90,0.9270366430282593,0.08403504639863968,0.28988798940045735,0.08678153902292252
17,400,2,0.01,91,0.9289411306381226,0.08184155076742172,0.2860796231251393,0.08616730570793152
17,400,2,0.01,92,0.9283689260482788,0.08250054717063904,0.2872290848271446,0.07991519570350647
17,400,2,0.01,93,0.9305293560028076,0.08001233637332916,0.28286451946705715,0.08536939322948456
17,400,2,0.01,94,0.9292367100715637,0.08150114864110947,0.2854840602224745,0.09940333664417267
17,400,2,0.01,95,0.9252261519432068,0.08612027764320374,0.29346256599982856,0.1129530668258667
17,400,2,0.01,96,0.9260380268096924,0.08518519252538681,0.29186502449828894,0.09790322184562683
17,400,2,0.01,97,0.9303346276283264,0.08023658394813538,0.28326062901175547,0.14133337140083313
17,400,2,0.01,98,0.9242347478866577,0.08726213127374649,0.2954016439929651,0.11054714024066925
17,400,2,0.01,99,0.9303803443908691,0.08018393814563751,0.28316768556040695,0.06625613570213318
17,400,2,0.01,100,0.9316534399986267,0.0787176862359047,0.28056672332246513,0.06803768873214722
18,400,2,0.01,1,0.9114727973937988,0.10196056216955185,0.31931264016564054,0.4187154173851013
18,400,2,0.01,2,0.9188767075538635,0.09343316406011581,0.30566838904295585,0.3431627154350281
18,400,2,0.01,3,0.9220330715179443,0.08979789167642593,0.29966296347134047,0.2963208258152008
18,400,2,0.01,4,0.9198107123374939,0.09235744923353195,0.30390368413945223,0.28399619460105896
18,400,2,0.01,5,0.9227251410484314,0.08900075405836105,0.29832994160553356,0.29224488139152527
18,400,2,0.01,6,0.9217525720596313,0.09012091904878616,0.3002014641016698,0.28144192695617676
18,400,2,0.01,7,0.9159933924674988,0.09675401449203491,0.3110530734328708,0.36392030119895935
18,400,2,0.01,8,0.9211215972900391,0.09084762632846832,0.30140939986746984,0.20487575232982635
18,400,2,0.01,9,0.9216123223304749,0.09028244763612747,0.3004703773022017,0.2756726145744324
18,400,2,0.01,10,0.9198976755142212,0.09225727617740631,0.3037388288931896,0.21797151863574982
18,400,2,0.01,11,0.92259281873703,0.08915318548679352,0.2985853068836334,0.1978795826435089
18,400,2,0.01,12,0.9208481907844543,0.0911625474691391,0.3019313621821011,0.23295587301254272
18,400,2,0.01,13,0.9231317639350891,0.0885324478149414,0.29754402668334884,0.19313766062259674
18,400,2,0.01,14,0.9210798144340515,0.09089579433202744,0.3014892938928801,0.19197773933410645
18,400,2,0.01,15,0.922349214553833,0.08943378180265427,0.2990548140436035,0.2541809380054474
18,400,2,0.01,16,0.9197447299957275,0.09243344515562057,0.30402869133622995,0.1632022112607956
18,400,2,0.01,17,0.9236117005348206,0.08797966688871384,0.2966136660518423,0.1712019145488739
18,400,2,0.01,18,0.9246588349342346,0.08677367120981216,0.2945737109957577,0.14574356377124786
18,400,2,0.01,19,0.9227855801582336,0.08893118053674698,0.2982133138153744,0.16509075462818146
18,400,2,0.01,20,0.9250949621200562,0.08627131581306458,0.29371979132000037,0.15922494232654572
18,400,2,0.01,21,0.9245349764823914,0.08691628277301788,0.2948156759282279,0.14944089949131012
18,400,2,0.01,22,0.9215889573097229,0.09030933678150177,0.30051511905643247,0.19062241911888123
18,400,2,0.01,23,0.9263134598731995,0.08486795425415039,0.2913210501391041,0.17854826152324677
18,400,2,0.01,24,0.925159215927124,0.08619734644889832,0.293593846067826,0.14106744527816772
18,400,2,0.01,25,0.9221798777580261,0.08962876349687576,0.2993806331359391,0.19799691438674927
18,400,2,0.01,26,0.9234840869903564,0.08812666684389114,0.29686135963424265,0.14780069887638092
18,400,2,0.01,27,0.9250717759132385,0.08629804849624634,0.2937652949145735,0.14989043772220612
18,400,2,0.01,28,0.924918532371521,0.08647452294826508,0.2940655079200297,0.11769457906484604
18,400,2,0.01,29,0.9250697493553162,0.08630039542913437,0.2937692894588105,0.12450534105300903
18,400,2,0.01,30,0.9251320362091064,0.0862286239862442,0.2936471079139793,0.13214580714702606
18,400,2,0.01,31,0.9231875538825989,0.08846817165613174,0.29743599589849873,0.13486340641975403
18,400,2,0.01,32,0.9237228631973267,0.08785169571638107,0.29639786726017625,0.1401277482509613
18,400,2,0.01,33,0.9246231317520142,0.086814746260643,0.2946434222253112,0.13853949308395386
18,400,2,0.01,34,0.9234092235565186,0.08821285516023636,0.2970064900978367,0.13156120479106903
18,400,2,0.01,35,0.9273284673690796,0.08369896560907364,0.28930773513522523,0.1476190835237503
18,400,2,0.01,36,0.9178814888000488,0.09457943588495255,0.307537698315105,0.2434016615152359
18,400,2,0.01,37,0.9258850812911987,0.08536133170127869,0.29216661633608776,0.1623474806547165
18,400,2,0.01,38,0.9244599938392639,0.08700268715620041,0.2949621791962495,0.1202239990234375
18,400,2,0.01,39,0.925544798374176,0.08575326949357986,0.2928365917940923,0.11142946034669876
18,400,2,0.01,40,0.9272895455360413,0.08374375849962234,0.28938513869862487,0.12342020869255066
18,400,2,0.01,41,0.9267798066139221,0.08433084189891815,0.29039773053334655,0.10456955432891846
18,400,2,0.01,42,0.925420343875885,0.08589662611484528,0.2930812619647412,0.12231804430484772
18,400,2,0.01,43,0.9271238446235657,0.08393459767103195,0.2897146832161462,0.12036699801683426
18,400,2,0.01,44,0.9267082810401917,0.08441324532032013,0.2905395761687556,0.09290894865989685
18,400,2,0.01,45,0.9267467260360718,0.08436892926692963,0.2904633010673287,0.09687738865613937
18,400,2,0.01,46,0.9286671876907349,0.08215707540512085,0.28663055560271455,0.1361992508172989
18,400,2,0.01,47,0.9267472624778748,0.08436834067106247,0.29046228786378187,0.1278647929430008
18,400,2,0.01,48,0.9292720556259155,0.08146044611930847,0.28541276446457065,0.15092790126800537
18,400,2,0.01,49,0.9295030236244202,0.0811944231390953,0.28494635133494045,0.10375963151454926
18,400,2,0.01,50,0.929064929485321,0.08169899135828018,0.2858303541583367,0.10319805890321732
18,400,2,0.01,51,0.9271840453147888,0.08386523276567459,0.28959494602923336,0.12038800865411758
18,400,2,0.01,52,0.9273983240127563,0.08361844718456268,0.2891685445973726,0.10899511724710464
18,400,2,0.01,53,0.9297512769699097,0.08090843260288239,0.2844440764067383,0.11953273415565491
18,400,2,0.01,54,0.929311215877533,0.08141528069972992,0.28533363050949656,0.08142668753862381
18,400,2,0.01,55,0.9316885471343994,0.07867725193500519,0.2804946558047144,0.0968487337231636
18,400,2,0.01,56,0.9276519417762756,0.08332638442516327,0.2886630984818864,0.15583227574825287
18,400,2,0.01,57,0.9243096709251404,0.08717580884695053,0.2952554975727811,0.2726922929286957
18,400,2,0.01,58,0.929706335067749,0.080960214138031,0.284535084195308,0.12059988081455231
18,400,2,0.01,59,0.9287149906158447,0.0821019858121872,0.2865344408830938,0.10660827904939651
18,400,2,0.01,60,0.9308022856712341,0.07969800382852554,0.28230834884665656,0.09576135128736496
18,400,2,0.01,61,0.9305848479270935,0.07994840294122696,0.2827514861874769,0.08680746704339981
18,400,2,0.01,62,0.9251711368560791,0.0861835926771164,0.29357042200657135,0.14917932450771332
18,400,2,0.01,63,0.9309166669845581,0.07956624031066895,0.28207488422521587,0.09050272405147552
18,400,2,0.01,64,0.9286033511161804,0.0822305902838707,0.2867587667079608,0.08209371566772461
18,400,2,0.01,65,0.9302563071250916,0.08032681047916412,0.28341984842132023,0.11610475927591324
18,400,2,0.01,66,0.930237889289856,0.08034799247980118,0.2834572145488648,0.0883740559220314
18,400,2,0.01,67,0.9289751648902893,0.0818023607134819,0.2860111199122893,0.11703214794397354
18,400,2,0.01,68,0.9318951368331909,0.07843931764364243,0.2800702012775412,0.11814214289188385
18,400,2,0.01,69,0.9294130206108093,0.08129806816577911,0.2851281609483341,0.12831443548202515
18,400,2,0.01,70,0.9305668473243713,0.07996915280818939,0.28278817657071414,0.09197641164064407
18,400,2,0.01,71,0.9302562475204468,0.08032691478729248,0.28342003243823904,0.08361847698688507
18,400,2,0.01,72,0.9314480423927307,0.07895423471927643,0.28098796187608543,0.09770005196332932
18,400,2,0.01,73,0.9312739968299866,0.07915472239255905,0.28134449060281785,0.11175068467855453
18,400,2,0.01,74,0.93231201171875,0.07795912772417068,0.2792116181754812,0.12694832682609558
18,400,2,0.01,75,0.933355450630188,0.07675737887620926,0.277051220672657,0.08507412672042847
18,400,2,0.01,76,0.9345183968544006,0.07541800290346146,0.2746233837521151,0.13100649416446686
18,400,2,0.01,77,0.932445228099823,0.07780573517084122,0.27893679422199075,0.12040623277425766
18,400,2,0.01,78,0.9313180446624756,0.07910395413637161,0.28125425176585617,0.15435117483139038
18,400,2,0.01,79,0.9297943115234375,0.08085890859365463,0.28435700904611905,0.1115306094288826
18,400,2,0.01,80,0.9355102777481079,0.07427559792995453,0.27253549847672054,0.07509709894657135
18,400,2,0.01,81,0.9299421310424805,0.08068869262933731,0.28405755161469887,0.08126544952392578
18,400,2,0.01,82,0.9301446080207825,0.08045544475317001,0.28364669000919085,0.09852251410484314
18,400,2,0.01,83,0.928156316280365,0.08274544030427933,0.2876550717513587,0.13952963054180145
18,400,2,0.01,84,0.9306218028068542,0.07990583777427673,0.28267620659382836,0.14564771950244904
18,400,2,0.01,85,0.9332873225212097,0.07683583348989487,0.2771927731559661,0.08563918620347977
18,400,2,0.01,86,0.9309336543083191,0.07954665273427963,0.2820401615626392,0.09027700871229172
18,400,2,0.01,87,0.9312903881072998,0.07913579791784286,0.2813108563810556,0.10511527955532074
18,400,2,0.01,88,0.9271326065063477,0.0839245393872261,0.2896973237488156,0.090826615691185
18,400,2,0.01,89,0.9311987161636353,0.07924140989780426,0.2814985078074203,0.0953766256570816
18,400,2,0.01,90,0.9296378493309021,0.08103913813829422,0.28467373981155025,0.1281585395336151
18,400,2,0.01,91,0.9313088059425354,0.07911459356546402,0.28127316538458486,0.09136196970939636
18,400,2,0.01,92,0.9297990798950195,0.0808534100651741,0.28434734052769706,0.08230898529291153
18,400,2,0.01,93,0.9295905828475952,0.08109358698129654,0.28476935751814403,0.12088097631931305
18,400,2,0.01,94,0.9290340542793274,0.08173450827598572,0.28589247677402374,0.0910811573266983
18,400,2,0.01,95,0.9321886897087097,0.07810120284557343,0.27946592430128836,0.14992670714855194
18,400,2,0.01,96,0.9281998872756958,0.08269530534744263,0.2875679143218913,0.10448645055294037
18,400,2,0.01,97,0.9310759902000427,0.07938271760940552,0.2817493879485908,0.09004265069961548
18,400,2,0.01,98,0.9274558424949646,0.08355222642421722,0.28905401990669016,0.07628986239433289
18,400,2,0.01,99,0.9308136105537415,0.07968496531248093,0.2822852552162102,0.08319994807243347
18,400,2,0.01,100,0.9291843771934509,0.08156140148639679,0.2855895682380517,0.07380735874176025
19,400,2,0.01,1,0.9097796082496643,0.10391067713499069,0.32235179095980016,0.3313904106616974
19,400,2,0.01,2,0.9145815372467041,0.09838010370731354,0.31365602769166345,0.2490232288837433
19,400,2,0.01,3,0.9183287620544434,0.09406424313783646,0.3066989454462412,0.19626685976982117
19,400,2,0.01,4,0.9145737886428833,0.09838907420635223,0.3136703272647131,0.1814393699169159
19,400,2,0.01,5,0.9183962345123291,0.09398654848337173,0.3065722565454541,0.17047297954559326
19,400,2,0.01,6,0.918559730052948,0.09379822760820389,0.30626496307642487,0.23982229828834534
19,400,2,0.01,7,0.9186303615570068,0.09371692687273026,0.30613220489313153,0.14422918856143951
19,400,2,0.01,8,0.9186968207359314,0.09364033490419388,0.3060070830948099,0.1580590009689331
19,400,2,0.01,9,0.9178659915924072,0.09459725022315979,0.3075666598042769,0.16668632626533508
19,400,2,0.01,10,0.9187840223312378,0.09353990852832794,0.30584294748829494,0.14829587936401367
19,400,2,0.01,11,0.922113835811615,0.08970481902360916,0.2995076276551386,0.14151208102703094
19,400,2,0.01,12,0.9218109250068665,0.0900537371635437,0.30008954857432757,0.12832045555114746
19,400,2,0.01,13,0.9227069616317749,0.08902174979448318,0.29836512831509515,0.17242056131362915
19,400,2,0.01,14,0.9218330979347229,0.09002819657325745,0.30004699060856693,0.15221458673477173
19,400,2,0.01,15,0.9192838072776794,0.09296431392431259,0.3049004983995805,0.12081913650035858
19,400,2,0.01,16,0.9227967262268066,0.08891833573579788,0.29819177677427305,0.12528666853904724
19,400,2,0.01,17,0.9226462841033936,0.08909162133932114,0.29848219601731885,0.11184052377939224
19,400,2,0.01,18,0.9239956736564636,0.08753743022680283,0.2958672510211342,0.11054132878780365
19,400,2,0.01,19,0.9250214099884033,0.08635607361793518,0.293864039341215,0.10349691659212112
19,400,2,0.01,20,0.9255159497261047,0.08578647673130035,0.29289328556882344,0.10253844410181046
19,400,2,0.01,21,0.9208753108978271,0.09113132953643799,0.3018796606869002,0.16599243879318237
19,400,2,0.01,22,0.9240305423736572,0.0874972715973854,0.2957993772768722,0.13409927487373352
19,400,2,0.01,23,0.9210132956504822,0.09097235649824142,0.3016162404417929,0.15643014013767242
19,400,2,0.01,24,0.9220722317695618,0.08975276350975037,0.29958765580335645,0.1130308210849762
19,400,2,0.01,25,0.9245088696479797,0.08694639801979065,0.29486674620884373,0.10980358719825745
19,400,2,0.01,26,0.9268062114715576,0.08430039882659912,0.29034530963423383,0.10296598076820374
19,400,2,0.01,27,0.9270340204238892,0.08403808623552322,0.2898932324762398,0.14475755393505096
19,400,2,0.01,28,0.9289361238479614,0.08184731006622314,0.2860896888498835,0.15500295162200928
19,400,2,0.01,29,0.9245551824569702,0.08689302206039429,0.2947762237026492,0.11453589051961899
19,400,2,0.01,30,0.9271543025970459,0.08389953523874283,0.28965416489106943,0.09793387353420258
19,400,2,0.01,31,0.9248278737068176,0.08657895773649216,0.29424302495809845,0.12742970883846283
19,400,2,0.01,32,0.9271471500396729,0.08390778303146362,0.2896684018519514,0.1514906883239746
19,400,2,0.01,33,0.92735356092453,0.0836700052022934,0.28925767959086823,0.12577404081821442
19,400,2,0.01,34,0.925896942615509,0.08534764498472214,0.29214319260376775,0.15308721363544464
19,400,2,0.01,35,0.9271261096000671,0.08393200486898422,0.2897102084307424,0.1276863068342209
19,400,2,0.01,36,0.9263626337051392,0.08481132239103317,0.29122383554756154,0.11212065815925598
19,400,2,0.01,37,0.9280432462692261,0.08287566900253296,0.2878813453534858,0.13431404531002045
19,400,2,0.01,38,0.9250941872596741,0.08627225458621979,0.2937213893917496,0.12079901248216629
19,400,2,0.01,39,0.9273367524147034,0.08368939161300659,0.28929118827404093,0.15484192967414856
19,400,2,0.01,40,0.9256781935691833,0.08559958636760712,0.29257406988249507,0.12257343530654907
19,400,2,0.01,41,0.9230707287788391,0.08860274404287338,0.2976621306832184,0.1724053919315338
19,400,2,0.01,42,0.9258763790130615,0.08537138998508453,0.2921838290958015,0.15137946605682373
19,400,2,0.01,43,0.9256507158279419,0.08563122898340225,0.29262814113376423,0.14124587178230286
19,400,2,0.01,44,0.9272209405899048,0.08382273465394974,0.2895215616391113,0.09783899784088135
19,400,2,0.01,45,0.9290645718574524,0.08169938623905182,0.2858310449182381,0.09541069716215134
19,400,2,0.01,46,0.929686427116394,0.08098312467336655,0.28457534094395204,0.13268516957759857
19,400,2,0.01,47,0.9283719658851624,0.08249709755182266,0.28722307976870987,0.11262261122465134
19,400,2,0.01,48,0.9297243356704712,0.08093947917222977,0.2844986452906758,0.10474546998739243
19,400,2,0.01,49,0.9300559163093567,0.08055758476257324,0.28382668085043244,0.09643162786960602
19,400,2,0.01,50,0.9298163652420044,0.08083347976207733,0.2843122926678995,0.10827649384737015
19,400,2,0.01,51,0.9302775859832764,0.08030228316783905,0.2833765748396276,0.09168079495429993
19,400,2,0.01,52,0.9333286285400391,0.07678829878568649,0.2771070168467166,0.10731224715709686
19,400,2,0.01,53,0.9329915642738342,0.07717649638652802,0.2778065808913245,0.11003138870000839
19,400,2,0.01,54,0.9325107336044312,0.07773032039403915,0.2788015788944517,0.09680067002773285
19,400,2,0.01,55,0.9276168346405029,0.08336682617664337,0.2887331400733961,0.12972597777843475
19,400,2,0.01,56,0.9281905293464661,0.0827060341835022,0.28758656815557676,0.18530268967151642
19,400,2,0.01,57,0.9309062957763672,0.07957819849252701,0.2820960802501995,0.09113401174545288
19,400,2,0.01,58,0.9311220049858093,0.07932973653078079,0.2816553506162821,0.1535252332687378
19,400,2,0.01,59,0.9314257502555847,0.07897988706827164,0.2810336048736372,0.07693749666213989
19,400,2,0.01,60,0.930126428604126,0.08047640323638916,0.2836836323025866,0.1022975966334343
19,400,2,0.01,61,0.9294334650039673,0.08127451688051224,0.2850868584844139,0.17964772880077362
19,400,2,0.01,62,0.9330505728721619,0.07710854709148407,0.2776842579108223,0.1282266080379486
19,400,2,0.01,63,0.9332728385925293,0.07685251533985138,0.27722286222433273,0.11013863980770111
19,400,2,0.01,64,0.9343973398208618,0.0755573958158493,0.2748770558192322,0.08762207627296448
19,400,2,0.01,65,0.9338193535804749,0.07622307538986206,0.27608526833183633,0.08523831516504288
19,400,2,0.01,66,0.9357613921165466,0.07398638129234314,0.27200437734040817,0.09500651806592941
19,400,2,0.01,67,0.9331207275390625,0.07702769339084625,0.2775386340509124,0.17403072118759155
19,400,2,0.01,68,0.9315141439437866,0.07887807488441467,0.28085240765287145,0.13335594534873962
19,400,2,0.01,69,0.9344114065170288,0.07554122805595398,0.2748476451708364,0.13156116008758545
19,400,2,0.01,70,0.9388203620910645,0.07046318799257278,0.26544903087518096,0.13390102982521057
19,400,2,0.01,71,0.9317586421966553,0.07859652489423752,0.2803507176631398,0.09977666288614273
19,400,2,0.01,72,0.9367505311965942,0.07284709811210632,0.2699020157614728,0.08499465882778168
19,400,2,0.01,73,0.9375848174095154,0.07188623398542404,0.26811608304132756,0.07468168437480927
19,400,2,0.01,74,0.939177393913269,0.07005203515291214,0.2646734500340224,0.08903318643569946
19,400,2,0.01,75,0.9397029280662537,0.06944673508405685,0.2635274844946099,0.0866057500243187
19,400,2,0.01,76,0.93719083070755,0.07234002649784088,0.2689610129699858,0.09535814076662064
19,400,2,0.01,77,0.9375283718109131,0.07195128500461578,0.26823736690591,0.11285406351089478
19,400,2,0.01,78,0.9384169578552246,0.07092781364917755,0.2663227621687218,0.07570765167474747
19,400,2,0.01,79,0.933640718460083,0.0764288678765297,0.276457714445681,0.09468740969896317
19,400,2,0.01,80,0.9405442476272583,0.06847772747278214,0.2616824936307015,0.10076094418764114
19,400,2,0.01,81,0.93462073802948,0.07530011981725693,0.27440867299933674,0.10275135189294815
19,400,2,0.01,82,0.9414026737213135,0.06748906522989273,0.2597865763081163,0.14521685242652893
19,400,2,0.01,83,0.9413143396377563,0.06759081780910492,0.2599823413409167,0.10271738469600677
19,400,2,0.01,84,0.9409827589988708,0.06797268241643906,0.2607157118710705,0.09455860406160355
19,400,2,0.01,85,0.940865159034729,0.06810811907052994,0.26097532272329876,0.09811767190694809
19,400,2,0.01,86,0.9341913461685181,0.07579465955495834,0.27530829910294813,0.11370895057916641
19,400,2,0.01,87,0.9271461963653564,0.08390887081623077,0.28967027948381374,0.09364816546440125
19,400,2,0.01,88,0.9316271543502808,0.0787479504942894,0.2806206522946759,0.08834788203239441
19,400,2,0.01,89,0.9389238357543945,0.07034400850534439,0.26522444929784356,0.15999425947666168
19,400,2,0.01,90,0.9292182922363281,0.08152230083942413,0.2855211040175912,0.08198505640029907
19,400,2,0.01,91,0.928412675857544,0.08245021104812622,0.2871414478060007,0.12786707282066345
19,400,2,0.01,92,0.9260217547416687,0.08520395308732986,0.29189716183500286,0.1040249913930893
19,400,2,0.01,93,0.9285810589790344,0.08225627988576889,0.2868035562641595,0.1082293689250946
19,400,2,0.01,94,0.9401650428771973,0.06891452521085739,0.26251576183318476,0.08659619092941284
19,400,2,0.01,95,0.9368826150894165,0.07269503176212311,0.2696201620096745,0.09078766405582428
19,400,2,0.01,96,0.9295541644096375,0.08113550394773483,0.2848429461084386,0.09750088304281235
19,400,2,0.01,97,0.928621232509613,0.0822100043296814,0.28672287025921284,0.11584565788507462
19,400,2,0.01,98,0.9309072494506836,0.07957709580659866,0.2820941257924359,0.09518453478813171
19,400,2,0.01,99,0.9356241226196289,0.07414449751377106,0.27229487236040834,0.06556428968906403
19,400,2,0.01,100,0.9286260008811951,0.08220452070236206,0.2867133075083228,0.11679676920175552
20,400,2,0.01,1,0.916930079460144,0.09567523747682571,0.3093141404411148,0.402614027261734
20,400,2,0.01,2,0.917555570602417,0.09495482593774796,0.30814740942890945,0.3100021481513977
20,400,2,0.01,3,0.9217406511306763,0.09013468772172928,0.30022439561389624,0.2474074363708496
20,400,2,0.01,4,0.9238073825836182,0.08775433897972107,0.2962335885407343,0.20493744313716888
20,400,2,0.01,5,0.9134097099304199,0.0997297614812851,0.3158001923388982,0.38760507106781006
20,400,2,0.01,6,0.9235329031944275,0.08807042986154556,0.29676662524877284,0.17771001160144806
20,400,2,0.01,7,0.9228534698486328,0.08885297179222107,0.29808215611173555,0.16333000361919403
20,400,2,0.01,8,0.923497200012207,0.0881115272641182,0.2968358591277647,0.15923886001110077
20,400,2,0.01,9,0.9251519441604614,0.08620569854974747,0.2936080696264111,0.14421813189983368
20,400,2,0.01,10,0.9241728186607361,0.08733344823122025,0.295522331188728,0.13565610349178314
20,400,2,0.01,11,0.922539472579956,0.08921465277671814,0.29868822001665574,0.16281916201114655
20,400,2,0.01,12,0.9263675212860107,0.08480565249919891,0.29121410079046467,0.12292703986167908
20,400,2,0.01,13,0.9251226186752319,0.08623949438333511,0.2936656166174976,0.23455935716629028
20,400,2,0.01,14,0.9258177280426025,0.08543891459703445,0.29229935784574423,0.16562305390834808
20,400,2,0.01,15,0.9271777868270874,0.08387250453233719,0.28960750082195247,0.1206425130367279
20,400,2,0.01,16,0.9263321757316589,0.08484639972448349,0.2912840533302218,0.13930150866508484
20,400,2,0.01,17,0.9247267246246338,0.08669544011354446,0.29444089409174207,0.1303969919681549
20,400,2,0.01,18,0.9250710010528564,0.08629897981882095,0.2937668800576759,0.1999140977859497
20,400,2,0.01,19,0.9242569208145142,0.08723659068346024,0.2953584105514184,0.1820143610239029
20,400,2,0.01,20,0.9285931587219238,0.08224236220121384,0.2867792917928591,0.15402349829673767
20,400,2,0.01,21,0.9265636801719666,0.08457973599433899,0.2908259548154858,0.1516159474849701
20,400,2,0.01,22,0.9279806017875671,0.08294782042503357,0.28800663260597587,0.21912917494773865
20,400,2,0.01,23,0.9233977794647217,0.08822604268789291,0.297028690008041,0.1788066029548645
20,400,2,0.01,24,0.9277838468551636,0.0831744372844696,0.288399787247615,0.14490962028503418
20,400,2,0.01,25,0.9268046617507935,0.08430223912000656,0.2903484787630315,0.09929575026035309
20,400,2,0.01,26,0.9255082011222839,0.08579543232917786,0.2929085733282279,0.1408035159111023
20,400,2,0.01,27,0.9279083013534546,0.08303109556436539,0.2881511679038719,0.16460098326206207
20,400,2,0.01,28,0.9288508296012878,0.08194553107023239,0.2862612985896494,0.1447385549545288
20,400,2,0.01,29,0.9263858795166016,0.08478453010320663,0.2911778324378534,0.11583370715379715
20,400,2,0.01,30,0.9273259043693542,0.08370190858840942,0.28931282133429453,0.12109215557575226
20,400,2,0.01,31,0.9283249378204346,0.08255121111869812,0.2873172656118983,0.1041782945394516
20,400,2,0.01,32,0.9282618761062622,0.08262384682893753,0.2874436411349841,0.17260004580020905
20,400,2,0.01,33,0.9282952547073364,0.08258543163537979,0.2873768112346224,0.13390786945819855
20,400,2,0.01,34,0.9292122721672058,0.08152925968170166,0.2855332899710674,0.1247367337346077
20,400,2,0.01,35,0.9280565977096558,0.0828603059053421,0.2878546610797576,0.11240830272436142
20,400,2,0.01,36,0.9255511164665222,0.08574598282575607,0.2928241500043261,0.11112351715564728
20,400,2,0.01,37,0.9270145893096924,0.08406046032905579,0.28993182013890056,0.08897312730550766
20,400,2,0.01,38,0.929939329624176,0.08069191128015518,0.2840632170488731,0.15366527438163757
20,400,2,0.01,39,0.9297319650650024,0.08093074709177017,0.28448329844082265,0.0741131603717804
20,400,2,0.01,40,0.9294493198394775,0.08125624805688858,0.2850548158808908,0.08726676553487778
20,400,2,0.01,41,0.9281986951828003,0.08269663900136948,0.28757023316290836,0.08692079782485962
20,400,2,0.01,42,0.929278552532196,0.08145292848348618,0.2853995943996525,0.19877444207668304
20,400,2,0.01,43,0.9293117523193359,0.08141472190618515,0.2853326513145405,0.16091428697109222
20,400,2,0.01,44,0.9259082674980164,0.08533459901809692,0.29212086371585466,0.09680740535259247
20,400,2,0.01,45,0.9272174835205078,0.08382672816514969,0.28952845829926577,0.10018724203109741
20,400,2,0.01,46,0.9286502003669739,0.08217663317918777,0.28666467026682546,0.09942230582237244
20,400,2,0.01,47,0.9306549429893494,0.07986767590045929,0.2826086974961303,0.10662546008825302
20,400,2,0.01,48,0.9306331872940063,0.07989275455474854,0.2826530639401394,0.10172025859355927
20,400,2,0.01,49,0.9277698993682861,0.08319053798913956,0.28842769976051114,0.07259710878133774
20,400,2,0.01,50,0.9279797673225403,0.08294878900051117,0.2880083141169907,0.0975123718380928
20,400,2,0.01,51,0.9295299649238586,0.08116336911916733,0.284891855129569,0.08436289429664612
20,400,2,0.01,52,0.9267125725746155,0.08440829813480377,0.29053106225463016,0.12133874744176865
20,400,2,0.01,53,0.928005039691925,0.08291967213153839,0.2879577610198037,0.13839049637317657
20,400,2,0.01,54,0.9282286167144775,0.08266215026378632,0.28751026114520906,0.09599462151527405
20,400,2,0.01,55,0.9271700978279114,0.08388133347034454,0.28962274335822547,0.1579151451587677
20,400,2,0.01,56,0.9285233020782471,0.08232278376817703,0.28691947261936934,0.09632375836372375
20,400,2,0.01,57,0.9282476902008057,0.08264020830392838,0.2874721000443841,0.09168115258216858
20,400,2,0.01,58,0.9221703410148621,0.08963977545499802,0.29939902380435046,0.15597505867481232
20,400,2,0.01,59,0.9290055632591248,0.08176734298467636,0.2859498959340191,0.08643139153718948
20,400,2,0.01,60,0.9301262497901917,0.08047659695148468,0.28368397373042537,0.12153396755456924
20,400,2,0.01,61,0.929435670375824,0.0812719538807869,0.28508236332819137,0.15172266960144043
20,400,2,0.01,62,0.9316028356552124,0.07877591997385025,0.28067048290450897,0.09484794735908508
20,400,2,0.01,63,0.9303750395774841,0.08019007742404938,0.28317852571134233,0.12573710083961487
20,400,2,0.01,64,0.9297242164611816,0.0809396281838417,0.2844989071751273,0.10645894706249237
20,400,2,0.01,65,0.930130660533905,0.08047153055667877,0.2836750439440854,0.10348184406757355
20,400,2,0.01,66,0.9289032816886902,0.08188515901565552,0.28615582995224037,0.08434884995222092
20,400,2,0.01,67,0.9294468760490417,0.08125905692577362,0.2850597427308416,0.1318993866443634
20,400,2,0.01,68,0.9312027096748352,0.07923677563667297,0.28149027627375156,0.12686005234718323
20,400,2,0.01,69,0.9292746782302856,0.08145741373300552,0.2854074521329209,0.09638717025518417
20,400,2,0.01,70,0.9319829940795898,0.0783381313085556,0.27988949838919575,0.10453716665506363
20,400,2,0.01,71,0.9318829774856567,0.07845328003168106,0.28009512675461,0.09448239952325821
20,400,2,0.01,72,0.932877779006958,0.07730752229690552,0.27804230307078365,0.09004675596952438
20,400,2,0.01,73,0.9340006113052368,0.07601432502269745,0.2757069549770144,0.07939743250608444
20,400,2,0.01,74,0.9324061870574951,0.07785066217184067,0.2790173151828407,0.12767215073108673
20,400,2,0.01,75,0.9355647563934326,0.07421283423900604,0.2724203264057329,0.08263061195611954
20,400,2,0.01,76,0.9364428520202637,0.07320147007703781,0.2705577019362742,0.13694222271442413
20,400,2,0.01,77,0.9337098002433777,0.07634925097227097,0.2763136822024399,0.0924203097820282
20,400,2,0.01,78,0.9378150701522827,0.07162102311849594,0.2676210438633254,0.10348707437515259
20,400,2,0.01,79,0.939301073551178,0.06990956515073776,0.26440417007062833,0.06992452591657639
20,400,2,0.01,80,0.9422393441200256,0.0665254071354866,0.2579251967828785,0.10290579497814178
20,400,2,0.01,81,0.941582977771759,0.06728140264749527,0.25938658918204555,0.08636131882667542
20,400,2,0.01,82,0.9431054592132568,0.06552790105342865,0.25598418125624217,0.10285340249538422
20,400,2,0.01,83,0.9353906512260437,0.07441337406635284,0.27278814869116447,0.09679847210645676
20,400,2,0.01,84,0.9332866072654724,0.07683667540550232,0.277194291798194,0.15313073992729187
20,400,2,0.01,85,0.9359120726585388,0.0738128274679184,0.27168516239927126,0.3458523750305176
20,400,2,0.01,86,0.9405772686004639,0.06843970715999603,0.26160983765905294,0.08113149553537369
20,400,2,0.01,87,0.9400836825370789,0.06900816410779953,0.26269405038523336,0.07308585941791534
20,400,2,0.01,88,0.9413973689079285,0.06749514490365982,0.2597982773300466,0.09238817542791367
20,400,2,0.01,89,0.9385875463485718,0.07073134928941727,0.2659536600414013,0.11893196403980255
20,400,2,0.01,90,0.9385520219802856,0.07077226042747498,0.26603056295748234,0.10457290709018707
20,400,2,0.01,91,0.9307313561439514,0.07977966219186783,0.28245293801245513,0.11437932401895523
20,400,2,0.01,92,0.9340084791183472,0.07600525766611099,0.2756905106566256,0.07742001861333847
20,400,2,0.01,93,0.9392988681793213,0.06991209834814072,0.2644089604157558,0.08439778536558151
20,400,2,0.01,94,0.9296862483024597,0.08098337054252625,0.28457577293671055,0.11563146114349365
20,400,2,0.01,95,0.9452748894691467,0.06302924454212189,0.25105625772348694,0.08730371296405792
20,400,2,0.01,96,0.9477395415306091,0.060190632939338684,0.24533779354053603,0.07043077051639557
20,400,2,0.01,97,0.9321346282958984,0.07816343754529953,0.2795772479035079,0.10461356490850449
20,400,2,0.01,98,0.9320718050003052,0.07823581993579865,0.2797066676641775,0.07133053988218307
20,400,2,0.01,99,0.9356357455253601,0.074131079018116,0.27227023160477165,0.13347133994102478
20,400,2,0.01,100,0.9361721277236938,0.07351328432559967,0.27113333311417037,0.09278363734483719
21,400,2,0.01,1,0.8970109820365906,0.11861687898635864,0.34440801237247465,0.7186572551727295
21,400,2,0.01,2,0.9203671216964722,0.09171663969755173,0.3028475519094578,0.3938506245613098
21,400,2,0.01,3,0.9246845245361328,0.08674407750368118,0.2945234753015134,0.2467443346977234
21,400,2,0.01,4,0.9241333603858948,0.08737888932228088,0.29559920385934885,0.2623215913772583
21,400,2,0.01,5,0.9231725931167603,0.0884854644536972,0.29746506425746405,0.3609636127948761
21,400,2,0.01,6,0.9254046678543091,0.08591467887163162,0.29311205855718664,0.2745247185230255
21,400,2,0.01,7,0.9277939200401306,0.0831628367304802,0.2883796746140064,0.204088494181633
21,400,2,0.01,8,0.9278078079223633,0.08314687013626099,0.28835198999878775,0.17914585769176483
21,400,2,0.01,9,0.9296562075614929,0.08101800084114075,0.28463661191269957,0.19652239978313446
21,400,2,0.01,10,0.9288277626037598,0.08197212964296341,0.2863077533755651,0.17568686604499817
21,400,2,0.01,11,0.9274294376373291,0.08358262479305267,0.2891065976297543,0.2866535484790802
21,400,2,0.01,12,0.9303131699562073,0.08026133477687836,0.28330431478690604,0.15861403942108154
21,400,2,0.01,13,0.9317749738693237,0.0785776749253273,0.2803170970977819,0.18779440224170685
21,400,2,0.01,14,0.9314712285995483,0.07892752438783646,0.28094042853928386,0.18590886890888214
21,400,2,0.01,15,0.927566409111023,0.0834248811006546,0.2888336564541165,0.20979581773281097
21,400,2,0.01,16,0.9307473301887512,0.07976125180721283,0.2824203459512307,0.18738555908203125
21,400,2,0.01,17,0.9276755452156067,0.08329920470714569,0.288616016026737,0.2448527067899704
21,400,2,0.01,18,0.9328785538673401,0.07730665057897568,0.27804073546690183,0.1742870956659317
21,400,2,0.01,19,0.9343675374984741,0.07559174299240112,0.2749395260641895,0.13572575151920319
21,400,2,0.01,20,0.9309521913528442,0.07952532172203064,0.2820023434690404,0.3028518557548523
21,400,2,0.01,21,0.9360355138778687,0.07367067784070969,0.2714234290563541,0.1616354137659073
21,400,2,0.01,22,0.9304805994033813,0.08006851375102997,0.28296380289893963,0.19205722212791443
21,400,2,0.01,23,0.9334015846252441,0.07670425623655319,0.27695533256565613,0.11616348475217819
21,400,2,0.01,24,0.9376804828643799,0.07177606225013733,0.26791054897136346,0.1349446177482605
21,400,2,0.01,25,0.9381077289581299,0.07128395885229111,0.2669905594815875,0.11295504122972488
21,400,2,0.01,26,0.9364778399467468,0.07316119223833084,0.27048325685397023,0.12711185216903687
21,400,2,0.01,27,0.9333812594413757,0.07672767341136932,0.2769976054253345,0.11156344413757324
21,400,2,0.01,28,0.9364271759986877,0.07321957498788834,0.2705911583697596,0.1370631754398346
21,400,2,0.01,29,0.9392030239105225,0.07002245634794235,0.2646175662119625,0.17394939064979553
21,400,2,0.01,30,0.9404460787773132,0.06859083473682404,0.261898519921026,0.10844048112630844
21,400,2,0.01,31,0.9386138916015625,0.0707009956240654,0.26589658821441353,0.14642639458179474
21,400,2,0.01,32,0.941914439201355,0.0668996199965477,0.25864960853739505,0.12859804928302765
21,400,2,0.01,33,0.9370579719543457,0.0724930539727211,0.26924534159892366,0.14033764600753784
21,400,2,0.01,34,0.9419885277748108,0.06681433320045471,0.258484686587919,0.1360705941915512
21,400,2,0.01,35,0.9402561783790588,0.06880951672792435,0.2623156814373177,0.09507539868354797
21,400,2,0.01,36,0.9417362809181213,0.06710484623908997,0.2590460311201273,0.08526260405778885
21,400,2,0.01,37,0.9416260719299316,0.06723175197839737,0.2592908636616365,0.09509440511465073
21,400,2,0.01,38,0.9358780980110168,0.07385194301605225,0.2717571397701489,0.1968023031949997
21,400,2,0.01,39,0.9425894618034363,0.06612218916416168,0.2571423519456911,0.09593860059976578
21,400,2,0.01,40,0.9394505023956299,0.06973741948604584,0.2640784343448852,0.09690962731838226
21,400,2,0.01,41,0.9399936199188232,0.06911192834377289,0.26289147636196364,0.10514615476131439
21,400,2,0.01,42,0.9411501884460449,0.06777988374233246,0.2603457004490999,0.1251322329044342
21,400,2,0.01,43,0.942794680595398,0.06588584929704666,0.25668238992390313,0.10347098112106323
21,400,2,0.01,44,0.9438696503639221,0.06464772671461105,0.2542591723313262,0.09555533528327942
21,400,2,0.01,45,0.9418793320655823,0.06694009900093079,0.2587278473626888,0.08915206789970398
21,400,2,0.01,46,0.9401504397392273,0.06893128901720047,0.26254768903420284,0.14046727120876312
21,400,2,0.01,47,0.9386346340179443,0.07067715376615524,0.2658517514822034,0.14956071972846985
21,400,2,0.01,48,0.9414210319519043,0.06746792048215866,0.2597458767375503,0.11922308802604675
21,400,2,0.01,49,0.9427451491355896,0.06594289094209671,0.25679347916584,0.08101870119571686
21,400,2,0.01,50,0.9434152841567993,0.065171018242836,0.2552861497277829,0.08780968189239502
21,400,2,0.01,51,0.9429147839546204,0.06574748456478119,0.2564127230945867,0.1278955489397049
21,400,2,0.01,52,0.9423928260803223,0.06634867191314697,0.25758235947585184,0.11423985660076141
21,400,2,0.01,53,0.9421034455299377,0.06668195128440857,0.25822848658583075,0.10037117451429367
21,400,2,0.01,54,0.9392186403274536,0.07000453025102615,0.2645836923376536,0.09114465117454529
21,400,2,0.01,55,0.9402936697006226,0.06876635551452637,0.2622333989302781,0.1185855120420456
21,400,2,0.01,56,0.941857099533081,0.06696567684412003,0.2587772726576274,0.11209972202777863
21,400,2,0.01,57,0.9411032795906067,0.06783390790224075,0.2604494344440793,0.15385238826274872
21,400,2,0.01,58,0.9433323740959167,0.06526651233434677,0.2554731146996622,0.15391364693641663
21,400,2,0.01,59,0.941084623336792,0.0678553655743599,0.2604906247340965,0.09444085508584976
21,400,2,0.01,60,0.9401311278343201,0.06895357370376587,0.26259012491669576,0.1462325006723404
21,400,2,0.01,61,0.9413055777549744,0.06760087609291077,0.2600016847886005,0.08907638490200043
21,400,2,0.01,62,0.9410485625267029,0.06789691746234894,0.2605703695018851,0.13043183088302612
21,400,2,0.01,63,0.9371650218963623,0.0723697766661644,0.26901631301124546,0.13352711498737335
21,400,2,0.01,64,0.9378364086151123,0.07159648090600967,0.2675751873885351,0.15440312027931213
21,400,2,0.01,65,0.9307987689971924,0.07970204949378967,0.2823155140862607,0.20299358665943146
21,400,2,0.01,66,0.9385025501251221,0.07082922756671906,0.2661376102070488,0.13636350631713867
21,400,2,0.01,67,0.9363741278648376,0.07328067719936371,0.27070403986524416,0.0977523922920227
21,400,2,0.01,68,0.9386451244354248,0.07066501677036285,0.2658289238784276,0.08396044373512268
21,400,2,0.01,69,0.9366198778152466,0.07299758493900299,0.27018065241427447,0.10377909988164902
21,400,2,0.01,70,0.9380595684051514,0.07133942097425461,0.2670944046105321,0.10204292088747025
21,400,2,0.01,71,0.9358758926391602,0.0738544911146164,0.2717618279203619,0.1025085374712944
21,400,2,0.01,72,0.9371723532676697,0.07236131280660629,0.2690005814242904,0.09212756901979446
21,400,2,0.01,73,0.9344531297683716,0.07549312710762024,0.27476012648785164,0.15354539453983307
21,400,2,0.01,74,0.9387907385826111,0.07049736380577087,0.2655133966596994,0.09733978658914566
21,400,2,0.01,75,0.9390349984169006,0.07021599262952805,0.26498300441637396,0.1316186636686325
21,400,2,0.01,76,0.9379443526268005,0.07147214561700821,0.2673427493256703,0.08859656751155853
21,400,2,0.01,77,0.9360906481742859,0.07360713183879852,0.27130634315990204,0.09491118043661118
21,400,2,0.01,78,0.9367952346801758,0.07279567420482635,0.26980673491376445,0.1493643969297409
21,400,2,0.01,79,0.9379988312721252,0.07140938937664032,0.2672253531696428,0.10208505392074585
21,400,2,0.01,80,0.9391366243362427,0.07009898126125336,0.26476212202891364,0.10487713664770126
21,400,2,0.01,81,0.9373221397399902,0.07218882441520691,0.2686797804361298,0.16260553896427155
21,400,2,0.01,82,0.9325411915779114,0.07769519835710526,0.2787385842632937,0.13827936351299286
21,400,2,0.01,83,0.934311032295227,0.07565679401159286,0.2750578012192944,0.13215352594852448
21,400,2,0.01,84,0.9356358051300049,0.07413099706172943,0.2722700810991348,0.10204531997442245
21,400,2,0.01,85,0.9359402656555176,0.073780357837677,0.2716253998389639,0.0816229060292244
21,400,2,0.01,86,0.932435154914856,0.07781729847192764,0.27895752090941667,0.11835668236017227
21,400,2,0.01,87,0.9339544773101807,0.0760674774646759,0.2758033311341179,0.14356261491775513
21,400,2,0.01,88,0.9327979683876038,0.07739944756031036,0.27820756201137015,0.11610116064548492
21,400,2,0.01,89,0.9357331991195679,0.07401883602142334,0.27206402926778717,0.08083609491586685
21,400,2,0.01,90,0.9343278408050537,0.07563740760087967,0.2750225583490919,0.17533598840236664
21,400,2,0.01,91,0.9334697723388672,0.07662571221590042,0.27681349717074927,0.1643066704273224
21,400,2,0.01,92,0.9341514706611633,0.0758405551314354,0.2753916395452763,0.11747144162654877
21,400,2,0.01,93,0.9328927397727966,0.07729034125804901,0.27801140490643367,0.104823037981987
21,400,2,0.01,94,0.930487871170044,0.08006011694669724,0.28294896526882235,0.15449918806552887
21,400,2,0.01,95,0.9345963597297668,0.07532817125320435,0.2744597807570434,0.14433659613132477
21,400,2,0.01,96,0.9310914278030396,0.07936497032642365,0.28171789138502307,0.10692831128835678
21,400,2,0.01,97,0.9302091002464294,0.08038115501403809,0.2835157050571239,0.1231875941157341
21,400,2,0.01,98,0.9287207126617432,0.08209539204835892,0.2865229345940023,0.13617774844169617
21,400,2,0.01,99,0.931573212146759,0.07881009578704834,0.28073135875254185,0.1048843041062355
21,400,2,0.01,100,0.9380450248718262,0.07135622203350067,0.2671258542962487,0.14761865139007568
22,400,2,0.01,1,0.9216179847717285,0.09027595818042755,0.3004595782803863,0.3685125708580017
22,400,2,0.01,2,0.9304567575454712,0.08009591698646545,0.28301222056028863,0.33689290285110474
22,400,2,0.01,3,0.9268255233764648,0.08427821844816208,0.2903071105711365,0.30021220445632935
22,400,2,0.01,4,0.9258373379707336,0.08541635423898697,0.29226076411141294,0.28072598576545715
22,400,2,0.01,5,0.9225905537605286,0.08915578573942184,0.29858966113953417,0.2861623764038086
22,400,2,0.01,6,0.9264548420906067,0.08470511436462402,0.2910414306668795,0.20419158041477203
22,400,2,0.01,7,0.9234147667884827,0.08820649236440659,0.2969957783612531,0.2175026834011078
22,400,2,0.01,8,0.9226380586624146,0.08910103887319565,0.2984979713049917,0.18268460035324097
22,400,2,0.01,9,0.9253039360046387,0.08603066205978394,0.2933098396913815,0.19555045664310455
22,400,2,0.01,10,0.9211439490318298,0.09082192182540894,0.3013667563375379,0.18183369934558868
22,400,2,0.01,11,0.9250293374061584,0.08634696155786514,0.29384853506162856,0.1772855818271637
22,400,2,0.01,12,0.9243186712265015,0.08716542273759842,0.295237908706857,0.17182126641273499
22,400,2,0.01,13,0.9252578020095825,0.08608382195234299,0.29340044640787954,0.18400201201438904
22,400,2,0.01,14,0.9242926239967346,0.08719547092914581,0.29528879242048084,0.12561728060245514
22,400,2,0.01,15,0.925112247467041,0.08625143021345139,0.29368593805875587,0.1977636069059372
22,400,2,0.01,16,0.9252301454544067,0.08611564338207245,0.29345467006349113,0.1355101317167282
22,400,2,0.01,17,0.9268366694450378,0.08426533639431,0.2902849227815837,0.13543368875980377
22,400,2,0.01,18,0.926867663860321,0.08422963321208954,0.2902234194755646,0.17248789966106415
22,400,2,0.01,19,0.9245383739471436,0.08691243082284927,0.2948091430448677,0.14617052674293518
22,400,2,0.01,20,0.9290800094604492,0.08168163150548935,0.28579998513906424,0.18706154823303223
22,400,2,0.01,21,0.9272329807281494,0.08380889147520065,0.28949765366095914,0.15174607932567596
22,400,2,0.01,22,0.9274410009384155,0.08356930315494537,0.28908355739291947,0.1267995983362198
22,400,2,0.01,23,0.9259806871414185,0.08525119721889496,0.29197807660660924,0.13233114778995514
22,400,2,0.01,24,0.9288943409919739,0.08189546316862106,0.28617383382940703,0.12903408706188202
22,400,2,0.01,25,0.9277290105819702,0.08323761075735092,0.28850929059104996,0.1484544575214386
22,400,2,0.01,26,0.9297479391098022,0.08091229200363159,0.28445086043749557,0.13586190342903137
22,400,2,0.01,27,0.9283850193023682,0.08248205482959747,0.28719689209599303,0.12025696784257889
22,400,2,0.01,28,0.9294731616973877,0.0812288299202919,0.2850067190792033,0.20693114399909973
22,400,2,0.01,29,0.9287466406822205,0.08206553012132645,0.28647081896997195,0.18121446669101715
22,400,2,0.01,30,0.9308385252952576,0.07965622842311859,0.28223435018281984,0.13276222348213196
22,400,2,0.01,31,0.9297944903373718,0.08085870742797852,0.2843566553256289,0.19532841444015503
22,400,2,0.01,32,0.9264041185379028,0.08476351946592331,0.29114175149903065,0.1200479045510292
22,400,2,0.01,33,0.9271236658096313,0.08393480628728867,0.2897150432533469,0.11105930060148239
22,400,2,0.01,34,0.9286596179008484,0.08216577768325806,0.28664573550509703,0.11768202483654022
22,400,2,0.01,35,0.9316103458404541,0.07876729965209961,0.28065512582545077,0.12133945524692535
22,400,2,0.01,36,0.9302495718002319,0.08033455908298492,0.2834335179243713,0.11126601696014404
22,400,2,0.01,37,0.9307132363319397,0.0798005610704422,0.28248993091868285,0.10309645533561707
22,400,2,0.01,38,0.9299728274345398,0.08065330237150192,0.2839952506143402,0.1254158318042755
22,400,2,0.01,39,0.9274147152900696,0.08359958231449127,0.2891359235973477,0.10889965295791626
22,400,2,0.01,40,0.9302994608879089,0.08027707785367966,0.2833320981704679,0.11508994549512863
22,400,2,0.01,41,0.9300708174705505,0.08054044842720032,0.2837964912172106,0.11692748963832855
22,400,2,0.01,42,0.9311753511428833,0.07926832884550095,0.28154631740710256,0.09776764363050461
22,400,2,0.01,43,0.930326521396637,0.0802459642291069,0.2832771862136217,0.09022603183984756
22,400,2,0.01,44,0.9312368035316467,0.07919749617576599,0.28142049707824407,0.09011855721473694
22,400,2,0.01,45,0.929337203502655,0.08138535171747208,0.2852811800968863,0.0948575884103775
22,400,2,0.01,46,0.9280110597610474,0.08291279524564743,0.28794581998293955,0.12253021448850632
22,400,2,0.01,47,0.9317991733551025,0.078549824655056,0.2802674163277922,0.12611542642116547
22,400,2,0.01,48,0.9300435185432434,0.08057186752557755,0.2838518408000511,0.09244894236326218
22,400,2,0.01,49,0.9307081699371338,0.07980634272098541,0.28250016410789114,0.10371876507997513
22,400,2,0.01,50,0.9315199255943298,0.0788714736700058,0.28084065530119706,0.09372784197330475
22,400,2,0.01,51,0.9312765002250671,0.07915179431438446,0.2813392868306601,0.13417695462703705
22,400,2,0.01,52,0.9308428168296814,0.07965130358934402,0.2822256253236832,0.12071578949689865
22,400,2,0.01,53,0.9311147928237915,0.07933805137872696,0.28167011090764843,0.10496840626001358
22,400,2,0.01,54,0.9318950176239014,0.07843939960002899,0.28007034759150956,0.09742796421051025
22,400,2,0.01,55,0.9309080839157104,0.07957611978054047,0.2820923958219017,0.08601964265108109
22,400,2,0.01,56,0.9301333427429199,0.08046841621398926,0.2836695546123857,0.10554076731204987
22,400,2,0.01,57,0.9304860830307007,0.080062136054039,0.2829525332172147,0.12646931409835815
22,400,2,0.01,58,0.9302657842636108,0.08031588047742844,0.2834005654148002,0.09126083552837372
22,400,2,0.01,59,0.9304773807525635,0.08007220923900604,0.28297033278951,0.09389638900756836
22,400,2,0.01,60,0.9286221265792847,0.08220895379781723,0.2867210382895145,0.09118706732988358
22,400,2,0.01,61,0.9289239645004272,0.08186133950948715,0.28611420710878227,0.09097085893154144
22,400,2,0.01,62,0.9312593936920166,0.07917150110006332,0.2813743078180084,0.13958874344825745
22,400,2,0.01,63,0.9294042587280273,0.08130818605422974,0.28514590309914983,0.10778652131557465
22,400,2,0.01,64,0.9308463335037231,0.07964728772640228,0.2822185106019842,0.08947816491127014
22,400,2,0.01,65,0.923707127571106,0.08786977827548981,0.29642836955239255,0.1898055523633957
22,400,2,0.01,66,0.9271217584609985,0.08393696695566177,0.2897187721837537,0.09090512245893478
22,400,2,0.01,67,0.9272688627243042,0.0837675929069519,0.2894263168873071,0.1184615045785904
22,400,2,0.01,68,0.9288368225097656,0.0819617211818695,0.28628957574782476,0.07861805707216263
22,400,2,0.01,69,0.9281421899795532,0.08276169747114182,0.2876833284553379,0.07185906171798706
22,400,2,0.01,70,0.9297146797180176,0.08095062524080276,0.28451823358231854,0.08670306950807571
22,400,2,0.01,71,0.9317271113395691,0.07863279432058334,0.2804153960120295,0.1632482409477234
22,400,2,0.01,72,0.9310023188591003,0.07946756482124329,0.2818999198673942,0.1148165762424469
22,400,2,0.01,73,0.9306643605232239,0.07985686510801315,0.28258957006233115,0.07724215090274811
22,400,2,0.01,74,0.9329538345336914,0.07721991837024689,0.2778847213688563,0.18676483631134033
22,400,2,0.01,75,0.9298503398895264,0.08079434186220169,0.28424345526713835,0.11950705200433731
22,400,2,0.01,76,0.9312264323234558,0.07920949161052704,0.2814418085688888,0.074893057346344
22,400,2,0.01,77,0.9271010160446167,0.08396092802286148,0.2897601215192689,0.10806231945753098
22,400,2,0.01,78,0.9297347664833069,0.08092747628688812,0.2844775497062784,0.09548994898796082
22,400,2,0.01,79,0.9300175309181213,0.08060180395841599,0.2839045684000453,0.13181161880493164
22,400,2,0.01,80,0.9296585321426392,0.08101530373096466,0.28463187406010004,0.11797009408473969
22,400,2,0.01,81,0.9298303723335266,0.08081738650798798,0.2842839891868481,0.13124962151050568
22,400,2,0.01,82,0.930341899394989,0.08022821694612503,0.2832458595392438,0.13463547825813293
22,400,2,0.01,83,0.9289348125457764,0.08184882998466492,0.2860923452045946,0.15199247002601624
22,400,2,0.01,84,0.9284803867340088,0.08237218856811523,0.28700555494295793,0.10564373433589935
22,400,2,0.01,85,0.9225416779518127,0.0892120823264122,0.2986839170869637,0.27328726649284363
22,400,2,0.01,86,0.924797773361206,0.08661361783742905,0.2943019161293875,0.10654468834400177
22,400,2,0.01,87,0.9256221652030945,0.08566415309906006,0.292684391621863,0.13317908346652985
22,400,2,0.01,88,0.9275762438774109,0.08341357111930847,0.2888140770795435,0.07348009198904037
22,400,2,0.01,89,0.9271813035011292,0.08386842906475067,0.28960046454512234,0.09744894504547119
22,400,2,0.01,90,0.9263890385627747,0.08478090912103653,0.29117161455237445,0.11070031672716141
22,400,2,0.01,91,0.924370288848877,0.08710600435733795,0.29513726358651826,0.1650388091802597
22,400,2,0.01,92,0.9263954162597656,0.08477360010147095,0.29115906323085833,0.0764610767364502
22,400,2,0.01,93,0.92603600025177,0.08518747985363007,0.29186894294122845,0.08004331588745117
22,400,2,0.01,94,0.9257345199584961,0.08553478121757507,0.292463298924113,0.08565802127122879
22,400,2,0.01,95,0.9257738590240479,0.0854894295334816,0.2923857546692068,0.0898488312959671
22,400,2,0.01,96,0.9303485751152039,0.0802205502986908,0.2832323256598561,0.08222214877605438
22,400,2,0.01,97,0.9243072867393494,0.08717857301235199,0.2952601785076206,0.08715464174747467
22,400,2,0.01,98,0.9231084585189819,0.08855932205915451,0.2975891833705562,0.11495578289031982
22,400,2,0.01,99,0.9271497130393982,0.08390478789806366,0.28966323187119153,0.09890798479318619
22,400,2,0.01,100,0.924873411655426,0.08652650564908981,0.29415388090094924,0.06079310178756714
23,400,2,0.01,1,0.9072937369346619,0.10677377134561539,0.32676256111374724,0.415194571018219
23,400,2,0.01,2,0.9267292022705078,0.08438915014266968,0.2904981069519553,0.2568897604942322
23,400,2,0.01,3,0.9274987578392029,0.08350277692079544,0.28896847046139035,0.2815872132778168
23,400,2,0.01,4,0.9293885827064514,0.08132617175579071,0.2851774390722217,0.247911736369133
23,400,2,0.01,5,0.9300267696380615,0.08059114962816238,0.28388580385105977,0.2332288920879364
23,400,2,0.01,6,0.9321610927581787,0.0781330093741417,0.27952282442430654,0.20257018506526947
23,400,2,0.01,7,0.9340192079544067,0.0759928971529007,0.27566809237360185,0.2383829802274704
23,400,2,0.01,8,0.9334353804588318,0.07666535675525665,0.2768850966651269,0.22097457945346832
23,400,2,0.01,9,0.9353734254837036,0.07443322986364365,0.2728245404351369,0.19483503699302673
23,400,2,0.01,10,0.9377789497375488,0.07166264206171036,0.26769878980247624,0.1574455350637436
23,400,2,0.01,11,0.9367460608482361,0.0728522539138794,0.2699115668397325,0.1934812366962433
23,400,2,0.01,12,0.9359176158905029,0.07380639761686325,0.2716733288655021,0.17387798428535461
23,400,2,0.01,13,0.9373512864112854,0.07215519994497299,0.268617199644723,0.14633484184741974
23,400,2,0.01,14,0.9380972385406494,0.07129605114459991,0.2670132040641435,0.17230640351772308
23,400,2,0.01,15,0.9370557069778442,0.07249562442302704,0.2692501149916691,0.15697835385799408
23,400,2,0.01,16,0.9385058283805847,0.0708254799246788,0.2661305693164143,0.14197608828544617
23,400,2,0.01,17,0.9354678988456726,0.07432439923286438,0.2726250157870044,0.14161653816699982
23,400,2,0.01,18,0.9377623796463013,0.07168174535036087,0.26773446799088246,0.1755724400281906
23,400,2,0.01,19,0.940185010433197,0.06889151781797409,0.2624719372008636,0.13614565134048462
23,400,2,0.01,20,0.9374695420265198,0.07201898843050003,0.2683635378185718,0.1766752153635025
23,400,2,0.01,21,0.938383936882019,0.07096588611602783,0.26639423063577755,0.15561193227767944
23,400,2,0.01,22,0.9305759072303772,0.07995869219303131,0.2827696804698681,0.19835592806339264
23,400,2,0.01,23,0.9393855929374695,0.06981219351291656,0.2642199718282412,0.1274360716342926
23,400,2,0.01,24,0.9382040500640869,0.07117307186126709,0.2667828177774331,0.14174991846084595
23,400,2,0.01,25,0.9401355385780334,0.06894849240779877,0.26258044940131925,0.11806609481573105
23,400,2,0.01,26,0.9278993606567383,0.08304139226675034,0.2881690341913064,0.25372523069381714
23,400,2,0.01,27,0.9386893510818481,0.07061407715082169,0.26573309381938426,0.13966135680675507
23,400,2,0.01,28,0.9413172006607056,0.0675874873995781,0.25997593619329096,0.1323159635066986
23,400,2,0.01,29,0.9418913722038269,0.06692621111869812,0.2587010071853183,0.13965575397014618
23,400,2,0.01,30,0.9390949010848999,0.07014700025320053,0.2648527897780209,0.14642703533172607
23,400,2,0.01,31,0.9401891827583313,0.06888671219348907,0.262462782492088,0.14544905722141266
23,400,2,0.01,32,0.9431906938552856,0.0654296949505806,0.2557922886847463,0.13191881775856018
23,400,2,0.01,33,0.9413512349128723,0.06754831969738007,0.25990059580035607,0.12262977659702301
23,400,2,0.01,34,0.9412150382995605,0.06770513206720352,0.26020209850653303,0.13900673389434814
23,400,2,0.01,35,0.9420002102851868,0.06680083274841309,0.2584585706615532,0.11621344089508057
23,400,2,0.01,36,0.9414479732513428,0.06743691861629486,0.25968619257922604,0.17491702735424042
23,400,2,0.01,37,0.9390760660171509,0.07016868144273758,0.26489371725795535,0.11366082727909088
23,400,2,0.01,38,0.9362930655479431,0.07337400317192078,0.2708763614122147,0.1904396265745163
23,400,2,0.01,39,0.940436065196991,0.06860235333442688,0.2619205095719441,0.13172662258148193
23,400,2,0.01,40,0.9438161253929138,0.06470941007137299,0.2543804435709887,0.1240994930267334
23,400,2,0.01,41,0.941365122795105,0.06753233820199966,0.25986984858193857,0.13399483263492584
23,400,2,0.01,42,0.9386407732963562,0.07067006826400757,0.26583842510819905,0.16291624307632446
23,400,2,0.01,43,0.9419235587120056,0.06688915193080902,0.25862937174808476,0.1272365152835846
23,400,2,0.01,44,0.9414751529693604,0.0674055889248848,0.2596258633589589,0.12083788216114044
23,400,2,0.01,45,0.9435760378837585,0.06498589366674423,0.2549233093829284,0.12069902569055557
23,400,2,0.01,46,0.9422951936721802,0.06646111607551575,0.257800535444587,0.14425304532051086
23,400,2,0.01,47,0.942341685295105,0.06640752404928207,0.25769657360795867,0.15266771614551544
23,400,2,0.01,48,0.9414452314376831,0.06744003295898438,0.2596921888678679,0.10069111734628677
23,400,2,0.01,49,0.9409923553466797,0.06796161830425262,0.26069449227832303,0.1375604122877121
23,400,2,0.01,50,0.9400783777236938,0.06901433318853378,0.26270579207267925,0.12616293132305145
23,400,2,0.01,51,0.9242190718650818,0.08728012442588806,0.2954320978260285,0.4220082759857178
23,400,2,0.01,52,0.9373553395271301,0.07215052843093872,0.2686085040182807,0.11230648308992386
23,400,2,0.01,53,0.9402786493301392,0.06878361850976944,0.26226631219005125,0.11026613414287567
23,400,2,0.01,54,0.9383275508880615,0.07103081792593002,0.2665160744231575,0.11339715123176575
23,400,2,0.01,55,0.9384748339653015,0.07086116075515747,0.26619759720019537,0.10996630042791367
23,400,2,0.01,56,0.9376308917999268,0.07183319330215454,0.26801715113431557,0.11821366101503372
23,400,2,0.01,57,0.9360150098800659,0.07369424402713776,0.2714668378036952,0.16917240619659424
23,400,2,0.01,58,0.9402763843536377,0.06878624856472015,0.2622713262343411,0.09902982413768768
23,400,2,0.01,59,0.9400014877319336,0.06910284608602524,0.26287420201690626,0.10531792044639587
23,400,2,0.01,60,0.9382632374763489,0.07110486924648285,0.26665496291365526,0.09673747420310974
23,400,2,0.01,61,0.9391919374465942,0.07003522664308548,0.2646416948311159,0.20789776742458344
23,400,2,0.01,62,0.9285289645195007,0.08231627941131592,0.2869081375829482,0.17011897265911102
23,400,2,0.01,63,0.9347757697105408,0.07512153685092926,0.27408308384672203,0.11667345464229584
23,400,2,0.01,64,0.9338563680648804,0.07618049532175064,0.27600814357868253,0.12420155107975006
23,400,2,0.01,65,0.9338998198509216,0.07613043487071991,0.2759174421284742,0.09230626374483109
23,400,2,0.01,66,0.9331966638565063,0.07694031298160553,0.2773811691186075,0.11476701498031616
23,400,2,0.01,67,0.935553789138794,0.07422547787427902,0.272443531533195,0.10289192199707031
23,400,2,0.01,68,0.9334202408790588,0.07668276876211166,0.2769165375381392,0.1159105896949768
23,400,2,0.01,69,0.9352293610572815,0.07459911704063416,0.27312838929820926,0.09770747274160385
23,400,2,0.01,70,0.9336260557174683,0.07644573599100113,0.27648822034763276,0.20695655047893524
23,400,2,0.01,71,0.9292224645614624,0.0815175473690033,0.2855127796947158,0.11220230162143707
23,400,2,0.01,72,0.9331120848655701,0.07703771442174911,0.2775566868618897,0.10428111255168915
23,400,2,0.01,73,0.9349642992019653,0.07490439713001251,0.273686676931875,0.0994277372956276
23,400,2,0.01,74,0.9355929493904114,0.07418037950992584,0.27236075251387787,0.10847505182027817
23,400,2,0.01,75,0.9335060715675354,0.07658389955759048,0.2767379619018513,0.09456613659858704
23,400,2,0.01,76,0.9321534037590027,0.07814183831214905,0.2795386168531086,0.10634151101112366
23,400,2,0.01,77,0.9365983009338379,0.07302245497703552,0.27022667332636785,0.16745921969413757
23,400,2,0.01,78,0.9304090142250061,0.08015094697475433,0.28310942579637705,0.10544377565383911
23,400,2,0.01,79,0.9333116412162781,0.07680782675743103,0.2771422500403557,0.07259545475244522
23,400,2,0.01,80,0.9331142902374268,0.07703512161970139,0.2775520160613167,0.07003841549158096
23,400,2,0.01,81,0.9342566728591919,0.0757194459438324,0.2751716663172871,0.08502368628978729
23,400,2,0.01,82,0.9325044751167297,0.07773751020431519,0.278814472731089,0.09939761459827423
23,400,2,0.01,83,0.9358658194541931,0.0738660991191864,0.27178318402577156,0.1358620822429657
23,400,2,0.01,84,0.9327124953269958,0.0774979218840599,0.2783844857100695,0.08746513724327087
23,400,2,0.01,85,0.9333568811416626,0.07675571739673615,0.2770482221504699,0.08109718561172485
23,400,2,0.01,86,0.9350908398628235,0.07475866377353668,0.2734203060738845,0.06841514259576797
23,400,2,0.01,87,0.932870626449585,0.07731577008962631,0.27805713457781717,0.07579625397920609
23,400,2,0.01,88,0.9314754009246826,0.07892275601625443,0.28093194196505034,0.0958615392446518
23,400,2,0.01,89,0.9334685802459717,0.07662709057331085,0.2768159868456135,0.06887263804674149
23,400,2,0.01,90,0.93385249376297,0.0761849507689476,0.27601621468483983,0.07367949187755585
23,400,2,0.01,91,0.9334235191345215,0.07667896896600723,0.2769096765481612,0.09973589330911636
23,400,2,0.01,92,0.9338337779045105,0.07620646804571152,0.2760551902169411,0.09584497660398483
23,400,2,0.01,93,0.9303229451179504,0.08025003224611282,0.28328436639905286,0.1624554544687271
23,400,2,0.01,94,0.9331542253494263,0.07698913663625717,0.277469163397047,0.0982496440410614
23,400,2,0.01,95,0.9255009889602661,0.08580371737480164,0.2929227157029677,0.17529892921447754
23,400,2,0.01,96,0.9323462247848511,0.07791977375745773,0.2791411359105958,0.11864680796861649
23,400,2,0.01,97,0.9313207268714905,0.07910086214542389,0.28124875492244206,0.07339386641979218
23,400,2,0.01,98,0.9319881796836853,0.07833216339349747,0.27987883698753907,0.09399256110191345
23,400,2,0.01,99,0.9310777187347412,0.07938078045845032,0.2817459502077187,0.08614050596952438
23,400,2,0.01,100,0.9302398562431335,0.08034574240446091,0.28345324553523976,0.07843032479286194
24,400,2,0.01,1,0.9173603057861328,0.09517966955900192,0.3085120249828229,0.44705379009246826
24,400,2,0.01,2,0.9225452542304993,0.0892079547047615,0.29867700732524005,0.284381240606308
24,400,2,0.01,3,0.9246558547019958,0.08677706867456436,0.2945794776873711,0.30305325984954834
24,400,2,0.01,4,0.9240460991859436,0.08747938275337219,0.29576913759446266,0.20396538078784943
24,400,2,0.01,5,0.9204657673835754,0.09160301089286804,0.3026598931025848,0.24727293848991394
24,400,2,0.01,6,0.9227086305618286,0.0890197828412056,0.29836183207844397,0.19473086297512054
24,400,2,0.01,7,0.9208640456199646,0.09114427864551544,0.3019011073936554,0.17902931571006775
24,400,2,0.01,8,0.916772186756134,0.09585702419281006,0.3096078555088841,0.26390501856803894
24,400,2,0.01,9,0.917987048625946,0.09445784986019135,0.30733995812486103,0.1878427416086197
24,400,2,0.01,10,0.9170793294906616,0.09550333768129349,0.3090361430015808,0.169053316116333
24,400,2,0.01,11,0.9149744510650635,0.09792761504650116,0.3129338828674536,0.23129120469093323
24,400,2,0.01,12,0.915735125541687,0.09705144166946411,0.311530803724871,0.14417679607868195
24,400,2,0.01,13,0.918612003326416,0.09373805671930313,0.30616671393099404,0.13083061575889587
24,400,2,0.01,14,0.9166998863220215,0.09594030678272247,0.30974232320224254,0.14351600408554077
24,400,2,0.01,15,0.9168976545333862,0.09571251273155212,0.3093743892625117,0.12935352325439453
24,400,2,0.01,16,0.9156854748725891,0.09710865467786789,0.3116226157997328,0.14861604571342468
24,400,2,0.01,17,0.9196349382400513,0.09255985915660858,0.3042365184467647,0.14030341804027557
24,400,2,0.01,18,0.9171478748321533,0.09542432427406311,0.3089082780924835,0.17622822523117065
24,400,2,0.01,19,0.9186301231384277,0.09371720999479294,0.30613266731074773,0.14468134939670563
24,400,2,0.01,20,0.918899655342102,0.09340674430131912,0.30562516961356295,0.12921908497810364
24,400,2,0.01,21,0.921646237373352,0.090243399143219,0.30040539133514066,0.12451261281967163
24,400,2,0.01,22,0.9197742342948914,0.09239944070577621,0.3039727630985648,0.1322268694639206
24,400,2,0.01,23,0.918036699295044,0.09440068155527115,0.3072469390494739,0.12163245677947998
24,400,2,0.01,24,0.9221502542495728,0.08966289460659027,0.2994376305787071,0.11262253671884537
24,400,2,0.01,25,0.9209741353988647,0.0910174772143364,0.30169102938989817,0.11860256642103195
24,400,2,0.01,26,0.9175447821617126,0.09496723115444183,0.3081675374766814,0.13349807262420654
24,400,2,0.01,27,0.918232262134552,0.09417544305324554,0.3068801770288292,0.20550009608268738
24,400,2,0.01,28,0.9205787777900696,0.0914728119969368,0.3024447255234199,0.14032875001430511
24,400,2,0.01,29,0.9205358028411865,0.09152234345674515,0.30252659958546646,0.15797162055969238
24,400,2,0.01,30,0.9220947623252869,0.08972682803869247,0.2995443673960378,0.1164441779255867
24,400,2,0.01,31,0.9197580814361572,0.09241805970668793,0.30400338765659823,0.10169866681098938
24,400,2,0.01,32,0.922581672668457,0.08916599303483963,0.29860675316348695,0.11070309579372406
24,400,2,0.01,33,0.9233642220497131,0.08826470375061035,0.2970937625575642,0.11674129217863083
24,400,2,0.01,34,0.9228619933128357,0.08884316682815552,0.2980657089102259,0.12018588930368423
24,400,2,0.01,35,0.9234901666641235,0.08811963349580765,0.29684951321470554,0.1485748589038849
24,400,2,0.01,36,0.9219830632209778,0.08985547721385956,0.29975903191373493,0.1411721408367157
24,400,2,0.01,37,0.9257590770721436,0.08550643920898438,0.2924148409520016,0.10942528396844864
24,400,2,0.01,38,0.9195955395698547,0.09260527044534683,0.30431114084986577,0.17396660149097443
24,400,2,0.01,39,0.9252749085426331,0.08606409281492233,0.29336682296217875,0.10176157206296921
24,400,2,0.01,40,0.9233213067054749,0.08831415325403214,0.2971769729538817,0.12900492548942566
24,400,2,0.01,41,0.9250888824462891,0.08627836406230927,0.29373178932881827,0.1328791081905365
24,400,2,0.01,42,0.9249489307403564,0.08643955737352371,0.2940060498927254,0.09811577945947647
24,400,2,0.01,43,0.9244321584701538,0.08703474700450897,0.29501651988407185,0.13845163583755493
24,400,2,0.01,44,0.926399290561676,0.084769107401371,0.2911513479298542,0.10193440318107605
24,400,2,0.01,45,0.9257441759109497,0.08552364259958267,0.2924442555421164,0.07033753395080566
24,400,2,0.01,46,0.9264068603515625,0.08476037532091141,0.2911363517682246,0.11495594680309296
24,400,2,0.01,47,0.9250072240829468,0.08637241274118423,0.29389183850727163,0.32718029618263245
24,400,2,0.01,48,0.9258298873901367,0.08542490750551224,0.29227539668181485,0.10765446722507477
24,400,2,0.01,49,0.9262852668762207,0.08490041643381119,0.2913767602843631,0.08678194880485535
24,400,2,0.01,50,0.9253612756729126,0.08596459776163101,0.29319719944370376,0.10208414494991302
24,400,2,0.01,51,0.9250869750976562,0.08628052473068237,0.2937354672672035,0.11117563396692276
24,400,2,0.01,52,0.9276888370513916,0.0832839086651802,0.2885895158615091,0.09386429935693741
24,400,2,0.01,53,0.9255066514015198,0.08579717576503754,0.292911549388271,0.11475110799074173
24,400,2,0.01,54,0.927100658416748,0.08396128565073013,0.2897607386288386,0.09497357904911041
24,400,2,0.01,55,0.9250468611717224,0.08632677793502808,0.29381418947189747,0.10739848017692566
24,400,2,0.01,56,0.9258080720901489,0.08545004576444626,0.29231839792330255,0.11093071103096008
24,400,2,0.01,57,0.9280771017074585,0.08283672481775284,0.28781369810652313,0.15002843737602234
24,400,2,0.01,58,0.9270164370536804,0.08405830711126328,0.2899281067976392,0.11443467438220978
24,400,2,0.01,59,0.92579185962677,0.08546867221593857,0.29235025605587994,0.1233597919344902
24,400,2,0.01,60,0.9258416295051575,0.08541135489940643,0.29225221111123595,0.14360006153583527
24,400,2,0.01,61,0.9291040301322937,0.08165395259857178,0.2857515574735714,0.11591977626085281
24,400,2,0.01,62,0.9253762364387512,0.08594739437103271,0.29316786039917936,0.13377079367637634
24,400,2,0.01,63,0.9252768754959106,0.08606183528900146,0.29336297532067923,0.1132592037320137
24,400,2,0.01,64,0.9270727038383484,0.08399347960948944,0.28981628596317605,0.1106252446770668
24,400,2,0.01,65,0.9250237941741943,0.0863533541560173,0.29385941222975537,0.10104207694530487
24,400,2,0.01,66,0.9251278042793274,0.08623355627059937,0.2936555061131995,0.100105419754982
24,400,2,0.01,67,0.9262688159942627,0.08491937816143036,0.2914092966283512,0.08616999536752701
24,400,2,0.01,68,0.9281392097473145,0.08276517689228058,0.28768937570282394,0.11066863685846329
24,400,2,0.01,69,0.9295780062675476,0.08110801130533218,0.2847946827195553,0.11542488634586334
24,400,2,0.01,70,0.9259430170059204,0.08529459685087204,0.29205238716859006,0.1658235341310501
24,400,2,0.01,71,0.9289621114730835,0.0818173810839653,0.2860373770750342,0.11877811700105667
24,400,2,0.01,72,0.9303711652755737,0.08019450306892395,0.2831863398346113,0.10089897364377975
24,400,2,0.01,73,0.9298525452613831,0.08079183101654053,0.2842390385160711,0.08671549707651138
24,400,2,0.01,74,0.9292172193527222,0.08152355253696442,0.28552329596193093,0.09757821261882782
24,400,2,0.01,75,0.9321446418762207,0.0781518965959549,0.2795566071405841,0.17734284698963165
24,400,2,0.01,76,0.9303693175315857,0.08019667118787766,0.2831901678870184,0.10418768227100372
24,400,2,0.01,77,0.9309400916099548,0.07953926175832748,0.28202705855702476,0.07428301870822906
24,400,2,0.01,78,0.9319561719894409,0.07836901396512985,0.2799446623265567,0.09657524526119232
24,400,2,0.01,79,0.9330863952636719,0.07706726342439651,0.2776099123309478,0.19417202472686768
24,400,2,0.01,80,0.9304680824279785,0.08008292317390442,0.28298926335446795,0.11165665835142136
24,400,2,0.01,81,0.9328454732894897,0.07734473049640656,0.2781092060619471,0.07641449570655823
24,400,2,0.01,82,0.931836724281311,0.07850660383701324,0.280190299327106,0.08818375319242477
24,400,2,0.01,83,0.9346559643745422,0.07525956630706787,0.27433477050324456,0.09819822013378143
24,400,2,0.01,84,0.9317154884338379,0.0786462277173996,0.28043934766255535,0.1316184103488922
24,400,2,0.01,85,0.9356474876403809,0.07411752641201019,0.2722453423146302,0.14266365766525269
24,400,2,0.01,86,0.9368894100189209,0.07268720120191574,0.26960564015227084,0.12500934302806854
24,400,2,0.01,87,0.936040997505188,0.07366432994604111,0.27141173509272054,0.12485052645206451
24,400,2,0.01,88,0.9389010667800903,0.07037027925252914,0.26527397017523063,0.08231823146343231
24,400,2,0.01,89,0.9405678510665894,0.06845054030418396,0.2616305416119914,0.15356339514255524
24,400,2,0.01,90,0.9389693737030029,0.07029159367084503,0.2651256186618808,0.0885854959487915
24,400,2,0.01,91,0.9432173371315002,0.06539902091026306,0.2557323227718058,0.11655906587839127
24,400,2,0.01,92,0.9417332410812378,0.06710835546255112,0.25905280439043915,0.13649839162826538
24,400,2,0.01,93,0.9431528449058533,0.06547333300113678,0.25587757424427954,0.17235925793647766
24,400,2,0.01,94,0.9427809119224548,0.06590167433023453,0.25671321417144566,0.08339610695838928
24,400,2,0.01,95,0.9424747228622437,0.06625431776046753,0.2573991409474156,0.08843433111906052
24,400,2,0.01,96,0.943693220615387,0.06485094130039215,0.2546584797339216,0.09172356873750687
24,400,2,0.01,97,0.943956732749939,0.06454747170209885,0.2540619446160697,0.10041753947734833
24,400,2,0.01,98,0.9460906982421875,0.06208966299891472,0.24917797454613583,0.10298629850149155
24,400,2,0.01,99,0.9444500803947449,0.06397920846939087,0.25294111660501317,0.12265314906835556
24,400,2,0.01,100,0.9451113343238831,0.06321762502193451,0.25143115364237284,0.11918066442012787
25,400,2,0.01,1,0.9095613956451416,0.10416199266910553,0.32274137117683804,0.44691428542137146
25,400,2,0.01,2,0.9188129901885986,0.09350656718015671,0.3057884353276898,0.276017427444458
25,400,2,0.01,3,0.9201431274414062,0.09197460114955902,0.3032731461068702,0.30683836340904236
25,400,2,0.01,4,0.9194067716598511,0.09282266348600388,0.304668120232498,0.2358737289905548
25,400,2,0.01,5,0.9189048409461975,0.09340076148509979,0.3056153816238636,0.3761610686779022
25,400,2,0.01,6,0.9213553667068481,0.09057839959859848,0.30096245546346556,0.19978605210781097
25,400,2,0.01,7,0.9225682020187378,0.08918149769306183,0.29863271370206884,0.22042523324489594
25,400,2,0.01,8,0.9233616590499878,0.08826766163110733,0.29709874054109914,0.22907723486423492
25,400,2,0.01,9,0.92060387134552,0.09144391864538193,0.3023969554168526,0.17979329824447632
25,400,2,0.01,10,0.9252562522888184,0.08608555793762207,0.29340340478191806,0.1702858805656433
25,400,2,0.01,11,0.9244574904441833,0.08700556308031082,0.29496705422862196,0.18355819582939148
25,400,2,0.01,12,0.9250026941299438,0.08637760579586029,0.29390067335047104,0.21237492561340332
25,400,2,0.01,13,0.9237439036369324,0.08782745152711868,0.2963569663887095,0.19798147678375244
25,400,2,0.01,14,0.925420880317688,0.08589598536491394,0.2930801688359585,0.30903103947639465
25,400,2,0.01,15,0.9227292537689209,0.0889960378408432,0.29832203713578254,0.17885138094425201
25,400,2,0.01,16,0.9257574081420898,0.08550836890935898,0.29241814052715503,0.16420646011829376
25,400,2,0.01,17,0.9271254539489746,0.0839327722787857,0.2897115328715543,0.1316032111644745
25,400,2,0.01,18,0.927234947681427,0.08380664139986038,0.2894937674628944,0.16097599267959595
25,400,2,0.01,19,0.9239893555641174,0.08754471689462662,0.2958795648479743,0.1316012740135193
25,400,2,0.01,20,0.9275331497192383,0.08346320688724518,0.2888999946127469,0.11815398186445236
25,400,2,0.01,21,0.9260479211807251,0.08517380803823471,0.29184552084661963,0.1161731630563736
25,400,2,0.01,22,0.9200661182403564,0.09206327795982361,0.3034193104596733,0.17908935248851776
25,400,2,0.01,23,0.9231882691383362,0.08846738934516907,0.2974346808043223,0.1199934333562851
25,400,2,0.01,24,0.928743839263916,0.08206877112388611,0.28647647569021456,0.12052112072706223
25,400,2,0.01,25,0.9272809028625488,0.08375371992588043,0.2894023495514168,0.10081007331609726
25,400,2,0.01,26,0.9259907007217407,0.0852397084236145,0.29195840187193534,0.13725052773952484
25,400,2,0.01,27,0.9266020059585571,0.0845356434583664,0.2907501392232967,0.10056675970554352
25,400,2,0.01,28,0.927176833152771,0.08387359231710434,0.28960937884865595,0.1145789697766304
25,400,2,0.01,29,0.9277576804161072,0.08320458978414536,0.2884520580341651,0.11802715063095093
25,400,2,0.01,30,0.9244990944862366,0.08695764094591141,0.29488581001111497,0.22035986185073853
25,400,2,0.01,31,0.9268122315406799,0.08429351449012756,0.29033345396307253,0.1315372884273529
25,400,2,0.01,32,0.9247502088546753,0.08666837960481644,0.29439493814401163,0.14959360659122467
25,400,2,0.01,33,0.925014078617096,0.08636452257633209,0.2938784146145002,0.11485470831394196
25,400,2,0.01,34,0.9264472126960754,0.0847139060497284,0.2910565341127534,0.13308890163898468
25,400,2,0.01,35,0.9218668937683105,0.08998925983905792,0.2999820991976987,0.23666557669639587
25,400,2,0.01,36,0.9280105233192444,0.0829133689403534,0.28794681616637713,0.12553389370441437
25,400,2,0.01,37,0.9294398427009583,0.08126716315746307,0.2850739608548334,0.10711941868066788
25,400,2,0.01,38,0.925843358039856,0.08540938049554825,0.2922488331808157,0.10189776867628098
25,400,2,0.01,39,0.927341639995575,0.08368372917175293,0.28928140135818087,0.10198523849248886
25,400,2,0.01,40,0.9273329973220825,0.08369368314743042,0.28929860550550607,0.2404477894306183
25,400,2,0.01,41,0.9271467328071594,0.08390824496746063,0.2896691992039551,0.09778344631195068
25,400,2,0.01,42,0.9299746155738831,0.08065121620893478,0.2839915777077461,0.11966276913881302
25,400,2,0.01,43,0.928505539894104,0.08234322816133499,0.286955097813813,0.09037060290575027
25,400,2,0.01,44,0.9249510765075684,0.08643707633018494,0.29400183048781336,0.10685493052005768
25,400,2,0.01,45,0.9305865168571472,0.07994646579027176,0.28274806063043434,0.09922662377357483
25,400,2,0.01,46,0.9278869032859802,0.0830557718873024,0.28819398308657035,0.11785859614610672
25,400,2,0.01,47,0.9244980216026306,0.0869588851928711,0.29488791971335665,0.10324130952358246
25,400,2,0.01,48,0.9281243085861206,0.08278229832649231,0.2877191309706261,0.09766390174627304
25,400,2,0.01,49,0.9262735247612,0.08491392433643341,0.2913999388065025,0.17410680651664734
25,400,2,0.01,50,0.928559422492981,0.0822812169790268,0.28684702713994925,0.08904802054166794
25,400,2,0.01,51,0.9288010597229004,0.08200287073850632,0.286361433748517,0.09201400727033615
25,400,2,0.01,52,0.9262843728065491,0.08490144461393356,0.29137852462721675,0.10830196738243103
25,400,2,0.01,53,0.9275965094566345,0.08339019864797592,0.28877361141208163,0.08880655467510223
25,400,2,0.01,54,0.9292916655540466,0.08143783360719681,0.28537314801360836,0.09959986060857773
25,400,2,0.01,55,0.9281436204910278,0.08276009559631348,0.28768054434791634,0.12200935184955597
25,400,2,0.01,56,0.9299120903015137,0.08072322607040405,0.2841183311059039,0.10113336890935898
25,400,2,0.01,57,0.927889883518219,0.08305230736732483,0.28818797228080983,0.10066008567810059
25,400,2,0.01,58,0.9264172315597534,0.08474843204021454,0.2911158395556905,0.15203358232975006
25,400,2,0.01,59,0.9260485172271729,0.08517308533191681,0.29184428267813783,0.11276891082525253
25,400,2,0.01,60,0.9261426329612732,0.08506471663713455,0.2916585617415243,0.09314420074224472
25,400,2,0.01,61,0.925642192363739,0.08564110100269318,0.29264500850466113,0.11904354393482208
25,400,2,0.01,62,0.9251120090484619,0.08625169843435287,0.29368639470420294,0.07389528304338455
25,400,2,0.01,63,0.9258898496627808,0.08535583317279816,0.2921572062653909,0.10491077601909637
25,400,2,0.01,64,0.9251483678817749,0.08620981127023697,0.29361507330216713,0.08506453782320023
25,400,2,0.01,65,0.9263418912887573,0.08483520150184631,0.29126483052687,0.1182793453335762
25,400,2,0.01,66,0.9228569269180298,0.0888490080833435,0.2980755073523209,0.1673247069120407
25,400,2,0.01,67,0.9238890409469604,0.08766022324562073,0.29607469200460335,0.09151187539100647
25,400,2,0.01,68,0.9233348369598389,0.08829853683710098,0.2971506971842755,0.19185277819633484
25,400,2,0.01,69,0.9239668250083923,0.0875706672668457,0.2959234145295801,0.11350004374980927
25,400,2,0.01,70,0.9254336953163147,0.08588121831417084,0.2930549749009063,0.09816625714302063
25,400,2,0.01,71,0.9244338274002075,0.08703278750181198,0.2950131988603425,0.09327110648155212
25,400,2,0.01,72,0.9220016598701477,0.089834064245224,0.2997233128157101,0.12373542785644531
25,400,2,0.01,73,0.9259262084960938,0.08531393110752106,0.29208548595834244,0.1232985109090805
25,400,2,0.01,74,0.9221473336219788,0.08966627717018127,0.2994432787193282,0.16571110486984253
25,400,2,0.01,75,0.924607515335083,0.08683277666568756,0.2946740176291211,0.08551900833845139
25,400,2,0.01,76,0.9224249124526978,0.08934655040502548,0.29890893329746016,0.08654700219631195
25,400,2,0.01,77,0.925656795501709,0.08562424778938293,0.29261621245136593,0.1349731981754303
25,400,2,0.01,78,0.9244377613067627,0.08702827244997025,0.295005546473232,0.08792805671691895
25,400,2,0.01,79,0.9250236749649048,0.08635342121124268,0.29385952632379075,0.09356097877025604
25,400,2,0.01,80,0.9161084890365601,0.09662145376205444,0.31083991661634197,0.30496352910995483
25,400,2,0.01,81,0.9209046363830566,0.09109752625226974,0.30182366748197487,0.13364346325397491
25,400,2,0.01,82,0.9252886772155762,0.08604825288057327,0.2933398249139951,0.11047162115573883
25,400,2,0.01,83,0.9254162311553955,0.08590136468410492,0.2930893459068496,0.08659808337688446
25,400,2,0.01,84,0.9258953928947449,0.08534947037696838,0.29214631672668473,0.10503067821264267
25,400,2,0.01,85,0.9265295267105103,0.08461908996105194,0.2908936059129728,0.06960579752922058
25,400,2,0.01,86,0.9243404865264893,0.08714034408330917,0.29519543371012563,0.09133349359035492
25,400,2,0.01,87,0.92500901222229,0.08637037128210068,0.29388836533980156,0.07350388169288635
25,400,2,0.01,88,0.9255743026733398,0.08571924269199371,0.29277848741325535,0.06517186760902405
25,400,2,0.01,89,0.9240751266479492,0.08744595944881439,0.29571262984325575,0.10506782680749893
25,400,2,0.01,90,0.9230036735534668,0.08867994695901871,0.2977917845727425,0.08109594136476517
25,400,2,0.01,91,0.9261732697486877,0.08502939343452454,0.2915979997094022,0.1185426190495491
25,400,2,0.01,92,0.9264588952064514,0.08470047265291214,0.2910334562432851,0.08975742757320404
25,400,2,0.01,93,0.9243812561035156,0.08709336817264557,0.29511585550872316,0.09461284428834915
25,400,2,0.01,94,0.9225962162017822,0.08914922922849655,0.2985786818051425,0.11285040527582169
25,400,2,0.01,95,0.9261533617973328,0.08505233377218246,0.2916373326105258,0.06732197850942612
25,400,2,0.01,96,0.9237741827964783,0.08779256045818329,0.2962980939158794,0.08531253039836884
25,400,2,0.01,97,0.924974799156189,0.0864097848534584,0.29395541303649847,0.08774468302726746
25,400,2,0.01,98,0.9244266152381897,0.08704113960266113,0.2950273539905429,0.0952545553445816
25,400,2,0.01,99,0.9247845411300659,0.08662888407707214,0.2943278513445035,0.07942917943000793
25,400,2,0.01,100,0.9244044423103333,0.08706667274236679,0.2950706233130753,0.0725971907377243
26,400,2,0.01,1,0.915045976638794,0.09784518927335739,0.3128021567594402,0.33518123626708984
26,400,2,0.01,2,0.9207798838615417,0.09124121069908142,0.30206160083513,0.22041764855384827
26,400,2,0.01,3,0.9212157726287842,0.0907391905784607,0.3012294649904964,0.20201967656612396
26,400,2,0.01,4,0.9242608547210693,0.08723202347755432,0.29535067881681654,0.15400901436805725
26,400,2,0.01,5,0.9256618618965149,0.08561841398477554,0.2926062439265019,0.17866623401641846
26,400,2,0.01,6,0.9245983362197876,0.08684337139129639,0.29469199410790986,0.1875283569097519
26,400,2,0.01,7,0.9252211451530457,0.08612601459026337,0.29347234041773573,0.15399804711341858
26,400,2,0.01,8,0.9257537126541138,0.08551265299320221,0.29242546570571143,0.15833298861980438
26,400,2,0.01,9,0.9258461594581604,0.08540615439414978,0.2922433136859589,0.1280662566423416
26,400,2,0.01,10,0.9256805777549744,0.08559689670801163,0.2925694733016615,0.15871940553188324
26,400,2,0.01,11,0.9248856902122498,0.08651239424943924,0.2941298934985005,0.16704152524471283
26,400,2,0.01,12,0.9282565116882324,0.08263006061315536,0.2874544496318597,0.1591324359178543
26,400,2,0.01,13,0.9242235422134399,0.08727502077817917,0.29542346010122345,0.17909036576747894
26,400,2,0.01,14,0.92794269323349,0.08299151808023453,0.2880824848550056,0.13030198216438293
26,400,2,0.01,15,0.9245812892913818,0.08686298877000809,0.29472527677484345,0.1715092658996582
26,400,2,0.01,16,0.9228631854057312,0.08884179592132568,0.2980634092291868,0.1458810269832611
26,400,2,0.01,17,0.9257358312606812,0.08553322404623032,0.29246063674660616,0.10823582112789154
26,400,2,0.01,18,0.9250592589378357,0.08631249517202377,0.2937898826917356,0.11226266622543335
26,400,2,0.01,19,0.9245601892471313,0.08688729256391525,0.29476650515944863,0.16401459276676178
26,400,2,0.01,20,0.9246079325675964,0.08683228492736816,0.29467318325115394,0.12104987353086472
26,400,2,0.01,21,0.9250285029411316,0.08634787797927856,0.293850094400663,0.10213980078697205
26,400,2,0.01,22,0.925693154335022,0.0855824202299118,0.2925447320153139,0.12417961657047272
26,400,2,0.01,23,0.9202115535736084,0.09189575910568237,0.30314313303402135,0.1334362030029297
26,400,2,0.01,24,0.9249891638755798,0.08639319241046906,0.2939271889609212,0.14697492122650146
26,400,2,0.01,25,0.9237289428710938,0.087844617664814,0.2963859269007454,0.15793536603450775
26,400,2,0.01,26,0.9237101078033447,0.08786637336015701,0.29642262626216137,0.11210674047470093
26,400,2,0.01,27,0.9226468205451965,0.0890909805893898,0.29848112266840227,0.1142270639538765
26,400,2,0.01,28,0.9269930124282837,0.08408526331186295,0.2899745908038546,0.13017907738685608
26,400,2,0.01,29,0.9242730140686035,0.08721805363893509,0.2953270282905632,0.13341516256332397
26,400,2,0.01,30,0.9220088720321655,0.08982569724321365,0.2997093546141222,0.1859351396560669
26,400,2,0.01,31,0.9258161187171936,0.08544076234102249,0.2923025185334921,0.10704244673252106
26,400,2,0.01,32,0.9247680902481079,0.08664783090353012,0.29436003618618156,0.1202021911740303
26,400,2,0.01,33,0.9216134548187256,0.09028118848800659,0.3004682819999585,0.14272208511829376
26,400,2,0.01,34,0.9228634238243103,0.08884153515100479,0.29806297178785024,0.1053963154554367
26,400,2,0.01,35,0.923450767993927,0.0881650522351265,0.2969260046461517,0.12425092607736588
26,400,2,0.01,36,0.9200848937034607,0.09204166382551193,0.3033836907704696,0.12217298895120621
26,400,2,0.01,37,0.9237988591194153,0.08776412904262543,0.2962501123082073,0.09123672544956207
26,400,2,0.01,38,0.9247412085533142,0.08667876571416855,0.29441257737088705,0.10574596375226974
26,400,2,0.01,39,0.9259307980537415,0.08530869334936142,0.29207651968167764,0.11534522473812103
26,400,2,0.01,40,0.9237885475158691,0.08777597546577454,0.2962701055890967,0.09053532779216766
26,400,2,0.01,41,0.92580646276474,0.0854518860578537,0.2923215456613722,0.20909327268600464
26,400,2,0.01,42,0.9210275411605835,0.0909559428691864,0.30158902975603474,0.1783469021320343
26,400,2,0.01,43,0.9236538410186768,0.08793113380670547,0.29653184282080985,0.12524348497390747
26,400,2,0.01,44,0.9235319495201111,0.0880715548992157,0.29676852073495885,0.12286930531263351
26,400,2,0.01,45,0.9215762615203857,0.09032395482063293,0.3005394397090554,0.16415753960609436
26,400,2,0.01,46,0.9208851456642151,0.09111994504928589,0.30186080409567234,0.12167023122310638
26,400,2,0.01,47,0.9221948981285095,0.0896114632487297,0.2993517383425887,0.10249988734722137
26,400,2,0.01,48,0.9235101342201233,0.08809666335582733,0.29681082081997506,0.10576651990413666
26,400,2,0.01,49,0.9259669780731201,0.08526704460382462,0.29200521331617457,0.1108500137925148
26,400,2,0.01,50,0.9243472218513489,0.0871325433254242,0.295182220544233,0.1544990986585617
26,400,2,0.01,51,0.923809826374054,0.08775150030851364,0.2962287972303058,0.11221650242805481
26,400,2,0.01,52,0.9254959225654602,0.08580956608057022,0.29293269889271534,0.09618545323610306
26,400,2,0.01,53,0.9241547584533691,0.08735420554876328,0.2955574488128548,0.12069479376077652
26,400,2,0.01,54,0.9260563254356384,0.08516411483287811,0.29182891363413277,0.10643173009157181
26,400,2,0.01,55,0.9243513941764832,0.08712772279977798,0.295174055092547,0.08743905276060104
26,400,2,0.01,56,0.9261464476585388,0.08506031334400177,0.2916510129315545,0.11085691303014755
26,400,2,0.01,57,0.9253561496734619,0.08597054332494736,0.2932073384568459,0.10563340783119202
26,400,2,0.01,58,0.9256314635276794,0.08565343916416168,0.2926660881690287,0.08784306049346924
26,400,2,0.01,59,0.9242068529129028,0.08729420602321625,0.2954559290710143,0.10842087864875793
26,400,2,0.01,60,0.9243795871734619,0.08709526807069778,0.29511907439319773,0.1348230540752411
26,400,2,0.01,61,0.9221405386924744,0.08967407792806625,0.2994563038709759,0.11034850776195526
26,400,2,0.01,62,0.9251968860626221,0.08615396916866302,0.29351996383323403,0.10737460851669312
26,400,2,0.01,63,0.9236119985580444,0.08797936886548996,0.29661316367533314,0.10423872619867325
26,400,2,0.01,64,0.9243173599243164,0.08716696500778198,0.2952405206061356,0.11350199580192566
26,400,2,0.01,65,0.924129843711853,0.0873829573392868,0.29560608474672306,0.10896262526512146
26,400,2,0.01,66,0.9260674715042114,0.08515128493309021,0.29180693092024085,0.10387653857469559
26,400,2,0.01,67,0.9264538288116455,0.08470628410577774,0.29104344023835643,0.08209702372550964
26,400,2,0.01,68,0.9282639622688293,0.08262147754430771,0.2874395198025277,0.13236653804779053
26,400,2,0.01,69,0.9211563467979431,0.09080759435892105,0.3013429845855401,0.1325560063123703
26,400,2,0.01,70,0.9251962304115295,0.08615469187498093,0.2935211949331444,0.10224591195583344
26,400,2,0.01,71,0.9260683655738831,0.08515026420354843,0.29180518193402327,0.10762953013181686
26,400,2,0.01,72,0.9266038537025452,0.08453351259231567,0.29074647477194915,0.105096235871315
26,400,2,0.01,73,0.9240529537200928,0.08747146278619766,0.2957557485260391,0.08334255963563919
26,400,2,0.01,74,0.9229398369789124,0.08875352144241333,0.2979152923943538,0.17267653346061707
26,400,2,0.01,75,0.9240245223045349,0.08750423043966293,0.29581113981671303,0.10170302540063858
26,400,2,0.01,76,0.9227251410484314,0.08900077641010284,0.29832997906697684,0.08891994506120682
26,400,2,0.01,77,0.9268230199813843,0.08428110182285309,0.29031207660525093,0.13483832776546478
26,400,2,0.01,78,0.9267130494117737,0.08440770208835602,0.2905300364650031,0.0929679423570633
26,400,2,0.01,79,0.9280714392662048,0.08284324407577515,0.2878250233662375,0.1209494024515152
26,400,2,0.01,80,0.9272633790969849,0.08377391844987869,0.289437244406933,0.08269539475440979
26,400,2,0.01,81,0.9244369268417358,0.08702921867370605,0.2950071502077637,0.09016717225313187
26,400,2,0.01,82,0.9258897304534912,0.08535600453615189,0.29215749953775255,0.12321968376636505
26,400,2,0.01,83,0.9269685745239258,0.08411344140768051,0.2900231739149141,0.1693892776966095
26,400,2,0.01,84,0.9254236221313477,0.08589283376932144,0.2930747921082969,0.10967180132865906
26,400,2,0.01,85,0.9254488945007324,0.08586374670267105,0.29302516394103606,0.09544993937015533
26,400,2,0.01,86,0.9232923984527588,0.08834744989871979,0.2972329892503855,0.11636661738157272
26,400,2,0.01,87,0.9236327409744263,0.08795541524887085,0.2965727823804316,0.1141551211476326
26,400,2,0.01,88,0.9288749098777771,0.08191779255867004,0.2862128448526901,0.07810306549072266
26,400,2,0.01,89,0.9260179400444031,0.08520829677581787,0.2919046021833467,0.11320200562477112
26,400,2,0.01,90,0.9268265962600708,0.08427694439888,0.29030491624993193,0.0923406183719635
26,400,2,0.01,91,0.9270285367965698,0.08404438942670822,0.2899041038459239,0.11330325901508331
26,400,2,0.01,92,0.9279404878616333,0.0829940065741539,0.2880868038875677,0.08724364638328552
26,400,2,0.01,93,0.9299631714820862,0.08066444844007492,0.28401487362473626,0.10256986320018768
26,400,2,0.01,94,0.9266363382339478,0.08449607342481613,0.29068208308187166,0.1338050812482834
26,400,2,0.01,95,0.9279904961585999,0.08293641358613968,0.28798682884142407,0.093739815056324
26,400,2,0.01,96,0.9235343933105469,0.08806870132684708,0.2967637129550159,0.13872307538986206
26,400,2,0.01,97,0.9296739101409912,0.08099760115146637,0.2846007750366579,0.08271413296461105
26,400,2,0.01,98,0.9272398352622986,0.0838010162115097,0.2894840517394865,0.09836121648550034
26,400,2,0.01,99,0.9315418601036072,0.07884619385004044,0.2807956442860901,0.1058049201965332
26,400,2,0.01,100,0.929616391658783,0.08106383681297302,0.28471711717593134,0.10192746669054031
27,400,2,0.01,1,0.9172439575195312,0.09531368315219879,0.30872914205205637,0.39610689878463745
27,400,2,0.01,2,0.9180467128753662,0.09438909590244293,0.3072280844949611,0.3407400846481323
27,400,2,0.01,3,0.9178819060325623,0.09457895159721375,0.3075369109508869,0.29182159900665283
27,400,2,0.01,4,0.9137904047966003,0.09929127246141434,0.3151051768242063,0.3666612207889557
27,400,2,0.01,5,0.9141994714736938,0.09882016479969025,0.31435674766050475,0.34616342186927795
27,400,2,0.01,6,0.9162342548370361,0.09647663682699203,0.3106068847063633,0.2680990397930145
27,400,2,0.01,7,0.9165661334991455,0.09609439969062805,0.3099909671113467,0.19578944146633148
27,400,2,0.01,8,0.9163015484809875,0.09639909863471985,0.3104820423707623,0.16884911060333252
27,400,2,0.01,9,0.9169476628303528,0.09565496444702148,0.30928136776569887,0.24044491350650787
27,400,2,0.01,10,0.9169743061065674,0.09562428295612335,0.3092317625279191,0.20759667456150055
27,400,2,0.01,11,0.9159795045852661,0.09677000343799591,0.31107877368601655,0.18767833709716797
27,400,2,0.01,12,0.9170077443122864,0.09558575600385666,0.30916946162882364,0.14922097325325012
27,400,2,0.01,13,0.9151041507720947,0.09777817130088806,0.3126950132331631,0.18625925481319427
27,400,2,0.01,14,0.9167107939720154,0.09592777490615845,0.30972209302237136,0.13138771057128906
27,400,2,0.01,15,0.915564775466919,0.0972476527094841,0.3118455590664778,0.23522597551345825
27,400,2,0.01,16,0.9172834157943726,0.09526825696229935,0.30865556363412494,0.18309296667575836
27,400,2,0.01,17,0.918213963508606,0.09419652074575424,0.3069145170006695,0.1707780659198761
27,400,2,0.01,18,0.9169036149978638,0.09570571035146713,0.30936339529987567,0.1860971450805664
27,400,2,0.01,19,0.9194239377975464,0.09280290454626083,0.30463569151736114,0.14023242890834808
27,400,2,0.01,20,0.9194056987762451,0.09282394498586655,0.30467022333314187,0.1368602216243744
27,400,2,0.01,21,0.9201675057411194,0.09194652736186981,0.30322685791642834,0.13789953291416168
27,400,2,0.01,22,0.9204807877540588,0.0915856808423996,0.30263126216965686,0.1290237456560135
27,400,2,0.01,23,0.9208409786224365,0.09117086976766586,0.3019451436398106,0.1364455670118332
27,400,2,0.01,24,0.9192782044410706,0.09297073632478714,0.30491103017894766,0.12341925501823425
27,400,2,0.01,25,0.9210602045059204,0.09091838449239731,0.301526755848295,0.22816045582294464
27,400,2,0.01,26,0.922097384929657,0.08972381800413132,0.2995393429987642,0.10979519784450531
27,400,2,0.01,27,0.9203059673309326,0.09178701043128967,0.30296371140994705,0.11869527399539948
27,400,2,0.01,28,0.9224939346313477,0.08926708996295929,0.29877598625552104,0.11546671390533447
27,400,2,0.01,29,0.9245526194572449,0.08689600974321365,0.29478129137245745,0.161042720079422
27,400,2,0.01,30,0.9238754510879517,0.08767588436603546,0.2961011387449151,0.14660491049289703
27,400,2,0.01,31,0.9200067520141602,0.09213168174028397,0.30353201106355154,0.1266133189201355
27,400,2,0.01,32,0.9206386804580688,0.09140381962060928,0.3023306461816421,0.1129680797457695
27,400,2,0.01,33,0.9216887950897217,0.09019441157579422,0.3003238445008891,0.15124423801898956
27,400,2,0.01,34,0.9255881905555725,0.08570326864719391,0.29275120605591687,0.14123962819576263
27,400,2,0.01,35,0.923490583896637,0.08811919391155243,0.29684877279778743,0.10514192283153534
27,400,2,0.01,36,0.925376832485199,0.0859467014670372,0.2931666786438002,0.08449804782867432
27,400,2,0.01,37,0.925708532333374,0.08556464314460754,0.292514346903887,0.12270325422286987
27,400,2,0.01,38,0.9247926473617554,0.08661950379610062,0.29431191582418237,0.1499270498752594
27,400,2,0.01,39,0.9239833354949951,0.08755163848400116,0.29589126124980636,0.13069623708724976
27,400,2,0.01,40,0.9248006939888,0.08661030232906342,0.2942962832403145,0.10649029165506363
27,400,2,0.01,41,0.9248852133750916,0.08651290088891983,0.29413075474849587,0.09956122934818268
27,400,2,0.01,42,0.9273408055305481,0.08368469774723053,0.2892830754593682,0.1919475495815277
27,400,2,0.01,43,0.9276161193847656,0.08336761593818665,0.28873450770246817,0.12159379571676254
27,400,2,0.01,44,0.9288824200630188,0.0819091647863388,0.28619777215474407,0.11583957076072693
27,400,2,0.01,45,0.927349328994751,0.08367493748664856,0.2892662052273797,0.09656382352113724
27,400,2,0.01,46,0.9251063466072083,0.08625826239585876,0.2936975696117671,0.2303656041622162
27,400,2,0.01,47,0.9270375967025757,0.08403391391038895,0.28988603607346963,0.08650048822164536
27,400,2,0.01,48,0.9238772988319397,0.08767377585172653,0.2960975782604892,0.18357133865356445
27,400,2,0.01,49,0.9255979061126709,0.08569210022687912,0.2927321304996756,0.0786328911781311
27,400,2,0.01,50,0.9261059761047363,0.08510688692331314,0.29173084671202176,0.10471627861261368
27,400,2,0.01,51,0.9259510040283203,0.08528538793325424,0.2920366208769959,0.11271508038043976
27,400,2,0.01,52,0.9227416515350342,0.0889817476272583,0.2982980851887224,0.15445181727409363
27,400,2,0.01,53,0.9240580201148987,0.08746562153100967,0.2957458732273532,0.13691531121730804
27,400,2,0.01,54,0.9266035556793213,0.08453387022018433,0.29074708978798797,0.12161701172590256
27,400,2,0.01,55,0.9282776713371277,0.08260566741228104,0.28741201681954953,0.08367793262004852
27,400,2,0.01,56,0.9263122081756592,0.08486940711736679,0.2913235437059058,0.11814624816179276
27,400,2,0.01,57,0.9259508848190308,0.08528558164834976,0.2920369525391432,0.08793019503355026
27,400,2,0.01,58,0.9268473386764526,0.08425302803516388,0.2902637215277925,0.08500255644321442
27,400,2,0.01,59,0.9286674857139587,0.08215674757957458,0.286629983741364,0.12037841230630875
27,400,2,0.01,60,0.9270772933959961,0.08398821949958801,0.2898072109171682,0.09967651218175888
27,400,2,0.01,61,0.9292380809783936,0.08149953186511993,0.28548122856874486,0.10592318326234818
27,400,2,0.01,62,0.9284120202064514,0.08245092630386353,0.2871426932796019,0.09792529046535492
27,400,2,0.01,63,0.9274584650993347,0.08354917913675308,0.28904874872026876,0.10893738269805908
27,400,2,0.01,64,0.9292833805084229,0.08144740760326385,0.285389922042219,0.08914010971784592
27,400,2,0.01,65,0.9295873641967773,0.08109728991985321,0.28477585908895653,0.12651121616363525
27,400,2,0.01,66,0.929817795753479,0.08083189278841019,0.28430950175541125,0.1489967554807663
27,400,2,0.01,67,0.9268481731414795,0.08425208926200867,0.29026210441945166,0.13072623312473297
27,400,2,0.01,68,0.926784336566925,0.0843256488442421,0.2903887891159748,0.10063715279102325
27,400,2,0.01,69,0.9246768355369568,0.08675291389226913,0.2945384760812569,0.1395270973443985
27,400,2,0.01,70,0.9292513132095337,0.08148431777954102,0.2854545809398424,0.13662031292915344
27,400,2,0.01,71,0.9281458258628845,0.08275754004716873,0.28767610266959737,0.09985833615064621
27,400,2,0.01,72,0.9288039207458496,0.08199959993362427,0.2863557227184822,0.10433278232812881
27,400,2,0.01,73,0.9311088919639587,0.07934484630823135,0.2816821725069433,0.12493228167295456
27,400,2,0.01,74,0.9300698041915894,0.08054164797067642,0.28379860459606987,0.1028217300772667
27,400,2,0.01,75,0.9288418292999268,0.0819559320807457,0.28627946500010387,0.09285371750593185
27,400,2,0.01,76,0.9325029850006104,0.07773924618959427,0.2788175858686002,0.09625792503356934
27,400,2,0.01,77,0.9306417107582092,0.07988294214010239,0.28263570570630736,0.08432166278362274
27,400,2,0.01,78,0.931257426738739,0.07917378842830658,0.281378372353503,0.11113482713699341
27,400,2,0.01,79,0.9343423843383789,0.07562070339918137,0.2749921878875496,0.10909347236156464
27,400,2,0.01,80,0.9344848394393921,0.0754566639661789,0.274693763973955,0.10622090846300125
27,400,2,0.01,81,0.9323880672454834,0.07787157595157623,0.27905479023227003,0.10544732213020325
27,400,2,0.01,82,0.9393168091773987,0.06989145278930664,0.2643699165739299,0.09701471775770187
27,400,2,0.01,83,0.9309961199760437,0.07947472482919693,0.2819126191379111,0.08742339164018631
27,400,2,0.01,84,0.9341537356376648,0.07583798468112946,0.2753869726060575,0.08090543001890182
27,400,2,0.01,85,0.9337809085845947,0.07626739144325256,0.27616551458002964,0.09911755472421646
27,400,2,0.01,86,0.9333010911941528,0.07682003080844879,0.27716426683187134,0.11022239178419113
27,400,2,0.01,87,0.9342918395996094,0.07567894458770752,0.2750980635840745,0.09677446633577347
27,400,2,0.01,88,0.9329595565795898,0.07721339166164398,0.27787297756644846,0.1005592793226242
27,400,2,0.01,89,0.9314337968826294,0.07897064089775085,0.2810171540987327,0.16219843924045563
27,400,2,0.01,90,0.9321089386940002,0.07819303125143051,0.27963016870758156,0.12366124242544174
27,400,2,0.01,91,0.9351205825805664,0.07472442835569382,0.2733576930611133,0.1272621899843216
27,400,2,0.01,92,0.9283661246299744,0.0825037956237793,0.28723473958381024,0.12616519629955292
27,400,2,0.01,93,0.9300996661186218,0.08050721883773804,0.2837379404269687,0.11284863203763962
27,400,2,0.01,94,0.9337033033370972,0.07635674625635147,0.2763272448680214,0.11795370280742645
27,400,2,0.01,95,0.9340723752975464,0.07593165338039398,0.27555698753686864,0.08792390674352646
27,400,2,0.01,96,0.9416172504425049,0.06724192947149277,0.25931048854894545,0.08778354525566101
27,400,2,0.01,97,0.9328588247299194,0.07732938230037689,0.27808161086338823,0.13412682712078094
27,400,2,0.01,98,0.9347269535064697,0.07517779618501663,0.27418569653615527,0.13745298981666565
27,400,2,0.01,99,0.9375115036964417,0.07197070866823196,0.26827357057345763,0.10202424973249435
27,400,2,0.01,100,0.9320661425590515,0.07824231684207916,0.279718281208217,0.09391681849956512
28,400,2,0.01,1,0.9105066061019897,0.10307341068983078,0.32105047997134467,0.3491228222846985
28,400,2,0.01,2,0.9138005375862122,0.09927959740161896,0.3150866506242671,0.4213179349899292
28,400,2,0.01,3,0.9145636558532715,0.09840072691440582,0.3136889014842664,0.24490872025489807
28,400,2,0.01,4,0.9164716601371765,0.09620318561792374,0.3101663837651072,0.2215842753648758
28,400,2,0.01,5,0.9154995679855347,0.09732276946306229,0.31196597484831945,0.19741953909397125
28,400,2,0.01,6,0.9180970788002014,0.09433114528656006,0.30713375797290676,0.2083849459886551
28,400,2,0.01,7,0.9174008369445801,0.0951329916715622,0.30843636567623184,0.19018633663654327
28,400,2,0.01,8,0.9159813523292542,0.09676789492368698,0.31107538463158246,0.15105120837688446
28,400,2,0.01,9,0.9170616269111633,0.09552369266748428,0.3090690742657445,0.1573803722858429
28,400,2,0.01,10,0.9175220131874084,0.09499343484640121,0.30821004987897654,0.1948084831237793
28,400,2,0.01,11,0.9129040837287903,0.10031209886074066,0.31672085321421556,0.15188805758953094
28,400,2,0.01,12,0.9166023135185242,0.09605269879102707,0.30992369833723116,0.19399090111255646
28,400,2,0.01,13,0.9173399209976196,0.09520313143730164,0.308550046892399,0.11821819841861725
28,400,2,0.01,14,0.9169899821281433,0.09560622274875641,0.3092025594149512,0.10970316082239151
28,400,2,0.01,15,0.9173567891120911,0.09518376737833023,0.30851866617488516,0.12195291370153427
28,400,2,0.01,16,0.9142117500305176,0.09880604594945908,0.3143342901267042,0.13653035461902618
28,400,2,0.01,17,0.9120815396308899,0.10125946998596191,0.3182129318333275,0.1723201721906662
28,400,2,0.01,18,0.914842963218689,0.09807902574539185,0.3131757106568002,0.12030753493309021
28,400,2,0.01,19,0.9181932806968689,0.09422034025192261,0.3069533193368702,0.1073126271367073
28,400,2,0.01,20,0.9173110723495483,0.09523642808198929,0.30860399881075634,0.21787221729755402
28,400,2,0.01,21,0.9179392457008362,0.0945129245519638,0.30742954404540207,0.11818670481443405
28,400,2,0.01,22,0.9194320440292358,0.09279357641935349,0.30462038083383963,0.13462556898593903
28,400,2,0.01,23,0.918297290802002,0.09410052746534348,0.3067580927462933,0.13224147260189056
28,400,2,0.01,24,0.9186471700668335,0.09369758516550064,0.30610061281464407,0.12603630125522614
28,400,2,0.01,25,0.9165837168693542,0.09607413411140442,0.30995827801722675,0.17384220659732819
28,400,2,0.01,26,0.9201147556304932,0.09200727939605713,0.3033270172537506,0.10813208669424057
28,400,2,0.01,27,0.9201839566230774,0.09192759543657303,0.3031956388811901,0.1246001347899437
28,400,2,0.01,28,0.9196761846542358,0.09251238405704498,0.3041584850978927,0.12015789747238159
28,400,2,0.01,29,0.9205152988433838,0.091545969247818,0.3025656445266349,0.11594527214765549
28,400,2,0.01,30,0.9212939739227295,0.09064912796020508,0.30107993616347983,0.12454576790332794
28,400,2,0.01,31,0.922136664390564,0.08967853337526321,0.2994637430061663,0.11883201450109482
28,400,2,0.01,32,0.9216338992118835,0.09025761485099792,0.3004290512766665,0.12872010469436646
28,400,2,0.01,33,0.9229521751403809,0.08873928338289261,0.2978913952817245,0.21318529546260834
28,400,2,0.01,34,0.9177711009979248,0.09470659494400024,0.30774436622625645,0.1689232736825943
28,400,2,0.01,35,0.9244095087051392,0.0870608240365982,0.2950607124586366,0.20388545095920563
28,400,2,0.01,36,0.920829176902771,0.09118446707725525,0.3019676589922425,0.1272886097431183
28,400,2,0.01,37,0.9227677583694458,0.08895166963338852,0.29824766492529076,0.10761985182762146
28,400,2,0.01,38,0.922602653503418,0.0891418531537056,0.298566329571346,0.10500189661979675
28,400,2,0.01,39,0.9257724285125732,0.08549108356237411,0.2923885831601058,0.11190560460090637
28,400,2,0.01,40,0.9262255430221558,0.08496920019388199,0.29149476872472685,0.08851183950901031
28,400,2,0.01,41,0.9245558977127075,0.08689218759536743,0.2947748082780607,0.07124630361795425
28,400,2,0.01,42,0.9259940385818481,0.08523585647344589,0.2919518050525564,0.12979821860790253
28,400,2,0.01,43,0.922224223613739,0.08957768976688385,0.2992953219929838,0.15713326632976532
28,400,2,0.01,44,0.925136923789978,0.0862230584025383,0.2936376311076942,0.11441366374492645
28,400,2,0.01,45,0.922155499458313,0.08965682983398438,0.2994275034695116,0.10191129148006439
28,400,2,0.01,46,0.9198638200759888,0.09229631721973419,0.3038030895493563,0.32818934321403503
28,400,2,0.01,47,0.9218632578849792,0.089993417263031,0.29998902857109794,0.13487869501113892
28,400,2,0.01,48,0.9237129092216492,0.08786309510469437,0.29641709651215187,0.08941644430160522
28,400,2,0.01,49,0.9255627393722534,0.0857325941324234,0.2928012877916069,0.13262055814266205
28,400,2,0.01,50,0.9247249364852905,0.086697518825531,0.2944444240014251,0.10465824604034424
28,400,2,0.01,51,0.9266855716705322,0.08443933725357056,0.2905844752452728,0.09155210107564926
28,400,2,0.01,52,0.9258880615234375,0.08535792678594589,0.2921607892684196,0.08073518425226212
28,400,2,0.01,53,0.9256086349487305,0.08567972481250763,0.2927109919570969,0.0924411341547966
28,400,2,0.01,54,0.9258275628089905,0.08542756736278534,0.2922799469049927,0.10307547450065613
28,400,2,0.01,55,0.9251237511634827,0.08623822033405304,0.2936634473918282,0.1382329910993576
28,400,2,0.01,56,0.9252002239227295,0.08615011721849442,0.29351340211052446,0.10594861954450607
28,400,2,0.01,57,0.9232301712036133,0.0884191021323204,0.2973534969229728,0.15209929645061493
28,400,2,0.01,58,0.9259380102157593,0.08530040830373764,0.2920623363320537,0.142641082406044
28,400,2,0.01,59,0.9253924489021301,0.08592874556779861,0.29313605299894213,0.08987294882535934
28,400,2,0.01,60,0.927260160446167,0.08377762138843536,0.28944364112627413,0.10681513696908951
28,400,2,0.01,61,0.9234457015991211,0.0881708636879921,0.29693579051369356,0.15446844696998596
28,400,2,0.01,62,0.9248896837234497,0.08650777488946915,0.29412204080869075,0.10560976713895798
28,400,2,0.01,63,0.9280085563659668,0.08291564881801605,0.2879507749911711,0.09058690816164017
28,400,2,0.01,64,0.926558792591095,0.08458541333675385,0.290835715373394,0.11445558816194534
28,400,2,0.01,65,0.9273651838302612,0.08365661650896072,0.28923453547071576,0.10991768538951874
28,400,2,0.01,66,0.9272566437721252,0.0837816596031189,0.2894506168642915,0.09262090921401978
28,400,2,0.01,67,0.926814079284668,0.08429133147001266,0.29032969443378104,0.11567217111587524
28,400,2,0.01,68,0.9249751567840576,0.08640936017036438,0.2939546906759006,0.11309689283370972
28,400,2,0.01,69,0.9251343011856079,0.08622605353593826,0.2936427311137435,0.09219013899564743
28,400,2,0.01,70,0.9259688854217529,0.08526480197906494,0.2920013732485944,0.08839704841375351
28,400,2,0.01,71,0.9291749596595764,0.08157223463058472,0.28560853388963137,0.17801707983016968
28,400,2,0.01,72,0.926622211933136,0.08451233059167862,0.29071004556375174,0.09417610615491867
28,400,2,0.01,73,0.9220167398452759,0.08981670439243317,0.2996943516191674,0.12801100313663483
28,400,2,0.01,74,0.9262192249298096,0.08497645705938339,0.2915072161360391,0.16731323301792145
28,400,2,0.01,75,0.9261258840560913,0.08508402109146118,0.291691654134055,0.09761762619018555
28,400,2,0.01,76,0.9296679496765137,0.08100447058677673,0.2846128433271709,0.07418429106473923
28,400,2,0.01,77,0.9316973686218262,0.07866711169481277,0.2804765795834169,0.09561650454998016
28,400,2,0.01,78,0.929289698600769,0.08144012093544006,0.2853771555949075,0.09368440508842468
28,400,2,0.01,79,0.9281699657440186,0.0827297642827034,0.2876278225114938,0.17162911593914032
28,400,2,0.01,80,0.9296985864639282,0.0809691771864891,0.2845508340990922,0.13295114040374756
28,400,2,0.01,81,0.9348052740097046,0.0750875398516655,0.27402105731433396,0.10116283595561981
28,400,2,0.01,82,0.9274228811264038,0.08359020203351974,0.2891197019117164,0.10842461884021759
28,400,2,0.01,83,0.9306503534317017,0.07987294346094131,0.282618016872494,0.08764857053756714
28,400,2,0.01,84,0.9309961199760437,0.07947474718093872,0.28191265878094,0.09760767966508865
28,400,2,0.01,85,0.9375549554824829,0.07192067801952362,0.2681803087840784,0.07183346152305603
28,400,2,0.01,86,0.9324645400047302,0.07778351753950119,0.2788969658126477,0.12258441746234894
28,400,2,0.01,87,0.9382638931274414,0.07110412418842316,0.2666535658648186,0.18350322544574738
28,400,2,0.01,88,0.9257019758224487,0.08557222038507462,0.29252729852968357,0.10184036195278168
28,400,2,0.01,89,0.9300254583358765,0.08059266954660416,0.2838884808276027,0.10414692014455795
28,400,2,0.01,90,0.9335548877716064,0.07652772963047028,0.27663645752226923,0.09051281958818436
28,400,2,0.01,91,0.9255304336547852,0.08576981723308563,0.29286484465207774,0.1150359958410263
28,400,2,0.01,92,0.9295592308044434,0.08112965524196625,0.28483267937855417,0.1094275563955307
28,400,2,0.01,93,0.9234870672225952,0.08812323957681656,0.29685558707360815,0.08582374453544617
28,400,2,0.01,94,0.9247377514839172,0.0866827443242073,0.2944193341548875,0.06745404005050659
28,400,2,0.01,95,0.9330636262893677,0.07709349691867828,0.27765715715370687,0.10404282808303833
28,400,2,0.01,96,0.9397773146629333,0.06936106085777283,0.26336488159542615,0.14474248886108398
28,400,2,0.01,97,0.929047167301178,0.08171944320201874,0.28586612811247636,0.10372281074523926
28,400,2,0.01,98,0.9237370491027832,0.08783528208732605,0.2963701774594165,0.06282162666320801
28,400,2,0.01,99,0.9250441789627075,0.0863298550248146,0.29381942588061566,0.08631227165460587
28,400,2,0.01,100,0.9237828254699707,0.08778258413076401,0.29628125848720843,0.11350227147340775
29,400,2,0.01,1,0.9218696355819702,0.08998610824346542,0.2999768461789433,0.3985748291015625
29,400,2,0.01,2,0.9196428060531616,0.09255080670118332,0.30422164075092245,0.4608233869075775
29,400,2,0.01,3,0.9248676300048828,0.08653318136930466,0.2941652280085202,0.34896138310432434
29,400,2,0.01,4,0.9271298050880432,0.08392773568630219,0.2897028403145233,0.33205336332321167
29,400,2,0.01,5,0.9244688749313354,0.08699240535497665,0.294944749665046,0.2814357280731201
29,400,2,0.01,6,0.9233927726745605,0.08823186904191971,0.2970384975755158,0.2980518341064453
29,400,2,0.01,7,0.927142322063446,0.08391329646110535,0.28967791849070124,0.23738884925842285
29,400,2,0.01,8,0.926939070224762,0.08414741605520248,0.29008174029952744,0.22521689534187317
29,400,2,0.01,9,0.9269814491271973,0.08409862965345383,0.28999763732391654,0.20213192701339722
29,400,2,0.01,10,0.9263578653335571,0.08481679856777191,0.29123323740220985,0.2870703935623169
29,400,2,0.01,11,0.9270342588424683,0.08403778076171875,0.2898927056028122,0.20941157639026642
29,400,2,0.01,12,0.9255989193916321,0.085690937936306,0.2927301452469595,0.17905960977077484
29,400,2,0.01,13,0.9274829626083374,0.08352101594209671,0.28900002758148086,0.12815795838832855
29,400,2,0.01,14,0.9274565577507019,0.08355139940977097,0.28905258934970807,0.17608626186847687
29,400,2,0.01,15,0.9218696355819702,0.08998607099056244,0.29997678408597295,0.2230413556098938
29,400,2,0.01,16,0.9264585375785828,0.08470087498426437,0.291034147453979,0.2511238157749176
29,400,2,0.01,17,0.9275527000427246,0.0834406390786171,0.2888609338048624,0.13371135294437408
29,400,2,0.01,18,0.9261640906333923,0.08503997325897217,0.29161614025799765,0.1579064130783081
29,400,2,0.01,19,0.9290248155593872,0.08174513280391693,0.2859110575055063,0.1534399390220642
29,400,2,0.01,20,0.926782488822937,0.08432777971029282,0.290392458080944,0.15867692232131958
29,400,2,0.01,21,0.9267281293869019,0.08439034968614578,0.2905001715767923,0.13951297104358673
29,400,2,0.01,22,0.9276052117347717,0.08338019251823425,0.28875628567744505,0.13873302936553955
29,400,2,0.01,23,0.9284348487854004,0.08242467790842056,0.2870969834540596,0.15167008340358734
29,400,2,0.01,24,0.9255854487419128,0.0857064351439476,0.2927566141762601,0.414787232875824
29,400,2,0.01,25,0.9276335835456848,0.08334752172231674,0.2886997085594593,0.11769106984138489
29,400,2,0.01,26,0.9274517893791199,0.0835568830370903,0.289062074712492,0.15913516283035278
29,400,2,0.01,27,0.9305564761161804,0.07998108863830566,0.28280927961844826,0.14833734929561615
29,400,2,0.01,28,0.9293023347854614,0.08142555505037308,0.28535163404188363,0.13913114368915558
29,400,2,0.01,29,0.9284496307373047,0.08240761607885361,0.2870672675155661,0.13378065824508667
29,400,2,0.01,30,0.9298946857452393,0.08074326813220978,0.28415359954118086,0.1582220494747162
29,400,2,0.01,31,0.9304555654525757,0.08009731769561768,0.28301469519376143,0.13072285056114197
29,400,2,0.01,32,0.9298938512802124,0.08074425160884857,0.28415533007291727,0.12962567806243896
29,400,2,0.01,33,0.9297518134117126,0.08090788125991821,0.2844431072462791,0.11706723272800446
29,400,2,0.01,34,0.9291929006576538,0.08155156672000885,0.28557234936178405,0.10910214483737946
29,400,2,0.01,35,0.9307138919830322,0.0797998234629631,0.2824886253691697,0.1786981076002121
29,400,2,0.01,36,0.9277008771896362,0.08327002078294754,0.2885654532042038,0.14263471961021423
29,400,2,0.01,37,0.9285396337509155,0.082303985953331,0.2868867127514465,0.12711048126220703
29,400,2,0.01,38,0.9313363432884216,0.07908286899328232,0.2812167651355131,0.09636422246694565
29,400,2,0.01,39,0.928534209728241,0.08231022208929062,0.28689758118410585,0.15159277617931366
29,400,2,0.01,40,0.9307942986488342,0.07970719039440155,0.2823246188245041,0.10859182476997375
29,400,2,0.01,41,0.9313178658485413,0.07910415530204773,0.28125460938809116,0.10272388905286789
29,400,2,0.01,42,0.9262022972106934,0.08499596267938614,0.29154067071231443,0.17408454418182373
29,400,2,0.01,43,0.9301838874816895,0.0804101824760437,0.2835668924187796,0.12451066821813583
29,400,2,0.01,44,0.9301661849021912,0.08043058961629868,0.28360287307483095,0.1253655105829239
29,400,2,0.01,45,0.9307581782341003,0.07974879443645477,0.28239829042764186,0.10631078481674194
29,400,2,0.01,46,0.9321597218513489,0.07813458889722824,0.27952564980199623,0.0883987694978714
29,400,2,0.01,47,0.9307101368904114,0.07980412989854813,0.2824962475831283,0.11378542333841324
29,400,2,0.01,48,0.9317992329597473,0.07854976505041122,0.2802673099924628,0.10908161103725433
29,400,2,0.01,49,0.9311771988868713,0.07926619797945023,0.28154253316230965,0.1836743950843811
29,400,2,0.01,50,0.9317262172698975,0.07863388955593109,0.28041734888542663,0.08690702170133591
29,400,2,0.01,51,0.9307501912117004,0.07975797355175018,0.2824145420330727,0.0838853195309639
29,400,2,0.01,52,0.9318082928657532,0.07853931933641434,0.2802486741028659,0.09140751510858536
29,400,2,0.01,53,0.9329313039779663,0.07724593579769135,0.27793153077276306,0.11799699068069458
29,400,2,0.01,54,0.9322311878204346,0.07805222272872925,0.2793782789136071,0.10845451056957245
29,400,2,0.01,55,0.9332631826400757,0.07686368376016617,0.27724300488951237,0.09090740233659744
29,400,2,0.01,56,0.9313389658927917,0.07907987385988235,0.2812114397742068,0.1289391815662384
29,400,2,0.01,57,0.9330561757087708,0.07710208743810654,0.27767262637520923,0.12654151022434235
29,400,2,0.01,58,0.9328984022140503,0.07728377729654312,0.2779995994539257,0.08744558691978455
29,400,2,0.01,59,0.9320343732833862,0.07827893644571304,0.27978373156013386,0.11239337921142578
29,400,2,0.01,60,0.9300453066825867,0.08056983351707458,0.28384825790741536,0.09575287997722626
29,400,2,0.01,61,0.9334293603897095,0.07667229324579239,0.27689762231877757,0.17604149878025055
29,400,2,0.01,62,0.9289494752883911,0.08183193951845169,0.28606282442577485,0.1602320671081543
29,400,2,0.01,63,0.9337882399559021,0.07625890523195267,0.27615014979527475,0.10656821727752686
29,400,2,0.01,64,0.9316175580024719,0.07875898480415344,0.28064031215089796,0.11640265583992004
29,400,2,0.01,65,0.9314383268356323,0.0789654403924942,0.2810079009431838,0.12546050548553467
29,400,2,0.01,66,0.924702525138855,0.08672334253787994,0.2944882723265562,0.1698363870382309
29,400,2,0.01,67,0.9303075075149536,0.08026782423257828,0.28331576770906747,0.0881810337305069
29,400,2,0.01,68,0.9316614866256714,0.07870841771364212,0.2805502053352343,0.10206645727157593
29,400,2,0.01,69,0.9326379299163818,0.07758378982543945,0.2785386684563554,0.13168242573738098
29,400,2,0.01,70,0.9314432740211487,0.07895971089601517,0.28099770621130554,0.09613685309886932
29,400,2,0.01,71,0.9306591749191284,0.07986278086900711,0.28260003692322316,0.08932828158140182
29,400,2,0.01,72,0.930385947227478,0.08017747104167938,0.2831562661176323,0.17812319099903107
29,400,2,0.01,73,0.9311836361885071,0.0792587399482727,0.28152928790495796,0.11078589409589767
29,400,2,0.01,74,0.9308708906173706,0.07961893081665039,0.28216826684914514,0.10717929154634476
29,400,2,0.01,75,0.9328862428665161,0.07729780673980713,0.2780248311568719,0.12580451369285583
29,400,2,0.01,76,0.9309430718421936,0.07953581213951111,0.28202094273211537,0.09644702821969986
29,400,2,0.01,77,0.9290223717689514,0.08174796402454376,0.28591600868881717,0.10968559235334396
29,400,2,0.01,78,0.9253132343292236,0.08601994067430496,0.2932915625692375,0.17339535057544708
29,400,2,0.01,79,0.9315218925476074,0.07886915653944016,0.28083652992344166,0.08717667311429977
29,400,2,0.01,80,0.9291101098060608,0.08164691179990768,0.2857392374174532,0.09910080581903458
29,400,2,0.01,81,0.9283151030540466,0.08256258815526962,0.2873370636643829,0.10622421652078629
29,400,2,0.01,82,0.9311336278915405,0.0793163999915123,0.28163167433992986,0.10520845651626587
29,400,2,0.01,83,0.9283539056777954,0.08251789212226868,0.2872592768254294,0.12142614275217056
29,400,2,0.01,84,0.9272345900535583,0.08380702883005142,0.28949443661329904,0.09305031597614288
29,400,2,0.01,85,0.9288800954818726,0.0819118544459343,0.2862024710688821,0.09040920436382294
29,400,2,0.01,86,0.9291328191757202,0.08162081241607666,0.28569356383383343,0.114825539290905
29,400,2,0.01,87,0.9294475317001343,0.08125832676887512,0.2850584620194165,0.11154674738645554
29,400,2,0.01,88,0.9289589524269104,0.0818210169672966,0.2860437326132083,0.092123843729496
29,400,2,0.01,89,0.9272187948226929,0.08382521569728851,0.2895258463372286,0.08273261040449142
29,400,2,0.01,90,0.9262374639511108,0.08495545387268066,0.29147118875230305,0.0992179587483406
29,400,2,0.01,91,0.9296674728393555,0.08100500702857971,0.28461378573178725,0.11815539747476578
29,400,2,0.01,92,0.9256046414375305,0.08568431437015533,0.2927188315946812,0.10295313596725464
29,400,2,0.01,93,0.9289216995239258,0.0818639025092125,0.286118686053904,0.10228203982114792
29,400,2,0.01,94,0.9292464256286621,0.08148995041847229,0.28546444685542244,0.13646328449249268
29,400,2,0.01,95,0.9295002818107605,0.08119753003120422,0.2849518029969353,0.09396529197692871
29,400,2,0.01,96,0.9284107089042664,0.0824524387717247,0.28714532691953165,0.08087237924337387
29,400,2,0.01,97,0.9269030094146729,0.08418893814086914,0.29015330110282933,0.07520940154790878
29,400,2,0.01,98,0.9316452741622925,0.07872704416513443,0.28058339966066137,0.10579638928174973
29,400,2,0.01,99,0.9267100691795349,0.08441118150949478,0.2905360244608141,0.11038906127214432
29,400,2,0.01,100,0.9283120036125183,0.08256617188453674,0.2873432997035719,0.07805387675762177
